{
"type": "corpus",
"project": "dcclt",
  "source": "http://oracc.org/dcclt",
  "license": "This data is released under the CC0 license",
  "license-url": "https://creativecommons.org/publicdomain/zero/1.0/",
  "more-info": "http://oracc.org/doc/opendata/",
  "UTC-timestamp": "2017-05-19T18:29:40",
"members": {
"P010632": "corpusjson/P010632.json","P010633": "corpusjson/P010633.json","P010663": "corpusjson/P010663.json","P010717": "corpusjson/P010717.json","P020560": "corpusjson/P020560.json","P117394": "corpusjson/P117394.json","P117395": "corpusjson/P117395.json","P117396": "corpusjson/P117396.json","P117397": "corpusjson/P117397.json","P117404": "corpusjson/P117404.json","P128345": "corpusjson/P128345.json","P134618": "corpusjson/P134618.json","P142806": "corpusjson/P142806.json","P145550": "corpusjson/P145550.json","P209775": "corpusjson/P209775.json","P209812": "corpusjson/P209812.json","P209815": "corpusjson/P209815.json","P209818": "corpusjson/P209818.json","P209820": "corpusjson/P209820.json","P212382": "corpusjson/P212382.json","P218164": "corpusjson/P218164.json","P222959": "corpusjson/P222959.json","P223393": "corpusjson/P223393.json","P223397": "corpusjson/P223397.json","P223422": "corpusjson/P223422.json","P224937": "corpusjson/P224937.json","P224938": "corpusjson/P224938.json","P224940": "corpusjson/P224940.json","P224980": "corpusjson/P224980.json","P224986": "corpusjson/P224986.json","P224987": "corpusjson/P224987.json","P224988": "corpusjson/P224988.json","P224990": "corpusjson/P224990.json","P224993": "corpusjson/P224993.json","P224994": "corpusjson/P224994.json","P224996": "corpusjson/P224996.json","P225005": "corpusjson/P225005.json","P225006": "corpusjson/P225006.json","P225009": "corpusjson/P225009.json","P225015": "corpusjson/P225015.json","P225020": "corpusjson/P225020.json","P225023": "corpusjson/P225023.json","P225024": "corpusjson/P225024.json","P225025": "corpusjson/P225025.json","P225027": "corpusjson/P225027.json","P225033": "corpusjson/P225033.json","P225042": "corpusjson/P225042.json","P225054": "corpusjson/P225054.json","P225055": "corpusjson/P225055.json","P225059": "corpusjson/P225059.json","P225062": "corpusjson/P225062.json","P225065": "corpusjson/P225065.json","P225070": "corpusjson/P225070.json","P225075": "corpusjson/P225075.json","P225085": "corpusjson/P225085.json","P225086": "corpusjson/P225086.json","P225087": "corpusjson/P225087.json","P225109": "corpusjson/P225109.json","P225111": "corpusjson/P225111.json","P225121": "corpusjson/P225121.json","P225122": "corpusjson/P225122.json","P225123": "corpusjson/P225123.json","P225126": "corpusjson/P225126.json","P225132": "corpusjson/P225132.json","P227629": "corpusjson/P227629.json","P227646": "corpusjson/P227646.json","P227657": "corpusjson/P227657.json","P227673": "corpusjson/P227673.json","P227688": "corpusjson/P227688.json","P227693": "corpusjson/P227693.json","P227718": "corpusjson/P227718.json","P227743": "corpusjson/P227743.json","P227749": "corpusjson/P227749.json","P227750": "corpusjson/P227750.json","P227765": "corpusjson/P227765.json","P227771": "corpusjson/P227771.json","P227791": "corpusjson/P227791.json","P227799": "corpusjson/P227799.json","P227805": "corpusjson/P227805.json","P227852": "corpusjson/P227852.json","P227856": "corpusjson/P227856.json","P227865": "corpusjson/P227865.json","P227869": "corpusjson/P227869.json","P227872": "corpusjson/P227872.json","P227879": "corpusjson/P227879.json","P227909": "corpusjson/P227909.json","P227912": "corpusjson/P227912.json","P227925": "corpusjson/P227925.json","P227927": "corpusjson/P227927.json","P227932": "corpusjson/P227932.json","P227948": "corpusjson/P227948.json","P227958": "corpusjson/P227958.json","P227967": "corpusjson/P227967.json","P227979": "corpusjson/P227979.json","P228005": "corpusjson/P228005.json","P228008": "corpusjson/P228008.json","P228071": "corpusjson/P228071.json","P228072": "corpusjson/P228072.json","P228083": "corpusjson/P228083.json","P228085": "corpusjson/P228085.json","P228096": "corpusjson/P228096.json","P228105": "corpusjson/P228105.json","P228110": "corpusjson/P228110.json","P228129": "corpusjson/P228129.json","P228130": "corpusjson/P228130.json","P228196": "corpusjson/P228196.json","P228200": "corpusjson/P228200.json","P228213": "corpusjson/P228213.json","P228320": "corpusjson/P228320.json","P228359": "corpusjson/P228359.json","P228368": "corpusjson/P228368.json","P228387": "corpusjson/P228387.json","P228482": "corpusjson/P228482.json","P228488": "corpusjson/P228488.json","P228553": "corpusjson/P228553.json","P228562": "corpusjson/P228562.json","P228587": "corpusjson/P228587.json","P228588": "corpusjson/P228588.json","P228596": "corpusjson/P228596.json","P228600": "corpusjson/P228600.json","P228603": "corpusjson/P228603.json","P228608": "corpusjson/P228608.json","P228632": "corpusjson/P228632.json","P228639": "corpusjson/P228639.json","P228663": "corpusjson/P228663.json","P228683": "corpusjson/P228683.json","P228726": "corpusjson/P228726.json","P228738": "corpusjson/P228738.json","P228739": "corpusjson/P228739.json","P228831": "corpusjson/P228831.json","P228879": "corpusjson/P228879.json","P228928": "corpusjson/P228928.json","P228942": "corpusjson/P228942.json","P229015": "corpusjson/P229015.json","P229029": "corpusjson/P229029.json","P229030": "corpusjson/P229030.json","P229031": "corpusjson/P229031.json","P229032": "corpusjson/P229032.json","P229033": "corpusjson/P229033.json","P229034": "corpusjson/P229034.json","P229036": "corpusjson/P229036.json","P229037": "corpusjson/P229037.json","P229038": "corpusjson/P229038.json","P229039": "corpusjson/P229039.json","P229040": "corpusjson/P229040.json","P229042": "corpusjson/P229042.json","P229044": "corpusjson/P229044.json","P229093": "corpusjson/P229093.json","P229101": "corpusjson/P229101.json","P229147": "corpusjson/P229147.json","P229173": "corpusjson/P229173.json","P229277": "corpusjson/P229277.json","P229280": "corpusjson/P229280.json","P229304": "corpusjson/P229304.json","P229332": "corpusjson/P229332.json","P229350": "corpusjson/P229350.json","P229351": "corpusjson/P229351.json","P229352": "corpusjson/P229352.json","P229353": "corpusjson/P229353.json","P229354": "corpusjson/P229354.json","P229356": "corpusjson/P229356.json","P229357": "corpusjson/P229357.json","P229358": "corpusjson/P229358.json","P229359": "corpusjson/P229359.json","P229360": "corpusjson/P229360.json","P229361": "corpusjson/P229361.json","P229362": "corpusjson/P229362.json","P229365": "corpusjson/P229365.json","P229366": "corpusjson/P229366.json","P229367": "corpusjson/P229367.json","P229426": "corpusjson/P229426.json","P229456": "corpusjson/P229456.json","P229547": "corpusjson/P229547.json","P229583": "corpusjson/P229583.json","P229596": "corpusjson/P229596.json","P229598": "corpusjson/P229598.json","P229672": "corpusjson/P229672.json","P229724": "corpusjson/P229724.json","P229743": "corpusjson/P229743.json","P229745": "corpusjson/P229745.json","P229749": "corpusjson/P229749.json","P229750": "corpusjson/P229750.json","P229754": "corpusjson/P229754.json","P229755": "corpusjson/P229755.json","P229756": "corpusjson/P229756.json","P229758": "corpusjson/P229758.json","P229760": "corpusjson/P229760.json","P229763": "corpusjson/P229763.json","P229764": "corpusjson/P229764.json","P229765": "corpusjson/P229765.json","P229766": "corpusjson/P229766.json","P229769": "corpusjson/P229769.json","P229770": "corpusjson/P229770.json","P229780": "corpusjson/P229780.json","P229783": "corpusjson/P229783.json","P229784": "corpusjson/P229784.json","P229792": "corpusjson/P229792.json","P229801": "corpusjson/P229801.json","P229810": "corpusjson/P229810.json","P229878": "corpusjson/P229878.json","P229879": "corpusjson/P229879.json","P229880": "corpusjson/P229880.json","P229890": "corpusjson/P229890.json","P229893": "corpusjson/P229893.json","P229894": "corpusjson/P229894.json","P229897": "corpusjson/P229897.json","P229898": "corpusjson/P229898.json","P229899": "corpusjson/P229899.json","P229901": "corpusjson/P229901.json","P229902": "corpusjson/P229902.json","P229906": "corpusjson/P229906.json","P229912": "corpusjson/P229912.json","P229914": "corpusjson/P229914.json","P229917": "corpusjson/P229917.json","P229919": "corpusjson/P229919.json","P229920": "corpusjson/P229920.json","P229921": "corpusjson/P229921.json","P229925": "corpusjson/P229925.json","P229932": "corpusjson/P229932.json","P229936": "corpusjson/P229936.json","P229942": "corpusjson/P229942.json","P229947": "corpusjson/P229947.json","P229950": "corpusjson/P229950.json","P229951": "corpusjson/P229951.json","P229956": "corpusjson/P229956.json","P229962": "corpusjson/P229962.json","P229965": "corpusjson/P229965.json","P229971": "corpusjson/P229971.json","P229972": "corpusjson/P229972.json","P229974": "corpusjson/P229974.json","P229975": "corpusjson/P229975.json","P229983": "corpusjson/P229983.json","P229989": "corpusjson/P229989.json","P229994": "corpusjson/P229994.json","P230005": "corpusjson/P230005.json","P230066": "corpusjson/P230066.json","P230069": "corpusjson/P230069.json","P230117": "corpusjson/P230117.json","P230143": "corpusjson/P230143.json","P230163": "corpusjson/P230163.json","P230183": "corpusjson/P230183.json","P230204": "corpusjson/P230204.json","P230208": "corpusjson/P230208.json","P230219": "corpusjson/P230219.json","P230230": "corpusjson/P230230.json","P230257": "corpusjson/P230257.json","P230258": "corpusjson/P230258.json","P230278": "corpusjson/P230278.json","P230279": "corpusjson/P230279.json","P230401": "corpusjson/P230401.json","P230530": "corpusjson/P230530.json","P230586": "corpusjson/P230586.json","P230848": "corpusjson/P230848.json","P230849": "corpusjson/P230849.json","P231024": "corpusjson/P231024.json","P231095": "corpusjson/P231095.json","P231128": "corpusjson/P231128.json","P231196": "corpusjson/P231196.json","P231260": "corpusjson/P231260.json","P231424": "corpusjson/P231424.json","P231446": "corpusjson/P231446.json","P231453": "corpusjson/P231453.json","P231456": "corpusjson/P231456.json","P231458": "corpusjson/P231458.json","P231742": "corpusjson/P231742.json","P231746": "corpusjson/P231746.json","P231773": "corpusjson/P231773.json","P231774": "corpusjson/P231774.json","P235255": "corpusjson/P235255.json","P235262": "corpusjson/P235262.json","P235300": "corpusjson/P235300.json","P235651": "corpusjson/P235651.json","P235673": "corpusjson/P235673.json","P235724": "corpusjson/P235724.json","P235798": "corpusjson/P235798.json","P235800": "corpusjson/P235800.json","P237006": "corpusjson/P237006.json","P237064": "corpusjson/P237064.json","P237218": "corpusjson/P237218.json","P237450": "corpusjson/P237450.json","P237531": "corpusjson/P237531.json","P237713": "corpusjson/P237713.json","P237770": "corpusjson/P237770.json","P238140": "corpusjson/P238140.json","P238183": "corpusjson/P238183.json","P238184": "corpusjson/P238184.json","P238312": "corpusjson/P238312.json","P238319": "corpusjson/P238319.json","P238324": "corpusjson/P238324.json","P238325": "corpusjson/P238325.json","P238446": "corpusjson/P238446.json","P238707": "corpusjson/P238707.json","P238708": "corpusjson/P238708.json","P238709": "corpusjson/P238709.json","P238710": "corpusjson/P238710.json","P238711": "corpusjson/P238711.json","P238817": "corpusjson/P238817.json","P239302": "corpusjson/P239302.json","P239552": "corpusjson/P239552.json","P240191": "corpusjson/P240191.json","P240192": "corpusjson/P240192.json","P240198": "corpusjson/P240198.json","P240227": "corpusjson/P240227.json","P241249": "corpusjson/P241249.json","P241347": "corpusjson/P241347.json","P241570": "corpusjson/P241570.json","P241763": "corpusjson/P241763.json","P241765": "corpusjson/P241765.json","P241766": "corpusjson/P241766.json","P241863": "corpusjson/P241863.json","P241878": "corpusjson/P241878.json","P241911": "corpusjson/P241911.json","P241948": "corpusjson/P241948.json","P242176": "corpusjson/P242176.json","P244746": "corpusjson/P244746.json","P245176": "corpusjson/P245176.json","P247493": "corpusjson/P247493.json","P247525": "corpusjson/P247525.json","P247526": "corpusjson/P247526.json","P247533": "corpusjson/P247533.json","P247541": "corpusjson/P247541.json","P247543": "corpusjson/P247543.json","P247545": "corpusjson/P247545.json","P247799": "corpusjson/P247799.json","P247810": "corpusjson/P247810.json","P247828": "corpusjson/P247828.json","P247830": "corpusjson/P247830.json","P247832": "corpusjson/P247832.json","P247833": "corpusjson/P247833.json","P247843": "corpusjson/P247843.json","P247844": "corpusjson/P247844.json","P247845": "corpusjson/P247845.json","P247850": "corpusjson/P247850.json","P247851": "corpusjson/P247851.json","P247852": "corpusjson/P247852.json","P247853": "corpusjson/P247853.json","P247857": "corpusjson/P247857.json","P247859": "corpusjson/P247859.json","P247861": "corpusjson/P247861.json","P247862": "corpusjson/P247862.json","P247863": "corpusjson/P247863.json","P247864": "corpusjson/P247864.json","P248477": "corpusjson/P248477.json","P249314": "corpusjson/P249314.json","P249315": "corpusjson/P249315.json","P249349": "corpusjson/P249349.json","P249356": "corpusjson/P249356.json","P249357": "corpusjson/P249357.json","P249359": "corpusjson/P249359.json","P249373": "corpusjson/P249373.json","P249377": "corpusjson/P249377.json","P249379": "corpusjson/P249379.json","P249381": "corpusjson/P249381.json","P249383": "corpusjson/P249383.json","P249388": "corpusjson/P249388.json","P249794": "corpusjson/P249794.json","P249963": "corpusjson/P249963.json","P250035": "corpusjson/P250035.json","P250103": "corpusjson/P250103.json","P250361": "corpusjson/P250361.json","P250362": "corpusjson/P250362.json","P250363": "corpusjson/P250363.json","P250364": "corpusjson/P250364.json","P250368": "corpusjson/P250368.json","P250369": "corpusjson/P250369.json","P250370": "corpusjson/P250370.json","P250371": "corpusjson/P250371.json","P250373": "corpusjson/P250373.json","P250374": "corpusjson/P250374.json","P250504": "corpusjson/P250504.json","P250736": "corpusjson/P250736.json","P250903": "corpusjson/P250903.json","P251417": "corpusjson/P251417.json","P251429": "corpusjson/P251429.json","P251475": "corpusjson/P251475.json","P251491": "corpusjson/P251491.json","P251494": "corpusjson/P251494.json","P251495": "corpusjson/P251495.json","P251558": "corpusjson/P251558.json","P251559": "corpusjson/P251559.json","P251649": "corpusjson/P251649.json","P251684": "corpusjson/P251684.json","P251686": "corpusjson/P251686.json","P251772": "corpusjson/P251772.json","P251778": "corpusjson/P251778.json","P251788": "corpusjson/P251788.json","P251867": "corpusjson/P251867.json","P251887": "corpusjson/P251887.json","P251888": "corpusjson/P251888.json","P251899": "corpusjson/P251899.json","P251921": "corpusjson/P251921.json","P252036": "corpusjson/P252036.json","P253065": "corpusjson/P253065.json","P253228": "corpusjson/P253228.json","P253229": "corpusjson/P253229.json","P253230": "corpusjson/P253230.json","P253231": "corpusjson/P253231.json","P253232": "corpusjson/P253232.json","P253233": "corpusjson/P253233.json","P253236": "corpusjson/P253236.json","P253237": "corpusjson/P253237.json","P253238": "corpusjson/P253238.json","P253239": "corpusjson/P253239.json","P253242": "corpusjson/P253242.json","P253244": "corpusjson/P253244.json","P253245": "corpusjson/P253245.json","P253246": "corpusjson/P253246.json","P253247": "corpusjson/P253247.json","P253248": "corpusjson/P253248.json","P253250": "corpusjson/P253250.json","P253251": "corpusjson/P253251.json","P253254": "corpusjson/P253254.json","P253256": "corpusjson/P253256.json","P253257": "corpusjson/P253257.json","P253258": "corpusjson/P253258.json","P253631": "corpusjson/P253631.json","P253761": "corpusjson/P253761.json","P253856": "corpusjson/P253856.json","P253859": "corpusjson/P253859.json","P253860": "corpusjson/P253860.json","P253861": "corpusjson/P253861.json","P253862": "corpusjson/P253862.json","P253863": "corpusjson/P253863.json","P253866": "corpusjson/P253866.json","P253874": "corpusjson/P253874.json","P253879": "corpusjson/P253879.json","P253887": "corpusjson/P253887.json","P253890": "corpusjson/P253890.json","P253891": "corpusjson/P253891.json","P253896": "corpusjson/P253896.json","P253899": "corpusjson/P253899.json","P253902": "corpusjson/P253902.json","P253906": "corpusjson/P253906.json","P253909": "corpusjson/P253909.json","P253914": "corpusjson/P253914.json","P253917": "corpusjson/P253917.json","P253919": "corpusjson/P253919.json","P253923": "corpusjson/P253923.json","P253927": "corpusjson/P253927.json","P254044": "corpusjson/P254044.json","P254359": "corpusjson/P254359.json","P254360": "corpusjson/P254360.json","P254706": "corpusjson/P254706.json","P256599": "corpusjson/P256599.json","P256648": "corpusjson/P256648.json","P257551": "corpusjson/P257551.json","P257722": "corpusjson/P257722.json","P257777": "corpusjson/P257777.json","P260819": "corpusjson/P260819.json","P262860": "corpusjson/P262860.json","P263111": "corpusjson/P263111.json","P263622": "corpusjson/P263622.json","P264058": "corpusjson/P264058.json","P264071": "corpusjson/P264071.json","P264163": "corpusjson/P264163.json","P266180": "corpusjson/P266180.json","P267027": "corpusjson/P267027.json","P268680": "corpusjson/P268680.json","P270865": "corpusjson/P270865.json","P271301": "corpusjson/P271301.json","P271312": "corpusjson/P271312.json","P271318": "corpusjson/P271318.json","P271320": "corpusjson/P271320.json","P271322": "corpusjson/P271322.json","P271331": "corpusjson/P271331.json","P271370": "corpusjson/P271370.json","P271379": "corpusjson/P271379.json","P271392": "corpusjson/P271392.json","P271413": "corpusjson/P271413.json","P271457": "corpusjson/P271457.json","P271466": "corpusjson/P271466.json","P271474": "corpusjson/P271474.json","P271481": "corpusjson/P271481.json","P271483": "corpusjson/P271483.json","P271495": "corpusjson/P271495.json","P271514": "corpusjson/P271514.json","P271519": "corpusjson/P271519.json","P271549": "corpusjson/P271549.json","P271571": "corpusjson/P271571.json","P271572": "corpusjson/P271572.json","P271622": "corpusjson/P271622.json","P271632": "corpusjson/P271632.json","P271689": "corpusjson/P271689.json","P271706": "corpusjson/P271706.json","P271714": "corpusjson/P271714.json","P271725": "corpusjson/P271725.json","P271727": "corpusjson/P271727.json","P271728": "corpusjson/P271728.json","P271731": "corpusjson/P271731.json","P271765": "corpusjson/P271765.json","P271766": "corpusjson/P271766.json","P271771": "corpusjson/P271771.json","P271789": "corpusjson/P271789.json","P271792": "corpusjson/P271792.json","P271802": "corpusjson/P271802.json","P271859": "corpusjson/P271859.json","P271868": "corpusjson/P271868.json","P271899": "corpusjson/P271899.json","P271911": "corpusjson/P271911.json","P271955": "corpusjson/P271955.json","P271995": "corpusjson/P271995.json","P271997": "corpusjson/P271997.json","P272184": "corpusjson/P272184.json","P272241": "corpusjson/P272241.json","P272243": "corpusjson/P272243.json","P272251": "corpusjson/P272251.json","P272256": "corpusjson/P272256.json","P272257": "corpusjson/P272257.json","P272288": "corpusjson/P272288.json","P272319": "corpusjson/P272319.json","P272323": "corpusjson/P272323.json","P272530": "corpusjson/P272530.json","P272532": "corpusjson/P272532.json","P272534": "corpusjson/P272534.json","P272535": "corpusjson/P272535.json","P272538": "corpusjson/P272538.json","P272557": "corpusjson/P272557.json","P272565": "corpusjson/P272565.json","P272800": "corpusjson/P272800.json","P273244": "corpusjson/P273244.json","P273338": "corpusjson/P273338.json","P273706": "corpusjson/P273706.json","P273708": "corpusjson/P273708.json","P273712": "corpusjson/P273712.json","P273812": "corpusjson/P273812.json","P273840": "corpusjson/P273840.json","P273857": "corpusjson/P273857.json","P273880": "corpusjson/P273880.json","P274468": "corpusjson/P274468.json","P274470": "corpusjson/P274470.json","P274483": "corpusjson/P274483.json","P274484": "corpusjson/P274484.json","P274485": "corpusjson/P274485.json","P274486": "corpusjson/P274486.json","P274492": "corpusjson/P274492.json","P274517": "corpusjson/P274517.json","P274518": "corpusjson/P274518.json","P274522": "corpusjson/P274522.json","P274679": "corpusjson/P274679.json","P274783": "corpusjson/P274783.json","P274788": "corpusjson/P274788.json","P274789": "corpusjson/P274789.json","P274790": "corpusjson/P274790.json","P274791": "corpusjson/P274791.json","P274929": "corpusjson/P274929.json","P274990": "corpusjson/P274990.json","P277271": "corpusjson/P277271.json","P278700": "corpusjson/P278700.json","P278738": "corpusjson/P278738.json","P282465": "corpusjson/P282465.json","P282491": "corpusjson/P282491.json","P282493": "corpusjson/P282493.json","P282497": "corpusjson/P282497.json","P282739": "corpusjson/P282739.json","P283540": "corpusjson/P283540.json","P283548": "corpusjson/P283548.json","P283786": "corpusjson/P283786.json","P283788": "corpusjson/P283788.json","P283795": "corpusjson/P283795.json","P286011": "corpusjson/P286011.json","P286023": "corpusjson/P286023.json","P286029": "corpusjson/P286029.json","P286031": "corpusjson/P286031.json","P289805": "corpusjson/P289805.json","P292604": "corpusjson/P292604.json","P295444": "corpusjson/P295444.json","P296528": "corpusjson/P296528.json","P297185": "corpusjson/P297185.json","P297194": "corpusjson/P297194.json","P297195": "corpusjson/P297195.json","P297210": "corpusjson/P297210.json","P299494": "corpusjson/P299494.json","P299509": "corpusjson/P299509.json","P300937": "corpusjson/P300937.json","P303955": "corpusjson/P303955.json","P304560": "corpusjson/P304560.json","P306159": "corpusjson/P306159.json","P306166": "corpusjson/P306166.json","P307821": "corpusjson/P307821.json","P310404": "corpusjson/P310404.json","P310444": "corpusjson/P310444.json","P312012": "corpusjson/P312012.json","P313118": "corpusjson/P313118.json","P315272": "corpusjson/P315272.json","P322250": "corpusjson/P322250.json","P332820": "corpusjson/P332820.json","P332823": "corpusjson/P332823.json","P332824": "corpusjson/P332824.json","P332825": "corpusjson/P332825.json","P332829": "corpusjson/P332829.json","P332830": "corpusjson/P332830.json","P332833": "corpusjson/P332833.json","P332834": "corpusjson/P332834.json","P332835": "corpusjson/P332835.json","P332837": "corpusjson/P332837.json","P332838": "corpusjson/P332838.json","P332839": "corpusjson/P332839.json","P332841": "corpusjson/P332841.json","P332872": "corpusjson/P332872.json","P332880": "corpusjson/P332880.json","P332906": "corpusjson/P332906.json","P332922": "corpusjson/P332922.json","P332924": "corpusjson/P332924.json","P332925": "corpusjson/P332925.json","P332927": "corpusjson/P332927.json","P332928": "corpusjson/P332928.json","P332929": "corpusjson/P332929.json","P332932": "corpusjson/P332932.json","P332941": "corpusjson/P332941.json","P332942": "corpusjson/P332942.json","P332944": "corpusjson/P332944.json","P332945": "corpusjson/P332945.json","P332946": "corpusjson/P332946.json","P332947": "corpusjson/P332947.json","P332948": "corpusjson/P332948.json","P332949": "corpusjson/P332949.json","P332950": "corpusjson/P332950.json","P332951": "corpusjson/P332951.json","P333143": "corpusjson/P333143.json","P333144": "corpusjson/P333144.json","P333145": "corpusjson/P333145.json","P333146": "corpusjson/P333146.json","P333147": "corpusjson/P333147.json","P333148": "corpusjson/P333148.json","P333149": "corpusjson/P333149.json","P333150": "corpusjson/P333150.json","P333151": "corpusjson/P333151.json","P333152": "corpusjson/P333152.json","P333153": "corpusjson/P333153.json","P333154": "corpusjson/P333154.json","P333155": "corpusjson/P333155.json","P333156": "corpusjson/P333156.json","P333157": "corpusjson/P333157.json","P333159": "corpusjson/P333159.json","P333160": "corpusjson/P333160.json","P333161": "corpusjson/P333161.json","P333165": "corpusjson/P333165.json","P333166": "corpusjson/P333166.json","P333168": "corpusjson/P333168.json","P333169": "corpusjson/P333169.json","P333170": "corpusjson/P333170.json","P333171": "corpusjson/P333171.json","P333172": "corpusjson/P333172.json","P333173": "corpusjson/P333173.json","P338311": "corpusjson/P338311.json","P338313": "corpusjson/P338313.json","P338709": "corpusjson/P338709.json","P338710": "corpusjson/P338710.json","P338741": "corpusjson/P338741.json","P342645": "corpusjson/P342645.json","P345549": "corpusjson/P345549.json","P345974": "corpusjson/P345974.json","P345979": "corpusjson/P345979.json","P345982": "corpusjson/P345982.json","P345989": "corpusjson/P345989.json","P345990": "corpusjson/P345990.json","P345992": "corpusjson/P345992.json","P346000": "corpusjson/P346000.json","P346001": "corpusjson/P346001.json","P346005": "corpusjson/P346005.json","P346007": "corpusjson/P346007.json","P346013": "corpusjson/P346013.json","P346023": "corpusjson/P346023.json","P346041": "corpusjson/P346041.json","P346052": "corpusjson/P346052.json","P346055": "corpusjson/P346055.json","P346057": "corpusjson/P346057.json","P346058": "corpusjson/P346058.json","P346060": "corpusjson/P346060.json","P346061": "corpusjson/P346061.json","P346063": "corpusjson/P346063.json","P346065": "corpusjson/P346065.json","P346066": "corpusjson/P346066.json","P346076": "corpusjson/P346076.json","P346080": "corpusjson/P346080.json","P346401": "corpusjson/P346401.json","P346402": "corpusjson/P346402.json","P346407": "corpusjson/P346407.json","P346408": "corpusjson/P346408.json","P346409": "corpusjson/P346409.json","P346410": "corpusjson/P346410.json","P346420": "corpusjson/P346420.json","P346423": "corpusjson/P346423.json","P346436": "corpusjson/P346436.json","P346714": "corpusjson/P346714.json","P346860": "corpusjson/P346860.json","P346861": "corpusjson/P346861.json","P346862": "corpusjson/P346862.json","P346864": "corpusjson/P346864.json","P346865": "corpusjson/P346865.json","P346866": "corpusjson/P346866.json","P346867": "corpusjson/P346867.json","P346868": "corpusjson/P346868.json","P346869": "corpusjson/P346869.json","P346870": "corpusjson/P346870.json","P346872": "corpusjson/P346872.json","P346877": "corpusjson/P346877.json","P346886": "corpusjson/P346886.json","P346897": "corpusjson/P346897.json","P347041": "corpusjson/P347041.json","P347045": "corpusjson/P347045.json","P347047": "corpusjson/P347047.json","P347051": "corpusjson/P347051.json","P347054": "corpusjson/P347054.json","P347055": "corpusjson/P347055.json","P347059": "corpusjson/P347059.json","P347124": "corpusjson/P347124.json","P347125": "corpusjson/P347125.json","P347132": "corpusjson/P347132.json","P347134": "corpusjson/P347134.json","P347135": "corpusjson/P347135.json","P347139": "corpusjson/P347139.json","P347326": "corpusjson/P347326.json","P347478": "corpusjson/P347478.json","P347516": "corpusjson/P347516.json","P347724": "corpusjson/P347724.json","P347725": "corpusjson/P347725.json","P347726": "corpusjson/P347726.json","P347727": "corpusjson/P347727.json","P347728": "corpusjson/P347728.json","P347729": "corpusjson/P347729.json","P347730": "corpusjson/P347730.json","P347731": "corpusjson/P347731.json","P347733": "corpusjson/P347733.json","P347734": "corpusjson/P347734.json","P347735": "corpusjson/P347735.json","P347736": "corpusjson/P347736.json","P347737": "corpusjson/P347737.json","P347738": "corpusjson/P347738.json","P347739": "corpusjson/P347739.json","P347740": "corpusjson/P347740.json","P347741": "corpusjson/P347741.json","P347742": "corpusjson/P347742.json","P347743": "corpusjson/P347743.json","P347745": "corpusjson/P347745.json","P347746": "corpusjson/P347746.json","P347753": "corpusjson/P347753.json","P347754": "corpusjson/P347754.json","P347757": "corpusjson/P347757.json","P347758": "corpusjson/P347758.json","P347759": "corpusjson/P347759.json","P347761": "corpusjson/P347761.json","P347762": "corpusjson/P347762.json","P347763": "corpusjson/P347763.json","P347765": "corpusjson/P347765.json","P347766": "corpusjson/P347766.json","P347767": "corpusjson/P347767.json","P347772": "corpusjson/P347772.json","P347779": "corpusjson/P347779.json","P347786": "corpusjson/P347786.json","P347787": "corpusjson/P347787.json","P347788": "corpusjson/P347788.json","P347791": "corpusjson/P347791.json","P347792": "corpusjson/P347792.json","P347793": "corpusjson/P347793.json","P347801": "corpusjson/P347801.json","P347814": "corpusjson/P347814.json","P347815": "corpusjson/P347815.json","P347830": "corpusjson/P347830.json","P347831": "corpusjson/P347831.json","P347832": "corpusjson/P347832.json","P347833": "corpusjson/P347833.json","P347838": "corpusjson/P347838.json","P348413": "corpusjson/P348413.json","P348543": "corpusjson/P348543.json","P348544": "corpusjson/P348544.json","P348656": "corpusjson/P348656.json","P348657": "corpusjson/P348657.json","P348712": "corpusjson/P348712.json","P348713": "corpusjson/P348713.json","P348714": "corpusjson/P348714.json","P348773": "corpusjson/P348773.json","P348774": "corpusjson/P348774.json","P348777": "corpusjson/P348777.json","P348780": "corpusjson/P348780.json","P348781": "corpusjson/P348781.json","P348977": "corpusjson/P348977.json","P348980": "corpusjson/P348980.json","P348981": "corpusjson/P348981.json","P348984": "corpusjson/P348984.json","P348985": "corpusjson/P348985.json","P348988": "corpusjson/P348988.json","P348989": "corpusjson/P348989.json","P348993": "corpusjson/P348993.json","P348995": "corpusjson/P348995.json","P348997": "corpusjson/P348997.json","P349003": "corpusjson/P349003.json","P349005": "corpusjson/P349005.json","P349007": "corpusjson/P349007.json","P349013": "corpusjson/P349013.json","P349171": "corpusjson/P349171.json","P349173": "corpusjson/P349173.json","P349174": "corpusjson/P349174.json","P349431": "corpusjson/P349431.json","P349599": "corpusjson/P349599.json","P349825": "corpusjson/P349825.json","P349859": "corpusjson/P349859.json","P349861": "corpusjson/P349861.json","P349864": "corpusjson/P349864.json","P349874": "corpusjson/P349874.json","P349885": "corpusjson/P349885.json","P349892": "corpusjson/P349892.json","P349893": "corpusjson/P349893.json","P349902": "corpusjson/P349902.json","P349924": "corpusjson/P349924.json","P349945": "corpusjson/P349945.json","P349955": "corpusjson/P349955.json","P355744": "corpusjson/P355744.json","P362872": "corpusjson/P362872.json","P363629": "corpusjson/P363629.json","P363707": "corpusjson/P363707.json","P363708": "corpusjson/P363708.json","P363709": "corpusjson/P363709.json","P365215": "corpusjson/P365215.json","P365216": "corpusjson/P365216.json","P365222": "corpusjson/P365222.json","P365224": "corpusjson/P365224.json","P365225": "corpusjson/P365225.json","P365226": "corpusjson/P365226.json","P365227": "corpusjson/P365227.json","P365228": "corpusjson/P365228.json","P365229": "corpusjson/P365229.json","P365230": "corpusjson/P365230.json","P365231": "corpusjson/P365231.json","P365232": "corpusjson/P365232.json","P365233": "corpusjson/P365233.json","P365234": "corpusjson/P365234.json","P365235": "corpusjson/P365235.json","P365236": "corpusjson/P365236.json","P365237": "corpusjson/P365237.json","P365239": "corpusjson/P365239.json","P365240": "corpusjson/P365240.json","P365242": "corpusjson/P365242.json","P365243": "corpusjson/P365243.json","P365244": "corpusjson/P365244.json","P365245": "corpusjson/P365245.json","P365246": "corpusjson/P365246.json","P365247": "corpusjson/P365247.json","P365249": "corpusjson/P365249.json","P365251": "corpusjson/P365251.json","P365252": "corpusjson/P365252.json","P365256": "corpusjson/P365256.json","P365261": "corpusjson/P365261.json","P365263": "corpusjson/P365263.json","P365268": "corpusjson/P365268.json","P365270": "corpusjson/P365270.json","P365271": "corpusjson/P365271.json","P365272": "corpusjson/P365272.json","P365274": "corpusjson/P365274.json","P365275": "corpusjson/P365275.json","P365301": "corpusjson/P365301.json","P365314": "corpusjson/P365314.json","P365316": "corpusjson/P365316.json","P365317": "corpusjson/P365317.json","P365318": "corpusjson/P365318.json","P365319": "corpusjson/P365319.json","P365320": "corpusjson/P365320.json","P365325": "corpusjson/P365325.json","P365384": "corpusjson/P365384.json","P365387": "corpusjson/P365387.json","P365388": "corpusjson/P365388.json","P365394": "corpusjson/P365394.json","P365396": "corpusjson/P365396.json","P365398": "corpusjson/P365398.json","P365399": "corpusjson/P365399.json","P365401": "corpusjson/P365401.json","P365402": "corpusjson/P365402.json","P365405": "corpusjson/P365405.json","P365409": "corpusjson/P365409.json","P365410": "corpusjson/P365410.json","P365411": "corpusjson/P365411.json","P365412": "corpusjson/P365412.json","P365413": "corpusjson/P365413.json","P365414": "corpusjson/P365414.json","P365416": "corpusjson/P365416.json","P365419": "corpusjson/P365419.json","P365421": "corpusjson/P365421.json","P365426": "corpusjson/P365426.json","P365749": "corpusjson/P365749.json","P365750": "corpusjson/P365750.json","P365751": "corpusjson/P365751.json","P365752": "corpusjson/P365752.json","P365757": "corpusjson/P365757.json","P365763": "corpusjson/P365763.json","P365765": "corpusjson/P365765.json","P365771": "corpusjson/P365771.json","P365776": "corpusjson/P365776.json","P365777": "corpusjson/P365777.json","P365778": "corpusjson/P365778.json","P365779": "corpusjson/P365779.json","P365780": "corpusjson/P365780.json","P365783": "corpusjson/P365783.json","P365784": "corpusjson/P365784.json","P365785": "corpusjson/P365785.json","P365787": "corpusjson/P365787.json","P365788": "corpusjson/P365788.json","P365789": "corpusjson/P365789.json","P365791": "corpusjson/P365791.json","P365792": "corpusjson/P365792.json","P365793": "corpusjson/P365793.json","P365795": "corpusjson/P365795.json","P365796": "corpusjson/P365796.json","P365798": "corpusjson/P365798.json","P365799": "corpusjson/P365799.json","P365804": "corpusjson/P365804.json","P365805": "corpusjson/P365805.json","P368209": "corpusjson/P368209.json","P368271": "corpusjson/P368271.json","P368616": "corpusjson/P368616.json","P368620": "corpusjson/P368620.json","P368621": "corpusjson/P368621.json","P368622": "corpusjson/P368622.json","P368626": "corpusjson/P368626.json","P368627": "corpusjson/P368627.json","P368628": "corpusjson/P368628.json","P368629": "corpusjson/P368629.json","P368630": "corpusjson/P368630.json","P368631": "corpusjson/P368631.json","P368633": "corpusjson/P368633.json","P368634": "corpusjson/P368634.json","P368635": "corpusjson/P368635.json","P368637": "corpusjson/P368637.json","P368640": "corpusjson/P368640.json","P368641": "corpusjson/P368641.json","P368642": "corpusjson/P368642.json","P368647": "corpusjson/P368647.json","P368648": "corpusjson/P368648.json","P368650": "corpusjson/P368650.json","P368651": "corpusjson/P368651.json","P368654": "corpusjson/P368654.json","P368656": "corpusjson/P368656.json","P368659": "corpusjson/P368659.json","P368765": "corpusjson/P368765.json","P368991": "corpusjson/P368991.json","P369429": "corpusjson/P369429.json","P369709": "corpusjson/P369709.json","P369714": "corpusjson/P369714.json","P369715": "corpusjson/P369715.json","P369716": "corpusjson/P369716.json","P369718": "corpusjson/P369718.json","P370324": "corpusjson/P370324.json","P370389": "corpusjson/P370389.json","P370399": "corpusjson/P370399.json","P370401": "corpusjson/P370401.json","P370415": "corpusjson/P370415.json","P370416": "corpusjson/P370416.json","P370419": "corpusjson/P370419.json","P370907": "corpusjson/P370907.json","P373762": "corpusjson/P373762.json","P373770": "corpusjson/P373770.json","P373793": "corpusjson/P373793.json","P373795": "corpusjson/P373795.json","P373803": "corpusjson/P373803.json","P373806": "corpusjson/P373806.json","P373807": "corpusjson/P373807.json","P373808": "corpusjson/P373808.json","P373811": "corpusjson/P373811.json","P373816": "corpusjson/P373816.json","P373827": "corpusjson/P373827.json","P373830": "corpusjson/P373830.json","P373837": "corpusjson/P373837.json","P373840": "corpusjson/P373840.json","P373841": "corpusjson/P373841.json","P373848": "corpusjson/P373848.json","P373851": "corpusjson/P373851.json","P373856": "corpusjson/P373856.json","P373857": "corpusjson/P373857.json","P373858": "corpusjson/P373858.json","P373859": "corpusjson/P373859.json","P373864": "corpusjson/P373864.json","P373866": "corpusjson/P373866.json","P373867": "corpusjson/P373867.json","P373873": "corpusjson/P373873.json","P373878": "corpusjson/P373878.json","P373884": "corpusjson/P373884.json","P373886": "corpusjson/P373886.json","P373887": "corpusjson/P373887.json","P373890": "corpusjson/P373890.json","P373892": "corpusjson/P373892.json","P373893": "corpusjson/P373893.json","P373894": "corpusjson/P373894.json","P373900": "corpusjson/P373900.json","P373902": "corpusjson/P373902.json","P373903": "corpusjson/P373903.json","P373905": "corpusjson/P373905.json","P373908": "corpusjson/P373908.json","P373913": "corpusjson/P373913.json","P373932": "corpusjson/P373932.json","P373936": "corpusjson/P373936.json","P381751": "corpusjson/P381751.json","P381770": "corpusjson/P381770.json","P381775": "corpusjson/P381775.json","P381794": "corpusjson/P381794.json","P381834": "corpusjson/P381834.json","P381847": "corpusjson/P381847.json","P382534": "corpusjson/P382534.json","P382535": "corpusjson/P382535.json","P382536": "corpusjson/P382536.json","P382537": "corpusjson/P382537.json","P382538": "corpusjson/P382538.json","P382539": "corpusjson/P382539.json","P382542": "corpusjson/P382542.json","P382555": "corpusjson/P382555.json","P382556": "corpusjson/P382556.json","P382557": "corpusjson/P382557.json","P382559": "corpusjson/P382559.json","P382560": "corpusjson/P382560.json","P382561": "corpusjson/P382561.json","P382562": "corpusjson/P382562.json","P382563": "corpusjson/P382563.json","P382564": "corpusjson/P382564.json","P382565": "corpusjson/P382565.json","P382568": "corpusjson/P382568.json","P382569": "corpusjson/P382569.json","P382570": "corpusjson/P382570.json","P382572": "corpusjson/P382572.json","P382573": "corpusjson/P382573.json","P382575": "corpusjson/P382575.json","P382578": "corpusjson/P382578.json","P382580": "corpusjson/P382580.json","P382581": "corpusjson/P382581.json","P382585": "corpusjson/P382585.json","P382586": "corpusjson/P382586.json","P382587": "corpusjson/P382587.json","P382588": "corpusjson/P382588.json","P382590": "corpusjson/P382590.json","P382591": "corpusjson/P382591.json","P382592": "corpusjson/P382592.json","P382594": "corpusjson/P382594.json","P382596": "corpusjson/P382596.json","P382601": "corpusjson/P382601.json","P382604": "corpusjson/P382604.json","P382606": "corpusjson/P382606.json","P382607": "corpusjson/P382607.json","P382609": "corpusjson/P382609.json","P382610": "corpusjson/P382610.json","P382613": "corpusjson/P382613.json","P382614": "corpusjson/P382614.json","P382615": "corpusjson/P382615.json","P382619": "corpusjson/P382619.json","P382622": "corpusjson/P382622.json","P382623": "corpusjson/P382623.json","P382624": "corpusjson/P382624.json","P382626": "corpusjson/P382626.json","P382627": "corpusjson/P382627.json","P382628": "corpusjson/P382628.json","P382629": "corpusjson/P382629.json","P382634": "corpusjson/P382634.json","P382636": "corpusjson/P382636.json","P382637": "corpusjson/P382637.json","P382638": "corpusjson/P382638.json","P382639": "corpusjson/P382639.json","P382641": "corpusjson/P382641.json","P382643": "corpusjson/P382643.json","P382645": "corpusjson/P382645.json","P382646": "corpusjson/P382646.json","P382647": "corpusjson/P382647.json","P382648": "corpusjson/P382648.json","P382652": "corpusjson/P382652.json","P382653": "corpusjson/P382653.json","P382655": "corpusjson/P382655.json","P382665": "corpusjson/P382665.json","P382666": "corpusjson/P382666.json","P385898": "corpusjson/P385898.json","P385899": "corpusjson/P385899.json","P385900": "corpusjson/P385900.json","P385907": "corpusjson/P385907.json","P385911": "corpusjson/P385911.json","P385914": "corpusjson/P385914.json","P385918": "corpusjson/P385918.json","P385920": "corpusjson/P385920.json","P385924": "corpusjson/P385924.json","P385928": "corpusjson/P385928.json","P385931": "corpusjson/P385931.json","P385932": "corpusjson/P385932.json","P385936": "corpusjson/P385936.json","P385938": "corpusjson/P385938.json","P385942": "corpusjson/P385942.json","P385945": "corpusjson/P385945.json","P385946": "corpusjson/P385946.json","P385948": "corpusjson/P385948.json","P385953": "corpusjson/P385953.json","P385958": "corpusjson/P385958.json","P385960": "corpusjson/P385960.json","P385966": "corpusjson/P385966.json","P385967": "corpusjson/P385967.json","P385969": "corpusjson/P385969.json","P385970": "corpusjson/P385970.json","P385973": "corpusjson/P385973.json","P385974": "corpusjson/P385974.json","P385975": "corpusjson/P385975.json","P385978": "corpusjson/P385978.json","P385979": "corpusjson/P385979.json","P385983": "corpusjson/P385983.json","P385984": "corpusjson/P385984.json","P385988": "corpusjson/P385988.json","P385991": "corpusjson/P385991.json","P386372": "corpusjson/P386372.json","P386385": "corpusjson/P386385.json","P386402": "corpusjson/P386402.json","P386403": "corpusjson/P386403.json","P386408": "corpusjson/P386408.json","P386409": "corpusjson/P386409.json","P386418": "corpusjson/P386418.json","P386424": "corpusjson/P386424.json","P386425": "corpusjson/P386425.json","P386426": "corpusjson/P386426.json","P386429": "corpusjson/P386429.json","P386430": "corpusjson/P386430.json","P386432": "corpusjson/P386432.json","P387598": "corpusjson/P387598.json","P387609": "corpusjson/P387609.json","P387757": "corpusjson/P387757.json","P388082": "corpusjson/P388082.json","P388095": "corpusjson/P388095.json","P388191": "corpusjson/P388191.json","P388232": "corpusjson/P388232.json","P388265": "corpusjson/P388265.json","P388330": "corpusjson/P388330.json","P388335": "corpusjson/P388335.json","P388337": "corpusjson/P388337.json","P388339": "corpusjson/P388339.json","P388343": "corpusjson/P388343.json","P388547": "corpusjson/P388547.json","P388550": "corpusjson/P388550.json","P388551": "corpusjson/P388551.json","P388552": "corpusjson/P388552.json","P388555": "corpusjson/P388555.json","P388556": "corpusjson/P388556.json","P388557": "corpusjson/P388557.json","P388558": "corpusjson/P388558.json","P388561": "corpusjson/P388561.json","P388563": "corpusjson/P388563.json","P388578": "corpusjson/P388578.json","P389436": "corpusjson/P389436.json","P389437": "corpusjson/P389437.json","P389511": "corpusjson/P389511.json","P391158": "corpusjson/P391158.json","P393738": "corpusjson/P393738.json","P393745": "corpusjson/P393745.json","P393770": "corpusjson/P393770.json","P393779": "corpusjson/P393779.json","P393788": "corpusjson/P393788.json","P393806": "corpusjson/P393806.json","P393814": "corpusjson/P393814.json","P394142": "corpusjson/P394142.json","P394149": "corpusjson/P394149.json","P394150": "corpusjson/P394150.json","P394154": "corpusjson/P394154.json","P394160": "corpusjson/P394160.json","P394161": "corpusjson/P394161.json","P394164": "corpusjson/P394164.json","P395425": "corpusjson/P395425.json","P395428": "corpusjson/P395428.json","P395436": "corpusjson/P395436.json","P395462": "corpusjson/P395462.json","P395464": "corpusjson/P395464.json","P395465": "corpusjson/P395465.json","P395475": "corpusjson/P395475.json","P395476": "corpusjson/P395476.json","P395477": "corpusjson/P395477.json","P395479": "corpusjson/P395479.json","P395481": "corpusjson/P395481.json","P395486": "corpusjson/P395486.json","P395489": "corpusjson/P395489.json","P395490": "corpusjson/P395490.json","P395491": "corpusjson/P395491.json","P395495": "corpusjson/P395495.json","P395512": "corpusjson/P395512.json","P395513": "corpusjson/P395513.json","P395518": "corpusjson/P395518.json","P395526": "corpusjson/P395526.json","P395527": "corpusjson/P395527.json","P395531": "corpusjson/P395531.json","P395533": "corpusjson/P395533.json","P395534": "corpusjson/P395534.json","P395535": "corpusjson/P395535.json","P395539": "corpusjson/P395539.json","P395540": "corpusjson/P395540.json","P395541": "corpusjson/P395541.json","P395544": "corpusjson/P395544.json","P395629": "corpusjson/P395629.json","P395632": "corpusjson/P395632.json","P395636": "corpusjson/P395636.json","P395637": "corpusjson/P395637.json","P395638": "corpusjson/P395638.json","P395647": "corpusjson/P395647.json","P395652": "corpusjson/P395652.json","P395653": "corpusjson/P395653.json","P395694": "corpusjson/P395694.json","P395719": "corpusjson/P395719.json","P395743": "corpusjson/P395743.json","P395989": "corpusjson/P395989.json","P396029": "corpusjson/P396029.json","P396034": "corpusjson/P396034.json","P396236": "corpusjson/P396236.json","P396300": "corpusjson/P396300.json","P396311": "corpusjson/P396311.json","P396595": "corpusjson/P396595.json","P397063": "corpusjson/P397063.json","P397217": "corpusjson/P397217.json","P397242": "corpusjson/P397242.json","P397248": "corpusjson/P397248.json","P397251": "corpusjson/P397251.json","P397258": "corpusjson/P397258.json","P397260": "corpusjson/P397260.json","P397261": "corpusjson/P397261.json","P397262": "corpusjson/P397262.json","P397265": "corpusjson/P397265.json","P397268": "corpusjson/P397268.json","P397269": "corpusjson/P397269.json","P397272": "corpusjson/P397272.json","P397275": "corpusjson/P397275.json","P397276": "corpusjson/P397276.json","P397277": "corpusjson/P397277.json","P397278": "corpusjson/P397278.json","P397282": "corpusjson/P397282.json","P397286": "corpusjson/P397286.json","P397289": "corpusjson/P397289.json","P397291": "corpusjson/P397291.json","P397294": "corpusjson/P397294.json","P397295": "corpusjson/P397295.json","P397298": "corpusjson/P397298.json","P397533": "corpusjson/P397533.json","P397542": "corpusjson/P397542.json","P397544": "corpusjson/P397544.json","P397548": "corpusjson/P397548.json","P397551": "corpusjson/P397551.json","P397553": "corpusjson/P397553.json","P397554": "corpusjson/P397554.json","P397568": "corpusjson/P397568.json","P397606": "corpusjson/P397606.json","P397615": "corpusjson/P397615.json","P397668": "corpusjson/P397668.json","P397726": "corpusjson/P397726.json","P397758": "corpusjson/P397758.json","P397769": "corpusjson/P397769.json","P397955": "corpusjson/P397955.json","P398121": "corpusjson/P398121.json","P398380": "corpusjson/P398380.json","P398412": "corpusjson/P398412.json","P398414": "corpusjson/P398414.json","P398419": "corpusjson/P398419.json","P399141": "corpusjson/P399141.json","P399147": "corpusjson/P399147.json","P399148": "corpusjson/P399148.json","P399154": "corpusjson/P399154.json","P399247": "corpusjson/P399247.json","P399271": "corpusjson/P399271.json","P399275": "corpusjson/P399275.json","P399283": "corpusjson/P399283.json","P399284": "corpusjson/P399284.json","P399286": "corpusjson/P399286.json","P399288": "corpusjson/P399288.json","P399316": "corpusjson/P399316.json","P399546": "corpusjson/P399546.json","P399601": "corpusjson/P399601.json","P399848": "corpusjson/P399848.json","P400375": "corpusjson/P400375.json","P400376": "corpusjson/P400376.json","P400379": "corpusjson/P400379.json","P400380": "corpusjson/P400380.json","P400383": "corpusjson/P400383.json","P400384": "corpusjson/P400384.json","P400385": "corpusjson/P400385.json","P400388": "corpusjson/P400388.json","P400389": "corpusjson/P400389.json","P400392": "corpusjson/P400392.json","P400412": "corpusjson/P400412.json","P400417": "corpusjson/P400417.json","P400421": "corpusjson/P400421.json","P400424": "corpusjson/P400424.json","P400579": "corpusjson/P400579.json","P400599": "corpusjson/P400599.json","P400612": "corpusjson/P400612.json","P400614": "corpusjson/P400614.json","P400626": "corpusjson/P400626.json","P400629": "corpusjson/P400629.json","P400630": "corpusjson/P400630.json","P400632": "corpusjson/P400632.json","P400634": "corpusjson/P400634.json","P400640": "corpusjson/P400640.json","P400643": "corpusjson/P400643.json","P400644": "corpusjson/P400644.json","P400646": "corpusjson/P400646.json","P400651": "corpusjson/P400651.json","P400696": "corpusjson/P400696.json","P400741": "corpusjson/P400741.json","P400746": "corpusjson/P400746.json","P400748": "corpusjson/P400748.json","P400749": "corpusjson/P400749.json","P400750": "corpusjson/P400750.json","P400754": "corpusjson/P400754.json","P400765": "corpusjson/P400765.json","P401013": "corpusjson/P401013.json","P401014": "corpusjson/P401014.json","P401015": "corpusjson/P401015.json","P401018": "corpusjson/P401018.json","P401023": "corpusjson/P401023.json","P401058": "corpusjson/P401058.json","P401059": "corpusjson/P401059.json","P401069": "corpusjson/P401069.json","P401072": "corpusjson/P401072.json","P401075": "corpusjson/P401075.json","P401082": "corpusjson/P401082.json","P401087": "corpusjson/P401087.json","P401148": "corpusjson/P401148.json","P401156": "corpusjson/P401156.json","P401188": "corpusjson/P401188.json","P401192": "corpusjson/P401192.json","P401202": "corpusjson/P401202.json","P401239": "corpusjson/P401239.json","P401298": "corpusjson/P401298.json","P401316": "corpusjson/P401316.json","P401317": "corpusjson/P401317.json","P401789": "corpusjson/P401789.json","P401790": "corpusjson/P401790.json","P401791": "corpusjson/P401791.json","P401793": "corpusjson/P401793.json","P401794": "corpusjson/P401794.json","P401795": "corpusjson/P401795.json","P401798": "corpusjson/P401798.json","P401800": "corpusjson/P401800.json","P401801": "corpusjson/P401801.json","P401803": "corpusjson/P401803.json","P401804": "corpusjson/P401804.json","P401807": "corpusjson/P401807.json","P401812": "corpusjson/P401812.json","P401813": "corpusjson/P401813.json","P401823": "corpusjson/P401823.json","P401825": "corpusjson/P401825.json","P401826": "corpusjson/P401826.json","P401830": "corpusjson/P401830.json","P401839": "corpusjson/P401839.json","P402801": "corpusjson/P402801.json","P403423": "corpusjson/P403423.json","P403434": "corpusjson/P403434.json","P403483": "corpusjson/P403483.json","P403620": "corpusjson/P403620.json","P404184": "corpusjson/P404184.json","P404258": "corpusjson/P404258.json","P404274": "corpusjson/P404274.json","P404378": "corpusjson/P404378.json","P404595": "corpusjson/P404595.json","P409465": "corpusjson/P409465.json","P409466": "corpusjson/P409466.json","P412236": "corpusjson/P412236.json","P414356": "corpusjson/P414356.json","P414652": "corpusjson/P414652.json","P415957": "corpusjson/P415957.json","P416236": "corpusjson/P416236.json","P416239": "corpusjson/P416239.json","P416295": "corpusjson/P416295.json","P416298": "corpusjson/P416298.json","P416823": "corpusjson/P416823.json","P416953": "corpusjson/P416953.json","P417036": "corpusjson/P417036.json","P417070": "corpusjson/P417070.json","P418538": "corpusjson/P418538.json","P418806": "corpusjson/P418806.json","P418944": "corpusjson/P418944.json","P419019": "corpusjson/P419019.json","P419122": "corpusjson/P419122.json","P419494": "corpusjson/P419494.json","P419917": "corpusjson/P419917.json","P421590": "corpusjson/P421590.json","P421871": "corpusjson/P421871.json","P423608": "corpusjson/P423608.json","P423611": "corpusjson/P423611.json","P423614": "corpusjson/P423614.json","P423615": "corpusjson/P423615.json","P423616": "corpusjson/P423616.json","P423617": "corpusjson/P423617.json","P423618": "corpusjson/P423618.json","P423619": "corpusjson/P423619.json","P423620": "corpusjson/P423620.json","P423623": "corpusjson/P423623.json","P423625": "corpusjson/P423625.json","P423626": "corpusjson/P423626.json","P423627": "corpusjson/P423627.json","P423630": "corpusjson/P423630.json","P423631": "corpusjson/P423631.json","P423632": "corpusjson/P423632.json","P423633": "corpusjson/P423633.json","P423634": "corpusjson/P423634.json","P423635": "corpusjson/P423635.json","P423636": "corpusjson/P423636.json","P423640": "corpusjson/P423640.json","P423641": "corpusjson/P423641.json","P423642": "corpusjson/P423642.json","P423643": "corpusjson/P423643.json","P423644": "corpusjson/P423644.json","P423647": "corpusjson/P423647.json","P423648": "corpusjson/P423648.json","P423649": "corpusjson/P423649.json","P423650": "corpusjson/P423650.json","P423653": "corpusjson/P423653.json","P423759": "corpusjson/P423759.json","P423964": "corpusjson/P423964.json","P424117": "corpusjson/P424117.json","P424412": "corpusjson/P424412.json","P424413": "corpusjson/P424413.json","P424414": "corpusjson/P424414.json","P424415": "corpusjson/P424415.json","P424416": "corpusjson/P424416.json","P424420": "corpusjson/P424420.json","P424421": "corpusjson/P424421.json","P424424": "corpusjson/P424424.json","P424425": "corpusjson/P424425.json","P424429": "corpusjson/P424429.json","P427591": "corpusjson/P427591.json","P429484": "corpusjson/P429484.json","P429485": "corpusjson/P429485.json","P429486": "corpusjson/P429486.json","P429503": "corpusjson/P429503.json","P429512": "corpusjson/P429512.json","P429555": "corpusjson/P429555.json","P431315": "corpusjson/P431315.json","P432448": "corpusjson/P432448.json","P433269": "corpusjson/P433269.json","P433289": "corpusjson/P433289.json","P433291": "corpusjson/P433291.json","P433618": "corpusjson/P433618.json","P434702": "corpusjson/P434702.json","P434703": "corpusjson/P434703.json","P434704": "corpusjson/P434704.json","P434706": "corpusjson/P434706.json","P434707": "corpusjson/P434707.json","P434709": "corpusjson/P434709.json","P434710": "corpusjson/P434710.json","P434714": "corpusjson/P434714.json","P434715": "corpusjson/P434715.json","P434719": "corpusjson/P434719.json","P434720": "corpusjson/P434720.json","P434723": "corpusjson/P434723.json","P434841": "corpusjson/P434841.json","P434904": "corpusjson/P434904.json","P435408": "corpusjson/P435408.json","P437072": "corpusjson/P437072.json","P437074": "corpusjson/P437074.json","P437075": "corpusjson/P437075.json","P437076": "corpusjson/P437076.json","P437077": "corpusjson/P437077.json","P437078": "corpusjson/P437078.json","P437079": "corpusjson/P437079.json","P437081": "corpusjson/P437081.json","P437082": "corpusjson/P437082.json","P437083": "corpusjson/P437083.json","P437085": "corpusjson/P437085.json","P437086": "corpusjson/P437086.json","P437087": "corpusjson/P437087.json","P437088": "corpusjson/P437088.json","P437089": "corpusjson/P437089.json","P437090": "corpusjson/P437090.json","P437091": "corpusjson/P437091.json","P437092": "corpusjson/P437092.json","P437093": "corpusjson/P437093.json","P437099": "corpusjson/P437099.json","P437103": "corpusjson/P437103.json","P437104": "corpusjson/P437104.json","P437105": "corpusjson/P437105.json","P437106": "corpusjson/P437106.json","P437108": "corpusjson/P437108.json","P437109": "corpusjson/P437109.json","P437110": "corpusjson/P437110.json","P437111": "corpusjson/P437111.json","P437112": "corpusjson/P437112.json","P437116": "corpusjson/P437116.json","P437363": "corpusjson/P437363.json","P443823": "corpusjson/P443823.json","P443824": "corpusjson/P443824.json","P443825": "corpusjson/P443825.json","P443828": "corpusjson/P443828.json","P443829": "corpusjson/P443829.json","P443831": "corpusjson/P443831.json","P443832": "corpusjson/P443832.json","P443833": "corpusjson/P443833.json","P443836": "corpusjson/P443836.json","P443839": "corpusjson/P443839.json","P445114": "corpusjson/P445114.json","P445115": "corpusjson/P445115.json","P445877": "corpusjson/P445877.json","P445878": "corpusjson/P445878.json","P447992": "corpusjson/P447992.json","P447993": "corpusjson/P447993.json","P447996": "corpusjson/P447996.json","P447997": "corpusjson/P447997.json","P448002": "corpusjson/P448002.json","P448013": "corpusjson/P448013.json","P448015": "corpusjson/P448015.json","P449060": "corpusjson/P449060.json","P450749": "corpusjson/P450749.json","P450750": "corpusjson/P450750.json","P450753": "corpusjson/P450753.json","P450754": "corpusjson/P450754.json","P450756": "corpusjson/P450756.json","P450763": "corpusjson/P450763.json","P450765": "corpusjson/P450765.json","P450776": "corpusjson/P450776.json","P450777": "corpusjson/P450777.json","P450779": "corpusjson/P450779.json","P450780": "corpusjson/P450780.json","P450786": "corpusjson/P450786.json","P450795": "corpusjson/P450795.json","P450799": "corpusjson/P450799.json","P450800": "corpusjson/P450800.json","P450801": "corpusjson/P450801.json","P450804": "corpusjson/P450804.json","P450807": "corpusjson/P450807.json","P450811": "corpusjson/P450811.json","P450812": "corpusjson/P450812.json","P450813": "corpusjson/P450813.json","P450820": "corpusjson/P450820.json","P450825": "corpusjson/P450825.json","P450828": "corpusjson/P450828.json","P450830": "corpusjson/P450830.json","P450852": "corpusjson/P450852.json","P450857": "corpusjson/P450857.json","P450858": "corpusjson/P450858.json","P450863": "corpusjson/P450863.json","P450914": "corpusjson/P450914.json","P450928": "corpusjson/P450928.json","P450932": "corpusjson/P450932.json","P450934": "corpusjson/P450934.json","P450936": "corpusjson/P450936.json","P450941": "corpusjson/P450941.json","P450943": "corpusjson/P450943.json","P450952": "corpusjson/P450952.json","P450953": "corpusjson/P450953.json","P450974": "corpusjson/P450974.json","P450986": "corpusjson/P450986.json","P451001": "corpusjson/P451001.json","P451012": "corpusjson/P451012.json","P451014": "corpusjson/P451014.json","P451015": "corpusjson/P451015.json","P451017": "corpusjson/P451017.json","P451018": "corpusjson/P451018.json","P451022": "corpusjson/P451022.json","P451035": "corpusjson/P451035.json","P451036": "corpusjson/P451036.json","P451049": "corpusjson/P451049.json","P451055": "corpusjson/P451055.json","P451060": "corpusjson/P451060.json","P451070": "corpusjson/P451070.json","P451071": "corpusjson/P451071.json","P451073": "corpusjson/P451073.json","P451086": "corpusjson/P451086.json","P451092": "corpusjson/P451092.json","P451099": "corpusjson/P451099.json","P451105": "corpusjson/P451105.json","P451114": "corpusjson/P451114.json","P451122": "corpusjson/P451122.json","P451125": "corpusjson/P451125.json","P451126": "corpusjson/P451126.json","P451129": "corpusjson/P451129.json","P451132": "corpusjson/P451132.json","P451134": "corpusjson/P451134.json","P451136": "corpusjson/P451136.json","P451143": "corpusjson/P451143.json","P451153": "corpusjson/P451153.json","P451157": "corpusjson/P451157.json","P451163": "corpusjson/P451163.json","P451169": "corpusjson/P451169.json","P451177": "corpusjson/P451177.json","P451215": "corpusjson/P451215.json","P451218": "corpusjson/P451218.json","P451219": "corpusjson/P451219.json","P451220": "corpusjson/P451220.json","P451221": "corpusjson/P451221.json","P451222": "corpusjson/P451222.json","P451223": "corpusjson/P451223.json","P451224": "corpusjson/P451224.json","P451225": "corpusjson/P451225.json","P451227": "corpusjson/P451227.json","P451228": "corpusjson/P451228.json","P451229": "corpusjson/P451229.json","P451230": "corpusjson/P451230.json","P451231": "corpusjson/P451231.json","P451232": "corpusjson/P451232.json","P451233": "corpusjson/P451233.json","P451234": "corpusjson/P451234.json","P451235": "corpusjson/P451235.json","P451236": "corpusjson/P451236.json","P451237": "corpusjson/P451237.json","P451238": "corpusjson/P451238.json","P451239": "corpusjson/P451239.json","P451240": "corpusjson/P451240.json","P451241": "corpusjson/P451241.json","P451250": "corpusjson/P451250.json","P451258": "corpusjson/P451258.json","P451260": "corpusjson/P451260.json","P451261": "corpusjson/P451261.json","P451262": "corpusjson/P451262.json","P451263": "corpusjson/P451263.json","P451264": "corpusjson/P451264.json","P451266": "corpusjson/P451266.json","P451280": "corpusjson/P451280.json","P451300": "corpusjson/P451300.json","P451301": "corpusjson/P451301.json","P451303": "corpusjson/P451303.json","P451304": "corpusjson/P451304.json","P451305": "corpusjson/P451305.json","P451309": "corpusjson/P451309.json","P451310": "corpusjson/P451310.json","P451317": "corpusjson/P451317.json","P451350": "corpusjson/P451350.json","P451353": "corpusjson/P451353.json","P451360": "corpusjson/P451360.json","P451411": "corpusjson/P451411.json","P451423": "corpusjson/P451423.json","P451502": "corpusjson/P451502.json","P451527": "corpusjson/P451527.json","P451529": "corpusjson/P451529.json","P451531": "corpusjson/P451531.json","P451592": "corpusjson/P451592.json","P451613": "corpusjson/P451613.json","P451664": "corpusjson/P451664.json","P451706": "corpusjson/P451706.json","P452527": "corpusjson/P452527.json","P453275": "corpusjson/P453275.json","P459216": "corpusjson/P459216.json","P459217": "corpusjson/P459217.json","P459218": "corpusjson/P459218.json","P459219": "corpusjson/P459219.json","P459220": "corpusjson/P459220.json","P459221": "corpusjson/P459221.json","P459222": "corpusjson/P459222.json","P459223": "corpusjson/P459223.json","P459224": "corpusjson/P459224.json","P459225": "corpusjson/P459225.json","P459226": "corpusjson/P459226.json","P459227": "corpusjson/P459227.json","P459228": "corpusjson/P459228.json","P459230": "corpusjson/P459230.json","P459231": "corpusjson/P459231.json","P459237": "corpusjson/P459237.json","P459784": "corpusjson/P459784.json","P460593": "corpusjson/P460593.json","P460614": "corpusjson/P460614.json","P460882": "corpusjson/P460882.json","P461101": "corpusjson/P461101.json","P467603": "corpusjson/P467603.json","P471659": "corpusjson/P471659.json","P480798": "corpusjson/P480798.json","P481014": "corpusjson/P481014.json","P492189": "corpusjson/P492189.json","P492330": "corpusjson/P492330.json","P492332": "corpusjson/P492332.json","P492343": "corpusjson/P492343.json","P492406": "corpusjson/P492406.json","P493409": "corpusjson/P493409.json","Q000001": "corpusjson/Q000001.json","Q000003": "corpusjson/Q000003.json","Q000006": "corpusjson/Q000006.json","Q000008": "corpusjson/Q000008.json","Q000010": "corpusjson/Q000010.json","Q000012": "corpusjson/Q000012.json","Q000014": "corpusjson/Q000014.json","Q000018": "corpusjson/Q000018.json","Q000020": "corpusjson/Q000020.json","Q000024": "corpusjson/Q000024.json","Q000027": "corpusjson/Q000027.json","Q000029": "corpusjson/Q000029.json","Q000031": "corpusjson/Q000031.json","Q000035": "corpusjson/Q000035.json","Q000038": "corpusjson/Q000038.json","Q000039": "corpusjson/Q000039.json","Q000040": "corpusjson/Q000040.json","Q000041": "corpusjson/Q000041.json","Q000042": "corpusjson/Q000042.json","Q000045": "corpusjson/Q000045.json","Q000047": "corpusjson/Q000047.json","Q000048": "corpusjson/Q000048.json","Q000050": "corpusjson/Q000050.json","Q000052": "corpusjson/Q000052.json","Q000056": "corpusjson/Q000056.json","Q000057": "corpusjson/Q000057.json","Q000064": "corpusjson/Q000064.json","Q000065": "corpusjson/Q000065.json","Q000091": "corpusjson/Q000091.json","Q000097": "corpusjson/Q000097.json","Q000145": "corpusjson/Q000145.json","Q000153": "corpusjson/Q000153.json","Q000159": "corpusjson/Q000159.json","Q000206": "corpusjson/Q000206.json","Q000263": "corpusjson/Q000263.json","Q000268": "corpusjson/Q000268.json","Q000299": "corpusjson/Q000299.json","Q000302": "corpusjson/Q000302.json","Q002268": "corpusjson/Q002268.json","Q002269": "corpusjson/Q002269.json","X000011": "corpusjson/X000011.json","X000101": "corpusjson/X000101.json","X000181": "corpusjson/X000181.json","X000182": "corpusjson/X000182.json","X003129": "corpusjson/X003129.json","X003888": "corpusjson/X003888.json","X003896": "corpusjson/X003896.json","X003911": "corpusjson/X003911.json","X003913": "corpusjson/X003913.json","X003929": "corpusjson/X003929.json","X003930": "corpusjson/X003930.json","X003931": "corpusjson/X003931.json","X003934": "corpusjson/X003934.json","X100003": "corpusjson/X100003.json","X499083": "corpusjson/X499083.json","X499085": "corpusjson/X499085.json","X499086": "corpusjson/X499086.json","X499089": "corpusjson/X499089.json","X499094": "corpusjson/X499094.json","X499117": "corpusjson/X499117.json","X499118": "corpusjson/X499118.json","X800010": "corpusjson/X800010.json","X800054": "corpusjson/X800054.json","X800072": "corpusjson/X800072.json","X800083": "corpusjson/X800083.json","X800085": "corpusjson/X800085.json"
}
}
