{
	"type": "glossary",
	"project": "dcclt",
  "source": "http://oracc.org/dcclt",
  "license": "This data is released under the CC0 license",
  "license-url": "https://creativecommons.org/publicdomain/zero/1.0/",
  "more-info": "http://oracc.org/doc/opendata/",
  "UTC-timestamp": "2017-05-19T18:29:47",
  "source": "http://oracc.org/dcclt",
  "license": "This data is released under the CC0 license",
  "license-url": "https://creativecommons.org/publicdomain/zero/1.0/",
  "more-info": "http://oracc.org/doc/opendata/",
  "UTC-timestamp": "2017-05-19T18:21:04",
  "source": "http://oracc.org/dcclt",
  "license": "This data is released under the CC0 license",
  "license-url": "https://creativecommons.org/publicdomain/zero/1.0/",
  "more-info": "http://oracc.org/doc/opendata/",
  "UTC-timestamp": "2017-05-17T05:09:18",
  "source": "http://oracc.org/dcclt",
  "license": "This data is released under the CC0 license",
  "license-url": "https://creativecommons.org/publicdomain/zero/1.0/",
  "more-info": "http://oracc.org/doc/opendata/",
  "UTC-timestamp": "2017-05-17T05:00:44",
  "source": "http://oracc.org/dcclt",
  "license": "This data is released under the CC0 license",
  "license-url": "https://creativecommons.org/publicdomain/zero/1.0/",
  "more-info": "http://oracc.org/doc/opendata/",
  "UTC-timestamp": "2017-05-13T01:06:44",
  "source": "http://oracc.org/dcclt",
  "license": "This data is released under the CC0 license",
  "license-url": "https://creativecommons.org/publicdomain/zero/1.0/",
  "more-info": "http://oracc.org/doc/opendata/",
  "UTC-timestamp": "2017-05-13T00:58:21",
  "source": "http://oracc.org/dcclt",
  "license": "This data is released under the CC0 license",
  "license-url": "https://creativecommons.org/publicdomain/zero/1.0/",
  "more-info": "http://oracc.org/doc/opendata/",
  "UTC-timestamp": "2017-05-11T19:34:40",
  "source": "http://oracc.org/dcclt",
  "license": "This data is released under the CC0 license",
  "license-url": "https://creativecommons.org/publicdomain/zero/1.0/",
  "more-info": "http://oracc.org/doc/opendata/",
  "UTC-timestamp": "2017-05-11T19:26:09",
  "source": "http://oracc.org/dcclt",
  "license": "This data is released under the CC0 license",
  "license-url": "https://creativecommons.org/publicdomain/zero/1.0/",
  "more-info": "http://oracc.org/doc/opendata/",
  "UTC-timestamp": "2017-05-10T20:41:15",
  "source": "http://oracc.org/dcclt",
  "license": "This data is released under the CC0 license",
  "license-url": "https://creativecommons.org/publicdomain/zero/1.0/",
  "more-info": "http://oracc.org/doc/opendata/",
  "UTC-timestamp": "2017-05-10T20:32:48",
  "source": "http://oracc.org/dcclt",
  "license": "This data is released under the CC0 license",
  "license-url": "https://creativecommons.org/publicdomain/zero/1.0/",
  "more-info": "http://oracc.org/doc/opendata/",
  "UTC-timestamp": "2017-05-06T00:40:06",
  "source": "http://oracc.org/dcclt",
  "license": "This data is released under the CC0 license",
  "license-url": "https://creativecommons.org/publicdomain/zero/1.0/",
  "more-info": "http://oracc.org/doc/opendata/",
  "UTC-timestamp": "2017-05-06T00:31:52",
  "source": "http://oracc.org/dcclt",
  "license": "This data is released under the CC0 license",
  "license-url": "https://creativecommons.org/publicdomain/zero/1.0/",
  "more-info": "http://oracc.org/doc/opendata/",
  "UTC-timestamp": "2017-04-28T19:23:31",
  "source": "http://oracc.org/dcclt",
  "license": "This data is released under the CC0 license",
  "license-url": "https://creativecommons.org/publicdomain/zero/1.0/",
  "more-info": "http://oracc.org/doc/opendata/",
  "UTC-timestamp": "2017-04-28T19:14:39",
  "source": "http://oracc.org/dcclt",
  "license": "This data is released under the CC0 license",
  "license-url": "https://creativecommons.org/publicdomain/zero/1.0/",
  "more-info": "http://oracc.org/doc/opendata/",
  "UTC-timestamp": "2017-04-27T19:09:46",
  "source": "http://oracc.org/dcclt",
  "license": "This data is released under the CC0 license",
  "license-url": "https://creativecommons.org/publicdomain/zero/1.0/",
  "more-info": "http://oracc.org/doc/opendata/",
  "UTC-timestamp": "2017-04-27T19:01:04",
  "source": "http://oracc.org/dcclt",
  "license": "This data is released under the CC0 license",
  "license-url": "https://creativecommons.org/publicdomain/zero/1.0/",
  "more-info": "http://oracc.org/doc/opendata/",
  "UTC-timestamp": "2017-04-27T01:57:30",
  "source": "http://oracc.org/dcclt",
  "license": "This data is released under the CC0 license",
  "license-url": "https://creativecommons.org/publicdomain/zero/1.0/",
  "more-info": "http://oracc.org/doc/opendata/",
  "UTC-timestamp": "2017-04-27T01:48:49",
  "source": "http://oracc.org/dcclt",
  "license": "This data is released under the CC0 license",
  "license-url": "https://creativecommons.org/publicdomain/zero/1.0/",
  "more-info": "http://oracc.org/doc/opendata/",
  "UTC-timestamp": "2017-03-20T20:36:46",
  "source": "http://oracc.org/dcclt",
  "license": "This data is released under the CC0 license",
  "license-url": "https://creativecommons.org/publicdomain/zero/1.0/",
  "more-info": "http://oracc.org/doc/opendata/",
  "UTC-timestamp": "2017-03-20T19:35:31",
  "source": "http://oracc.org/dcclt",
  "license": "This data is released under the CC0 license",
  "license-url": "https://creativecommons.org/publicdomain/zero/1.0/",
  "more-info": "http://oracc.org/doc/opendata/",
  "UTC-timestamp": "2017-03-16T19:38:37",
  "source": "http://oracc.org/dcclt",
  "license": "This data is released under the CC0 license",
  "license-url": "https://creativecommons.org/publicdomain/zero/1.0/",
  "more-info": "http://oracc.org/doc/opendata/",
  "UTC-timestamp": "2017-03-16T18:44:05",
  "source": "http://oracc.org/dcclt",
  "license": "This data is released under the CC0 license",
  "license-url": "https://creativecommons.org/publicdomain/zero/1.0/",
  "more-info": "http://oracc.org/doc/opendata/",
  "UTC-timestamp": "2017-03-16T17:11:08",
  "source": "http://oracc.org/dcclt",
  "license": "This data is released under the CC0 license",
  "license-url": "https://creativecommons.org/publicdomain/zero/1.0/",
  "more-info": "http://oracc.org/doc/opendata/",
  "UTC-timestamp": "2017-03-16T16:57:00",
  "source": "http://oracc.org/dcclt",
  "license": "This data is released under the CC0 license",
  "license-url": "https://creativecommons.org/publicdomain/zero/1.0/",
  "more-info": "http://oracc.org/doc/opendata/",
  "UTC-timestamp": "2017-03-16T02:06:43",
  "source": "http://oracc.org/dcclt",
  "license": "This data is released under the CC0 license",
  "license-url": "https://creativecommons.org/publicdomain/zero/1.0/",
  "more-info": "http://oracc.org/doc/opendata/",
  "UTC-timestamp": "2017-03-16T01:48:04",
  "source": "http://oracc.org/dcclt",
  "license": "This data is released under the CC0 license",
  "license-url": "https://creativecommons.org/publicdomain/zero/1.0/",
  "more-info": "http://oracc.org/doc/opendata/",
  "UTC-timestamp": "2017-03-07T00:07:04",
  "source": "http://oracc.org/dcclt",
  "license": "This data is released under the CC0 license",
  "license-url": "https://creativecommons.org/publicdomain/zero/1.0/",
  "more-info": "http://oracc.org/doc/opendata/",
  "UTC-timestamp": "2017-03-06T23:58:14",
  "source": "http://oracc.org/dcclt",
  "license": "This data is released under the CC0 license",
  "license-url": "https://creativecommons.org/publicdomain/zero/1.0/",
  "more-info": "http://oracc.org/doc/opendata/",
  "UTC-timestamp": "2017-03-04T01:00:09",
  "source": "http://oracc.org/dcclt",
  "license": "This data is released under the CC0 license",
  "license-url": "https://creativecommons.org/publicdomain/zero/1.0/",
  "more-info": "http://oracc.org/doc/opendata/",
  "UTC-timestamp": "2017-03-04T00:51:23",
  "source": "http://oracc.org/dcclt",
  "license": "This data is released under the CC0 license",
  "license-url": "https://creativecommons.org/publicdomain/zero/1.0/",
  "more-info": "http://oracc.org/doc/opendata/",
  "UTC-timestamp": "2017-02-28T20:10:32",
  "source": "http://oracc.org/dcclt",
  "license": "This data is released under the CC0 license",
  "license-url": "https://creativecommons.org/publicdomain/zero/1.0/",
  "more-info": "http://oracc.org/doc/opendata/",
  "UTC-timestamp": "2017-02-28T20:01:01",
  "source": "http://oracc.org/dcclt",
  "license": "This data is released under the CC0 license",
  "license-url": "https://creativecommons.org/publicdomain/zero/1.0/",
  "more-info": "http://oracc.org/doc/opendata/",
  "UTC-timestamp": "2017-02-14T22:49:35",
  "source": "http://oracc.org/dcclt",
  "license": "This data is released under the CC0 license",
  "license-url": "https://creativecommons.org/publicdomain/zero/1.0/",
  "more-info": "http://oracc.org/doc/opendata/",
  "UTC-timestamp": "2017-02-14T22:40:08",
  "source": "http://oracc.org/dcclt",
  "license": "This data is released under the CC0 license",
  "license-url": "https://creativecommons.org/publicdomain/zero/1.0/",
  "more-info": "http://oracc.org/doc/opendata/",
  "UTC-timestamp": "2017-02-14T22:10:04",
  "source": "http://oracc.org/dcclt",
  "license": "This data is released under the CC0 license",
  "license-url": "https://creativecommons.org/publicdomain/zero/1.0/",
  "more-info": "http://oracc.org/doc/opendata/",
  "UTC-timestamp": "2017-02-14T02:59:39",
  "source": "http://oracc.org/dcclt",
  "license": "This data is released under the CC0 license",
  "license-url": "https://creativecommons.org/publicdomain/zero/1.0/",
  "more-info": "http://oracc.org/doc/opendata/",
  "UTC-timestamp": "2017-02-14T02:50:25",
	"lang": "qpn-x-lineage",
"entries": [{
"headword": "Amnanu[1]LN",
"id": "qpn-x-lineage.x000001",
"icount": "2",
"ipct": "100",
"xis": "qpn.r00000",
"cf": "Amnanu",
"gw": "1",
"pos": "LN",
"forms": [{
"type": "form",
"id": "qpn-x-lineage.x000002",
"n": "am-na-nu{ki}",
"icount": "2",
"ipct": "100",
"xis": "qpn.r00000"}
]
,
"norms": [{
"id": "qpn-x-lineage.x000003",
"icount": "2",
"ipct": "100",
"xis": "qpn.r00000",
"n": "Amnanu",
"forms": [{
"type": "normform",
"id": "qpn-x-lineage.x000004",
"ref": "qpn-x-lineage.x000002",
"icount": "2",
"ipct": "100",
"xis": "qpn.r00000"}
]
}
]
,
"bases": [{
"type": "base",
"id": "qpn-x-lineage.x000005",
"n": "am-na-nu{ki}",
"icount": "2",
"ipct": "100",
"xis": "qpn.r00000"}
]
,
"morphs": [{
"type": "morph",
"id": "qpn-x-lineage.x000006",
"n": "~",
"icount": "2",
"ipct": "100",
"xis": "qpn.r00000"}
]
,
"senses": [{
"type": "sense",
"id": "qpn-x-lineage.x000007",
"n": "Amnanu[1//1]LN'LN",
"icount": "2",
"ipct": "100",
"xis": "qpn.r00000",
"pos": "LN",
"mng": "1",
"forms": [{
"type": "form",
"id": "qpn-x-lineage.x000008",
"n": "am-na-nu{ki}",
"icount": "2",
"ipct": "100",
"xis": "qpn.r00000"}
]
,
"norms": [{
"id": "qpn-x-lineage.x000009",
"n": "Amnanu",
"icount": "2",
"ipct": "100",
"xis": "qpn.r00000"}
]
,
"bases": [{
"type": "base",
"id": "qpn-x-lineage.x000010",
"n": "am-na-nu{ki}",
"icount": "2",
"ipct": "100",
"xis": "qpn.r00000"}
]
,
"morphs": [{
"type": "morph",
"id": "qpn-x-lineage.x000011",
"n": "~",
"icount": "2",
"ipct": "100",
"xis": "qpn.r00000"}
]
,
"sigs": [{
"type": "sig",
"id": "qpn-x-lineage.x000012",
"sig": "@dcclt%sux:am-na-nu{ki}=Amnanu[1//1]LN'LN$Amnanu/am-na-nu{ki}#~",
"icount": "2",
"ipct": "100",
"xis": "qpn.r00000"}
]
}
]
}
,
{
"headword": "Ekur-zakir[1]LN",
"id": "qpn-x-lineage.x000000",
"icount": "3",
"ipct": "100",
"xis": "qpn.r00001",
"cf": "Ekur-zakir",
"gw": "1",
"pos": "LN",
"forms": [{
"type": "form",
"id": "qpn-x-lineage.x000013",
"n": "{m}E₂.KUR-za-kir",
"icount": "3",
"ipct": "100",
"xis": "qpn.r00001"}
,
{
"type": "form",
"id": "qpn-x-lineage.x000014",
"n": "{m}E₂-KUR-za-kir",
"icount": "0",
"ipct": "0",
"xis": "qpn.r00002"}
]
,
"norms": [{
"id": "qpn-x-lineage.x000015",
"icount": "3",
"ipct": "100",
"xis": "qpn.r00001",
"n": "Ekur-zakir",
"forms": [{
"type": "normform",
"id": "qpn-x-lineage.x000016",
"ref": "qpn-x-lineage.x000013",
"icount": "3",
"ipct": "100",
"xis": "qpn.r00001"}
,
{
"type": "normform",
"id": "qpn-x-lineage.x000017",
"ref": "qpn-x-lineage.x000014",
"icount": "0",
"ipct": "0",
"xis": "qpn.r00002"}
]
}
]
,
"bases": [{
"type": "base",
"id": "qpn-x-lineage.x000018",
"n": "{m}E₂-KUR-za-kir",
"icount": "0",
"ipct": "0",
"xis": "qpn.r00002"}
]
,
"morphs": [{
"type": "morph",
"id": "qpn-x-lineage.x000019",
"n": "~",
"icount": "0",
"ipct": "0",
"xis": "qpn.r00002"}
]
,
"senses": [{
"type": "sense",
"id": "qpn-x-lineage.x000020",
"n": "Ekur-zakir[1//1]LN'LN",
"icount": "3",
"ipct": "100",
"xis": "qpn.r00001",
"pos": "LN",
"mng": "1",
"forms": [{
"type": "form",
"id": "qpn-x-lineage.x000021",
"n": "{m}E₂.KUR-za-kir",
"icount": "3",
"ipct": "100",
"xis": "qpn.r00001"}
,
{
"type": "form",
"id": "qpn-x-lineage.x000022",
"n": "{m}E₂-KUR-za-kir",
"icount": "0",
"ipct": "0",
"xis": "qpn.r00002"}
]
,
"norms": [{
"id": "qpn-x-lineage.x000023",
"n": "Ekur-zakir",
"icount": "3",
"ipct": "100",
"xis": "qpn.r00001"}
]
,
"bases": [{
"type": "base",
"id": "qpn-x-lineage.x000024",
"n": "{m}E₂-KUR-za-kir",
"icount": "0",
"ipct": "0",
"xis": "qpn.r00002"}
]
,
"morphs": [{
"type": "morph",
"id": "qpn-x-lineage.x000025",
"n": "~",
"icount": "0",
"ipct": "0",
"xis": "qpn.r00002"}
]
,
"sigs": [{
"type": "sig",
"id": "qpn-x-lineage.x000026",
"sig": "@dcclt%akk:{m}E₂.KUR-za-kir=Ekur-zakir[1//1]LN'LN$Ekur-zakir",
"icount": "3",
"ipct": "100",
"xis": "qpn.r00001"}
,
{
"type": "sig",
"id": "qpn-x-lineage.x000027",
"sig": "@dcclt%sux:{m}E₂-KUR-za-kir=Ekur-zakir[1//1]LN'LN$Ekur-zakir/{m}E₂-KUR-za-kir#~",
"icount": "0",
"ipct": "0",
"xis": "qpn.r00002"}
]
}
]
}
]

,
"instances": {"qpn.r00002": []
,
"qpn.r00001": ["dcclt:P348780.67.1",
"dcclt:P363707.343.1",
"dcclt:P363707.345.2"]
,
"qpn.r00000": ["dcclt/nineveh:P452527.9.2",
"dcclt:P348714.76.3"]
,
"qpn.r00001.p.s000": ["dcclt:P348780.67.1",
"dcclt:P363707.343.1",
"dcclt:P363707.345.2"]
,
"qpn.r00000.p.s000": ["dcclt/nineveh:P452527.9.2"]
,
"qpn.r00000.p.s001": ["dcclt:P348714.76.3"]
}

}
