{
	"type": "glossary",
	"project": "dcclt",
  "source": "http://oracc.org/dcclt",
  "license": "This data is released under the CC0 license",
  "license-url": "https://creativecommons.org/publicdomain/zero/1.0/",
  "more-info": "http://oracc.org/doc/opendata/",
  "UTC-timestamp": "2017-05-19T18:29:40",
  "source": "http://oracc.org/dcclt",
  "license": "This data is released under the CC0 license",
  "license-url": "https://creativecommons.org/publicdomain/zero/1.0/",
  "more-info": "http://oracc.org/doc/opendata/",
  "UTC-timestamp": "2017-05-19T18:20:56",
  "source": "http://oracc.org/dcclt",
  "license": "This data is released under the CC0 license",
  "license-url": "https://creativecommons.org/publicdomain/zero/1.0/",
  "more-info": "http://oracc.org/doc/opendata/",
  "UTC-timestamp": "2017-05-17T05:09:10",
  "source": "http://oracc.org/dcclt",
  "license": "This data is released under the CC0 license",
  "license-url": "https://creativecommons.org/publicdomain/zero/1.0/",
  "more-info": "http://oracc.org/doc/opendata/",
  "UTC-timestamp": "2017-05-17T05:00:37",
  "source": "http://oracc.org/dcclt",
  "license": "This data is released under the CC0 license",
  "license-url": "https://creativecommons.org/publicdomain/zero/1.0/",
  "more-info": "http://oracc.org/doc/opendata/",
  "UTC-timestamp": "2017-05-13T01:06:36",
  "source": "http://oracc.org/dcclt",
  "license": "This data is released under the CC0 license",
  "license-url": "https://creativecommons.org/publicdomain/zero/1.0/",
  "more-info": "http://oracc.org/doc/opendata/",
  "UTC-timestamp": "2017-05-13T00:58:14",
  "source": "http://oracc.org/dcclt",
  "license": "This data is released under the CC0 license",
  "license-url": "https://creativecommons.org/publicdomain/zero/1.0/",
  "more-info": "http://oracc.org/doc/opendata/",
  "UTC-timestamp": "2017-05-11T19:34:33",
  "source": "http://oracc.org/dcclt",
  "license": "This data is released under the CC0 license",
  "license-url": "https://creativecommons.org/publicdomain/zero/1.0/",
  "more-info": "http://oracc.org/doc/opendata/",
  "UTC-timestamp": "2017-05-11T19:26:02",
  "source": "http://oracc.org/dcclt",
  "license": "This data is released under the CC0 license",
  "license-url": "https://creativecommons.org/publicdomain/zero/1.0/",
  "more-info": "http://oracc.org/doc/opendata/",
  "UTC-timestamp": "2017-05-10T20:41:08",
  "source": "http://oracc.org/dcclt",
  "license": "This data is released under the CC0 license",
  "license-url": "https://creativecommons.org/publicdomain/zero/1.0/",
  "more-info": "http://oracc.org/doc/opendata/",
  "UTC-timestamp": "2017-05-10T20:32:41",
  "source": "http://oracc.org/dcclt",
  "license": "This data is released under the CC0 license",
  "license-url": "https://creativecommons.org/publicdomain/zero/1.0/",
  "more-info": "http://oracc.org/doc/opendata/",
  "UTC-timestamp": "2017-05-06T00:39:59",
  "source": "http://oracc.org/dcclt",
  "license": "This data is released under the CC0 license",
  "license-url": "https://creativecommons.org/publicdomain/zero/1.0/",
  "more-info": "http://oracc.org/doc/opendata/",
  "UTC-timestamp": "2017-05-06T00:31:45",
  "source": "http://oracc.org/dcclt",
  "license": "This data is released under the CC0 license",
  "license-url": "https://creativecommons.org/publicdomain/zero/1.0/",
  "more-info": "http://oracc.org/doc/opendata/",
  "UTC-timestamp": "2017-04-28T19:23:24",
  "source": "http://oracc.org/dcclt",
  "license": "This data is released under the CC0 license",
  "license-url": "https://creativecommons.org/publicdomain/zero/1.0/",
  "more-info": "http://oracc.org/doc/opendata/",
  "UTC-timestamp": "2017-04-28T19:14:32",
  "source": "http://oracc.org/dcclt",
  "license": "This data is released under the CC0 license",
  "license-url": "https://creativecommons.org/publicdomain/zero/1.0/",
  "more-info": "http://oracc.org/doc/opendata/",
  "UTC-timestamp": "2017-04-27T19:09:38",
  "source": "http://oracc.org/dcclt",
  "license": "This data is released under the CC0 license",
  "license-url": "https://creativecommons.org/publicdomain/zero/1.0/",
  "more-info": "http://oracc.org/doc/opendata/",
  "UTC-timestamp": "2017-04-27T19:00:56",
  "source": "http://oracc.org/dcclt",
  "license": "This data is released under the CC0 license",
  "license-url": "https://creativecommons.org/publicdomain/zero/1.0/",
  "more-info": "http://oracc.org/doc/opendata/",
  "UTC-timestamp": "2017-04-27T01:57:23",
  "source": "http://oracc.org/dcclt",
  "license": "This data is released under the CC0 license",
  "license-url": "https://creativecommons.org/publicdomain/zero/1.0/",
  "more-info": "http://oracc.org/doc/opendata/",
  "UTC-timestamp": "2017-04-27T01:48:42",
  "source": "http://oracc.org/dcclt",
  "license": "This data is released under the CC0 license",
  "license-url": "https://creativecommons.org/publicdomain/zero/1.0/",
  "more-info": "http://oracc.org/doc/opendata/",
  "UTC-timestamp": "2017-03-20T20:35:56",
  "source": "http://oracc.org/dcclt",
  "license": "This data is released under the CC0 license",
  "license-url": "https://creativecommons.org/publicdomain/zero/1.0/",
  "more-info": "http://oracc.org/doc/opendata/",
  "UTC-timestamp": "2017-03-20T19:34:38",
  "source": "http://oracc.org/dcclt",
  "license": "This data is released under the CC0 license",
  "license-url": "https://creativecommons.org/publicdomain/zero/1.0/",
  "more-info": "http://oracc.org/doc/opendata/",
  "UTC-timestamp": "2017-03-16T19:37:55",
  "source": "http://oracc.org/dcclt",
  "license": "This data is released under the CC0 license",
  "license-url": "https://creativecommons.org/publicdomain/zero/1.0/",
  "more-info": "http://oracc.org/doc/opendata/",
  "UTC-timestamp": "2017-03-16T18:43:22",
  "source": "http://oracc.org/dcclt",
  "license": "This data is released under the CC0 license",
  "license-url": "https://creativecommons.org/publicdomain/zero/1.0/",
  "more-info": "http://oracc.org/doc/opendata/",
  "UTC-timestamp": "2017-03-16T17:10:25",
  "source": "http://oracc.org/dcclt",
  "license": "This data is released under the CC0 license",
  "license-url": "https://creativecommons.org/publicdomain/zero/1.0/",
  "more-info": "http://oracc.org/doc/opendata/",
  "UTC-timestamp": "2017-03-16T16:56:17",
  "source": "http://oracc.org/dcclt",
  "license": "This data is released under the CC0 license",
  "license-url": "https://creativecommons.org/publicdomain/zero/1.0/",
  "more-info": "http://oracc.org/doc/opendata/",
  "UTC-timestamp": "2017-03-16T02:06:30",
  "source": "http://oracc.org/dcclt",
  "license": "This data is released under the CC0 license",
  "license-url": "https://creativecommons.org/publicdomain/zero/1.0/",
  "more-info": "http://oracc.org/doc/opendata/",
  "UTC-timestamp": "2017-03-16T01:47:50",
  "source": "http://oracc.org/dcclt",
  "license": "This data is released under the CC0 license",
  "license-url": "https://creativecommons.org/publicdomain/zero/1.0/",
  "more-info": "http://oracc.org/doc/opendata/",
  "UTC-timestamp": "2017-03-07T00:06:57",
  "source": "http://oracc.org/dcclt",
  "license": "This data is released under the CC0 license",
  "license-url": "https://creativecommons.org/publicdomain/zero/1.0/",
  "more-info": "http://oracc.org/doc/opendata/",
  "UTC-timestamp": "2017-03-06T23:58:06",
  "source": "http://oracc.org/dcclt",
  "license": "This data is released under the CC0 license",
  "license-url": "https://creativecommons.org/publicdomain/zero/1.0/",
  "more-info": "http://oracc.org/doc/opendata/",
  "UTC-timestamp": "2017-03-04T01:00:02",
  "source": "http://oracc.org/dcclt",
  "license": "This data is released under the CC0 license",
  "license-url": "https://creativecommons.org/publicdomain/zero/1.0/",
  "more-info": "http://oracc.org/doc/opendata/",
  "UTC-timestamp": "2017-03-04T00:51:16",
  "source": "http://oracc.org/dcclt",
  "license": "This data is released under the CC0 license",
  "license-url": "https://creativecommons.org/publicdomain/zero/1.0/",
  "more-info": "http://oracc.org/doc/opendata/",
  "UTC-timestamp": "2017-02-28T20:10:25",
  "source": "http://oracc.org/dcclt",
  "license": "This data is released under the CC0 license",
  "license-url": "https://creativecommons.org/publicdomain/zero/1.0/",
  "more-info": "http://oracc.org/doc/opendata/",
  "UTC-timestamp": "2017-02-28T20:00:54",
  "source": "http://oracc.org/dcclt",
  "license": "This data is released under the CC0 license",
  "license-url": "https://creativecommons.org/publicdomain/zero/1.0/",
  "more-info": "http://oracc.org/doc/opendata/",
  "UTC-timestamp": "2017-02-14T22:49:28",
  "source": "http://oracc.org/dcclt",
  "license": "This data is released under the CC0 license",
  "license-url": "https://creativecommons.org/publicdomain/zero/1.0/",
  "more-info": "http://oracc.org/doc/opendata/",
  "UTC-timestamp": "2017-02-14T22:40:01",
  "source": "http://oracc.org/dcclt",
  "license": "This data is released under the CC0 license",
  "license-url": "https://creativecommons.org/publicdomain/zero/1.0/",
  "more-info": "http://oracc.org/doc/opendata/",
  "UTC-timestamp": "2017-02-14T22:09:58",
  "source": "http://oracc.org/dcclt",
  "license": "This data is released under the CC0 license",
  "license-url": "https://creativecommons.org/publicdomain/zero/1.0/",
  "more-info": "http://oracc.org/doc/opendata/",
  "UTC-timestamp": "2017-02-14T02:59:33",
  "source": "http://oracc.org/dcclt",
  "license": "This data is released under the CC0 license",
  "license-url": "https://creativecommons.org/publicdomain/zero/1.0/",
  "more-info": "http://oracc.org/doc/opendata/",
  "UTC-timestamp": "2017-02-14T02:50:18",
	"lang": "akk-x-earakk",
"entries": [{
"headword": "agālu[donkey]N",
"id": "akk-x-earakk.x000004",
"icount": "1",
"ipct": "100",
"xis": "akk.r00000",
"cf": "agālu",
"gw": "donkey",
"pos": "N",
"forms": [{
"type": "form",
"id": "akk-x-earakk.x000031",
"n": "ag-lum",
"icount": "1",
"ipct": "100",
"xis": "akk.r00000"}
]
,
"norms": [{
"id": "akk-x-earakk.x000032",
"icount": "1",
"ipct": "100",
"xis": "akk.r00000",
"n": "aglum",
"forms": [{
"type": "normform",
"id": "akk-x-earakk.x000033",
"ref": "akk-x-earakk.x000031",
"icount": "1",
"ipct": "100",
"xis": "akk.r00000"}
]
}
]
,
"senses": [{
"type": "sense",
"id": "akk-x-earakk.x000034",
"n": "agālu[donkey//donkey]N'N",
"icount": "1",
"ipct": "100",
"xis": "akk.r00000",
"pos": "N",
"mng": "donkey",
"forms": [{
"type": "form",
"id": "akk-x-earakk.x000035",
"n": "%akk-x-earakk:ag-lum",
"icount": "1",
"ipct": "100",
"xis": "akk.r00000"}
]
,
"norms": [{
"id": "akk-x-earakk.x000036",
"n": "aglum",
"icount": "1",
"ipct": "100",
"xis": "akk.r00000"}
]
,
"sigs": [{
"type": "sig",
"id": "akk-x-earakk.x000037",
"sig": "@dcclt%akk-x-earakk:ag-lum=agālu[donkey//donkey]N'N$aglum",
"icount": "1",
"ipct": "100",
"xis": "akk.r00000"}
]
}
]
}
,
{
"headword": "alluttu[crab]N",
"id": "akk-x-earakk.x000005",
"icount": "1",
"ipct": "100",
"xis": "akk.r00001",
"cf": "alluttu",
"gw": "crab",
"pos": "N",
"forms": [{
"type": "form",
"id": "akk-x-earakk.x000038",
"n": "al₆-la-a-tum",
"icount": "1",
"ipct": "100",
"xis": "akk.r00001"}
]
,
"norms": [{
"id": "akk-x-earakk.x000039",
"icount": "1",
"ipct": "100",
"xis": "akk.r00001",
"n": "allātum",
"forms": [{
"type": "normform",
"id": "akk-x-earakk.x000040",
"ref": "akk-x-earakk.x000038",
"icount": "1",
"ipct": "100",
"xis": "akk.r00001"}
]
}
]
,
"senses": [{
"type": "sense",
"id": "akk-x-earakk.x000041",
"n": "alluttu[crab//crab]N'N",
"icount": "1",
"ipct": "100",
"xis": "akk.r00001",
"pos": "N",
"mng": "crab",
"forms": [{
"type": "form",
"id": "akk-x-earakk.x000042",
"n": "%akk-x-earakk:al₆-la-a-tum",
"icount": "1",
"ipct": "100",
"xis": "akk.r00001"}
]
,
"norms": [{
"id": "akk-x-earakk.x000043",
"n": "allātum",
"icount": "1",
"ipct": "100",
"xis": "akk.r00001"}
]
,
"sigs": [{
"type": "sig",
"id": "akk-x-earakk.x000044",
"sig": "@dcclt%akk-x-earakk:al₆-la-a-tum=alluttu[crab//crab]N'N$allātum",
"icount": "1",
"ipct": "100",
"xis": "akk.r00001"}
]
}
]
}
,
{
"headword": "arrabu[dormouse]N",
"id": "akk-x-earakk.x000002",
"icount": "1",
"ipct": "100",
"xis": "akk.r00002",
"cf": "arrabu",
"gw": "dormouse",
"pos": "N",
"forms": [{
"type": "form",
"id": "akk-x-earakk.x000045",
"n": "a-ra-bu₃-um",
"icount": "1",
"ipct": "100",
"xis": "akk.r00002"}
]
,
"norms": [{
"id": "akk-x-earakk.x000046",
"icount": "1",
"ipct": "100",
"xis": "akk.r00002",
"n": "arrabum",
"forms": [{
"type": "normform",
"id": "akk-x-earakk.x000047",
"ref": "akk-x-earakk.x000045",
"icount": "1",
"ipct": "100",
"xis": "akk.r00002"}
]
}
]
,
"senses": [{
"type": "sense",
"id": "akk-x-earakk.x000048",
"n": "arrabu[dormouse//dormouse]N'N",
"icount": "1",
"ipct": "100",
"xis": "akk.r00002",
"pos": "N",
"mng": "dormouse",
"forms": [{
"type": "form",
"id": "akk-x-earakk.x000049",
"n": "%akk-x-earakk:a-ra-bu₃-um",
"icount": "1",
"ipct": "100",
"xis": "akk.r00002"}
]
,
"norms": [{
"id": "akk-x-earakk.x000050",
"n": "arrabum",
"icount": "1",
"ipct": "100",
"xis": "akk.r00002"}
]
,
"sigs": [{
"type": "sig",
"id": "akk-x-earakk.x000051",
"sig": "@dcclt%akk-x-earakk:a-ra-bu₃-um=arrabu[dormouse//dormouse]N'N$arrabum",
"icount": "1",
"ipct": "100",
"xis": "akk.r00002"}
]
}
]
}
,
{
"headword": "asu[bear]N",
"id": "akk-x-earakk.x000003",
"icount": "1",
"ipct": "100",
"xis": "akk.r00003",
"cf": "asu",
"gw": "bear",
"pos": "N",
"forms": [{
"type": "form",
"id": "akk-x-earakk.x000052",
"n": "a-zu-um",
"icount": "1",
"ipct": "100",
"xis": "akk.r00003"}
]
,
"norms": [{
"id": "akk-x-earakk.x000053",
"icount": "1",
"ipct": "100",
"xis": "akk.r00003",
"n": "azum",
"forms": [{
"type": "normform",
"id": "akk-x-earakk.x000054",
"ref": "akk-x-earakk.x000052",
"icount": "1",
"ipct": "100",
"xis": "akk.r00003"}
]
}
]
,
"senses": [{
"type": "sense",
"id": "akk-x-earakk.x000055",
"n": "asu[bear//bear]N'N",
"icount": "1",
"ipct": "100",
"xis": "akk.r00003",
"pos": "N",
"mng": "bear",
"forms": [{
"type": "form",
"id": "akk-x-earakk.x000056",
"n": "%akk-x-earakk:a-zu-um",
"icount": "1",
"ipct": "100",
"xis": "akk.r00003"}
]
,
"norms": [{
"id": "akk-x-earakk.x000057",
"n": "azum",
"icount": "1",
"ipct": "100",
"xis": "akk.r00003"}
]
,
"sigs": [{
"type": "sig",
"id": "akk-x-earakk.x000058",
"sig": "@dcclt%akk-x-earakk:a-zu-um=asu[bear//bear]N'N$azum",
"icount": "1",
"ipct": "100",
"xis": "akk.r00003"}
]
}
]
}
,
{
"headword": "bašmu[(mythical) poisonous snake]N",
"id": "akk-x-earakk.x000006",
"icount": "1",
"ipct": "100",
"xis": "akk.r00004",
"cf": "bašmu",
"gw": "(mythical) poisonous snake",
"pos": "N",
"forms": [{
"type": "form",
"id": "akk-x-earakk.x000059",
"n": "ba-ša-nu-um",
"icount": "1",
"ipct": "100",
"xis": "akk.r00004"}
]
,
"norms": [{
"id": "akk-x-earakk.x000060",
"icount": "1",
"ipct": "100",
"xis": "akk.r00004",
"n": "bašānum",
"forms": [{
"type": "normform",
"id": "akk-x-earakk.x000061",
"ref": "akk-x-earakk.x000059",
"icount": "1",
"ipct": "100",
"xis": "akk.r00004"}
]
}
]
,
"senses": [{
"type": "sense",
"id": "akk-x-earakk.x000062",
"n": "bašmu[(mythical) poisonous snake//horned viper]N'N",
"icount": "1",
"ipct": "100",
"xis": "akk.r00004",
"pos": "N",
"mng": "horned viper",
"forms": [{
"type": "form",
"id": "akk-x-earakk.x000063",
"n": "%akk-x-earakk:ba-ša-nu-um",
"icount": "1",
"ipct": "100",
"xis": "akk.r00004"}
]
,
"norms": [{
"id": "akk-x-earakk.x000064",
"n": "bašānum",
"icount": "1",
"ipct": "100",
"xis": "akk.r00004"}
]
,
"sigs": [{
"type": "sig",
"id": "akk-x-earakk.x000065",
"sig": "@dcclt%akk-x-earakk:ba-ša-nu-um=bašmu[(mythical) poisonous snake//horned viper]N'N$bašānum",
"icount": "1",
"ipct": "100",
"xis": "akk.r00004"}
]
}
]
}
,
{
"headword": "ditānu[bison]N",
"id": "akk-x-earakk.x000009",
"icount": "1",
"ipct": "100",
"xis": "akk.r00005",
"cf": "ditānu",
"gw": "bison",
"pos": "N",
"forms": [{
"type": "form",
"id": "akk-x-earakk.x000066",
"n": "ditanₓ(ELLES160)",
"icount": "1",
"ipct": "100",
"xis": "akk.r00005"}
]
,
"norms": [{
"id": "akk-x-earakk.x000067",
"icount": "1",
"ipct": "100",
"xis": "akk.r00005",
"n": "ditānu",
"forms": [{
"type": "normform",
"id": "akk-x-earakk.x000068",
"ref": "akk-x-earakk.x000066",
"icount": "1",
"ipct": "100",
"xis": "akk.r00005"}
]
}
]
,
"senses": [{
"type": "sense",
"id": "akk-x-earakk.x000069",
"n": "ditānu[bison//bison]N'N",
"icount": "1",
"ipct": "100",
"xis": "akk.r00005",
"pos": "N",
"mng": "bison",
"forms": [{
"type": "form",
"id": "akk-x-earakk.x000070",
"n": "%akk-x-earakk:ditanₓ(ELLES160)",
"icount": "1",
"ipct": "100",
"xis": "akk.r00005"}
]
,
"norms": [{
"id": "akk-x-earakk.x000071",
"n": "ditānu",
"icount": "1",
"ipct": "100",
"xis": "akk.r00005"}
]
,
"sigs": [{
"type": "sig",
"id": "akk-x-earakk.x000072",
"sig": "@dcclt%akk-x-earakk:ditanₓ(ELLES160)=ditānu[bison//bison]N'N$ditānu",
"icount": "1",
"ipct": "100",
"xis": "akk.r00005"}
]
}
]
}
,
{
"headword": "gušūru[tree-trunk]N",
"id": "akk-x-earakk.x000012",
"icount": "1",
"ipct": "100",
"xis": "akk.r00006",
"cf": "gušūru",
"gw": "tree-trunk",
"pos": "N",
"forms": [{
"type": "form",
"id": "akk-x-earakk.x000073",
"n": "gi-su-ri₂",
"icount": "1",
"ipct": "100",
"xis": "akk.r00006"}
]
,
"norms": [{
"id": "akk-x-earakk.x000074",
"icount": "1",
"ipct": "100",
"xis": "akk.r00006",
"n": "gisūri",
"forms": [{
"type": "normform",
"id": "akk-x-earakk.x000075",
"ref": "akk-x-earakk.x000073",
"icount": "1",
"ipct": "100",
"xis": "akk.r00006"}
]
}
]
,
"senses": [{
"type": "sense",
"id": "akk-x-earakk.x000076",
"n": "gušūru[tree-trunk//beam]N'N",
"icount": "1",
"ipct": "100",
"xis": "akk.r00006",
"pos": "N",
"mng": "beam",
"forms": [{
"type": "form",
"id": "akk-x-earakk.x000077",
"n": "%akk-x-earakk:gi-su-ri₂",
"icount": "1",
"ipct": "100",
"xis": "akk.r00006"}
]
,
"norms": [{
"id": "akk-x-earakk.x000078",
"n": "gisūri",
"icount": "1",
"ipct": "100",
"xis": "akk.r00006"}
]
,
"sigs": [{
"type": "sig",
"id": "akk-x-earakk.x000079",
"sig": "@dcclt%akk-x-earakk:gi-su-ri₂=gušūru[tree-trunk//beam]N'N$gisūri",
"icount": "1",
"ipct": "100",
"xis": "akk.r00006"}
]
}
]
}
,
{
"headword": "humṣīru[(large) mouse]N",
"id": "akk-x-earakk.x000016",
"icount": "1",
"ipct": "100",
"xis": "akk.r00007",
"cf": "humṣīru",
"gw": "(large) mouse",
"pos": "N",
"forms": [{
"type": "form",
"id": "akk-x-earakk.x000080",
"n": "ha-mun-ṣi₂-lum",
"icount": "1",
"ipct": "100",
"xis": "akk.r00007"}
]
,
"norms": [{
"id": "akk-x-earakk.x000081",
"icount": "1",
"ipct": "100",
"xis": "akk.r00007",
"n": "hamunṣīrum",
"forms": [{
"type": "normform",
"id": "akk-x-earakk.x000082",
"ref": "akk-x-earakk.x000080",
"icount": "1",
"ipct": "100",
"xis": "akk.r00007"}
]
}
]
,
"senses": [{
"type": "sense",
"id": "akk-x-earakk.x000083",
"n": "humṣīru[(large) mouse//(large) mouse]N'N",
"icount": "1",
"ipct": "100",
"xis": "akk.r00007",
"pos": "N",
"mng": "(large) mouse",
"forms": [{
"type": "form",
"id": "akk-x-earakk.x000084",
"n": "%akk-x-earakk:ha-mun-ṣi₂-lum",
"icount": "1",
"ipct": "100",
"xis": "akk.r00007"}
]
,
"norms": [{
"id": "akk-x-earakk.x000085",
"n": "hamunṣīrum",
"icount": "1",
"ipct": "100",
"xis": "akk.r00007"}
]
,
"sigs": [{
"type": "sig",
"id": "akk-x-earakk.x000086",
"sig": "@dcclt%akk-x-earakk:ha-mun-ṣi₂-lum=humṣīru[(large) mouse//(large) mouse]N'N$hamunṣīrum",
"icount": "1",
"ipct": "100",
"xis": "akk.r00007"}
]
}
]
}
,
{
"headword": "išqippu[earthworm]N",
"id": "akk-x-earakk.x000017",
"icount": "1",
"ipct": "100",
"xis": "akk.r00008",
"cf": "išqippu",
"gw": "earthworm",
"pos": "N",
"forms": [{
"type": "form",
"id": "akk-x-earakk.x000087",
"n": "is-ga-bu₃-um",
"icount": "1",
"ipct": "100",
"xis": "akk.r00008"}
]
,
"norms": [{
"id": "akk-x-earakk.x000088",
"icount": "1",
"ipct": "100",
"xis": "akk.r00008",
"n": "isqappum",
"forms": [{
"type": "normform",
"id": "akk-x-earakk.x000089",
"ref": "akk-x-earakk.x000087",
"icount": "1",
"ipct": "100",
"xis": "akk.r00008"}
]
}
]
,
"senses": [{
"type": "sense",
"id": "akk-x-earakk.x000090",
"n": "išqippu[earthworm//earthworm]N'N",
"icount": "1",
"ipct": "100",
"xis": "akk.r00008",
"pos": "N",
"mng": "earthworm",
"forms": [{
"type": "form",
"id": "akk-x-earakk.x000091",
"n": "%akk-x-earakk:is-ga-bu₃-um",
"icount": "1",
"ipct": "100",
"xis": "akk.r00008"}
]
,
"norms": [{
"id": "akk-x-earakk.x000092",
"n": "isqappum",
"icount": "1",
"ipct": "100",
"xis": "akk.r00008"}
]
,
"sigs": [{
"type": "sig",
"id": "akk-x-earakk.x000093",
"sig": "@dcclt%akk-x-earakk:is-ga-bu₃-um=išqippu[earthworm//earthworm]N'N$isqappum",
"icount": "1",
"ipct": "100",
"xis": "akk.r00008"}
]
}
]
}
,
{
"headword": "karānu[vine]N",
"id": "akk-x-earakk.x000011",
"icount": "1",
"ipct": "100",
"xis": "akk.r00009",
"cf": "karānu",
"gw": "vine",
"pos": "N",
"forms": [{
"type": "form",
"id": "akk-x-earakk.x000094",
"n": "gi-na-ri₂-im",
"icount": "1",
"ipct": "100",
"xis": "akk.r00009"}
]
,
"norms": [{
"id": "akk-x-earakk.x000095",
"icount": "1",
"ipct": "100",
"xis": "akk.r00009",
"n": "kinārim",
"forms": [{
"type": "normform",
"id": "akk-x-earakk.x000096",
"ref": "akk-x-earakk.x000094",
"icount": "1",
"ipct": "100",
"xis": "akk.r00009"}
]
}
]
,
"senses": [{
"type": "sense",
"id": "akk-x-earakk.x000097",
"n": "karānu[vine//vine]N'N",
"icount": "1",
"ipct": "100",
"xis": "akk.r00009",
"pos": "N",
"mng": "vine",
"forms": [{
"type": "form",
"id": "akk-x-earakk.x000098",
"n": "%akk-x-earakk:gi-na-ri₂-im",
"icount": "1",
"ipct": "100",
"xis": "akk.r00009"}
]
,
"norms": [{
"id": "akk-x-earakk.x000099",
"n": "kinārim",
"icount": "1",
"ipct": "100",
"xis": "akk.r00009"}
]
,
"sigs": [{
"type": "sig",
"id": "akk-x-earakk.x000100",
"sig": "@dcclt%akk-x-earakk:gi-na-ri₂-im=karānu[vine//vine]N'N$kinārim",
"icount": "1",
"ipct": "100",
"xis": "akk.r00009"}
]
}
]
}
,
{
"headword": "kulīlu[dragonfly]N",
"id": "akk-x-earakk.x000015",
"icount": "1",
"ipct": "100",
"xis": "akk.r0000a",
"cf": "kulīlu",
"gw": "dragonfly",
"pos": "N",
"forms": [{
"type": "form",
"id": "akk-x-earakk.x000101",
"n": "gu₂-li-lu-um",
"icount": "1",
"ipct": "100",
"xis": "akk.r0000a"}
]
,
"norms": [{
"id": "akk-x-earakk.x000102",
"icount": "1",
"ipct": "100",
"xis": "akk.r0000a",
"n": "kulīlum",
"forms": [{
"type": "normform",
"id": "akk-x-earakk.x000103",
"ref": "akk-x-earakk.x000101",
"icount": "1",
"ipct": "100",
"xis": "akk.r0000a"}
]
}
]
,
"senses": [{
"type": "sense",
"id": "akk-x-earakk.x000104",
"n": "kulīlu[dragonfly//dragonfly]N'N",
"icount": "1",
"ipct": "100",
"xis": "akk.r0000a",
"pos": "N",
"mng": "dragonfly",
"forms": [{
"type": "form",
"id": "akk-x-earakk.x000105",
"n": "%akk-x-earakk:gu₂-li-lu-um",
"icount": "1",
"ipct": "100",
"xis": "akk.r0000a"}
]
,
"norms": [{
"id": "akk-x-earakk.x000106",
"n": "kulīlum",
"icount": "1",
"ipct": "100",
"xis": "akk.r0000a"}
]
,
"sigs": [{
"type": "sig",
"id": "akk-x-earakk.x000107",
"sig": "@dcclt%akk-x-earakk:gu₂-li-lu-um=kulīlu[dragonfly//dragonfly]N'N$kulīlum",
"icount": "1",
"ipct": "100",
"xis": "akk.r0000a"}
]
}
]
}
,
{
"headword": "kurṣiptu[butterfly]N",
"id": "akk-x-earakk.x000013",
"icount": "1",
"ipct": "100",
"xis": "akk.r0000b",
"cf": "kurṣiptu",
"gw": "butterfly",
"pos": "N",
"forms": [{
"type": "form",
"id": "akk-x-earakk.x000108",
"n": "gul-zi-bi₂-tum",
"icount": "1",
"ipct": "100",
"xis": "akk.r0000b"}
]
,
"norms": [{
"id": "akk-x-earakk.x000109",
"icount": "1",
"ipct": "100",
"xis": "akk.r0000b",
"n": "kurṣibitum",
"forms": [{
"type": "normform",
"id": "akk-x-earakk.x000110",
"ref": "akk-x-earakk.x000108",
"icount": "1",
"ipct": "100",
"xis": "akk.r0000b"}
]
}
]
,
"senses": [{
"type": "sense",
"id": "akk-x-earakk.x000111",
"n": "kurṣiptu[butterfly//butterfly]N'N",
"icount": "1",
"ipct": "100",
"xis": "akk.r0000b",
"pos": "N",
"mng": "butterfly",
"forms": [{
"type": "form",
"id": "akk-x-earakk.x000112",
"n": "%akk-x-earakk:gul-zi-bi₂-tum",
"icount": "1",
"ipct": "100",
"xis": "akk.r0000b"}
]
,
"norms": [{
"id": "akk-x-earakk.x000113",
"n": "kurṣibitum",
"icount": "1",
"ipct": "100",
"xis": "akk.r0000b"}
]
,
"sigs": [{
"type": "sig",
"id": "akk-x-earakk.x000114",
"sig": "@dcclt%akk-x-earakk:gul-zi-bi₂-tum=kurṣiptu[butterfly//butterfly]N'N$kurṣibitum",
"icount": "1",
"ipct": "100",
"xis": "akk.r0000b"}
]
}
]
}
,
{
"headword": "lamattu[ant]N",
"id": "akk-x-earakk.x000019",
"icount": "1",
"ipct": "100",
"xis": "akk.r0000c",
"cf": "lamattu",
"gw": "ant",
"pos": "N",
"forms": [{
"type": "form",
"id": "akk-x-earakk.x000115",
"n": "la-ma-an",
"icount": "1",
"ipct": "100",
"xis": "akk.r0000c"}
]
,
"norms": [{
"id": "akk-x-earakk.x000116",
"icount": "1",
"ipct": "100",
"xis": "akk.r0000c",
"n": "lamān",
"forms": [{
"type": "normform",
"id": "akk-x-earakk.x000117",
"ref": "akk-x-earakk.x000115",
"icount": "1",
"ipct": "100",
"xis": "akk.r0000c"}
]
}
]
,
"senses": [{
"type": "sense",
"id": "akk-x-earakk.x000118",
"n": "lamattu[ant//ant]N'N",
"icount": "1",
"ipct": "100",
"xis": "akk.r0000c",
"pos": "N",
"mng": "ant",
"forms": [{
"type": "form",
"id": "akk-x-earakk.x000119",
"n": "%akk-x-earakk:la-ma-an",
"icount": "1",
"ipct": "100",
"xis": "akk.r0000c"}
]
,
"norms": [{
"id": "akk-x-earakk.x000120",
"n": "lamān",
"icount": "1",
"ipct": "100",
"xis": "akk.r0000c"}
]
,
"sigs": [{
"type": "sig",
"id": "akk-x-earakk.x000121",
"sig": "@dcclt%akk-x-earakk:la-ma-an=lamattu[ant//ant]N'N$lamān",
"icount": "1",
"ipct": "100",
"xis": "akk.r0000c"}
]
}
]
}
,
{
"headword": "laqlaqqu[stork]N",
"id": "akk-x-earakk.x000018",
"icount": "1",
"ipct": "100",
"xis": "akk.r0000d",
"cf": "laqlaqqu",
"gw": "stork",
"pos": "N",
"forms": [{
"type": "form",
"id": "akk-x-earakk.x000122",
"n": "la-ag-la-gum₂",
"icount": "1",
"ipct": "100",
"xis": "akk.r0000d"}
]
,
"norms": [{
"id": "akk-x-earakk.x000123",
"icount": "1",
"ipct": "100",
"xis": "akk.r0000d",
"n": "laqlaqqum",
"forms": [{
"type": "normform",
"id": "akk-x-earakk.x000124",
"ref": "akk-x-earakk.x000122",
"icount": "1",
"ipct": "100",
"xis": "akk.r0000d"}
]
}
]
,
"senses": [{
"type": "sense",
"id": "akk-x-earakk.x000125",
"n": "laqlaqqu[stork//(a rodent)]N'N",
"icount": "1",
"ipct": "100",
"xis": "akk.r0000d",
"pos": "N",
"mng": "(a rodent)",
"forms": [{
"type": "form",
"id": "akk-x-earakk.x000126",
"n": "%akk-x-earakk:la-ag-la-gum₂",
"icount": "1",
"ipct": "100",
"xis": "akk.r0000d"}
]
,
"norms": [{
"id": "akk-x-earakk.x000127",
"n": "laqlaqqum",
"icount": "1",
"ipct": "100",
"xis": "akk.r0000d"}
]
,
"sigs": [{
"type": "sig",
"id": "akk-x-earakk.x000128",
"sig": "@dcclt%akk-x-earakk:la-ag-la-gum₂=laqlaqqu[stork//(a rodent)]N'N$laqlaqqum",
"icount": "1",
"ipct": "100",
"xis": "akk.r0000d"}
]
}
]
}
,
{
"headword": "mindinu[tiger]N",
"id": "akk-x-earakk.x000020",
"icount": "2",
"ipct": "100",
"xis": "akk.r0000e",
"cf": "mindinu",
"gw": "tiger",
"pos": "N",
"forms": [{
"type": "form",
"id": "akk-x-earakk.x000129",
"n": "mu-da-ne-num₂",
"icount": "1",
"ipct": "50",
"xis": "akk.r0000f"}
,
{
"type": "form",
"id": "akk-x-earakk.x000130",
"n": "mun-di₃-num₂",
"icount": "1",
"ipct": "50",
"xis": "akk.r00010"}
]
,
"norms": [{
"id": "akk-x-earakk.x000131",
"icount": "1",
"ipct": "50",
"xis": "akk.r0000f",
"n": "mudanenum",
"forms": [{
"type": "normform",
"id": "akk-x-earakk.x000132",
"ref": "akk-x-earakk.x000129",
"icount": "1",
"ipct": "50",
"xis": "akk.r0000f"}
]
}
,
{
"id": "akk-x-earakk.x000133",
"icount": "1",
"ipct": "50",
"xis": "akk.r00010",
"n": "mundinum",
"forms": [{
"type": "normform",
"id": "akk-x-earakk.x000134",
"ref": "akk-x-earakk.x000130",
"icount": "1",
"ipct": "50",
"xis": "akk.r00010"}
]
}
]
,
"senses": [{
"type": "sense",
"id": "akk-x-earakk.x000135",
"n": "mindinu[tiger//tiger]N'N",
"icount": "2",
"ipct": "100",
"xis": "akk.r0000e",
"pos": "N",
"mng": "tiger",
"forms": [{
"type": "form",
"id": "akk-x-earakk.x000136",
"n": "%akk-x-earakk:mu-da-ne-num₂",
"icount": "1",
"ipct": "50",
"xis": "akk.r0000f"}
,
{
"type": "form",
"id": "akk-x-earakk.x000137",
"n": "%akk-x-earakk:mun-di₃-num₂",
"icount": "1",
"ipct": "50",
"xis": "akk.r00010"}
]
,
"norms": [{
"id": "akk-x-earakk.x000138",
"n": "mudanenum",
"icount": "1",
"ipct": "50",
"xis": "akk.r0000f"}
,
{
"id": "akk-x-earakk.x000139",
"n": "mundinum",
"icount": "1",
"ipct": "50",
"xis": "akk.r00010"}
]
,
"sigs": [{
"type": "sig",
"id": "akk-x-earakk.x000140",
"sig": "@dcclt%akk-x-earakk:mu-da-ne-num₂=mindinu[tiger//tiger]N'N$mudanenum",
"icount": "1",
"ipct": "50",
"xis": "akk.r0000f"}
,
{
"type": "sig",
"id": "akk-x-earakk.x000141",
"sig": "@dcclt%akk-x-earakk:mun-di₃-num₂=mindinu[tiger//tiger]N'N$mundinum",
"icount": "1",
"ipct": "50",
"xis": "akk.r00010"}
]
}
]
}
,
{
"headword": "mû[water]N",
"id": "akk-x-earakk.x000000",
"icount": "1",
"ipct": "100",
"xis": "akk.r00011",
"cf": "mû",
"gw": "water",
"pos": "N",
"forms": [{
"type": "form",
"id": "akk-x-earakk.x000142",
"n": "A",
"icount": "1",
"ipct": "100",
"xis": "akk.r00011"}
]
,
"norms": [{
"id": "akk-x-earakk.x000143",
"icount": "1",
"ipct": "100",
"xis": "akk.r00011",
"n": "mê",
"forms": [{
"type": "normform",
"id": "akk-x-earakk.x000144",
"ref": "akk-x-earakk.x000142",
"icount": "1",
"ipct": "100",
"xis": "akk.r00011"}
]
}
]
,
"senses": [{
"type": "sense",
"id": "akk-x-earakk.x000145",
"n": "mû[water//water]N'N",
"icount": "1",
"ipct": "100",
"xis": "akk.r00011",
"pos": "N",
"mng": "water",
"forms": [{
"type": "form",
"id": "akk-x-earakk.x000146",
"n": "%akk-x-earakk:A",
"icount": "1",
"ipct": "100",
"xis": "akk.r00011"}
]
,
"norms": [{
"id": "akk-x-earakk.x000147",
"n": "mê",
"icount": "1",
"ipct": "100",
"xis": "akk.r00011"}
]
,
"sigs": [{
"type": "sig",
"id": "akk-x-earakk.x000148",
"sig": "@dcclt%akk-x-earakk:A=mû[water//water]N'N$mê",
"icount": "1",
"ipct": "100",
"xis": "akk.r00011"}
]
}
]
}
,
{
"headword": "nimru[leopard]N",
"id": "akk-x-earakk.x000023",
"icount": "1",
"ipct": "100",
"xis": "akk.r00012",
"cf": "nimru",
"gw": "leopard",
"pos": "N",
"forms": [{
"type": "form",
"id": "akk-x-earakk.x000149",
"n": "na-me-lum",
"icount": "1",
"ipct": "100",
"xis": "akk.r00012"}
]
,
"norms": [{
"id": "akk-x-earakk.x000150",
"icount": "1",
"ipct": "100",
"xis": "akk.r00012",
"n": "namerum",
"forms": [{
"type": "normform",
"id": "akk-x-earakk.x000151",
"ref": "akk-x-earakk.x000149",
"icount": "1",
"ipct": "100",
"xis": "akk.r00012"}
]
}
]
,
"senses": [{
"type": "sense",
"id": "akk-x-earakk.x000152",
"n": "nimru[leopard//leopard]N'N",
"icount": "1",
"ipct": "100",
"xis": "akk.r00012",
"pos": "N",
"mng": "leopard",
"forms": [{
"type": "form",
"id": "akk-x-earakk.x000153",
"n": "%akk-x-earakk:na-me-lum",
"icount": "1",
"ipct": "100",
"xis": "akk.r00012"}
]
,
"norms": [{
"id": "akk-x-earakk.x000154",
"n": "namerum",
"icount": "1",
"ipct": "100",
"xis": "akk.r00012"}
]
,
"sigs": [{
"type": "sig",
"id": "akk-x-earakk.x000155",
"sig": "@dcclt%akk-x-earakk:na-me-lum=nimru[leopard//leopard]N'N$namerum",
"icount": "1",
"ipct": "100",
"xis": "akk.r00012"}
]
}
]
}
,
{
"headword": "nirāhu[(a kind of snake)]N",
"id": "akk-x-earakk.x000028",
"icount": "1",
"ipct": "100",
"xis": "akk.r00013",
"cf": "nirāhu",
"gw": "(a kind of snake)",
"pos": "N",
"forms": [{
"type": "form",
"id": "akk-x-earakk.x000156",
"n": "še₃-ra-hu-um",
"icount": "1",
"ipct": "100",
"xis": "akk.r00013"}
]
,
"norms": [{
"id": "akk-x-earakk.x000157",
"icount": "1",
"ipct": "100",
"xis": "akk.r00013",
"n": "šerāhum",
"forms": [{
"type": "normform",
"id": "akk-x-earakk.x000158",
"ref": "akk-x-earakk.x000156",
"icount": "1",
"ipct": "100",
"xis": "akk.r00013"}
]
}
]
,
"senses": [{
"type": "sense",
"id": "akk-x-earakk.x000159",
"n": "nirāhu[(a kind of snake)//(a kind of snake)]N'N",
"icount": "1",
"ipct": "100",
"xis": "akk.r00013",
"pos": "N",
"mng": "(a kind of snake)",
"forms": [{
"type": "form",
"id": "akk-x-earakk.x000160",
"n": "%akk-x-earakk:še₃-ra-hu-um",
"icount": "1",
"ipct": "100",
"xis": "akk.r00013"}
]
,
"norms": [{
"id": "akk-x-earakk.x000161",
"n": "šerāhum",
"icount": "1",
"ipct": "100",
"xis": "akk.r00013"}
]
,
"sigs": [{
"type": "sig",
"id": "akk-x-earakk.x000162",
"sig": "@dcclt%akk-x-earakk:še₃-ra-hu-um=nirāhu[(a kind of snake)//(a kind of snake)]N'N$šerāhum",
"icount": "1",
"ipct": "100",
"xis": "akk.r00013"}
]
}
]
}
,
{
"headword": "nābu[insect eggs]N",
"id": "akk-x-earakk.x000021",
"icount": "1",
"ipct": "100",
"xis": "akk.r00014",
"cf": "nābu",
"gw": "insect eggs",
"pos": "N",
"forms": [{
"type": "form",
"id": "akk-x-earakk.x000163",
"n": "na-bu₃",
"icount": "1",
"ipct": "100",
"xis": "akk.r00014"}
]
,
"norms": [{
"id": "akk-x-earakk.x000164",
"icount": "1",
"ipct": "100",
"xis": "akk.r00014",
"n": "nābu",
"forms": [{
"type": "normform",
"id": "akk-x-earakk.x000165",
"ref": "akk-x-earakk.x000163",
"icount": "1",
"ipct": "100",
"xis": "akk.r00014"}
]
}
]
,
"senses": [{
"type": "sense",
"id": "akk-x-earakk.x000166",
"n": "nābu[insect eggs//insect eggs]N'N",
"icount": "1",
"ipct": "100",
"xis": "akk.r00014",
"pos": "N",
"mng": "insect eggs",
"forms": [{
"type": "form",
"id": "akk-x-earakk.x000167",
"n": "%akk-x-earakk:na-bu₃",
"icount": "1",
"ipct": "100",
"xis": "akk.r00014"}
]
,
"norms": [{
"id": "akk-x-earakk.x000168",
"n": "nābu",
"icount": "1",
"ipct": "100",
"xis": "akk.r00014"}
]
,
"sigs": [{
"type": "sig",
"id": "akk-x-earakk.x000169",
"sig": "@dcclt%akk-x-earakk:na-bu₃=nābu[insect eggs//insect eggs]N'N$nābu",
"icount": "1",
"ipct": "100",
"xis": "akk.r00014"}
]
}
]
}
,
{
"headword": "nīšu[(oath on the life)]N",
"id": "akk-x-earakk.x000022",
"icount": "1",
"ipct": "100",
"xis": "akk.r00015",
"cf": "nīšu",
"gw": "(oath on the life)",
"pos": "N",
"forms": [{
"type": "form",
"id": "akk-x-earakk.x000170",
"n": "na-iš",
"icount": "1",
"ipct": "100",
"xis": "akk.r00015"}
]
,
"norms": [{
"id": "akk-x-earakk.x000171",
"icount": "1",
"ipct": "100",
"xis": "akk.r00015",
"n": "naʾiš",
"forms": [{
"type": "normform",
"id": "akk-x-earakk.x000172",
"ref": "akk-x-earakk.x000170",
"icount": "1",
"ipct": "100",
"xis": "akk.r00015"}
]
}
]
,
"senses": [{
"type": "sense",
"id": "akk-x-earakk.x000173",
"n": "nīšu[(oath on the life)//living beings]N'N",
"icount": "1",
"ipct": "100",
"xis": "akk.r00015",
"pos": "N",
"mng": "living beings",
"forms": [{
"type": "form",
"id": "akk-x-earakk.x000174",
"n": "%akk-x-earakk:na-iš",
"icount": "1",
"ipct": "100",
"xis": "akk.r00015"}
]
,
"norms": [{
"id": "akk-x-earakk.x000175",
"n": "naʾiš",
"icount": "1",
"ipct": "100",
"xis": "akk.r00015"}
]
,
"sigs": [{
"type": "sig",
"id": "akk-x-earakk.x000176",
"sig": "@dcclt%akk-x-earakk:na-iš=nīšu[(oath on the life)//living beings]N'N$naʾiš",
"icount": "1",
"ipct": "100",
"xis": "akk.r00015"}
]
}
]
}
,
{
"headword": "peršaʾu[flea]N",
"id": "akk-x-earakk.x000007",
"icount": "1",
"ipct": "100",
"xis": "akk.r00016",
"cf": "peršaʾu",
"gw": "flea",
"pos": "N",
"forms": [{
"type": "form",
"id": "akk-x-earakk.x000177",
"n": "bur-ha-sum",
"icount": "1",
"ipct": "100",
"xis": "akk.r00016"}
]
,
"norms": [{
"id": "akk-x-earakk.x000178",
"icount": "1",
"ipct": "100",
"xis": "akk.r00016",
"n": "burhašum",
"forms": [{
"type": "normform",
"id": "akk-x-earakk.x000179",
"ref": "akk-x-earakk.x000177",
"icount": "1",
"ipct": "100",
"xis": "akk.r00016"}
]
}
]
,
"senses": [{
"type": "sense",
"id": "akk-x-earakk.x000180",
"n": "peršaʾu[flea//flea]N'N",
"icount": "1",
"ipct": "100",
"xis": "akk.r00016",
"pos": "N",
"mng": "flea",
"forms": [{
"type": "form",
"id": "akk-x-earakk.x000181",
"n": "%akk-x-earakk:bur-ha-sum",
"icount": "1",
"ipct": "100",
"xis": "akk.r00016"}
]
,
"norms": [{
"id": "akk-x-earakk.x000182",
"n": "burhašum",
"icount": "1",
"ipct": "100",
"xis": "akk.r00016"}
]
,
"sigs": [{
"type": "sig",
"id": "akk-x-earakk.x000183",
"sig": "@dcclt%akk-x-earakk:bur-ha-sum=peršaʾu[flea//flea]N'N$burhašum",
"icount": "1",
"ipct": "100",
"xis": "akk.r00016"}
]
}
]
}
,
{
"headword": "qaqqaru[ground]N",
"id": "akk-x-earakk.x000010",
"icount": "1",
"ipct": "100",
"xis": "akk.r00017",
"cf": "qaqqaru",
"gw": "ground",
"pos": "N",
"forms": [{
"type": "form",
"id": "akk-x-earakk.x000184",
"n": "gar₃-ga-ri₂-im",
"icount": "1",
"ipct": "100",
"xis": "akk.r00017"}
]
,
"norms": [{
"id": "akk-x-earakk.x000185",
"icount": "1",
"ipct": "100",
"xis": "akk.r00017",
"n": "qarqarim",
"forms": [{
"type": "normform",
"id": "akk-x-earakk.x000186",
"ref": "akk-x-earakk.x000184",
"icount": "1",
"ipct": "100",
"xis": "akk.r00017"}
]
}
]
,
"senses": [{
"type": "sense",
"id": "akk-x-earakk.x000187",
"n": "qaqqaru[ground//ground]N'N",
"icount": "1",
"ipct": "100",
"xis": "akk.r00017",
"pos": "N",
"mng": "ground",
"forms": [{
"type": "form",
"id": "akk-x-earakk.x000188",
"n": "%akk-x-earakk:gar₃-ga-ri₂-im",
"icount": "1",
"ipct": "100",
"xis": "akk.r00017"}
]
,
"norms": [{
"id": "akk-x-earakk.x000189",
"n": "qarqarim",
"icount": "1",
"ipct": "100",
"xis": "akk.r00017"}
]
,
"sigs": [{
"type": "sig",
"id": "akk-x-earakk.x000190",
"sig": "@dcclt%akk-x-earakk:gar₃-ga-ri₂-im=qaqqaru[ground//ground]N'N$qarqarim",
"icount": "1",
"ipct": "100",
"xis": "akk.r00017"}
]
}
]
}
,
{
"headword": "qurqurru[metal-worker]N",
"id": "akk-x-earakk.x000014",
"icount": "1",
"ipct": "100",
"xis": "akk.r00018",
"cf": "qurqurru",
"gw": "metal-worker",
"pos": "N",
"forms": [{
"type": "form",
"id": "akk-x-earakk.x000191",
"n": "gur-gur",
"icount": "1",
"ipct": "100",
"xis": "akk.r00018"}
]
,
"norms": [{
"id": "akk-x-earakk.x000192",
"icount": "1",
"ipct": "100",
"xis": "akk.r00018",
"n": "qurqur",
"forms": [{
"type": "normform",
"id": "akk-x-earakk.x000193",
"ref": "akk-x-earakk.x000191",
"icount": "1",
"ipct": "100",
"xis": "akk.r00018"}
]
}
]
,
"senses": [{
"type": "sense",
"id": "akk-x-earakk.x000194",
"n": "qurqurru[metal-worker//(an insect)]N'N",
"icount": "1",
"ipct": "100",
"xis": "akk.r00018",
"pos": "N",
"mng": "(an insect)",
"forms": [{
"type": "form",
"id": "akk-x-earakk.x000195",
"n": "%akk-x-earakk:gur-gur",
"icount": "1",
"ipct": "100",
"xis": "akk.r00018"}
]
,
"norms": [{
"id": "akk-x-earakk.x000196",
"n": "qurqur",
"icount": "1",
"ipct": "100",
"xis": "akk.r00018"}
]
,
"sigs": [{
"type": "sig",
"id": "akk-x-earakk.x000197",
"sig": "@dcclt%akk-x-earakk:gur-gur=qurqurru[metal-worker//(an insect)]N'N$qurqur",
"icount": "1",
"ipct": "100",
"xis": "akk.r00018"}
]
}
]
}
,
{
"headword": "sappāru[wild ram]N",
"id": "akk-x-earakk.x000027",
"icount": "1",
"ipct": "100",
"xis": "akk.r00019",
"cf": "sappāru",
"gw": "wild ram",
"pos": "N",
"forms": [{
"type": "form",
"id": "akk-x-earakk.x000198",
"n": "še₃-bar-ru₁₂",
"icount": "1",
"ipct": "100",
"xis": "akk.r00019"}
]
,
"norms": [{
"id": "akk-x-earakk.x000199",
"icount": "1",
"ipct": "100",
"xis": "akk.r00019",
"n": "šibarru",
"forms": [{
"type": "normform",
"id": "akk-x-earakk.x000200",
"ref": "akk-x-earakk.x000198",
"icount": "1",
"ipct": "100",
"xis": "akk.r00019"}
]
}
]
,
"senses": [{
"type": "sense",
"id": "akk-x-earakk.x000201",
"n": "sappāru[wild ram//wild ram]N'N",
"icount": "1",
"ipct": "100",
"xis": "akk.r00019",
"pos": "N",
"mng": "wild ram",
"forms": [{
"type": "form",
"id": "akk-x-earakk.x000202",
"n": "%akk-x-earakk:še₃-bar-ru₁₂",
"icount": "1",
"ipct": "100",
"xis": "akk.r00019"}
]
,
"norms": [{
"id": "akk-x-earakk.x000203",
"n": "šibarru",
"icount": "1",
"ipct": "100",
"xis": "akk.r00019"}
]
,
"sigs": [{
"type": "sig",
"id": "akk-x-earakk.x000204",
"sig": "@dcclt%akk-x-earakk:še₃-bar-ru₁₂=sappāru[wild ram//wild ram]N'N$šibarru",
"icount": "1",
"ipct": "100",
"xis": "akk.r00019"}
]
}
]
}
,
{
"headword": "sāsu[moth]N",
"id": "akk-x-earakk.x000026",
"icount": "1",
"ipct": "100",
"xis": "akk.r0001a",
"cf": "sāsu",
"gw": "moth",
"pos": "N",
"forms": [{
"type": "form",
"id": "akk-x-earakk.x000205",
"n": "za-zu-um",
"icount": "1",
"ipct": "100",
"xis": "akk.r0001a"}
]
,
"norms": [{
"id": "akk-x-earakk.x000206",
"icount": "1",
"ipct": "100",
"xis": "akk.r0001a",
"n": "sāsu",
"forms": [{
"type": "normform",
"id": "akk-x-earakk.x000207",
"ref": "akk-x-earakk.x000205",
"icount": "1",
"ipct": "100",
"xis": "akk.r0001a"}
]
}
]
,
"senses": [{
"type": "sense",
"id": "akk-x-earakk.x000208",
"n": "sāsu[moth//moth]N'N",
"icount": "1",
"ipct": "100",
"xis": "akk.r0001a",
"pos": "N",
"mng": "moth",
"forms": [{
"type": "form",
"id": "akk-x-earakk.x000209",
"n": "%akk-x-earakk:za-zu-um",
"icount": "1",
"ipct": "100",
"xis": "akk.r0001a"}
]
,
"norms": [{
"id": "akk-x-earakk.x000210",
"n": "sāsu",
"icount": "1",
"ipct": "100",
"xis": "akk.r0001a"}
]
,
"sigs": [{
"type": "sig",
"id": "akk-x-earakk.x000211",
"sig": "@dcclt%akk-x-earakk:za-zu-um=sāsu[moth//moth]N'N$sāsu",
"icount": "1",
"ipct": "100",
"xis": "akk.r0001a"}
]
}
]
}
,
{
"headword": "tārītu[nurse]N",
"id": "akk-x-earakk.x000008",
"icount": "1",
"ipct": "100",
"xis": "akk.r0001b",
"cf": "tārītu",
"gw": "nurse",
"pos": "N",
"forms": [{
"type": "form",
"id": "akk-x-earakk.x000212",
"n": "da-ri₂-idₓ(NI)",
"icount": "1",
"ipct": "100",
"xis": "akk.r0001b"}
]
,
"norms": [{
"id": "akk-x-earakk.x000213",
"icount": "1",
"ipct": "100",
"xis": "akk.r0001b",
"n": "tārīt",
"forms": [{
"type": "normform",
"id": "akk-x-earakk.x000214",
"ref": "akk-x-earakk.x000212",
"icount": "1",
"ipct": "100",
"xis": "akk.r0001b"}
]
}
]
,
"senses": [{
"type": "sense",
"id": "akk-x-earakk.x000215",
"n": "tārītu[nurse//nurse]N'N",
"icount": "1",
"ipct": "100",
"xis": "akk.r0001b",
"pos": "N",
"mng": "nurse",
"forms": [{
"type": "form",
"id": "akk-x-earakk.x000216",
"n": "%akk-x-earakk:da-ri₂-idₓ(NI)",
"icount": "1",
"ipct": "100",
"xis": "akk.r0001b"}
]
,
"norms": [{
"id": "akk-x-earakk.x000217",
"n": "tārīt",
"icount": "1",
"ipct": "100",
"xis": "akk.r0001b"}
]
,
"sigs": [{
"type": "sig",
"id": "akk-x-earakk.x000218",
"sig": "@dcclt%akk-x-earakk:da-ri₂-idₓ(NI)=tārītu[nurse//nurse]N'N$tārīt",
"icount": "1",
"ipct": "100",
"xis": "akk.r0001b"}
]
}
]
}
,
{
"headword": "ušummu[dormouse]N",
"id": "akk-x-earakk.x000024",
"icount": "1",
"ipct": "100",
"xis": "akk.r0001c",
"cf": "ušummu",
"gw": "dormouse",
"pos": "N",
"forms": [{
"type": "form",
"id": "akk-x-earakk.x000219",
"n": "u₃-šu-mu-um",
"icount": "1",
"ipct": "100",
"xis": "akk.r0001c"}
]
,
"norms": [{
"id": "akk-x-earakk.x000220",
"icount": "1",
"ipct": "100",
"xis": "akk.r0001c",
"n": "ušummum",
"forms": [{
"type": "normform",
"id": "akk-x-earakk.x000221",
"ref": "akk-x-earakk.x000219",
"icount": "1",
"ipct": "100",
"xis": "akk.r0001c"}
]
}
]
,
"senses": [{
"type": "sense",
"id": "akk-x-earakk.x000222",
"n": "ušummu[dormouse//dormouse]N'N",
"icount": "1",
"ipct": "100",
"xis": "akk.r0001c",
"pos": "N",
"mng": "dormouse",
"forms": [{
"type": "form",
"id": "akk-x-earakk.x000223",
"n": "%akk-x-earakk:u₃-šu-mu-um",
"icount": "1",
"ipct": "100",
"xis": "akk.r0001c"}
]
,
"norms": [{
"id": "akk-x-earakk.x000224",
"n": "ušummum",
"icount": "1",
"ipct": "100",
"xis": "akk.r0001c"}
]
,
"sigs": [{
"type": "sig",
"id": "akk-x-earakk.x000225",
"sig": "@dcclt%akk-x-earakk:u₃-šu-mu-um=ušummu[dormouse//dormouse]N'N$ušummum",
"icount": "1",
"ipct": "100",
"xis": "akk.r0001c"}
]
}
]
}
,
{
"headword": "zuqiqīpu[scorpion]N",
"id": "akk-x-earakk.x000029",
"icount": "1",
"ipct": "100",
"xis": "akk.r0001d",
"cf": "zuqiqīpu",
"gw": "scorpion",
"pos": "N",
"forms": [{
"type": "form",
"id": "akk-x-earakk.x000226",
"n": "šu-ga-ga-bi₂",
"icount": "1",
"ipct": "100",
"xis": "akk.r0001d"}
]
,
"norms": [{
"id": "akk-x-earakk.x000227",
"icount": "1",
"ipct": "100",
"xis": "akk.r0001d",
"n": "šuqaqāpi",
"forms": [{
"type": "normform",
"id": "akk-x-earakk.x000228",
"ref": "akk-x-earakk.x000226",
"icount": "1",
"ipct": "100",
"xis": "akk.r0001d"}
]
}
]
,
"senses": [{
"type": "sense",
"id": "akk-x-earakk.x000229",
"n": "zuqiqīpu[scorpion//scorpion]N'N",
"icount": "1",
"ipct": "100",
"xis": "akk.r0001d",
"pos": "N",
"mng": "scorpion",
"forms": [{
"type": "form",
"id": "akk-x-earakk.x000230",
"n": "%akk-x-earakk:šu-ga-ga-bi₂",
"icount": "1",
"ipct": "100",
"xis": "akk.r0001d"}
]
,
"norms": [{
"id": "akk-x-earakk.x000231",
"n": "šuqaqāpi",
"icount": "1",
"ipct": "100",
"xis": "akk.r0001d"}
]
,
"sigs": [{
"type": "sig",
"id": "akk-x-earakk.x000232",
"sig": "@dcclt%akk-x-earakk:šu-ga-ga-bi₂=zuqiqīpu[scorpion//scorpion]N'N$šuqaqāpi",
"icount": "1",
"ipct": "100",
"xis": "akk.r0001d"}
]
}
]
}
,
{
"headword": "ṣerru[snake]N",
"id": "akk-x-earakk.x000001",
"icount": "6",
"ipct": "100",
"xis": "akk.r0001e",
"cf": "ṣerru",
"gw": "snake",
"pos": "N",
"forms": [{
"type": "form",
"id": "akk-x-earakk.x000233",
"n": "MUŠ",
"icount": "6",
"ipct": "100",
"xis": "akk.r0001e"}
]
,
"norms": [{
"id": "akk-x-earakk.x000234",
"icount": "5",
"ipct": "83",
"xis": "akk.r0001f",
"n": "ṣēr",
"forms": [{
"type": "normform",
"id": "akk-x-earakk.x000235",
"ref": "akk-x-earakk.x000233",
"icount": "5",
"ipct": "83",
"xis": "akk.r0001f"}
]
}
,
{
"id": "akk-x-earakk.x000236",
"icount": "1",
"ipct": "17",
"xis": "akk.r00020",
"n": "ṣerru",
"forms": [{
"type": "normform",
"id": "akk-x-earakk.x000237",
"ref": "akk-x-earakk.x000233",
"icount": "1",
"ipct": "17",
"xis": "akk.r00020"}
]
}
]
,
"senses": [{
"type": "sense",
"id": "akk-x-earakk.x000238",
"n": "ṣerru[snake//snake]N'N",
"icount": "6",
"ipct": "100",
"xis": "akk.r0001e",
"pos": "N",
"mng": "snake",
"forms": [{
"type": "form",
"id": "akk-x-earakk.x000239",
"n": "%akk-x-earakk:MUŠ",
"icount": "6",
"ipct": "100",
"xis": "akk.r0001e"}
]
,
"norms": [{
"id": "akk-x-earakk.x000240",
"n": "ṣerru",
"icount": "1",
"ipct": "17",
"xis": "akk.r00020"}
,
{
"id": "akk-x-earakk.x000241",
"n": "ṣēr",
"icount": "5",
"ipct": "83",
"xis": "akk.r0001f"}
]
,
"sigs": [{
"type": "sig",
"id": "akk-x-earakk.x000242",
"sig": "@dcclt%akk-x-earakk:MUŠ=ṣerru[snake//snake]N'N$ṣerru",
"icount": "1",
"ipct": "17",
"xis": "akk.r00020"}
,
{
"type": "sig",
"id": "akk-x-earakk.x000243",
"sig": "@dcclt%akk-x-earakk:MUŠ=ṣerru[snake//snake]N'N$ṣēr",
"icount": "5",
"ipct": "83",
"xis": "akk.r0001f"}
]
}
]
}
,
{
"headword": "ṣillu[shade]N",
"id": "akk-x-earakk.x000030",
"icount": "1",
"ipct": "100",
"xis": "akk.r00021",
"cf": "ṣillu",
"gw": "shade",
"pos": "N",
"forms": [{
"type": "form",
"id": "akk-x-earakk.x000244",
"n": "ṣi₂-li",
"icount": "1",
"ipct": "100",
"xis": "akk.r00021"}
]
,
"norms": [{
"id": "akk-x-earakk.x000245",
"icount": "1",
"ipct": "100",
"xis": "akk.r00021",
"n": "ṣilli",
"forms": [{
"type": "normform",
"id": "akk-x-earakk.x000246",
"ref": "akk-x-earakk.x000244",
"icount": "1",
"ipct": "100",
"xis": "akk.r00021"}
]
}
]
,
"senses": [{
"type": "sense",
"id": "akk-x-earakk.x000247",
"n": "ṣillu[shade//shade]N'N",
"icount": "1",
"ipct": "100",
"xis": "akk.r00021",
"pos": "N",
"mng": "shade",
"forms": [{
"type": "form",
"id": "akk-x-earakk.x000248",
"n": "%akk-x-earakk:ṣi₂-li",
"icount": "1",
"ipct": "100",
"xis": "akk.r00021"}
]
,
"norms": [{
"id": "akk-x-earakk.x000249",
"n": "ṣilli",
"icount": "1",
"ipct": "100",
"xis": "akk.r00021"}
]
,
"sigs": [{
"type": "sig",
"id": "akk-x-earakk.x000250",
"sig": "@dcclt%akk-x-earakk:ṣi₂-li=ṣillu[shade//shade]N'N$ṣilli",
"icount": "1",
"ipct": "100",
"xis": "akk.r00021"}
]
}
]
}
,
{
"headword": "ṣāṣiru[cricket]N",
"id": "akk-x-earakk.x000025",
"icount": "1",
"ipct": "100",
"xis": "akk.r00022",
"cf": "ṣāṣiru",
"gw": "cricket",
"pos": "N",
"forms": [{
"type": "form",
"id": "akk-x-earakk.x000251",
"n": "za-za-ru₁₂-um",
"icount": "1",
"ipct": "100",
"xis": "akk.r00022"}
]
,
"norms": [{
"id": "akk-x-earakk.x000252",
"icount": "1",
"ipct": "100",
"xis": "akk.r00022",
"n": "ṣāṣarum",
"forms": [{
"type": "normform",
"id": "akk-x-earakk.x000253",
"ref": "akk-x-earakk.x000251",
"icount": "1",
"ipct": "100",
"xis": "akk.r00022"}
]
}
]
,
"senses": [{
"type": "sense",
"id": "akk-x-earakk.x000254",
"n": "ṣāṣiru[cricket//cricket]N'N",
"icount": "1",
"ipct": "100",
"xis": "akk.r00022",
"pos": "N",
"mng": "cricket",
"forms": [{
"type": "form",
"id": "akk-x-earakk.x000255",
"n": "%akk-x-earakk:za-za-ru₁₂-um",
"icount": "1",
"ipct": "100",
"xis": "akk.r00022"}
]
,
"norms": [{
"id": "akk-x-earakk.x000256",
"n": "ṣāṣarum",
"icount": "1",
"ipct": "100",
"xis": "akk.r00022"}
]
,
"sigs": [{
"type": "sig",
"id": "akk-x-earakk.x000257",
"sig": "@dcclt%akk-x-earakk:za-za-ru₁₂-um=ṣāṣiru[cricket//cricket]N'N$ṣāṣarum",
"icount": "1",
"ipct": "100",
"xis": "akk.r00022"}
]
}
]
}
]

,
"instances": {"akk.r00006": ["dcclt:P241948.37.2"]
,
"akk.r00007": ["dcclt:Q000299.92.1"]
,
"akk.r00008": ["dcclt:P241948.68.1"]
,
"akk.r00009": ["dcclt:P241948.42.2"]
,
"akk.r0000a": ["dcclt:P241948.74.1"]
,
"akk.r0000c": ["dcclt:P241948.77.1"]
,
"akk.r0000b": ["dcclt:P241948.53.1"]
,
"akk.r00002": ["dcclt:P241948.27.1"]
,
"akk.r00004": ["dcclt:P241948.38.1"]
,
"akk.r00001": ["dcclt:P241948.34.1"]
,
"akk.r00000": ["dcclt:P241948.6.1"]
,
"akk.r00003": ["dcclt:P241948.9.1"]
,
"akk.r00005": ["dcclt:Q000299.63.1"]
,
"akk.r0000d": ["dcclt:P241948.23.1"]
,
"akk.r0000e": ["dcclt:P241948.10.1",
"dcclt:Q000299.72.1"]
,
"akk.r00012": ["dcclt:P241948.8.1"]
,
"akk.r00011": ["dcclt:P241948.44.2"]
,
"akk.r0000f": ["dcclt:P241948.10.1"]
,
"akk.r00010": ["dcclt:Q000299.72.1"]
,
"akk.r00013": ["dcclt:P241948.39.1"]
,
"akk.r00014": ["dcclt:P241948.50.1"]
,
"akk.r0001d": ["dcclt:P241948.72.2"]
,
"akk.r0001e": ["dcclt:P241948.35.1",
"dcclt:P241948.36.1",
"dcclt:P241948.37.1",
"dcclt:P241948.40.1",
"dcclt:P241948.42.1",
"dcclt:P241948.44.1"]
,
"akk.r00021": ["dcclt:Q000299.32.2"]
,
"akk.r0001f": ["dcclt:P241948.36.1",
"dcclt:P241948.37.1",
"dcclt:P241948.40.1",
"dcclt:P241948.42.1",
"dcclt:P241948.44.1"]
,
"akk.r00020": ["dcclt:P241948.35.1"]
,
"akk.r00022": ["dcclt:P241948.67.1"]
,
"akk.r00016": ["dcclt:P241948.51.1"]
,
"akk.r00015": ["dcclt:P241948.58.1"]
,
"akk.r00017": ["dcclt:P241948.58.2"]
,
"akk.r00019": ["dcclt:P241948.7.1"]
,
"akk.r00018": ["dcclt:P241948.48.1"]
,
"akk.r0001b": ["dcclt:P241948.72.1"]
,
"akk.r0001a": ["dcclt:P241948.49.1"]
,
"akk.r0001c": ["dcclt:P241948.21.1"]
,
"akk.r00006.p.s000": ["dcclt:P241948.37.2"]
,
"akk.r00007.p.s000": ["dcclt:Q000299.92.1"]
,
"akk.r00008.p.s000": ["dcclt:P241948.68.1"]
,
"akk.r00009.p.s000": ["dcclt:P241948.42.2"]
,
"akk.r0000a.p.s000": ["dcclt:P241948.74.1"]
,
"akk.r0000c.p.s000": ["dcclt:P241948.77.1"]
,
"akk.r0000b.p.s000": ["dcclt:P241948.53.1"]
,
"akk.r00002.p.s000": ["dcclt:P241948.27.1"]
,
"akk.r00004.p.s000": ["dcclt:P241948.38.1"]
,
"akk.r00001.p.s000": ["dcclt:P241948.34.1"]
,
"akk.r00000.p.s000": ["dcclt:P241948.6.1"]
,
"akk.r00003.p.s000": ["dcclt:P241948.9.1"]
,
"akk.r00005.p.s000": ["dcclt:Q000299.63.1"]
,
"akk.r0000d.p.s000": ["dcclt:P241948.23.1"]
,
"akk.r0000e.p.s000": ["dcclt:P241948.10.1"]
,
"akk.r0000e.p.s001": ["dcclt:Q000299.72.1"]
,
"akk.r00012.p.s000": ["dcclt:P241948.8.1"]
,
"akk.r00011.p.s000": ["dcclt:P241948.44.2"]
,
"akk.r0000f.p.s000": ["dcclt:P241948.10.1"]
,
"akk.r00010.p.s000": ["dcclt:Q000299.72.1"]
,
"akk.r00013.p.s000": ["dcclt:P241948.39.1"]
,
"akk.r00014.p.s000": ["dcclt:P241948.50.1"]
,
"akk.r0001d.p.s000": ["dcclt:P241948.72.2"]
,
"akk.r0001e.p.s000": ["dcclt:P241948.35.1",
"dcclt:P241948.36.1",
"dcclt:P241948.37.1",
"dcclt:P241948.40.1",
"dcclt:P241948.42.1",
"dcclt:P241948.44.1"]
,
"akk.r00021.p.s000": ["dcclt:Q000299.32.2"]
,
"akk.r0001f.p.s000": ["dcclt:P241948.36.1",
"dcclt:P241948.37.1",
"dcclt:P241948.40.1",
"dcclt:P241948.42.1",
"dcclt:P241948.44.1"]
,
"akk.r00020.p.s000": ["dcclt:P241948.35.1"]
,
"akk.r00022.p.s000": ["dcclt:P241948.67.1"]
,
"akk.r00016.p.s000": ["dcclt:P241948.51.1"]
,
"akk.r00015.p.s000": ["dcclt:P241948.58.1"]
,
"akk.r00017.p.s000": ["dcclt:P241948.58.2"]
,
"akk.r00019.p.s000": ["dcclt:P241948.7.1"]
,
"akk.r00018.p.s000": ["dcclt:P241948.48.1"]
,
"akk.r0001b.p.s000": ["dcclt:P241948.72.1"]
,
"akk.r0001a.p.s000": ["dcclt:P241948.49.1"]
,
"akk.r0001c.p.s000": ["dcclt:P241948.21.1"]
}

}
