{
	"type": "index",
	"project":"dcclt",
  "source": "http://oracc.org/dcclt",
  "license": "This data is released under the CC0 license",
  "license-url": "https://creativecommons.org/publicdomain/zero/1.0/",
  "more-info": "http://oracc.org/doc/opendata/",
  "UTC-timestamp": "2017-05-19T18:30:05",
  "source": "http://oracc.org/dcclt",
  "license": "This data is released under the CC0 license",
  "license-url": "https://creativecommons.org/publicdomain/zero/1.0/",
  "more-info": "http://oracc.org/doc/opendata/",
  "UTC-timestamp": "2017-05-19T18:21:23",
  "source": "http://oracc.org/dcclt",
  "license": "This data is released under the CC0 license",
  "license-url": "https://creativecommons.org/publicdomain/zero/1.0/",
  "more-info": "http://oracc.org/doc/opendata/",
  "UTC-timestamp": "2017-05-17T05:09:35",
  "source": "http://oracc.org/dcclt",
  "license": "This data is released under the CC0 license",
  "license-url": "https://creativecommons.org/publicdomain/zero/1.0/",
  "more-info": "http://oracc.org/doc/opendata/",
  "UTC-timestamp": "2017-05-17T05:01:00",
  "source": "http://oracc.org/dcclt",
  "license": "This data is released under the CC0 license",
  "license-url": "https://creativecommons.org/publicdomain/zero/1.0/",
  "more-info": "http://oracc.org/doc/opendata/",
  "UTC-timestamp": "2017-05-13T01:07:01",
  "source": "http://oracc.org/dcclt",
  "license": "This data is released under the CC0 license",
  "license-url": "https://creativecommons.org/publicdomain/zero/1.0/",
  "more-info": "http://oracc.org/doc/opendata/",
  "UTC-timestamp": "2017-05-13T00:58:40",
  "source": "http://oracc.org/dcclt",
  "license": "This data is released under the CC0 license",
  "license-url": "https://creativecommons.org/publicdomain/zero/1.0/",
  "more-info": "http://oracc.org/doc/opendata/",
  "UTC-timestamp": "2017-05-11T19:34:57",
  "source": "http://oracc.org/dcclt",
  "license": "This data is released under the CC0 license",
  "license-url": "https://creativecommons.org/publicdomain/zero/1.0/",
  "more-info": "http://oracc.org/doc/opendata/",
  "UTC-timestamp": "2017-05-11T19:26:25",
  "source": "http://oracc.org/dcclt",
  "license": "This data is released under the CC0 license",
  "license-url": "https://creativecommons.org/publicdomain/zero/1.0/",
  "more-info": "http://oracc.org/doc/opendata/",
  "UTC-timestamp": "2017-05-10T20:41:30",
  "source": "http://oracc.org/dcclt",
  "license": "This data is released under the CC0 license",
  "license-url": "https://creativecommons.org/publicdomain/zero/1.0/",
  "more-info": "http://oracc.org/doc/opendata/",
  "UTC-timestamp": "2017-05-10T20:33:05",
  "source": "http://oracc.org/dcclt",
  "license": "This data is released under the CC0 license",
  "license-url": "https://creativecommons.org/publicdomain/zero/1.0/",
  "more-info": "http://oracc.org/doc/opendata/",
  "UTC-timestamp": "2017-05-06T00:40:22",
  "source": "http://oracc.org/dcclt",
  "license": "This data is released under the CC0 license",
  "license-url": "https://creativecommons.org/publicdomain/zero/1.0/",
  "more-info": "http://oracc.org/doc/opendata/",
  "UTC-timestamp": "2017-05-06T00:32:09",
  "source": "http://oracc.org/dcclt",
  "license": "This data is released under the CC0 license",
  "license-url": "https://creativecommons.org/publicdomain/zero/1.0/",
  "more-info": "http://oracc.org/doc/opendata/",
  "UTC-timestamp": "2017-04-28T19:23:48",
  "source": "http://oracc.org/dcclt",
  "license": "This data is released under the CC0 license",
  "license-url": "https://creativecommons.org/publicdomain/zero/1.0/",
  "more-info": "http://oracc.org/doc/opendata/",
  "UTC-timestamp": "2017-04-28T19:14:59",
  "source": "http://oracc.org/dcclt",
  "license": "This data is released under the CC0 license",
  "license-url": "https://creativecommons.org/publicdomain/zero/1.0/",
  "more-info": "http://oracc.org/doc/opendata/",
  "UTC-timestamp": "2017-04-27T19:10:05",
  "source": "http://oracc.org/dcclt",
  "license": "This data is released under the CC0 license",
  "license-url": "https://creativecommons.org/publicdomain/zero/1.0/",
  "more-info": "http://oracc.org/doc/opendata/",
  "UTC-timestamp": "2017-04-27T19:01:21",
  "source": "http://oracc.org/dcclt",
  "license": "This data is released under the CC0 license",
  "license-url": "https://creativecommons.org/publicdomain/zero/1.0/",
  "more-info": "http://oracc.org/doc/opendata/",
  "UTC-timestamp": "2017-04-27T01:57:48",
  "source": "http://oracc.org/dcclt",
  "license": "This data is released under the CC0 license",
  "license-url": "https://creativecommons.org/publicdomain/zero/1.0/",
  "more-info": "http://oracc.org/doc/opendata/",
  "UTC-timestamp": "2017-04-27T01:49:05",
  "source": "http://oracc.org/dcclt",
  "license": "This data is released under the CC0 license",
  "license-url": "https://creativecommons.org/publicdomain/zero/1.0/",
  "more-info": "http://oracc.org/doc/opendata/",
  "UTC-timestamp": "2017-03-20T20:38:36",
  "source": "http://oracc.org/dcclt",
  "license": "This data is released under the CC0 license",
  "license-url": "https://creativecommons.org/publicdomain/zero/1.0/",
  "more-info": "http://oracc.org/doc/opendata/",
  "UTC-timestamp": "2017-03-20T19:37:19",
  "source": "http://oracc.org/dcclt",
  "license": "This data is released under the CC0 license",
  "license-url": "https://creativecommons.org/publicdomain/zero/1.0/",
  "more-info": "http://oracc.org/doc/opendata/",
  "UTC-timestamp": "2017-03-16T19:40:12",
  "source": "http://oracc.org/dcclt",
  "license": "This data is released under the CC0 license",
  "license-url": "https://creativecommons.org/publicdomain/zero/1.0/",
  "more-info": "http://oracc.org/doc/opendata/",
  "UTC-timestamp": "2017-03-16T18:45:39",
  "source": "http://oracc.org/dcclt",
  "license": "This data is released under the CC0 license",
  "license-url": "https://creativecommons.org/publicdomain/zero/1.0/",
  "more-info": "http://oracc.org/doc/opendata/",
  "UTC-timestamp": "2017-03-16T17:12:46",
  "source": "http://oracc.org/dcclt",
  "license": "This data is released under the CC0 license",
  "license-url": "https://creativecommons.org/publicdomain/zero/1.0/",
  "more-info": "http://oracc.org/doc/opendata/",
  "UTC-timestamp": "2017-03-16T16:58:41",
  "source": "http://oracc.org/dcclt",
  "license": "This data is released under the CC0 license",
  "license-url": "https://creativecommons.org/publicdomain/zero/1.0/",
  "more-info": "http://oracc.org/doc/opendata/",
  "UTC-timestamp": "2017-03-16T02:07:17",
  "source": "http://oracc.org/dcclt",
  "license": "This data is released under the CC0 license",
  "license-url": "https://creativecommons.org/publicdomain/zero/1.0/",
  "more-info": "http://oracc.org/doc/opendata/",
  "UTC-timestamp": "2017-03-16T01:48:37",
  "source": "http://oracc.org/dcclt",
  "license": "This data is released under the CC0 license",
  "license-url": "https://creativecommons.org/publicdomain/zero/1.0/",
  "more-info": "http://oracc.org/doc/opendata/",
  "UTC-timestamp": "2017-03-07T00:07:20",
  "source": "http://oracc.org/dcclt",
  "license": "This data is released under the CC0 license",
  "license-url": "https://creativecommons.org/publicdomain/zero/1.0/",
  "more-info": "http://oracc.org/doc/opendata/",
  "UTC-timestamp": "2017-03-06T23:58:31",
  "source": "http://oracc.org/dcclt",
  "license": "This data is released under the CC0 license",
  "license-url": "https://creativecommons.org/publicdomain/zero/1.0/",
  "more-info": "http://oracc.org/doc/opendata/",
  "UTC-timestamp": "2017-03-04T01:00:24",
  "source": "http://oracc.org/dcclt",
  "license": "This data is released under the CC0 license",
  "license-url": "https://creativecommons.org/publicdomain/zero/1.0/",
  "more-info": "http://oracc.org/doc/opendata/",
  "UTC-timestamp": "2017-03-04T00:51:39",
  "source": "http://oracc.org/dcclt",
  "license": "This data is released under the CC0 license",
  "license-url": "https://creativecommons.org/publicdomain/zero/1.0/",
  "more-info": "http://oracc.org/doc/opendata/",
  "UTC-timestamp": "2017-02-28T20:10:49",
  "source": "http://oracc.org/dcclt",
  "license": "This data is released under the CC0 license",
  "license-url": "https://creativecommons.org/publicdomain/zero/1.0/",
  "more-info": "http://oracc.org/doc/opendata/",
  "UTC-timestamp": "2017-02-28T20:01:18",
  "source": "http://oracc.org/dcclt",
  "license": "This data is released under the CC0 license",
  "license-url": "https://creativecommons.org/publicdomain/zero/1.0/",
  "more-info": "http://oracc.org/doc/opendata/",
  "UTC-timestamp": "2017-02-14T22:49:51",
  "source": "http://oracc.org/dcclt",
  "license": "This data is released under the CC0 license",
  "license-url": "https://creativecommons.org/publicdomain/zero/1.0/",
  "more-info": "http://oracc.org/doc/opendata/",
  "UTC-timestamp": "2017-02-14T22:40:23",
  "source": "http://oracc.org/dcclt",
  "license": "This data is released under the CC0 license",
  "license-url": "https://creativecommons.org/publicdomain/zero/1.0/",
  "more-info": "http://oracc.org/doc/opendata/",
  "UTC-timestamp": "2017-02-14T22:10:20",
  "source": "http://oracc.org/dcclt",
  "license": "This data is released under the CC0 license",
  "license-url": "https://creativecommons.org/publicdomain/zero/1.0/",
  "more-info": "http://oracc.org/doc/opendata/",
  "UTC-timestamp": "2017-02-14T02:59:57",
  "source": "http://oracc.org/dcclt",
  "license": "This data is released under the CC0 license",
  "license-url": "https://creativecommons.org/publicdomain/zero/1.0/",
  "more-info": "http://oracc.org/doc/opendata/",
  "UTC-timestamp": "2017-02-14T02:50:41",
	"name": "cbd/qpn-x-places",
	"keys": [{
		"key": "Mari[1]",
		"count": "1",
		"instances": [
			"Mari[1]"
		]},{
		"key": "i",
		"count": "13",
		"instances": [
			"i","i","i","i","i","i","i","i","i","i","i","i","i"
		]},{
		"key": "u",
		"count": "3",
		"instances": [
			"u","u","u"
		]},{
		"key": "Uruk[1]",
		"count": "1",
		"instances": [
			"Uruk[1]"
		]},{
		"key": "ezenbadan",
		"count": "2",
		"instances": [
			"ezenbadan","ezenbadan"
		]},{
		"key": "ašte₂lagaba",
		"count": "7",
		"instances": [
			"ašte₂lagaba","ašte₂lagaba","ašte₂lagaba","ašte₂lagaba","ašte₂lagaba","ašte₂lagaba","ašte₂lagaba"
		]},{
		"key": "iminbi",
		"count": "2",
		"instances": [
			"iminbi","iminbi"
		]},{
		"key": "ennigiim",
		"count": "3",
		"instances": [
			"ennigiim","ennigiim","ennigiim"
		]},{
		"key": "durlam",
		"count": "2",
		"instances": [
			"durlam","durlam"
		]},{
		"key": "marad",
		"count": "6",
		"instances": [
			"marad","marad","marad","marad","marad","marad"
		]},{
		"key": "Šaršari[1]",
		"count": "1",
		"instances": [
			"Šaršari[1]"
		]},{
		"key": "agade",
		"count": "2",
		"instances": [
			"agade","agade"
		]},{
		"key": "zarbilum",
		"count": "2",
		"instances": [
			"zarbilum","zarbilum"
		]},{
		"key": "Baradumu[1]",
		"count": "1",
		"instances": [
			"Baradumu[1]"
		]},{
		"key": "naga",
		"count": "4",
		"instances": [
			"naga","naga","naga","naga"
		]},{
		"key": "eduru",
		"count": "12",
		"instances": [
			"eduru","eduru","eduru","eduru","eduru","eduru","eduru","eduru","eduru","eduru","eduru","eduru"
		]},{
		"key": "sabu",
		"count": "6",
		"instances": [
			"sabu","sabu","sabu","sabu","sabu","sabu"
		]},{
		"key": "Sarbat[1]",
		"count": "1",
		"instances": [
			"Sarbat[1]"
		]},{
		"key": "hazabur",
		"count": "2",
		"instances": [
			"hazabur","hazabur"
		]},{
		"key": "oldbabaš",
		"count": "1",
		"instances": [
			"oldbabaš"
		]},{
		"key": "marda",
		"count": "2",
		"instances": [
			"marda","marda"
		]},{
		"key": "akkad",
		"count": "6",
		"instances": [
			"akkad","akkad","akkad","akkad","akkad","akkad"
		]},{
		"key": "Šuruppak[1]",
		"count": "1",
		"instances": [
			"Šuruppak[1]"
		]},{
		"key": "Haš[1]",
		"count": "1",
		"instances": [
			"Haš[1]"
		]},{
		"key": "isin₂",
		"count": "4",
		"instances": [
			"isin₂","isin₂","isin₂","isin₂"
		]},{
		"key": "eriš₂",
		"count": "4",
		"instances": [
			"eriš₂","eriš₂","eriš₂","eriš₂"
		]},{
		"key": "tidnum",
		"count": "4",
		"instances": [
			"tidnum","tidnum","tidnum","tidnum"
		]},{
		"key": "Abzab[1]",
		"count": "1",
		"instances": [
			"Abzab[1]"
		]},{
		"key": "Uzariaʾu[1]",
		"count": "1",
		"instances": [
			"Uzariaʾu[1]"
		]},{
		"key": "sumun",
		"count": "6",
		"instances": [
			"sumun","sumun","sumun","sumun","sumun","sumun"
		]},{
		"key": "uzariaʾu",
		"count": "2",
		"instances": [
			"uzariaʾu","uzariaʾu"
		]},{
		"key": "abarniʾum",
		"count": "2",
		"instances": [
			"abarniʾum","abarniʾum"
		]},{
		"key": "949kar",
		"count": "1",
		"instances": [
			"949kar"
		]},{
		"key": "li₂",
		"count": "12",
		"instances": [
			"li₂","li₂","li₂","li₂","li₂","li₂","li₂","li₂","li₂","li₂","li₂","li₂"
		]},{
		"key": "Harran[1]",
		"count": "1",
		"instances": [
			"Harran[1]"
		]},{
		"key": "karkaraim",
		"count": "3",
		"instances": [
			"karkaraim","karkaraim","karkaraim"
		]},{
		"key": "Der[1]",
		"count": "1",
		"instances": [
			"Der[1]"
		]},{
		"key": "karkara",
		"count": "6",
		"instances": [
			"karkara","karkara","karkara","karkara","karkara","karkara"
		]},{
		"key": "uliʾa",
		"count": "2",
		"instances": [
			"uliʾa","uliʾa"
		]},{
		"key": "Mungen[1]",
		"count": "1",
		"instances": [
			"Mungen[1]"
		]},{
		"key": "etilamah",
		"count": "2",
		"instances": [
			"etilamah","etilamah"
		]},{
		"key": "Dilmun[1]",
		"count": "1",
		"instances": [
			"Dilmun[1]"
		]},{
		"key": "muru₃im",
		"count": "4",
		"instances": [
			"muru₃im"
		]}
	],
	"map": {
		"%akk": "akk",
		"+ab": "ab",
		"+ak": "ak",
		"+aš": "aš",
		"+bu": "bu",
		"+en": "en",
		"+ha": "ha",
		"+mu": "mu",
		"+par₃": "par₃",
		"+si": "si",
		"+su": "su",
		"+te": "te",
		"+ti": "ti",
		"+u₂": "u₂",
		"+ša": "ša",
		"+šar": "šar",
		"949:anepada": "949anepada",
		"949:ayabu": "949ayabu",
		"949:ašgipada": "949ašgipada",
		"949:aššur": "949aššur",
		"949:dunnu": "949dunnu",
		"949:eduru": "949eduru",
		"949:ganahulu": "949ganahulu",
		"949:kar": "949kar",
		"949:pada": "949pada",
		"949:sabu": "949sabu",
		"949:simurru": "949simurru",
		"949:sirara": "949sirara",
		"949:tiriqan": "949tiriqan",
		"949:tukriš": "949tukriš",
		"949:tulamušenû": "949tulamušenu",
		"949:unu": "949unu",
		"949:unubi": "949unubi",
		"949:upê": "949upe",
		"949:uruttum": "949uruttum",
		"949:zimbanitu": "949zimbanitu",
		"949:zimbatu": "949zimbatu",
		"949:zugulme": "949zugulme",
		"949:šulgi": "949šulgi",
		"Abarniʾum": "abarniʾum",
		"Abzab": "abzab",
		"Abzu": "abzu",
		"Adab": "adab",
		"Adalur": "adalur",
		"Adamšah": "adamšah",
		"Agade": "agade",
		"Ahud": "ahud",
		"Akkad": "akkad",
		"Akuz": "akuz",
		"Akšak": "akšak",
		"Alab": "alab",
		"Ambar": "ambar",
		"Amurru": "amurru",
		"Anepada": "anepada",
		"Anzud": "anzud",
		"Anšan": "anšan",
		"Apisal": "apisal",
		"Apiʾak": "apiʾak",
		"Apsi": "apsi",
		"Apsu": "apsu",
		"Ararma": "ararma",
		"Aratta": "aratta",
		"Arattu": "arattu",
		"Arawa": "arawa",
		"Arbad": "arbad",
		"Arbaʾil": "arbaʾil",
		"Arman": "arman",
		"Awal": "awal",
		"Ayabu": "ayabu",
		"Ašgipada": "ašgipada",
		"Aškubu": "aškubu",
		"Ašte": "ašte",
		"Aštekuga": "aštekuga",
		"Ašti": "ašti",
		"Ašširpada": "ašširpada",
		"Aššur": "aššur",
		"BAD₃": "bad₃",
		"BAD₃.MAN.GIN₆": "bad₃mangin₆",
		"BAL": "bal",
		"Babilu": "babilu",
		"Babilum": "babilum",
		"Babylon": "babylon",
		"Bad": "bad",
		"Banunu": "banunu",
		"Baradumu": "baradumu",
		"Barsipa": "barsipa",
		"Bit": "bit",
		"Budughudug": "budughudug",
		"Burzi": "burzi",
		"Buša": "buša",
		"Dannina": "dannina",
		"Der": "der",
		"Derum": "derum",
		"Dibar": "dibar",
		"Dilmun": "dilmun",
		"Diniktum": "diniktum",
		"Dintir": "dintir",
		"Dugin": "dugin",
		"Dunnu": "dunnu",
		"Dur": "dur",
		"Durlam": "durlam",
		"Durum": "durum",
		"Durŋešnimbar": "durŋešnimbar",
		"Dārum": "darum",
		"E": "e",
		"EN.LIL₂": "enlil₂",
		"Ebih": "ebih",
		"Ebla": "ebla",
		"Eduru": "eduru",
		"Egamgam": "egamgam",
		"Elam": "elam",
		"Elubu": "elubu",
		"Emar": "emar",
		"Enegi": "enegi",
		"Enki": "enki",
		"Ennigi": "ennigi",
		"Ereš": "ereš",
		"Eridu": "eridu",
		"Eridug": "eridug",
		"Eriš": "eriš",
		"Etilamah": "etilamah",
		"Eš": "eš",
		"Ešnuna": "ešnuna",
		"GI.NA": "gina",
		"GIN": "gin",
		"Gaburra": "gaburra",
		"Ganahulu": "ganahulu",
		"Ganzer": "ganzer",
		"Gasar": "gasar",
		"Gasur": "gasur",
		"Girgilu": "girgilu",
		"Girgilum": "girgilum",
		"Giša": "giša",
		"Gubin": "gubin",
		"Guduʾa": "guduʾa",
		"Gula": "gula",
		"Gunatila": "gunatila",
		"Gupin": "gupin",
		"Guti": "guti",
		"Gutium": "gutium",
		"Guʾabak": "guʾabak",
		"HAR": "har",
		"HAR.ri.NE.le.e": "harrinelee",
		"Habur": "habur",
		"Hamanu": "hamanu",
		"Harbour": "harbour",
		"Harran": "harran",
		"Hazabur": "hazabur",
		"Haš": "haš",
		"Hiza": "hiza",
		"Hiš": "hiš",
		"Hubuzi": "hubuzi",
		"Huhunuri": "huhunuri",
		"IM": "im",
		"Iamutbalum": "iamutbalum",
		"Ibratum": "ibratum",
		"Igi": "igi",
		"Ildag": "ildag",
		"Ilib": "ilib",
		"Iminbi": "iminbi",
		"Iri": "iri",
		"Iridu": "iridu",
		"Iriʾudulia": "iriʾudulia",
		"Irkala": "irkala",
		"Isin": "isin",
		"Išme": "išme",
		"KA₂.DINGIR.RA": "ka₂dingirra",
		"Ka": "ka",
		"Kabti": "kabti",
		"Kanisurru": "kanisurru",
		"Kar": "kar",
		"Karkar": "karkar",
		"Karkara": "karkara",
		"Kazallu": "kazallu",
		"Kaʾida": "kaʾida",
		"Keš": "keš",
		"Kibal": "kibal",
		"Kibbi": "kibbi",
		"Kiengir": "kiengir",
		"Kinirša": "kinirša",
		"Kiritaba": "kiritaba",
		"Kisig": "kisig",
		"Kismar": "kismar",
		"Kiš": "kiš",
		"Kiʾabrig": "kiʾabrig",
		"Kiʾengir": "kiʾengir",
		"Kiʾuri": "kiʾuri",
		"Kulaba": "kulaba",
		"Kullaba": "kullaba",
		"Kurigalzu": "kurigalzu",
		"Kuʾara": "kuʾara",
		"LIMMU₅.DINGIR": "limmu₅dingir",
		"LUGAL": "lugal",
		"Laban": "laban",
		"Labnanu": "labnanu",
		"Lagaš": "lagaš",
		"Lahinduri": "lahinduri",
		"Larak": "larak",
		"Larsa": "larsa",
		"Lilmun": "lilmun",
		"Lugal": "lugal",
		"Lulal": "lulal",
		"Lullubi": "lullubi",
		"Ma.TAR": "matar",
		"Magan": "magan",
		"Mahili": "mahili",
		"Malgiʾa": "malgiʾa",
		"Mama": "mama",
		"Marad": "marad",
		"Marda": "marda",
		"Marhaši": "marhaši",
		"Mari": "mari",
		"Marrutum": "marrutum",
		"Martu": "martu",
		"Maškan": "maškan",
		"Maṣit": "maṣit",
		"Medurni": "medurni",
		"Mekeltum": "mekeltum",
		"Meluhha": "meluhha",
		"Mungen": "mungen",
		"Muru": "muru",
		"Murum": "murum",
		"Mutiabal": "mutiabal",
		"NAGA": "naga",
		"NE": "ne",
		"NI": "ni",
		"NI.šur": "nišur",
		"NIBRU": "nibru",
		"Nambitara": "nambitara",
		"Nanna": "nanna",
		"Neribtum": "neribtum",
		"Netherworld": "netherworld",
		"Nibru": "nibru",
		"Nineveh": "nineveh",
		"Ninua": "ninua",
		"Nippur": "nippur",
		"Niŋin": "niŋin",
		"Nukar": "nukar",
		"Pada": "pada",
		"Parsa": "parsa",
		"Puš": "puš",
		"Qišat": "qišat",
		"Ragatum": "ragatum",
		"Rapikum": "rapikum",
		"Sabu": "sabu",
		"Sabum": "sabum",
		"Sadma": "sadma",
		"Sarbat": "sarbat",
		"Sigsig": "sigsig",
		"Simurru": "simurru",
		"Sippar": "sippar",
		"Sirara": "sirara",
		"Siraru": "siraru",
		"Subartu": "subartu",
		"Subir": "subir",
		"Suen": "suen",
		"Sugal": "sugal",
		"Sugi": "sugi",
		"Sumer": "sumer",
		"Susa": "susa",
		"Sutean": "sutean",
		"TAR": "tar",
		"TIL": "til",
		"TIN.TIR": "tintir",
		"TIR": "tir",
		"Tešbi": "tešbi",
		"The": "the",
		"Tiama": "tiama",
		"Tidnum": "tidnum",
		"Tintir": "tintir",
		"Tirana": "tirana",
		"Tiriqan": "tiriqan",
		"Tuba": "tuba",
		"Tukriš": "tukriš",
		"Tulamušenu": "tulamušenu",
		"UD": "ud",
		"UNUG": "unug",
		"URIM₂": "urim₂",
		"Udnim": "udnim",
		"Uhul": "uhul",
		"Umma": "umma",
		"Unu": "unu",
		"Unubi": "unubi",
		"Unubitara": "unubitara",
		"Unug": "unug",
		"Unuʾedena": "unuʾedena",
		"Upiya": "upiya",
		"Ur": "ur",
		"Uri": "uri",
		"Urim": "urim",
		"Uruk": "uruk",
		"Urum": "urum",
		"Uruttu": "uruttu",
		"Usab": "usab",
		"Uzar": "uzar",
		"Uzarbara": "uzarbara",
		"Uzariaʾu": "uzariaʾu",
		"Uzarsuhar": "uzarsuhar",
		"Uzumuʾa": "uzumuʾa",
		"Waṣit": "waṣit",
		"Waṣitum": "waṣitum",
		"Zabalam": "zabalam",
		"Zabban": "zabban",
		"Zabšali": "zabšali",
		"Zar": "zar",
		"Zarbad": "zarbad",
		"Zarbilum": "zarbilum",
		"Zarbubu": "zarbubu",
		"Zargi": "zargi",
		"Zarrama": "zarrama",
		"Zimbanitu": "zimbanitu",
		"Zimbatu": "zimbatu",
		"Zimbir": "zimbir",
		"Zugulme": "zugulme",
		"Zurrit": "zurrit",
		"[...]": "",
		"[x]": "x",
		"abrigₓ(|NUN.ME|)": "abrigₓnunme",
		"ak.e": "ake",
		"akšak(|UD.KUŠU₂|)": "akšakudkušu₂",
		"ambar(|LAGAB×A|)": "ambarlagaba",
		"ašte₂(|LAGAB×A|)": "ašte₂lagaba",
		"bi.ak": "biak",
		"dilmun(|NI.TUK|)": "dilmunnituk",
		"ebih(|EN.TI|)": "ebihenti",
		"enegi(IM)": "enegiim",
		"ennigi(IM)": "ennigiim",
		"erešₓ(|ŠE.NAGA|)": "erešₓšenaga",
		"gaburra(|GA₂×BUR.ME|)": "gaburraga₂burme",
		"hazabur(U₂)": "hazaburu₂",
		"haš₃(UD)": "haš₃ud",
		"karkara(IM)": "karkaraim",
		"kuara(|A.HA|)": "kuaraaha",
		"kuara(|HA.A|)": "kuarahaa",
		"mbperi:e": "mbperie",
		"mbperi:ta": "mbperita",
		"mbperi:u": "mbperiu",
		"muru₃(IM)": "muru₃im",
		"oldbab:a": "oldbaba",
		"oldbab:am": "oldbabam",
		"oldbab:aš": "oldbabaš",
		"oldbab:ba": "oldbabba",
		"oldbab:da": "oldbabda",
		"oldbab:di": "oldbabdi",
		"oldbab:e": "oldbabe",
		"oldbab:en": "oldbaben",
		"oldbab:ha": "oldbabha",
		"oldbab:hi": "oldbabhi",
		"oldbab:i": "oldbabi",
		"oldbab:ir": "oldbabir",
		"oldbab:ka": "oldbabka",
		"oldbab:kar": "oldbabkar",
		"oldbab:ki": "oldbabki",
		"oldbab:ku": "oldbabku",
		"oldbab:ku₃": "oldbabku₃",
		"oldbab:la": "oldbabla",
		"oldbab:ma": "oldbabma",
		"oldbab:mu": "oldbabmu",
		"oldbab:ni": "oldbabni",
		"oldbab:si": "oldbabsi",
		"oldbab:si₂": "oldbabsi₂",
		"oldbab:su₂": "oldbabsu₂",
		"oldbab:ti": "oldbabti",
		"oldbab:ud": "oldbabud",
		"oldbab:u₂": "oldbabu₂",
		"oldbab:u₄": "oldbabu₄",
		"oldbab:wa": "oldbabwa",
		"oldbab:šu": "oldbabšu",
		"stdbab:NIBRU": "stdbabnibru",
		"stdbab:URIM₂": "stdbaburim₂",
		"stdbab:ap": "stdbabap",
		"stdbab:ba": "stdbabba",
		"sug(|LAGAB×A|)": "suglagaba",
		"tešbi(U₂)": "tešbiu₂",
		"tidnum(|PIRIG.KIŠ|)": "tidnumpirigkiš",
		"tuba₂(|A.HA|)": "tuba₂aha",
		"tulamušenû": "tulamušenu",
		"uhulₓ(NAGA)": "uhulₓnaga",
		"umma(|GIŠ.UH₃|)": "ummagišuh₃",
		"ummenₓ(|GIŠ.KUŠU₂|)": "ummenₓgiškušu₂",
		"upê": "upe",
		"zabalam₃(|MUŠ₃.AB@g|)": "zabalam₃muš₃abg",
		"zabalamₓ(|ZA.MUŠ₃@g.AB×(U.U.U)|)": "zabalamₓzamuš₃gabuuu",
		"zimbir(|UD.(GIŠ%GIŠ)@g.AN|)": "zimbirudgišgišgan",
		"|4×NI|": "4ni",
		"|EZEN×BAD.AN|": "ezenbadan",
		"Ŋirlum": "ŋirlum",
		"Ŋirsu": "ŋirsu",
		"ŠU": "šu",
		"Šaggud": "šaggud",
		"Šami": "šami",
		"Šapir": "šapir",
		"Šarru": "šarru",
		"Šaršari": "šaršari",
		"Šuana": "šuana",
		"Šubartum": "šubartum",
		"Šulgi": "šulgi",
		"Šumeru": "šumeru",
		"Šuruppak": "šuruppak",
		"Šušin": "šušin",
		"Šušum": "šušum",
		"šam(U₂)": "šamu₂",
		"šušin(|MUŠ₃.ŠEŠ₂|)": "šušinmuš₃šeš₂",
		"Ṣurrititu": "ṣurrititu"
	}
}
