{
	"type": "index",
	"project":"dcclt",
  "source": "http://oracc.org/dcclt",
  "license": "This data is released under the CC0 license",
  "license-url": "https://creativecommons.org/publicdomain/zero/1.0/",
  "more-info": "http://oracc.org/doc/opendata/",
  "UTC-timestamp": "2017-05-19T18:30:04",
  "source": "http://oracc.org/dcclt",
  "license": "This data is released under the CC0 license",
  "license-url": "https://creativecommons.org/publicdomain/zero/1.0/",
  "more-info": "http://oracc.org/doc/opendata/",
  "UTC-timestamp": "2017-05-19T18:21:22",
  "source": "http://oracc.org/dcclt",
  "license": "This data is released under the CC0 license",
  "license-url": "https://creativecommons.org/publicdomain/zero/1.0/",
  "more-info": "http://oracc.org/doc/opendata/",
  "UTC-timestamp": "2017-05-17T05:09:34",
  "source": "http://oracc.org/dcclt",
  "license": "This data is released under the CC0 license",
  "license-url": "https://creativecommons.org/publicdomain/zero/1.0/",
  "more-info": "http://oracc.org/doc/opendata/",
  "UTC-timestamp": "2017-05-17T05:01:00",
  "source": "http://oracc.org/dcclt",
  "license": "This data is released under the CC0 license",
  "license-url": "https://creativecommons.org/publicdomain/zero/1.0/",
  "more-info": "http://oracc.org/doc/opendata/",
  "UTC-timestamp": "2017-05-13T01:07:01",
  "source": "http://oracc.org/dcclt",
  "license": "This data is released under the CC0 license",
  "license-url": "https://creativecommons.org/publicdomain/zero/1.0/",
  "more-info": "http://oracc.org/doc/opendata/",
  "UTC-timestamp": "2017-05-13T00:58:40",
  "source": "http://oracc.org/dcclt",
  "license": "This data is released under the CC0 license",
  "license-url": "https://creativecommons.org/publicdomain/zero/1.0/",
  "more-info": "http://oracc.org/doc/opendata/",
  "UTC-timestamp": "2017-05-11T19:34:56",
  "source": "http://oracc.org/dcclt",
  "license": "This data is released under the CC0 license",
  "license-url": "https://creativecommons.org/publicdomain/zero/1.0/",
  "more-info": "http://oracc.org/doc/opendata/",
  "UTC-timestamp": "2017-05-11T19:26:25",
  "source": "http://oracc.org/dcclt",
  "license": "This data is released under the CC0 license",
  "license-url": "https://creativecommons.org/publicdomain/zero/1.0/",
  "more-info": "http://oracc.org/doc/opendata/",
  "UTC-timestamp": "2017-05-10T20:41:30",
  "source": "http://oracc.org/dcclt",
  "license": "This data is released under the CC0 license",
  "license-url": "https://creativecommons.org/publicdomain/zero/1.0/",
  "more-info": "http://oracc.org/doc/opendata/",
  "UTC-timestamp": "2017-05-10T20:33:05",
  "source": "http://oracc.org/dcclt",
  "license": "This data is released under the CC0 license",
  "license-url": "https://creativecommons.org/publicdomain/zero/1.0/",
  "more-info": "http://oracc.org/doc/opendata/",
  "UTC-timestamp": "2017-05-06T00:40:21",
  "source": "http://oracc.org/dcclt",
  "license": "This data is released under the CC0 license",
  "license-url": "https://creativecommons.org/publicdomain/zero/1.0/",
  "more-info": "http://oracc.org/doc/opendata/",
  "UTC-timestamp": "2017-05-06T00:32:08",
  "source": "http://oracc.org/dcclt",
  "license": "This data is released under the CC0 license",
  "license-url": "https://creativecommons.org/publicdomain/zero/1.0/",
  "more-info": "http://oracc.org/doc/opendata/",
  "UTC-timestamp": "2017-04-28T19:23:47",
  "source": "http://oracc.org/dcclt",
  "license": "This data is released under the CC0 license",
  "license-url": "https://creativecommons.org/publicdomain/zero/1.0/",
  "more-info": "http://oracc.org/doc/opendata/",
  "UTC-timestamp": "2017-04-28T19:14:58",
  "source": "http://oracc.org/dcclt",
  "license": "This data is released under the CC0 license",
  "license-url": "https://creativecommons.org/publicdomain/zero/1.0/",
  "more-info": "http://oracc.org/doc/opendata/",
  "UTC-timestamp": "2017-04-27T19:10:05",
  "source": "http://oracc.org/dcclt",
  "license": "This data is released under the CC0 license",
  "license-url": "https://creativecommons.org/publicdomain/zero/1.0/",
  "more-info": "http://oracc.org/doc/opendata/",
  "UTC-timestamp": "2017-04-27T19:01:21",
  "source": "http://oracc.org/dcclt",
  "license": "This data is released under the CC0 license",
  "license-url": "https://creativecommons.org/publicdomain/zero/1.0/",
  "more-info": "http://oracc.org/doc/opendata/",
  "UTC-timestamp": "2017-04-27T01:57:47",
  "source": "http://oracc.org/dcclt",
  "license": "This data is released under the CC0 license",
  "license-url": "https://creativecommons.org/publicdomain/zero/1.0/",
  "more-info": "http://oracc.org/doc/opendata/",
  "UTC-timestamp": "2017-04-27T01:49:05",
  "source": "http://oracc.org/dcclt",
  "license": "This data is released under the CC0 license",
  "license-url": "https://creativecommons.org/publicdomain/zero/1.0/",
  "more-info": "http://oracc.org/doc/opendata/",
  "UTC-timestamp": "2017-03-20T20:38:31",
  "source": "http://oracc.org/dcclt",
  "license": "This data is released under the CC0 license",
  "license-url": "https://creativecommons.org/publicdomain/zero/1.0/",
  "more-info": "http://oracc.org/doc/opendata/",
  "UTC-timestamp": "2017-03-20T19:37:14",
  "source": "http://oracc.org/dcclt",
  "license": "This data is released under the CC0 license",
  "license-url": "https://creativecommons.org/publicdomain/zero/1.0/",
  "more-info": "http://oracc.org/doc/opendata/",
  "UTC-timestamp": "2017-03-16T19:40:08",
  "source": "http://oracc.org/dcclt",
  "license": "This data is released under the CC0 license",
  "license-url": "https://creativecommons.org/publicdomain/zero/1.0/",
  "more-info": "http://oracc.org/doc/opendata/",
  "UTC-timestamp": "2017-03-16T18:45:35",
  "source": "http://oracc.org/dcclt",
  "license": "This data is released under the CC0 license",
  "license-url": "https://creativecommons.org/publicdomain/zero/1.0/",
  "more-info": "http://oracc.org/doc/opendata/",
  "UTC-timestamp": "2017-03-16T17:12:41",
  "source": "http://oracc.org/dcclt",
  "license": "This data is released under the CC0 license",
  "license-url": "https://creativecommons.org/publicdomain/zero/1.0/",
  "more-info": "http://oracc.org/doc/opendata/",
  "UTC-timestamp": "2017-03-16T16:58:36",
  "source": "http://oracc.org/dcclt",
  "license": "This data is released under the CC0 license",
  "license-url": "https://creativecommons.org/publicdomain/zero/1.0/",
  "more-info": "http://oracc.org/doc/opendata/",
  "UTC-timestamp": "2017-03-16T02:07:16",
  "source": "http://oracc.org/dcclt",
  "license": "This data is released under the CC0 license",
  "license-url": "https://creativecommons.org/publicdomain/zero/1.0/",
  "more-info": "http://oracc.org/doc/opendata/",
  "UTC-timestamp": "2017-03-16T01:48:36",
  "source": "http://oracc.org/dcclt",
  "license": "This data is released under the CC0 license",
  "license-url": "https://creativecommons.org/publicdomain/zero/1.0/",
  "more-info": "http://oracc.org/doc/opendata/",
  "UTC-timestamp": "2017-03-07T00:07:20",
  "source": "http://oracc.org/dcclt",
  "license": "This data is released under the CC0 license",
  "license-url": "https://creativecommons.org/publicdomain/zero/1.0/",
  "more-info": "http://oracc.org/doc/opendata/",
  "UTC-timestamp": "2017-03-06T23:58:30",
  "source": "http://oracc.org/dcclt",
  "license": "This data is released under the CC0 license",
  "license-url": "https://creativecommons.org/publicdomain/zero/1.0/",
  "more-info": "http://oracc.org/doc/opendata/",
  "UTC-timestamp": "2017-03-04T01:00:24",
  "source": "http://oracc.org/dcclt",
  "license": "This data is released under the CC0 license",
  "license-url": "https://creativecommons.org/publicdomain/zero/1.0/",
  "more-info": "http://oracc.org/doc/opendata/",
  "UTC-timestamp": "2017-03-04T00:51:38",
  "source": "http://oracc.org/dcclt",
  "license": "This data is released under the CC0 license",
  "license-url": "https://creativecommons.org/publicdomain/zero/1.0/",
  "more-info": "http://oracc.org/doc/opendata/",
  "UTC-timestamp": "2017-02-28T20:10:48",
  "source": "http://oracc.org/dcclt",
  "license": "This data is released under the CC0 license",
  "license-url": "https://creativecommons.org/publicdomain/zero/1.0/",
  "more-info": "http://oracc.org/doc/opendata/",
  "UTC-timestamp": "2017-02-28T20:01:18",
  "source": "http://oracc.org/dcclt",
  "license": "This data is released under the CC0 license",
  "license-url": "https://creativecommons.org/publicdomain/zero/1.0/",
  "more-info": "http://oracc.org/doc/opendata/",
  "UTC-timestamp": "2017-02-14T22:49:50",
  "source": "http://oracc.org/dcclt",
  "license": "This data is released under the CC0 license",
  "license-url": "https://creativecommons.org/publicdomain/zero/1.0/",
  "more-info": "http://oracc.org/doc/opendata/",
  "UTC-timestamp": "2017-02-14T22:40:23",
  "source": "http://oracc.org/dcclt",
  "license": "This data is released under the CC0 license",
  "license-url": "https://creativecommons.org/publicdomain/zero/1.0/",
  "more-info": "http://oracc.org/doc/opendata/",
  "UTC-timestamp": "2017-02-14T22:10:19",
  "source": "http://oracc.org/dcclt",
  "license": "This data is released under the CC0 license",
  "license-url": "https://creativecommons.org/publicdomain/zero/1.0/",
  "more-info": "http://oracc.org/doc/opendata/",
  "UTC-timestamp": "2017-02-14T02:59:56",
  "source": "http://oracc.org/dcclt",
  "license": "This data is released under the CC0 license",
  "license-url": "https://creativecommons.org/publicdomain/zero/1.0/",
  "more-info": "http://oracc.org/doc/opendata/",
  "UTC-timestamp": "2017-02-14T02:50:40",
	"name": "cbd/qpn-x-divine",
	"keys": [{
		"key": "u",
		"count": "7",
		"instances": [
			"u","u","u","u","u","u","u"
		]},{
		"key": "Ŋešbara[1]",
		"count": "1",
		"instances": [
			"Ŋešbara[1]"
		]},{
		"key": "Ištar[1]",
		"count": "1",
		"instances": [
			"Ištar[1]"
		]},{
		"key": "uta",
		"count": "2",
		"instances": [
			"uta","uta"
		]},{
		"key": "Gemedukuga[1]",
		"count": "1",
		"instances": [
			"Gemedukuga[1]"
		]},{
		"key": "Ašširgi[1]",
		"count": "1",
		"instances": [
			"Ašširgi[1]"
		]},{
		"key": "neriššu",
		"count": "2",
		"instances": [
			"neriššu","neriššu"
		]},{
		"key": "udgunundi",
		"count": "2",
		"instances": [
			"udgunundi","udgunundi"
		]},{
		"key": "Šubula[1]",
		"count": "1",
		"instances": [
			"Šubula[1]"
		]},{
		"key": "ababa",
		"count": "2",
		"instances": [
			"ababa","ababa"
		]},{
		"key": "kirban",
		"count": "2",
		"instances": [
			"kirban","kirban"
		]},{
		"key": "Messaŋŋa-Unug[1]",
		"count": "1",
		"instances": [
			"Messaŋŋa-Unug[1]"
		]},{
		"key": "iminbi",
		"count": "2",
		"instances": [
			"iminbi","iminbi"
		]},{
		"key": "ninkur",
		"count": "2",
		"instances": [
			"ninkur","ninkur"
		]},{
		"key": "UrZababa[1]",
		"count": "1",
		"instances": [
			"UrZababa[1]"
		]},{
		"key": "Ŋešbar[1]",
		"count": "1",
		"instances": [
			"Ŋešbar[1]"
		]},{
		"key": "nabu",
		"count": "2",
		"instances": [
			"nabu","nabu"
		]},{
		"key": "oldbabuš",
		"count": "1",
		"instances": [
			"oldbabuš"
		]},{
		"key": "zerku",
		"count": "2",
		"instances": [
			"zerku","zerku"
		]},{
		"key": "marad",
		"count": "4",
		"instances": [
			"marad","marad","marad","marad"
		]},{
		"key": "marutu",
		"count": "1",
		"instances": [
			"marutu"
		]},{
		"key": "lugalšinig",
		"count": "2",
		"instances": [
			"lugalšinig","lugalšinig"
		]},{
		"key": "Ušuknir[1]",
		"count": "1",
		"instances": [
			"Ušuknir[1]"
		]},{
		"key": "umani",
		"count": "2",
		"instances": [
			"umani","umani"
		]},{
		"key": "Bizila[1]",
		"count": "1",
		"instances": [
			"Bizila[1]"
		]},{
		"key": "Atugula[1]",
		"count": "1",
		"instances": [
			"Atugula[1]"
		]},{
		"key": "Damkiʾanak[1]",
		"count": "1",
		"instances": [
			"Damkiʾanak[1]"
		]},{
		"key": "lugalŋešnimbar",
		"count": "2",
		"instances": [
			"lugalŋešnimbar","lugalŋešnimbar"
		]},{
		"key": "šulpae₃a",
		"count": "3",
		"instances": [
			"šulpae₃a","šulpae₃a","šulpae₃a"
		]},{
		"key": "Ninimma[1]",
		"count": "1",
		"instances": [
			"Ninimma[1]"
		]},{
		"key": "ningurušda",
		"count": "2",
		"instances": [
			"ningurušda","ningurušda"
		]},{
		"key": "ninkašbarak",
		"count": "2",
		"instances": [
			"ninkašbarak","ninkašbarak"
		]},{
		"key": "eyan",
		"count": "1",
		"instances": [
			"eyan"
		]},{
		"key": "ninkurak",
		"count": "2",
		"instances": [
			"ninkurak","ninkurak"
		]},{
		"key": "arahtum",
		"count": "1",
		"instances": [
			"arahtum"
		]},{
		"key": "Ŋešbaranak[1]",
		"count": "1",
		"instances": [
			"Ŋešbaranak[1]"
		]},{
		"key": "anife",
		"count": "1",
		"instances": [
			"anife"
		]},{
		"key": "giri₁₇",
		"count": "4",
		"instances": [
			"giri₁₇","giri₁₇","giri₁₇","giri₁₇"
		]},{
		"key": "Ea[1]",
		"count": "1",
		"instances": [
			"Ea[1]"
		]},{
		"key": "30",
		"count": "4",
		"instances": [
			"30","30","30","30"
		]},{
		"key": "Šabu[1]",
		"count": "1",
		"instances": [
			"Šabu[1]"
		]},{
		"key": "šusaduga",
		"count": "4",
		"instances": [
			"šusaduga","šusaduga","šusaduga","šusaduga"
		]},{
		"key": "umunhuš",
		"count": "2",
		"instances": [
			"umunhuš","umunhuš"
		]},{
		"key": "Zarpanitu[1]",
		"count": "1",
		"instances": [
			"Zarpanitu[1]"
		]},{
		"key": "nindašurima",
		"count": "2",
		"instances": [
			"nindašurima","nindašurima"
		]},{
		"key": "nisaba",
		"count": "13",
		"instances": [
			"nisaba","nisaba","nisaba","nisaba","nisaba","nisaba","nisaba","nisaba","nisaba","nisaba","nisaba","nisaba","nisaba"
		]},{
		"key": "La-gamal[1]",
		"count": "1",
		"instances": [
			"La-gamal[1]"
		]},{
		"key": "50",
		"count": "6",
		"instances": [
			"50","50","50","50","50","50"
		]},{
		"key": "60",
		"count": "2",
		"instances": [
			"60","60"
		]},{
		"key": "Igibišesilima[1]",
		"count": "1",
		"instances": [
			"Igibišesilima[1]"
		]},{
		"key": "li₉",
		"count": "4",
		"instances": [
			"li₉","li₉","li₉","li₉"
		]},{
		"key": "gilgameš",
		"count": "4",
		"instances": [
			"gilgameš","gilgameš","gilgameš","gilgameš"
		]},{
		"key": "attar",
		"count": "2",
		"instances": [
			"attar","attar"
		]},{
		"key": "li₂",
		"count": "4",
		"instances": [
			"li₂","li₂","li₂","li₂"
		]},{
		"key": "dullum",
		"count": "2",
		"instances": [
			"dullum","dullum"
		]},{
		"key": "nuška",
		"count": "1",
		"instances": [
			"nuška"
		]},{
		"key": "uraš",
		"count": "6",
		"instances": [
			"uraš","uraš","uraš","uraš","uraš","uraš"
		]},{
		"key": "šara₂",
		"count": "4",
		"instances": [
			"šara₂","šara₂","šara₂","šara₂"
		]},{
		"key": "Ṣilluš-ṭab[1]",
		"count": "1",
		"instances": [
			"Ṣilluš-ṭab[1]"
		]},{
		"key": "ninešgal",
		"count": "2",
		"instances": [
			"ninešgal","ninešgal"
		]},{
		"key": "Išum[1]",
		"count": "1",
		"instances": [
			"Išum[1]"
		]},{
		"key": "Lugalšude[1]",
		"count": "1",
		"instances": [
			"Lugalšude[1]"
		]},{
		"key": "ninsumunak",
		"count": "2",
		"instances": [
			"ninsumunak","ninsumunak"
		]},{
		"key": "949gešgu",
		"count": "1",
		"instances": [
			"949gešgu"
		]},{
		"key": "padindug",
		"count": "2",
		"instances": [
			"padindug","padindug"
		]},{
		"key": "Papniŋarak[1]",
		"count": "1",
		"instances": [
			"Papniŋarak[1]"
		]},{
		"key": "Šakan[1]",
		"count": "1",
		"instances": [
			"Šakan[1]"
		]},{
		"key": "kaš",
		"count": "4",
		"instances": [
			"kaš","kaš","kaš","kaš"
		]},{
		"key": "gulazida",
		"count": "2",
		"instances": [
			"gulazida","gulazida"
		]},{
		"key": "UG-nima[1]",
		"count": "1",
		"instances": [
			"UG-nima[1]"
		]},{
		"key": "ennugi",
		"count": "4",
		"instances": [
			"ennugi","ennugi","ennugi","ennugi"
		]},{
		"key": "laqipu",
		"count": "2",
		"instances": [
			"laqipu","laqipu"
		]},{
		"key": "kurgal",
		"count": "2",
		"instances": [
			"kurgal","kurgal"
		]},{
		"key": "ninŋedru",
		"count": "2",
		"instances": [
			"ninŋedru","ninŋedru"
		]},{
		"key": "ninsikila",
		"count": "2",
		"instances": [
			"ninsikila","ninsikila"
		]},{
		"key": "nindurba",
		"count": "2",
		"instances": [
			"nindurba","nindurba"
		]},{
		"key": "kum",
		"count": "4",
		"instances": [
			"kum","kum","kum","kum"
		]},{
		"key": "asarluhi",
		"count": "2",
		"instances": [
			"asarluhi","asarluhi"
		]},{
		"key": "kud",
		"count": "12",
		"instances": [
			"kud","kud","kud","kud","kud","kud","kud","kud","kud","kud","kud","kud"
		]},{
		"key": "oldbablum",
		"count": "1",
		"instances": [
			"oldbablum"
		]},{
		"key": "Gulazida[1]",
		"count": "1",
		"instances": [
			"Gulazida[1]"
		]},{
		"key": "Ninŋedru[1]",
		"count": "1",
		"instances": [
			"Ninŋedru[1]"
		]},{
		"key": "pabilsaŋ",
		"count": "2",
		"instances": [
			"pabilsaŋ","pabilsaŋ"
		]},{
		"key": "ktr",
		"count": "1",
		"instances": [
			"ktr"
		]},{
		"key": "Nunamnir[1]",
		"count": "1",
		"instances": [
			"Nunamnir[1]"
		]},{
		"key": "Kiriurur[1]",
		"count": "1",
		"instances": [
			"Kiriurur[1]"
		]},{
		"key": "asal₂",
		"count": "4",
		"instances": [
			"asal₂","asal₂","asal₂","asal₂"
		]},{
		"key": "Dam-anak[1]",
		"count": "1",
		"instances": [
			"Dam-anak[1]"
		]},{
		"key": "ninbad",
		"count": "2",
		"instances": [
			"ninbad","ninbad"
		]},{
		"key": "melkunni",
		"count": "1",
		"instances": [
			"melkunni"
		]},{
		"key": "nergal",
		"count": "14",
		"instances": [
			"nergal","nergal","nergal","nergal","nergal","nergal","nergal","nergal","nergal","nergal","nergal","nergal","nergal","nergal"
		]},{
		"key": "silim",
		"count": "8",
		"instances": [
			"silim","silim","silim","silim","silim","silim","silim","silim"
		]},{
		"key": "silig",
		"count": "4",
		"instances": [
			"silig","silig","silig","silig"
		]},{
		"key": "arahtu",
		"count": "2",
		"instances": [
			"arahtu","arahtu"
		]},{
		"key": "ninzazna",
		"count": "1",
		"instances": [
			"ninzazna"
		]},{
		"key": "ililli",
		"count": "1",
		"instances": [
			"ililli"
		]},{
		"key": "Ninkurak[1]",
		"count": "1",
		"instances": [
			"Ninkurak[1]"
		]},{
		"key": "mehuš",
		"count": "2",
		"instances": [
			"mehuš","mehuš"
		]},{
		"key": "agrun",
		"count": "4",
		"instances": [
			"agrun","agrun","agrun","agrun"
		]},{
		"key": "Mannu-šaninša[1]",
		"count": "1",
		"instances": [
			"Mannu-šaninša[1]"
		]},{
		"key": "damu",
		"count": "2",
		"instances": [
			"damu","damu"
		]},{
		"key": "gišbar",
		"count": "2",
		"instances": [
			"gišbar","gišbar"
		]},{
		"key": "Alla[1]",
		"count": "1",
		"instances": [
			"Alla[1]"
		]},{
		"key": "Gaggim[1]",
		"count": "1",
		"instances": [
			"Gaggim[1]"
		]},{
		"key": "tar₂",
		"count": "6",
		"instances": [
			"tar₂"
		]}
	],
	"map": {
		"%akk": "akk",
		"%sux": "sux",
		"+MIN": "min",
		"+aš": "aš",
		"+du": "du",
		"+en": "en",
		"+ga": "ga",
		"+gu": "gu",
		"+ka": "ka",
		"+ki": "ki",
		"+ku": "ku",
		"+nu": "nu",
		"+si": "si",
		"+su": "su",
		"+up": "up",
		"+ŋar": "ŋar",
		"+še₃": "še₃",
		"949:Nisaba": "949nisaba",
		"949:gešgu": "949gešgu",
		"949:šusaduga": "949šusaduga",
		"A.A": "aa",
		"AK": "ak",
		"AMAR.UTU": "amarutu",
		"AN": "an",
		"AN.TI.BAL": "antibal",
		"Ababa": "ababa",
		"Ababasaga": "ababasaga",
		"Abu": "abu",
		"Adad": "adad",
		"Addugnun": "addugnun",
		"Adgigi": "adgigi",
		"Adŋirikud": "adŋirikud",
		"Alamuš": "alamuš",
		"Alba": "alba",
		"Alha": "alha",
		"Alla": "alla",
		"Allamu": "allamu",
		"Allatu": "allatu",
		"Almu": "almu",
		"Amaraheʾa": "amaraheʾa",
		"Amarazu": "amarazu",
		"Amarǵe": "amarge",
		"Amaʾarazu": "amaʾarazu",
		"An": "an",
		"Anat": "anat",
		"Ani": "ani",
		"Anim": "anim",
		"Antibal": "antibal",
		"Antu": "antu",
		"Anu": "anu",
		"Anum": "anum",
		"Anunitu": "anunitu",
		"Anunitum": "anunitum",
		"Ara": "ara",
		"Arahtu": "arahtu",
		"Aritum": "aritum",
		"Aruru": "aruru",
		"Asalluhi": "asalluhi",
		"Asaluh": "asaluh",
		"Asar": "asar",
		"Asarluhi": "asarluhi",
		"Asikila": "asikila",
		"Athirat": "athirat",
		"Atugula": "atugula",
		"Atutur": "atutur",
		"Aya": "aya",
		"Ayagun": "ayagun",
		"AŠ": "aš",
		"Ašgi": "ašgi",
		"Ašnan": "ašnan",
		"Aštabi": "aštabi",
		"Ašširgi": "ašširgi",
		"Aššur": "aššur",
		"Aʾušar": "aʾušar",
		"Aṯtar": "attar",
		"BIL₃": "bil₃",
		"Babili": "babili",
		"Bahar": "bahar",
		"Baliha": "baliha",
		"BaragsigaNibru": "baragsiganibru",
		"Bau": "bau",
		"Bel": "bel",
		"Belet": "belet",
		"Bizila": "bizila",
		"Bulala": "bulala",
		"Bunene": "bunene",
		"Burukaš": "burukaš",
		"DAM.KI.AN.NA": "damkianna",
		"DAR": "dar",
		"DI": "di",
		"DI.KUD": "dikud",
		"DIDI": "didi",
		"DINGIR": "dingir",
		"DIRI": "diri",
		"DU": "du",
		"DU.DU": "dudu",
		"DU₁₀": "du₁₀",
		"Dadmiš": "dadmiš",
		"Dagan": "dagan",
		"Dam": "dam",
		"Damgalnunak": "damgalnunak",
		"Damkiana": "damkiana",
		"Damkina": "damkina",
		"Damkiʾanak": "damkiʾanak",
		"Damu": "damu",
		"Dapan": "dapan",
		"Dapar": "dapar",
		"Dikud": "dikud",
		"Dilimbabbar": "dilimbabbar",
		"Dimermah": "dimermah",
		"Dimkug": "dimkug",
		"Dimme": "dimme",
		"Diŋirmah": "diŋirmah",
		"Dullum": "dullum",
		"Dumununa": "dumununa",
		"Dumuzid": "dumuzid",
		"Dunga": "dunga",
		"E": "e",
		"EDEN": "eden",
		"EN": "en",
		"EN.KI": "enki",
		"EN.LIL₂": "enlil₂",
		"EN.LIL₂.LA₂": "enlil₂la₂",
		"EN.NU.GI": "ennugi",
		"EREŠ.KI.GAL": "ereškigal",
		"ER₃.RA": "er₃ra",
		"ER₃.RA.GAL": "er₃ragal",
		"EZEN": "ezen",
		"Ea": "ea",
		"EgiTummal": "egitummal",
		"Ekiŋara": "ekiŋara",
		"Ekurabsa": "ekurabsa",
		"Ekuritum": "ekuritum",
		"Ellil": "ellil",
		"Elum": "elum",
		"Emeten": "emeten",
		"En": "en",
		"Enana": "enana",
		"Enbul": "enbul",
		"Endašurima": "endašurima",
		"Endukuga": "endukuga",
		"Enesi": "enesi",
		"Engal": "engal",
		"Engiriš": "engiriš",
		"Enki": "enki",
		"Enkum": "enkum",
		"Enkuŋal": "enkuŋal",
		"Enlil": "enlil",
		"Enmešara": "enmešara",
		"Ennugi": "ennugi",
		"Enu": "enu",
		"Enudtila": "enudtila",
		"Enuru": "enuru",
		"Enšadu": "enšadu",
		"Ereškigal": "ereškigal",
		"Ereškigalak": "ereškigalak",
		"Erra": "erra",
		"Erragal": "erragal",
		"Ezina": "ezina",
		"Eŋaluzu": "eŋaluzu",
		"GAN₂": "gan₂",
		"GIR₃": "gir₃",
		"GIŠ.BAR": "gišbar",
		"GUD": "gud",
		"Gaggim": "gaggim",
		"Gana": "gana",
		"Gašanamaškuga": "gašanamaškuga",
		"Gašanhursaŋak": "gašanhursaŋak",
		"Gašanmah": "gašanmah",
		"Gemedukuga": "gemedukuga",
		"Geškad": "geškad",
		"Gibil": "gibil",
		"Gilgameš": "gilgameš",
		"Gira": "gira",
		"Giri": "giri",
		"Guduʾak": "guduʾak",
		"Gugalita": "gugalita",
		"Gugarid": "gugarid",
		"Guggim": "guggim",
		"Gula": "gula",
		"Gulazida": "gulazida",
		"Hallamu": "hallamu",
		"Hallulaya": "hallulaya",
		"Halmu": "halmu",
		"Haniš": "haniš",
		"Haya": "haya",
		"Hayyum": "hayyum",
		"Hendursaŋak": "hendursaŋak",
		"Hudellurra": "hudellurra",
		"Hudena": "hudena",
		"IDIM": "idim",
		"IM": "im",
		"INANA": "inana",
		"Id": "id",
		"Idim": "idim",
		"Idlurugu": "idlurugu",
		"Igalim": "igalim",
		"Igibišenamtila": "igibišenamtila",
		"Igibišesilima": "igibišesilima",
		"Ilaba": "ilaba",
		"Illa": "illa",
		"Ilumer": "ilumer",
		"Imdudu": "imdudu",
		"Iminbi": "iminbi",
		"Imšattu": "imšattu",
		"Inana": "inana",
		"Indagara": "indagara",
		"Inimduga": "inimduga",
		"Innin": "innin",
		"Irda": "irda",
		"Isimud": "isimud",
		"IŠKUR": "iškur",
		"Išar": "išar",
		"Iškur": "iškur",
		"Ištar": "ištar",
		"Ištaran": "ištaran",
		"Išum": "išum",
		"KUR": "kur",
		"Kabaninamtila": "kabaninamtila",
		"Kabanisilima": "kabanisilima",
		"Kabta": "kabta",
		"Kalkal": "kalkal",
		"Kanisura": "kanisura",
		"Kanizuran": "kanizuran",
		"Karšul": "karšul",
		"Kazba": "kazba",
		"Keš": "keš",
		"Kirban": "kirban",
		"Kiriurur": "kiriurur",
		"Kisag": "kisag",
		"Kituš": "kituš",
		"Kitušgirizal": "kitušgirizal",
		"Kiŋgaluda": "kiŋgaluda",
		"Kothar": "kothar",
		"Kotharat": "kotharat",
		"Kugnuna": "kugnuna",
		"Kugsig": "kugsig",
		"Kuksi": "kuksi",
		"Kula": "kula",
		"Kumarbi": "kumarbi",
		"Kumarwi": "kumarwi",
		"Kurdaru": "kurdaru",
		"Kurgal": "kurgal",
		"Kuruna": "kuruna",
		"Kusigbanda": "kusigbanda",
		"Kussu": "kussu",
		"Kusu": "kusu",
		"LIL₂": "lil₂",
		"LUGAL": "lugal",
		"LUGAL.IR₉.RA": "lugalir₉ra",
		"LUL": "lul",
		"La": "la",
		"Lahama": "lahama",
		"Lahar": "lahar",
		"LamaKakka": "lamakakka",
		"Lamaštu": "lamaštu",
		"Lamaštum": "lamaštum",
		"Laqipu": "laqipu",
		"Laṣ": "laṣ",
		"Lisi": "lisi",
		"Lugal": "lugal",
		"LugalEguruma": "lugaleguruma",
		"Lugalasal": "lugalasal",
		"Lugalašagmara": "lugalašagmara",
		"Lugalbanda": "lugalbanda",
		"Lugaldukuga": "lugaldukuga",
		"Lugaledenak": "lugaledenak",
		"Lugaledina": "lugaledina",
		"Lugalerra": "lugalerra",
		"Lugalgubani": "lugalgubani",
		"Lugalinimgina": "lugalinimgina",
		"Lugaliribara": "lugaliribara",
		"Lugalmagure": "lugalmagure",
		"Lugalniranak": "lugalniranak",
		"Lugalsi": "lugalsi",
		"Lugalurak": "lugalurak",
		"Lugalzaged": "lugalzaged",
		"Lugalzara": "lugalzara",
		"Lugalŋešnimbar": "lugalŋešnimbar",
		"Lugalŋirura": "lugalŋirura",
		"Lugalšinig": "lugalšinig",
		"Lugalšude": "lugalšude",
		"Lulahhe": "lulahhe",
		"Lulal": "lulal",
		"Lulalanak": "lulalanak",
		"Lumha": "lumha",
		"MAŠ": "maš",
		"MES": "mes",
		"MES.LAM.TA.E₃.A": "meslamtae₃a",
		"MEŠ": "meš",
		"MIR": "mir",
		"MUŠ": "muš",
		"Mahdiʾanak": "mahdiʾanak",
		"Malik": "malik",
		"Mama": "mama",
		"Mami": "mami",
		"Mamme": "mamme",
		"Mamud": "mamud",
		"Mandanu": "mandanu",
		"Mannu": "mannu",
		"Manungal": "manungal",
		"Maradak": "maradak",
		"Marduk": "marduk",
		"Martu": "martu",
		"Marutu": "marutu",
		"Marutuk": "marutuk",
		"Mašdad": "mašdad",
		"Maštaba": "maštaba",
		"Mehuš": "mehuš",
		"Melku": "melku",
		"Menkug": "menkug",
		"Meslamtaea": "meslamtaea",
		"Messaŋŋa": "messaŋŋa",
		"Metuma": "metuma",
		"Muhra": "muhra",
		"Mullilti": "mullilti",
		"Munussaʾa": "munussaʾa",
		"Mur": "mur",
		"Mušdama": "mušdama",
		"Mušmekulkul": "mušmekulkul",
		"NANNA": "nanna",
		"NIN": "nin",
		"NIN.DUB.GAL.GAL": "nindubgalgal",
		"NIN.E₂.GAL": "nine₂gal",
		"NIN.KA.SI": "ninkasi",
		"NIN.LIL₂": "ninlil₂",
		"NIN.URTA": "ninurta",
		"NISABA": "nisaba",
		"NUSKA": "nuska",
		"NUSKA(|PA.UDU|)": "nuskapaudu",
		"Nablum": "nablum",
		"Nabu": "nabu",
		"Namma": "namma",
		"Namnun": "namnun",
		"Nanaya": "nanaya",
		"Nanibgal": "nanibgal",
		"Nanna": "nanna",
		"Nanše": "nanše",
		"Našše": "našše",
		"Nergal": "nergal",
		"Nin": "nin",
		"Ninadamkuga": "ninadamkuga",
		"Ninagalak": "ninagalak",
		"Ninagana": "ninagana",
		"Ninagrunak": "ninagrunak",
		"Ninalal": "ninalal",
		"Ninana": "ninana",
		"Ninazu": "ninazu",
		"Ninbad": "ninbad",
		"Nindašurima": "nindašurima",
		"Nindiŋirenek": "nindiŋirenek",
		"Nindubgalgal": "nindubgalgal",
		"Nindukuga": "nindukuga",
		"Nindurba": "nindurba",
		"Ninegala": "ninegala",
		"Ninegalak": "ninegalak",
		"Ninešgal": "ninešgal",
		"Ningal": "ningal",
		"Ningirim": "ningirim",
		"Ningiriš": "ningiriš",
		"Ningublaga": "ningublaga",
		"Ninguharana": "ninguharana",
		"Ningurušda": "ningurušda",
		"Ninhursaŋak": "ninhursaŋak",
		"Ninigizidbara": "ninigizidbara",
		"Ninildumak": "ninildumak",
		"Ninimin": "ninimin",
		"Ninimma": "ninimma",
		"Niniribara": "niniribara",
		"Ninirigal": "ninirigal",
		"Ninkarrak": "ninkarrak",
		"Ninkasi": "ninkasi",
		"Ninkašbarak": "ninkašbarak",
		"Ninki": "ninki",
		"Ninkilim": "ninkilim",
		"Ninkiriura": "ninkiriura",
		"Ninkiŋgal": "ninkiŋgal",
		"Ninkugnunak": "ninkugnunak",
		"Ninkur": "ninkur",
		"Ninkurak": "ninkurak",
		"Ninkuŋal": "ninkuŋal",
		"Ninlil": "ninlil",
		"Ninlildagaldi": "ninlildagaldi",
		"Ninmada": "ninmada",
		"Ninmah": "ninmah",
		"Ninmara": "ninmara",
		"Ninmaš": "ninmaš",
		"Ninmena": "ninmena",
		"Ninmešara": "ninmešara",
		"Ninmešudu": "ninmešudu",
		"Ninmug": "ninmug",
		"Ninnibruk": "ninnibruk",
		"Ninnisig": "ninnisig",
		"Ninniŋara": "ninniŋara",
		"Ninniŋinŋarak": "ninniŋinŋarak",
		"Ninpiriŋ": "ninpiriŋ",
		"Ninsikila": "ninsikila",
		"Ninsirsir": "ninsirsir",
		"Ninsiʾana": "ninsiʾana",
		"Ninsiʾanak": "ninsiʾanak",
		"Ninsumunak": "ninsumunak",
		"Ninsun": "ninsun",
		"Ninti": "ninti",
		"Nintinuga": "nintinuga",
		"Nintur": "nintur",
		"Ninudtila": "ninudtila",
		"Ninumbisaŋ": "ninumbisaŋ",
		"Ninura": "ninura",
		"Ninurimak": "ninurimak",
		"Ninurta": "ninurta",
		"Ninzazna": "ninzazna",
		"Ninzizna": "ninzizna",
		"Ninzuʾanak": "ninzuʾanak",
		"Ninŋedru": "ninŋedru",
		"Ninŋešzidak": "ninŋešzidak",
		"Ninŋirsu": "ninŋirsu",
		"Ninšenšenak": "ninšenšenak",
		"Ninšubur": "ninšubur",
		"Nirah": "nirah",
		"Nisaba": "nisaba",
		"Nissaba": "nissaba",
		"Nita": "nita",
		"Niŋgumaha": "niŋgumaha",
		"Niŋirkurak": "niŋirkurak",
		"Niŋkaskisikil": "niŋkaskisikil",
		"Nudimmud": "nudimmud",
		"Numušda": "numušda",
		"Nunamnir": "nunamnir",
		"Nunbaranak": "nunbaranak",
		"Nunbarhuša": "nunbarhuša",
		"Nunbaruna": "nunbaruna",
		"Nungal": "nungal",
		"Nunura": "nunura",
		"Nur": "nur",
		"Nusiliga": "nusiliga",
		"Nuska": "nuska",
		"Nuška": "nuška",
		"PAP.PAP": "pappap",
		"PU₂": "pu₂",
		"Pabilsaŋ": "pabilsaŋ",
		"Padindug": "padindug",
		"Papniŋara": "papniŋara",
		"Papniŋarak": "papniŋarak",
		"Papniŋinŋarak": "papniŋinŋarak",
		"Papnuna": "papnuna",
		"Papsukkal": "papsukkal",
		"Qadma": "qadma",
		"Qaqqim": "qaqqim",
		"Qudma": "qudma",
		"Qudmaš": "qudmaš",
		"Quqqim": "quqqim",
		"Raqadu": "raqadu",
		"SA.DARA₃.NUN.NA": "sadara₃nunna",
		"SAL": "sal",
		"SAR": "sar",
		"SUEN": "suen",
		"Sadarnuna": "sadarnuna",
		"Saggar": "saggar",
		"Saparnuna": "saparnuna",
		"Saŋkud": "saŋkud",
		"Saŋkulkul": "saŋkulkul",
		"Saŋŋa": "saŋŋa",
		"Saŋšutašubšuba": "saŋšutašubšuba",
		"Sebettu": "sebettu",
		"Seven": "seven",
		"Sin": "sin",
		"Siraš": "siraš",
		"Sirsire": "sirsire",
		"Sud": "sud",
		"Suen": "suen",
		"Sîn": "sin",
		"TIR": "tir",
		"TU": "tu",
		"Targulkalama": "targulkalama",
		"Tašmetu": "tašmetu",
		"Tašmetum": "tašmetum",
		"Teššob": "teššob",
		"Timuʾa": "timuʾa",
		"Tišpak": "tišpak",
		"Tumuzi": "tumuzi",
		"Tutu": "tutu",
		"UD": "ud",
		"UG": "ug",
		"UH": "uh",
		"UTU": "utu",
		"Udgudi": "udgudi",
		"Udgunundi": "udgunundi",
		"UdugKakka": "udugkakka",
		"Umani": "umani",
		"Umunhuš": "umunhuš",
		"Unug": "unug",
		"Uplu": "uplu",
		"Uplum": "uplum",
		"UrZababa": "urzababa",
		"Uraš": "uraš",
		"Urigal": "urigal",
		"Urmašu": "urmašu",
		"Urmašum": "urmašum",
		"Urnuntaʾe": "urnuntaʾe",
		"Uta": "uta",
		"Uttu": "uttu",
		"Utu": "utu",
		"Ušmu": "ušmu",
		"Ušuknir": "ušuknir",
		"Wer": "wer",
		"Zababa": "zababa",
		"Zariqum": "zariqum",
		"Zarpanitu": "zarpanitu",
		"Zarpanitum": "zarpanitum",
		"Zarzaru": "zarzaru",
		"Zerku": "zerku",
		"Zišumu": "zišumu",
		"ak.e": "ake",
		"ani=fe": "anife",
		"aštabi=n": "aštabin",
		"aṯiratu": "atiratu",
		"aṯrt": "atrt",
		"emesal:": "emesal",
		"emesal:dim₃": "emesaldim₃",
		"emesal:gašan": "emesalgašan",
		"emesal:še": "emesalše",
		"enšaduₓ(|PA.LU|)": "enšaduₓpalu",
		"eya=n": "eyan",
		"gaggimₓ(GIR₂)": "gaggimₓgir₂",
		"girimₓ(|HA@g.TAR.A.DU|)": "girimₓhagtaradu",
		"giriš(|HI×NUN|)": "girišhinun",
		"gublaga(|EZEN×GUD|)": "gublagaezengud",
		"guggimₓ(GIR₂)": "guggimₓgir₂",
		"g·a": "ga",
		"indagaraₓ(|NINDA₂×AŠ|)": "indagaraₓninda₂aš",
		"irigalₓ(AB@g)": "irigalₓabg",
		"kirâ": "kira",
		"kumurwi=ni=fe": "kumurwinife",
		"k·e₄": "ke₄",
		"kōṯaru": "kotaru",
		"kōṯāratu": "kotaratu",
		"kṯr": "ktr",
		"kṯrt": "ktrt",
		"lil₂(E₂)": "lil₂e₂",
		"martumₓ(TU)": "martumₓtu",
		"mbperi:": "mbperi",
		"mbperi:a": "mbperia",
		"mbperi:al": "mbperial",
		"mbperi:dumu": "mbperidumu",
		"mbperi:e": "mbperie",
		"mbperi:ha": "mbperiha",
		"mbperi:i": "mbperii",
		"mbperi:ki": "mbperiki",
		"mbperi:lu": "mbperilu",
		"mbperi:mi": "mbperimi",
		"mbperi:mu": "mbperimu",
		"mbperi:na": "mbperina",
		"mbperi:ni": "mbperini",
		"mbperi:tu": "mbperitu",
		"mbperi:ši": "mbperiši",
		"mbperi:šu": "mbperišu",
		"melku=n": "melkun",
		"melku=nni": "melkunni",
		"mišalatê": "mišalate",
		"oldbab:": "oldbab",
		"oldbab:a": "oldbaba",
		"oldbab:al": "oldbabal",
		"oldbab:an": "oldbaban",
		"oldbab:ba": "oldbabba",
		"oldbab:da": "oldbabda",
		"oldbab:du": "oldbabdu",
		"oldbab:er": "oldbaber",
		"oldbab:e₂": "oldbabe₂",
		"oldbab:geš": "oldbabgeš",
		"oldbab:gi": "oldbabgi",
		"oldbab:gu": "oldbabgu",
		"oldbab:ha": "oldbabha",
		"oldbab:i": "oldbabi",
		"oldbab:im": "oldbabim",
		"oldbab:in": "oldbabin",
		"oldbab:iš": "oldbabiš",
		"oldbab:ka": "oldbabka",
		"oldbab:kab": "oldbabkab",
		"oldbab:ku": "oldbabku",
		"oldbab:la": "oldbabla",
		"oldbab:li": "oldbabli",
		"oldbab:lum": "oldbablum",
		"oldbab:ma": "oldbabma",
		"oldbab:muš": "oldbabmuš",
		"oldbab:na": "oldbabna",
		"oldbab:ni": "oldbabni",
		"oldbab:nu": "oldbabnu",
		"oldbab:qa₂": "oldbabqa₂",
		"oldbab:qu₃": "oldbabqu₃",
		"oldbab:si": "oldbabsi",
		"oldbab:ti": "oldbabti",
		"oldbab:ut": "oldbabut",
		"oldbab:uš": "oldbabuš",
		"oldbab:za": "oldbabza",
		"oldbab:ša": "oldbabša",
		"stdbab:": "stdbab",
		"sîn": "sin",
		"|GIR₃×GAN₂@t|": "gir₃gan₂t",
		"|NE.GI|": "negi",
		"|U.KID|": "ukid",
		"Ŋešbar": "ŋešbar",
		"Ŋešbara": "ŋešbara",
		"Ŋešbaranak": "ŋešbaranak",
		"Ŋešgu": "ŋešgu",
		"Ŋeškad": "ŋeškad",
		"Ŋeštinanak": "ŋeštinanak",
		"Ŋešŋiri": "ŋešŋiri",
		"Ŋeššu": "ŋeššu",
		"ŋeškadₓ(TUM)": "ŋeškadₓtum",
		"ŋu.ak": "ŋuak",
		"ŠE": "še",
		"ŠID": "šid",
		"ŠITA₄": "šita₄",
		"ŠUL.PA.E₃.A": "šulpae₃a",
		"Šabu": "šabu",
		"Šagturnuntaʾe": "šagturnuntaʾe",
		"Šakan": "šakan",
		"Šakkan": "šakkan",
		"Šala": "šala",
		"Šalaš": "šalaš",
		"Šamaš": "šamaš",
		"Šamkan": "šamkan",
		"Šamši": "šamši",
		"Šara": "šara",
		"Šarrāni": "šarrani",
		"Šawuška": "šawuška",
		"Šentur": "šentur",
		"Šerda": "šerda",
		"Šerrida": "šerrida",
		"Šeŋbarimime": "šeŋbarimime",
		"Širuhi": "širuhi",
		"Šuba": "šuba",
		"Šubula": "šubula",
		"Šullat": "šullat",
		"Šulpae": "šulpae",
		"Šulšagani": "šulšagani",
		"Šusaduga": "šusaduga",
		"Šuziʾana": "šuziʾana",
		"šîn": "šin",
		"ʿaṯtaru": "ʿattaru",
		"ʿṯtr": "ʿttr",
		"Ṣilluš": "ṣilluš"
	}
}
