{
	"type": "index",
	"project":"dcclt",
  "source": "http://oracc.org/dcclt",
  "license": "This data is released under the CC0 license",
  "license-url": "https://creativecommons.org/publicdomain/zero/1.0/",
  "more-info": "http://oracc.org/doc/opendata/",
  "UTC-timestamp": "2017-05-19T18:30:05",
  "source": "http://oracc.org/dcclt",
  "license": "This data is released under the CC0 license",
  "license-url": "https://creativecommons.org/publicdomain/zero/1.0/",
  "more-info": "http://oracc.org/doc/opendata/",
  "UTC-timestamp": "2017-05-19T18:21:23",
  "source": "http://oracc.org/dcclt",
  "license": "This data is released under the CC0 license",
  "license-url": "https://creativecommons.org/publicdomain/zero/1.0/",
  "more-info": "http://oracc.org/doc/opendata/",
  "UTC-timestamp": "2017-05-17T05:09:35",
  "source": "http://oracc.org/dcclt",
  "license": "This data is released under the CC0 license",
  "license-url": "https://creativecommons.org/publicdomain/zero/1.0/",
  "more-info": "http://oracc.org/doc/opendata/",
  "UTC-timestamp": "2017-05-17T05:01:01",
  "source": "http://oracc.org/dcclt",
  "license": "This data is released under the CC0 license",
  "license-url": "https://creativecommons.org/publicdomain/zero/1.0/",
  "more-info": "http://oracc.org/doc/opendata/",
  "UTC-timestamp": "2017-05-13T01:07:02",
  "source": "http://oracc.org/dcclt",
  "license": "This data is released under the CC0 license",
  "license-url": "https://creativecommons.org/publicdomain/zero/1.0/",
  "more-info": "http://oracc.org/doc/opendata/",
  "UTC-timestamp": "2017-05-13T00:58:40",
  "source": "http://oracc.org/dcclt",
  "license": "This data is released under the CC0 license",
  "license-url": "https://creativecommons.org/publicdomain/zero/1.0/",
  "more-info": "http://oracc.org/doc/opendata/",
  "UTC-timestamp": "2017-05-11T19:34:57",
  "source": "http://oracc.org/dcclt",
  "license": "This data is released under the CC0 license",
  "license-url": "https://creativecommons.org/publicdomain/zero/1.0/",
  "more-info": "http://oracc.org/doc/opendata/",
  "UTC-timestamp": "2017-05-11T19:26:25",
  "source": "http://oracc.org/dcclt",
  "license": "This data is released under the CC0 license",
  "license-url": "https://creativecommons.org/publicdomain/zero/1.0/",
  "more-info": "http://oracc.org/doc/opendata/",
  "UTC-timestamp": "2017-05-10T20:41:31",
  "source": "http://oracc.org/dcclt",
  "license": "This data is released under the CC0 license",
  "license-url": "https://creativecommons.org/publicdomain/zero/1.0/",
  "more-info": "http://oracc.org/doc/opendata/",
  "UTC-timestamp": "2017-05-10T20:33:05",
  "source": "http://oracc.org/dcclt",
  "license": "This data is released under the CC0 license",
  "license-url": "https://creativecommons.org/publicdomain/zero/1.0/",
  "more-info": "http://oracc.org/doc/opendata/",
  "UTC-timestamp": "2017-05-06T00:40:22",
  "source": "http://oracc.org/dcclt",
  "license": "This data is released under the CC0 license",
  "license-url": "https://creativecommons.org/publicdomain/zero/1.0/",
  "more-info": "http://oracc.org/doc/opendata/",
  "UTC-timestamp": "2017-05-06T00:32:09",
  "source": "http://oracc.org/dcclt",
  "license": "This data is released under the CC0 license",
  "license-url": "https://creativecommons.org/publicdomain/zero/1.0/",
  "more-info": "http://oracc.org/doc/opendata/",
  "UTC-timestamp": "2017-04-28T19:23:48",
  "source": "http://oracc.org/dcclt",
  "license": "This data is released under the CC0 license",
  "license-url": "https://creativecommons.org/publicdomain/zero/1.0/",
  "more-info": "http://oracc.org/doc/opendata/",
  "UTC-timestamp": "2017-04-28T19:14:59",
  "source": "http://oracc.org/dcclt",
  "license": "This data is released under the CC0 license",
  "license-url": "https://creativecommons.org/publicdomain/zero/1.0/",
  "more-info": "http://oracc.org/doc/opendata/",
  "UTC-timestamp": "2017-04-27T19:10:06",
  "source": "http://oracc.org/dcclt",
  "license": "This data is released under the CC0 license",
  "license-url": "https://creativecommons.org/publicdomain/zero/1.0/",
  "more-info": "http://oracc.org/doc/opendata/",
  "UTC-timestamp": "2017-04-27T19:01:22",
  "source": "http://oracc.org/dcclt",
  "license": "This data is released under the CC0 license",
  "license-url": "https://creativecommons.org/publicdomain/zero/1.0/",
  "more-info": "http://oracc.org/doc/opendata/",
  "UTC-timestamp": "2017-04-27T01:57:48",
  "source": "http://oracc.org/dcclt",
  "license": "This data is released under the CC0 license",
  "license-url": "https://creativecommons.org/publicdomain/zero/1.0/",
  "more-info": "http://oracc.org/doc/opendata/",
  "UTC-timestamp": "2017-04-27T01:49:05",
  "source": "http://oracc.org/dcclt",
  "license": "This data is released under the CC0 license",
  "license-url": "https://creativecommons.org/publicdomain/zero/1.0/",
  "more-info": "http://oracc.org/doc/opendata/",
  "UTC-timestamp": "2017-03-20T20:38:38",
  "source": "http://oracc.org/dcclt",
  "license": "This data is released under the CC0 license",
  "license-url": "https://creativecommons.org/publicdomain/zero/1.0/",
  "more-info": "http://oracc.org/doc/opendata/",
  "UTC-timestamp": "2017-03-20T19:37:20",
  "source": "http://oracc.org/dcclt",
  "license": "This data is released under the CC0 license",
  "license-url": "https://creativecommons.org/publicdomain/zero/1.0/",
  "more-info": "http://oracc.org/doc/opendata/",
  "UTC-timestamp": "2017-03-16T19:40:14",
  "source": "http://oracc.org/dcclt",
  "license": "This data is released under the CC0 license",
  "license-url": "https://creativecommons.org/publicdomain/zero/1.0/",
  "more-info": "http://oracc.org/doc/opendata/",
  "UTC-timestamp": "2017-03-16T18:45:40",
  "source": "http://oracc.org/dcclt",
  "license": "This data is released under the CC0 license",
  "license-url": "https://creativecommons.org/publicdomain/zero/1.0/",
  "more-info": "http://oracc.org/doc/opendata/",
  "UTC-timestamp": "2017-03-16T17:12:47",
  "source": "http://oracc.org/dcclt",
  "license": "This data is released under the CC0 license",
  "license-url": "https://creativecommons.org/publicdomain/zero/1.0/",
  "more-info": "http://oracc.org/doc/opendata/",
  "UTC-timestamp": "2017-03-16T16:58:43",
  "source": "http://oracc.org/dcclt",
  "license": "This data is released under the CC0 license",
  "license-url": "https://creativecommons.org/publicdomain/zero/1.0/",
  "more-info": "http://oracc.org/doc/opendata/",
  "UTC-timestamp": "2017-03-16T02:07:18",
  "source": "http://oracc.org/dcclt",
  "license": "This data is released under the CC0 license",
  "license-url": "https://creativecommons.org/publicdomain/zero/1.0/",
  "more-info": "http://oracc.org/doc/opendata/",
  "UTC-timestamp": "2017-03-16T01:48:37",
  "source": "http://oracc.org/dcclt",
  "license": "This data is released under the CC0 license",
  "license-url": "https://creativecommons.org/publicdomain/zero/1.0/",
  "more-info": "http://oracc.org/doc/opendata/",
  "UTC-timestamp": "2017-03-07T00:07:21",
  "source": "http://oracc.org/dcclt",
  "license": "This data is released under the CC0 license",
  "license-url": "https://creativecommons.org/publicdomain/zero/1.0/",
  "more-info": "http://oracc.org/doc/opendata/",
  "UTC-timestamp": "2017-03-06T23:58:31",
  "source": "http://oracc.org/dcclt",
  "license": "This data is released under the CC0 license",
  "license-url": "https://creativecommons.org/publicdomain/zero/1.0/",
  "more-info": "http://oracc.org/doc/opendata/",
  "UTC-timestamp": "2017-03-04T01:00:25",
  "source": "http://oracc.org/dcclt",
  "license": "This data is released under the CC0 license",
  "license-url": "https://creativecommons.org/publicdomain/zero/1.0/",
  "more-info": "http://oracc.org/doc/opendata/",
  "UTC-timestamp": "2017-03-04T00:51:39",
  "source": "http://oracc.org/dcclt",
  "license": "This data is released under the CC0 license",
  "license-url": "https://creativecommons.org/publicdomain/zero/1.0/",
  "more-info": "http://oracc.org/doc/opendata/",
  "UTC-timestamp": "2017-02-28T20:10:49",
  "source": "http://oracc.org/dcclt",
  "license": "This data is released under the CC0 license",
  "license-url": "https://creativecommons.org/publicdomain/zero/1.0/",
  "more-info": "http://oracc.org/doc/opendata/",
  "UTC-timestamp": "2017-02-28T20:01:18",
  "source": "http://oracc.org/dcclt",
  "license": "This data is released under the CC0 license",
  "license-url": "https://creativecommons.org/publicdomain/zero/1.0/",
  "more-info": "http://oracc.org/doc/opendata/",
  "UTC-timestamp": "2017-02-14T22:49:51",
  "source": "http://oracc.org/dcclt",
  "license": "This data is released under the CC0 license",
  "license-url": "https://creativecommons.org/publicdomain/zero/1.0/",
  "more-info": "http://oracc.org/doc/opendata/",
  "UTC-timestamp": "2017-02-14T22:40:24",
  "source": "http://oracc.org/dcclt",
  "license": "This data is released under the CC0 license",
  "license-url": "https://creativecommons.org/publicdomain/zero/1.0/",
  "more-info": "http://oracc.org/doc/opendata/",
  "UTC-timestamp": "2017-02-14T22:10:20",
  "source": "http://oracc.org/dcclt",
  "license": "This data is released under the CC0 license",
  "license-url": "https://creativecommons.org/publicdomain/zero/1.0/",
  "more-info": "http://oracc.org/doc/opendata/",
  "UTC-timestamp": "2017-02-14T02:59:57",
  "source": "http://oracc.org/dcclt",
  "license": "This data is released under the CC0 license",
  "license-url": "https://creativecommons.org/publicdomain/zero/1.0/",
  "more-info": "http://oracc.org/doc/opendata/",
  "UTC-timestamp": "2017-02-14T02:50:41",
	"name": "cbd/qpn-x-waters",
	"keys": [{
		"key": "e",
		"count": "4",
		"instances": [
			"e","e","e","e"
		]},{
		"key": "x",
		"count": "2",
		"instances": [
			"x","x"
		]},{
		"key": "ŋen",
		"count": "8",
		"instances": [
			"ŋen","ŋen","ŋen","ŋen","ŋen","ŋen","ŋen","ŋen"
		]},{
		"key": "tum₁₂",
		"count": "4",
		"instances": [
			"tum₁₂","tum₁₂","tum₁₂","tum₁₂"
		]},{
		"key": "idgana",
		"count": "2",
		"instances": [
			"idgana","idgana"
		]},{
		"key": "ensik",
		"count": "2",
		"instances": [
			"ensik","ensik"
		]},{
		"key": "Ensik[1]",
		"count": "1",
		"instances": [
			"Ensik[1]"
		]},{
		"key": "purattu",
		"count": "1",
		"instances": [
			"purattu"
		]},{
		"key": "buranun",
		"count": "10",
		"instances": [
			"buranun","buranun","buranun","buranun","buranun","buranun","buranun","buranun","buranun","buranun"
		]},{
		"key": "buranuna",
		"count": "2",
		"instances": [
			"buranuna","buranuna"
		]},{
		"key": "kug",
		"count": "8",
		"instances": [
			"kug","kug","kug","kug","kug","kug","kug","kug"
		]},{
		"key": "kur",
		"count": "4",
		"instances": [
			"kur","kur","kur","kur"
		]},{
		"key": "mušen",
		"count": "4",
		"instances": [
			"mušen","mušen","mušen","mušen"
		]},{
		"key": "Samsuʾiluna-nuhuš-niši[1]",
		"count": "1",
		"instances": [
			"Samsuʾiluna-nuhuš-niši[1]"
		]},{
		"key": "Bur-Mama[1]",
		"count": "1",
		"instances": [
			"Bur-Mama[1]"
		]},{
		"key": "tigris",
		"count": "4",
		"instances": [
			"tigris","tigris","tigris","tigris"
		]},{
		"key": "Idiglat[Tigris]",
		"count": "1",
		"instances": [
			"Idiglat[Tigris]"
		]},{
		"key": "ab",
		"count": "4",
		"instances": [
			"ab","ab","ab","ab"
		]},{
		"key": "an",
		"count": "12",
		"instances": [
			"an","an","an","an","an","an","an","an","an","an","an","an"
		]},{
		"key": "ah",
		"count": "4",
		"instances": [
			"ah","ah","ah","ah"
		]},{
		"key": "at",
		"count": "12",
		"instances": [
			"at","at","at","at","at","at","at","at","at","at","at","at"
		]},{
		"key": "ar",
		"count": "4",
		"instances": [
			"ar","ar","ar","ar"
		]},{
		"key": "du",
		"count": "8",
		"instances": [
			"du","du","du","du","du","du","du","du"
		]},{
		"key": "Tume-ŋara[1]",
		"count": "1",
		"instances": [
			"Tume-ŋara[1]"
		]},{
		"key": "da",
		"count": "8",
		"instances": [
			"da","da","da","da","da","da","da","da"
		]},{
		"key": "di",
		"count": "8",
		"instances": [
			"di","di","di","di","di","di","di","di"
		]},{
		"key": "ba",
		"count": "4",
		"instances": [
			"ba","ba","ba","ba"
		]},{
		"key": "ha",
		"count": "12",
		"instances": [
			"ha","ha","ha","ha","ha","ha","ha","ha","ha","ha","ha","ha"
		]},{
		"key": "lu",
		"count": "12",
		"instances": [
			"lu","lu","lu","lu","lu","lu","lu","lu","lu","lu","lu","lu"
		]},{
		"key": "ŋeš",
		"count": "4",
		"instances": [
			"ŋeš","ŋeš","ŋeš","ŋeš"
		]},{
		"key": "la",
		"count": "4",
		"instances": [
			"la","la","la","la"
		]},{
		"key": "id",
		"count": "2",
		"instances": [
			"id","id"
		]},{
		"key": "tab",
		"count": "4",
		"instances": [
			"tab","tab","tab","tab"
		]},{
		"key": "iq",
		"count": "4",
		"instances": [
			"iq","iq","iq","iq"
		]},{
		"key": "me",
		"count": "8",
		"instances": [
			"me","me","me","me","me","me","me","me"
		]},{
		"key": "mi",
		"count": "4",
		"instances": [
			"mi","mi","mi","mi"
		]},{
		"key": "Buranuna[1]",
		"count": "1",
		"instances": [
			"Buranuna[1]"
		]},{
		"key": "su",
		"count": "12",
		"instances": [
			"su","su","su","su","su","su","su","su","su","su","su","su"
		]},{
		"key": "si",
		"count": "8",
		"instances": [
			"si","si","si","si","si","si","si","si"
		]},{
		"key": "pu",
		"count": "3",
		"instances": [
			"pu","pu","pu"
		]},{
		"key": "uh",
		"count": "8",
		"instances": [
			"uh","uh","uh","uh","uh","uh","uh","uh"
		]},{
		"key": "un",
		"count": "4",
		"instances": [
			"un","un","un","un"
		]},{
		"key": "tur",
		"count": "4",
		"instances": [
			"tur","tur","tur","tur"
		]},{
		"key": "tum",
		"count": "12",
		"instances": [
			"tum","tum","tum","tum","tum","tum","tum","tum","tum","tum","tum","tum"
		]},{
		"key": "ur",
		"count": "4",
		"instances": [
			"ur","ur","ur","ur"
		]},{
		"key": "ti",
		"count": "4",
		"instances": [
			"ti","ti","ti","ti"
		]},{
		"key": "samsuʾiluna",
		"count": "6",
		"instances": [
			"samsuʾiluna","samsuʾiluna","samsuʾiluna","samsuʾiluna","samsuʾiluna","samsuʾiluna"
		]},{
		"key": "gar₃",
		"count": "4",
		"instances": [
			"gar₃","gar₃","gar₃","gar₃"
		]},{
		"key": "mekalkal",
		"count": "2",
		"instances": [
			"mekalkal","mekalkal"
		]},{
		"key": "mama",
		"count": "4",
		"instances": [
			"mama","mama","mama","mama"
		]},{
		"key": "mami",
		"count": "2",
		"instances": [
			"mami","mami"
		]},{
		"key": "kir₁₁",
		"count": "4",
		"instances": [
			"kir₁₁","kir₁₁","kir₁₁","kir₁₁"
		]},{
		"key": "Samsuʾiluna-heŋal[1]",
		"count": "1",
		"instances": [
			"Samsuʾiluna-heŋal[1]"
		]},{
		"key": "zu",
		"count": "4",
		"instances": [
			"zu","zu","zu","zu"
		]},{
		"key": "edištum",
		"count": "2",
		"instances": [
			"edištum","edištum"
		]},{
		"key": "zahturginŋen",
		"count": "2",
		"instances": [
			"zahturginŋen","zahturginŋen"
		]},{
		"key": "Guʾena[1]",
		"count": "1",
		"instances": [
			"Guʾena[1]"
		]},{
		"key": "gin₇",
		"count": "8",
		"instances": [
			"gin₇","gin₇","gin₇","gin₇","gin₇","gin₇","gin₇","gin₇"
		]},{
		"key": "Tabbi-Mama[1]",
		"count": "1",
		"instances": [
			"Tabbi-Mama[1]"
		]},{
		"key": "oldbabpu",
		"count": "1",
		"instances": [
			"oldbabpu"
		]},{
		"key": "Išartum[1]",
		"count": "1",
		"instances": [
			"Išartum[1]"
		]},{
		"key": "nuhuš",
		"count": "4",
		"instances": [
			"nuhuš","nuhuš","nuhuš","nuhuš"
		]},{
		"key": "i₃",
		"count": "4",
		"instances": [
			"i₃","i₃","i₃","i₃"
		]},{
		"key": "tabbi",
		"count": "2",
		"instances": [
			"tabbi","tabbi"
		]},{
		"key": "širkug",
		"count": "2",
		"instances": [
			"širkug","širkug"
		]},{
		"key": "Piriŋginŋen[1]",
		"count": "1",
		"instances": [
			"Piriŋginŋen[1]"
		]},{
		"key": "niši",
		"count": "4",
		"instances": [
			"niši","niši","niši","niši"
		]},{
		"key": "zubilak459",
		"count": "4",
		"instances": [
			"zubilak459","zubilak459","zubilak459","zubilak459"
		]},{
		"key": "Id-damgara[1]",
		"count": "1",
		"instances": [
			"Id-damgara[1]"
		]},{
		"key": "akk",
		"count": "2",
		"instances": [
			"akk","akk"
		]},{
		"key": "Irnina[1]",
		"count": "1",
		"instances": [
			"Irnina[1]"
		]},{
		"key": "Zahturginŋen[1]",
		"count": "1",
		"instances": [
			"Zahturginŋen[1]"
		]},{
		"key": "Magura[1]",
		"count": "1",
		"instances": [
			"Magura[1]"
		]},{
		"key": "pa₃",
		"count": "4",
		"instances": [
			"pa₃","pa₃","pa₃","pa₃"
		]},{
		"key": "Nanne-pada[1]",
		"count": "1",
		"instances": [
			"Nanne-pada[1]"
		]},{
		"key": "piriŋ",
		"count": "4",
		"instances": [
			"piriŋ","piriŋ","piriŋ","piriŋ"
		]},{
		"key": "Mami-šarrat[1]",
		"count": "1",
		"instances": [
			"Mami-šarrat[1]"
		]},{
		"key": "inun",
		"count": "2",
		"instances": [
			"inun","inun"
		]},{
		"key": "šumundar",
		"count": "2",
		"instances": [
			"šumundar","šumundar"
		]},{
		"key": "lu₂",
		"count": "4",
		"instances": [
			"lu₂","lu₂","lu₂","lu₂"
		]},{
		"key": "tiʾerimdalulal",
		"count": "2",
		"instances": [
			"tiʾerimdalulal","tiʾerimdalulal"
		]},{
		"key": "nun",
		"count": "8",
		"instances": [
			"nun","nun","nun","nun","nun","nun","nun","nun"
		]},{
		"key": "Bandudu-Erra[1]",
		"count": "1",
		"instances": [
			"Bandudu-Erra[1]"
		]},{
		"key": "oldbabi",
		"count": "1",
		"instances": [
			"oldbabi"
		]},{
		"key": "mušbiʾana",
		"count": "2",
		"instances": [
			"mušbiʾana","mušbiʾana"
		]},{
		"key": "Tiʾerimdalulal[1]",
		"count": "1",
		"instances": [
			"Tiʾerimdalulal[1]"
		]},{
		"key": "heŋal",
		"count": "4",
		"instances": [
			"heŋal","heŋal","heŋal","heŋal"
		]},{
		"key": "du₈",
		"count": "8",
		"instances": [
			"du₈","du₈","du₈","du₈","du₈","du₈","du₈","du₈"
		]},{
		"key": "Idkura[1]",
		"count": "1",
		"instances": [
			"Idkura[1]"
		]},{
		"key": "Edištum[1]",
		"count": "1",
		"instances": [
			"Edištum[1]"
		]},{
		"key": "idiglat",
		"count": "2",
		"instances": [
			"idiglat","idiglat"
		]},{
		"key": "damgara",
		"count": "2",
		"instances": [
			"damgara","damgara"
		]},{
		"key": "šar",
		"count": "4",
		"instances": [
			"šar","šar","šar","šar"
		]},{
		"key": "lil₂",
		"count": "12",
		"instances": [
			"lil₂","lil₂","lil₂","lil₂","lil₂","lil₂","lil₂","lil₂","lil₂","lil₂","lil₂","lil₂"
		]},{
		"key": "piriŋginŋen",
		"count": "2",
		"instances": [
			"piriŋginŋen","piriŋginŋen"
		]},{
		"key": "Samsuʾiluna-nagbu-nuhši[01]",
		"count": "1",
		"instances": [
			"Samsuʾiluna-nagbu-nuhši[01]"
		]},{
		"key": "he₂",
		"count": "8",
		"instances": [
			"he₂","he₂","he₂","he₂","he₂","he₂","he₂","he₂"
		]},{
		"key": "zubi",
		"count": "5",
		"instances": [
			"zubi","zubi","zubi","zubi","zubi"
		]},{
		"key": "Narsina[1]",
		"count": "1",
		"instances": [
			"Narsina[1]"
		]},{
		"key": "magura",
		"count": "2",
		"instances": [
			"magura","magura"
		]},{
		"key": "šu",
		"count": "12",
		"instances": [
			"šu","šu","šu","šu","šu","šu","šu","šu","šu","šu","šu","šu"
		]},{
		"key": "ša",
		"count": "4",
		"instances": [
			"ša","ša","ša","ša"
		]},{
		"key": "Nunbi-irdu[1]",
		"count": "1",
		"instances": [
			"Nunbi-irdu[1]"
		]},{
		"key": "lugal",
		"count": "6",
		"instances": [
			"lugal","lugal","lugal","lugal","lugal","lugal"
		]},{
		"key": "muš₂",
		"count": "4",
		"instances": [
			"muš₂","muš₂","muš₂","muš₂"
		]},{
		"key": "Purattu[Euphrates]",
		"count": "1",
		"instances": [
			"Purattu[Euphrates]"
		]},{
		"key": "purattum",
		"count": "1",
		"instances": [
			"purattum"
		]},{
		"key": "Sahsinu[1]",
		"count": "1",
		"instances": [
			"Sahsinu[1]"
		]},{
		"key": "narsina",
		"count": "2",
		"instances": [
			"narsina","narsina"
		]},{
		"key": "dam",
		"count": "4",
		"instances": [
			"dam","dam","dam","dam"
		]},{
		"key": "dar",
		"count": "8",
		"instances": [
			"dar","dar","dar","dar","dar","dar","dar","dar"
		]},{
		"key": "enlil",
		"count": "6",
		"instances": [
			"enlil","enlil","enlil","enlil","enlil","enlil"
		]},{
		"key": "gugal",
		"count": "2",
		"instances": [
			"gugal","gugal"
		]},{
		"key": "hammurabi",
		"count": "6",
		"instances": [
			"hammurabi","hammurabi","hammurabi","hammurabi","hammurabi","hammurabi"
		]},{
		"key": "gu₂",
		"count": "8",
		"instances": [
			"gu₂","gu₂","gu₂","gu₂","gu₂","gu₂","gu₂","gu₂"
		]},{
		"key": "gur₈",
		"count": "4",
		"instances": [
			"gur₈","gur₈","gur₈","gur₈"
		]},{
		"key": "idigna",
		"count": "10",
		"instances": [
			"idigna","idigna","idigna","idigna","idigna","idigna","idigna","idigna","idigna","idigna"
		]},{
		"key": "ne₂",
		"count": "4",
		"instances": [
			"ne₂","ne₂","ne₂","ne₂"
		]},{
		"key": "Idigna[Tigris]",
		"count": "1",
		"instances": [
			"Idigna[Tigris]"
		]},{
		"key": "ma₂",
		"count": "4",
		"instances": [
			"ma₂","ma₂","ma₂","ma₂"
		]},{
		"key": "Zubi[1]",
		"count": "1",
		"instances": [
			"Zubi[1]"
		]},{
		"key": "Buranun[Euphrates]",
		"count": "1",
		"instances": [
			"Buranun[Euphrates]"
		]},{
		"key": "bandudu",
		"count": "2",
		"instances": [
			"bandudu","bandudu"
		]},{
		"key": "gan₂",
		"count": "4",
		"instances": [
			"gan₂","gan₂","gan₂","gan₂"
		]},{
		"key": "Saŋŋa[1]",
		"count": "1",
		"instances": [
			"Saŋŋa[1]"
		]},{
		"key": "zah",
		"count": "4",
		"instances": [
			"zah","zah","zah","zah"
		]},{
		"key": "Lugal[1]",
		"count": "1",
		"instances": [
			"Lugal[1]"
		]},{
		"key": "idkura",
		"count": "2",
		"instances": [
			"idkura","idkura"
		]},{
		"key": "irdu",
		"count": "2",
		"instances": [
			"irdu","irdu"
		]},{
		"key": "šarrat",
		"count": "2",
		"instances": [
			"šarrat","šarrat"
		]},{
		"key": "nunbi",
		"count": "2",
		"instances": [
			"nunbi","nunbi"
		]},{
		"key": "bur",
		"count": "6",
		"instances": [
			"bur","bur","bur","bur","bur","bur"
		]},{
		"key": "išartum",
		"count": "2",
		"instances": [
			"išartum","išartum"
		]},{
		"key": "Enlil-abzu[1]",
		"count": "1",
		"instances": [
			"Enlil-abzu[1]"
		]},{
		"key": "urkug",
		"count": "2",
		"instances": [
			"urkug","urkug"
		]},{
		"key": "Šuʾabdu[1]",
		"count": "1",
		"instances": [
			"Šuʾabdu[1]"
		]},{
		"key": "Enlil-ŋara[1]",
		"count": "1",
		"instances": [
			"Enlil-ŋara[1]"
		]},{
		"key": "guʾena",
		"count": "2",
		"instances": [
			"guʾena","guʾena"
		]},{
		"key": "Inun[1]",
		"count": "1",
		"instances": [
			"Inun[1]"
		]},{
		"key": "sig",
		"count": "4",
		"instances": [
			"sig","sig","sig","sig"
		]},{
		"key": "Urkug[1]",
		"count": "1",
		"instances": [
			"Urkug[1]"
		]},{
		"key": "kirsig",
		"count": "2",
		"instances": [
			"kirsig","kirsig"
		]},{
		"key": "gal",
		"count": "4",
		"instances": [
			"gal","gal","gal","gal"
		]},{
		"key": "huš",
		"count": "8",
		"instances": [
			"huš","huš","huš","huš","huš","huš","huš","huš"
		]},{
		"key": "Hammurabi-nagbu-nuhši[1]",
		"count": "1",
		"instances": [
			"Hammurabi-nagbu-nuhši[1]"
		]},{
		"key": "euphrates",
		"count": "4",
		"instances": [
			"euphrates","euphrates","euphrates","euphrates"
		]},{
		"key": "Mušbiʾana[1]",
		"count": "1",
		"instances": [
			"Mušbiʾana[1]"
		]},{
		"key": "irnina",
		"count": "2",
		"instances": [
			"irnina","irnina"
		]},{
		"key": "ensi₂",
		"count": "4",
		"instances": [
			"ensi₂","ensi₂","ensi₂","ensi₂"
		]},{
		"key": "šuʾabdu",
		"count": "2",
		"instances": [
			"šuʾabdu","šuʾabdu"
		]},{
		"key": "nagbu",
		"count": "12",
		"instances": [
			"nagbu","nagbu","nagbu","nagbu","nagbu","nagbu","nagbu","nagbu","nagbu","nagbu","nagbu","nagbu"
		]},{
		"key": "iš",
		"count": "4",
		"instances": [
			"iš","iš","iš","iš"
		]},{
		"key": "Hammurabi-heŋal[1]",
		"count": "1",
		"instances": [
			"Hammurabi-heŋal[1]"
		]},{
		"key": "lal₃",
		"count": "4",
		"instances": [
			"lal₃","lal₃","lal₃","lal₃"
		]},{
		"key": "pada",
		"count": "2",
		"instances": [
			"pada","pada"
		]},{
		"key": "saŋŋa",
		"count": "6",
		"instances": [
			"saŋŋa","saŋŋa","saŋŋa","saŋŋa","saŋŋa","saŋŋa"
		]},{
		"key": "šir₃",
		"count": "4",
		"instances": [
			"šir₃","šir₃","šir₃","šir₃"
		]},{
		"key": "Hammurabi-nuhuš-niši[1]",
		"count": "1",
		"instances": [
			"Hammurabi-nuhuš-niši[1]"
		]},{
		"key": "Idgana[1]",
		"count": "1",
		"instances": [
			"Idgana[1]"
		]},{
		"key": "Kirsig[1]",
		"count": "1",
		"instances": [
			"Kirsig[1]"
		]},{
		"key": "erim₂",
		"count": "4",
		"instances": [
			"erim₂","erim₂","erim₂","erim₂"
		]},{
		"key": "erra",
		"count": "2",
		"instances": [
			"erra","erra"
		]},{
		"key": "sahsinu",
		"count": "2",
		"instances": [
			"sahsinu","sahsinu"
		]},{
		"key": "ŋara",
		"count": "4",
		"instances": [
			"ŋara","ŋara","ŋara","ŋara"
		]},{
		"key": "nanne",
		"count": "2",
		"instances": [
			"nanne","nanne"
		]},{
		"key": "Širkug[1]",
		"count": "1",
		"instances": [
			"Širkug[1]"
		]},{
		"key": "Enlil-gugal[1]",
		"count": "1",
		"instances": [
			"Enlil-gugal[1]"
		]},{
		"key": "Šumundar[1]",
		"count": "1",
		"instances": [
			"Šumundar[1]"
		]},{
		"key": "nuhši",
		"count": "4",
		"instances": [
			"nuhši","nuhši","nuhši","nuhši"
		]},{
		"key": "abzu",
		"count": "6",
		"instances": [
			"abzu","abzu","abzu","abzu","abzu","abzu"
		]},{
		"key": "er₃",
		"count": "4",
		"instances": [
			"er₃","er₃","er₃","er₃"
		]},{
		"key": "tume",
		"count": "2",
		"instances": [
			"tume","tume"
		]},{
		"key": "ŋal₂",
		"count": "8",
		"instances": [
			"ŋal₂","ŋal₂","ŋal₂","ŋal₂","ŋal₂","ŋal₂","ŋal₂","ŋal₂"
		]},{
		"key": "Mekalkal[1]",
		"count": "1",
		"instances": [
			"Mekalkal[1]"
		]},{
		"key": "ŋar",
		"count": "8",
		"instances": [
			"ŋar","ŋar","ŋar","ŋar","ŋar","ŋar","ŋar","ŋar"
		]},{
		"key": "1",
		"count": "85",
		"instances": [
			"1","1","1","1","1","1","1","1","1","1","1","1","1","1","1","1","1","1","1","1","1","1","1","1","1","1","1","1","1","1","1","1","1","1","1","1","1","1","1","1","1","1","1","1","1","1","1","1","1","1","1","1","1","1","1","1","1","1","1","1","1","1","1","1","1","1","1","1","1","1","1","1","1","1","1","1","1","1","1","1","1","1","1","1","1"
		]},{
		"key": "#",
		"count": "184",
		"instances": [
			"#","#","#","#","#","#","#","#","#","#","#","#","#","#","#","#","#","#","#","#","#","#","#","#","#","#","#","#","#","#","#","#","#","#","#","#","#","#","#","#","#","#","#","#","#","#","#","#","#","#","#","#","#","#","#","#","#","#","#","#","#","#","#","#","#","#","#","#","#","#","#","#","#","#","#","#","#","#","#","#","#","#","#","#","#","#","#","#","#","#","#","#","#","#","#","#","#","#","#","#","#","#","#","#","#","#","#","#","#","#","#","#","#","#","#","#","#","#","#","#","#","#","#","#","#","#","#","#","#","#","#","#","#","#","#","#","#","#","#","#","#","#","#","#","#","#","#","#","#","#","#","#","#","#","#","#","#","#","#","#","#","#","#","#","#","#","#","#","#","#","#","#","#","#","#","#","#","#","#","#","#","#","#","#"
		]},{
		"key": "id₂",
		"count": "158",
		"instances": [
			"id₂","id₂","id₂","id₂","id₂","id₂","id₂","id₂","id₂","id₂","id₂","id₂","id₂","id₂","id₂","id₂","id₂","id₂","id₂","id₂","id₂","id₂","id₂","id₂","id₂","id₂","id₂","id₂","id₂","id₂","id₂","id₂","id₂","id₂","id₂","id₂","id₂","id₂","id₂","id₂","id₂","id₂","id₂","id₂","id₂","id₂","id₂","id₂","id₂","id₂","id₂","id₂","id₂","id₂","id₂","id₂","id₂","id₂","id₂","id₂","id₂","id₂","id₂","id₂","id₂","id₂","id₂","id₂","id₂","id₂","id₂","id₂","id₂","id₂","id₂","id₂","id₂","id₂","id₂","id₂","id₂","id₂","id₂","id₂","id₂","id₂","id₂","id₂","id₂","id₂","id₂","id₂","id₂","id₂","id₂","id₂","id₂","id₂","id₂","id₂","id₂","id₂","id₂","id₂","id₂","id₂","id₂","id₂","id₂","id₂","id₂","id₂","id₂","id₂","id₂","id₂","id₂","id₂","id₂","id₂","id₂","id₂","id₂","id₂","id₂","id₂","id₂","id₂","id₂","id₂","id₂","id₂","id₂","id₂","id₂","id₂","id₂","id₂","id₂","id₂","id₂","id₂","id₂","id₂","id₂","id₂","id₂","id₂","id₂","id₂","id₂","id₂","id₂","id₂","id₂","id₂","id₂","id₂"
		]},{
		"key": "ra",
		"count": "44",
		"instances": [
			"ra","ra","ra","ra","ra","ra","ra","ra","ra","ra","ra","ra","ra","ra","ra","ra","ra","ra","ra","ra","ra","ra","ra","ra","ra","ra","ra","ra","ra","ra","ra","ra","ra","ra","ra","ra","ra","ra","ra","ra","ra","ra","ra","ra"
		]},{
		"key": "na",
		"count": "52",
		"instances": [
			"na","na","na","na","na","na","na","na","na","na","na","na","na","na","na","na","na","na","na","na","na","na","na","na","na","na","na","na","na","na","na","na","na","na","na","na","na","na","na","na","na","na","na","na","na","na","na","na","na","na","na","na"
		]},{
		"key": "d",
		"count": "30",
		"instances": [
			"d","d","d","d","d","d","d","d","d","d","d","d","d","d","d","d","d","d","d","d","d","d","d","d","d","d","d","d","d","d"
		]},{
		"key": "ma",
		"count": "20",
		"instances": [
			"ma","ma","ma","ma","ma","ma","ma","ma","ma","ma","ma","ma","ma","ma","ma","ma","ma","ma","ma","ma"
		]},{
		"key": "i",
		"count": "23",
		"instances": [
			"i","i","i","i","i","i","i","i","i","i","i","i","i","i","i","i","i","i","i","i","i","i","i"
		]},{
		"key": "en",
		"count": "16",
		"instances": [
			"en","en","en","en","en","en","en","en","en","en","en","en","en","en","en","en"
		]},{
		"key": "am",
		"count": "24",
		"instances": [
			"am","am","am","am","am","am","am","am","am","am","am","am","am","am","am","am","am","am","am","am","am","am","am","am"
		]},{
		"key": "mu",
		"count": "20",
		"instances": [
			"mu","mu","mu","mu","mu","mu","mu","mu","mu","mu","mu","mu","mu","mu","mu","mu","mu","mu","mu","mu"
		]},{
		"key": "bi",
		"count": "24",
		"instances": [
			"bi","bi","bi","bi","bi","bi","bi","bi","bi","bi","bi","bi","bi","bi","bi","bi","bi","bi","bi","bi","bi","bi","bi","bi"
		]},{
		"key": "nu",
		"count": "20",
		"instances": [
			"nu","nu","nu","nu","nu","nu","nu","nu","nu","nu","nu","nu","nu","nu","nu","nu","nu","nu","nu","nu"
		]},{
		"key": "ši",
		"count": "16",
		"instances": [
			"ši","ši","ši","ši","ši","ši","ši","ši","ši","ši","ši","ši","ši","ši","ši","ši"
		]},{
		"key": "ni",
		"count": "20",
		"instances": [
			"ni","ni","ni","ni","ni","ni","ni","ni","ni","ni","ni","ni","ni","ni","ni","ni","ni","ni","ni","ni"
		]},{
		"key": "ir",
		"count": "16",
		"instances": [
			"ir","ir","ir","ir","ir","ir","ir","ir","ir","ir","ir","ir","ir","ir","ir","ir"
		]},{
		"key": "kal",
		"count": "16",
		"instances": [
			"kal","kal","kal","kal","kal","kal","kal","kal","kal","kal","kal","kal","kal","kal","kal","kal"
		]},{
		"key": "sa",
		"count": "16",
		"instances": [
			"sa","sa","sa","sa","sa","sa","sa","sa","sa","sa","sa","sa","sa","sa","sa","sa"
		]}
	],
	"map": {
		"%akk": "akk",
		"01": "1",
		"Bandudu": "bandudu",
		"Bur": "bur",
		"Buranun": "buranun",
		"Buranuna": "buranuna",
		"Edištum": "edištum",
		"Enlil": "enlil",
		"Ensik": "ensik",
		"Erra": "erra",
		"Euphrates": "euphrates",
		"Guʾena": "guʾena",
		"Hammurabi": "hammurabi",
		"Id": "id",
		"Idgana": "idgana",
		"Idiglat": "idiglat",
		"Idigna": "idigna",
		"Idkura": "idkura",
		"Inun": "inun",
		"Irnina": "irnina",
		"Išartum": "išartum",
		"Kirsig": "kirsig",
		"Lugal": "lugal",
		"Magura": "magura",
		"Mama": "mama",
		"Mami": "mami",
		"Mekalkal": "mekalkal",
		"Mušbiʾana": "mušbiʾana",
		"Nanne": "nanne",
		"Narsina": "narsina",
		"Nunbi": "nunbi",
		"Piriŋginŋen": "piriŋginŋen",
		"Purattu": "purattu",
		"Sahsinu": "sahsinu",
		"Samsuʾiluna": "samsuʾiluna",
		"Saŋŋa": "saŋŋa",
		"Tabbi": "tabbi",
		"Tigris": "tigris",
		"Tiʾerimdalulal": "tiʾerimdalulal",
		"Tume": "tume",
		"Urkug": "urkug",
		"Zahturginŋen": "zahturginŋen",
		"Zubi": "zubi",
		"oldbab:i": "oldbabi",
		"oldbab:pu": "oldbabpu",
		"zubi(LAK459)": "zubilak459",
		"Širkug": "širkug",
		"Šumundar": "šumundar",
		"Šuʾabdu": "šuʾabdu"
	}
}
