{
"type": "cdl",
  "source": "http://oracc.org/dcclt",
  "license": "This data is released under the CC0 license",
  "license-url": "https://creativecommons.org/publicdomain/zero/1.0/",
  "more-info": "http://oracc.org/doc/opendata/",
  "UTC-timestamp": "2017-05-19T18:24:12",
"project": "dcclt",
"textid": "P010663",
"cdl": [
{
"node": "c",
"type": "text",
"id": "P010663.U0",
"cdl": [
{
"node": "d",
"type": "object",
"ref": ""}
,
{
"node": "d",
"subtype": "obverse",
"type": "surface",
"ref": "P010663.o.1",
"type": "obverse",
"label": "o"}
,
{
"node": "d",
"subtype": "column 1o",
"type": "column",
"ref": "P010663.o.i.2",
"n": "1",
"label": "o i"}
,
{
"node": "c",
"type": "discourse",
"subtype": "body",
"id": "P010663.U1",
"cdl": [
{
"node": "c",
"type": "sentence",
"id": "P010663.U2",
"label": "o i 1 - r iv 6",
"cdl": [
{
"node": "d",
"type": "line-start",
"ref": "P010663.3",
"n": "1",
"label": "o i 1"}
,
{
"node": "l",
"frag": "⸢umbisaŋ⸣",
"id": "P010663.l06923",
"ref": "P010663.3.1",
"inst": "umbisaŋ[scribe]",
"sig": "@dcclt%sux:umbisaŋ=umbisaŋ[scribe//scribe]N'N$umbisaŋ/umbisaŋ#~",
"f": {"lang": "sux",
"form": "umbisaŋ",
"cf": "umbisaŋ",
"gw": "scribe",
"sense": "scribe",
"norm0": "umbisaŋ",
"pos": "N",
"epos": "N",
"base": "umbisaŋ",
"morph": "~"}
}
,
{
"node": "d",
"type": "line-start",
"ref": "P010663.4",
"n": "2",
"label": "o i 2"}
,
{
"node": "l",
"frag": "⸢nagar⸣",
"id": "P010663.l06924",
"ref": "P010663.4.1",
"inst": "nagar[carpenter]",
"sig": "@dcclt%sux:nagar=nagar[carpenter//carpenter]N'N$nagar/nagar#~",
"f": {"lang": "sux",
"form": "nagar",
"cf": "nagar",
"gw": "carpenter",
"sense": "carpenter",
"norm0": "nagar",
"pos": "N",
"epos": "N",
"base": "nagar",
"morph": "~"}
}
,
{
"node": "d",
"type": "line-start",
"ref": "P010663.5",
"n": "3",
"label": "o i 3"}
,
{
"node": "l",
"frag": "ašgab",
"id": "P010663.l06925",
"ref": "P010663.5.1",
"inst": "ašgab[leatherworker]",
"sig": "@dcclt%sux:ašgab=ašgab[leatherworker//leatherworker]N'N$ašgab/ašgab#~",
"f": {"lang": "sux",
"form": "ašgab",
"cf": "ašgab",
"gw": "leatherworker",
"sense": "leatherworker",
"norm0": "ašgab",
"pos": "N",
"epos": "N",
"base": "ašgab",
"morph": "~"}
}
,
{
"node": "d",
"type": "line-start",
"ref": "P010663.6",
"n": "4",
"label": "o i 4"}
,
{
"node": "l",
"frag": "zadim",
"id": "P010663.l06926",
"ref": "P010663.6.1",
"inst": "zadim[stone-cutter]",
"sig": "@dcclt%sux:zadim=zadim[stone-cutter//stone-cutter]N'N$zadim/zadim#~",
"f": {"lang": "sux",
"form": "zadim",
"cf": "zadim",
"gw": "stone-cutter",
"sense": "stone-cutter",
"norm0": "zadim",
"pos": "N",
"epos": "N",
"base": "zadim",
"morph": "~"}
}
,
{
"node": "d",
"type": "line-start",
"ref": "P010663.7",
"n": "5",
"label": "o i 5"}
,
{
"node": "l",
"frag": "simug",
"id": "P010663.l06927",
"ref": "P010663.7.1",
"inst": "simug[smith]",
"sig": "@dcclt%sux:simug=simug[smith//smith, metalworker]N'N$simug/simug#~",
"f": {"lang": "sux",
"form": "simug",
"cf": "simug",
"gw": "smith",
"sense": "smith, metalworker",
"norm0": "simug",
"pos": "N",
"epos": "N",
"base": "simug",
"morph": "~"}
}
,
{
"node": "d",
"type": "line-start",
"ref": "P010663.8",
"n": "6",
"label": "o i 6"}
,
{
"node": "l",
"frag": "bur-gul",
"id": "P010663.l06928",
"ref": "P010663.8.1",
"inst": "burgul[stone-cutter]",
"sig": "@dcclt%sux:bur-gul=burgul[stone-cutter//stone-cutter]N'N$burgul/bur-gul#~",
"f": {"lang": "sux",
"form": "bur-gul",
"cf": "burgul",
"gw": "stone-cutter",
"sense": "stone-cutter",
"norm0": "burgul",
"pos": "N",
"epos": "N",
"base": "bur-gul",
"morph": "~"}
}
,
{
"node": "d",
"type": "line-start",
"ref": "P010663.9",
"n": "7",
"label": "o i 7"}
,
{
"node": "l",
"frag": "ad-KID",
"id": "P010663.l06929",
"ref": "P010663.9.1",
"inst": "ad.KID[weaver]",
"sig": "@dcclt%sux:ad-KID=ad.KID[weaver//basket weaver]N'N$ad.KID/ad-KID#~",
"f": {"lang": "sux",
"form": "ad-KID",
"cf": "ad.KID",
"gw": "weaver",
"sense": "basket weaver",
"norm0": "ad.KID",
"pos": "N",
"epos": "N",
"base": "ad-KID",
"morph": "~"}
}
,
{
"node": "d",
"type": "line-start",
"ref": "P010663.10",
"n": "8",
"label": "o i 8"}
,
{
"node": "l",
"frag": "balaŋ-di",
"id": "P010663.l0692a",
"ref": "P010663.10.1",
"inst": "balaŋdi[instrument]",
"sig": "@dcclt%sux:balaŋ-di=balaŋdi[instrument//a musical instrument]N'N$balaŋdi/balaŋ-di#~",
"f": {"lang": "sux",
"form": "balaŋ-di",
"cf": "balaŋdi",
"gw": "instrument",
"sense": "a musical instrument",
"norm0": "balaŋdi",
"pos": "N",
"epos": "N",
"base": "balaŋ-di",
"morph": "~"}
}
,
{
"node": "d",
"type": "line-start",
"ref": "P010663.11",
"n": "9",
"label": "o i 9"}
,
{
"node": "l",
"frag": "eštub",
"id": "P010663.l0692b",
"ref": "P010663.11.1",
"inst": "eštub[carp]",
"sig": "@dcclt%sux:eštub=eštub[carp//carp]N'N$eštub/eštub#~",
"f": {"lang": "sux",
"form": "eštub",
"cf": "eštub",
"gw": "carp",
"sense": "carp",
"norm0": "eštub",
"pos": "N",
"epos": "N",
"base": "eštub",
"morph": "~"}
}
,
{
"node": "l",
"frag": "di",
"id": "P010663.l0692c",
"ref": "P010663.11.2",
"inst": "di[do]",
"sig": "@dcclt%sux:di=di[speak//to do, perform]V/t'V/t$di/di#~",
"f": {"lang": "sux",
"form": "di",
"cf": "di",
"gw": "speak",
"sense": "to do, perform",
"norm0": "di",
"pos": "V/t",
"epos": "V/t",
"base": "di",
"morph": "~"}
}
,
{
"node": "d",
"type": "nonw",
"ref": ""}
,
{
"node": "d",
"subtype": "column 2o",
"type": "column",
"ref": "P010663.o.ii.12",
"n": "2",
"label": "o ii"}
,
{
"node": "d",
"type": "line-start",
"ref": "P010663.13",
"n": "1",
"label": "o ii 1"}
,
{
"node": "l",
"frag": "nar",
"id": "P010663.l0692d",
"ref": "P010663.13.1",
"inst": "nar[musician]",
"sig": "@dcclt%sux:nar=nar[musician//musician]N'N$nar/nar#~",
"f": {"lang": "sux",
"form": "nar",
"cf": "nar",
"gw": "musician",
"sense": "musician",
"norm0": "nar",
"pos": "N",
"epos": "N",
"base": "nar",
"morph": "~"}
}
,
{
"node": "d",
"type": "line-start",
"ref": "P010663.14",
"n": "2",
"label": "o ii 2"}
,
{
"node": "l",
"frag": "šidim",
"id": "P010663.l0692e",
"ref": "P010663.14.1",
"inst": "šidim[builder]",
"sig": "@dcclt%sux:šidim=šidim[builder//builder]N'N$šidim/šidim#~",
"f": {"lang": "sux",
"form": "šidim",
"cf": "šidim",
"gw": "builder",
"sense": "builder",
"norm0": "šidim",
"pos": "N",
"epos": "N",
"base": "šidim",
"morph": "~"}
}
,
{
"node": "d",
"type": "line-start",
"ref": "P010663.15",
"n": "3",
"label": "o ii 3"}
,
{
"node": "l",
"frag": "šidim:TI",
"id": "P010663.l0692f",
"ref": "P010663.15.1",
"inst": "X",
"f": {"lang": "sux",
"form": "šidim-TI",
"pos": "X"}
}
,
{
"node": "d",
"type": "line-start",
"ref": "P010663.16",
"n": "4",
"label": "o ii 4"}
,
{
"node": "l",
"frag": "šu-i",
"id": "P010663.l06930",
"ref": "P010663.16.1",
"inst": "šuʾi[barber]",
"sig": "@dcclt%sux:šu-i=šuʾi[barber//barber]N'N$šuʾi/šu-i#~",
"f": {"lang": "sux",
"form": "šu-i",
"cf": "šuʾi",
"gw": "barber",
"sense": "barber",
"norm0": "šuʾi",
"pos": "N",
"epos": "N",
"base": "šu-i",
"morph": "~"}
}
,
{
"node": "d",
"type": "line-start",
"ref": "P010663.17",
"n": "5",
"label": "o ii 5"}
,
{
"node": "l",
"frag": "engar",
"id": "P010663.l06931",
"ref": "P010663.17.1",
"inst": "engar[farmer]",
"sig": "@dcclt%sux:engar=engar[farmer//farmer]N'N$engar/engar#~",
"f": {"lang": "sux",
"form": "engar",
"cf": "engar",
"gw": "farmer",
"sense": "farmer",
"norm0": "engar",
"pos": "N",
"epos": "N",
"base": "engar",
"morph": "~"}
}
,
{
"node": "d",
"type": "line-start",
"ref": "P010663.18",
"n": "6",
"label": "o ii 6"}
,
{
"node": "l",
"frag": "bahar₂",
"id": "P010663.l06932",
"ref": "P010663.18.1",
"inst": "bahar[potter]",
"sig": "@dcclt%sux:bahar₂=bahar[potter//potter]N'N$bahar/bahar₂#~",
"f": {"lang": "sux",
"form": "bahar₂",
"cf": "bahar",
"gw": "potter",
"sense": "potter",
"norm0": "bahar",
"pos": "N",
"epos": "N",
"base": "bahar₂",
"morph": "~"}
}
,
{
"node": "d",
"type": "line-start",
"ref": "P010663.19",
"n": "7",
"label": "o ii 7"}
,
{
"node": "l",
"frag": "tug₂-du₈",
"id": "P010663.l06933",
"ref": "P010663.19.1",
"inst": "tugdu[felter]",
"sig": "@dcclt%sux:tug₂-du₈=tugdu[felter//felter]N'N$tugdu/tug₂-du₈#~",
"f": {"lang": "sux",
"form": "tug₂-du₈",
"cf": "tugdu",
"gw": "felter",
"sense": "felter",
"norm0": "tugdu",
"pos": "N",
"epos": "N",
"base": "tug₂-du₈",
"morph": "~"}
}
,
{
"node": "d",
"type": "line-start",
"ref": "P010663.20",
"n": "8",
"label": "o ii 8"}
,
{
"node": "l",
"frag": "pa₄-šeš",
"id": "P010663.l06934",
"ref": "P010663.20.1",
"inst": "pašeš[priest]",
"sig": "@dcclt%sux:pa₄-šeš=pašeš[priest//a priest]N'N$pašeš/pa₄-šeš#~",
"f": {"lang": "sux",
"form": "pa₄-šeš",
"cf": "pašeš",
"gw": "priest",
"sense": "a priest",
"norm0": "pašeš",
"pos": "N",
"epos": "N",
"base": "pa₄-šeš",
"morph": "~"}
}
,
{
"node": "d",
"type": "line-start",
"ref": "P010663.21",
"n": "9",
"label": "o ii 9"}
,
{
"node": "l",
"frag": "gudu₄(|SUMAŠ.ME|)",
"id": "P010663.l06935",
"ref": "P010663.21.1",
"inst": "gudug[priest]",
"sig": "@dcclt%sux:gudu₄(|SUMAŠ.ME|)=gudug[priest//a priest]N'N$gudug/gudu₄(|SUMAŠ.ME|)#~",
"f": {"lang": "sux",
"form": "gudu₄(|SUMAŠ.ME|)",
"cf": "gudug",
"gw": "priest",
"sense": "a priest",
"norm0": "gudug",
"pos": "N",
"epos": "N",
"base": "gudu₄(|SUMAŠ.ME|)",
"morph": "~"}
}
,
{
"node": "d",
"subtype": "column 3o",
"type": "column",
"ref": "P010663.o.iii.22",
"n": "3",
"label": "o iii"}
,
{
"node": "d",
"type": "line-start",
"ref": "P010663.23",
"n": "1",
"label": "o iii 1"}
,
{
"node": "l",
"frag": "šim-mu₂",
"id": "P010663.l06936",
"ref": "P010663.23.1",
"inst": "šimmu[priest]",
"sig": "@dcclt%sux:šim-mu₂=šimmu[priest//a priest]N'N$šimmu/šim-mu₂#~",
"f": {"lang": "sux",
"form": "šim-mu₂",
"cf": "šimmu",
"gw": "priest",
"sense": "a priest",
"norm0": "šimmu",
"pos": "N",
"epos": "N",
"base": "šim-mu₂",
"morph": "~"}
}
,
{
"node": "d",
"type": "line-start",
"ref": "P010663.24",
"n": "2",
"label": "o iii 2"}
,
{
"node": "l",
"frag": "munu₄-mu₂",
"id": "P010663.l06937",
"ref": "P010663.24.1",
"inst": "munumud[maltster]",
"sig": "@dcclt%sux:munu₄-mu₂=munumud[maltster//maltster]N'N$munumud/munu₄-mud₆#~",
"f": {"lang": "sux",
"form": "munu₄-mu₂",
"cf": "munumud",
"gw": "maltster",
"sense": "maltster",
"norm0": "munumud",
"pos": "N",
"epos": "N",
"base": "munu₄-mud₆",
"morph": "~"}
}
,
{
"node": "d",
"type": "line-start",
"ref": "P010663.25",
"n": "3",
"label": "o iii 3"}
,
{
"node": "l",
"frag": "a:zu₅",
"id": "P010663.l06938",
"ref": "P010663.25.1",
"inst": "azu[doctor]",
"sig": "@dcclt%sux:a-zu₅=azu[doctor//doctor]N'N$azu/a-zu₅#~",
"f": {"lang": "sux",
"form": "a-zu₅",
"cf": "azu",
"gw": "doctor",
"sense": "doctor",
"norm0": "azu",
"pos": "N",
"epos": "N",
"base": "a-zu₅",
"morph": "~"}
}
,
{
"node": "d",
"type": "line-start",
"ref": "P010663.26",
"n": "4",
"label": "o iii 4"}
,
{
"node": "l",
"frag": "a:zu₅",
"id": "P010663.l06939",
"ref": "P010663.26.1",
"inst": "azu[doctor]",
"sig": "@dcclt%sux:a-zu₅=azu[doctor//doctor]N'N$azu/a-zu₅#~",
"f": {"lang": "sux",
"form": "a-zu₅",
"cf": "azu",
"gw": "doctor",
"sense": "doctor",
"norm0": "azu",
"pos": "N",
"epos": "N",
"base": "a-zu₅",
"morph": "~"}
}
,
{
"node": "l",
"frag": "anše",
"id": "P010663.l0693a",
"ref": "P010663.26.2",
"inst": "anše[equid]",
"sig": "@dcclt%sux:anše=anše[equid//equid]N'N$anše/anše#~",
"f": {"lang": "sux",
"form": "anše",
"cf": "anše",
"gw": "equid",
"sense": "equid",
"norm0": "anše",
"pos": "N",
"epos": "N",
"base": "anše",
"morph": "~"}
}
,
{
"node": "d",
"type": "line-start",
"ref": "P010663.27",
"n": "5",
"label": "o iii 5"}
,
{
"node": "l",
"frag": "a:zu₅",
"id": "P010663.l0693b",
"ref": "P010663.27.1",
"inst": "azu[doctor]",
"sig": "@dcclt%sux:a-zu₅=azu[doctor//doctor]N'N$azu/a-zu₅#~",
"f": {"lang": "sux",
"form": "a-zu₅",
"cf": "azu",
"gw": "doctor",
"sense": "doctor",
"norm0": "azu",
"pos": "N",
"epos": "N",
"base": "a-zu₅",
"morph": "~"}
}
,
{
"node": "l",
"frag": "MUNSUB(LAK672a)",
"id": "P010663.l0693c",
"ref": "P010663.27.2",
"inst": "munsub[hair]",
"sig": "@dcclt%sux:MUNSUB(LAK672a)=munsub[hair//hair]N'N$munsub/munsub#~",
"f": {"lang": "sux",
"form": "MUNSUB(LAK672a)",
"cf": "munsub",
"gw": "hair",
"sense": "hair",
"norm0": "munsub",
"pos": "N",
"epos": "N",
"base": "munsub",
"morph": "~"}
}
,
{
"node": "d",
"type": "line-start",
"ref": "P010663.28",
"n": "6",
"label": "o iii 6"}
,
{
"node": "l",
"frag": "a:zu₅",
"id": "P010663.l0693d",
"ref": "P010663.28.1",
"inst": "azu[doctor]",
"sig": "@dcclt%sux:a-zu₅=azu[doctor//doctor]N'N$azu/a-zu₅#~",
"f": {"lang": "sux",
"form": "a-zu₅",
"cf": "azu",
"gw": "doctor",
"sense": "doctor",
"norm0": "azu",
"pos": "N",
"epos": "N",
"base": "a-zu₅",
"morph": "~"}
}
,
{
"node": "l",
"frag": "|HI×NUN||DU.DU|",
"id": "P010663.l0693e",
"ref": "P010663.28.2",
"inst": "X",
"f": {"lang": "sux",
"form": "|HI×NUN|-|DU.DU|",
"pos": "X"}
}
,
{
"node": "d",
"type": "line-start",
"ref": "P010663.29",
"n": "7",
"label": "o iii 7"}
,
{
"node": "l",
"frag": "azlag₂",
"id": "P010663.l0693f",
"ref": "P010663.29.1",
"inst": "azlag[fuller]",
"sig": "@dcclt%sux:azlag₂=azlag[fuller//fuller]N'N$azlag/azlag₂#~",
"f": {"lang": "sux",
"form": "azlag₂",
"cf": "azlag",
"gw": "fuller",
"sense": "fuller",
"norm0": "azlag",
"pos": "N",
"epos": "N",
"base": "azlag₂",
"morph": "~"}
}
,
{
"node": "d",
"subtype": "column 4o",
"type": "column",
"ref": "P010663.o.iv.30",
"n": "4",
"label": "o iv"}
,
{
"node": "d",
"type": "line-start",
"ref": "P010663.31",
"n": "1",
"label": "o iv 1"}
,
{
"node": "l",
"frag": "[x]",
"id": "P010663.l06940",
"ref": "P010663.31.1",
"inst": "u",
"f": {"lang": "sux",
"form": "x",
"pos": "u"}
}
,
{
"node": "l",
"frag": "UŠ",
"id": "P010663.l06941",
"ref": "P010663.31.2",
"inst": "X",
"f": {"lang": "sux",
"form": "UŠ",
"pos": "X"}
}
,
{
"node": "d",
"type": "line-start",
"ref": "P010663.32",
"n": "2",
"label": "o iv 2"}
,
{
"node": "l",
"frag": "SAL-LAK779-DIM₂",
"id": "P010663.l06942",
"ref": "P010663.32.1",
"inst": "X",
"f": {"lang": "sux",
"form": "SAL-LAK779-DIM₂",
"pos": "X"}
}
,
{
"node": "d",
"type": "line-start",
"ref": "P010663.33",
"n": "3",
"label": "o iv 3"}
,
{
"node": "l",
"frag": "nu-kiri₆",
"id": "P010663.l06943",
"ref": "P010663.33.1",
"inst": "nukirik[gardener]",
"sig": "@dcclt%sux:nu-kiri₆=nukirik[gardener//gardener]N'N$nukirik/nu-kiri₆#~",
"f": {"lang": "sux",
"form": "nu-kiri₆",
"cf": "nukirik",
"gw": "gardener",
"sense": "gardener",
"norm0": "nukirik",
"pos": "N",
"epos": "N",
"base": "nu-kiri₆",
"morph": "~"}
}
,
{
"node": "d",
"type": "line-start",
"ref": "P010663.34",
"n": "4",
"label": "o iv 4"}
,
{
"node": "l",
"frag": "kinda₂",
"id": "P010663.l06944",
"ref": "P010663.34.1",
"inst": "kinda[barber]",
"sig": "@dcclt%sux:kinda₂=kinda[barber//barber, hairdresser]N'N$kinda/kinda₂#~",
"f": {"lang": "sux",
"form": "kinda₂",
"cf": "kinda",
"gw": "barber",
"sense": "barber, hairdresser",
"norm0": "kinda",
"pos": "N",
"epos": "N",
"base": "kinda₂",
"morph": "~"}
}
,
{
"node": "d",
"type": "line-start",
"ref": "P010663.35",
"n": "5",
"label": "o iv 5"}
,
{
"node": "l",
"frag": "kinda₂",
"id": "P010663.l06945",
"ref": "P010663.35.1",
"inst": "kinda[barber]",
"sig": "@dcclt%sux:kinda₂=kinda[barber//barber, hairdresser]N'N$kinda/kinda₂#~",
"f": {"lang": "sux",
"form": "kinda₂",
"cf": "kinda",
"gw": "barber",
"sense": "barber, hairdresser",
"norm0": "kinda",
"pos": "N",
"epos": "N",
"base": "kinda₂",
"morph": "~"}
}
,
{
"node": "l",
"frag": "GAR:IŠ",
"id": "P010663.l06946",
"ref": "P010663.35.2",
"inst": "X",
"f": {"lang": "sux",
"form": "GAR-IŠ",
"pos": "X"}
}
,
{
"node": "d",
"type": "line-start",
"ref": "P010663.36",
"n": "6",
"label": "o iv 6"}
,
{
"node": "l",
"frag": "bar-šu-ŋal₂",
"id": "P010663.l06947",
"ref": "P010663.36.1",
"inst": "baršuŋal[official]",
"sig": "@dcclt%sux:bar-šu-ŋal₂=baršuŋal[official//an official]N'N$baršuŋal/bar-šu-ŋal₂#~",
"f": {"lang": "sux",
"form": "bar-šu-ŋal₂",
"cf": "baršuŋal",
"gw": "official",
"sense": "an official",
"norm0": "baršuŋal",
"pos": "N",
"epos": "N",
"base": "bar-šu-ŋal₂",
"morph": "~"}
}
,
{
"node": "d",
"type": "line-start",
"ref": "P010663.37",
"n": "7",
"label": "o iv 7"}
,
{
"node": "l",
"frag": "{kuš}ummud",
"id": "P010663.l06948",
"ref": "P010663.37.1",
"inst": "ummud[waterskin]",
"sig": "@dcclt%sux:{kuš}ummud=ummud[waterskin//waterskin]N'N$ummud/{kuš}ummud#~",
"f": {"lang": "sux",
"form": "{kuš}ummud",
"cf": "ummud",
"gw": "waterskin",
"sense": "waterskin",
"norm0": "ummud",
"pos": "N",
"epos": "N",
"base": "{kuš}ummud",
"morph": "~"}
}
,
{
"node": "d",
"type": "line-start",
"ref": "P010663.38",
"n": "8",
"label": "o iv 8"}
,
{
"node": "l",
"frag": "lu₂-[x]",
"id": "P010663.l06949",
"ref": "P010663.38.1",
"inst": "u",
"f": {"lang": "sux",
"form": "lu₂-x",
"pos": "u"}
}
,
{
"node": "d",
"subtype": "reverse",
"type": "surface",
"ref": "P010663.r.39",
"type": "reverse",
"label": "r"}
,
{
"node": "d",
"subtype": "column 1r",
"type": "column",
"ref": "P010663.r.i.40",
"n": "1",
"label": "r i"}
,
{
"node": "d",
"type": "line-start",
"ref": "P010663.41",
"n": "1",
"label": "r i 1"}
,
{
"node": "l",
"frag": "AN",
"id": "P010663.l0694a",
"ref": "P010663.41.1",
"inst": "u",
"f": {"lang": "sux",
"form": "AN",
"pos": "u"}
}
,
{
"node": "l",
"frag": "[...]",
"id": "P010663.l0694b",
"ref": "P010663.41.2",
"inst": "u",
"f": {"lang": "sux",
"form": "x",
"pos": "u"}
}
,
{
"node": "d",
"type": "line-start",
"ref": "P010663.42",
"n": "2",
"label": "r i 2"}
,
{
"node": "l",
"frag": "ti-⸢bala⸣",
"id": "P010663.l0694c",
"ref": "P010663.42.1",
"inst": "tibala[sign]",
"sig": "@dcclt%sux:ti-bala=tibala[sign//sign]N'N$tibala/ti-bala#~",
"f": {"lang": "sux",
"form": "ti-bala",
"cf": "tibala",
"gw": "sign",
"sense": "sign",
"norm0": "tibala",
"pos": "N",
"epos": "N",
"base": "ti-bala",
"morph": "~"}
}
,
{
"node": "d",
"type": "line-start",
"ref": "P010663.43",
"n": "3",
"label": "r i 3"}
,
{
"node": "l",
"frag": "lu₂",
"id": "P010663.l0694d",
"ref": "P010663.43.1",
"inst": "lu[person]",
"sig": "@dcclt%sux:lu₂=lu[person//person]N'N$lu/lu₂#~",
"f": {"lang": "sux",
"form": "lu₂",
"cf": "lu",
"gw": "person",
"sense": "person",
"norm0": "lu",
"pos": "N",
"epos": "N",
"base": "lu₂",
"morph": "~"}
}
,
{
"node": "l",
"frag": "saŋ-ŋa₂",
"id": "P010663.l0694e",
"ref": "P010663.43.2",
"inst": "saŋ[head]",
"sig": "@dcclt%sux:saŋ-ŋa₂=saŋ[head//head]N'N$saŋ,ŋu.ak/saŋ#~,ŋu.ak",
"f": {"lang": "sux",
"form": "saŋ-ŋa₂",
"cf": "saŋ",
"gw": "head",
"sense": "head",
"norm0": "saŋ,ŋu.ak",
"pos": "N",
"epos": "N",
"base": "saŋ",
"morph": "~,ŋu.ak"}
}
,
{
"node": "d",
"type": "line-start",
"ref": "P010663.44",
"n": "4",
"label": "r i 4"}
,
{
"node": "l",
"frag": "subur",
"id": "P010663.l0694f",
"ref": "P010663.44.1",
"inst": "subur[slave]",
"sig": "@dcclt%sux:subur=subur[slave//slave, servant]N'N$subur/subur#~",
"f": {"lang": "sux",
"form": "subur",
"cf": "subur",
"gw": "slave",
"sense": "slave, servant",
"norm0": "subur",
"pos": "N",
"epos": "N",
"base": "subur",
"morph": "~"}
}
,
{
"node": "d",
"type": "line-start",
"ref": "P010663.45",
"n": "5",
"label": "r i 5"}
,
{
"node": "l",
"frag": "en-ra:EŠ₂",
"id": "P010663.l06950",
"ref": "P010663.45.1",
"inst": "X",
"f": {"lang": "sux",
"form": "en-ra-EŠ₂",
"pos": "X"}
}
,
{
"node": "d",
"type": "line-start",
"ref": "P010663.46",
"n": "6",
"label": "r i 6"}
,
{
"node": "l",
"frag": "IB",
"id": "P010663.l06951",
"ref": "P010663.46.1",
"inst": "eb[oval]",
"sig": "@dcclt%sux:IB=eb[oval//oval]N'N$eb/eb#~",
"f": {"lang": "sux",
"form": "IB",
"cf": "eb",
"gw": "oval",
"sense": "oval",
"norm0": "eb",
"pos": "N",
"epos": "N",
"base": "eb",
"morph": "~"}
}
,
{
"node": "d",
"type": "line-start",
"ref": "P010663.47",
"n": "7",
"label": "r i 7"}
,
{
"node": "l",
"frag": "lu₂-gu₂",
"id": "P010663.l06952",
"ref": "P010663.47.1",
"inst": "X",
"f": {"lang": "sux",
"form": "lu₂-gu₂",
"pos": "X"}
}
,
{
"node": "d",
"type": "line-start",
"ref": "P010663.48",
"n": "8",
"label": "r i 8"}
,
{
"node": "l",
"frag": "lu₂-RU:[x]",
"id": "P010663.l06953",
"ref": "P010663.48.1",
"inst": "u",
"f": {"lang": "sux",
"form": "lu₂-RU-x",
"pos": "u"}
}
,
{
"node": "d",
"subtype": "column 2r",
"type": "column",
"ref": "P010663.r.ii.49",
"n": "2",
"label": "r ii"}
,
{
"node": "d",
"type": "line-start",
"ref": "P010663.50",
"n": "1",
"label": "r ii 1"}
,
{
"node": "l",
"frag": "lu₂",
"id": "P010663.l06954",
"ref": "P010663.50.1",
"inst": "lu[person]",
"sig": "@dcclt%sux:lu₂=lu[person//person]N'N$lu/lu₂#~",
"f": {"lang": "sux",
"form": "lu₂",
"cf": "lu",
"gw": "person",
"sense": "person",
"norm0": "lu",
"pos": "N",
"epos": "N",
"base": "lu₂",
"morph": "~"}
}
,
{
"node": "l",
"frag": "ninda-kum₄",
"id": "P010663.l06955",
"ref": "P010663.50.2",
"inst": "nindakuma[~beer]",
"sig": "@dcclt%sux:ninda-kum₄=nindakuma[~beer//an ingredient in beer-making]N'N$nindakuma/ninda-kum₄#~",
"f": {"lang": "sux",
"form": "ninda-kum₄",
"cf": "nindakuma",
"gw": "~beer",
"sense": "an ingredient in beer-making",
"norm0": "nindakuma",
"pos": "N",
"epos": "N",
"base": "ninda-kum₄",
"morph": "~"}
}
,
{
"node": "d",
"type": "line-start",
"ref": "P010663.51",
"n": "2",
"label": "r ii 2"}
,
{
"node": "l",
"frag": "lu₂-ŋešpu₂",
"id": "P010663.l06956",
"ref": "P010663.51.1",
"inst": "luŋešpu[wrestler]",
"sig": "@dcclt%sux:lu₂-ŋešpu₂=luŋešpu[wrestler//wrestler]N'N$luŋešpu/lu₂-ŋešpu₂#~",
"f": {"lang": "sux",
"form": "lu₂-ŋešpu₂",
"cf": "luŋešpu",
"gw": "wrestler",
"sense": "wrestler",
"norm0": "luŋešpu",
"pos": "N",
"epos": "N",
"base": "lu₂-ŋešpu₂",
"morph": "~"}
}
,
{
"node": "d",
"type": "line-start",
"ref": "P010663.52",
"n": "3",
"label": "r ii 3"}
,
{
"node": "l",
"frag": "lu₂",
"id": "P010663.l06957",
"ref": "P010663.52.1",
"inst": "lu[person]",
"sig": "@dcclt%sux:lu₂=lu[person//person]N'N$lu/lu₂#~",
"f": {"lang": "sux",
"form": "lu₂",
"cf": "lu",
"gw": "person",
"sense": "person",
"norm0": "lu",
"pos": "N",
"epos": "N",
"base": "lu₂",
"morph": "~"}
}
,
{
"node": "l",
"frag": "ŋuruš",
"id": "P010663.l06958",
"ref": "P010663.52.2",
"inst": "ŋuruš[male]",
"sig": "@dcclt%sux:ŋuruš=ŋuruš[male//male]N'N$ŋuruš/ŋuruš#~",
"f": {"lang": "sux",
"form": "ŋuruš",
"cf": "ŋuruš",
"gw": "male",
"sense": "male",
"norm0": "ŋuruš",
"pos": "N",
"epos": "N",
"base": "ŋuruš",
"morph": "~"}
}
,
{
"node": "d",
"type": "line-start",
"ref": "P010663.53",
"n": "4",
"label": "r ii 4"}
,
{
"node": "l",
"frag": "lu₂-GIŠ:KID",
"id": "P010663.l06959",
"ref": "P010663.53.1",
"inst": "X",
"f": {"lang": "sux",
"form": "lu₂-GIŠ-KID",
"pos": "X"}
}
,
{
"node": "d",
"type": "line-start",
"ref": "P010663.54",
"n": "5",
"label": "r ii 5"}
,
{
"node": "l",
"frag": "nu-KA",
"id": "P010663.l0695a",
"ref": "P010663.54.1",
"inst": "nu.KA[profession]",
"sig": "@dcclt%sux:nu-KA=nu.KA[profession//a profession]N'N$nu.KA/nu-KA#~",
"f": {"lang": "sux",
"form": "nu-KA",
"cf": "nu.KA",
"gw": "profession",
"sense": "a profession",
"norm0": "nu.KA",
"pos": "N",
"epos": "N",
"base": "nu-KA",
"morph": "~"}
}
,
{
"node": "d",
"type": "line-start",
"ref": "P010663.55",
"n": "6",
"label": "r ii 6"}
,
{
"node": "l",
"frag": "im-ru",
"id": "P010663.l0695b",
"ref": "P010663.55.1",
"inst": "imria[clan]",
"sig": "@dcclt%sux:im-ru=imria[clan//clan]N'N$imria/im-ru#~",
"f": {"lang": "sux",
"form": "im-ru",
"cf": "imria",
"gw": "clan",
"sense": "clan",
"norm0": "imria",
"pos": "N",
"epos": "N",
"base": "im-ru",
"morph": "~"}
}
,
{
"node": "d",
"type": "line-start",
"ref": "P010663.56",
"n": "7",
"label": "r ii 7"}
,
{
"node": "l",
"frag": "sukkal",
"id": "P010663.l0695c",
"ref": "P010663.56.1",
"inst": "sukkal[secretary]",
"sig": "@dcclt%sux:sukkal=sukkal[secretary//secretary]N'N$sukkal/sukkal#~",
"f": {"lang": "sux",
"form": "sukkal",
"cf": "sukkal",
"gw": "secretary",
"sense": "secretary",
"norm0": "sukkal",
"pos": "N",
"epos": "N",
"base": "sukkal",
"morph": "~"}
}
,
{
"node": "d",
"type": "line-start",
"ref": "P010663.57",
"n": "8",
"label": "r ii 8"}
,
{
"node": "l",
"frag": "i₃-du₈",
"id": "P010663.l0695d",
"ref": "P010663.57.1",
"inst": "idu[doorkeeper]",
"sig": "@dcclt%sux:i₃-du₈=idu[doorkeeper//doorkeeper]N'N$idu/i₃-du₈#~",
"f": {"lang": "sux",
"form": "i₃-du₈",
"cf": "idu",
"gw": "doorkeeper",
"sense": "doorkeeper",
"norm0": "idu",
"pos": "N",
"epos": "N",
"base": "i₃-du₈",
"morph": "~"}
}
,
{
"node": "d",
"type": "line-start",
"ref": "P010663.58",
"n": "9",
"label": "r ii 9"}
,
{
"node": "l",
"frag": "GAL:[x]",
"id": "P010663.l0695e",
"ref": "P010663.58.1",
"inst": "u",
"f": {"lang": "sux",
"form": "GAL-x",
"pos": "u"}
}
,
{
"node": "d",
"subtype": "column 3r",
"type": "column",
"ref": "P010663.r.iii.59",
"n": "3",
"label": "r iii"}
,
{
"node": "d",
"type": "line-start",
"ref": "P010663.60",
"n": "1",
"label": "r iii 1"}
,
{
"node": "l",
"frag": "gal-niŋir",
"id": "P010663.l0695f",
"ref": "P010663.60.1",
"inst": "niŋirgal[herald]",
"sig": "@dcclt%sux:gal-niŋir=niŋirgal[herald//chief herald]N'N$niŋirgal/niŋirgalₓ(|GAL.DUN₃@g@g|)#~",
"f": {"lang": "sux",
"form": "gal-niŋir",
"cf": "niŋirgal",
"gw": "herald",
"sense": "chief herald",
"norm0": "niŋirgal",
"pos": "N",
"epos": "N",
"base": "niŋirgalₓ(|GAL.DUN₃@g@g|)",
"morph": "~"}
}
,
{
"node": "d",
"type": "line-start",
"ref": "P010663.61",
"n": "2",
"label": "r iii 2"}
,
{
"node": "l",
"frag": "niŋir-la₂",
"id": "P010663.l06960",
"ref": "P010663.61.1",
"inst": "X",
"f": {"lang": "sux",
"form": "niŋir-la₂",
"pos": "X"}
}
,
{
"node": "d",
"type": "line-start",
"ref": "P010663.62",
"n": "3",
"label": "r iii 3"}
,
{
"node": "l",
"frag": "lu₂",
"id": "P010663.l06961",
"ref": "P010663.62.1",
"inst": "lu[person]",
"sig": "@dcclt%sux:lu₂=lu[person//person]N'N$lu/lu₂#~",
"f": {"lang": "sux",
"form": "lu₂",
"cf": "lu",
"gw": "person",
"sense": "person",
"norm0": "lu",
"pos": "N",
"epos": "N",
"base": "lu₂",
"morph": "~"}
}
,
{
"node": "l",
"frag": "na₄(|UD.NI|)",
"id": "P010663.l06962",
"ref": "P010663.62.2",
"inst": "na[stone]",
"sig": "@dcclt%sux:na₄(|UD.NI|)=na[stone//stone]N'N$na/na₄(|UD.NI|)#~",
"f": {"lang": "sux",
"form": "na₄(|UD.NI|)",
"cf": "na",
"gw": "stone",
"sense": "stone",
"norm0": "na",
"pos": "N",
"epos": "N",
"base": "na₄(|UD.NI|)",
"morph": "~"}
}
,
{
"node": "l",
"frag": "lagab",
"id": "P010663.l06963",
"ref": "P010663.62.3",
"inst": "lagab[block]",
"sig": "@dcclt%sux:lagab=lagab[block//block]N'N$lagab/lagab#~",
"f": {"lang": "sux",
"form": "lagab",
"cf": "lagab",
"gw": "block",
"sense": "block",
"norm0": "lagab",
"pos": "N",
"epos": "N",
"base": "lagab",
"morph": "~"}
}
,
{
"node": "d",
"type": "line-start",
"ref": "P010663.63",
"n": "4",
"label": "r iii 4"}
,
{
"node": "l",
"frag": "GA₂:zi",
"id": "P010663.l06964",
"ref": "P010663.63.1",
"inst": "X",
"f": {"lang": "sux",
"form": "GA₂-zi",
"pos": "X"}
}
,
{
"node": "d",
"type": "line-start",
"ref": "P010663.64",
"n": "5",
"label": "r iii 5"}
,
{
"node": "l",
"frag": "ušbarₓ(|U₂.UR₂|)",
"id": "P010663.l06965",
"ref": "P010663.64.1",
"inst": "ušbar[father-in-law]",
"sig": "@dcclt%sux:ušbarₓ(|U₂.UR₂|)=ušbar[in-law//father-in-law]N'N$ušbar/ušbarₓ(|U₂.UR₂|)#~",
"f": {"lang": "sux",
"form": "ušbarₓ(|U₂.UR₂|)",
"cf": "ušbar",
"gw": "in-law",
"sense": "father-in-law",
"norm0": "ušbar",
"pos": "N",
"epos": "N",
"base": "ušbarₓ(|U₂.UR₂|)",
"morph": "~"}
}
,
{
"node": "d",
"type": "line-start",
"ref": "P010663.65",
"n": "6",
"label": "r iii 6"}
,
{
"node": "l",
"frag": "nu-ŠID",
"id": "P010663.l06966",
"ref": "P010663.65.1",
"inst": "nu-ŠID[accountant?]N",
"sig": "@dcclt%sux:nu-ŠID=nu-ŠID[accountant?//accountant?]N'N$nu-ŠID/nu-ŠID#~",
"f": {"lang": "sux",
"form": "nu-ŠID",
"cf": "nu-ŠID",
"gw": "accountant?",
"sense": "accountant?",
"norm0": "nu-ŠID",
"pos": "N",
"epos": "N",
"base": "nu-ŠID",
"morph": "~"}
}
,
{
"node": "l",
"frag": "saŋ",
"id": "P010663.l06967",
"ref": "P010663.65.2",
"inst": "saŋ[person]",
"sig": "@dcclt%sux:saŋ=saŋ[head//person]N'N$saŋ/saŋ#~",
"f": {"lang": "sux",
"form": "saŋ",
"cf": "saŋ",
"gw": "head",
"sense": "person",
"norm0": "saŋ",
"pos": "N",
"epos": "N",
"base": "saŋ",
"morph": "~"}
}
,
{
"node": "l",
"frag": "munus",
"id": "P010663.l06968",
"ref": "P010663.65.3",
"inst": "munus[woman]",
"sig": "@dcclt%sux:munus=munus[woman//woman]N'N$munus/munus#~",
"f": {"lang": "sux",
"form": "munus",
"cf": "munus",
"gw": "woman",
"sense": "woman",
"norm0": "munus",
"pos": "N",
"epos": "N",
"base": "munus",
"morph": "~"}
}
,
{
"node": "l",
"frag": "nita",
"id": "P010663.l06969",
"ref": "P010663.65.4",
"inst": "nita[male]",
"sig": "@dcclt%sux:nita=nita[male//male]N'N$nita/nita#~",
"f": {"lang": "sux",
"form": "nita",
"cf": "nita",
"gw": "male",
"sense": "male",
"norm0": "nita",
"pos": "N",
"epos": "N",
"base": "nita",
"morph": "~"}
}
,
{
"node": "d",
"type": "line-start",
"ref": "P010663.66",
"n": "7",
"label": "r iii 7"}
,
{
"node": "l",
"frag": "lu₂-a₂-|TAK₄+LAK283a|",
"id": "P010663.l0696a",
"ref": "P010663.66.1",
"inst": "X",
"f": {"lang": "sux",
"form": "lu₂-a₂-|TAK₄+LAK283a|",
"pos": "X"}
}
,
{
"node": "d",
"subtype": "column 4r",
"type": "column",
"ref": "P010663.r.iv.67",
"n": "4",
"label": "r iv"}
,
{
"node": "d",
"type": "line-start",
"ref": "P010663.68",
"n": "1",
"label": "r iv 1"}
,
{
"node": "l",
"frag": "lu₂-|TAK₄+LAK283a||TAK₄+LAK283|",
"id": "P010663.l0696b",
"ref": "P010663.68.1",
"inst": "X",
"f": {"lang": "sux",
"form": "lu₂-|TAK₄+LAK283a|-|TAK₄+LAK283|",
"pos": "X"}
}
,
{
"node": "d",
"type": "line-start",
"ref": "P010663.69",
"n": "2",
"label": "r iv 2"}
,
{
"node": "l",
"frag": "LAK51:|URU×A|",
"id": "P010663.l0696c",
"ref": "P010663.69.1",
"inst": "X",
"f": {"lang": "sux",
"form": "LAK51-|URU×A|",
"pos": "X"}
}
,
{
"node": "d",
"type": "line-start",
"ref": "P010663.70",
"n": "3",
"label": "r iv 3"}
,
{
"node": "l",
"frag": "UM:|TAK₄+LAK283a|",
"id": "P010663.l0696d",
"ref": "P010663.70.1",
"inst": "X",
"f": {"lang": "sux",
"form": "UM-|TAK₄+LAK283a|",
"pos": "X"}
}
,
{
"node": "d",
"type": "line-start",
"ref": "P010663.71",
"n": "4",
"label": "r iv 4"}
,
{
"node": "l",
"frag": "|ŠE+NUNUZ|",
"id": "P010663.l0696e",
"ref": "P010663.71.1",
"inst": "X",
"f": {"lang": "sux",
"form": "|ŠE+NUNUZ|",
"pos": "X"}
}
,
{
"node": "d",
"type": "line-start",
"ref": "P010663.72",
"n": "5",
"label": "r iv 5"}
,
{
"node": "l",
"frag": "⸢x⸣:saŋ",
"id": "P010663.l0696f",
"ref": "P010663.72.1",
"inst": "u",
"f": {"lang": "sux",
"form": "x-saŋ",
"pos": "u"}
}
,
{
"node": "d",
"type": "line-start",
"ref": "P010663.73",
"n": "6",
"label": "r iv 6"}
,
{
"node": "l",
"frag": "AN:MUŠ₃:AN",
"id": "P010663.l06970",
"ref": "P010663.73.1",
"inst": "X",
"f": {"lang": "sux",
"form": "AN-MUŠ₃-AN",
"pos": "X"}
}
]}
]}
]}
]}
