{
"type": "cdl",
  "source": "http://oracc.org/dcclt",
  "license": "This data is released under the CC0 license",
  "license-url": "https://creativecommons.org/publicdomain/zero/1.0/",
  "more-info": "http://oracc.org/doc/opendata/",
  "UTC-timestamp": "2017-05-19T18:24:13",
"project": "dcclt",
"textid": "P117396",
"cdl": [
{
"node": "c",
"type": "text",
"id": "P117396.U0",
"cdl": [
{
"node": "d",
"type": "object",
"ref": ""}
,
{
"node": "d",
"subtype": "obverse",
"type": "surface",
"ref": "P117396.o.1",
"type": "obverse",
"label": "o"}
,
{
"node": "c",
"type": "discourse",
"subtype": "body",
"id": "P117396.U1",
"cdl": [
{
"node": "c",
"type": "sentence",
"id": "P117396.U2",
"label": "o 1 - o 3",
"cdl": [
{
"node": "d",
"type": "line-start",
"ref": "P117396.2",
"n": "1",
"label": "o 1"}
,
{
"node": "l",
"frag": "hašhur",
"id": "P117396.l1aa6d",
"ref": "P117396.2.1",
"inst": "hašhur[apple]N",
"sig": "@dcclt%sux:hašhur=hašhur[apple//apple (tree)]N'N$hašhur/hašhur#~",
"f": {"lang": "sux",
"form": "hašhur",
"cf": "hašhur",
"gw": "apple",
"sense": "apple (tree)",
"norm0": "hašhur",
"pos": "N",
"epos": "N",
"base": "hašhur",
"morph": "~"}
}
,
{
"node": "d",
"type": "line-start",
"ref": "P117396.3",
"n": "2",
"label": "o 2"}
,
{
"node": "l",
"frag": "hašhur",
"id": "P117396.l1aa6e",
"ref": "P117396.3.1",
"inst": "hašhur[apple]N",
"sig": "@dcclt%sux:hašhur=hašhur[apple//apple (tree)]N'N$hašhur/hašhur#~",
"f": {"lang": "sux",
"form": "hašhur",
"cf": "hašhur",
"gw": "apple",
"sense": "apple (tree)",
"norm0": "hašhur",
"pos": "N",
"epos": "N",
"base": "hašhur",
"morph": "~"}
}
,
{
"node": "l",
"frag": "bi-za",
"id": "P117396.l1aa6f",
"ref": "P117396.3.2",
"inst": "baza[dwarf]",
"sig": "@dcclt%sux:bi-za=baza[dwarf//dwarf]N'N$baza/bi-za#~",
"f": {"lang": "sux",
"form": "bi-za",
"cf": "baza",
"gw": "dwarf",
"sense": "dwarf",
"norm0": "baza",
"pos": "N",
"epos": "N",
"base": "bi-za",
"morph": "~"}
}
,
{
"node": "d",
"type": "line-start",
"ref": "P117396.4",
"n": "3",
"label": "o 3"}
,
{
"node": "l",
"frag": "hašhur",
"id": "P117396.l1aa70",
"ref": "P117396.4.1",
"inst": "hašhur[apple]N",
"sig": "@dcclt%sux:hašhur=hašhur[apple//apple (tree)]N'N$hašhur/hašhur#~",
"f": {"lang": "sux",
"form": "hašhur",
"cf": "hašhur",
"gw": "apple",
"sense": "apple (tree)",
"norm0": "hašhur",
"pos": "N",
"epos": "N",
"base": "hašhur",
"morph": "~"}
}
,
{
"node": "l",
"frag": "ma₂-ri₂{ki}",
"id": "P117396.l1aa71",
"ref": "P117396.4.2",
"inst": "Mari[1]SN",
"sig": "@dcclt%sux:ma₂-ri₂{ki}=Mari[1//1]SN'SN$Mari/ma₂-ri₂{ki}#~",
"f": {"lang": "sux",
"form": "ma₂-ri₂{ki}",
"cf": "Mari",
"gw": "1",
"sense": "1",
"norm0": "Mari",
"pos": "SN",
"epos": "SN",
"base": "ma₂-ri₂{ki}",
"morph": "~"}
}
,
{
"node": "d",
"subtype": "reverse",
"type": "surface",
"ref": "P117396.r.5",
"type": "reverse",
"label": "r"}
,
{
"node": "d",
"type": "nonx",
"ref": "P117396.6",
"strict": "0",
"extent": "0",
"scope": "obverse",
"state": "other"}
]}
]}
]}
]}
