{
"type": "cdl",
  "source": "http://oracc.org/dcclt",
  "license": "This data is released under the CC0 license",
  "license-url": "https://creativecommons.org/publicdomain/zero/1.0/",
  "more-info": "http://oracc.org/doc/opendata/",
  "UTC-timestamp": "2017-05-19T18:24:14",
"project": "dcclt",
"textid": "P145550",
"cdl": [
{
"node": "c",
"type": "text",
"id": "P145550.U0",
"cdl": [
{
"node": "d",
"type": "object",
"ref": ""}
,
{
"node": "d",
"subtype": "obverse",
"type": "surface",
"ref": "P145550.o.1",
"type": "obverse",
"label": "o"}
,
{
"node": "d",
"type": "nonx",
"ref": "P145550.2",
"strict": "0",
"state": "other"}
,
{
"node": "c",
"type": "discourse",
"subtype": "body",
"id": "P145550.U1",
"cdl": [
{
"node": "c",
"type": "sentence",
"id": "P145550.U2",
"label": "o 1 - o 4",
"cdl": [
{
"node": "d",
"type": "line-start",
"ref": "P145550.3",
"n": "1",
"label": "o 1"}
,
{
"node": "l",
"frag": "[gi]",
"id": "P145550.l1edd4",
"ref": "P145550.3.1",
"inst": "gi[reed]N",
"sig": "@dcclt%sux:gi=gi[reed//reed]N'N$gi/gi#~",
"f": {"lang": "sux",
"form": "gi",
"cf": "gi",
"gw": "reed",
"sense": "reed",
"norm0": "gi",
"pos": "N",
"epos": "N",
"base": "gi",
"morph": "~"}
}
,
{
"node": "l",
"frag": "dub-ba",
"id": "P145550.l1edd5",
"ref": "P145550.3.2",
"inst": "dub[tablet]N",
"sig": "@dcclt%sux:dub-ba=dub[tablet//tablet]N'N$dub,bi.ak/dub#~,bi.ak",
"f": {"lang": "sux",
"form": "dub-ba",
"cf": "dub",
"gw": "tablet",
"sense": "tablet",
"norm0": "dub,bi.ak",
"pos": "N",
"epos": "N",
"base": "dub",
"morph": "~,bi.ak"}
}
,
{
"node": "d",
"type": "line-start",
"ref": "P145550.4",
"n": "2",
"label": "o 2"}
,
{
"node": "l",
"frag": "⸢gi⸣",
"id": "P145550.l1edd6",
"ref": "P145550.4.1",
"inst": "gi[reed]N",
"sig": "@dcclt%sux:gi=gi[reed//reed]N'N$gi/gi#~",
"f": {"lang": "sux",
"form": "gi",
"cf": "gi",
"gw": "reed",
"sense": "reed",
"norm0": "gi",
"pos": "N",
"epos": "N",
"base": "gi",
"morph": "~"}
}
,
{
"node": "l",
"frag": "gir-gi₄",
"id": "P145550.l1edd7",
"ref": "P145550.4.2",
"inst": "girgi[reed strip]N",
"sig": "@dcclt%sux:gir-gi₄=girgi[reed strip//reed strip]N'N$girgi/gir-gi₄#~",
"f": {"lang": "sux",
"form": "gir-gi₄",
"cf": "girgi",
"gw": "reed strip",
"sense": "reed strip",
"norm0": "girgi",
"pos": "N",
"epos": "N",
"base": "gir-gi₄",
"morph": "~"}
}
,
{
"node": "d",
"type": "line-start",
"ref": "P145550.5",
"n": "3",
"label": "o 3"}
,
{
"node": "l",
"frag": "gi",
"id": "P145550.l1edd8",
"ref": "P145550.5.1",
"inst": "gi[reed]N",
"sig": "@dcclt%sux:gi=gi[reed//reed]N'N$gi/gi#~",
"f": {"lang": "sux",
"form": "gi",
"cf": "gi",
"gw": "reed",
"sense": "reed",
"norm0": "gi",
"pos": "N",
"epos": "N",
"base": "gi",
"morph": "~"}
}
,
{
"node": "l",
"frag": "dub-ba",
"id": "P145550.l1edd9",
"ref": "P145550.5.2",
"inst": "dub[tablet]N",
"sig": "@dcclt%sux:dub-ba=dub[tablet//tablet]N'N$dub,bi.ak/dub#~,bi.ak",
"f": {"lang": "sux",
"form": "dub-ba",
"cf": "dub",
"gw": "tablet",
"sense": "tablet",
"norm0": "dub,bi.ak",
"pos": "N",
"epos": "N",
"base": "dub",
"morph": "~,bi.ak"}
}
,
{
"node": "d",
"type": "line-start",
"ref": "P145550.6",
"n": "4",
"label": "o 4"}
,
{
"node": "l",
"frag": "gi",
"id": "P145550.l1edda",
"ref": "P145550.6.1",
"inst": "gi[reed]N",
"sig": "@dcclt%sux:gi=gi[reed//reed]N'N$gi/gi#~",
"f": {"lang": "sux",
"form": "gi",
"cf": "gi",
"gw": "reed",
"sense": "reed",
"norm0": "gi",
"pos": "N",
"epos": "N",
"base": "gi",
"morph": "~"}
}
,
{
"node": "l",
"frag": "gir-gi₄",
"id": "P145550.l1eddb",
"ref": "P145550.6.2",
"inst": "girgi[reed strip]N",
"sig": "@dcclt%sux:gir-gi₄=girgi[reed strip//reed strip]N'N$girgi/gir-gi₄#~",
"f": {"lang": "sux",
"form": "gir-gi₄",
"cf": "girgi",
"gw": "reed strip",
"sense": "reed strip",
"norm0": "girgi",
"pos": "N",
"epos": "N",
"base": "gir-gi₄",
"morph": "~"}
}
]}
]}
]}
]}
