{
"type": "cdl",
  "source": "http://oracc.org/dcclt",
  "license": "This data is released under the CC0 license",
  "license-url": "https://creativecommons.org/publicdomain/zero/1.0/",
  "more-info": "http://oracc.org/doc/opendata/",
  "UTC-timestamp": "2017-05-19T18:24:14",
"project": "dcclt",
"textid": "P209818",
"cdl": [
{
"node": "c",
"type": "text",
"id": "P209818.U0",
"cdl": [
{
"node": "d",
"type": "object",
"ref": ""}
,
{
"node": "d",
"subtype": "obverse",
"type": "surface",
"ref": "P209818.o.1",
"type": "obverse",
"label": "o"}
,
{
"node": "d",
"type": "nonx",
"ref": "P209818.2",
"strict": "0",
"state": "other"}
,
{
"node": "c",
"type": "discourse",
"subtype": "body",
"id": "P209818.U1",
"cdl": [
{
"node": "c",
"type": "sentence",
"id": "P209818.U2",
"label": "o 1 - o 3",
"cdl": [
{
"node": "d",
"type": "line-start",
"ref": "P209818.3",
"n": "1",
"label": "o 1"}
,
{
"node": "l",
"frag": "{gi}gu-gu-⸢un⸣",
"id": "P209818.l1f170",
"ref": "P209818.3.1",
"inst": "guhšu[altar]N/{gi}gu-gu-un#~",
"sig": "@dcclt%sux:{gi}gu-gu-un=guhšu[altar//altar]N'N$guhšu/{gi}gu-gu-un#~",
"f": {"lang": "sux",
"form": "{gi}gu-gu-un",
"cf": "guhšu",
"gw": "altar",
"sense": "altar",
"norm0": "guhšu",
"pos": "N",
"epos": "N",
"base": "{gi}gu-gu-un",
"morph": "~"}
}
,
{
"node": "d",
"type": "line-start",
"ref": "P209818.4",
"n": "2",
"label": "o 2"}
,
{
"node": "l",
"frag": "{gi}gu-un-⸢šu₂⸣",
"id": "P209818.l1f171",
"ref": "P209818.4.1",
"inst": "guhšu[altar]N/{gi}gu-un-šu₂#~",
"sig": "@dcclt%sux:{gi}gu-un-šu₂=guhšu[altar//altar]N'N$guhšu/{gi}gu-un-šu₂#~",
"f": {"lang": "sux",
"form": "{gi}gu-un-šu₂",
"cf": "guhšu",
"gw": "altar",
"sense": "altar",
"norm0": "guhšu",
"pos": "N",
"epos": "N",
"base": "{gi}gu-un-šu₂",
"morph": "~"}
}
,
{
"node": "d",
"type": "line-start",
"ref": "P209818.5",
"n": "3",
"label": "o 3"}
,
{
"node": "l",
"frag": "{gi}gu-gu-un-⸢šu₂⸣",
"id": "P209818.l1f172",
"ref": "P209818.5.1",
"inst": "guhšu[altar]N/{gi}gu-gu-un-šu₂#~",
"sig": "@dcclt%sux:{gi}gu-gu-un-šu₂=guhšu[altar//altar]N'N$guhšu/{gi}gu-gu-un-šu₂#~",
"f": {"lang": "sux",
"form": "{gi}gu-gu-un-šu₂",
"cf": "guhšu",
"gw": "altar",
"sense": "altar",
"norm0": "guhšu",
"pos": "N",
"epos": "N",
"base": "{gi}gu-gu-un-šu₂",
"morph": "~"}
}
,
{
"node": "d",
"subtype": "reverse",
"type": "surface",
"ref": "P209818.r.6",
"type": "reverse",
"label": "r"}
,
{
"node": "d",
"type": "nonx",
"ref": "P209818.7",
"strict": "0",
"state": "other"}
]}
]}
]}
]}
