{
"type": "cdl",
  "source": "http://oracc.org/dcclt",
  "license": "This data is released under the CC0 license",
  "license-url": "https://creativecommons.org/publicdomain/zero/1.0/",
  "more-info": "http://oracc.org/doc/opendata/",
  "UTC-timestamp": "2017-05-19T18:24:16",
"project": "dcclt",
"textid": "P224994",
"cdl": [
{
"node": "c",
"type": "text",
"id": "P224994.U0",
"cdl": [
{
"node": "d",
"subtype": "tablet",
"type": "object",
"ref": "P224994.x612.1",
"type": "tablet",
"label": "x612"}
,
{
"node": "d",
"subtype": "obverse",
"type": "surface",
"ref": "P224994.o.2",
"type": "obverse",
"label": "o"}
,
{
"node": "d",
"subtype": "column 1o",
"type": "column",
"ref": "P224994.o.i.3",
"n": "1",
"label": "o i"}
,
{
"node": "c",
"type": "discourse",
"subtype": "body",
"id": "P224994.U1",
"cdl": [
{
"node": "c",
"type": "sentence",
"id": "P224994.U2",
"label": "o i 1 - o i 3",
"cdl": [
{
"node": "d",
"type": "line-start",
"ref": "P224994.4",
"n": "1",
"label": "o i 1"}
,
{
"node": "l",
"frag": "{ŋeš}x-[...]",
"id": "P224994.l1c1bf",
"ref": "P224994.4.1",
"inst": "u",
"f": {"lang": "sux",
"form": "{ŋeš}x-x",
"pos": "u"}
}
,
{
"node": "d",
"type": "line-start",
"ref": "P224994.5",
"n": "2",
"label": "o i 2"}
,
{
"node": "l",
"frag": "{ŋeš}SI-[...]",
"id": "P224994.l1c1c0",
"ref": "P224994.5.1",
"inst": "u",
"f": {"lang": "sux",
"form": "{ŋeš}SI-x",
"pos": "u"}
}
,
{
"node": "d",
"type": "line-start",
"ref": "P224994.6",
"n": "3",
"label": "o i 3"}
,
{
"node": "l",
"frag": "{⸢ŋeš}šu⸣-[...]",
"id": "P224994.l1c1c1",
"ref": "P224994.6.1",
"inst": "u",
"f": {"lang": "sux",
"form": "{ŋeš}šu-x",
"pos": "u"}
}
]}
]}
]}
]}
