{
"type": "cdl",
  "source": "http://oracc.org/dcclt",
  "license": "This data is released under the CC0 license",
  "license-url": "https://creativecommons.org/publicdomain/zero/1.0/",
  "more-info": "http://oracc.org/doc/opendata/",
  "UTC-timestamp": "2017-05-19T18:24:15",
"project": "dcclt",
"textid": "P224937",
"cdl": [
{
"node": "c",
"type": "text",
"id": "P224937.U0",
"cdl": [
{
"node": "d",
"type": "object",
"ref": ""}
,
{
"node": "d",
"subtype": "obverse",
"type": "surface",
"ref": "P224937.o.1",
"type": "obverse",
"label": "o"}
,
{
"node": "c",
"type": "discourse",
"subtype": "body",
"id": "P224937.U1",
"cdl": [
{
"node": "c",
"type": "sentence",
"id": "P224937.U2",
"label": "o 1 - o 3",
"cdl": [
{
"node": "d",
"type": "line-start",
"ref": "P224937.2",
"n": "1",
"label": "o 1"}
,
{
"node": "l",
"frag": "{ŋeš}saŋ-e-eš",
"id": "P224937.l18d75",
"ref": "P224937.2.1",
"inst": "X",
"f": {"lang": "sux",
"form": "{ŋeš}saŋ-e-eš",
"pos": "X"}
}
,
{
"node": "d",
"type": "line-start",
"ref": "P224937.3",
"n": "2",
"label": "o 2"}
,
{
"node": "l",
"frag": "{ŋeš}šu₂-a",
"id": "P224937.l18d76",
"ref": "P224937.3.1",
"inst": "šuʾa[stool]N",
"sig": "@dcclt%sux:{ŋeš}šu₂-a=šuʾa[stool//stool]N'N$šuʾa/{ŋeš}šu₂-a#~",
"f": {"lang": "sux",
"form": "{ŋeš}šu₂-a",
"cf": "šuʾa",
"gw": "stool",
"sense": "stool",
"norm0": "šuʾa",
"pos": "N",
"epos": "N",
"base": "{ŋeš}šu₂-a",
"morph": "~"}
}
,
{
"node": "d",
"type": "line-start",
"ref": "P224937.4",
"n": "3",
"label": "o 3"}
,
{
"node": "l",
"frag": "{ŋeš}šu₂-a",
"id": "P224937.l18d77",
"ref": "P224937.4.1",
"inst": "šuʾa[stool]",
"sig": "@dcclt%sux:{ŋeš}šu₂-a=šuʾa[stool//stool]N'N$šuʾa/{ŋeš}šu₂-a#~",
"f": {"lang": "sux",
"form": "{ŋeš}šu₂-a",
"cf": "šuʾa",
"gw": "stool",
"sense": "stool",
"norm0": "šuʾa",
"pos": "N",
"epos": "N",
"base": "{ŋeš}šu₂-a",
"morph": "~"}
}
,
{
"node": "l",
"frag": "⸢du₁₀⸣-us₂",
"id": "P224937.l18d78",
"ref": "P224937.4.2",
"inst": "dus[bathroom]",
"sig": "@dcclt%sux:du₁₀-us₂=dus[bathroom//bathroom]N'N$dus/du₁₀-us₂#~",
"f": {"lang": "sux",
"form": "du₁₀-us₂",
"cf": "dus",
"gw": "bathroom",
"sense": "bathroom",
"norm0": "dus",
"pos": "N",
"epos": "N",
"base": "du₁₀-us₂",
"morph": "~"}
}
]}
]}
]}
]}
