{
"type": "cdl",
  "source": "http://oracc.org/dcclt",
  "license": "This data is released under the CC0 license",
  "license-url": "https://creativecommons.org/publicdomain/zero/1.0/",
  "more-info": "http://oracc.org/doc/opendata/",
  "UTC-timestamp": "2017-05-19T18:24:19",
"project": "dcclt",
"textid": "P225086",
"cdl": [
{
"node": "c",
"type": "text",
"id": "P225086.U0",
"cdl": [
{
"node": "d",
"subtype": "tablet",
"type": "object",
"ref": "P225086.x618.1",
"type": "tablet",
"label": "x618"}
,
{
"node": "d",
"subtype": "obverse",
"type": "surface",
"ref": "P225086.o.2",
"type": "obverse",
"label": "o"}
,
{
"node": "d",
"subtype": "column 1o",
"type": "column",
"ref": "P225086.o.i.3",
"n": "1",
"label": "o i"}
,
{
"node": "c",
"type": "discourse",
"subtype": "body",
"id": "P225086.U1",
"cdl": [
{
"node": "c",
"type": "sentence",
"id": "P225086.U2",
"label": "o i 1 - o i 3",
"cdl": [
{
"node": "d",
"type": "line-start",
"ref": "P225086.4",
"n": "1",
"label": "o i 1"}
,
{
"node": "l",
"frag": "{ŋeš}u₃-suh₅",
"id": "P225086.l1c1d6",
"ref": "P225086.4.1",
"inst": "usuh[a tree]N",
"sig": "@dcclt%sux:{ŋeš}u₃-suh₅=usuh[tree//a tree]N'N$usuh/{ŋeš}u₃-suh₅#~",
"f": {"lang": "sux",
"form": "{ŋeš}u₃-suh₅",
"cf": "usuh",
"gw": "tree",
"sense": "a tree",
"norm0": "usuh",
"pos": "N",
"epos": "N",
"base": "{ŋeš}u₃-suh₅",
"morph": "~"}
}
,
{
"node": "d",
"type": "line-start",
"ref": "P225086.5",
"n": "2",
"label": "o i 2"}
,
{
"node": "l",
"frag": "{ŋeš}niŋ₂",
"id": "P225086.l1c1d7",
"ref": "P225086.5.1",
"inst": "niŋ[something]N",
"sig": "@dcclt%sux:{ŋeš}niŋ₂=niŋ[thing//something]N'N$niŋ/{ŋeš}niŋ₂#~",
"f": {"lang": "sux",
"form": "{ŋeš}niŋ₂",
"cf": "niŋ",
"gw": "thing",
"sense": "something",
"norm0": "niŋ",
"pos": "N",
"epos": "N",
"base": "{ŋeš}niŋ₂",
"morph": "~"}
}
,
{
"node": "l",
"frag": "x",
"id": "P225086.l1c1d8",
"ref": "P225086.5.2",
"inst": "u",
"f": {"lang": "sux",
"form": "x",
"pos": "u"}
}
,
{
"node": "d",
"type": "line-start",
"ref": "P225086.6",
"n": "3",
"label": "o i 3"}
,
{
"node": "l",
"frag": "{ŋeš}kišig",
"id": "P225086.l1c1d9",
"ref": "P225086.6.1",
"inst": "kišig[an acacia]N",
"sig": "@dcclt%sux:{ŋeš}kišig=kišig[acacia//an acacia]N'N$kišig/{ŋeš}kišig#~",
"f": {"lang": "sux",
"form": "{ŋeš}kišig",
"cf": "kišig",
"gw": "acacia",
"sense": "an acacia",
"norm0": "kišig",
"pos": "N",
"epos": "N",
"base": "{ŋeš}kišig",
"morph": "~"}
}
]}
]}
]}
]}
