{
"type": "cdl",
  "source": "http://oracc.org/dcclt",
  "license": "This data is released under the CC0 license",
  "license-url": "https://creativecommons.org/publicdomain/zero/1.0/",
  "more-info": "http://oracc.org/doc/opendata/",
  "UTC-timestamp": "2017-05-19T18:24:19",
"project": "dcclt",
"textid": "P225122",
"cdl": [
{
"node": "c",
"type": "text",
"id": "P225122.U0",
"cdl": [
{
"node": "d",
"subtype": "tablet",
"type": "object",
"ref": "P225122.x544.1",
"type": "tablet",
"label": "x544"}
,
{
"node": "d",
"subtype": "obverse",
"type": "surface",
"ref": "P225122.o.2",
"type": "obverse",
"label": "o"}
,
{
"node": "d",
"subtype": "column 1o",
"type": "column",
"ref": "P225122.o.i.3",
"n": "1",
"label": "o i"}
,
{
"node": "c",
"type": "discourse",
"subtype": "body",
"id": "P225122.U1",
"cdl": [
{
"node": "c",
"type": "sentence",
"id": "P225122.U2",
"label": "o i 1 - o i 3",
"cdl": [
{
"node": "d",
"type": "line-start",
"ref": "P225122.4",
"n": "1",
"label": "o i 1"}
,
{
"node": "l",
"frag": "me-hi-a-ŋu₁₀",
"id": "P225122.l191dc",
"ref": "P225122.4.1",
"inst": "mehi[tissue]",
"sig": "@dcclt%sux:me-hi-a-ŋu₁₀=mehi[tissue//tissue]N'N$mehi,ak.ŋu/me-hi#~,ak.ŋu",
"f": {"lang": "sux",
"form": "me-hi-a-ŋu₁₀",
"cf": "mehi",
"gw": "tissue",
"sense": "tissue",
"norm0": "mehi,ak.ŋu",
"pos": "N",
"epos": "N",
"base": "me-hi",
"morph": "~,ak.ŋu"}
}
,
{
"node": "d",
"type": "line-start",
"ref": "P225122.5",
"n": "2",
"label": "o i 2"}
,
{
"node": "l",
"frag": "nu-ŋu₁₀",
"id": "P225122.l191dd",
"ref": "P225122.5.1",
"inst": "nu[male genitalia]",
"sig": "@dcclt%sux:nu-ŋu₁₀=nu[genitalia//male genitalia]N'N$nu,ŋu/nu#~,ŋu",
"f": {"lang": "sux",
"form": "nu-ŋu₁₀",
"cf": "nu",
"gw": "genitalia",
"sense": "male genitalia",
"norm0": "nu,ŋu",
"pos": "N",
"epos": "N",
"base": "nu",
"morph": "~,ŋu"}
}
,
{
"node": "d",
"type": "line-start",
"ref": "P225122.6",
"n": "3",
"label": "o i 3"}
,
{
"node": "l",
"frag": "ab-tir-ŋu₁₀",
"id": "P225122.l191de",
"ref": "P225122.6.1",
"inst": "abtir[gore]",
"sig": "@dcclt%sux:ab-tir-ŋu₁₀=abtir[gore//gore]N'N$abtir,ŋu/ab-tir#~,ŋu",
"f": {"lang": "sux",
"form": "ab-tir-ŋu₁₀",
"cf": "abtir",
"gw": "gore",
"sense": "gore",
"norm0": "abtir,ŋu",
"pos": "N",
"epos": "N",
"base": "ab-tir",
"morph": "~,ŋu"}
}
]}
]}
]}
]}
