{
"type": "cdl",
  "source": "http://oracc.org/dcclt",
  "license": "This data is released under the CC0 license",
  "license-url": "https://creativecommons.org/publicdomain/zero/1.0/",
  "more-info": "http://oracc.org/doc/opendata/",
  "UTC-timestamp": "2017-05-19T18:24:18",
"project": "dcclt",
"textid": "P225033",
"cdl": [
{
"node": "c",
"type": "text",
"id": "P225033.U0",
"cdl": [
{
"node": "d",
"subtype": "tablet",
"type": "object",
"ref": "P225033.x614.1",
"type": "tablet",
"label": "x614"}
,
{
"node": "d",
"subtype": "obverse",
"type": "surface",
"ref": "P225033.o.2",
"type": "obverse",
"label": "o"}
,
{
"node": "d",
"subtype": "column 1o",
"type": "column",
"ref": "P225033.o.i.3",
"n": "1",
"label": "o i"}
,
{
"node": "c",
"type": "discourse",
"subtype": "body",
"id": "P225033.U1",
"cdl": [
{
"node": "c",
"type": "sentence",
"id": "P225033.U2",
"label": "o i 1 - o i 3",
"cdl": [
{
"node": "d",
"type": "line-start",
"ref": "P225033.4",
"n": "1",
"label": "o i 1"}
,
{
"node": "l",
"frag": "{ŋeš}dar-gul",
"id": "P225033.l1c1c7",
"ref": "P225033.4.1",
"inst": "targul[pole]N/{ŋeš}dar-gul#~",
"sig": "@dcclt%sux:{ŋeš}dar-gul=targul[pole//pole]N'N$targul/{ŋeš}dar-gul#~",
"f": {"lang": "sux",
"form": "{ŋeš}dar-gul",
"cf": "targul",
"gw": "pole",
"sense": "pole",
"norm0": "targul",
"pos": "N",
"epos": "N",
"base": "{ŋeš}dar-gul",
"morph": "~"}
}
,
{
"node": "d",
"type": "line-start",
"ref": "P225033.5",
"n": "2",
"label": "o i 2"}
,
{
"node": "l",
"frag": "{ŋeš}dar-gul-la₂",
"id": "P225033.l1c1c8",
"ref": "P225033.5.1",
"inst": "targul[pole]N/{ŋeš}dar-gul-la₂#~",
"sig": "@dcclt%sux:{ŋeš}dar-gul-la₂=targul[pole//pole]N'N$targul/{ŋeš}dar-gul-la₂#~",
"f": {"lang": "sux",
"form": "{ŋeš}dar-gul-la₂",
"cf": "targul",
"gw": "pole",
"sense": "pole",
"norm0": "targul",
"pos": "N",
"epos": "N",
"base": "{ŋeš}dar-gul-la₂",
"morph": "~"}
}
,
{
"node": "d",
"type": "line-start",
"ref": "P225033.6",
"n": "3",
"label": "o i 3"}
,
{
"node": "l",
"frag": "{⸢ŋeš⸣}ga-rig₂",
"id": "P225033.l1c1c9",
"ref": "P225033.6.1",
"inst": "garig[comb]N",
"sig": "@dcclt%sux:{ŋeš}ga-rig₂=garig[comb//comb]N'N$garig/{ŋeš}ga-rig₂#~",
"f": {"lang": "sux",
"form": "{ŋeš}ga-rig₂",
"cf": "garig",
"gw": "comb",
"sense": "comb",
"norm0": "garig",
"pos": "N",
"epos": "N",
"base": "{ŋeš}ga-rig₂",
"morph": "~"}
}
]}
]}
]}
]}
