{
"type": "cdl",
  "source": "http://oracc.org/dcclt",
  "license": "This data is released under the CC0 license",
  "license-url": "https://creativecommons.org/publicdomain/zero/1.0/",
  "more-info": "http://oracc.org/doc/opendata/",
  "UTC-timestamp": "2017-05-19T18:24:25",
"project": "dcclt",
"textid": "P227967",
"cdl": [
{
"node": "c",
"type": "text",
"id": "P227967.U0",
"cdl": [
{
"node": "d",
"subtype": "tablet",
"type": "object",
"ref": "P227967.x1151.1",
"type": "tablet",
"label": "x1151"}
,
{
"node": "d",
"subtype": "obverse",
"type": "surface",
"ref": "P227967.o.2",
"type": "obverse",
"label": "o"}
,
{
"node": "d",
"subtype": "column 1o",
"type": "column",
"ref": "P227967.o.i.3",
"n": "1",
"label": "o i"}
,
{
"node": "c",
"type": "discourse",
"subtype": "body",
"id": "P227967.U1",
"cdl": [
{
"node": "c",
"type": "sentence",
"id": "P227967.U2",
"label": "o i 1' - r i 7'",
"cdl": [
{
"node": "d",
"type": "line-start",
"ref": "P227967.4",
"n": "1'",
"label": "o i 1'"}
,
{
"node": "l",
"frag": "ninda",
"id": "P227967.l271a0",
"ref": "P227967.4.1",
"inst": "ninda[bread]",
"sig": "@dcclt%sux:ninda=ninda[bread//bread]N'N$ninda/ninda#~",
"f": {"lang": "sux",
"form": "ninda",
"cf": "ninda",
"gw": "bread",
"sense": "bread",
"norm0": "ninda",
"pos": "N",
"epos": "N",
"base": "ninda",
"morph": "~"}
}
,
{
"node": "l",
"frag": "⸢ur₅⸣-[ra]",
"id": "P227967.l271a1",
"ref": "P227967.4.2",
"inst": "ur[bake]",
"sig": "@dcclt%sux:ur₅-ra=ur[bake//to bake]V/t'V/t$ur/ur₅-ra#~",
"f": {"lang": "sux",
"form": "ur₅-ra",
"cf": "ur",
"gw": "bake",
"sense": "to bake",
"norm0": "ur",
"pos": "V/t",
"epos": "V/t",
"base": "ur₅-ra",
"morph": "~"}
}
,
{
"node": "d",
"type": "line-start",
"ref": "P227967.5",
"n": "2'",
"label": "o i 2'"}
,
{
"node": "c",
"type": "phrase",
"tag": "phr",
"id": "P227967.U4",
"ref": "P227967.ls00000",
"cdl": [
{
"node": "l",
"frag": "ninda",
"id": "P227967.l271a2",
"ref": "P227967.5.1",
"inst": "ninda[bread]",
"sig": "@dcclt%sux:ninda=ninda[bread//bread]N'N$ninda/ninda#~",
"f": {"lang": "sux",
"form": "ninda",
"cf": "ninda",
"gw": "bread",
"sense": "bread",
"norm0": "ninda",
"pos": "N",
"epos": "N",
"base": "ninda",
"morph": "~"}
}
,
{
"node": "l",
"frag": "ne-[mur-ra]",
"id": "P227967.l271a3",
"ref": "P227967.5.2",
"inst": "nimur[ashes]",
"sig": "@dcclt%sux:ne-mur-ra=nimur[ashes//ashes]N'N$nimur,ak/ne-mur+-ra=r.a#~,ak",
"f": {"lang": "sux",
"form": "ne-mur-ra",
"cf": "nimur",
"gw": "ashes",
"sense": "ashes",
"norm0": "nimur,ak",
"pos": "N",
"epos": "N",
"base": "ne-mur",
"cont": "-ra=r.a",
"morph": "~,ak"}
}
]}
,
{
"node": "d",
"type": "nonw",
"ref": ""}
,
{
"node": "d",
"type": "line-start",
"ref": "P227967.6",
"n": "3'",
"label": "o i 3'"}
,
{
"node": "l",
"frag": "ninda-i₃-de₂-[a]",
"id": "P227967.l271a4",
"ref": "P227967.6.1",
"inst": "nindaʾidea[bread]",
"sig": "@dcclt%sux:ninda-i₃-de₂-a=nindaʾidea[bread//a pastry or a bread]N'N$nindaʾidea/ninda-i₃-de₂-a#~",
"f": {"lang": "sux",
"form": "ninda-i₃-de₂-a",
"cf": "nindaʾidea",
"gw": "bread",
"sense": "a pastry or a bread",
"norm0": "nindaʾidea",
"pos": "N",
"epos": "N",
"base": "ninda-i₃-de₂-a",
"morph": "~"}
}
,
{
"node": "d",
"type": "line-start",
"ref": "P227967.7",
"n": "4'",
"label": "o i 4'"}
,
{
"node": "l",
"frag": "ninda-i₃-de₂-[a",
"id": "P227967.l271a5",
"ref": "P227967.7.1",
"inst": "nindaʾidea[bread]",
"sig": "@dcclt%sux:ninda-i₃-de₂-a=nindaʾidea[bread//a pastry or a bread]N'N$nindaʾidea/ninda-i₃-de₂-a#~",
"f": {"lang": "sux",
"form": "ninda-i₃-de₂-a",
"cf": "nindaʾidea",
"gw": "bread",
"sense": "a pastry or a bread",
"norm0": "nindaʾidea",
"pos": "N",
"epos": "N",
"base": "ninda-i₃-de₂-a",
"morph": "~"}
}
,
{
"node": "l",
"frag": "...]",
"id": "P227967.l271a6",
"ref": "P227967.7.2",
"inst": "u",
"f": {"lang": "sux",
"form": "x",
"pos": "u"}
}
,
{
"node": "d",
"type": "line-start",
"ref": "P227967.8",
"n": "5'",
"label": "o i 5'"}
,
{
"node": "l",
"frag": "⸢ninda-i₃-de₂⸣-[a",
"id": "P227967.l271a7",
"ref": "P227967.8.1",
"inst": "nindaʾidea[bread]",
"sig": "@dcclt%sux:ninda-i₃-de₂-a=nindaʾidea[bread//a pastry or a bread]N'N$nindaʾidea/ninda-i₃-de₂-a#~",
"f": {"lang": "sux",
"form": "ninda-i₃-de₂-a",
"cf": "nindaʾidea",
"gw": "bread",
"sense": "a pastry or a bread",
"norm0": "nindaʾidea",
"pos": "N",
"epos": "N",
"base": "ninda-i₃-de₂-a",
"morph": "~"}
}
,
{
"node": "l",
"frag": "...]",
"id": "P227967.l271a8",
"ref": "P227967.8.2",
"inst": "u",
"f": {"lang": "sux",
"form": "x",
"pos": "u"}
}
,
{
"node": "d",
"subtype": "reverse",
"type": "surface",
"ref": "P227967.r.9",
"type": "reverse",
"label": "r"}
,
{
"node": "d",
"subtype": "column 1r",
"type": "column",
"ref": "P227967.r.i.10",
"n": "1",
"label": "r i"}
,
{
"node": "d",
"type": "line-start",
"ref": "P227967.11",
"n": "1'",
"label": "r i 1'"}
,
{
"node": "l",
"frag": "⸢kaš⸣",
"id": "P227967.l271a9",
"ref": "P227967.11.1",
"inst": "kaš[beer]",
"sig": "@dcclt%sux:kaš=kaš[beer//beer]N'N$kaš/kaš#~",
"f": {"lang": "sux",
"form": "kaš",
"cf": "kaš",
"gw": "beer",
"sense": "beer",
"norm0": "kaš",
"pos": "N",
"epos": "N",
"base": "kaš",
"morph": "~"}
}
,
{
"node": "l",
"frag": "[...]",
"id": "P227967.l271aa",
"ref": "P227967.11.2",
"inst": "u",
"f": {"lang": "sux",
"form": "x",
"pos": "u"}
}
,
{
"node": "d",
"type": "line-start",
"ref": "P227967.12",
"n": "2'",
"label": "r i 2'"}
,
{
"node": "l",
"frag": "kaš",
"id": "P227967.l271ab",
"ref": "P227967.12.1",
"inst": "kaš[beer]",
"sig": "@dcclt%sux:kaš=kaš[beer//beer]N'N$kaš/kaš#~",
"f": {"lang": "sux",
"form": "kaš",
"cf": "kaš",
"gw": "beer",
"sense": "beer",
"norm0": "kaš",
"pos": "N",
"epos": "N",
"base": "kaš",
"morph": "~"}
}
,
{
"node": "l",
"frag": "[...]",
"id": "P227967.l271ac",
"ref": "P227967.12.2",
"inst": "u",
"f": {"lang": "sux",
"form": "x",
"pos": "u"}
}
,
{
"node": "d",
"type": "line-start",
"ref": "P227967.13",
"n": "3'",
"label": "r i 3'"}
,
{
"node": "l",
"frag": "kaš",
"id": "P227967.l271ad",
"ref": "P227967.13.1",
"inst": "kaš[beer]",
"sig": "@dcclt%sux:kaš=kaš[beer//beer]N'N$kaš/kaš#~",
"f": {"lang": "sux",
"form": "kaš",
"cf": "kaš",
"gw": "beer",
"sense": "beer",
"norm0": "kaš",
"pos": "N",
"epos": "N",
"base": "kaš",
"morph": "~"}
}
,
{
"node": "l",
"frag": "⸢ŋarza⸣",
"id": "P227967.l271ae",
"ref": "P227967.13.2",
"inst": "ŋarza[rites]",
"sig": "@dcclt%sux:ŋarza=ŋarza[rites//rites]N'N$ŋarza/ŋarza#~",
"f": {"lang": "sux",
"form": "ŋarza",
"cf": "ŋarza",
"gw": "rites",
"sense": "rites",
"norm0": "ŋarza",
"pos": "N",
"epos": "N",
"base": "ŋarza",
"morph": "~"}
}
,
{
"node": "d",
"type": "line-start",
"ref": "P227967.14",
"n": "4'",
"label": "r i 4'"}
,
{
"node": "l",
"frag": "{kaš}ulušin₃",
"id": "P227967.l271af",
"ref": "P227967.14.1",
"inst": "ulušin[beer]",
"sig": "@dcclt%sux:{kaš}ulušin₃=ulušin[beer//date-sweetened emmer-beer]N'N$ulušin/{kaš}ulušin₃#~",
"f": {"lang": "sux",
"form": "{kaš}ulušin₃",
"cf": "ulušin",
"gw": "beer",
"sense": "date-sweetened emmer-beer",
"norm0": "ulušin",
"pos": "N",
"epos": "N",
"base": "{kaš}ulušin₃",
"morph": "~"}
}
,
{
"node": "d",
"type": "line-start",
"ref": "P227967.15",
"n": "5'",
"label": "r i 5'"}
,
{
"node": "l",
"frag": "{kaš}ulušin₃",
"id": "P227967.l271b0",
"ref": "P227967.15.1",
"inst": "ulušin[beer]",
"sig": "@dcclt%sux:{kaš}ulušin₃=ulušin[beer//date-sweetened emmer-beer]N'N$ulušin/{kaš}ulušin₃#~",
"f": {"lang": "sux",
"form": "{kaš}ulušin₃",
"cf": "ulušin",
"gw": "beer",
"sense": "date-sweetened emmer-beer",
"norm0": "ulušin",
"pos": "N",
"epos": "N",
"base": "{kaš}ulušin₃",
"morph": "~"}
}
,
{
"node": "l",
"frag": "⸢mah⸣",
"id": "P227967.l271b1",
"ref": "P227967.15.2",
"inst": "mah[great]",
"sig": "@dcclt%sux:mah=mah[great//great]V/i'V/i$mah/mah#~",
"f": {"lang": "sux",
"form": "mah",
"cf": "mah",
"gw": "great",
"sense": "great",
"norm0": "mah",
"pos": "V/i",
"epos": "V/i",
"base": "mah",
"morph": "~"}
}
,
{
"node": "d",
"type": "line-start",
"ref": "P227967.16",
"n": "6'",
"label": "r i 6'"}
,
{
"node": "l",
"frag": "kaš",
"id": "P227967.l271b2",
"ref": "P227967.16.1",
"inst": "kaš[beer]",
"sig": "@dcclt%sux:kaš=kaš[beer//beer]N'N$kaš/kaš#~",
"f": {"lang": "sux",
"form": "kaš",
"cf": "kaš",
"gw": "beer",
"sense": "beer",
"norm0": "kaš",
"pos": "N",
"epos": "N",
"base": "kaš",
"morph": "~"}
}
,
{
"node": "l",
"frag": "ud",
"id": "P227967.l271b3",
"ref": "P227967.16.2",
"inst": "ud[sun]",
"sig": "@dcclt%sux:ud=ud[sun//sun]N'N$ud/ud#~",
"f": {"lang": "sux",
"form": "ud",
"cf": "ud",
"gw": "sun",
"sense": "sun",
"norm0": "ud",
"pos": "N",
"epos": "N",
"base": "ud",
"morph": "~"}
}
,
{
"node": "l",
"frag": "tab-ba",
"id": "P227967.l271b4",
"ref": "P227967.16.3",
"inst": "tab[double]",
"sig": "@dcclt%sux:tab-ba=tab[double//double]V/t'V/t$tab;a/tab+-ba=b.a#~;a",
"f": {"lang": "sux",
"form": "tab-ba",
"cf": "tab",
"gw": "double",
"sense": "double",
"norm0": "tab;a",
"pos": "V/t",
"epos": "V/t",
"base": "tab",
"cont": "-ba=b.a",
"morph": "~;a"}
}
,
{
"node": "d",
"type": "line-start",
"ref": "P227967.17",
"n": "7'",
"label": "r i 7'"}
,
{
"node": "l",
"frag": "⸢kaš⸣",
"id": "P227967.l271b5",
"ref": "P227967.17.1",
"inst": "kaš[beer]",
"sig": "@dcclt%sux:kaš=kaš[beer//beer]N'N$kaš/kaš#~",
"f": {"lang": "sux",
"form": "kaš",
"cf": "kaš",
"gw": "beer",
"sense": "beer",
"norm0": "kaš",
"pos": "N",
"epos": "N",
"base": "kaš",
"morph": "~"}
}
,
{
"node": "l",
"frag": "ud",
"id": "P227967.l271b6",
"ref": "P227967.17.2",
"inst": "ud[sun]",
"sig": "@dcclt%sux:ud=ud[sun//sun]N'N$ud/ud#~",
"f": {"lang": "sux",
"form": "ud",
"cf": "ud",
"gw": "sun",
"sense": "sun",
"norm0": "ud",
"pos": "N",
"epos": "N",
"base": "ud",
"morph": "~"}
}
,
{
"node": "l",
"frag": "sal-la",
"id": "P227967.l271b7",
"ref": "P227967.17.3",
"inst": "sal[thin]",
"sig": "@dcclt%sux:sal-la=sal[thin//thin]V/i'V/i$sal;a/sal+-la=l.a#~;a",
"f": {"lang": "sux",
"form": "sal-la",
"cf": "sal",
"gw": "thin",
"sense": "thin",
"norm0": "sal;a",
"pos": "V/i",
"epos": "V/i",
"base": "sal",
"cont": "-la=l.a",
"morph": "~;a"}
}
,
{
"node": "d",
"type": "nonx",
"ref": "P227967.18",
"strict": "1",
"extent": "1",
"scope": "line",
"state": "traces"}
]}
]}
]}
,
{
"linkbase": [{
"type": "linkset",
"xlink_title": "ninda nemurak[bread//kiln bread]N'N",
"id": "P227967.ls00000",
"xlink_type": "extended",
"xlink_role": "psu",
"sig": "{ninda ne-mur-ra = ninda[bread]N nimur[ashes]N += ninda nemurak[bread//kiln bread]N'N}::@dcclt%sux:ninda=ninda[bread//bread]N'N$ninda/ninda#~++@dcclt%sux:ne-mur-ra=nimur[ashes//ashes]N'N$nimur,ak/ne-mur+-ra=r.a#~,ak",
"links": [
{
"type": "link",
"xlink_title": "ninda",
"xlink_type": "locator",
"xlink_href": "#P227967.l271a2",
"xlink_role": "elt"}
,
{
"type": "link",
"xlink_title": "nimur",
"xlink_type": "locator",
"xlink_href": "#P227967.l271a3",
"xlink_role": "elt"}
]}
]}
]}
