{
"type": "cdl",
  "source": "http://oracc.org/dcclt",
  "license": "This data is released under the CC0 license",
  "license-url": "https://creativecommons.org/publicdomain/zero/1.0/",
  "more-info": "http://oracc.org/doc/opendata/",
  "UTC-timestamp": "2017-05-19T18:24:20",
"project": "dcclt",
"textid": "P227629",
"cdl": [
{
"node": "c",
"type": "text",
"id": "P227629.U0",
"cdl": [
{
"node": "d",
"type": "object",
"ref": ""}
,
{
"node": "d",
"type": "surface",
"ref": ""}
,
{
"node": "c",
"type": "discourse",
"subtype": "body",
"id": "P227629.U1",
"cdl": [
{
"node": "c",
"type": "sentence",
"id": "P227629.U2",
"label": "1 - r 13",
"cdl": [
{
"node": "d",
"type": "line-start",
"ref": "P227629.1",
"n": "1",
"label": "1"}
,
{
"node": "d",
"type": "cell-start"}
,
{
"node": "d",
"type": "field-start",
"subtype": "wp"}
,
{
"node": "l",
"frag": "kug-dim₂",
"id": "P227629.l0faea",
"ref": "P227629.1.1",
"inst": "kugdim[smith]",
"sig": "@dcclt%sux:kug-dim₂=kugdim[smith//gold or silver smith]N'N$kugdim/kug-dim₂#~",
"f": {"lang": "sux",
"form": "kug-dim₂",
"cf": "kugdim",
"gw": "smith",
"sense": "gold or silver smith",
"norm0": "kugdim",
"pos": "N",
"epos": "N",
"base": "kug-dim₂",
"morph": "~"}
}
,
{
"node": "d",
"type": "field-end",
"subtype": "wp"}
,
{
"node": "d",
"type": "cell-end"}
,
{
"node": "d",
"type": "cell-start"}
,
{
"node": "d",
"type": "field-start",
"subtype": "eq"}
,
{
"node": "l",
"frag": "ku-ti-mu-um",
"id": "P227629.l0faeb",
"ref": "P227629.1.2",
"inst": "kutīmu[goldsmith]N$kutīmum",
"sig": "@dcclt%akk-x-oldbab:ku-ti-mu-um=kutīmu[goldsmith//goldsmith]N'N$kutīmum",
"f": {"lang": "akk-x-oldbab",
"form": "ku-ti-mu-um",
"cf": "kutīmu",
"gw": "goldsmith",
"sense": "goldsmith",
"norm": "kutīmum",
"pos": "N",
"epos": "N"}
}
,
{
"node": "d",
"type": "field-end",
"subtype": "eq"}
,
{
"node": "d",
"type": "cell-end"}
,
{
"node": "d",
"type": "line-start",
"ref": "P227629.2",
"n": "2",
"label": "2"}
,
{
"node": "d",
"type": "cell-start"}
,
{
"node": "d",
"type": "field-start",
"subtype": "wp"}
,
{
"node": "l",
"frag": "za-dim₂",
"id": "P227629.l0faec",
"ref": "P227629.2.1",
"inst": "zadim[stone-cutter]",
"sig": "@dcclt%sux:za-dim₂=zadim[stone-cutter//stone-cutter]N'N$zadim/za-dim₂#~",
"f": {"lang": "sux",
"form": "za-dim₂",
"cf": "zadim",
"gw": "stone-cutter",
"sense": "stone-cutter",
"norm0": "zadim",
"pos": "N",
"epos": "N",
"base": "za-dim₂",
"morph": "~"}
}
,
{
"node": "d",
"type": "field-end",
"subtype": "wp"}
,
{
"node": "d",
"type": "cell-end"}
,
{
"node": "d",
"type": "cell-start"}
,
{
"node": "d",
"type": "field-start",
"subtype": "eq"}
,
{
"node": "l",
"frag": "za-di-mu-um",
"id": "P227629.l0faed",
"ref": "P227629.2.2",
"inst": "zadimmu[lapidary]N$zadimmum",
"sig": "@dcclt%akk-x-oldbab:za-di-mu-um=zadimmu[lapidary//lapidary]N'N$zadimmum",
"f": {"lang": "akk-x-oldbab",
"form": "za-di-mu-um",
"cf": "zadimmu",
"gw": "lapidary",
"sense": "lapidary",
"norm": "zadimmum",
"pos": "N",
"epos": "N"}
}
,
{
"node": "d",
"type": "field-end",
"subtype": "eq"}
,
{
"node": "d",
"type": "cell-end"}
,
{
"node": "d",
"type": "line-start",
"ref": "P227629.3",
"n": "3",
"label": "3"}
,
{
"node": "d",
"type": "cell-start"}
,
{
"node": "d",
"type": "field-start",
"subtype": "wp"}
,
{
"node": "c",
"type": "phrase",
"tag": "phr",
"id": "P227629.U4",
"ref": "P227629.ls00000",
"cdl": [
{
"node": "l",
"frag": "saŋ",
"id": "P227629.l0faee",
"ref": "P227629.3.1",
"inst": "saŋ[head]",
"sig": "@dcclt%sux:saŋ=saŋ[head//head]N'N$saŋ/saŋ#~",
"f": {"lang": "sux",
"form": "saŋ",
"cf": "saŋ",
"gw": "head",
"sense": "head",
"norm0": "saŋ",
"pos": "N",
"epos": "N",
"base": "saŋ",
"morph": "~"}
}
,
{
"node": "l",
"frag": "ŋa₂-ŋa₂",
"id": "P227629.l0faef",
"ref": "P227629.3.2",
"inst": "ŋal[be]",
"sig": "@dcclt%sux:ŋa₂-ŋa₂=ŋal[be//be]V/i'V/i$ŋal/ŋa₂-ŋa₂#~",
"f": {"lang": "sux",
"form": "ŋa₂-ŋa₂",
"cf": "ŋal",
"gw": "be",
"sense": "be",
"norm0": "ŋal",
"pos": "V/i",
"epos": "V/i",
"base": "ŋa₂-ŋa₂",
"morph": "~"}
}
]}
,
{
"node": "d",
"type": "field-end",
"subtype": "wp"}
,
{
"node": "d",
"type": "cell-end"}
,
{
"node": "d",
"type": "cell-start"}
,
{
"node": "d",
"type": "field-start",
"subtype": "eq"}
,
{
"node": "l",
"frag": "wa-ru-um",
"id": "P227629.l0faf0",
"ref": "P227629.3.3",
"inst": "wâru[go (up to)//advancing (against)]V'N$wârum",
"sig": "@dcclt%akk-x-oldbab:wa-ru-um=wâru[go (up to)//advancing (against)]V'N$wârum",
"f": {"lang": "akk-x-oldbab",
"form": "wa-ru-um",
"cf": "wâru",
"gw": "go (up to)",
"sense": "advancing (against)",
"norm": "wârum",
"pos": "V",
"epos": "N"}
}
,
{
"node": "d",
"type": "field-end",
"subtype": "eq"}
,
{
"node": "d",
"type": "cell-end"}
,
{
"node": "d",
"type": "line-start",
"ref": "P227629.4",
"n": "4",
"label": "4"}
,
{
"node": "d",
"type": "cell-start"}
,
{
"node": "d",
"type": "field-start",
"subtype": "wp"}
,
{
"node": "c",
"type": "phrase",
"tag": "phr",
"id": "P227629.U5",
"ref": "P227629.ls00001",
"cdl": [
{
"node": "l",
"frag": "saŋ",
"id": "P227629.l0faf1",
"ref": "P227629.4.1",
"inst": "saŋ[head]",
"sig": "@dcclt%sux:saŋ=saŋ[head//head]N'N$saŋ/saŋ#~",
"f": {"lang": "sux",
"form": "saŋ",
"cf": "saŋ",
"gw": "head",
"sense": "head",
"norm0": "saŋ",
"pos": "N",
"epos": "N",
"base": "saŋ",
"morph": "~"}
}
,
{
"node": "l",
"frag": "šum₂-mu",
"id": "P227629.l0faf2",
"ref": "P227629.4.2",
"inst": "šum[give]",
"sig": "@dcclt%sux:šum₂-mu=šum[give//give]V/t'V/t$šum;e/šum₂+-mu=m.u#~;e",
"f": {"lang": "sux",
"form": "šum₂-mu",
"cf": "šum",
"gw": "give",
"sense": "give",
"norm0": "šum;e",
"pos": "V/t",
"epos": "V/t",
"base": "šum₂",
"cont": "-mu=m.u",
"morph": "~;e"}
}
]}
,
{
"node": "d",
"type": "field-end",
"subtype": "wp"}
,
{
"node": "d",
"type": "cell-end"}
,
{
"node": "d",
"type": "cell-start"}
,
{
"node": "d",
"type": "field-start",
"subtype": "eq"}
,
{
"node": "l",
"frag": "he₂-a-šu-um",
"id": "P227629.l0faf3",
"ref": "P227629.4.3",
"inst": "hiāšu[hurry//hurrying]V'N$heāšum",
"sig": "@dcclt%akk-x-oldbab:he₂-a-šu-um=hiāšu[hurry//hurrying]V'N$heāšum",
"f": {"lang": "akk-x-oldbab",
"form": "he₂-a-šu-um",
"cf": "hiāšu",
"gw": "hurry",
"sense": "hurrying",
"norm": "heāšum",
"pos": "V",
"epos": "N"}
}
,
{
"node": "d",
"type": "field-end",
"subtype": "eq"}
,
{
"node": "d",
"type": "cell-end"}
,
{
"node": "d",
"type": "line-start",
"ref": "P227629.5",
"n": "5",
"label": "5"}
,
{
"node": "d",
"type": "cell-start"}
,
{
"node": "d",
"type": "field-start",
"subtype": "wp"}
,
{
"node": "l",
"frag": "⸢kug⸣-dun",
"id": "P227629.l0faf4",
"ref": "P227629.5.1",
"inst": "kugdun[profit]",
"sig": "@dcclt%sux:kug-dun=kugdun[profit//profit]N'N$kugdun/kug-dun#~",
"f": {"lang": "sux",
"form": "kug-dun",
"cf": "kugdun",
"gw": "profit",
"sense": "profit",
"norm0": "kugdun",
"pos": "N",
"epos": "N",
"base": "kug-dun",
"morph": "~"}
}
,
{
"node": "d",
"type": "field-end",
"subtype": "wp"}
,
{
"node": "d",
"type": "cell-end"}
,
{
"node": "d",
"type": "cell-start"}
,
{
"node": "d",
"type": "field-start",
"subtype": "eq"}
,
{
"node": "l",
"frag": "⸢ta-tur₂-ru⸣-um",
"id": "P227629.l0faf5",
"ref": "P227629.5.2",
"inst": "tattūru[superfluity//profit]N$tatturrum",
"sig": "@dcclt%akk-x-oldbab:ta-tur₂-ru-um=tattūru[superfluity//profit]N'N$tatturrum",
"f": {"lang": "akk-x-oldbab",
"form": "ta-tur₂-ru-um",
"cf": "tattūru",
"gw": "superfluity",
"sense": "profit",
"norm": "tatturrum",
"pos": "N",
"epos": "N"}
}
,
{
"node": "d",
"type": "field-end",
"subtype": "eq"}
,
{
"node": "d",
"type": "cell-end"}
,
{
"node": "d",
"type": "line-start",
"ref": "P227629.6",
"n": "6",
"label": "6"}
,
{
"node": "d",
"type": "cell-start"}
,
{
"node": "d",
"type": "field-start",
"subtype": "wp"}
,
{
"node": "l",
"frag": "hi-li",
"id": "P227629.l0faf6",
"ref": "P227629.6.1",
"inst": "hili[luxuriant]",
"sig": "@dcclt%sux:hi-li=hili[attractiveness//(to be) luxuriant]N'V/i$hili/hi-li#~",
"f": {"lang": "sux",
"form": "hi-li",
"cf": "hili",
"gw": "attractiveness",
"sense": "(to be) luxuriant",
"norm0": "hili",
"pos": "N",
"epos": "V/i",
"base": "hi-li",
"morph": "~"}
}
,
{
"node": "d",
"type": "field-end",
"subtype": "wp"}
,
{
"node": "d",
"type": "cell-end"}
,
{
"node": "d",
"type": "cell-start"}
,
{
"node": "d",
"type": "field-start",
"subtype": "eq"}
,
{
"node": "l",
"frag": "ku-uz₃-bu-⸢um⸣",
"id": "P227629.l0faf7",
"ref": "P227629.6.2",
"inst": "kuzbu[attractiveness//sex-appeal]N$kuzbum",
"sig": "@dcclt%akk-x-oldbab:ku-uz₃-bu-um=kuzbu[attractiveness//sex-appeal]N'N$kuzbum",
"f": {"lang": "akk-x-oldbab",
"form": "ku-uz₃-bu-um",
"cf": "kuzbu",
"gw": "attractiveness",
"sense": "sex-appeal",
"norm": "kuzbum",
"pos": "N",
"epos": "N"}
}
,
{
"node": "d",
"type": "field-end",
"subtype": "eq"}
,
{
"node": "d",
"type": "cell-end"}
,
{
"node": "d",
"type": "line-start",
"ref": "P227629.7",
"n": "7",
"label": "7"}
,
{
"node": "d",
"type": "cell-start"}
,
{
"node": "d",
"type": "field-start",
"subtype": "wp"}
,
{
"node": "l",
"frag": "ma-az",
"id": "P227629.l0faf8",
"ref": "P227629.7.1",
"inst": "maz[rejoice]",
"sig": "@dcclt%sux:ma-az=maz[swell//to swell, rejoice]V/t'V/t$maz/ma-az#~",
"f": {"lang": "sux",
"form": "ma-az",
"cf": "maz",
"gw": "swell",
"sense": "to swell, rejoice",
"norm0": "maz",
"pos": "V/t",
"epos": "V/t",
"base": "ma-az",
"morph": "~"}
}
,
{
"node": "d",
"type": "field-end",
"subtype": "wp"}
,
{
"node": "d",
"type": "cell-end"}
,
{
"node": "d",
"type": "cell-start"}
,
{
"node": "d",
"type": "field-start",
"subtype": "eq"}
,
{
"node": "l",
"frag": "u₃",
"id": "P227629.l0faf9",
"ref": "P227629.7.2",
"inst": "u[and]CNJ",
"sig": "@dcclt%akk-x-oldbab:u₃=u[and//and]CNJ'CNJ$u",
"f": {"lang": "akk-x-oldbab",
"form": "u₃",
"cf": "u",
"gw": "and",
"sense": "and",
"norm": "u",
"pos": "CNJ",
"epos": "CNJ"}
}
,
{
"node": "l",
"frag": "ul-ṣu₂-um",
"id": "P227629.l0fafa",
"ref": "P227629.7.3",
"inst": "ulṣu[pleasure]N$ulṣum",
"sig": "@dcclt%akk-x-oldbab:ul-ṣu₂-um=ulṣu[pleasure//pleasure]N'N$ulṣum",
"f": {"lang": "akk-x-oldbab",
"form": "ul-ṣu₂-um",
"cf": "ulṣu",
"gw": "pleasure",
"sense": "pleasure",
"norm": "ulṣum",
"pos": "N",
"epos": "N"}
}
,
{
"node": "d",
"type": "field-end",
"subtype": "eq"}
,
{
"node": "d",
"type": "cell-end"}
,
{
"node": "d",
"type": "line-start",
"ref": "P227629.8",
"n": "8",
"label": "8"}
,
{
"node": "d",
"type": "cell-start"}
,
{
"node": "d",
"type": "field-start",
"subtype": "wp"}
,
{
"node": "l",
"frag": "in",
"id": "P227629.l0fafb",
"ref": "P227629.8.1",
"inst": "in[abuse]",
"sig": "@dcclt%sux:in=in[abuse//abuse]N'N$in/in#~",
"f": {"lang": "sux",
"form": "in",
"cf": "in",
"gw": "abuse",
"sense": "abuse",
"norm0": "in",
"pos": "N",
"epos": "N",
"base": "in",
"morph": "~"}
}
,
{
"node": "d",
"type": "field-end",
"subtype": "wp"}
,
{
"node": "d",
"type": "cell-end"}
,
{
"node": "d",
"type": "cell-start"}
,
{
"node": "d",
"type": "field-start",
"subtype": "eq"}
,
{
"node": "l",
"frag": "pi-iš-tu-um",
"id": "P227629.l0fafc",
"ref": "P227629.8.2",
"inst": "pištu[abuse]N$pištum",
"sig": "@dcclt%akk-x-oldbab:pi-iš-tu-um=pištu[abuse//abuse]N'N$pištum",
"f": {"lang": "akk-x-oldbab",
"form": "pi-iš-tu-um",
"cf": "pištu",
"gw": "abuse",
"sense": "abuse",
"norm": "pištum",
"pos": "N",
"epos": "N"}
}
,
{
"node": "d",
"type": "field-end",
"subtype": "eq"}
,
{
"node": "d",
"type": "cell-end"}
,
{
"node": "d",
"type": "line-start",
"ref": "P227629.9",
"n": "9",
"label": "9"}
,
{
"node": "d",
"type": "cell-start"}
,
{
"node": "d",
"type": "field-start",
"subtype": "wp"}
,
{
"node": "l",
"frag": "aš₂",
"id": "P227629.l0fafd",
"ref": "P227629.9.1",
"inst": "aš[curse]",
"sig": "@dcclt%sux:aš₂=aš[curse//curse]N'N$aš/aš₂#~",
"f": {"lang": "sux",
"form": "aš₂",
"cf": "aš",
"gw": "curse",
"sense": "curse",
"norm0": "aš",
"pos": "N",
"epos": "N",
"base": "aš₂",
"morph": "~"}
}
,
{
"node": "d",
"type": "field-end",
"subtype": "wp"}
,
{
"node": "d",
"type": "cell-end"}
,
{
"node": "d",
"type": "cell-start"}
,
{
"node": "d",
"type": "field-start",
"subtype": "eq"}
,
{
"node": "l",
"frag": "e-re-tu-um",
"id": "P227629.l0fafe",
"ref": "P227629.9.2",
"inst": "erretu[curse]N$erretum",
"sig": "@dcclt%akk-x-oldbab:e-re-tu-um=erretu[curse//curse]N'N$erretum",
"f": {"lang": "akk-x-oldbab",
"form": "e-re-tu-um",
"cf": "erretu",
"gw": "curse",
"sense": "curse",
"norm": "erretum",
"pos": "N",
"epos": "N"}
}
,
{
"node": "d",
"type": "field-end",
"subtype": "eq"}
,
{
"node": "d",
"type": "cell-end"}
,
{
"node": "d",
"type": "line-start",
"ref": "P227629.10",
"n": "10",
"label": "10"}
,
{
"node": "d",
"type": "cell-start"}
,
{
"node": "d",
"type": "field-start",
"subtype": "wp"}
,
{
"node": "l",
"frag": "er₂",
"id": "P227629.l0faff",
"ref": "P227629.10.1",
"inst": "er[tears//lament]N",
"sig": "@dcclt%sux:er₂=er[tears//lament]N'N$er/er₂#~",
"f": {"lang": "sux",
"form": "er₂",
"cf": "er",
"gw": "tears",
"sense": "lament",
"norm0": "er",
"pos": "N",
"epos": "N",
"base": "er₂",
"morph": "~"}
}
,
{
"node": "l",
"frag": "gi-di-da",
"id": "P227629.l0fb00",
"ref": "P227629.10.2",
"inst": "gidid[instrument]",
"sig": "@dcclt%sux:gi-di-da=gidid[instrument//a musical instrument, reed flute]N'N$gidid,ak/gi-di+-da=d.a#~,ak",
"f": {"lang": "sux",
"form": "gi-di-da",
"cf": "gidid",
"gw": "instrument",
"sense": "a musical instrument, reed flute",
"norm0": "gidid,ak",
"pos": "N",
"epos": "N",
"base": "gi-di",
"cont": "-da=d.a",
"morph": "~,ak"}
}
,
{
"node": "d",
"type": "field-end",
"subtype": "wp"}
,
{
"node": "d",
"type": "cell-end"}
,
{
"node": "d",
"type": "cell-start"}
,
{
"node": "d",
"type": "field-start",
"subtype": "eq"}
,
{
"node": "l",
"frag": "ta-aq-ri-ib-ti",
"id": "P227629.l0fb01",
"ref": "P227629.10.3",
"inst": "taqribtu[(a ritual)//lament]N$taqribtum",
"sig": "@dcclt%akk-x-oldbab:ta-aq-ri-ib-ti=taqribtu[(a ritual)//lament]N'N$taqribtum",
"f": {"lang": "akk-x-oldbab",
"form": "ta-aq-ri-ib-ti",
"cf": "taqribtu",
"gw": "(a ritual)",
"sense": "lament",
"norm": "taqribtum",
"pos": "N",
"epos": "N"}
}
,
{
"node": "l",
"frag": "e-bu-bi-im",
"id": "P227629.l0fb02",
"ref": "P227629.10.4",
"inst": "ebbūbu[flute]N$ebbūbim",
"sig": "@dcclt%akk-x-oldbab:e-bu-bi-im=ebbūbu[flute//flute]N'N$ebbūbim",
"f": {"lang": "akk-x-oldbab",
"form": "e-bu-bi-im",
"cf": "ebbūbu",
"gw": "flute",
"sense": "flute",
"norm": "ebbūbim",
"pos": "N",
"epos": "N"}
}
,
{
"node": "d",
"type": "field-end",
"subtype": "eq"}
,
{
"node": "d",
"type": "cell-end"}
,
{
"node": "d",
"type": "line-start",
"ref": "P227629.11",
"n": "11",
"label": "11"}
,
{
"node": "d",
"type": "cell-start"}
,
{
"node": "d",
"type": "field-start",
"subtype": "wp"}
,
{
"node": "l",
"frag": "er₂",
"id": "P227629.l0fb03",
"ref": "P227629.11.1",
"inst": "er[lament]",
"sig": "@dcclt%sux:er₂=er[tears//lament]N'N$er/er₂#~",
"f": {"lang": "sux",
"form": "er₂",
"cf": "er",
"gw": "tears",
"sense": "lament",
"norm0": "er",
"pos": "N",
"epos": "N",
"base": "er₂",
"morph": "~"}
}
,
{
"node": "l",
"frag": "ša₃-ne-ša₄",
"id": "P227629.l0fb04",
"ref": "P227629.11.2",
"inst": "šaneša[supplication]",
"sig": "@dcclt%sux:ša₃-ne-ša₄=šaneša[supplication//supplication]N'N$šaneša/ša₃-ne-ša₄#~",
"f": {"lang": "sux",
"form": "ša₃-ne-ša₄",
"cf": "šaneša",
"gw": "supplication",
"sense": "supplication",
"norm0": "šaneša",
"pos": "N",
"epos": "N",
"base": "ša₃-ne-ša₄",
"morph": "~"}
}
,
{
"node": "d",
"type": "field-end",
"subtype": "wp"}
,
{
"node": "d",
"type": "cell-end"}
,
{
"node": "d",
"type": "cell-start"}
,
{
"node": "d",
"type": "field-start",
"subtype": "eq"}
,
{
"node": "l",
"frag": "ta-aq-<ri-ib-ti>",
"id": "P227629.l0fb05",
"ref": "P227629.11.3",
"inst": "taqribtum[lament]N",
"sig": "@dcclt%akk-x-oldbab:ta-aq-ri-ib-ti=taqribtu[(a ritual)//lament]N'N$taqribtum",
"f": {"lang": "akk-x-oldbab",
"form": "ta-aq-ri-ib-ti",
"cf": "taqribtu",
"gw": "(a ritual)",
"sense": "lament",
"norm": "taqribtum",
"pos": "N",
"epos": "N"}
}
,
{
"node": "l",
"frag": "ŠA₃.NE.ŠA₄",
"id": "P227629.l0fb06",
"ref": "P227629.11.4",
"inst": "unnīnu[supplication]N$unnīnim",
"sig": "@dcclt%akk-x-oldbab:ŠA₃.NE.ŠA₄=unnīnu[supplication//supplication]N'N$unnīnim",
"f": {"lang": "akk-x-oldbab",
"form": "ŠA₃.NE.ŠA₄",
"cf": "unnīnu",
"gw": "supplication",
"sense": "supplication",
"norm": "unnīnim",
"pos": "N",
"epos": "N"}
}
,
{
"node": "d",
"type": "field-end",
"subtype": "eq"}
,
{
"node": "d",
"type": "cell-end"}
,
{
"node": "d",
"type": "line-start",
"ref": "P227629.12",
"n": "12",
"label": "12"}
,
{
"node": "d",
"type": "cell-start"}
,
{
"node": "d",
"type": "field-start",
"subtype": "wp"}
,
{
"node": "l",
"frag": "gu₇-a",
"id": "P227629.l0fb07",
"ref": "P227629.12.1",
"inst": "gu[eat]",
"sig": "@dcclt%sux:gu₇-a=gu[eat//to eat, consume]V/t'V/t$gu;a/gu₇#~;a",
"f": {"lang": "sux",
"form": "gu₇-a",
"cf": "gu",
"gw": "eat",
"sense": "to eat, consume",
"norm0": "gu;a",
"pos": "V/t",
"epos": "V/t",
"base": "gu₇",
"morph": "~;a"}
}
,
{
"node": "d",
"type": "field-end",
"subtype": "wp"}
,
{
"node": "d",
"type": "cell-end"}
,
{
"node": "d",
"type": "cell-start"}
,
{
"node": "d",
"type": "field-start",
"subtype": "eq"}
,
{
"node": "l",
"frag": "a-ka-lum",
"id": "P227629.l0fb08",
"ref": "P227629.12.2",
"inst": "akālum[eating]'N",
"sig": "@dcclt%akk-x-oldbab:a-ka-lum=akālu[eat//eating]V'N$akālum",
"f": {"lang": "akk-x-oldbab",
"form": "a-ka-lum",
"cf": "akālu",
"gw": "eat",
"sense": "eating",
"norm": "akālum",
"pos": "V",
"epos": "N"}
}
,
{
"node": "d",
"type": "field-end",
"subtype": "eq"}
,
{
"node": "d",
"type": "cell-end"}
,
{
"node": "d",
"type": "line-start",
"ref": "P227629.13",
"n": "13",
"label": "13"}
,
{
"node": "d",
"type": "cell-start"}
,
{
"node": "d",
"type": "field-start",
"subtype": "wp"}
,
{
"node": "l",
"frag": "naŋ-a",
"id": "P227629.l0fb09",
"ref": "P227629.13.1",
"inst": "naŋ[drink]",
"sig": "@dcclt%sux:naŋ-a=naŋ[drink//drink]V/t'V/t$naŋ;a/naŋ#~;a",
"f": {"lang": "sux",
"form": "naŋ-a",
"cf": "naŋ",
"gw": "drink",
"sense": "drink",
"norm0": "naŋ;a",
"pos": "V/t",
"epos": "V/t",
"base": "naŋ",
"morph": "~;a"}
}
,
{
"node": "d",
"type": "field-end",
"subtype": "wp"}
,
{
"node": "d",
"type": "cell-end"}
,
{
"node": "d",
"type": "cell-start"}
,
{
"node": "d",
"type": "field-start",
"subtype": "eq"}
,
{
"node": "l",
"frag": "ša-tu-um",
"id": "P227629.l0fb0a",
"ref": "P227629.13.2",
"inst": "šatû[drink//drinking]V'N$šatûm",
"sig": "@dcclt%akk-x-oldbab:ša-tu-um=šatû[drink//drinking]V'N$šatûm",
"f": {"lang": "akk-x-oldbab",
"form": "ša-tu-um",
"cf": "šatû",
"gw": "drink",
"sense": "drinking",
"norm": "šatûm",
"pos": "V",
"epos": "N"}
}
,
{
"node": "d",
"type": "field-end",
"subtype": "eq"}
,
{
"node": "d",
"type": "cell-end"}
,
{
"node": "d",
"type": "line-start",
"ref": "P227629.14",
"n": "14",
"label": "14"}
,
{
"node": "d",
"type": "cell-start"}
,
{
"node": "d",
"type": "field-start",
"subtype": "wp"}
,
{
"node": "l",
"frag": "nar",
"id": "P227629.l0fb0b",
"ref": "P227629.14.1",
"inst": "nar[musician]",
"sig": "@dcclt%sux:nar=nar[musician//musician]N'N$nar/nar#~",
"f": {"lang": "sux",
"form": "nar",
"cf": "nar",
"gw": "musician",
"sense": "musician",
"norm0": "nar",
"pos": "N",
"epos": "N",
"base": "nar",
"morph": "~"}
}
,
{
"node": "d",
"type": "field-end",
"subtype": "wp"}
,
{
"node": "d",
"type": "cell-end"}
,
{
"node": "d",
"type": "cell-start"}
,
{
"node": "d",
"type": "field-start",
"subtype": "eq"}
,
{
"node": "l",
"frag": "na-ru-um",
"id": "P227629.l0fb0c",
"ref": "P227629.14.2",
"inst": "nāru[musician]N$nārum",
"sig": "@dcclt%akk-x-oldbab:na-ru-um=nāru[musician//musician]N'N$nārum",
"f": {"lang": "akk-x-oldbab",
"form": "na-ru-um",
"cf": "nāru",
"gw": "musician",
"sense": "musician",
"norm": "nārum",
"pos": "N",
"epos": "N"}
}
,
{
"node": "d",
"type": "field-end",
"subtype": "eq"}
,
{
"node": "d",
"type": "cell-end"}
,
{
"node": "d",
"subtype": "bottom",
"type": "surface",
"ref": "P227629.b.e..15",
"type": "bottom",
"label": "b.e."}
,
{
"node": "d",
"type": "line-start",
"ref": "P227629.16",
"n": "1",
"label": "b.e. 1"}
,
{
"node": "d",
"type": "cell-start"}
,
{
"node": "d",
"type": "field-start",
"subtype": "wp"}
,
{
"node": "l",
"frag": "nar-gal",
"id": "P227629.l0fb0d",
"ref": "P227629.16.1",
"inst": "nargal[musician]",
"sig": "@dcclt%sux:nar-gal=nargal[musician//chief musician]N'N$nargal/nar-gal#~",
"f": {"lang": "sux",
"form": "nar-gal",
"cf": "nargal",
"gw": "musician",
"sense": "chief musician",
"norm0": "nargal",
"pos": "N",
"epos": "N",
"base": "nar-gal",
"morph": "~"}
}
,
{
"node": "d",
"type": "field-end",
"subtype": "wp"}
,
{
"node": "d",
"type": "cell-end"}
,
{
"node": "d",
"type": "cell-start"}
,
{
"node": "d",
"type": "field-start",
"subtype": "eq"}
,
{
"node": "l",
"frag": "na-ar-gal-lu-um",
"id": "P227629.l0fb0e",
"ref": "P227629.16.2",
"inst": "nargallu[chief musician]N$nargallum",
"sig": "@dcclt%akk-x-oldbab:na-ar-gal-lu-um=nargallu[chief musician//chief musician]N'N$nargallum",
"f": {"lang": "akk-x-oldbab",
"form": "na-ar-gal-lu-um",
"cf": "nargallu",
"gw": "chief musician",
"sense": "chief musician",
"norm": "nargallum",
"pos": "N",
"epos": "N"}
}
,
{
"node": "d",
"type": "field-end",
"subtype": "eq"}
,
{
"node": "d",
"type": "cell-end"}
,
{
"node": "d",
"subtype": "reverse",
"type": "surface",
"ref": "P227629.r.17",
"type": "reverse",
"label": "r"}
,
{
"node": "d",
"type": "line-start",
"ref": "P227629.18",
"n": "1",
"label": "r 1"}
,
{
"node": "d",
"type": "cell-start"}
,
{
"node": "d",
"type": "field-start",
"subtype": "wp"}
,
{
"node": "l",
"frag": "du₇-du₇",
"id": "P227629.l0fb0f",
"ref": "P227629.18.1",
"inst": "du[push]",
"sig": "@dcclt%sux:du₇-du₇=du[push//to push, thrust, gore]V/t'V/t$du/du₇-du₇#~",
"f": {"lang": "sux",
"form": "du₇-du₇",
"cf": "du",
"gw": "push",
"sense": "to push, thrust, gore",
"norm0": "du",
"pos": "V/t",
"epos": "V/t",
"base": "du₇-du₇",
"morph": "~"}
}
,
{
"node": "d",
"type": "field-end",
"subtype": "wp"}
,
{
"node": "d",
"type": "cell-end"}
,
{
"node": "d",
"type": "cell-start"}
,
{
"node": "d",
"type": "field-start",
"subtype": "eq"}
,
{
"node": "l",
"frag": "e-le-pu-um",
"id": "P227629.l0fb10",
"ref": "P227629.18.2",
"inst": "elēpu[sprout//sprouting]V'N$elēpum",
"sig": "@dcclt%akk-x-oldbab:e-le-pu-um=elēpu[sprout//sprouting]V'N$elēpum",
"f": {"lang": "akk-x-oldbab",
"form": "e-le-pu-um",
"cf": "elēpu",
"gw": "sprout",
"sense": "sprouting",
"norm": "elēpum",
"pos": "V",
"epos": "N"}
}
,
{
"node": "d",
"type": "field-end",
"subtype": "eq"}
,
{
"node": "d",
"type": "cell-end"}
,
{
"node": "d",
"type": "line-start",
"ref": "P227629.19",
"n": "2",
"label": "r 2"}
,
{
"node": "d",
"type": "cell-start"}
,
{
"node": "d",
"type": "field-start",
"subtype": "wp"}
,
{
"node": "l",
"frag": "du₇-du₇",
"id": "P227629.l0fb11",
"ref": "P227629.19.1",
"inst": "du[whirl]",
"sig": "@dcclt%sux:du₇-du₇=du[whirl//to whirl]V/i'V/i$du/du₇-du₇#~",
"f": {"lang": "sux",
"form": "du₇-du₇",
"cf": "du",
"gw": "whirl",
"sense": "to whirl",
"norm0": "du",
"pos": "V/i",
"epos": "V/i",
"base": "du₇-du₇",
"morph": "~"}
}
,
{
"node": "d",
"type": "field-end",
"subtype": "wp"}
,
{
"node": "d",
"type": "cell-end"}
,
{
"node": "d",
"type": "cell-start"}
,
{
"node": "d",
"type": "field-start",
"subtype": "eq"}
,
{
"node": "l",
"frag": "sa₃-ba-hu-um",
"id": "P227629.l0fb12",
"ref": "P227629.19.2",
"inst": "sabāʾu[rock//rocking]V'N$sabāhum",
"sig": "@dcclt%akk-x-oldbab:sa₃-ba-hu-um=sabāʾu[rock//rocking]V'N$sabāhum",
"f": {"lang": "akk-x-oldbab",
"form": "sa₃-ba-hu-um",
"cf": "sabāʾu",
"gw": "rock",
"sense": "rocking",
"norm": "sabāhum",
"pos": "V",
"epos": "N"}
}
,
{
"node": "d",
"type": "field-end",
"subtype": "eq"}
,
{
"node": "d",
"type": "cell-end"}
,
{
"node": "d",
"type": "line-start",
"ref": "P227629.20",
"n": "3",
"label": "r 3"}
,
{
"node": "d",
"type": "cell-start"}
,
{
"node": "d",
"type": "field-start",
"subtype": "wp"}
,
{
"node": "l",
"frag": "du₇-du₇",
"id": "P227629.l0fb13",
"ref": "P227629.20.1",
"inst": "du[gore]",
"sig": "@dcclt%sux:du₇-du₇=du[push//to push, thrust, gore]V/t'V/t$du/du₇-du₇#~",
"f": {"lang": "sux",
"form": "du₇-du₇",
"cf": "du",
"gw": "push",
"sense": "to push, thrust, gore",
"norm0": "du",
"pos": "V/t",
"epos": "V/t",
"base": "du₇-du₇",
"morph": "~"}
}
,
{
"node": "d",
"type": "field-end",
"subtype": "wp"}
,
{
"node": "d",
"type": "cell-end"}
,
{
"node": "d",
"type": "cell-start"}
,
{
"node": "d",
"type": "field-start",
"subtype": "eq"}
,
{
"node": "l",
"frag": "i-it-ku-pu-um",
"id": "P227629.l0fb14",
"ref": "P227629.20.2",
"inst": "nakāpu[push//goring one another]V'N$itkupum",
"sig": "@dcclt%akk-x-oldbab:i-it-ku-pu-um=nakāpu[push//goring one another]V'N$itkupum",
"f": {"lang": "akk-x-oldbab",
"form": "i-it-ku-pu-um",
"cf": "nakāpu",
"gw": "push",
"sense": "goring one another",
"norm": "itkupum",
"pos": "V",
"epos": "N"}
}
,
{
"node": "d",
"type": "field-end",
"subtype": "eq"}
,
{
"node": "d",
"type": "cell-end"}
,
{
"node": "d",
"type": "line-start",
"ref": "P227629.21",
"n": "4",
"label": "r 4"}
,
{
"node": "d",
"type": "cell-start"}
,
{
"node": "d",
"type": "field-start",
"subtype": "wp"}
,
{
"node": "l",
"frag": "du₇-du₇",
"id": "P227629.l0fb15",
"ref": "P227629.21.1",
"inst": "du[whirl]",
"sig": "@dcclt%sux:du₇-du₇=du[whirl//to whirl]V/i'V/i$du/du₇-du₇#~",
"f": {"lang": "sux",
"form": "du₇-du₇",
"cf": "du",
"gw": "whirl",
"sense": "to whirl",
"norm0": "du",
"pos": "V/i",
"epos": "V/i",
"base": "du₇-du₇",
"morph": "~"}
}
,
{
"node": "d",
"type": "field-end",
"subtype": "wp"}
,
{
"node": "d",
"type": "cell-end"}
,
{
"node": "d",
"type": "cell-start"}
,
{
"node": "d",
"type": "field-start",
"subtype": "eq"}
,
{
"node": "l",
"frag": "sa-ru-um",
"id": "P227629.l0fb16",
"ref": "P227629.21.2",
"inst": "sâru[rotate//whirling]V'N$sârum",
"sig": "@dcclt%akk-x-oldbab:sa-ru-um=sâru[rotate//whirling]V'N$sârum",
"f": {"lang": "akk-x-oldbab",
"form": "sa-ru-um",
"cf": "sâru",
"gw": "rotate",
"sense": "whirling",
"norm": "sârum",
"pos": "V",
"epos": "N"}
}
,
{
"node": "d",
"type": "field-end",
"subtype": "eq"}
,
{
"node": "d",
"type": "cell-end"}
,
{
"node": "d",
"type": "line-start",
"ref": "P227629.22",
"n": "5",
"label": "r 5"}
,
{
"node": "d",
"type": "cell-start"}
,
{
"node": "d",
"type": "field-start",
"subtype": "wp"}
,
{
"node": "l",
"frag": "ki",
"id": "P227629.l0fb17",
"ref": "P227629.22.1",
"inst": "ki[place]",
"sig": "@dcclt%sux:ki=ki[place//place]N'N$ki/ki#~",
"f": {"lang": "sux",
"form": "ki",
"cf": "ki",
"gw": "place",
"sense": "place",
"norm0": "ki",
"pos": "N",
"epos": "N",
"base": "ki",
"morph": "~"}
}
,
{
"node": "l",
"frag": "maš₂-anše",
"id": "P227629.l0fb18",
"ref": "P227629.22.2",
"inst": "mašanše[animals]",
"sig": "@dcclt%sux:maš₂-anše=mašanše[animals//animals, livestock]N'N$mašanše/maš₂-anše#~",
"f": {"lang": "sux",
"form": "maš₂-anše",
"cf": "mašanše",
"gw": "animals",
"sense": "animals, livestock",
"norm0": "mašanše",
"pos": "N",
"epos": "N",
"base": "maš₂-anše",
"morph": "~"}
}
,
{
"node": "l",
"frag": "gu₇-a",
"id": "P227629.l0fb19",
"ref": "P227629.22.3",
"inst": "gu[eat]",
"sig": "@dcclt%sux:gu₇-a=gu[eat//to eat, consume]V/t'V/t$gu;a/gu₇#~;a",
"f": {"lang": "sux",
"form": "gu₇-a",
"cf": "gu",
"gw": "eat",
"sense": "to eat, consume",
"norm0": "gu;a",
"pos": "V/t",
"epos": "V/t",
"base": "gu₇",
"morph": "~;a"}
}
,
{
"node": "d",
"type": "field-end",
"subtype": "wp"}
,
{
"node": "d",
"type": "cell-end"}
,
{
"node": "d",
"type": "cell-start"}
,
{
"node": "d",
"type": "field-start",
"subtype": "eq"}
,
{
"node": "l",
"frag": "a-šar",
"id": "P227629.l0fb1a",
"ref": "P227629.22.4",
"inst": "ašar[where]SBJ",
"sig": "@dcclt%akk-x-oldbab:a-šar=ašar[where//where]SBJ'SBJ$ašar",
"f": {"lang": "akk-x-oldbab",
"form": "a-šar",
"cf": "ašar",
"gw": "where",
"sense": "where",
"norm": "ašar",
"pos": "SBJ",
"epos": "SBJ"}
}
,
{
"node": "l",
"frag": "bu-lu-um",
"id": "P227629.l0fb1b",
"ref": "P227629.22.5",
"inst": "būlu[animals//livestock]N$būlum",
"sig": "@dcclt%akk-x-oldbab:bu-lu-um=būlu[animals//livestock]N'N$būlum",
"f": {"lang": "akk-x-oldbab",
"form": "bu-lu-um",
"cf": "būlu",
"gw": "animals",
"sense": "livestock",
"norm": "būlum",
"pos": "N",
"epos": "N"}
}
,
{
"node": "l",
"frag": "i-ku-lu",
"id": "P227629.l0fb1c",
"ref": "P227629.22.6",
"inst": "īkulu[eat]V",
"sig": "@dcclt%akk-x-oldbab:i-ku-lu=akālu[eat//eat]V'V$īkulu",
"f": {"lang": "akk-x-oldbab",
"form": "i-ku-lu",
"cf": "akālu",
"gw": "eat",
"sense": "eat",
"norm": "īkulu",
"pos": "V",
"epos": "V"}
}
,
{
"node": "d",
"type": "field-end",
"subtype": "eq"}
,
{
"node": "d",
"type": "cell-end"}
,
{
"node": "d",
"type": "line-start",
"ref": "P227629.23",
"n": "6",
"label": "r 6"}
,
{
"node": "d",
"type": "cell-start"}
,
{
"node": "d",
"type": "field-start",
"subtype": "wp"}
,
{
"node": "l",
"frag": "ki",
"id": "P227629.l0fb1d",
"ref": "P227629.23.1",
"inst": "ki[place]",
"sig": "@dcclt%sux:ki=ki[place//place]N'N$ki/ki#~",
"f": {"lang": "sux",
"form": "ki",
"cf": "ki",
"gw": "place",
"sense": "place",
"norm0": "ki",
"pos": "N",
"epos": "N",
"base": "ki",
"morph": "~"}
}
,
{
"node": "l",
"frag": "maš₂-anše",
"id": "P227629.l0fb1e",
"ref": "P227629.23.2",
"inst": "mašanše[animals]",
"sig": "@dcclt%sux:maš₂-anše=mašanše[animals//animals, livestock]N'N$mašanše/maš₂-anše#~",
"f": {"lang": "sux",
"form": "maš₂-anše",
"cf": "mašanše",
"gw": "animals",
"sense": "animals, livestock",
"norm0": "mašanše",
"pos": "N",
"epos": "N",
"base": "maš₂-anše",
"morph": "~"}
}
,
{
"node": "l",
"frag": "naŋ-a",
"id": "P227629.l0fb1f",
"ref": "P227629.23.3",
"inst": "naŋ[drink]",
"sig": "@dcclt%sux:naŋ-a=naŋ[drink//drink]V/t'V/t$naŋ;a/naŋ#~;a",
"f": {"lang": "sux",
"form": "naŋ-a",
"cf": "naŋ",
"gw": "drink",
"sense": "drink",
"norm0": "naŋ;a",
"pos": "V/t",
"epos": "V/t",
"base": "naŋ",
"morph": "~;a"}
}
,
{
"node": "d",
"type": "field-end",
"subtype": "wp"}
,
{
"node": "d",
"type": "cell-end"}
,
{
"node": "d",
"type": "cell-start"}
,
{
"node": "d",
"type": "field-start",
"subtype": "eq"}
,
{
"node": "l",
"frag": "a-šar",
"id": "P227629.l0fb20",
"ref": "P227629.23.4",
"inst": "ašar[where]SBJ",
"sig": "@dcclt%akk-x-oldbab:a-šar=ašar[where//where]SBJ'SBJ$ašar",
"f": {"lang": "akk-x-oldbab",
"form": "a-šar",
"cf": "ašar",
"gw": "where",
"sense": "where",
"norm": "ašar",
"pos": "SBJ",
"epos": "SBJ"}
}
,
{
"node": "l",
"frag": "bu-lu-um",
"id": "P227629.l0fb21",
"ref": "P227629.23.5",
"inst": "būlum[livestock]N",
"sig": "@dcclt%akk-x-oldbab:bu-lu-um=būlu[animals//livestock]N'N$būlum",
"f": {"lang": "akk-x-oldbab",
"form": "bu-lu-um",
"cf": "būlu",
"gw": "animals",
"sense": "livestock",
"norm": "būlum",
"pos": "N",
"epos": "N"}
}
,
{
"node": "l",
"frag": "iš-tu-u₂",
"id": "P227629.l0fb22",
"ref": "P227629.23.6",
"inst": "ištû[drink]V",
"sig": "@dcclt%akk-x-oldbab:iš-tu-u₂=šatû[drink//drink]V'V$ištû",
"f": {"lang": "akk-x-oldbab",
"form": "iš-tu-u₂",
"cf": "šatû",
"gw": "drink",
"sense": "drink",
"norm": "ištû",
"pos": "V",
"epos": "V"}
}
,
{
"node": "d",
"type": "field-end",
"subtype": "eq"}
,
{
"node": "d",
"type": "cell-end"}
,
{
"node": "d",
"type": "line-start",
"ref": "P227629.24",
"n": "7",
"label": "r 7"}
,
{
"node": "d",
"type": "cell-start"}
,
{
"node": "d",
"type": "field-start",
"subtype": "wp"}
,
{
"node": "l",
"frag": "lu₂",
"id": "P227629.l0fb23",
"ref": "P227629.24.1",
"inst": "lu[person]",
"sig": "@dcclt%sux:lu₂=lu[person//person]N'N$lu/lu₂#~",
"f": {"lang": "sux",
"form": "lu₂",
"cf": "lu",
"gw": "person",
"sense": "person",
"norm0": "lu",
"pos": "N",
"epos": "N",
"base": "lu₂",
"morph": "~"}
}
,
{
"node": "l",
"frag": "tug₂-tug₂",
"id": "P227629.l0fb24",
"ref": "P227629.24.2",
"inst": "tug[textile]",
"sig": "@dcclt%sux:tug₂-tug₂=tug[textile//textile]N'N$tug/tug₂-tug₂#~",
"f": {"lang": "sux",
"form": "tug₂-tug₂",
"cf": "tug",
"gw": "textile",
"sense": "textile",
"norm0": "tug",
"pos": "N",
"epos": "N",
"base": "tug₂-tug₂",
"morph": "~"}
}
,
{
"node": "l",
"frag": "bala",
"id": "P227629.l0fb25",
"ref": "P227629.24.3",
"inst": "bala[turn]",
"sig": "@dcclt%sux:bala=bala[turn//turn]V/t'V/t$bala/bala#~",
"f": {"lang": "sux",
"form": "bala",
"cf": "bala",
"gw": "turn",
"sense": "turn",
"norm0": "bala",
"pos": "V/t",
"epos": "V/t",
"base": "bala",
"morph": "~"}
}
,
{
"node": "d",
"type": "field-end",
"subtype": "wp"}
,
{
"node": "d",
"type": "cell-end"}
,
{
"node": "d",
"type": "cell-start"}
,
{
"node": "d",
"type": "field-start",
"subtype": "eq"}
,
{
"node": "l",
"frag": "ka-pi-šum",
"id": "P227629.l0fb26",
"ref": "P227629.24.4",
"inst": "kāpišu[(a cultic performer)]N$kāpišum",
"sig": "@dcclt%akk-x-oldbab:ka-pi-šum=kāpišu[(a cultic performer)//(a cultic performer)]N'N$kāpišum",
"f": {"lang": "akk-x-oldbab",
"form": "ka-pi-šum",
"cf": "kāpišu",
"gw": "(a cultic performer)",
"sense": "(a cultic performer)",
"norm": "kāpišum",
"pos": "N",
"epos": "N"}
}
,
{
"node": "d",
"type": "field-end",
"subtype": "eq"}
,
{
"node": "d",
"type": "cell-end"}
,
{
"node": "d",
"type": "line-start",
"ref": "P227629.25",
"n": "8",
"label": "r 8"}
,
{
"node": "d",
"type": "cell-start"}
,
{
"node": "d",
"type": "field-start",
"subtype": "wp"}
,
{
"node": "l",
"frag": "munus",
"id": "P227629.l0fb27",
"ref": "P227629.25.1",
"inst": "munus[woman]",
"sig": "@dcclt%sux:munus=munus[woman//woman]N'N$munus/munus#~",
"f": {"lang": "sux",
"form": "munus",
"cf": "munus",
"gw": "woman",
"sense": "woman",
"norm0": "munus",
"pos": "N",
"epos": "N",
"base": "munus",
"morph": "~"}
}
,
{
"node": "l",
"frag": "lu₂",
"id": "P227629.l0fb28",
"ref": "P227629.25.2",
"inst": "lu[person]",
"sig": "@dcclt%sux:lu₂=lu[person//person]N'N$lu/lu₂#~",
"f": {"lang": "sux",
"form": "lu₂",
"cf": "lu",
"gw": "person",
"sense": "person",
"norm0": "lu",
"pos": "N",
"epos": "N",
"base": "lu₂",
"morph": "~"}
}
,
{
"node": "l",
"frag": "tug₂-tug₂",
"id": "P227629.l0fb29",
"ref": "P227629.25.3",
"inst": "tug[textile]",
"sig": "@dcclt%sux:tug₂-tug₂=tug[textile//textile]N'N$tug/tug₂-tug₂#~",
"f": {"lang": "sux",
"form": "tug₂-tug₂",
"cf": "tug",
"gw": "textile",
"sense": "textile",
"norm0": "tug",
"pos": "N",
"epos": "N",
"base": "tug₂-tug₂",
"morph": "~"}
}
,
{
"node": "l",
"frag": "bala",
"id": "P227629.l0fb2a",
"ref": "P227629.25.4",
"inst": "bala[turn]",
"sig": "@dcclt%sux:bala=bala[turn//turn]V/t'V/t$bala/bala#~",
"f": {"lang": "sux",
"form": "bala",
"cf": "bala",
"gw": "turn",
"sense": "turn",
"norm0": "bala",
"pos": "V/t",
"epos": "V/t",
"base": "bala",
"morph": "~"}
}
,
{
"node": "d",
"type": "field-end",
"subtype": "wp"}
,
{
"node": "d",
"type": "cell-end"}
,
{
"node": "d",
"type": "cell-start"}
,
{
"node": "d",
"type": "field-start",
"subtype": "eq"}
,
{
"node": "l",
"frag": "ka-pi-iš-tum",
"id": "P227629.l0fb2b",
"ref": "P227629.25.5",
"inst": "kāpišu[(a cultic performer)]N$kāpištum",
"sig": "@dcclt%akk-x-oldbab:ka-pi-iš-tum=kāpišu[(a cultic performer)//(a cultic performer)]N'N$kāpištum",
"f": {"lang": "akk-x-oldbab",
"form": "ka-pi-iš-tum",
"cf": "kāpišu",
"gw": "(a cultic performer)",
"sense": "(a cultic performer)",
"norm": "kāpištum",
"pos": "N",
"epos": "N"}
}
,
{
"node": "d",
"type": "field-end",
"subtype": "eq"}
,
{
"node": "d",
"type": "cell-end"}
,
{
"node": "d",
"type": "line-start",
"ref": "P227629.26",
"n": "9",
"label": "r 9"}
,
{
"node": "d",
"type": "cell-start"}
,
{
"node": "d",
"type": "field-start",
"subtype": "wp"}
,
{
"node": "l",
"frag": "saŋ",
"id": "P227629.l0fb2c",
"ref": "P227629.26.1",
"inst": "saŋ[head]",
"sig": "@dcclt%sux:saŋ=saŋ[head//head]N'N$saŋ/saŋ#~",
"f": {"lang": "sux",
"form": "saŋ",
"cf": "saŋ",
"gw": "head",
"sense": "head",
"norm0": "saŋ",
"pos": "N",
"epos": "N",
"base": "saŋ",
"morph": "~"}
}
,
{
"node": "d",
"type": "field-end",
"subtype": "wp"}
,
{
"node": "d",
"type": "cell-end"}
,
{
"node": "d",
"type": "cell-start"}
,
{
"node": "d",
"type": "field-start",
"subtype": "eq"}
,
{
"node": "l",
"frag": "pu-tum",
"id": "P227629.l0fb2d",
"ref": "P227629.26.2",
"inst": "pūtu[forehead//width]N$pūtum",
"sig": "@dcclt%akk-x-oldbab:pu-tum=pūtu[forehead//width]N'N$pūtum",
"f": {"lang": "akk-x-oldbab",
"form": "pu-tum",
"cf": "pūtu",
"gw": "forehead",
"sense": "width",
"norm": "pūtum",
"pos": "N",
"epos": "N"}
}
,
{
"node": "d",
"type": "field-end",
"subtype": "eq"}
,
{
"node": "d",
"type": "cell-end"}
,
{
"node": "d",
"type": "line-start",
"ref": "P227629.27",
"n": "10",
"label": "r 10"}
,
{
"node": "d",
"type": "cell-start"}
,
{
"node": "d",
"type": "field-start",
"subtype": "wp"}
,
{
"node": "l",
"frag": "us₂",
"id": "P227629.l0fb2e",
"ref": "P227629.27.1",
"inst": "us[side]",
"sig": "@dcclt%sux:us₂=us[side//side, edge]N'N$us/us₂#~",
"f": {"lang": "sux",
"form": "us₂",
"cf": "us",
"gw": "side",
"sense": "side, edge",
"norm0": "us",
"pos": "N",
"epos": "N",
"base": "us₂",
"morph": "~"}
}
,
{
"node": "d",
"type": "field-end",
"subtype": "wp"}
,
{
"node": "d",
"type": "cell-end"}
,
{
"node": "d",
"type": "cell-start"}
,
{
"node": "d",
"type": "field-start",
"subtype": "eq"}
,
{
"node": "l",
"frag": "ši-du-um",
"id": "P227629.l0fb2f",
"ref": "P227629.27.2",
"inst": "šiddu[length]N$šiddum",
"sig": "@dcclt%akk-x-oldbab:ši-du-um=šiddu[length//length]N'N$šiddum",
"f": {"lang": "akk-x-oldbab",
"form": "ši-du-um",
"cf": "šiddu",
"gw": "length",
"sense": "length",
"norm": "šiddum",
"pos": "N",
"epos": "N"}
}
,
{
"node": "d",
"type": "field-end",
"subtype": "eq"}
,
{
"node": "d",
"type": "cell-end"}
,
{
"node": "d",
"type": "line-start",
"ref": "P227629.28",
"n": "11",
"label": "r 11"}
,
{
"node": "d",
"type": "cell-start"}
,
{
"node": "d",
"type": "field-start",
"subtype": "wp"}
,
{
"node": "l",
"frag": "lib₄-lib₄",
"id": "P227629.l0fb30",
"ref": "P227629.28.1",
"inst": "liblib[plunderer]",
"sig": "@dcclt%sux:lib₄-lib₄=liblib[plunderer//plunderer]N'N$liblib/lib₄-lib₄#~",
"f": {"lang": "sux",
"form": "lib₄-lib₄",
"cf": "liblib",
"gw": "plunderer",
"sense": "plunderer",
"norm0": "liblib",
"pos": "N",
"epos": "N",
"base": "lib₄-lib₄",
"morph": "~"}
}
,
{
"node": "d",
"type": "field-end",
"subtype": "wp"}
,
{
"node": "d",
"type": "cell-end"}
,
{
"node": "d",
"type": "cell-start"}
,
{
"node": "d",
"type": "field-start",
"subtype": "eq"}
,
{
"node": "l",
"frag": "ša-ra-qum",
"id": "P227629.l0fb31",
"ref": "P227629.28.2",
"inst": "šarrāqu[thief]N$šarrāqum",
"sig": "@dcclt%akk-x-oldbab:ša-ra-qum=šarrāqu[thief//thief]N'N$šarrāqum",
"f": {"lang": "akk-x-oldbab",
"form": "ša-ra-qum",
"cf": "šarrāqu",
"gw": "thief",
"sense": "thief",
"norm": "šarrāqum",
"pos": "N",
"epos": "N"}
}
,
{
"node": "d",
"type": "field-end",
"subtype": "eq"}
,
{
"node": "d",
"type": "cell-end"}
,
{
"node": "d",
"type": "line-start",
"ref": "P227629.29",
"n": "12",
"label": "r 12"}
,
{
"node": "d",
"type": "cell-start"}
,
{
"node": "d",
"type": "field-start",
"subtype": "wp"}
,
{
"node": "l",
"frag": "IGI-IGI-IGI",
"id": "P227629.l0fb32",
"ref": "P227629.29.1",
"inst": "IGI.IGI.IGI[thief]",
"sig": "@dcclt%sux:IGI-IGI-IGI=IGI.IGI.IGI[thief//thief]N'N$IGI.IGI.IGI/IGI-IGI-IGI#~",
"f": {"lang": "sux",
"form": "IGI-IGI-IGI",
"cf": "IGI.IGI.IGI",
"gw": "thief",
"sense": "thief",
"norm0": "IGI.IGI.IGI",
"pos": "N",
"epos": "N",
"base": "IGI-IGI-IGI",
"morph": "~"}
}
,
{
"node": "d",
"type": "field-end",
"subtype": "wp"}
,
{
"node": "d",
"type": "cell-end"}
,
{
"node": "d",
"type": "cell-start"}
,
{
"node": "d",
"type": "field-start",
"subtype": "eq"}
,
{
"node": "l",
"frag": "mu-ta-ah-li-lu-um",
"id": "P227629.l0fb33",
"ref": "P227629.29.2",
"inst": "muttahallilu[roaming around//vagabond]N$muttahlilum",
"sig": "@dcclt%akk-x-oldbab:mu-ta-ah-li-lu-um=muttahallilu[roaming around//vagabond]N'N$muttahlilum",
"f": {"lang": "akk-x-oldbab",
"form": "mu-ta-ah-li-lu-um",
"cf": "muttahallilu",
"gw": "roaming around",
"sense": "vagabond",
"norm": "muttahlilum",
"pos": "N",
"epos": "N"}
}
,
{
"node": "d",
"type": "field-end",
"subtype": "eq"}
,
{
"node": "d",
"type": "cell-end"}
,
{
"node": "d",
"type": "nonx",
"ref": "P227629.30",
"strict": "1",
"extent": "2",
"scope": "line",
"state": "ruling"}
,
{
"node": "d",
"type": "line-start",
"ref": "P227629.31",
"n": "13",
"label": "r 13"}
,
{
"node": "d",
"type": "cell-start"}
,
{
"node": "l",
"frag": "bur-gul",
"id": "P227629.l0fb34",
"ref": "P227629.31.1",
"inst": "burgul[stone-cutter]",
"sig": "@dcclt%sux:bur-gul=burgul[stone-cutter//stone-cutter]N'N$burgul/bur-gul#~",
"f": {"lang": "sux",
"form": "bur-gul",
"cf": "burgul",
"gw": "stone-cutter",
"sense": "stone-cutter",
"norm0": "burgul",
"pos": "N",
"epos": "N",
"base": "bur-gul",
"morph": "~"}
}
,
{
"node": "d",
"type": "cell-end"}
]}
]}
]}
,
{
"linkbase": [{
"type": "linkset",
"xlink_title": "saŋ ŋal[advance//to advance against, to oppose, to attack]V/t'V/t",
"id": "P227629.ls00000",
"xlink_type": "extended",
"xlink_role": "psu",
"sig": "{saŋ ŋa₂-ŋa₂ = saŋ[head]N ŋal[be]V/i += saŋ ŋal[advance//to advance against, to oppose, to attack]V/t'V/t}::@dcclt%sux:saŋ=saŋ[head//head]N'N$saŋ/saŋ#~++@dcclt%sux:ŋa₂-ŋa₂=ŋal[be//be]V/i'V/i$ŋal/ŋa₂-ŋa₂#~",
"links": [
{
"type": "link",
"xlink_title": "saŋ",
"xlink_type": "locator",
"xlink_href": "#P227629.l0faee",
"xlink_role": "elt"}
,
{
"type": "link",
"xlink_title": "ŋal",
"xlink_type": "locator",
"xlink_href": "#P227629.l0faef",
"xlink_role": "elt"}
]}
,
{
"type": "linkset",
"xlink_title": "saŋ šum[oppose//to oppose, go against]V/t'V/t",
"id": "P227629.ls00001",
"xlink_type": "extended",
"xlink_role": "psu",
"sig": "{saŋ šum₂-mu = saŋ[head]N šum[give]V/t += saŋ šum[oppose//to oppose, go against]V/t'V/t}::@dcclt%sux:saŋ=saŋ[head//head]N'N$saŋ/saŋ#~++@dcclt%sux:šum₂-mu=šum[give//to give]V/t'V/t$šum;e/šum₂+-mu=m.u#~;e",
"links": [
{
"type": "link",
"xlink_title": "saŋ",
"xlink_type": "locator",
"xlink_href": "#P227629.l0faf1",
"xlink_role": "elt"}
,
{
"type": "link",
"xlink_title": "šum",
"xlink_type": "locator",
"xlink_href": "#P227629.l0faf2",
"xlink_role": "elt"}
]}
]}
]}
