{
"type": "cdl",
  "source": "http://oracc.org/dcclt",
  "license": "This data is released under the CC0 license",
  "license-url": "https://creativecommons.org/publicdomain/zero/1.0/",
  "more-info": "http://oracc.org/doc/opendata/",
  "UTC-timestamp": "2017-05-19T18:24:24",
"project": "dcclt",
"textid": "P227909",
"cdl": [
{
"node": "c",
"type": "text",
"id": "P227909.U0",
"cdl": [
{
"node": "d",
"subtype": "tablet",
"type": "object",
"ref": "P227909.x970.1",
"type": "tablet",
"label": "x970"}
,
{
"node": "d",
"subtype": "obverse",
"type": "surface",
"ref": "P227909.o.2",
"type": "obverse",
"label": "o"}
,
{
"node": "d",
"subtype": "column 1o",
"type": "column",
"ref": "P227909.o.i.3",
"n": "1",
"label": "o i"}
,
{
"node": "c",
"type": "discourse",
"subtype": "body",
"id": "P227909.U1",
"cdl": [
{
"node": "c",
"type": "sentence",
"id": "P227909.U2",
"label": "o i 1' - r v 8'",
"cdl": [
{
"node": "d",
"type": "line-start",
"ref": "P227909.4",
"n": "1'",
"label": "o i 1'"}
,
{
"node": "l",
"frag": "{na₄}[...]",
"id": "P227909.l23fc8",
"ref": "P227909.4.1",
"inst": "u",
"f": {"lang": "sux",
"form": "{na₄}x",
"pos": "u"}
}
,
{
"node": "d",
"type": "line-start",
"ref": "P227909.5",
"n": "2'",
"label": "o i 2'"}
,
{
"node": "l",
"frag": "{na₄}[...]",
"id": "P227909.l23fc9",
"ref": "P227909.5.1",
"inst": "u",
"f": {"lang": "sux",
"form": "{na₄}x",
"pos": "u"}
}
,
{
"node": "d",
"type": "line-start",
"ref": "P227909.6",
"n": "3'",
"label": "o i 3'"}
,
{
"node": "l",
"frag": "{na₄}niŋ₂-[...]",
"id": "P227909.l23fca",
"ref": "P227909.6.1",
"inst": "u",
"f": {"lang": "sux",
"form": "{na₄}niŋ₂-x",
"pos": "u"}
}
,
{
"node": "d",
"type": "line-start",
"ref": "P227909.7",
"n": "4'",
"label": "o i 4'"}
,
{
"node": "l",
"frag": "{na₄}{d}[lama",
"id": "P227909.l23fcb",
"ref": "P227909.7.1",
"inst": "lammar[deity]",
"sig": "@dcclt%sux:{na₄}{d}lama=lammar[deity//(female) tutelary deity]N'N$lammar/{na₄}{d}lama#~",
"f": {"lang": "sux",
"form": "{na₄}{d}lama",
"cf": "lammar",
"gw": "deity",
"sense": "(female) tutelary deity",
"norm0": "lammar",
"pos": "N",
"epos": "N",
"base": "{na₄}{d}lama",
"morph": "~"}
}
,
{
"node": "l",
"frag": "za-gin₃]",
"id": "P227909.l23fcc",
"ref": "P227909.7.2",
"inst": "zagin[lapis]",
"sig": "@dcclt%sux:za-gin₃=zagin[lapis//lapis lazuli]N'N$zagin/za-gin₃#~",
"f": {"lang": "sux",
"form": "za-gin₃",
"cf": "zagin",
"gw": "lapis",
"sense": "lapis lazuli",
"norm0": "zagin",
"pos": "N",
"epos": "N",
"base": "za-gin₃",
"morph": "~"}
}
,
{
"node": "d",
"type": "line-start",
"ref": "P227909.8",
"n": "5'",
"label": "o i 5'"}
,
{
"node": "l",
"frag": "{na₄}igi",
"id": "P227909.l23fcd",
"ref": "P227909.8.1",
"inst": "igi[eye]",
"sig": "@dcclt%sux:{na₄}igi=igi[eye//eye]N'N$igi/{na₄}igi#~",
"f": {"lang": "sux",
"form": "{na₄}igi",
"cf": "igi",
"gw": "eye",
"sense": "eye",
"norm0": "igi",
"pos": "N",
"epos": "N",
"base": "{na₄}igi",
"morph": "~"}
}
,
{
"node": "l",
"frag": "[za-gin₃]",
"id": "P227909.l23fce",
"ref": "P227909.8.2",
"inst": "zagin[lapis]",
"sig": "@dcclt%sux:za-gin₃=zagin[lapis//lapis lazuli]N'N$zagin/za-gin₃#~",
"f": {"lang": "sux",
"form": "za-gin₃",
"cf": "zagin",
"gw": "lapis",
"sense": "lapis lazuli",
"norm0": "zagin",
"pos": "N",
"epos": "N",
"base": "za-gin₃",
"morph": "~"}
}
,
{
"node": "d",
"type": "line-start",
"ref": "P227909.9",
"n": "6'",
"label": "o i 6'"}
,
{
"node": "l",
"frag": "{na₄}sig₇-igi",
"id": "P227909.l23fcf",
"ref": "P227909.9.1",
"inst": "sigigi[eyebrow]",
"sig": "@dcclt%sux:{na₄}sig₇-igi=sigigi[eyebrow//eyebrow, arch]N'N$sigigi/{na₄}sig₇-igi#~",
"f": {"lang": "sux",
"form": "{na₄}sig₇-igi",
"cf": "sigigi",
"gw": "eyebrow",
"sense": "eyebrow, arch",
"norm0": "sigigi",
"pos": "N",
"epos": "N",
"base": "{na₄}sig₇-igi",
"morph": "~"}
}
,
{
"node": "l",
"frag": "[za-gin₃]",
"id": "P227909.l23fd0",
"ref": "P227909.9.2",
"inst": "zagin[lapis]",
"sig": "@dcclt%sux:za-gin₃=zagin[lapis//lapis lazuli]N'N$zagin/za-gin₃#~",
"f": {"lang": "sux",
"form": "za-gin₃",
"cf": "zagin",
"gw": "lapis",
"sense": "lapis lazuli",
"norm0": "zagin",
"pos": "N",
"epos": "N",
"base": "za-gin₃",
"morph": "~"}
}
,
{
"node": "d",
"type": "line-start",
"ref": "P227909.10",
"n": "7'",
"label": "o i 7'"}
,
{
"node": "l",
"frag": "{na₄}sum₄",
"id": "P227909.l23fd1",
"ref": "P227909.10.1",
"inst": "sum[beard]",
"sig": "@dcclt%sux:{na₄}sum₄=sum[beard//beard]N'N$sum/{na₄}sum₄#~",
"f": {"lang": "sux",
"form": "{na₄}sum₄",
"cf": "sum",
"gw": "beard",
"sense": "beard",
"norm0": "sum",
"pos": "N",
"epos": "N",
"base": "{na₄}sum₄",
"morph": "~"}
}
,
{
"node": "l",
"frag": "[za-gin₃]",
"id": "P227909.l23fd2",
"ref": "P227909.10.2",
"inst": "zagin[lapis]",
"sig": "@dcclt%sux:za-gin₃=zagin[lapis//lapis lazuli]N'N$zagin/za-gin₃#~",
"f": {"lang": "sux",
"form": "za-gin₃",
"cf": "zagin",
"gw": "lapis",
"sense": "lapis lazuli",
"norm0": "zagin",
"pos": "N",
"epos": "N",
"base": "za-gin₃",
"morph": "~"}
}
,
{
"node": "d",
"type": "line-start",
"ref": "P227909.11",
"n": "8'",
"label": "o i 8'"}
,
{
"node": "l",
"frag": "{na₄}alan",
"id": "P227909.l23fd3",
"ref": "P227909.11.1",
"inst": "alan[statue]",
"sig": "@dcclt%sux:{na₄}alan=alan[statue//statue]N'N$alan/{na₄}alan#~",
"f": {"lang": "sux",
"form": "{na₄}alan",
"cf": "alan",
"gw": "statue",
"sense": "statue",
"norm0": "alan",
"pos": "N",
"epos": "N",
"base": "{na₄}alan",
"morph": "~"}
}
,
{
"node": "l",
"frag": "⸢za⸣-[gin₃]",
"id": "P227909.l23fd4",
"ref": "P227909.11.2",
"inst": "zagin[lapis]",
"sig": "@dcclt%sux:za-gin₃=zagin[lapis//lapis lazuli]N'N$zagin/za-gin₃#~",
"f": {"lang": "sux",
"form": "za-gin₃",
"cf": "zagin",
"gw": "lapis",
"sense": "lapis lazuli",
"norm0": "zagin",
"pos": "N",
"epos": "N",
"base": "za-gin₃",
"morph": "~"}
}
,
{
"node": "d",
"type": "line-start",
"ref": "P227909.12",
"n": "9'",
"label": "o i 9'"}
,
{
"node": "l",
"frag": "{⸢na₄}hu⸣-wa-wa",
"id": "P227909.l23fd5",
"ref": "P227909.12.1",
"inst": "huwawa[monster]",
"sig": "@dcclt%sux:{na₄}hu-wa-wa=huwawa[monster//monster]N'N$huwawa/{na₄}hu-wa-wa#~",
"f": {"lang": "sux",
"form": "{na₄}hu-wa-wa",
"cf": "huwawa",
"gw": "monster",
"sense": "monster",
"norm0": "huwawa",
"pos": "N",
"epos": "N",
"base": "{na₄}hu-wa-wa",
"morph": "~"}
}
,
{
"node": "l",
"frag": "za-gin₃",
"id": "P227909.l23fd6",
"ref": "P227909.12.2",
"inst": "zagin[lapis]",
"sig": "@dcclt%sux:za-gin₃=zagin[lapis//lapis lazuli]N'N$zagin/za-gin₃#~",
"f": {"lang": "sux",
"form": "za-gin₃",
"cf": "zagin",
"gw": "lapis",
"sense": "lapis lazuli",
"norm0": "zagin",
"pos": "N",
"epos": "N",
"base": "za-gin₃",
"morph": "~"}
}
,
{
"node": "d",
"type": "line-start",
"ref": "P227909.13",
"n": "10'",
"label": "o i 10'"}
,
{
"node": "l",
"frag": "{na₄}bi₂-za-za",
"id": "P227909.l23fd7",
"ref": "P227909.13.1",
"inst": "bizaza[frog]",
"sig": "@dcclt%sux:{na₄}bi₂-za-za=bizaza[frog//frog]N'N$bizaza/{na₄}bi₂-za-za#~",
"f": {"lang": "sux",
"form": "{na₄}bi₂-za-za",
"cf": "bizaza",
"gw": "frog",
"sense": "frog",
"norm0": "bizaza",
"pos": "N",
"epos": "N",
"base": "{na₄}bi₂-za-za",
"morph": "~"}
}
,
{
"node": "l",
"frag": "za-gin₃",
"id": "P227909.l23fd8",
"ref": "P227909.13.2",
"inst": "zagin[lapis]",
"sig": "@dcclt%sux:za-gin₃=zagin[lapis//lapis lazuli]N'N$zagin/za-gin₃#~",
"f": {"lang": "sux",
"form": "za-gin₃",
"cf": "zagin",
"gw": "lapis",
"sense": "lapis lazuli",
"norm0": "zagin",
"pos": "N",
"epos": "N",
"base": "za-gin₃",
"morph": "~"}
}
,
{
"node": "d",
"type": "line-start",
"ref": "P227909.14",
"n": "11'",
"label": "o i 11'"}
,
{
"node": "l",
"frag": "{na₄}{d}bibra",
"id": "P227909.l23fd9",
"ref": "P227909.14.1",
"inst": "bibra[vessel]N/{na₄}{d}bibra#~",
"sig": "@dcclt%sux:{na₄}{d}bibra=bibra[vessel//vessel]N'N$bibra/{na₄}{d}bibra#~",
"f": {"lang": "sux",
"form": "{na₄}{d}bibra",
"cf": "bibra",
"gw": "vessel",
"sense": "vessel",
"norm0": "bibra",
"pos": "N",
"epos": "N",
"base": "{na₄}{d}bibra",
"morph": "~"}
}
,
{
"node": "l",
"frag": "za-gin₃",
"id": "P227909.l23fda",
"ref": "P227909.14.2",
"inst": "zagin[lapis]",
"sig": "@dcclt%sux:za-gin₃=zagin[lapis//lapis lazuli]N'N$zagin/za-gin₃#~",
"f": {"lang": "sux",
"form": "za-gin₃",
"cf": "zagin",
"gw": "lapis",
"sense": "lapis lazuli",
"norm0": "zagin",
"pos": "N",
"epos": "N",
"base": "za-gin₃",
"morph": "~"}
}
,
{
"node": "d",
"type": "line-start",
"ref": "P227909.15",
"n": "12'",
"label": "o i 12'"}
,
{
"node": "l",
"frag": "{na₄}kišib",
"id": "P227909.l23fdb",
"ref": "P227909.15.1",
"inst": "kišib[seal]",
"sig": "@dcclt%sux:{na₄}kišib=kišib[seal//cylinder seal, sealed tablet]N'N$kišib/{na₄}kišib#~",
"f": {"lang": "sux",
"form": "{na₄}kišib",
"cf": "kišib",
"gw": "seal",
"sense": "cylinder seal, sealed tablet",
"norm0": "kišib",
"pos": "N",
"epos": "N",
"base": "{na₄}kišib",
"morph": "~"}
}
,
{
"node": "l",
"frag": "za-gin₃",
"id": "P227909.l23fdc",
"ref": "P227909.15.2",
"inst": "zagin[lapis]",
"sig": "@dcclt%sux:za-gin₃=zagin[lapis//lapis lazuli]N'N$zagin/za-gin₃#~",
"f": {"lang": "sux",
"form": "za-gin₃",
"cf": "zagin",
"gw": "lapis",
"sense": "lapis lazuli",
"norm0": "zagin",
"pos": "N",
"epos": "N",
"base": "za-gin₃",
"morph": "~"}
}
,
{
"node": "d",
"type": "line-start",
"ref": "P227909.16",
"n": "13'",
"label": "o i 13'"}
,
{
"node": "l",
"frag": "{na₄}lagab",
"id": "P227909.l23fdd",
"ref": "P227909.16.1",
"inst": "lagab[block]",
"sig": "@dcclt%sux:{na₄}lagab=lagab[block//block]N'N$lagab/{na₄}lagab#~",
"f": {"lang": "sux",
"form": "{na₄}lagab",
"cf": "lagab",
"gw": "block",
"sense": "block",
"norm0": "lagab",
"pos": "N",
"epos": "N",
"base": "{na₄}lagab",
"morph": "~"}
}
,
{
"node": "l",
"frag": "za-gin₃",
"id": "P227909.l23fde",
"ref": "P227909.16.2",
"inst": "zagin[lapis]",
"sig": "@dcclt%sux:za-gin₃=zagin[lapis//lapis lazuli]N'N$zagin/za-gin₃#~",
"f": {"lang": "sux",
"form": "za-gin₃",
"cf": "zagin",
"gw": "lapis",
"sense": "lapis lazuli",
"norm0": "zagin",
"pos": "N",
"epos": "N",
"base": "za-gin₃",
"morph": "~"}
}
,
{
"node": "d",
"type": "line-start",
"ref": "P227909.17",
"n": "14'",
"label": "o i 14'"}
,
{
"node": "l",
"frag": "{na₄}ellaŋ₂",
"id": "P227909.l23fdf",
"ref": "P227909.17.1",
"inst": "ellaŋ[bead]",
"sig": "@dcclt%sux:{na₄}ellaŋ₂=ellaŋ[bead//bead]N'N$ellaŋ/{na₄}ellaŋ₂#~",
"f": {"lang": "sux",
"form": "{na₄}ellaŋ₂",
"cf": "ellaŋ",
"gw": "bead",
"sense": "bead",
"norm0": "ellaŋ",
"pos": "N",
"epos": "N",
"base": "{na₄}ellaŋ₂",
"morph": "~"}
}
,
{
"node": "l",
"frag": "za-gin₃",
"id": "P227909.l23fe0",
"ref": "P227909.17.2",
"inst": "zagin[lapis]",
"sig": "@dcclt%sux:za-gin₃=zagin[lapis//lapis lazuli]N'N$zagin/za-gin₃#~",
"f": {"lang": "sux",
"form": "za-gin₃",
"cf": "zagin",
"gw": "lapis",
"sense": "lapis lazuli",
"norm0": "zagin",
"pos": "N",
"epos": "N",
"base": "za-gin₃",
"morph": "~"}
}
,
{
"node": "d",
"type": "line-start",
"ref": "P227909.18",
"n": "15'",
"label": "o i 15'"}
,
{
"node": "l",
"frag": "{na₄}za-<gin₃>",
"id": "P227909.l23fe1",
"ref": "P227909.18.1",
"inst": "zagin[lapis]",
"sig": "@dcclt%sux:{na₄}za-gin₃=zagin[lapis//lapis lazuli]N'N$zagin/{na₄}za-gin₃#~",
"f": {"lang": "sux",
"form": "{na₄}za-gin₃",
"cf": "zagin",
"gw": "lapis",
"sense": "lapis lazuli",
"norm0": "zagin",
"pos": "N",
"epos": "N",
"base": "{na₄}za-gin₃",
"morph": "~"}
}
,
{
"node": "l",
"frag": "⸢dur⸣",
"id": "P227909.l23fe2",
"ref": "P227909.18.2",
"inst": "X",
"f": {"lang": "sux",
"form": "dur",
"pos": "X"}
}
,
{
"node": "d",
"type": "line-start",
"ref": "P227909.19",
"n": "16'",
"label": "o i 16'"}
,
{
"node": "l",
"frag": "{na₄}⸢gug⸣",
"id": "P227909.l23fe3",
"ref": "P227909.19.1",
"inst": "gug[carnelian]",
"sig": "@dcclt%sux:{na₄}gug=gug[carnelian//carnelian]N'N$gug/{na₄}gug#~",
"f": {"lang": "sux",
"form": "{na₄}gug",
"cf": "gug",
"gw": "carnelian",
"sense": "carnelian",
"norm0": "gug",
"pos": "N",
"epos": "N",
"base": "{na₄}gug",
"morph": "~"}
}
,
{
"node": "d",
"type": "line-start",
"ref": "P227909.20",
"n": "17'",
"label": "o i 17'"}
,
{
"node": "l",
"frag": "{na₄}gug",
"id": "P227909.l23fe4",
"ref": "P227909.20.1",
"inst": "gug[carnelian]",
"sig": "@dcclt%sux:{na₄}gug=gug[carnelian//carnelian]N'N$gug/{na₄}gug#~",
"f": {"lang": "sux",
"form": "{na₄}gug",
"cf": "gug",
"gw": "carnelian",
"sense": "carnelian",
"norm0": "gug",
"pos": "N",
"epos": "N",
"base": "{na₄}gug",
"morph": "~"}
}
,
{
"node": "l",
"frag": "⸢gazi⸣",
"id": "P227909.l23fe5",
"ref": "P227909.20.2",
"inst": "gazi[condiment]",
"sig": "@dcclt%sux:gazi=gazi[condiment//condiment]N'N$gazi/gazi#~",
"f": {"lang": "sux",
"form": "gazi",
"cf": "gazi",
"gw": "condiment",
"sense": "condiment",
"norm0": "gazi",
"pos": "N",
"epos": "N",
"base": "gazi",
"morph": "~"}
}
,
{
"node": "d",
"type": "line-start",
"ref": "P227909.21",
"n": "18'",
"label": "o i 18'"}
,
{
"node": "l",
"frag": "{[na₄]}⸢gug⸣",
"id": "P227909.l23fe6",
"ref": "P227909.21.1",
"inst": "gug[carnelian]",
"sig": "@dcclt%sux:{na₄}gug=gug[carnelian//carnelian]N'N$gug/{na₄}gug#~",
"f": {"lang": "sux",
"form": "{na₄}gug",
"cf": "gug",
"gw": "carnelian",
"sense": "carnelian",
"norm0": "gug",
"pos": "N",
"epos": "N",
"base": "{na₄}gug",
"morph": "~"}
}
,
{
"node": "l",
"frag": "šu-me-[...]",
"id": "P227909.l23fe7",
"ref": "P227909.21.2",
"inst": "u",
"f": {"lang": "sux",
"form": "šu-me-x",
"pos": "u"}
}
,
{
"node": "d",
"type": "line-start",
"ref": "P227909.22",
"n": "19'",
"label": "o i 19'"}
,
{
"node": "l",
"frag": "{[na₄}gug]",
"id": "P227909.l23fe8",
"ref": "P227909.22.1",
"inst": "gug[carnelian]",
"sig": "@dcclt%sux:{na₄}gug=gug[carnelian//carnelian]N'N$gug/{na₄}gug#~",
"f": {"lang": "sux",
"form": "{na₄}gug",
"cf": "gug",
"gw": "carnelian",
"sense": "carnelian",
"norm0": "gug",
"pos": "N",
"epos": "N",
"base": "{na₄}gug",
"morph": "~"}
}
,
{
"node": "l",
"frag": "⸢gid₂⸣-[da]",
"id": "P227909.l23fe9",
"ref": "P227909.22.2",
"inst": "gid[long]",
"sig": "@dcclt%sux:gid₂-da=gid[long//(to be) long]V/i'V/i$gid;a/gid₂+-da=d.a#~;a",
"f": {"lang": "sux",
"form": "gid₂-da",
"cf": "gid",
"gw": "long",
"sense": "(to be) long",
"norm0": "gid;a",
"pos": "V/i",
"epos": "V/i",
"base": "gid₂",
"cont": "-da=d.a",
"morph": "~;a"}
}
,
{
"node": "d",
"subtype": "column 2o",
"type": "column",
"ref": "P227909.o.ii.23",
"n": "2",
"label": "o ii"}
,
{
"node": "d",
"type": "line-start",
"ref": "P227909.24",
"n": "1",
"label": "o ii 1"}
,
{
"node": "l",
"frag": "{na₄}dur-ul₃",
"id": "P227909.l23fea",
"ref": "P227909.24.1",
"inst": "durul[stone]",
"sig": "@dcclt%sux:{na₄}dur-ul₃=durul[stone//stone]N'N$durul/{na₄}dur-ul₃#~",
"f": {"lang": "sux",
"form": "{na₄}dur-ul₃",
"cf": "durul",
"gw": "stone",
"sense": "stone",
"norm0": "durul",
"pos": "N",
"epos": "N",
"base": "{na₄}dur-ul₃",
"morph": "~"}
}
,
{
"node": "d",
"type": "line-start",
"ref": "P227909.25",
"n": "2",
"label": "o ii 2"}
,
{
"node": "l",
"frag": "{na₄}kišib",
"id": "P227909.l23feb",
"ref": "P227909.25.1",
"inst": "kišib[seal]",
"sig": "@dcclt%sux:{na₄}kišib=kišib[seal//cylinder seal, sealed tablet]N'N$kišib/{na₄}kišib#~",
"f": {"lang": "sux",
"form": "{na₄}kišib",
"cf": "kišib",
"gw": "seal",
"sense": "cylinder seal, sealed tablet",
"norm0": "kišib",
"pos": "N",
"epos": "N",
"base": "{na₄}kišib",
"morph": "~"}
}
,
{
"node": "l",
"frag": "dur-ul₃",
"id": "P227909.l23fec",
"ref": "P227909.25.2",
"inst": "durul[stone]",
"sig": "@dcclt%sux:dur-ul₃=durul[stone//stone]N'N$durul/dur-ul₃#~",
"f": {"lang": "sux",
"form": "dur-ul₃",
"cf": "durul",
"gw": "stone",
"sense": "stone",
"norm0": "durul",
"pos": "N",
"epos": "N",
"base": "dur-ul₃",
"morph": "~"}
}
,
{
"node": "d",
"type": "line-start",
"ref": "P227909.26",
"n": "3",
"label": "o ii 3"}
,
{
"node": "l",
"frag": "{na₄}lagab",
"id": "P227909.l23fed",
"ref": "P227909.26.1",
"inst": "lagab[block]",
"sig": "@dcclt%sux:{na₄}lagab=lagab[block//block]N'N$lagab/{na₄}lagab#~",
"f": {"lang": "sux",
"form": "{na₄}lagab",
"cf": "lagab",
"gw": "block",
"sense": "block",
"norm0": "lagab",
"pos": "N",
"epos": "N",
"base": "{na₄}lagab",
"morph": "~"}
}
,
{
"node": "l",
"frag": "dur-ul₃",
"id": "P227909.l23fee",
"ref": "P227909.26.2",
"inst": "durul[stone]",
"sig": "@dcclt%sux:dur-ul₃=durul[stone//stone]N'N$durul/dur-ul₃#~",
"f": {"lang": "sux",
"form": "dur-ul₃",
"cf": "durul",
"gw": "stone",
"sense": "stone",
"norm0": "durul",
"pos": "N",
"epos": "N",
"base": "dur-ul₃",
"morph": "~"}
}
,
{
"node": "d",
"type": "line-start",
"ref": "P227909.27",
"n": "4",
"label": "o ii 4"}
,
{
"node": "l",
"frag": "{na₄}an-zu-gul-me",
"id": "P227909.l23fef",
"ref": "P227909.27.1",
"inst": "anzugulme[stone]",
"sig": "@dcclt%sux:{na₄}an-zu-gul-me=anzugulme[stone//stone]N'N$anzugulme/{na₄}an-zu-gul-me#~",
"f": {"lang": "sux",
"form": "{na₄}an-zu-gul-me",
"cf": "anzugulme",
"gw": "stone",
"sense": "stone",
"norm0": "anzugulme",
"pos": "N",
"epos": "N",
"base": "{na₄}an-zu-gul-me",
"morph": "~"}
}
,
{
"node": "d",
"type": "line-start",
"ref": "P227909.28",
"n": "5",
"label": "o ii 5"}
,
{
"node": "l",
"frag": "{na₄}kišib",
"id": "P227909.l23ff0",
"ref": "P227909.28.1",
"inst": "kišib[seal]",
"sig": "@dcclt%sux:{na₄}kišib=kišib[seal//cylinder seal, sealed tablet]N'N$kišib/{na₄}kišib#~",
"f": {"lang": "sux",
"form": "{na₄}kišib",
"cf": "kišib",
"gw": "seal",
"sense": "cylinder seal, sealed tablet",
"norm0": "kišib",
"pos": "N",
"epos": "N",
"base": "{na₄}kišib",
"morph": "~"}
}
,
{
"node": "l",
"frag": "an-zu-gul-me",
"id": "P227909.l23ff1",
"ref": "P227909.28.2",
"inst": "anzugulme[stone]N/an-zu-gul-me#~",
"sig": "@dcclt%sux:an-zu-gul-me=anzugulme[stone//stone]N'N$anzugulme/an-zu-gul-me#~",
"f": {"lang": "sux",
"form": "an-zu-gul-me",
"cf": "anzugulme",
"gw": "stone",
"sense": "stone",
"norm0": "anzugulme",
"pos": "N",
"epos": "N",
"base": "an-zu-gul-me",
"morph": "~"}
}
,
{
"node": "d",
"type": "line-start",
"ref": "P227909.29",
"n": "6",
"label": "o ii 6"}
,
{
"node": "l",
"frag": "{⸢na₄}lagab⸣",
"id": "P227909.l23ff2",
"ref": "P227909.29.1",
"inst": "lagab[block]",
"sig": "@dcclt%sux:{na₄}lagab=lagab[block//block]N'N$lagab/{na₄}lagab#~",
"f": {"lang": "sux",
"form": "{na₄}lagab",
"cf": "lagab",
"gw": "block",
"sense": "block",
"norm0": "lagab",
"pos": "N",
"epos": "N",
"base": "{na₄}lagab",
"morph": "~"}
}
,
{
"node": "l",
"frag": "an-zu-gul-me",
"id": "P227909.l23ff3",
"ref": "P227909.29.2",
"inst": "anzugulme[stone]",
"sig": "@dcclt%sux:an-zu-gul-me=anzugulme[stone//stone]N'N$anzugulme/an-zu-gul-me#~",
"f": {"lang": "sux",
"form": "an-zu-gul-me",
"cf": "anzugulme",
"gw": "stone",
"sense": "stone",
"norm0": "anzugulme",
"pos": "N",
"epos": "N",
"base": "an-zu-gul-me",
"morph": "~"}
}
,
{
"node": "d",
"type": "nonx",
"ref": "P227909.30",
"strict": "1",
"extent": "rest",
"scope": "column",
"state": "missing"}
,
{
"node": "d",
"subtype": "column 3o",
"type": "column",
"ref": "P227909.o.iii.31",
"n": "3",
"label": "o iii"}
,
{
"node": "d",
"type": "line-start",
"ref": "P227909.32",
"n": "1",
"label": "o iii 1"}
,
{
"node": "l",
"frag": "na₄",
"id": "P227909.l23ff4",
"ref": "P227909.32.1",
"inst": "na[stone]",
"sig": "@dcclt%sux:na₄=na[stone//stone]N'N$na/na₄#~",
"f": {"lang": "sux",
"form": "na₄",
"cf": "na",
"gw": "stone",
"sense": "stone",
"norm0": "na",
"pos": "N",
"epos": "N",
"base": "na₄",
"morph": "~"}
}
,
{
"node": "l",
"frag": "aš",
"id": "P227909.l23ff5",
"ref": "P227909.32.2",
"inst": "aš[one]",
"sig": "@dcclt%sux:aš=aš[one//one]NU'NU$aš/aš#~",
"f": {"lang": "sux",
"form": "aš",
"cf": "aš",
"gw": "one",
"sense": "one",
"norm0": "aš",
"pos": "NU",
"epos": "NU",
"base": "aš",
"morph": "~"}
}
,
{
"node": "l",
"frag": "gun₂",
"id": "P227909.l23ff6",
"ref": "P227909.32.3",
"inst": "gun[load]",
"sig": "@dcclt%sux:gun₂=gun[load//load]N'N$gun/gun₂#~",
"f": {"lang": "sux",
"form": "gun₂",
"cf": "gun",
"gw": "load",
"sense": "load",
"norm0": "gun",
"pos": "N",
"epos": "N",
"base": "gun₂",
"morph": "~"}
}
,
{
"node": "d",
"type": "line-start",
"ref": "P227909.33",
"n": "2",
"label": "o iii 2"}
,
{
"node": "l",
"frag": "na₄",
"id": "P227909.l23ff7",
"ref": "P227909.33.1",
"inst": "na[stone]",
"sig": "@dcclt%sux:na₄=na[stone//stone]N'N$na/na₄#~",
"f": {"lang": "sux",
"form": "na₄",
"cf": "na",
"gw": "stone",
"sense": "stone",
"norm0": "na",
"pos": "N",
"epos": "N",
"base": "na₄",
"morph": "~"}
}
,
{
"node": "l",
"frag": "ušu₃",
"id": "P227909.l23ff8",
"ref": "P227909.33.2",
"inst": "ušu[thirty]",
"sig": "@dcclt%sux:ušu₃=ušu[thirty//thirty]NU'NU$ušu/ušu₃#~",
"f": {"lang": "sux",
"form": "ušu₃",
"cf": "ušu",
"gw": "thirty",
"sense": "thirty",
"norm0": "ušu",
"pos": "NU",
"epos": "NU",
"base": "ušu₃",
"morph": "~"}
}
,
{
"node": "l",
"frag": "ma-na",
"id": "P227909.l23ff9",
"ref": "P227909.33.3",
"inst": "mana[unit]",
"sig": "@dcclt%sux:ma-na=mana[unit//a unit of weight]N'N$mana/ma-na#~",
"f": {"lang": "sux",
"form": "ma-na",
"cf": "mana",
"gw": "unit",
"sense": "a unit of weight",
"norm0": "mana",
"pos": "N",
"epos": "N",
"base": "ma-na",
"morph": "~"}
}
,
{
"node": "d",
"type": "line-start",
"ref": "P227909.34",
"n": "3",
"label": "o iii 3"}
,
{
"node": "l",
"frag": "na₄",
"id": "P227909.l23ffa",
"ref": "P227909.34.1",
"inst": "na[stone]",
"sig": "@dcclt%sux:na₄=na[stone//stone]N'N$na/na₄#~",
"f": {"lang": "sux",
"form": "na₄",
"cf": "na",
"gw": "stone",
"sense": "stone",
"norm0": "na",
"pos": "N",
"epos": "N",
"base": "na₄",
"morph": "~"}
}
,
{
"node": "l",
"frag": "niš",
"id": "P227909.l23ffb",
"ref": "P227909.34.2",
"inst": "niš[twenty]",
"sig": "@dcclt%sux:niš=niš[twenty//twenty]NU'NU$niš/niš#~",
"f": {"lang": "sux",
"form": "niš",
"cf": "niš",
"gw": "twenty",
"sense": "twenty",
"norm0": "niš",
"pos": "NU",
"epos": "NU",
"base": "niš",
"morph": "~"}
}
,
{
"node": "l",
"frag": "ma-na",
"id": "P227909.l23ffc",
"ref": "P227909.34.3",
"inst": "mana[unit]",
"sig": "@dcclt%sux:ma-na=mana[unit//a unit of weight]N'N$mana/ma-na#~",
"f": {"lang": "sux",
"form": "ma-na",
"cf": "mana",
"gw": "unit",
"sense": "a unit of weight",
"norm0": "mana",
"pos": "N",
"epos": "N",
"base": "ma-na",
"morph": "~"}
}
,
{
"node": "d",
"type": "line-start",
"ref": "P227909.35",
"n": "4",
"label": "o iii 4"}
,
{
"node": "l",
"frag": "na₄",
"id": "P227909.l23ffd",
"ref": "P227909.35.1",
"inst": "na[stone]",
"sig": "@dcclt%sux:na₄=na[stone//stone]N'N$na/na₄#~",
"f": {"lang": "sux",
"form": "na₄",
"cf": "na",
"gw": "stone",
"sense": "stone",
"norm0": "na",
"pos": "N",
"epos": "N",
"base": "na₄",
"morph": "~"}
}
,
{
"node": "l",
"frag": "15",
"id": "P227909.l23ffe",
"ref": "P227909.35.2",
"inst": "n",
"f": {"lang": "sux",
"form": "15",
"pos": "n"}
}
,
{
"node": "l",
"frag": "ma-na",
"id": "P227909.l23fff",
"ref": "P227909.35.3",
"inst": "mana[unit]",
"sig": "@dcclt%sux:ma-na=mana[unit//a unit of weight]N'N$mana/ma-na#~",
"f": {"lang": "sux",
"form": "ma-na",
"cf": "mana",
"gw": "unit",
"sense": "a unit of weight",
"norm0": "mana",
"pos": "N",
"epos": "N",
"base": "ma-na",
"morph": "~"}
}
,
{
"node": "d",
"type": "line-start",
"ref": "P227909.36",
"n": "5",
"label": "o iii 5"}
,
{
"node": "l",
"frag": "na₄",
"id": "P227909.l24000",
"ref": "P227909.36.1",
"inst": "na[stone]",
"sig": "@dcclt%sux:na₄=na[stone//stone]N'N$na/na₄#~",
"f": {"lang": "sux",
"form": "na₄",
"cf": "na",
"gw": "stone",
"sense": "stone",
"norm0": "na",
"pos": "N",
"epos": "N",
"base": "na₄",
"morph": "~"}
}
,
{
"node": "l",
"frag": "u",
"id": "P227909.l24001",
"ref": "P227909.36.2",
"inst": "u[ten]",
"sig": "@dcclt%sux:u=u[ten//ten]NU'NU$u/u#~",
"f": {"lang": "sux",
"form": "u",
"cf": "u",
"gw": "ten",
"sense": "ten",
"norm0": "u",
"pos": "NU",
"epos": "NU",
"base": "u",
"morph": "~"}
}
,
{
"node": "l",
"frag": "ma-na",
"id": "P227909.l24002",
"ref": "P227909.36.3",
"inst": "mana[unit]",
"sig": "@dcclt%sux:ma-na=mana[unit//a unit of weight]N'N$mana/ma-na#~",
"f": {"lang": "sux",
"form": "ma-na",
"cf": "mana",
"gw": "unit",
"sense": "a unit of weight",
"norm0": "mana",
"pos": "N",
"epos": "N",
"base": "ma-na",
"morph": "~"}
}
,
{
"node": "d",
"type": "line-start",
"ref": "P227909.37",
"n": "6",
"label": "o iii 6"}
,
{
"node": "l",
"frag": "na₄",
"id": "P227909.l24003",
"ref": "P227909.37.1",
"inst": "na[stone]",
"sig": "@dcclt%sux:na₄=na[stone//stone]N'N$na/na₄#~",
"f": {"lang": "sux",
"form": "na₄",
"cf": "na",
"gw": "stone",
"sense": "stone",
"norm0": "na",
"pos": "N",
"epos": "N",
"base": "na₄",
"morph": "~"}
}
,
{
"node": "l",
"frag": "ia₂",
"id": "P227909.l24004",
"ref": "P227909.37.2",
"inst": "ya[five]",
"sig": "@dcclt%sux:ia₂=ya[five//five]NU'NU$ya/ia₂#~",
"f": {"lang": "sux",
"form": "ia₂",
"cf": "ya",
"gw": "five",
"sense": "five",
"norm0": "ya",
"pos": "NU",
"epos": "NU",
"base": "ia₂",
"morph": "~"}
}
,
{
"node": "l",
"frag": "ma-na",
"id": "P227909.l24005",
"ref": "P227909.37.3",
"inst": "mana[unit]",
"sig": "@dcclt%sux:ma-na=mana[unit//a unit of weight]N'N$mana/ma-na#~",
"f": {"lang": "sux",
"form": "ma-na",
"cf": "mana",
"gw": "unit",
"sense": "a unit of weight",
"norm0": "mana",
"pos": "N",
"epos": "N",
"base": "ma-na",
"morph": "~"}
}
,
{
"node": "d",
"type": "line-start",
"ref": "P227909.38",
"n": "7",
"label": "o iii 7"}
,
{
"node": "l",
"frag": "na₄",
"id": "P227909.l24006",
"ref": "P227909.38.1",
"inst": "na[stone]",
"sig": "@dcclt%sux:na₄=na[stone//stone]N'N$na/na₄#~",
"f": {"lang": "sux",
"form": "na₄",
"cf": "na",
"gw": "stone",
"sense": "stone",
"norm0": "na",
"pos": "N",
"epos": "N",
"base": "na₄",
"morph": "~"}
}
,
{
"node": "l",
"frag": "eš₅",
"id": "P227909.l24007",
"ref": "P227909.38.2",
"inst": "eš[three]",
"sig": "@dcclt%sux:eš₅=eš[three//three]NU'NU$eš/eš₅#~",
"f": {"lang": "sux",
"form": "eš₅",
"cf": "eš",
"gw": "three",
"sense": "three",
"norm0": "eš",
"pos": "NU",
"epos": "NU",
"base": "eš₅",
"morph": "~"}
}
,
{
"node": "l",
"frag": "ma-na",
"id": "P227909.l24008",
"ref": "P227909.38.3",
"inst": "mana[unit]",
"sig": "@dcclt%sux:ma-na=mana[unit//a unit of weight]N'N$mana/ma-na#~",
"f": {"lang": "sux",
"form": "ma-na",
"cf": "mana",
"gw": "unit",
"sense": "a unit of weight",
"norm0": "mana",
"pos": "N",
"epos": "N",
"base": "ma-na",
"morph": "~"}
}
,
{
"node": "d",
"type": "line-start",
"ref": "P227909.39",
"n": "8",
"label": "o iii 8"}
,
{
"node": "l",
"frag": "[na₄]",
"id": "P227909.l24009",
"ref": "P227909.39.1",
"inst": "na[stone]",
"sig": "@dcclt%sux:na₄=na[stone//stone]N'N$na/na₄#~",
"f": {"lang": "sux",
"form": "na₄",
"cf": "na",
"gw": "stone",
"sense": "stone",
"norm0": "na",
"pos": "N",
"epos": "N",
"base": "na₄",
"morph": "~"}
}
,
{
"node": "l",
"frag": "⸢min⸣",
"id": "P227909.l2400a",
"ref": "P227909.39.2",
"inst": "min[two]",
"sig": "@dcclt%sux:min=min[two//two]NU'NU$min/min#~",
"f": {"lang": "sux",
"form": "min",
"cf": "min",
"gw": "two",
"sense": "two",
"norm0": "min",
"pos": "NU",
"epos": "NU",
"base": "min",
"morph": "~"}
}
,
{
"node": "l",
"frag": "ma-na",
"id": "P227909.l2400b",
"ref": "P227909.39.3",
"inst": "mana[unit]",
"sig": "@dcclt%sux:ma-na=mana[unit//a unit of weight]N'N$mana/ma-na#~",
"f": {"lang": "sux",
"form": "ma-na",
"cf": "mana",
"gw": "unit",
"sense": "a unit of weight",
"norm0": "mana",
"pos": "N",
"epos": "N",
"base": "ma-na",
"morph": "~"}
}
,
{
"node": "d",
"type": "nonx",
"ref": "P227909.40",
"strict": "1",
"extent": "20",
"scope": "line",
"state": "missing"}
,
{
"node": "d",
"type": "line-start",
"ref": "P227909.41",
"n": "29",
"label": "o iii 29"}
,
{
"node": "l",
"frag": "[na₄",
"id": "P227909.l2400c",
"ref": "P227909.41.1",
"inst": "na[stone]",
"sig": "@dcclt%sux:na₄=na[stone//stone]N'N$na/na₄#~",
"f": {"lang": "sux",
"form": "na₄",
"cf": "na",
"gw": "stone",
"sense": "stone",
"norm0": "na",
"pos": "N",
"epos": "N",
"base": "na₄",
"morph": "~"}
}
,
{
"node": "l",
"frag": "n]",
"id": "P227909.l2400d",
"ref": "P227909.41.2",
"inst": "n",
"f": {"lang": "sux",
"form": "n",
"pos": "n"}
}
,
{
"node": "l",
"frag": "še",
"id": "P227909.l2400e",
"ref": "P227909.41.3",
"inst": "še[unit]N",
"sig": "@dcclt%sux:še=še[barley//unit of weight]N'N$še/še#~",
"f": {"lang": "sux",
"form": "še",
"cf": "še",
"gw": "barley",
"sense": "unit of weight",
"norm0": "še",
"pos": "N",
"epos": "N",
"base": "še",
"morph": "~"}
}
,
{
"node": "d",
"type": "line-start",
"ref": "P227909.42",
"n": "30",
"label": "o iii 30"}
,
{
"node": "l",
"frag": "[na₄",
"id": "P227909.l2400f",
"ref": "P227909.42.1",
"inst": "na[stone]",
"sig": "@dcclt%sux:na₄=na[stone//stone]N'N$na/na₄#~",
"f": {"lang": "sux",
"form": "na₄",
"cf": "na",
"gw": "stone",
"sense": "stone",
"norm0": "na",
"pos": "N",
"epos": "N",
"base": "na₄",
"morph": "~"}
}
,
{
"node": "l",
"frag": "n]",
"id": "P227909.l24010",
"ref": "P227909.42.2",
"inst": "n",
"f": {"lang": "sux",
"form": "n",
"pos": "n"}
}
,
{
"node": "l",
"frag": "še",
"id": "P227909.l24011",
"ref": "P227909.42.3",
"inst": "še[unit]",
"sig": "@dcclt%sux:še=še[barley//unit of weight]N'N$še/še#~",
"f": {"lang": "sux",
"form": "še",
"cf": "še",
"gw": "barley",
"sense": "unit of weight",
"norm0": "še",
"pos": "N",
"epos": "N",
"base": "še",
"morph": "~"}
}
,
{
"node": "d",
"type": "line-start",
"ref": "P227909.43",
"n": "31",
"label": "o iii 31"}
,
{
"node": "l",
"frag": "u₂",
"id": "P227909.l24012",
"ref": "P227909.43.1",
"inst": "u[plant]",
"sig": "@dcclt%sux:u₂=u[grass//plant(s)]N'N$u/u₂#~",
"f": {"lang": "sux",
"form": "u₂",
"cf": "u",
"gw": "grass",
"sense": "plant(s)",
"norm0": "u",
"pos": "N",
"epos": "N",
"base": "u₂",
"morph": "~"}
}
,
{
"node": "d",
"type": "line-start",
"ref": "P227909.44",
"n": "32",
"label": "o iii 32"}
,
{
"node": "l",
"frag": "{[u₂}li]-⸢gi₄⸣",
"id": "P227909.l24013",
"ref": "P227909.44.1",
"inst": "ligi[plant]",
"sig": "@dcclt%sux:{u₂}li-gi₄=ligi[plant//plant]N'N$ligi/{u₂}li-gi₄#~",
"f": {"lang": "sux",
"form": "{u₂}li-gi₄",
"cf": "ligi",
"gw": "plant",
"sense": "plant",
"norm0": "ligi",
"pos": "N",
"epos": "N",
"base": "{u₂}li-gi₄",
"morph": "~"}
}
,
{
"node": "d",
"type": "line-start",
"ref": "P227909.45",
"n": "33",
"label": "o iii 33"}
,
{
"node": "l",
"frag": "{[u₂}...]-⸢gu⸣",
"id": "P227909.l24014",
"ref": "P227909.45.1",
"inst": "u",
"f": {"lang": "sux",
"form": "{u₂}x-gu",
"pos": "u"}
}
,
{
"node": "d",
"type": "line-start",
"ref": "P227909.46",
"n": "34",
"label": "o iii 34"}
,
{
"node": "l",
"frag": "{[u₂}...]-x",
"id": "P227909.l24015",
"ref": "P227909.46.1",
"inst": "u",
"f": {"lang": "sux",
"form": "{u₂}x-x",
"pos": "u"}
}
,
{
"node": "d",
"type": "line-start",
"ref": "P227909.47",
"n": "35",
"label": "o iii 35"}
,
{
"node": "l",
"frag": "{[u₂}...]-⸢še⸣",
"id": "P227909.l24016",
"ref": "P227909.47.1",
"inst": "u",
"f": {"lang": "sux",
"form": "{u₂}x-še",
"pos": "u"}
}
,
{
"node": "d",
"type": "nonx",
"ref": "P227909.48",
"strict": "1",
"extent": "1",
"scope": "line",
"state": "traces"}
,
{
"node": "d",
"type": "nonx",
"ref": "P227909.49",
"strict": "1",
"extent": "2",
"scope": "line",
"state": "missing"}
,
{
"node": "d",
"subtype": "column 4o",
"type": "column",
"ref": "P227909.o.iv.50",
"n": "4",
"label": "o iv"}
,
{
"node": "d",
"type": "line-start",
"ref": "P227909.51",
"n": "1",
"label": "o iv 1"}
,
{
"node": "l",
"frag": "{u₂}|ZI&ZI.ŠE₃|",
"id": "P227909.l24017",
"ref": "P227909.51.1",
"inst": "X",
"f": {"lang": "sux",
"form": "{u₂}|ZI&ZI.ŠE₃|",
"pos": "X"}
}
,
{
"node": "d",
"type": "line-start",
"ref": "P227909.52",
"n": "2",
"label": "o iv 2"}
,
{
"node": "l",
"frag": "{u₂}buru₁₄",
"id": "P227909.l24018",
"ref": "P227909.52.1",
"inst": "buru[grass]",
"sig": "@dcclt%sux:{u₂}buru₁₄=buru[grass//a wild grass]N'N$buru/{u₂}buru₁₄#~",
"f": {"lang": "sux",
"form": "{u₂}buru₁₄",
"cf": "buru",
"gw": "grass",
"sense": "a wild grass",
"norm0": "buru",
"pos": "N",
"epos": "N",
"base": "{u₂}buru₁₄",
"morph": "~"}
}
,
{
"node": "d",
"type": "line-start",
"ref": "P227909.53",
"n": "3",
"label": "o iv 3"}
,
{
"node": "l",
"frag": "{u₂}ninni₅",
"id": "P227909.l24019",
"ref": "P227909.53.1",
"inst": "ninni[reeds]",
"sig": "@dcclt%sux:{u₂}ninni₅=ninni[reeds//reeds]N'N$ninni/{u₂}ninni₅#~",
"f": {"lang": "sux",
"form": "{u₂}ninni₅",
"cf": "ninni",
"gw": "reeds",
"sense": "reeds",
"norm0": "ninni",
"pos": "N",
"epos": "N",
"base": "{u₂}ninni₅",
"morph": "~"}
}
,
{
"node": "d",
"type": "line-start",
"ref": "P227909.54",
"n": "4",
"label": "o iv 4"}
,
{
"node": "l",
"frag": "{u₂}|KI.KAL|",
"id": "P227909.l2401a",
"ref": "P227909.54.1",
"inst": "KI.KAL[grasses]",
"sig": "@dcclt%sux:{u₂}|KI.KAL|=KI.KAL[grasses//a writing for different types of grasses]N'N$KI.KAL/{u₂}|KI.KAL|#~",
"f": {"lang": "sux",
"form": "{u₂}|KI.KAL|",
"cf": "KI.KAL",
"gw": "grasses",
"sense": "a writing for different types of grasses",
"norm0": "KI.KAL",
"pos": "N",
"epos": "N",
"base": "{u₂}|KI.KAL|",
"morph": "~"}
}
,
{
"node": "d",
"type": "line-start",
"ref": "P227909.55",
"n": "5",
"label": "o iv 5"}
,
{
"node": "l",
"frag": "{u₂}rib-ba",
"id": "P227909.l2401b",
"ref": "P227909.55.1",
"inst": "ribba[plant]",
"sig": "@dcclt%sux:{u₂}rib-ba=ribba[plant//type of plant]N'N$ribba/{u₂}rib-ba#~",
"f": {"lang": "sux",
"form": "{u₂}rib-ba",
"cf": "ribba",
"gw": "plant",
"sense": "type of plant",
"norm0": "ribba",
"pos": "N",
"epos": "N",
"base": "{u₂}rib-ba",
"morph": "~"}
}
,
{
"node": "d",
"type": "line-start",
"ref": "P227909.56",
"n": "6",
"label": "o iv 6"}
,
{
"node": "l",
"frag": "{u₂}munzer",
"id": "P227909.l2401c",
"ref": "P227909.56.1",
"inst": "munzer[licorice]",
"sig": "@dcclt%sux:{u₂}munzer=munzer[licorice//licorice]N'N$munzer/{u₂}munzer#~",
"f": {"lang": "sux",
"form": "{u₂}munzer",
"cf": "munzer",
"gw": "licorice",
"sense": "licorice",
"norm0": "munzer",
"pos": "N",
"epos": "N",
"base": "{u₂}munzer",
"morph": "~"}
}
,
{
"node": "d",
"type": "line-start",
"ref": "P227909.57",
"n": "7",
"label": "o iv 7"}
,
{
"node": "l",
"frag": "{u₂}pe-ze₂-er",
"id": "P227909.l2401d",
"ref": "P227909.57.1",
"inst": "penzer[cobweb]",
"sig": "@dcclt%sux:{u₂}pe-ze₂-er=penzer[cobweb//cobweb]N'N$penzer/{u₂}pe-ze₂-er#~",
"f": {"lang": "sux",
"form": "{u₂}pe-ze₂-er",
"cf": "penzer",
"gw": "cobweb",
"sense": "cobweb",
"norm0": "penzer",
"pos": "N",
"epos": "N",
"base": "{u₂}pe-ze₂-er",
"morph": "~"}
}
,
{
"node": "d",
"type": "line-start",
"ref": "P227909.58",
"n": "8",
"label": "o iv 8"}
,
{
"node": "l",
"frag": "{u₂}aš-tal₂-tal₂",
"id": "P227909.l2401e",
"ref": "P227909.58.1",
"inst": "aštaltal[plant]",
"sig": "@dcclt%sux:{u₂}aš-tal₂-tal₂=aštaltal[plant//plant]N'N$aštaltal/{u₂}aš-tal₂-tal₂#~",
"f": {"lang": "sux",
"form": "{u₂}aš-tal₂-tal₂",
"cf": "aštaltal",
"gw": "plant",
"sense": "plant",
"norm0": "aštaltal",
"pos": "N",
"epos": "N",
"base": "{u₂}aš-tal₂-tal₂",
"morph": "~"}
}
,
{
"node": "d",
"type": "line-start",
"ref": "P227909.59",
"n": "9",
"label": "o iv 9"}
,
{
"node": "l",
"frag": "{⸢u₂}am⸣-ha-ru",
"id": "P227909.l2401f",
"ref": "P227909.59.1",
"inst": "amharu[plant]",
"sig": "@dcclt%sux:{u₂}am-ha-ru=amharu[plant//plant]N'N$amharu/{u₂}am-ha-ru#~",
"f": {"lang": "sux",
"form": "{u₂}am-ha-ru",
"cf": "amharu",
"gw": "plant",
"sense": "plant",
"norm0": "amharu",
"pos": "N",
"epos": "N",
"base": "{u₂}am-ha-ru",
"morph": "~"}
}
,
{
"node": "d",
"type": "line-start",
"ref": "P227909.60",
"n": "10",
"label": "o iv 10"}
,
{
"node": "l",
"frag": "[...]-⸢ru⸣",
"id": "P227909.l24020",
"ref": "P227909.60.1",
"inst": "u",
"f": {"lang": "sux",
"form": "x-ru",
"pos": "u"}
}
,
{
"node": "d",
"type": "nonx",
"ref": "P227909.61",
"strict": "1",
"extent": "20",
"scope": "line",
"state": "missing"}
,
{
"node": "d",
"type": "line-start",
"ref": "P227909.62",
"n": "31",
"label": "o iv 31"}
,
{
"node": "l",
"frag": "{⸢u₂⸣}[...]",
"id": "P227909.l24021",
"ref": "P227909.62.1",
"inst": "u",
"f": {"lang": "sux",
"form": "{u₂}x",
"pos": "u"}
}
,
{
"node": "d",
"type": "line-start",
"ref": "P227909.63",
"n": "32",
"label": "o iv 32"}
,
{
"node": "l",
"frag": "{u₂}x",
"id": "P227909.l24022",
"ref": "P227909.63.1",
"inst": "u",
"f": {"lang": "sux",
"form": "{u₂}x",
"pos": "u"}
}
,
{
"node": "d",
"type": "line-start",
"ref": "P227909.64",
"n": "33",
"label": "o iv 33"}
,
{
"node": "l",
"frag": "{u₂}muš",
"id": "P227909.l24023",
"ref": "P227909.64.1",
"inst": "X",
"f": {"lang": "sux",
"form": "{u₂}muš",
"pos": "X"}
}
,
{
"node": "d",
"type": "line-start",
"ref": "P227909.65",
"n": "34",
"label": "o iv 34"}
,
{
"node": "l",
"frag": "{u₂}ur-gir₁₅-ra",
"id": "P227909.l24024",
"ref": "P227909.65.1",
"inst": "eme'urgirak[plant]N/{u₂}ur-gir₁₅-ra#~",
"sig": "@dcclt%sux:{u₂}ur-gir₁₅-ra=emeʾurgirak[plant//plant]N'N$emeʾurgirak/{u₂}ur-gir₁₅-ra#~",
"f": {"lang": "sux",
"form": "{u₂}ur-gir₁₅-ra",
"cf": "emeʾurgirak",
"gw": "plant",
"sense": "plant",
"norm0": "emeʾurgirak",
"pos": "N",
"epos": "N",
"base": "{u₂}ur-gir₁₅-ra",
"morph": "~"}
}
,
{
"node": "d",
"type": "line-start",
"ref": "P227909.66",
"n": "35",
"label": "o iv 35"}
,
{
"node": "l",
"frag": "{u₂}NUMUN",
"id": "P227909.l24025",
"ref": "P227909.66.1",
"inst": "X",
"f": {"lang": "sux",
"form": "{u₂}NUMUN",
"pos": "X"}
}
,
{
"node": "d",
"type": "line-start",
"ref": "P227909.67",
"n": "36",
"label": "o iv 36"}
,
{
"node": "l",
"frag": "{u₂}nu-ug",
"id": "P227909.l24026",
"ref": "P227909.67.1",
"inst": "mug[aromatic plant]",
"sig": "@dcclt%sux:{u₂}nu-ug=mug[aromatic//an aromatic plant]N'N$mug/{u₂}nu-ug#~",
"f": {"lang": "sux",
"form": "{u₂}nu-ug",
"cf": "mug",
"gw": "aromatic",
"sense": "an aromatic plant",
"norm0": "mug",
"pos": "N",
"epos": "N",
"base": "{u₂}nu-ug",
"morph": "~"}
}
,
{
"node": "d",
"type": "line-start",
"ref": "P227909.68",
"n": "37",
"label": "o iv 37"}
,
{
"node": "l",
"frag": "{u₂}saŋ-hirinₓ(KWU318)na",
"id": "P227909.l24027",
"ref": "P227909.68.1",
"inst": "saŋhirinak[a weed]N/{u₂}saŋ-hirinₓ(KWU318)-na#~",
"sig": "@dcclt%sux:{u₂}saŋ-hirinₓ(KWU318)-na=saŋhirinak[a weed//a weed]N'N$saŋhirinak/{u₂}saŋ-hirinₓ(KWU318)-na#~",
"f": {"lang": "sux",
"form": "{u₂}saŋ-hirinₓ(KWU318)-na",
"cf": "saŋhirinak",
"gw": "a weed",
"sense": "a weed",
"norm0": "saŋhirinak",
"pos": "N",
"epos": "N",
"base": "{u₂}saŋ-hirinₓ(KWU318)-na",
"morph": "~"}
}
,
{
"node": "d",
"type": "line-start",
"ref": "P227909.69",
"n": "38",
"label": "o iv 38"}
,
{
"node": "l",
"frag": "{u₂}ŋiri₃-mu₂-a",
"id": "P227909.l24028",
"ref": "P227909.69.1",
"inst": "ŋirimua[plant]",
"sig": "@dcclt%sux:{u₂}ŋiri₃-mu₂-a=ŋirimua[plant//a plant]N'N$ŋirimua/{u₂}ŋiri₃-mu₂-a#~",
"f": {"lang": "sux",
"form": "{u₂}ŋiri₃-mu₂-a",
"cf": "ŋirimua",
"gw": "plant",
"sense": "a plant",
"norm0": "ŋirimua",
"pos": "N",
"epos": "N",
"base": "{u₂}ŋiri₃-mu₂-a",
"morph": "~"}
}
,
{
"node": "d",
"type": "line-start",
"ref": "P227909.70",
"n": "39",
"label": "o iv 39"}
,
{
"node": "l",
"frag": "u₂",
"id": "P227909.l24029",
"ref": "P227909.70.1",
"inst": "u[grass]",
"sig": "@dcclt%sux:u₂=u[grass//grass, herb]N'N$u/u₂#~",
"f": {"lang": "sux",
"form": "u₂",
"cf": "u",
"gw": "grass",
"sense": "grass, herb",
"norm0": "u",
"pos": "N",
"epos": "N",
"base": "u₂",
"morph": "~"}
}
,
{
"node": "l",
"frag": "u₃-tu",
"id": "P227909.l2402a",
"ref": "P227909.70.2",
"inst": "utud[bear]",
"sig": "@dcclt%sux:u₃-tu=utud[bear//bear]V/t'V/t$utud/u₃-tu#~",
"f": {"lang": "sux",
"form": "u₃-tu",
"cf": "utud",
"gw": "bear",
"sense": "bear",
"norm0": "utud",
"pos": "V/t",
"epos": "V/t",
"base": "u₃-tu",
"morph": "~"}
}
,
{
"node": "d",
"type": "line-start",
"ref": "P227909.71",
"n": "40",
"label": "o iv 40"}
,
{
"node": "l",
"frag": "u₂",
"id": "P227909.l2402b",
"ref": "P227909.71.1",
"inst": "u[grass]",
"sig": "@dcclt%sux:u₂=u[grass//grass, herb]N'N$u/u₂#~",
"f": {"lang": "sux",
"form": "u₂",
"cf": "u",
"gw": "grass",
"sense": "grass, herb",
"norm0": "u",
"pos": "N",
"epos": "N",
"base": "u₂",
"morph": "~"}
}
,
{
"node": "l",
"frag": "nu-u₃-tu",
"id": "P227909.l2402c",
"ref": "P227909.71.2",
"inst": "utud[bear]",
"sig": "@dcclt%sux:nu-u₃-tu=utud[bear//bear]V/t'V/t$nu:utud/u₃-tu#nu:~",
"f": {"lang": "sux",
"form": "nu-u₃-tu",
"cf": "utud",
"gw": "bear",
"sense": "bear",
"norm0": "nu:utud",
"pos": "V/t",
"epos": "V/t",
"base": "u₃-tu",
"morph": "nu:~"}
}
,
{
"node": "d",
"type": "line-start",
"ref": "P227909.72",
"n": "41",
"label": "o iv 41"}
,
{
"node": "l",
"frag": "{⸢u₂⸣}du₆-⸢din⸣",
"id": "P227909.l2402d",
"ref": "P227909.72.1",
"inst": "dudin[plant]N/{u₂}du₆-din#~",
"sig": "@dcclt%sux:{u₂}du₆-din=dudin[plant//plant]N'N$dudin/{u₂}du₆-din#~",
"f": {"lang": "sux",
"form": "{u₂}du₆-din",
"cf": "dudin",
"gw": "plant",
"sense": "plant",
"norm0": "dudin",
"pos": "N",
"epos": "N",
"base": "{u₂}du₆-din",
"morph": "~"}
}
,
{
"node": "d",
"subtype": "column 5o",
"type": "column",
"ref": "P227909.o.v.73",
"n": "5",
"label": "o v"}
,
{
"node": "d",
"type": "line-start",
"ref": "P227909.74",
"n": "1",
"label": "o v 1"}
,
{
"node": "l",
"frag": "sar",
"id": "P227909.l2402e",
"ref": "P227909.74.1",
"inst": "sar[garden]",
"sig": "@dcclt%sux:sar=sar[garden//garden]N'N$sar/sar#~",
"f": {"lang": "sux",
"form": "sar",
"cf": "sar",
"gw": "garden",
"sense": "garden",
"norm0": "sar",
"pos": "N",
"epos": "N",
"base": "sar",
"morph": "~"}
}
,
{
"node": "d",
"type": "line-start",
"ref": "P227909.75",
"n": "2",
"label": "o v 2"}
,
{
"node": "l",
"frag": "šum₂{sar}",
"id": "P227909.l2402f",
"ref": "P227909.75.1",
"inst": "šum[garlic]",
"sig": "@dcclt%sux:šum₂{sar}=šum[garlic//garlic]N'N$šum/šum₂{sar}#~",
"f": {"lang": "sux",
"form": "šum₂{sar}",
"cf": "šum",
"gw": "garlic",
"sense": "garlic",
"norm0": "šum",
"pos": "N",
"epos": "N",
"base": "šum₂{sar}",
"morph": "~"}
}
,
{
"node": "d",
"type": "line-start",
"ref": "P227909.76",
"n": "3",
"label": "o v 3"}
,
{
"node": "l",
"frag": "šum₂-sikil{sar}",
"id": "P227909.l24030",
"ref": "P227909.76.1",
"inst": "šumsikil[vegetable]",
"sig": "@dcclt%sux:šum₂-sikil{sar}=šumsikil[vegetable//vegetable]N'N$šumsikil/šum₂-sikil{sar}#~",
"f": {"lang": "sux",
"form": "šum₂-sikil{sar}",
"cf": "šumsikil",
"gw": "vegetable",
"sense": "vegetable",
"norm0": "šumsikil",
"pos": "N",
"epos": "N",
"base": "šum₂-sikil{sar}",
"morph": "~"}
}
,
{
"node": "d",
"type": "line-start",
"ref": "P227909.77",
"n": "4",
"label": "o v 4"}
,
{
"node": "l",
"frag": "šum₂-sikil",
"id": "P227909.l24031",
"ref": "P227909.77.1",
"inst": "šumsikil[vegetable]",
"sig": "@dcclt%sux:šum₂-sikil=šumsikil[vegetable//vegetable]N'N$šumsikil/šum₂-sikil#~",
"f": {"lang": "sux",
"form": "šum₂-sikil",
"cf": "šumsikil",
"gw": "vegetable",
"sense": "vegetable",
"norm0": "šumsikil",
"pos": "N",
"epos": "N",
"base": "šum₂-sikil",
"morph": "~"}
}
,
{
"node": "l",
"frag": "tu-tu-ba{sar}",
"id": "P227909.l24032",
"ref": "P227909.77.2",
"inst": "tutuba[~vegetable]",
"sig": "@dcclt%sux:tu-tu-ba{sar}=tutuba[~vegetable//a designation of vegetables]N'N$tutuba/tu-tu-ba{sar}#~",
"f": {"lang": "sux",
"form": "tu-tu-ba{sar}",
"cf": "tutuba",
"gw": "~vegetable",
"sense": "a designation of vegetables",
"norm0": "tutuba",
"pos": "N",
"epos": "N",
"base": "tu-tu-ba{sar}",
"morph": "~"}
}
,
{
"node": "d",
"type": "line-start",
"ref": "P227909.78",
"n": "5",
"label": "o v 5"}
,
{
"node": "l",
"frag": "šum₂-sikil",
"id": "P227909.l24033",
"ref": "P227909.78.1",
"inst": "šumsikil[vegetable]",
"sig": "@dcclt%sux:šum₂-sikil=šumsikil[vegetable//vegetable]N'N$šumsikil/šum₂-sikil#~",
"f": {"lang": "sux",
"form": "šum₂-sikil",
"cf": "šumsikil",
"gw": "vegetable",
"sense": "vegetable",
"norm0": "šumsikil",
"pos": "N",
"epos": "N",
"base": "šum₂-sikil",
"morph": "~"}
}
,
{
"node": "l",
"frag": "lum{sar}",
"id": "P227909.l24034",
"ref": "P227909.78.2",
"inst": "X",
"f": {"lang": "sux",
"form": "lum{sar}",
"pos": "X"}
}
,
{
"node": "d",
"type": "line-start",
"ref": "P227909.79",
"n": "6",
"label": "o v 6"}
,
{
"node": "l",
"frag": "šum₂",
"id": "P227909.l24035",
"ref": "P227909.79.1",
"inst": "šum[garlic]",
"sig": "@dcclt%sux:šum₂=šum[garlic//garlic]N'N$šum/šum₂#~",
"f": {"lang": "sux",
"form": "šum₂",
"cf": "šum",
"gw": "garlic",
"sense": "garlic",
"norm0": "šum",
"pos": "N",
"epos": "N",
"base": "šum₂",
"morph": "~"}
}
,
{
"node": "l",
"frag": "šir-dili{sar}",
"id": "P227909.l24036",
"ref": "P227909.79.2",
"inst": "širdili[~garlic]",
"sig": "@dcclt%sux:šir-dili{sar}=širdili[~garlic//a qualifier of garlic]N'N$širdili/šir-dili{sar}#~",
"f": {"lang": "sux",
"form": "šir-dili{sar}",
"cf": "širdili",
"gw": "~garlic",
"sense": "a qualifier of garlic",
"norm0": "širdili",
"pos": "N",
"epos": "N",
"base": "šir-dili{sar}",
"morph": "~"}
}
,
{
"node": "d",
"type": "line-start",
"ref": "P227909.80",
"n": "7",
"label": "o v 7"}
,
{
"node": "l",
"frag": "šum₂-saŋ{sar}",
"id": "P227909.l24037",
"ref": "P227909.80.1",
"inst": "šumsaŋ[garlic]N/šum₂-saŋ{sar}#~",
"sig": "@dcclt%sux:šum₂-saŋ{sar}=šumsaŋ[garlic//garlic]N'N$šumsaŋ/šum₂-saŋ{sar}#~",
"f": {"lang": "sux",
"form": "šum₂-saŋ{sar}",
"cf": "šumsaŋ",
"gw": "garlic",
"sense": "garlic",
"norm0": "šumsaŋ",
"pos": "N",
"epos": "N",
"base": "šum₂-saŋ{sar}",
"morph": "~"}
}
,
{
"node": "d",
"type": "line-start",
"ref": "P227909.81",
"n": "8",
"label": "o v 8"}
,
{
"node": "l",
"frag": "šum₂",
"id": "P227909.l24038",
"ref": "P227909.81.1",
"inst": "šum[garlic]",
"sig": "@dcclt%sux:šum₂=šum[garlic//garlic]N'N$šum/šum₂#~",
"f": {"lang": "sux",
"form": "šum₂",
"cf": "šum",
"gw": "garlic",
"sense": "garlic",
"norm0": "šum",
"pos": "N",
"epos": "N",
"base": "šum₂",
"morph": "~"}
}
,
{
"node": "l",
"frag": "gaz-za{sar}",
"id": "P227909.l24039",
"ref": "P227909.81.2",
"inst": "gaz[grind]",
"sig": "@dcclt%sux:gaz-za{sar}=gaz[kill//to grind, grate]V/t'V/t$gaz;a/gaz-za{sar}+-za=z.a#~;a",
"f": {"lang": "sux",
"form": "gaz-za{sar}",
"cf": "gaz",
"gw": "kill",
"sense": "to grind, grate",
"norm0": "gaz;a",
"pos": "V/t",
"epos": "V/t",
"base": "gaz-za{sar}",
"cont": "-za=z.a",
"morph": "~;a"}
}
,
{
"node": "d",
"type": "line-start",
"ref": "P227909.82",
"n": "9",
"label": "o v 9"}
,
{
"node": "l",
"frag": "šum₂",
"id": "P227909.l2403a",
"ref": "P227909.82.1",
"inst": "šum[garlic]",
"sig": "@dcclt%sux:šum₂=šum[garlic//garlic]N'N$šum/šum₂#~",
"f": {"lang": "sux",
"form": "šum₂",
"cf": "šum",
"gw": "garlic",
"sense": "garlic",
"norm0": "šum",
"pos": "N",
"epos": "N",
"base": "šum₂",
"morph": "~"}
}
,
{
"node": "l",
"frag": "sa{sar}",
"id": "P227909.l2403b",
"ref": "P227909.82.2",
"inst": "X",
"f": {"lang": "sux",
"form": "sa{sar}",
"pos": "X"}
}
,
{
"node": "d",
"type": "line-start",
"ref": "P227909.83",
"n": "10",
"label": "o v 10"}
,
{
"node": "l",
"frag": "⸢ŠIR{sar⸣}",
"id": "P227909.l2403c",
"ref": "P227909.83.1",
"inst": "X",
"f": {"lang": "sux",
"form": "ŠIR{sar}",
"pos": "X"}
}
,
{
"node": "d",
"type": "line-start",
"ref": "P227909.84",
"n": "11",
"label": "o v 11"}
,
{
"node": "l",
"frag": "[ga]-raš{⸢sar⸣}",
"id": "P227909.l2403d",
"ref": "P227909.84.1",
"inst": "garaš[leek]",
"sig": "@dcclt%sux:ga-raš{sar}=garaš[leek//leek]N'N$garaš/ga-raš{sar}#~",
"f": {"lang": "sux",
"form": "ga-raš{sar}",
"cf": "garaš",
"gw": "leek",
"sense": "leek",
"norm0": "garaš",
"pos": "N",
"epos": "N",
"base": "ga-raš{sar}",
"morph": "~"}
}
,
{
"node": "d",
"type": "nonx",
"ref": "P227909.85",
"strict": "1",
"extent": "1",
"scope": "line",
"state": "traces"}
,
{
"node": "d",
"type": "nonx",
"ref": "P227909.86",
"strict": "1",
"extent": "20",
"scope": "line",
"state": "missing"}
,
{
"node": "d",
"type": "line-start",
"ref": "P227909.87",
"n": "32",
"label": "o v 32"}
,
{
"node": "l",
"frag": "nu-⸢luh⸣-[ha{sar]}",
"id": "P227909.l2403e",
"ref": "P227909.87.1",
"inst": "nuluha[asafoetida]",
"sig": "@dcclt%sux:nu-luh-ha{sar}=nuluha[asafoetida//asafoetida]N'N$nuluha/nu-luh-ha{sar}#~",
"f": {"lang": "sux",
"form": "nu-luh-ha{sar}",
"cf": "nuluha",
"gw": "asafoetida",
"sense": "asafoetida",
"norm0": "nuluha",
"pos": "N",
"epos": "N",
"base": "nu-luh-ha{sar}",
"morph": "~"}
}
,
{
"node": "d",
"type": "line-start",
"ref": "P227909.88",
"n": "33",
"label": "o v 33"}
,
{
"node": "l",
"frag": "ŋeš",
"id": "P227909.l2403f",
"ref": "P227909.88.1",
"inst": "ŋeš[tree]",
"sig": "@dcclt%sux:ŋeš=ŋeš[tree//tree]N'N$ŋeš/ŋeš#~",
"f": {"lang": "sux",
"form": "ŋeš",
"cf": "ŋeš",
"gw": "tree",
"sense": "tree",
"norm0": "ŋeš",
"pos": "N",
"epos": "N",
"base": "ŋeš",
"morph": "~"}
}
,
{
"node": "l",
"frag": "nu-luh-[ha{sar]}",
"id": "P227909.l24040",
"ref": "P227909.88.2",
"inst": "nuluha[asafoetida]",
"sig": "@dcclt%sux:nu-luh-ha{sar}=nuluha[asafoetida//asafoetida]N'N$nuluha/nu-luh-ha{sar}#~",
"f": {"lang": "sux",
"form": "nu-luh-ha{sar}",
"cf": "nuluha",
"gw": "asafoetida",
"sense": "asafoetida",
"norm0": "nuluha",
"pos": "N",
"epos": "N",
"base": "nu-luh-ha{sar}",
"morph": "~"}
}
,
{
"node": "d",
"type": "line-start",
"ref": "P227909.89",
"n": "34",
"label": "o v 34"}
,
{
"node": "l",
"frag": "HI-HI{sar}",
"id": "P227909.l24041",
"ref": "P227909.89.1",
"inst": "hiz[vegetable]N/HI-HI{sar}#~",
"sig": "@dcclt%sux:HI-HI{sar}=hiz[vegetable//vegetable]N'N$hiz/HI-HI{sar}#~",
"f": {"lang": "sux",
"form": "HI-HI{sar}",
"cf": "hiz",
"gw": "vegetable",
"sense": "vegetable",
"norm0": "hiz",
"pos": "N",
"epos": "N",
"base": "HI-HI{sar}",
"morph": "~"}
}
,
{
"node": "d",
"type": "line-start",
"ref": "P227909.90",
"n": "35",
"label": "o v 35"}
,
{
"node": "l",
"frag": "HI-HI-ur-bar-ra{sar}",
"id": "P227909.l24042",
"ref": "P227909.90.1",
"inst": "hizurbara[vegetable]N/HI-HI-ur-bar-ra{sar}#~",
"sig": "@dcclt%sux:HI-HI-ur-bar-ra{sar}=hizurbara[vegetable//vegetable]N'N$hizurbara/HI-HI-ur-bar-ra{sar}#~",
"f": {"lang": "sux",
"form": "HI-HI-ur-bar-ra{sar}",
"cf": "hizurbara",
"gw": "vegetable",
"sense": "vegetable",
"norm0": "hizurbara",
"pos": "N",
"epos": "N",
"base": "HI-HI-ur-bar-ra{sar}",
"morph": "~"}
}
,
{
"node": "d",
"type": "line-start",
"ref": "P227909.91",
"n": "36",
"label": "o v 36"}
,
{
"node": "l",
"frag": "da-pu₂{sar}",
"id": "P227909.l24043",
"ref": "P227909.91.1",
"inst": "X",
"f": {"lang": "sux",
"form": "da-pu₂{sar}",
"pos": "X"}
}
,
{
"node": "d",
"type": "line-start",
"ref": "P227909.92",
"n": "37",
"label": "o v 37"}
,
{
"node": "l",
"frag": "nisig",
"id": "P227909.l24044",
"ref": "P227909.92.1",
"inst": "nisig[greenery]",
"sig": "@dcclt%sux:nisig=nisig[greenery//greenery, vegetable(s)]N'N$nisig/nisig#~",
"f": {"lang": "sux",
"form": "nisig",
"cf": "nisig",
"gw": "greenery",
"sense": "greenery, vegetable(s)",
"norm0": "nisig",
"pos": "N",
"epos": "N",
"base": "nisig",
"morph": "~"}
}
,
{
"node": "l",
"frag": "tab-ba{sar}",
"id": "P227909.l24045",
"ref": "P227909.92.2",
"inst": "tabba[vegetable?]",
"sig": "@dcclt%sux:tab-ba{sar}=tabba[vegetable?//a vegetable?]N'N$tabba/tab-ba{sar}#~",
"f": {"lang": "sux",
"form": "tab-ba{sar}",
"cf": "tabba",
"gw": "vegetable?",
"sense": "a vegetable?",
"norm0": "tabba",
"pos": "N",
"epos": "N",
"base": "tab-ba{sar}",
"morph": "~"}
}
,
{
"node": "d",
"type": "line-start",
"ref": "P227909.93",
"n": "38",
"label": "o v 38"}
,
{
"node": "l",
"frag": "nisig",
"id": "P227909.l24046",
"ref": "P227909.93.1",
"inst": "nisig[greenery]",
"sig": "@dcclt%sux:nisig=nisig[greenery//greenery, vegetable(s)]N'N$nisig/nisig#~",
"f": {"lang": "sux",
"form": "nisig",
"cf": "nisig",
"gw": "greenery",
"sense": "greenery, vegetable(s)",
"norm0": "nisig",
"pos": "N",
"epos": "N",
"base": "nisig",
"morph": "~"}
}
,
{
"node": "l",
"frag": "bar-ba{sar}",
"id": "P227909.l24047",
"ref": "P227909.93.2",
"inst": "barbar[plant]N/bar-ba{sar}#~",
"sig": "@dcclt%sux:bar-ba{sar}=barbar[plant//plant]N'N$barbar/bar-ba{sar}#~",
"f": {"lang": "sux",
"form": "bar-ba{sar}",
"cf": "barbar",
"gw": "plant",
"sense": "plant",
"norm0": "barbar",
"pos": "N",
"epos": "N",
"base": "bar-ba{sar}",
"morph": "~"}
}
,
{
"node": "d",
"type": "line-start",
"ref": "P227909.94",
"n": "39",
"label": "o v 39"}
,
{
"node": "l",
"frag": "nisig",
"id": "P227909.l24048",
"ref": "P227909.94.1",
"inst": "nisig[greenery]",
"sig": "@dcclt%sux:nisig=nisig[greenery//greenery, vegetable(s)]N'N$nisig/nisig#~",
"f": {"lang": "sux",
"form": "nisig",
"cf": "nisig",
"gw": "greenery",
"sense": "greenery, vegetable(s)",
"norm0": "nisig",
"pos": "N",
"epos": "N",
"base": "nisig",
"morph": "~"}
}
,
{
"node": "l",
"frag": "HI-a{sar}",
"id": "P227909.l24049",
"ref": "P227909.94.2",
"inst": "HI.a[vegetable]",
"sig": "@dcclt%sux:HI-a{sar}=HI.a[vegetable//a vegetable]N'N$HI.a/HI-a{sar}#~",
"f": {"lang": "sux",
"form": "HI-a{sar}",
"cf": "HI.a",
"gw": "vegetable",
"sense": "a vegetable",
"norm0": "HI.a",
"pos": "N",
"epos": "N",
"base": "HI-a{sar}",
"morph": "~"}
}
,
{
"node": "d",
"subtype": "reverse",
"type": "surface",
"ref": "P227909.r.95",
"type": "reverse",
"label": "r"}
,
{
"node": "d",
"subtype": "column 1r",
"type": "column",
"ref": "P227909.r.i.96",
"n": "1",
"label": "r i"}
,
{
"node": "d",
"type": "line-start",
"ref": "P227909.97",
"n": "1",
"label": "r i 1"}
,
{
"node": "l",
"frag": "gana₂-še{sar}",
"id": "P227909.l2404a",
"ref": "P227909.97.1",
"inst": "ganše[plant]",
"sig": "@dcclt%sux:gana₂-še{sar}=ganše[plant//plant]N'N$ganše/gana₂-še{sar}#~",
"f": {"lang": "sux",
"form": "gana₂-še{sar}",
"cf": "ganše",
"gw": "plant",
"sense": "plant",
"norm0": "ganše",
"pos": "N",
"epos": "N",
"base": "gana₂-še{sar}",
"morph": "~"}
}
,
{
"node": "d",
"type": "line-start",
"ref": "P227909.98",
"n": "2",
"label": "r i 2"}
,
{
"node": "l",
"frag": "a-dar{sar}",
"id": "P227909.l2404b",
"ref": "P227909.98.1",
"inst": "adar[plant]",
"sig": "@dcclt%sux:a-dar{sar}=adar[plant//a plant]N'N$adar/a-dar{sar}#~",
"f": {"lang": "sux",
"form": "a-dar{sar}",
"cf": "adar",
"gw": "plant",
"sense": "a plant",
"norm0": "adar",
"pos": "N",
"epos": "N",
"base": "a-dar{sar}",
"morph": "~"}
}
,
{
"node": "d",
"type": "line-start",
"ref": "P227909.99",
"n": "3",
"label": "r i 3"}
,
{
"node": "l",
"frag": "še-lu₂{sar}",
"id": "P227909.l2404c",
"ref": "P227909.99.1",
"inst": "šelu[coriander]",
"sig": "@dcclt%sux:še-lu₂{sar}=šelu[coriander//coriander]N'N$šelu/še-lu₂{sar}#~",
"f": {"lang": "sux",
"form": "še-lu₂{sar}",
"cf": "šelu",
"gw": "coriander",
"sense": "coriander",
"norm0": "šelu",
"pos": "N",
"epos": "N",
"base": "še-lu₂{sar}",
"morph": "~"}
}
,
{
"node": "d",
"type": "line-start",
"ref": "P227909.100",
"n": "4",
"label": "r i 4"}
,
{
"node": "l",
"frag": "še-lu₂",
"id": "P227909.l2404d",
"ref": "P227909.100.1",
"inst": "šelu[coriander]",
"sig": "@dcclt%sux:še-lu₂=šelu[coriander//coriander]N'N$šelu/še-lu₂#~",
"f": {"lang": "sux",
"form": "še-lu₂",
"cf": "šelu",
"gw": "coriander",
"sense": "coriander",
"norm0": "šelu",
"pos": "N",
"epos": "N",
"base": "še-lu₂",
"morph": "~"}
}
,
{
"node": "l",
"frag": "⸢ŋissu⸣{[sar]}",
"id": "P227909.l2404e",
"ref": "P227909.100.2",
"inst": "ŋissu[shade]",
"sig": "@dcclt%sux:ŋissu{sar}=ŋissu[shade//shade, shadow]N'N$ŋissu/ŋissu{sar}#~",
"f": {"lang": "sux",
"form": "ŋissu{sar}",
"cf": "ŋissu",
"gw": "shade",
"sense": "shade, shadow",
"norm0": "ŋissu",
"pos": "N",
"epos": "N",
"base": "ŋissu{sar}",
"morph": "~"}
}
,
{
"node": "d",
"type": "line-start",
"ref": "P227909.101",
"n": "5",
"label": "r i 5"}
,
{
"node": "l",
"frag": "{u₂}sullim{sar}",
"id": "P227909.l2404f",
"ref": "P227909.101.1",
"inst": "sullim[spice]",
"sig": "@dcclt%sux:{u₂}sullim{sar}=sullim[spice//a spice]N'N$sullim/{u₂}sullim{sar}#~",
"f": {"lang": "sux",
"form": "{u₂}sullim{sar}",
"cf": "sullim",
"gw": "spice",
"sense": "a spice",
"norm0": "sullim",
"pos": "N",
"epos": "N",
"base": "{u₂}sullim{sar}",
"morph": "~"}
}
,
{
"node": "d",
"type": "line-start",
"ref": "P227909.102",
"n": "6",
"label": "r i 6"}
,
{
"node": "l",
"frag": "{u₂}sullim-šu-⸢gub⸣-[ba{sar]}",
"id": "P227909.l24050",
"ref": "P227909.102.1",
"inst": "sullimšuguba[spice]",
"sig": "@dcclt%sux:{u₂}sullim-šu-gub-ba{sar}=sullimšuguba[spice//spice]N'N$sullimšuguba/{u₂}sullim-šu-gub-ba{sar}#~",
"f": {"lang": "sux",
"form": "{u₂}sullim-šu-gub-ba{sar}",
"cf": "sullimšuguba",
"gw": "spice",
"sense": "spice",
"norm0": "sullimšuguba",
"pos": "N",
"epos": "N",
"base": "{u₂}sullim-šu-gub-ba{sar}",
"morph": "~"}
}
,
{
"node": "d",
"type": "line-start",
"ref": "P227909.103",
"n": "7",
"label": "r i 7"}
,
{
"node": "l",
"frag": "{ŋeš}maš-gurum{[sar]}",
"id": "P227909.l24051",
"ref": "P227909.103.1",
"inst": "mašgurum[plant]",
"sig": "@dcclt%sux:{ŋeš}maš-gurum{sar}=mašgurum[plant//a plant]N'N$mašgurum/{ŋeš}maš-gurum{sar}#~",
"f": {"lang": "sux",
"form": "{ŋeš}maš-gurum{sar}",
"cf": "mašgurum",
"gw": "plant",
"sense": "a plant",
"norm0": "mašgurum",
"pos": "N",
"epos": "N",
"base": "{ŋeš}maš-gurum{sar}",
"morph": "~"}
}
,
{
"node": "d",
"type": "line-start",
"ref": "P227909.104",
"n": "8",
"label": "r i 8"}
,
{
"node": "l",
"frag": "gurum{⸢sar⸣}",
"id": "P227909.l24052",
"ref": "P227909.104.1",
"inst": "X",
"f": {"lang": "sux",
"form": "gurum{sar}",
"pos": "X"}
}
,
{
"node": "d",
"type": "line-start",
"ref": "P227909.105",
"n": "9",
"label": "r i 9"}
,
{
"node": "l",
"frag": "⸢teme⸣{[sar]}",
"id": "P227909.l24053",
"ref": "P227909.105.1",
"inst": "teme[plant]",
"sig": "@dcclt%sux:teme{sar}=teme[plant//a plant]N'N$teme/teme{sar}#~",
"f": {"lang": "sux",
"form": "teme{sar}",
"cf": "teme",
"gw": "plant",
"sense": "a plant",
"norm0": "teme",
"pos": "N",
"epos": "N",
"base": "teme{sar}",
"morph": "~"}
}
,
{
"node": "d",
"type": "nonx",
"ref": "P227909.106",
"strict": "1",
"extent": "20",
"scope": "line",
"state": "missing"}
,
{
"node": "d",
"type": "line-start",
"ref": "P227909.107",
"n": "30",
"label": "r i 30"}
,
{
"node": "l",
"frag": "e-[sir₂{ku₆]}",
"id": "P227909.l24054",
"ref": "P227909.107.1",
"inst": "esir[fish]",
"sig": "@dcclt%sux:e-sir₂{ku₆}=esir[fish//fish]N'N$esir/e-sir₂{ku₆}#~",
"f": {"lang": "sux",
"form": "e-sir₂{ku₆}",
"cf": "esir",
"gw": "fish",
"sense": "fish",
"norm0": "esir",
"pos": "N",
"epos": "N",
"base": "e-sir₂{ku₆}",
"morph": "~"}
}
,
{
"node": "d",
"type": "line-start",
"ref": "P227909.108",
"n": "31",
"label": "r i 31"}
,
{
"node": "l",
"frag": "gir{⸢ku₆⸣}",
"id": "P227909.l24055",
"ref": "P227909.108.1",
"inst": "gir[fish]",
"sig": "@dcclt%sux:gir{ku₆}=gir[fish//fish]N'N$gir/gir{ku₆}#~",
"f": {"lang": "sux",
"form": "gir{ku₆}",
"cf": "gir",
"gw": "fish",
"sense": "fish",
"norm0": "gir",
"pos": "N",
"epos": "N",
"base": "gir{ku₆}",
"morph": "~"}
}
,
{
"node": "d",
"type": "line-start",
"ref": "P227909.109",
"n": "32",
"label": "r i 32"}
,
{
"node": "l",
"frag": "gir",
"id": "P227909.l24056",
"ref": "P227909.109.1",
"inst": "gir[fish]",
"sig": "@dcclt%sux:gir=gir[fish//fish]N'N$gir/gir#~",
"f": {"lang": "sux",
"form": "gir",
"cf": "gir",
"gw": "fish",
"sense": "fish",
"norm0": "gir",
"pos": "N",
"epos": "N",
"base": "gir",
"morph": "~"}
}
,
{
"node": "l",
"frag": "niga{ku₆}",
"id": "P227909.l24057",
"ref": "P227909.109.2",
"inst": "niga[fattened]V/i/niga{ku₆}#~",
"sig": "@dcclt%sux:niga{ku₆}=niga[fattened//fattened]V/i'V/i$niga/niga{ku₆}#~",
"f": {"lang": "sux",
"form": "niga{ku₆}",
"cf": "niga",
"gw": "fattened",
"sense": "fattened",
"norm0": "niga",
"pos": "V/i",
"epos": "V/i",
"base": "niga{ku₆}",
"morph": "~"}
}
,
{
"node": "d",
"type": "line-start",
"ref": "P227909.110",
"n": "33",
"label": "r i 33"}
,
{
"node": "l",
"frag": "gir-gid₂{ku₆}",
"id": "P227909.l24058",
"ref": "P227909.110.1",
"inst": "girgid[fish]",
"sig": "@dcclt%sux:gir-gid₂{ku₆}=girgid[fish//a fish]N'N$girgid/gir-gid₂{ku₆}#~",
"f": {"lang": "sux",
"form": "gir-gid₂{ku₆}",
"cf": "girgid",
"gw": "fish",
"sense": "a fish",
"norm0": "girgid",
"pos": "N",
"epos": "N",
"base": "gir-gid₂{ku₆}",
"morph": "~"}
}
,
{
"node": "d",
"type": "line-start",
"ref": "P227909.111",
"n": "34",
"label": "r i 34"}
,
{
"node": "l",
"frag": "gir",
"id": "P227909.l24059",
"ref": "P227909.111.1",
"inst": "gir[fish]",
"sig": "@dcclt%sux:gir=gir[fish//fish]N'N$gir/gir#~",
"f": {"lang": "sux",
"form": "gir",
"cf": "gir",
"gw": "fish",
"sense": "fish",
"norm0": "gir",
"pos": "N",
"epos": "N",
"base": "gir",
"morph": "~"}
}
,
{
"node": "l",
"frag": "ab-ba{ku₆}",
"id": "P227909.l2405a",
"ref": "P227909.111.2",
"inst": "ab[sea]",
"sig": "@dcclt%sux:ab-ba{ku₆}=ab[sea//sea]N'N$ab,bi.ak/ab#~,bi.ak",
"f": {"lang": "sux",
"form": "ab-ba{ku₆}",
"cf": "ab",
"gw": "sea",
"sense": "sea",
"norm0": "ab,bi.ak",
"pos": "N",
"epos": "N",
"base": "ab",
"morph": "~,bi.ak"}
}
,
{
"node": "d",
"type": "line-start",
"ref": "P227909.112",
"n": "35",
"label": "r i 35"}
,
{
"node": "l",
"frag": "ninda₂{ku₆}",
"id": "P227909.l2405b",
"ref": "P227909.112.1",
"inst": "ninda[fish]",
"sig": "@dcclt%sux:ninda₂{ku₆}=ninda[fish//a fish]N'N$ninda/ninda₂{ku₆}#~",
"f": {"lang": "sux",
"form": "ninda₂{ku₆}",
"cf": "ninda",
"gw": "fish",
"sense": "a fish",
"norm0": "ninda",
"pos": "N",
"epos": "N",
"base": "ninda₂{ku₆}",
"morph": "~"}
}
,
{
"node": "d",
"type": "line-start",
"ref": "P227909.113",
"n": "36",
"label": "r i 36"}
,
{
"node": "l",
"frag": "ab-suhur{ku₆}",
"id": "P227909.l2405c",
"ref": "P227909.113.1",
"inst": "absuhur[carp]",
"sig": "@dcclt%sux:ab-suhur{ku₆}=absuhur[carp//a carp]N'N$absuhur/ab-suhur{ku₆}#~",
"f": {"lang": "sux",
"form": "ab-suhur{ku₆}",
"cf": "absuhur",
"gw": "carp",
"sense": "a carp",
"norm0": "absuhur",
"pos": "N",
"epos": "N",
"base": "ab-suhur{ku₆}",
"morph": "~"}
}
,
{
"node": "d",
"type": "line-start",
"ref": "P227909.114",
"n": "37",
"label": "r i 37"}
,
{
"node": "l",
"frag": "ninda₂-ab-suhur{ku₆}",
"id": "P227909.l2405d",
"ref": "P227909.114.1",
"inst": "ninda'absuhur[fish]",
"sig": "@dcclt%sux:ninda₂-ab-suhur{ku₆}=nindaʾabsuhur[fish//a fish]N'N$nindaʾabsuhur/ninda₂-ab-suhur{ku₆}#~",
"f": {"lang": "sux",
"form": "ninda₂-ab-suhur{ku₆}",
"cf": "nindaʾabsuhur",
"gw": "fish",
"sense": "a fish",
"norm0": "nindaʾabsuhur",
"pos": "N",
"epos": "N",
"base": "ninda₂-ab-suhur{ku₆}",
"morph": "~"}
}
,
{
"node": "d",
"type": "line-start",
"ref": "P227909.115",
"n": "38",
"label": "r i 38"}
,
{
"node": "l",
"frag": "uga{ku₆}",
"id": "P227909.l2405e",
"ref": "P227909.115.1",
"inst": "uga[fish]",
"sig": "@dcclt%sux:uga{ku₆}=uga[fish//a fish]N'N$uga/uga{ku₆}#~",
"f": {"lang": "sux",
"form": "uga{ku₆}",
"cf": "uga",
"gw": "fish",
"sense": "a fish",
"norm0": "uga",
"pos": "N",
"epos": "N",
"base": "uga{ku₆}",
"morph": "~"}
}
,
{
"node": "d",
"type": "line-start",
"ref": "P227909.116",
"n": "39",
"label": "r i 39"}
,
{
"node": "l",
"frag": "SAL-SAL{ku₆}",
"id": "P227909.l2405f",
"ref": "P227909.116.1",
"inst": "SAL.SAL[fish]",
"sig": "@dcclt%sux:SAL-SAL{ku₆}=SAL.SAL[fish//a fish]N'N$SAL.SAL/SAL-SAL{ku₆}#~",
"f": {"lang": "sux",
"form": "SAL-SAL{ku₆}",
"cf": "SAL.SAL",
"gw": "fish",
"sense": "a fish",
"norm0": "SAL.SAL",
"pos": "N",
"epos": "N",
"base": "SAL-SAL{ku₆}",
"morph": "~"}
}
,
{
"node": "d",
"type": "line-start",
"ref": "P227909.117",
"n": "40",
"label": "r i 40"}
,
{
"node": "l",
"frag": "niŋ₂-gu₇-gu₇{ku₆}",
"id": "P227909.l24060",
"ref": "P227909.117.1",
"inst": "nigugu[fish]N/niŋ₂-gu₇-gu₇{ku₆}#~",
"sig": "@dcclt%sux:niŋ₂-gu₇-gu₇{ku₆}=nigugu[fish//fish]N'N$nigugu/niŋ₂-gu₇-gu₇{ku₆}#~",
"f": {"lang": "sux",
"form": "niŋ₂-gu₇-gu₇{ku₆}",
"cf": "nigugu",
"gw": "fish",
"sense": "fish",
"norm0": "nigugu",
"pos": "N",
"epos": "N",
"base": "niŋ₂-gu₇-gu₇{ku₆}",
"morph": "~"}
}
,
{
"node": "d",
"subtype": "column 2r",
"type": "column",
"ref": "P227909.r.ii.118",
"n": "2",
"label": "r ii"}
,
{
"node": "d",
"type": "line-start",
"ref": "P227909.119",
"n": "1",
"label": "r ii 1"}
,
{
"node": "l",
"frag": "LUL{ku₆}",
"id": "P227909.l24061",
"ref": "P227909.119.1",
"inst": "X",
"f": {"lang": "sux",
"form": "LUL{ku₆}",
"pos": "X"}
}
,
{
"node": "d",
"type": "line-start",
"ref": "P227909.120",
"n": "2",
"label": "r ii 2"}
,
{
"node": "l",
"frag": "⸢ka₅⸣-a{ku₆}",
"id": "P227909.l24062",
"ref": "P227909.120.1",
"inst": "kaʾa[fox//(a fish)]N/ka₅-a{ku₆}#~",
"sig": "@dcclt%sux:ka₅-a{ku₆}=kaʾa[fox//(a fish)]N'N$kaʾa/ka₅-a{ku₆}#~",
"f": {"lang": "sux",
"form": "ka₅-a{ku₆}",
"cf": "kaʾa",
"gw": "fox",
"sense": "(a fish)",
"norm0": "kaʾa",
"pos": "N",
"epos": "N",
"base": "ka₅-a{ku₆}",
"morph": "~"}
}
,
{
"node": "d",
"type": "line-start",
"ref": "P227909.121",
"n": "3",
"label": "r ii 3"}
,
{
"node": "l",
"frag": "⸢dub⸣-sar{ku₆}",
"id": "P227909.l24063",
"ref": "P227909.121.1",
"inst": "dubsar[fish]",
"sig": "@dcclt%sux:dub-sar{ku₆}=dubsar[fish//a fish]N'N$dubsar/dub-sar{ku₆}#~",
"f": {"lang": "sux",
"form": "dub-sar{ku₆}",
"cf": "dubsar",
"gw": "fish",
"sense": "a fish",
"norm0": "dubsar",
"pos": "N",
"epos": "N",
"base": "dub-sar{ku₆}",
"morph": "~"}
}
,
{
"node": "d",
"type": "line-start",
"ref": "P227909.122",
"n": "4",
"label": "r ii 4"}
,
{
"node": "l",
"frag": "niŋ₂-ki{ku₆}",
"id": "P227909.l24064",
"ref": "P227909.122.1",
"inst": "niŋki[fish]",
"sig": "@dcclt%sux:niŋ₂-ki{ku₆}=niŋki[fish//a fish]N'N$niŋki/niŋ₂-ki{ku₆}#~",
"f": {"lang": "sux",
"form": "niŋ₂-ki{ku₆}",
"cf": "niŋki",
"gw": "fish",
"sense": "a fish",
"norm0": "niŋki",
"pos": "N",
"epos": "N",
"base": "niŋ₂-ki{ku₆}",
"morph": "~"}
}
,
{
"node": "d",
"type": "line-start",
"ref": "P227909.123",
"n": "5",
"label": "r ii 5"}
,
{
"node": "l",
"frag": "gu₃-sur(PAD){ku₆}",
"id": "P227909.l24065",
"ref": "P227909.123.1",
"inst": "gusura[fish]",
"sig": "@dcclt%sux:gu₃-sur{ku₆}=gusura[fish//a fish]N'N$gusura/gu₃-sur{ku₆}#~",
"f": {"lang": "sux",
"form": "gu₃-sur{ku₆}",
"cf": "gusura",
"gw": "fish",
"sense": "a fish",
"norm0": "gusura",
"pos": "N",
"epos": "N",
"base": "gu₃-sur{ku₆}",
"morph": "~"}
}
,
{
"node": "d",
"type": "line-start",
"ref": "P227909.124",
"n": "6",
"label": "r ii 6"}
,
{
"node": "l",
"frag": "[...]-NUN{ku₆}",
"id": "P227909.l24066",
"ref": "P227909.124.1",
"inst": "u",
"f": {"lang": "sux",
"form": "x-NUN{ku₆}",
"pos": "u"}
}
,
{
"node": "d",
"type": "line-start",
"ref": "P227909.125",
"n": "7",
"label": "r ii 7"}
,
{
"node": "l",
"frag": "[...]-⸢kar⸣{ku₆}",
"id": "P227909.l24067",
"ref": "P227909.125.1",
"inst": "u",
"f": {"lang": "sux",
"form": "x-kar{ku₆}",
"pos": "u"}
}
,
{
"node": "d",
"type": "line-start",
"ref": "P227909.126",
"n": "8",
"label": "r ii 8"}
,
{
"node": "l",
"frag": "[...]-x{ku₆}",
"id": "P227909.l24068",
"ref": "P227909.126.1",
"inst": "u",
"f": {"lang": "sux",
"form": "x-x{ku₆}",
"pos": "u"}
}
,
{
"node": "d",
"type": "line-start",
"ref": "P227909.127",
"n": "9",
"label": "r ii 9"}
,
{
"node": "l",
"frag": "[...]{⸢ku₆⸣}",
"id": "P227909.l24069",
"ref": "P227909.127.1",
"inst": "u",
"f": {"lang": "sux",
"form": "x{ku₆}",
"pos": "u"}
}
,
{
"node": "d",
"type": "nonx",
"ref": "P227909.128",
"strict": "1",
"extent": "20",
"scope": "line",
"state": "missing"}
,
{
"node": "d",
"type": "line-start",
"ref": "P227909.129",
"n": "30",
"label": "r ii 30"}
,
{
"node": "l",
"frag": "⸢mi-sa⸣-az{mušen}",
"id": "P227909.l2406a",
"ref": "P227909.129.1",
"inst": "misaz[bird]",
"sig": "@dcclt%sux:mi-sa-az{mušen}=misaz[bird//bird]N'N$misaz/mi-sa-az{mušen}#~",
"f": {"lang": "sux",
"form": "mi-sa-az{mušen}",
"cf": "misaz",
"gw": "bird",
"sense": "bird",
"norm0": "misaz",
"pos": "N",
"epos": "N",
"base": "mi-sa-az{mušen}",
"morph": "~"}
}
,
{
"node": "d",
"type": "line-start",
"ref": "P227909.130",
"n": "31",
"label": "r ii 31"}
,
{
"node": "l",
"frag": "muš-gu₇{mušen}",
"id": "P227909.l2406b",
"ref": "P227909.130.1",
"inst": "mušgu[bird]",
"sig": "@dcclt%sux:muš-gu₇{mušen}=mušgu[bird//a bird]N'N$mušgu/muš-gu₇{mušen}#~",
"f": {"lang": "sux",
"form": "muš-gu₇{mušen}",
"cf": "mušgu",
"gw": "bird",
"sense": "a bird",
"norm0": "mušgu",
"pos": "N",
"epos": "N",
"base": "muš-gu₇{mušen}",
"morph": "~"}
}
,
{
"node": "d",
"type": "line-start",
"ref": "P227909.131",
"n": "32",
"label": "r ii 32"}
,
{
"node": "l",
"frag": "u₅-bi₂{mušen}",
"id": "P227909.l2406c",
"ref": "P227909.131.1",
"inst": "ubi[bird]",
"sig": "@dcclt%sux:u₅-bi₂{mušen}=ubi[bird//a bird]N'N$ubi/u₅-bi₂{mušen}#~",
"f": {"lang": "sux",
"form": "u₅-bi₂{mušen}",
"cf": "ubi",
"gw": "bird",
"sense": "a bird",
"norm0": "ubi",
"pos": "N",
"epos": "N",
"base": "u₅-bi₂{mušen}",
"morph": "~"}
}
,
{
"node": "d",
"type": "line-start",
"ref": "P227909.132",
"n": "33",
"label": "r ii 33"}
,
{
"node": "l",
"frag": "gu₂-bi₂{mušen}",
"id": "P227909.l2406d",
"ref": "P227909.132.1",
"inst": "gubi[bird]",
"sig": "@dcclt%sux:gu₂-bi₂{mušen}=gubi[bird//bird]N'N$gubi/gu₂-bi₂{mušen}#~",
"f": {"lang": "sux",
"form": "gu₂-bi₂{mušen}",
"cf": "gubi",
"gw": "bird",
"sense": "bird",
"norm0": "gubi",
"pos": "N",
"epos": "N",
"base": "gu₂-bi₂{mušen}",
"morph": "~"}
}
,
{
"node": "d",
"type": "line-start",
"ref": "P227909.133",
"n": "34",
"label": "r ii 34"}
,
{
"node": "l",
"frag": "tum₁₂{mušen}",
"id": "P227909.l2406e",
"ref": "P227909.133.1",
"inst": "tum[dove]",
"sig": "@dcclt%sux:tum₁₂{mušen}=tum[dove//wild dove]N'N$tum/tum₁₂{mušen}#~",
"f": {"lang": "sux",
"form": "tum₁₂{mušen}",
"cf": "tum",
"gw": "dove",
"sense": "wild dove",
"norm0": "tum",
"pos": "N",
"epos": "N",
"base": "tum₁₂{mušen}",
"morph": "~"}
}
,
{
"node": "d",
"type": "line-start",
"ref": "P227909.134",
"n": "35",
"label": "r ii 35"}
,
{
"node": "l",
"frag": "tum₁₂-gur₄{mušen}",
"id": "P227909.l2406f",
"ref": "P227909.134.1",
"inst": "tumgur[bird]",
"sig": "@dcclt%sux:tum₁₂-gur₄{mušen}=tumgur[bird//a domesticated dove]N'N$tumgur/tum₁₂-gur₄{mušen}#~",
"f": {"lang": "sux",
"form": "tum₁₂-gur₄{mušen}",
"cf": "tumgur",
"gw": "bird",
"sense": "a domesticated dove",
"norm0": "tumgur",
"pos": "N",
"epos": "N",
"base": "tum₁₂-gur₄{mušen}",
"morph": "~"}
}
,
{
"node": "d",
"type": "line-start",
"ref": "P227909.135",
"n": "36",
"label": "r ii 36"}
,
{
"node": "l",
"frag": "ir₇-saŋ{mušen}",
"id": "P227909.l24070",
"ref": "P227909.135.1",
"inst": "irsaŋ[pigeon]",
"sig": "@dcclt%sux:ir₇-saŋ{mušen}=irsaŋ[pigeon//pigeon]N'N$irsaŋ/ir₇-saŋ{mušen}#~",
"f": {"lang": "sux",
"form": "ir₇-saŋ{mušen}",
"cf": "irsaŋ",
"gw": "pigeon",
"sense": "pigeon",
"norm0": "irsaŋ",
"pos": "N",
"epos": "N",
"base": "ir₇-saŋ{mušen}",
"morph": "~"}
}
,
{
"node": "d",
"type": "line-start",
"ref": "P227909.136",
"n": "37",
"label": "r ii 37"}
,
{
"node": "l",
"frag": "piš₁₀-bal{mušen}",
"id": "P227909.l24071",
"ref": "P227909.136.1",
"inst": "pišbal[bird]N/piš₁₀-bal{mušen}#~",
"sig": "@dcclt%sux:piš₁₀-bal{mušen}=pišbal[bird//bird]N'N$pišbal/piš₁₀-bal{mušen}#~",
"f": {"lang": "sux",
"form": "piš₁₀-bal{mušen}",
"cf": "pišbal",
"gw": "bird",
"sense": "bird",
"norm0": "pišbal",
"pos": "N",
"epos": "N",
"base": "piš₁₀-bal{mušen}",
"morph": "~"}
}
,
{
"node": "d",
"type": "line-start",
"ref": "P227909.137",
"n": "38",
"label": "r ii 38"}
,
{
"node": "l",
"frag": "dar{mušen}",
"id": "P227909.l24072",
"ref": "P227909.137.1",
"inst": "dar[bird]",
"sig": "@dcclt%sux:dar{mušen}=dar[bird//a bird, black francolin]N'N$dar/dar{mušen}#~",
"f": {"lang": "sux",
"form": "dar{mušen}",
"cf": "dar",
"gw": "bird",
"sense": "a bird, black francolin",
"norm0": "dar",
"pos": "N",
"epos": "N",
"base": "dar{mušen}",
"morph": "~"}
}
,
{
"node": "d",
"type": "line-start",
"ref": "P227909.138",
"n": "39",
"label": "r ii 39"}
,
{
"node": "l",
"frag": "dar-lugal{mušen}",
"id": "P227909.l24073",
"ref": "P227909.138.1",
"inst": "darlugal[rooster]",
"sig": "@dcclt%sux:dar-lugal{mušen}=darlugal[rooster//rooster]N'N$darlugal/dar-lugal{mušen}#~",
"f": {"lang": "sux",
"form": "dar-lugal{mušen}",
"cf": "darlugal",
"gw": "rooster",
"sense": "rooster",
"norm0": "darlugal",
"pos": "N",
"epos": "N",
"base": "dar-lugal{mušen}",
"morph": "~"}
}
,
{
"node": "d",
"type": "line-start",
"ref": "P227909.139",
"n": "40",
"label": "r ii 40"}
,
{
"node": "l",
"frag": "dar-[zi]-zi-i{mušen}",
"id": "P227909.l24074",
"ref": "P227909.139.1",
"inst": "darzizi[bird]N/dar-zi-zi-i{mušen}#~",
"sig": "@dcclt%sux:dar-zi-zi-i{mušen}=darzizi[bird//bird]N'N$darzizi/dar-zi-zi-i{mušen}#~",
"f": {"lang": "sux",
"form": "dar-zi-zi-i{mušen}",
"cf": "darzizi",
"gw": "bird",
"sense": "bird",
"norm0": "darzizi",
"pos": "N",
"epos": "N",
"base": "dar-zi-zi-i{mušen}",
"morph": "~"}
}
,
{
"node": "d",
"type": "line-start",
"ref": "P227909.140",
"n": "41",
"label": "r ii 41"}
,
{
"node": "l",
"frag": "dar",
"id": "P227909.l24075",
"ref": "P227909.140.1",
"inst": "dar[bird]",
"sig": "@dcclt%sux:dar=dar[bird//a bird, black francolin]N'N$dar/dar#~",
"f": {"lang": "sux",
"form": "dar",
"cf": "dar",
"gw": "bird",
"sense": "a bird, black francolin",
"norm0": "dar",
"pos": "N",
"epos": "N",
"base": "dar",
"morph": "~"}
}
,
{
"node": "l",
"frag": "⸢me-luh⸣-ha{[mušen]}",
"id": "P227909.l24076",
"ref": "P227909.140.2",
"inst": "Meluhha[1]GN",
"sig": "@dcclt%sux:me-luh-ha{mušen}=Meluhha[1//1]GN'GN$Meluhha/me-luh-ha{mušen}#~",
"f": {"lang": "sux",
"form": "me-luh-ha{mušen}",
"cf": "Meluhha",
"gw": "1",
"sense": "1",
"norm0": "Meluhha",
"pos": "GN",
"epos": "GN",
"base": "me-luh-ha{mušen}",
"morph": "~"}
}
,
{
"node": "d",
"subtype": "column 3r",
"type": "column",
"ref": "P227909.r.iii.141",
"n": "3",
"label": "r iii"}
,
{
"node": "d",
"type": "nonx",
"ref": "P227909.142",
"strict": "1",
"extent": "30",
"scope": "line",
"state": "missing"}
,
{
"node": "d",
"type": "nonx",
"ref": "P227909.143",
"strict": "1",
"extent": "1",
"scope": "line",
"state": "traces"}
,
{
"node": "d",
"type": "line-start",
"ref": "P227909.144",
"n": "32",
"label": "r iii 32"}
,
{
"node": "l",
"frag": "⸢LAGAB⸣{mušen}",
"id": "P227909.l24077",
"ref": "P227909.144.1",
"inst": "LAGAB[bird]",
"sig": "@dcclt%sux:LAGAB{mušen}=LAGAB[bird//a bird]N'N$LAGAB/LAGAB{mušen}#~",
"f": {"lang": "sux",
"form": "LAGAB{mušen}",
"cf": "LAGAB",
"gw": "bird",
"sense": "a bird",
"norm0": "LAGAB",
"pos": "N",
"epos": "N",
"base": "LAGAB{mušen}",
"morph": "~"}
}
,
{
"node": "d",
"type": "line-start",
"ref": "P227909.145",
"n": "33",
"label": "r iii 33"}
,
{
"node": "l",
"frag": "nim{mušen}",
"id": "P227909.l24078",
"ref": "P227909.145.1",
"inst": "nim[fly]",
"sig": "@dcclt%sux:nim{mušen}=nim[fly//fly, insect]N'N$nim/nim{mušen}#~",
"f": {"lang": "sux",
"form": "nim{mušen}",
"cf": "nim",
"gw": "fly",
"sense": "fly, insect",
"norm0": "nim",
"pos": "N",
"epos": "N",
"base": "nim{mušen}",
"morph": "~"}
}
,
{
"node": "d",
"type": "line-start",
"ref": "P227909.146",
"n": "34",
"label": "r iii 34"}
,
{
"node": "l",
"frag": "bir₅{mušen}",
"id": "P227909.l24079",
"ref": "P227909.146.1",
"inst": "bir[locust]",
"sig": "@dcclt%sux:bir₅{mušen}=bir[locust//locust]N'N$bir/bir₅{mušen}#~",
"f": {"lang": "sux",
"form": "bir₅{mušen}",
"cf": "bir",
"gw": "locust",
"sense": "locust",
"norm0": "bir",
"pos": "N",
"epos": "N",
"base": "bir₅{mušen}",
"morph": "~"}
}
,
{
"node": "d",
"type": "line-start",
"ref": "P227909.147",
"n": "35",
"label": "r iii 35"}
,
{
"node": "l",
"frag": "sim{mušen}",
"id": "P227909.l2407a",
"ref": "P227909.147.1",
"inst": "sim[swallow]",
"sig": "@dcclt%sux:sim{mušen}=sim[swallow//swallow]N'N$sim/sim{mušen}#~",
"f": {"lang": "sux",
"form": "sim{mušen}",
"cf": "sim",
"gw": "swallow",
"sense": "swallow",
"norm0": "sim",
"pos": "N",
"epos": "N",
"base": "sim{mušen}",
"morph": "~"}
}
,
{
"node": "d",
"type": "line-start",
"ref": "P227909.148",
"n": "36",
"label": "r iii 36"}
,
{
"node": "l",
"frag": "gud-te{mušen}",
"id": "P227909.l2407b",
"ref": "P227909.148.1",
"inst": "guddu[bird]",
"sig": "@dcclt%sux:gud-te{mušen}=guddu[bird//bird]N'N$guddu/gud-te{mušen}#~",
"f": {"lang": "sux",
"form": "gud-te{mušen}",
"cf": "guddu",
"gw": "bird",
"sense": "bird",
"norm0": "guddu",
"pos": "N",
"epos": "N",
"base": "gud-te{mušen}",
"morph": "~"}
}
,
{
"node": "d",
"type": "line-start",
"ref": "P227909.149",
"n": "37",
"label": "r iii 37"}
,
{
"node": "l",
"frag": "gud-du₇{mušen}",
"id": "P227909.l2407c",
"ref": "P227909.149.1",
"inst": "guddu[bird]",
"sig": "@dcclt%sux:gud-du₇{mušen}=guddu[bird//bird]N'N$guddu/gud-du₇{mušen}#~",
"f": {"lang": "sux",
"form": "gud-du₇{mušen}",
"cf": "guddu",
"gw": "bird",
"sense": "bird",
"norm0": "guddu",
"pos": "N",
"epos": "N",
"base": "gud-du₇{mušen}",
"morph": "~"}
}
,
{
"node": "d",
"type": "line-start",
"ref": "P227909.150",
"n": "38",
"label": "r iii 38"}
,
{
"node": "l",
"frag": "igi-gud-du₇{mušen}",
"id": "P227909.l2407d",
"ref": "P227909.150.1",
"inst": "igiguddu[bird]",
"sig": "@dcclt%sux:igi-gud-du₇{mušen}=igiguddu[bird//bird]N'N$igiguddu/igi-gud-du₇{mušen}#~",
"f": {"lang": "sux",
"form": "igi-gud-du₇{mušen}",
"cf": "igiguddu",
"gw": "bird",
"sense": "bird",
"norm0": "igiguddu",
"pos": "N",
"epos": "N",
"base": "igi-gud-du₇{mušen}",
"morph": "~"}
}
,
{
"node": "d",
"type": "line-start",
"ref": "P227909.151",
"n": "39",
"label": "r iii 39"}
,
{
"node": "l",
"frag": "igi-ŋeštin-na{mušen}",
"id": "P227909.l2407e",
"ref": "P227909.151.1",
"inst": "igiŋeštinak[bird]",
"sig": "@dcclt%sux:igi-ŋeštin-na{mušen}=igiŋeštinak[bird//bird]N'N$igiŋeštinak/igi-ŋeštin-na{mušen}#~",
"f": {"lang": "sux",
"form": "igi-ŋeštin-na{mušen}",
"cf": "igiŋeštinak",
"gw": "bird",
"sense": "bird",
"norm0": "igiŋeštinak",
"pos": "N",
"epos": "N",
"base": "igi-ŋeštin-na{mušen}",
"morph": "~"}
}
,
{
"node": "d",
"type": "line-start",
"ref": "P227909.152",
"n": "40",
"label": "r iii 40"}
,
{
"node": "l",
"frag": "[niŋ₂-gur₁₁]-mu-du-um{mušen}",
"id": "P227909.l2407f",
"ref": "P227909.152.1",
"inst": "niŋ₂.GA.mu.du.um[bird]",
"sig": "@dcclt%sux:niŋ₂-gur₁₁-mu-du-um{mušen}=niŋ₂.GA.mu.du.um[bird//a bird]N'N$niŋ₂.GA.mu.du.um/niŋ₂-GA-mu-du-um{mušen}#~",
"f": {"lang": "sux",
"form": "niŋ₂-gur₁₁-mu-du-um{mušen}",
"cf": "niŋ₂.GA.mu.du.um",
"gw": "bird",
"sense": "a bird",
"norm0": "niŋ₂.GA.mu.du.um",
"pos": "N",
"epos": "N",
"base": "niŋ₂-GA-mu-du-um{mušen}",
"morph": "~"}
}
,
{
"node": "d",
"type": "line-start",
"ref": "P227909.153",
"n": "41",
"label": "r iii 41"}
,
{
"node": "l",
"frag": "[ba]-an-tum₂{mušen}",
"id": "P227909.l24080",
"ref": "P227909.153.1",
"inst": "bantum[bird]",
"sig": "@dcclt%sux:ba-an-tum₂{mušen}=bantum[bird//a bird]N'N$bantum/ba-an-tum₂{mušen}#~",
"f": {"lang": "sux",
"form": "ba-an-tum₂{mušen}",
"cf": "bantum",
"gw": "bird",
"sense": "a bird",
"norm0": "bantum",
"pos": "N",
"epos": "N",
"base": "ba-an-tum₂{mušen}",
"morph": "~"}
}
,
{
"node": "d",
"subtype": "column 4r",
"type": "column",
"ref": "P227909.r.iv.154",
"n": "4",
"label": "r iv"}
,
{
"node": "d",
"type": "nonx",
"ref": "P227909.155",
"strict": "1",
"extent": "30",
"scope": "line",
"state": "missing"}
,
{
"node": "d",
"type": "line-start",
"ref": "P227909.156",
"n": "31",
"label": "r iv 31"}
,
{
"node": "l",
"frag": "[...]{mušen}",
"id": "P227909.l24081",
"ref": "P227909.156.1",
"inst": "u",
"f": {"lang": "sux",
"form": "x{mušen}",
"pos": "u"}
}
,
{
"node": "d",
"type": "line-start",
"ref": "P227909.157",
"n": "32",
"label": "r iv 32"}
,
{
"node": "l",
"frag": "[...]{mušen}",
"id": "P227909.l24082",
"ref": "P227909.157.1",
"inst": "u",
"f": {"lang": "sux",
"form": "x{mušen}",
"pos": "u"}
}
,
{
"node": "d",
"type": "line-start",
"ref": "P227909.158",
"n": "33",
"label": "r iv 33"}
,
{
"node": "l",
"frag": "uga{mušen}",
"id": "P227909.l24083",
"ref": "P227909.158.1",
"inst": "uga[raven]",
"sig": "@dcclt%sux:uga{mušen}=uga[raven//raven]N'N$uga/uga{mušen}#~",
"f": {"lang": "sux",
"form": "uga{mušen}",
"cf": "uga",
"gw": "raven",
"sense": "raven",
"norm0": "uga",
"pos": "N",
"epos": "N",
"base": "uga{mušen}",
"morph": "~"}
}
,
{
"node": "d",
"type": "line-start",
"ref": "P227909.159",
"n": "34",
"label": "r iv 34"}
,
{
"node": "l",
"frag": "ti-gi₄-lu{mušen}",
"id": "P227909.l24084",
"ref": "P227909.159.1",
"inst": "tigidlu[bird]",
"sig": "@dcclt%sux:ti-gi₄-lu{mušen}=tigidlu[bird//a bird]N'N$tigidlu/ti-gi₄-lu{mušen}#~",
"f": {"lang": "sux",
"form": "ti-gi₄-lu{mušen}",
"cf": "tigidlu",
"gw": "bird",
"sense": "a bird",
"norm0": "tigidlu",
"pos": "N",
"epos": "N",
"base": "ti-gi₄-lu{mušen}",
"morph": "~"}
}
,
{
"node": "d",
"type": "line-start",
"ref": "P227909.160",
"n": "35",
"label": "r iv 35"}
,
{
"node": "l",
"frag": "arkab(|GAR.IB|){mušen}",
"id": "P227909.l24085",
"ref": "P227909.160.1",
"inst": "arkab[bat]N",
"sig": "@dcclt%sux:arkab(|GAR.IB|){mušen}=arkab[bat//a bird or bat]N'N$arkab/arkab(|GAR.IB|){mušen}#~",
"f": {"lang": "sux",
"form": "arkab(|GAR.IB|){mušen}",
"cf": "arkab",
"gw": "bat",
"sense": "a bird or bat",
"norm0": "arkab",
"pos": "N",
"epos": "N",
"base": "arkab(|GAR.IB|){mušen}",
"morph": "~"}
}
,
{
"node": "d",
"type": "line-start",
"ref": "P227909.161",
"n": "36",
"label": "r iv 36"}
,
{
"node": "l",
"frag": "[...]{mušen}",
"id": "P227909.l24086",
"ref": "P227909.161.1",
"inst": "u",
"f": {"lang": "sux",
"form": "x{mušen}",
"pos": "u"}
}
,
{
"node": "d",
"subtype": "column 5r",
"type": "column",
"ref": "P227909.r.v.162",
"n": "5",
"label": "r v"}
,
{
"node": "d",
"type": "nonx",
"ref": "P227909.163",
"strict": "1",
"extent": "2",
"scope": "line",
"state": "traces"}
,
{
"node": "d",
"type": "line-start",
"ref": "P227909.164",
"n": "3'",
"label": "r v 3'"}
,
{
"node": "l",
"frag": "⸢gada⸣",
"id": "P227909.l24087",
"ref": "P227909.164.1",
"inst": "gada[flax]",
"sig": "@dcclt%sux:gada=gada[flax//flax]N'N$gada/gada#~",
"f": {"lang": "sux",
"form": "gada",
"cf": "gada",
"gw": "flax",
"sense": "flax",
"norm0": "gada",
"pos": "N",
"epos": "N",
"base": "gada",
"morph": "~"}
}
,
{
"node": "l",
"frag": "[...]",
"id": "P227909.l24088",
"ref": "P227909.164.2",
"inst": "u",
"f": {"lang": "sux",
"form": "x",
"pos": "u"}
}
,
{
"node": "d",
"type": "nonx",
"ref": "P227909.165",
"strict": "1",
"extent": "2",
"scope": "line",
"state": "traces"}
,
{
"node": "d",
"type": "line-start",
"ref": "P227909.166",
"n": "4'",
"label": "r v 4'"}
,
{
"node": "l",
"frag": "gada",
"id": "P227909.l24089",
"ref": "P227909.166.1",
"inst": "gada[flax]",
"sig": "@dcclt%sux:gada=gada[flax//flax]N'N$gada/gada#~",
"f": {"lang": "sux",
"form": "gada",
"cf": "gada",
"gw": "flax",
"sense": "flax",
"norm0": "gada",
"pos": "N",
"epos": "N",
"base": "gada",
"morph": "~"}
}
,
{
"node": "l",
"frag": "[...]",
"id": "P227909.l2408a",
"ref": "P227909.166.2",
"inst": "u",
"f": {"lang": "sux",
"form": "x",
"pos": "u"}
}
,
{
"node": "d",
"type": "line-start",
"ref": "P227909.167",
"n": "5'",
"label": "r v 5'"}
,
{
"node": "l",
"frag": "gada",
"id": "P227909.l2408b",
"ref": "P227909.167.1",
"inst": "gada[flax]",
"sig": "@dcclt%sux:gada=gada[flax//flax]N'N$gada/gada#~",
"f": {"lang": "sux",
"form": "gada",
"cf": "gada",
"gw": "flax",
"sense": "flax",
"norm0": "gada",
"pos": "N",
"epos": "N",
"base": "gada",
"morph": "~"}
}
,
{
"node": "l",
"frag": "šu-[...]",
"id": "P227909.l2408c",
"ref": "P227909.167.2",
"inst": "u",
"f": {"lang": "sux",
"form": "šu-x",
"pos": "u"}
}
,
{
"node": "d",
"type": "line-start",
"ref": "P227909.168",
"n": "6'",
"label": "r v 6'"}
,
{
"node": "l",
"frag": "gada",
"id": "P227909.l2408d",
"ref": "P227909.168.1",
"inst": "gada[flax]",
"sig": "@dcclt%sux:gada=gada[flax//flax]N'N$gada/gada#~",
"f": {"lang": "sux",
"form": "gada",
"cf": "gada",
"gw": "flax",
"sense": "flax",
"norm0": "gada",
"pos": "N",
"epos": "N",
"base": "gada",
"morph": "~"}
}
,
{
"node": "l",
"frag": "[...]",
"id": "P227909.l2408e",
"ref": "P227909.168.2",
"inst": "u",
"f": {"lang": "sux",
"form": "x",
"pos": "u"}
}
,
{
"node": "d",
"type": "line-start",
"ref": "P227909.169",
"n": "7'",
"label": "r v 7'"}
,
{
"node": "l",
"frag": "⸢gada⸣",
"id": "P227909.l2408f",
"ref": "P227909.169.1",
"inst": "gada[flax]",
"sig": "@dcclt%sux:gada=gada[flax//flax]N'N$gada/gada#~",
"f": {"lang": "sux",
"form": "gada",
"cf": "gada",
"gw": "flax",
"sense": "flax",
"norm0": "gada",
"pos": "N",
"epos": "N",
"base": "gada",
"morph": "~"}
}
,
{
"node": "l",
"frag": "[...]",
"id": "P227909.l24090",
"ref": "P227909.169.2",
"inst": "u",
"f": {"lang": "sux",
"form": "x",
"pos": "u"}
}
,
{
"node": "d",
"type": "line-start",
"ref": "P227909.170",
"n": "8'",
"label": "r v 8'"}
,
{
"node": "l",
"frag": "⸢gada⸣",
"id": "P227909.l24091",
"ref": "P227909.170.1",
"inst": "gada[flax]",
"sig": "@dcclt%sux:gada=gada[flax//flax]N'N$gada/gada#~",
"f": {"lang": "sux",
"form": "gada",
"cf": "gada",
"gw": "flax",
"sense": "flax",
"norm0": "gada",
"pos": "N",
"epos": "N",
"base": "gada",
"morph": "~"}
}
,
{
"node": "l",
"frag": "[...]",
"id": "P227909.l24092",
"ref": "P227909.170.2",
"inst": "u",
"f": {"lang": "sux",
"form": "x",
"pos": "u"}
}
,
{
"node": "d",
"type": "nonx",
"ref": "P227909.171",
"strict": "1",
"extent": "rest",
"scope": "column",
"state": "missing"}
,
{
"node": "d",
"subtype": "column 6r",
"type": "column",
"ref": "P227909.r.vi.172",
"n": "6",
"label": "r vi"}
,
{
"node": "d",
"type": "nonx",
"ref": "P227909.173",
"strict": "1",
"extent": "1",
"scope": "column",
"state": "blank"}
]}
]}
]}
]}
