{
"type": "cdl",
  "source": "http://oracc.org/dcclt",
  "license": "This data is released under the CC0 license",
  "license-url": "https://creativecommons.org/publicdomain/zero/1.0/",
  "more-info": "http://oracc.org/doc/opendata/",
  "UTC-timestamp": "2017-05-19T18:24:23",
"project": "dcclt",
"textid": "P227805",
"cdl": [
{
"node": "c",
"type": "text",
"id": "P227805.U0",
"cdl": [
{
"node": "d",
"type": "object",
"ref": ""}
,
{
"node": "d",
"type": "surface",
"ref": ""}
,
{
"node": "d",
"subtype": "column 1",
"type": "column",
"ref": "P227805.i.1",
"n": "1",
"label": "i"}
,
{
"node": "c",
"type": "discourse",
"subtype": "body",
"id": "P227805.U1",
"cdl": [
{
"node": "c",
"type": "sentence",
"id": "P227805.U2",
"label": "i 1 - iv 4'",
"cdl": [
{
"node": "d",
"type": "line-start",
"ref": "P227805.2",
"n": "1",
"label": "i 1"}
,
{
"node": "d",
"type": "cell-start"}
,
{
"node": "d",
"type": "field-start",
"subtype": "wp"}
,
{
"node": "l",
"frag": "zig₃-ga",
"id": "P227805.l0f93d",
"ref": "P227805.2.1",
"inst": "zig[rise]",
"sig": "@dcclt%sux:zig₃-ga=zig[rise//rise]V/t'V/t$zig;a/zig₃+-ga=g.a#~;a",
"f": {"lang": "sux",
"form": "zig₃-ga",
"cf": "zig",
"gw": "rise",
"sense": "rise",
"norm0": "zig;a",
"pos": "V/t",
"epos": "V/t",
"base": "zig₃",
"cont": "-ga=g.a",
"morph": "~;a"}
}
,
{
"node": "d",
"type": "field-end",
"subtype": "wp"}
,
{
"node": "d",
"type": "cell-end"}
,
{
"node": "d",
"type": "cell-start"}
,
{
"node": "d",
"type": "field-start",
"subtype": "eq"}
,
{
"node": "l",
"frag": "ti-bi",
"id": "P227805.l0f93e",
"ref": "P227805.2.2",
"inst": "L",
"f": {"lang": "akk-x-oldbab",
"form": "ti-bi",
"pos": "L"}
}
,
{
"node": "d",
"type": "field-end",
"subtype": "eq"}
,
{
"node": "d",
"type": "cell-end"}
,
{
"node": "d",
"type": "line-start",
"ref": "P227805.3",
"n": "2",
"label": "i 2"}
,
{
"node": "d",
"type": "cell-start"}
,
{
"node": "d",
"type": "field-start",
"subtype": "wp"}
,
{
"node": "l",
"frag": "ga-zig₃",
"id": "P227805.l0f93f",
"ref": "P227805.3.1",
"inst": "zig[rise]",
"sig": "@dcclt%sux:ga-zig₃=zig[rise//rise]V/t'V/t$ga:zig/zig₃#ga:~",
"f": {"lang": "sux",
"form": "ga-zig₃",
"cf": "zig",
"gw": "rise",
"sense": "rise",
"norm0": "ga:zig",
"pos": "V/t",
"epos": "V/t",
"base": "zig₃",
"morph": "ga:~"}
}
,
{
"node": "d",
"type": "field-end",
"subtype": "wp"}
,
{
"node": "d",
"type": "cell-end"}
,
{
"node": "d",
"type": "cell-start"}
,
{
"node": "d",
"type": "field-start",
"subtype": "eq"}
,
{
"node": "l",
"frag": "lu-ut-bi",
"id": "P227805.l0f940",
"ref": "P227805.3.2",
"inst": "L",
"f": {"lang": "akk-x-oldbab",
"form": "lu-ut-bi",
"pos": "L"}
}
,
{
"node": "d",
"type": "field-end",
"subtype": "eq"}
,
{
"node": "d",
"type": "cell-end"}
,
{
"node": "d",
"type": "line-start",
"ref": "P227805.4",
"n": "3",
"label": "i 3"}
,
{
"node": "d",
"type": "cell-start"}
,
{
"node": "d",
"type": "field-start",
"subtype": "wp"}
,
{
"node": "l",
"frag": "i₃-zig₃-ge-en",
"id": "P227805.l0f941",
"ref": "P227805.4.1",
"inst": "zig[rise]",
"sig": "@dcclt%sux:i₃-zig₃-ge-en=zig[rise//rise]V/t'V/t$V:zig;e.en/zig₃+-ge=g+e#V:~;e.en",
"f": {"lang": "sux",
"form": "i₃-zig₃-ge-en",
"cf": "zig",
"gw": "rise",
"sense": "rise",
"norm0": "V:zig;e.en",
"pos": "V/t",
"epos": "V/t",
"base": "zig₃",
"cont": "-ge=g+e",
"morph": "V:~;e.en"}
}
,
{
"node": "d",
"type": "field-end",
"subtype": "wp"}
,
{
"node": "d",
"type": "cell-end"}
,
{
"node": "d",
"type": "cell-start"}
,
{
"node": "d",
"type": "field-start",
"subtype": "eq"}
,
{
"node": "l",
"frag": "e-et-bi",
"id": "P227805.l0f942",
"ref": "P227805.4.2",
"inst": "L",
"f": {"lang": "akk-x-oldbab",
"form": "e-et-bi",
"pos": "L"}
}
,
{
"node": "d",
"type": "field-end",
"subtype": "eq"}
,
{
"node": "d",
"type": "cell-end"}
,
{
"node": "d",
"type": "line-start",
"ref": "P227805.5",
"n": "4",
"label": "i 4"}
,
{
"node": "d",
"type": "cell-start"}
,
{
"node": "d",
"type": "field-start",
"subtype": "wp"}
,
{
"node": "l",
"frag": "nu-zig₃-ge-en",
"id": "P227805.l0f943",
"ref": "P227805.5.1",
"inst": "zig[rise]",
"sig": "@dcclt%sux:nu-zig₃-ge-en=zig[rise//rise]V/t'V/t$nu:zig;e.en/zig₃+-ge=g+e#nu:~;e.en",
"f": {"lang": "sux",
"form": "nu-zig₃-ge-en",
"cf": "zig",
"gw": "rise",
"sense": "rise",
"norm0": "nu:zig;e.en",
"pos": "V/t",
"epos": "V/t",
"base": "zig₃",
"cont": "-ge=g+e",
"morph": "nu:~;e.en"}
}
,
{
"node": "d",
"type": "field-end",
"subtype": "wp"}
,
{
"node": "d",
"type": "cell-end"}
,
{
"node": "d",
"type": "cell-start"}
,
{
"node": "d",
"type": "field-start",
"subtype": "eq"}
,
{
"node": "l",
"frag": "u₂-ul",
"id": "P227805.l0f944",
"ref": "P227805.5.2",
"inst": "L",
"f": {"lang": "akk-x-oldbab",
"form": "u₂-ul",
"pos": "L"}
}
,
{
"node": "l",
"frag": "e-et-bi",
"id": "P227805.l0f945",
"ref": "P227805.5.3",
"inst": "L",
"f": {"lang": "akk-x-oldbab",
"form": "e-et-bi",
"pos": "L"}
}
,
{
"node": "d",
"type": "field-end",
"subtype": "eq"}
,
{
"node": "d",
"type": "cell-end"}
,
{
"node": "d",
"type": "line-start",
"ref": "P227805.6",
"n": "5",
"label": "i 5"}
,
{
"node": "d",
"type": "cell-start"}
,
{
"node": "d",
"type": "field-start",
"subtype": "wp"}
,
{
"node": "l",
"frag": "i₃-zig₃-ge-en",
"id": "P227805.l0f946",
"ref": "P227805.6.1",
"inst": "zig[rise]",
"sig": "@dcclt%sux:i₃-zig₃-ge-en=zig[rise//rise]V/t'V/t$V:zig;e.en/zig₃+-ge=g+e#V:~;e.en",
"f": {"lang": "sux",
"form": "i₃-zig₃-ge-en",
"cf": "zig",
"gw": "rise",
"sense": "rise",
"norm0": "V:zig;e.en",
"pos": "V/t",
"epos": "V/t",
"base": "zig₃",
"cont": "-ge=g+e",
"morph": "V:~;e.en"}
}
,
{
"node": "d",
"type": "field-end",
"subtype": "wp"}
,
{
"node": "d",
"type": "cell-end"}
,
{
"node": "d",
"type": "cell-start"}
,
{
"node": "d",
"type": "field-start",
"subtype": "eq"}
,
{
"node": "l",
"frag": "te-et-bi",
"id": "P227805.l0f947",
"ref": "P227805.6.2",
"inst": "L",
"f": {"lang": "akk-x-oldbab",
"form": "te-et-bi",
"pos": "L"}
}
,
{
"node": "d",
"type": "field-end",
"subtype": "eq"}
,
{
"node": "d",
"type": "cell-end"}
,
{
"node": "d",
"type": "line-start",
"ref": "P227805.7",
"n": "6",
"label": "i 6"}
,
{
"node": "d",
"type": "cell-start"}
,
{
"node": "d",
"type": "field-start",
"subtype": "wp"}
,
{
"node": "l",
"frag": "nu-zig₃-ge-en",
"id": "P227805.l0f948",
"ref": "P227805.7.1",
"inst": "zig[rise]",
"sig": "@dcclt%sux:nu-zig₃-ge-en=zig[rise//rise]V/t'V/t$nu:zig;e.en/zig₃+-ge=g+e#nu:~;e.en",
"f": {"lang": "sux",
"form": "nu-zig₃-ge-en",
"cf": "zig",
"gw": "rise",
"sense": "rise",
"norm0": "nu:zig;e.en",
"pos": "V/t",
"epos": "V/t",
"base": "zig₃",
"cont": "-ge=g+e",
"morph": "nu:~;e.en"}
}
,
{
"node": "d",
"type": "field-end",
"subtype": "wp"}
,
{
"node": "d",
"type": "cell-end"}
,
{
"node": "d",
"type": "cell-start"}
,
{
"node": "d",
"type": "field-start",
"subtype": "eq"}
,
{
"node": "l",
"frag": "u₂-ul",
"id": "P227805.l0f949",
"ref": "P227805.7.2",
"inst": "L",
"f": {"lang": "akk-x-oldbab",
"form": "u₂-ul",
"pos": "L"}
}
,
{
"node": "l",
"frag": "te-et-bi",
"id": "P227805.l0f94a",
"ref": "P227805.7.3",
"inst": "L",
"f": {"lang": "akk-x-oldbab",
"form": "te-et-bi",
"pos": "L"}
}
,
{
"node": "d",
"type": "field-end",
"subtype": "eq"}
,
{
"node": "d",
"type": "cell-end"}
,
{
"node": "d",
"type": "line-start",
"ref": "P227805.8",
"n": "7",
"label": "i 7"}
,
{
"node": "d",
"type": "cell-start"}
,
{
"node": "d",
"type": "field-start",
"subtype": "wp"}
,
{
"node": "l",
"frag": "[i₃]-zig₃",
"id": "P227805.l0f94b",
"ref": "P227805.8.1",
"inst": "zig[rise]",
"sig": "@dcclt%sux:i₃-zig₃=zig[rise//rise]V/t'V/t$V:zig/zig₃#V:~",
"f": {"lang": "sux",
"form": "i₃-zig₃",
"cf": "zig",
"gw": "rise",
"sense": "rise",
"norm0": "V:zig",
"pos": "V/t",
"epos": "V/t",
"base": "zig₃",
"morph": "V:~"}
}
,
{
"node": "d",
"type": "field-end",
"subtype": "wp"}
,
{
"node": "d",
"type": "cell-end"}
,
{
"node": "d",
"type": "cell-start"}
,
{
"node": "d",
"type": "field-start",
"subtype": "eq"}
,
{
"node": "l",
"frag": "it-bi",
"id": "P227805.l0f94c",
"ref": "P227805.8.2",
"inst": "L",
"f": {"lang": "akk-x-oldbab",
"form": "it-bi",
"pos": "L"}
}
,
{
"node": "d",
"type": "field-end",
"subtype": "eq"}
,
{
"node": "d",
"type": "cell-end"}
,
{
"node": "d",
"type": "line-start",
"ref": "P227805.9",
"n": "8",
"label": "i 8"}
,
{
"node": "d",
"type": "cell-start"}
,
{
"node": "d",
"type": "field-start",
"subtype": "wp"}
,
{
"node": "l",
"frag": "[nu]-zig₃",
"id": "P227805.l0f94d",
"ref": "P227805.9.1",
"inst": "zig[rise]",
"sig": "@dcclt%sux:nu-zig₃=zig[rise//rise]V/t'V/t$nu:zig/zig₃#nu:~",
"f": {"lang": "sux",
"form": "nu-zig₃",
"cf": "zig",
"gw": "rise",
"sense": "rise",
"norm0": "nu:zig",
"pos": "V/t",
"epos": "V/t",
"base": "zig₃",
"morph": "nu:~"}
}
,
{
"node": "d",
"type": "field-end",
"subtype": "wp"}
,
{
"node": "d",
"type": "cell-end"}
,
{
"node": "d",
"type": "cell-start"}
,
{
"node": "d",
"type": "field-start",
"subtype": "eq"}
,
{
"node": "l",
"frag": "u₂-ul",
"id": "P227805.l0f94e",
"ref": "P227805.9.2",
"inst": "L",
"f": {"lang": "akk-x-oldbab",
"form": "u₂-ul",
"pos": "L"}
}
,
{
"node": "l",
"frag": "it-bi",
"id": "P227805.l0f94f",
"ref": "P227805.9.3",
"inst": "L",
"f": {"lang": "akk-x-oldbab",
"form": "it-bi",
"pos": "L"}
}
,
{
"node": "d",
"type": "field-end",
"subtype": "eq"}
,
{
"node": "d",
"type": "cell-end"}
,
{
"node": "d",
"type": "line-start",
"ref": "P227805.10",
"n": "9",
"label": "i 9"}
,
{
"node": "d",
"type": "cell-start"}
,
{
"node": "d",
"type": "field-start",
"subtype": "wp"}
,
{
"node": "l",
"frag": "[ba-zig₃]-ge-en",
"id": "P227805.l0f950",
"ref": "P227805.10.1",
"inst": "zig[rise]",
"sig": "@dcclt%sux:ba-zig₃-ge-en=zig[rise//rise]V/t'V/t$ba:zig;e.en/zig₃+-ge=g+e#ba:~;e.en",
"f": {"lang": "sux",
"form": "ba-zig₃-ge-en",
"cf": "zig",
"gw": "rise",
"sense": "rise",
"norm0": "ba:zig;e.en",
"pos": "V/t",
"epos": "V/t",
"base": "zig₃",
"cont": "-ge=g+e",
"morph": "ba:~;e.en"}
}
,
{
"node": "d",
"type": "field-end",
"subtype": "wp"}
,
{
"node": "d",
"type": "cell-end"}
,
{
"node": "d",
"type": "cell-start"}
,
{
"node": "d",
"type": "field-start",
"subtype": "eq"}
,
{
"node": "l",
"frag": "e-et-te-bi",
"id": "P227805.l0f951",
"ref": "P227805.10.2",
"inst": "L",
"f": {"lang": "akk-x-oldbab",
"form": "e-et-te-bi",
"pos": "L"}
}
,
{
"node": "d",
"type": "field-end",
"subtype": "eq"}
,
{
"node": "d",
"type": "cell-end"}
,
{
"node": "d",
"type": "line-start",
"ref": "P227805.11",
"n": "10",
"label": "i 10"}
,
{
"node": "d",
"type": "cell-start"}
,
{
"node": "d",
"type": "field-start",
"subtype": "wp"}
,
{
"node": "l",
"frag": "[la-ba-zig₃]-⸢ge⸣-en",
"id": "P227805.l0f952",
"ref": "P227805.11.1",
"inst": "zig[rise]",
"sig": "@dcclt%sux:la-ba-zig₃-ge-en=zig[rise//rise]V/t'V/t$nu.ba:zig;e.en/zig₃+-ge=g+e#nu.ba:~;e.en",
"f": {"lang": "sux",
"form": "la-ba-zig₃-ge-en",
"cf": "zig",
"gw": "rise",
"sense": "rise",
"norm0": "nu.ba:zig;e.en",
"pos": "V/t",
"epos": "V/t",
"base": "zig₃",
"cont": "-ge=g+e",
"morph": "nu.ba:~;e.en"}
}
,
{
"node": "d",
"type": "field-end",
"subtype": "wp"}
,
{
"node": "d",
"type": "cell-end"}
,
{
"node": "d",
"type": "cell-start"}
,
{
"node": "d",
"type": "field-start",
"subtype": "eq"}
,
{
"node": "l",
"frag": "u₂-ul",
"id": "P227805.l0f953",
"ref": "P227805.11.2",
"inst": "L",
"f": {"lang": "akk-x-oldbab",
"form": "u₂-ul",
"pos": "L"}
}
,
{
"node": "l",
"frag": "e-et-te-bi",
"id": "P227805.l0f954",
"ref": "P227805.11.3",
"inst": "L",
"f": {"lang": "akk-x-oldbab",
"form": "e-et-te-bi",
"pos": "L"}
}
,
{
"node": "d",
"type": "field-end",
"subtype": "eq"}
,
{
"node": "d",
"type": "cell-end"}
,
{
"node": "d",
"type": "line-start",
"ref": "P227805.12",
"n": "11",
"label": "i 11"}
,
{
"node": "d",
"type": "cell-start"}
,
{
"node": "d",
"type": "field-start",
"subtype": "wp"}
,
{
"node": "l",
"frag": "[ba-zig₃]-⸢ge⸣-en",
"id": "P227805.l0f955",
"ref": "P227805.12.1",
"inst": "zig[rise]",
"sig": "@dcclt%sux:ba-zig₃-ge-en=zig[rise//rise]V/t'V/t$ba:zig;e.en/zig₃+-ge=g+e#ba:~;e.en",
"f": {"lang": "sux",
"form": "ba-zig₃-ge-en",
"cf": "zig",
"gw": "rise",
"sense": "rise",
"norm0": "ba:zig;e.en",
"pos": "V/t",
"epos": "V/t",
"base": "zig₃",
"cont": "-ge=g+e",
"morph": "ba:~;e.en"}
}
,
{
"node": "d",
"type": "field-end",
"subtype": "wp"}
,
{
"node": "d",
"type": "cell-end"}
,
{
"node": "d",
"type": "cell-start"}
,
{
"node": "d",
"type": "field-start",
"subtype": "eq"}
,
{
"node": "l",
"frag": "te-et-te-bi",
"id": "P227805.l0f956",
"ref": "P227805.12.2",
"inst": "L",
"f": {"lang": "akk-x-oldbab",
"form": "te-et-te-bi",
"pos": "L"}
}
,
{
"node": "d",
"type": "field-end",
"subtype": "eq"}
,
{
"node": "d",
"type": "cell-end"}
,
{
"node": "d",
"type": "line-start",
"ref": "P227805.13",
"n": "12",
"label": "i 12"}
,
{
"node": "d",
"type": "cell-start"}
,
{
"node": "d",
"type": "field-start",
"subtype": "wp"}
,
{
"node": "l",
"frag": "[la-ba-zig₃-ge-en]",
"id": "P227805.l0f957",
"ref": "P227805.13.1",
"inst": "zig[rise]",
"sig": "@dcclt%sux:la-ba-zig₃-ge-en=zig[rise//rise]V/t'V/t$nu.ba:zig;e.en/zig₃+-ge=g+e#nu.ba:~;e.en",
"f": {"lang": "sux",
"form": "la-ba-zig₃-ge-en",
"cf": "zig",
"gw": "rise",
"sense": "rise",
"norm0": "nu.ba:zig;e.en",
"pos": "V/t",
"epos": "V/t",
"base": "zig₃",
"cont": "-ge=g+e",
"morph": "nu.ba:~;e.en"}
}
,
{
"node": "d",
"type": "field-end",
"subtype": "wp"}
,
{
"node": "d",
"type": "cell-end"}
,
{
"node": "d",
"type": "cell-start"}
,
{
"node": "d",
"type": "field-start",
"subtype": "eq"}
,
{
"node": "l",
"frag": "[u₂-ul",
"id": "P227805.l0f958",
"ref": "P227805.13.2",
"inst": "L",
"f": {"lang": "akk-x-oldbab",
"form": "u₂-ul",
"pos": "L"}
}
,
{
"node": "l",
"frag": "te-et-te]-⸢bi⸣",
"id": "P227805.l0f959",
"ref": "P227805.13.3",
"inst": "L",
"f": {"lang": "akk-x-oldbab",
"form": "te-et-te-bi",
"pos": "L"}
}
,
{
"node": "d",
"type": "field-end",
"subtype": "eq"}
,
{
"node": "d",
"type": "cell-end"}
,
{
"node": "d",
"type": "nonx",
"ref": "P227805.14",
"strict": "1",
"extent": "rest",
"scope": "column",
"state": "missing"}
,
{
"node": "d",
"subtype": "column 2",
"type": "column",
"ref": "P227805.ii.15",
"n": "2",
"label": "ii"}
,
{
"node": "d",
"type": "line-start",
"ref": "P227805.16",
"n": "1",
"label": "ii 1"}
,
{
"node": "d",
"type": "cell-start"}
,
{
"node": "d",
"type": "field-start",
"subtype": "wp"}
,
{
"node": "l",
"frag": "zig₃-ga(BA)-ab",
"id": "P227805.l0f95a",
"ref": "P227805.16.1",
"inst": "zig[rise]",
"sig": "@dcclt%sux:zig₃-ga-ab=zig[rise//rise]V/t'V/t$zig!a.V.b/zig₃#~!a.V.b",
"f": {"lang": "sux",
"form": "zig₃-ga-ab",
"cf": "zig",
"gw": "rise",
"sense": "rise",
"norm0": "zig!a.V.b",
"pos": "V/t",
"epos": "V/t",
"base": "zig₃",
"morph": "~!a.V.b"}
}
,
{
"node": "d",
"type": "field-end",
"subtype": "wp"}
,
{
"node": "d",
"type": "cell-end"}
,
{
"node": "d",
"type": "cell-start"}
,
{
"node": "d",
"type": "field-start",
"subtype": "eq"}
,
{
"node": "l",
"frag": "šu-ut-[bi]",
"id": "P227805.l0f95b",
"ref": "P227805.16.2",
"inst": "L",
"f": {"lang": "akk-x-oldbab",
"form": "šu-ut-bi",
"pos": "L"}
}
,
{
"node": "d",
"type": "field-end",
"subtype": "eq"}
,
{
"node": "d",
"type": "cell-end"}
,
{
"node": "d",
"type": "line-start",
"ref": "P227805.17",
"n": "2",
"label": "ii 2"}
,
{
"node": "d",
"type": "cell-start"}
,
{
"node": "d",
"type": "field-start",
"subtype": "wp"}
,
{
"node": "l",
"frag": "ga-ab-zig₃",
"id": "P227805.l0f95c",
"ref": "P227805.17.1",
"inst": "zig[rise]",
"sig": "@dcclt%sux:ga-ab-zig₃=zig[rise//rise]V/t'V/t$ga.V.b:zig/zig₃#ga.V.b:~",
"f": {"lang": "sux",
"form": "ga-ab-zig₃",
"cf": "zig",
"gw": "rise",
"sense": "rise",
"norm0": "ga.V.b:zig",
"pos": "V/t",
"epos": "V/t",
"base": "zig₃",
"morph": "ga.V.b:~"}
}
,
{
"node": "d",
"type": "field-end",
"subtype": "wp"}
,
{
"node": "d",
"type": "cell-end"}
,
{
"node": "d",
"type": "cell-start"}
,
{
"node": "d",
"type": "field-start",
"subtype": "eq"}
,
{
"node": "l",
"frag": "lu-ši-⸢it⸣-[bi]",
"id": "P227805.l0f95d",
"ref": "P227805.17.2",
"inst": "L",
"f": {"lang": "akk-x-oldbab",
"form": "lu-ši-it-bi",
"pos": "L"}
}
,
{
"node": "d",
"type": "field-end",
"subtype": "eq"}
,
{
"node": "d",
"type": "cell-end"}
,
{
"node": "d",
"type": "line-start",
"ref": "P227805.18",
"n": "3",
"label": "ii 3"}
,
{
"node": "d",
"type": "cell-start"}
,
{
"node": "d",
"type": "field-start",
"subtype": "wp"}
,
{
"node": "l",
"frag": "zig₃-ga-an",
"id": "P227805.l0f95e",
"ref": "P227805.18.1",
"inst": "zig[rise]",
"sig": "@dcclt%sux:zig₃-ga-an=zig[rise//rise]V/t'V/t$zig!a.V.n/zig₃#~!a.V.n",
"f": {"lang": "sux",
"form": "zig₃-ga-an",
"cf": "zig",
"gw": "rise",
"sense": "rise",
"norm0": "zig!a.V.n",
"pos": "V/t",
"epos": "V/t",
"base": "zig₃",
"morph": "~!a.V.n"}
}
,
{
"node": "d",
"type": "field-end",
"subtype": "wp"}
,
{
"node": "d",
"type": "cell-end"}
,
{
"node": "d",
"type": "cell-start"}
,
{
"node": "d",
"type": "field-start",
"subtype": "eq"}
,
{
"node": "l",
"frag": "šu-ut-[bi]",
"id": "P227805.l0f95f",
"ref": "P227805.18.2",
"inst": "L",
"f": {"lang": "akk-x-oldbab",
"form": "šu-ut-bi",
"pos": "L"}
}
,
{
"node": "d",
"type": "field-end",
"subtype": "eq"}
,
{
"node": "d",
"type": "cell-end"}
,
{
"node": "d",
"type": "line-start",
"ref": "P227805.19",
"n": "4",
"label": "ii 4"}
,
{
"node": "d",
"type": "cell-start"}
,
{
"node": "d",
"type": "field-start",
"subtype": "wp"}
,
{
"node": "l",
"frag": "ga-an-zig₃",
"id": "P227805.l0f960",
"ref": "P227805.19.1",
"inst": "zig[rise]",
"sig": "@dcclt%sux:ga-an-zig₃=zig[rise//rise]V/t'V/t$ga.V.n:zig/zig₃#ga.V.n:~",
"f": {"lang": "sux",
"form": "ga-an-zig₃",
"cf": "zig",
"gw": "rise",
"sense": "rise",
"norm0": "ga.V.n:zig",
"pos": "V/t",
"epos": "V/t",
"base": "zig₃",
"morph": "ga.V.n:~"}
}
,
{
"node": "d",
"type": "field-end",
"subtype": "wp"}
,
{
"node": "d",
"type": "cell-end"}
,
{
"node": "d",
"type": "cell-start"}
,
{
"node": "d",
"type": "field-start",
"subtype": "eq"}
,
{
"node": "l",
"frag": "lu-ši-[it-bi]",
"id": "P227805.l0f961",
"ref": "P227805.19.2",
"inst": "L",
"f": {"lang": "akk-x-oldbab",
"form": "lu-ši-it-bi",
"pos": "L"}
}
,
{
"node": "d",
"type": "field-end",
"subtype": "eq"}
,
{
"node": "d",
"type": "cell-end"}
,
{
"node": "d",
"type": "line-start",
"ref": "P227805.20",
"n": "5",
"label": "ii 5"}
,
{
"node": "d",
"type": "cell-start"}
,
{
"node": "d",
"type": "field-start",
"subtype": "wp"}
,
{
"node": "l",
"frag": "zig₃-ga-na-ni",
"id": "P227805.l0f962",
"ref": "P227805.20.1",
"inst": "zig[rise]",
"sig": "@dcclt%sux:zig₃-ga-na-ni=zig[rise//rise]V/t'V/t$zig!a.na.ni/zig₃#~!a.na.ni",
"f": {"lang": "sux",
"form": "zig₃-ga-na-ni",
"cf": "zig",
"gw": "rise",
"sense": "rise",
"norm0": "zig!a.na.ni",
"pos": "V/t",
"epos": "V/t",
"base": "zig₃",
"morph": "~!a.na.ni"}
}
,
{
"node": "d",
"type": "field-end",
"subtype": "wp"}
,
{
"node": "d",
"type": "cell-end"}
,
{
"node": "d",
"type": "cell-start"}
,
{
"node": "d",
"type": "field-start",
"subtype": "eq"}
,
{
"node": "l",
"frag": "⸢šu⸣-[ut-bi-šu]",
"id": "P227805.l0f963",
"ref": "P227805.20.2",
"inst": "L",
"f": {"lang": "akk-x-oldbab",
"form": "šu-ut-bi-šu",
"pos": "L"}
}
,
{
"node": "d",
"type": "field-end",
"subtype": "eq"}
,
{
"node": "d",
"type": "cell-end"}
,
{
"node": "d",
"type": "line-start",
"ref": "P227805.21",
"n": "6",
"label": "ii 6"}
,
{
"node": "d",
"type": "cell-start"}
,
{
"node": "d",
"type": "field-start",
"subtype": "wp"}
,
{
"node": "l",
"frag": "zig₃-ga-an-⸢ta⸣",
"id": "P227805.l0f964",
"ref": "P227805.21.1",
"inst": "zig[rise]",
"sig": "@dcclt%sux:zig₃-ga-an-ta=zig[rise//rise]V/t'V/t$zig!a.V.n.ta/zig₃#~!a.V.n.ta",
"f": {"lang": "sux",
"form": "zig₃-ga-an-ta",
"cf": "zig",
"gw": "rise",
"sense": "rise",
"norm0": "zig!a.V.n.ta",
"pos": "V/t",
"epos": "V/t",
"base": "zig₃",
"morph": "~!a.V.n.ta"}
}
,
{
"node": "d",
"type": "field-end",
"subtype": "wp"}
,
{
"node": "d",
"type": "cell-end"}
,
{
"node": "d",
"type": "cell-start"}
,
{
"node": "d",
"type": "field-start",
"subtype": "eq"}
,
{
"node": "l",
"frag": "[...]",
"id": "P227805.l0f965",
"ref": "P227805.21.2",
"inst": "u",
"f": {"lang": "akk-x-oldbab",
"form": "x",
"pos": "u"}
}
,
{
"node": "d",
"type": "field-end",
"subtype": "eq"}
,
{
"node": "d",
"type": "cell-end"}
,
{
"node": "d",
"type": "line-start",
"ref": "P227805.22",
"n": "7",
"label": "ii 7"}
,
{
"node": "d",
"type": "cell-start"}
,
{
"node": "d",
"type": "field-start",
"subtype": "wp"}
,
{
"node": "l",
"frag": "ga-zi-zi-i-x",
"id": "P227805.l0f966",
"ref": "P227805.22.1",
"inst": "zig[rise]",
"sig": "@dcclt%sux:ga-zi-zi-i-x=zig[rise//rise]V/t'V/t$ga:zig;e.x/zi-zi#ga:~;e.x",
"f": {"lang": "sux",
"form": "ga-zi-zi-i-x",
"cf": "zig",
"gw": "rise",
"sense": "rise",
"norm0": "ga:zig;e.x",
"pos": "V/t",
"epos": "V/t",
"base": "zi-zi",
"morph": "ga:~;e.x"}
}
,
{
"node": "d",
"type": "field-end",
"subtype": "wp"}
,
{
"node": "d",
"type": "cell-end"}
,
{
"node": "d",
"type": "cell-start"}
,
{
"node": "d",
"type": "field-start",
"subtype": "eq"}
,
{
"node": "l",
"frag": "[...]",
"id": "P227805.l0f967",
"ref": "P227805.22.2",
"inst": "u",
"f": {"lang": "akk-x-oldbab",
"form": "x",
"pos": "u"}
}
,
{
"node": "d",
"type": "field-end",
"subtype": "eq"}
,
{
"node": "d",
"type": "cell-end"}
,
{
"node": "d",
"type": "line-start",
"ref": "P227805.23",
"n": "8",
"label": "ii 8"}
,
{
"node": "d",
"type": "cell-start"}
,
{
"node": "d",
"type": "field-start",
"subtype": "wp"}
,
{
"node": "l",
"frag": "ba-zi-zi",
"id": "P227805.l0f968",
"ref": "P227805.23.1",
"inst": "zig[rise]",
"sig": "@dcclt%sux:ba-zi-zi=zig[rise//rise]V/t'V/t$ba:zig/zi-zi#ba:~",
"f": {"lang": "sux",
"form": "ba-zi-zi",
"cf": "zig",
"gw": "rise",
"sense": "rise",
"norm0": "ba:zig",
"pos": "V/t",
"epos": "V/t",
"base": "zi-zi",
"morph": "ba:~"}
}
,
{
"node": "d",
"type": "field-end",
"subtype": "wp"}
,
{
"node": "d",
"type": "cell-end"}
,
{
"node": "d",
"type": "cell-start"}
,
{
"node": "d",
"type": "field-start",
"subtype": "eq"}
,
{
"node": "l",
"frag": "[...]",
"id": "P227805.l0f969",
"ref": "P227805.23.2",
"inst": "u",
"f": {"lang": "akk-x-oldbab",
"form": "x",
"pos": "u"}
}
,
{
"node": "d",
"type": "field-end",
"subtype": "eq"}
,
{
"node": "d",
"type": "cell-end"}
,
{
"node": "d",
"type": "line-start",
"ref": "P227805.24",
"n": "9",
"label": "ii 9"}
,
{
"node": "d",
"type": "cell-start"}
,
{
"node": "d",
"type": "field-start",
"subtype": "wp"}
,
{
"node": "l",
"frag": "ba-an-zi-⸢zi⸣",
"id": "P227805.l0f96a",
"ref": "P227805.24.1",
"inst": "zig[rise]",
"sig": "@dcclt%sux:ba-an-zi-zi=zig[rise//rise]V/t'V/t$ba.n:zig/zi-zi#ba.n:~",
"f": {"lang": "sux",
"form": "ba-an-zi-zi",
"cf": "zig",
"gw": "rise",
"sense": "rise",
"norm0": "ba.n:zig",
"pos": "V/t",
"epos": "V/t",
"base": "zi-zi",
"morph": "ba.n:~"}
}
,
{
"node": "d",
"type": "field-end",
"subtype": "wp"}
,
{
"node": "d",
"type": "cell-end"}
,
{
"node": "d",
"type": "cell-start"}
,
{
"node": "d",
"type": "field-start",
"subtype": "eq"}
,
{
"node": "l",
"frag": "[...]",
"id": "P227805.l0f96b",
"ref": "P227805.24.2",
"inst": "u",
"f": {"lang": "akk-x-oldbab",
"form": "x",
"pos": "u"}
}
,
{
"node": "d",
"type": "field-end",
"subtype": "eq"}
,
{
"node": "d",
"type": "cell-end"}
,
{
"node": "d",
"subtype": "column 3",
"type": "column",
"ref": "P227805.iii.25",
"n": "3",
"label": "iii"}
,
{
"node": "d",
"type": "line-start",
"ref": "P227805.26",
"n": "1'",
"label": "iii 1'"}
,
{
"node": "d",
"type": "cell-start"}
,
{
"node": "d",
"type": "field-start",
"subtype": "wp"}
,
{
"node": "l",
"frag": "sa₂",
"id": "P227805.l0f96c",
"ref": "P227805.26.1",
"inst": "sa[advice]",
"sig": "@dcclt%sux:sa₂=sa[advice//advice, counsel]N'N$sa/sa₂#~",
"f": {"lang": "sux",
"form": "sa₂",
"cf": "sa",
"gw": "advice",
"sense": "advice, counsel",
"norm0": "sa",
"pos": "N",
"epos": "N",
"base": "sa₂",
"morph": "~"}
}
,
{
"node": "l",
"frag": "[x",
"id": "P227805.l0f96d",
"ref": "P227805.26.2",
"inst": "u",
"f": {"lang": "sux",
"form": "x",
"pos": "u"}
}
,
{
"node": "l",
"frag": "x]",
"id": "P227805.l0f96e",
"ref": "P227805.26.3",
"inst": "u",
"f": {"lang": "sux",
"form": "x",
"pos": "u"}
}
,
{
"node": "d",
"type": "field-end",
"subtype": "wp"}
,
{
"node": "d",
"type": "cell-end"}
,
{
"node": "d",
"type": "cell-start"}
,
{
"node": "d",
"type": "field-start",
"subtype": "eq"}
,
{
"node": "l",
"frag": "[...]",
"id": "P227805.l0f96f",
"ref": "P227805.26.4",
"inst": "u",
"f": {"lang": "akk-x-oldbab",
"form": "x",
"pos": "u"}
}
,
{
"node": "d",
"type": "field-end",
"subtype": "eq"}
,
{
"node": "d",
"type": "cell-end"}
,
{
"node": "d",
"type": "line-start",
"ref": "P227805.27",
"n": "2'",
"label": "iii 2'"}
,
{
"node": "d",
"type": "cell-start"}
,
{
"node": "d",
"type": "field-start",
"subtype": "wp"}
,
{
"node": "l",
"frag": "sa₂",
"id": "P227805.l0f970",
"ref": "P227805.27.1",
"inst": "sa[advice]",
"sig": "@dcclt%sux:sa₂=sa[advice//advice, counsel]N'N$sa/sa₂#~",
"f": {"lang": "sux",
"form": "sa₂",
"cf": "sa",
"gw": "advice",
"sense": "advice, counsel",
"norm0": "sa",
"pos": "N",
"epos": "N",
"base": "sa₂",
"morph": "~"}
}
,
{
"node": "l",
"frag": "ba-[a-dug₄]",
"id": "P227805.l0f971",
"ref": "P227805.27.2",
"inst": "dug[speak]",
"sig": "@dcclt%sux:ba-a-dug₄=dug[speak//speak]V/t'V/t$ba.a:dug/dug₄#ba.a:~",
"f": {"lang": "sux",
"form": "ba-a-dug₄",
"cf": "dug",
"gw": "speak",
"sense": "speak",
"norm0": "ba.a:dug",
"pos": "V/t",
"epos": "V/t",
"base": "dug₄",
"morph": "ba.a:~"}
}
,
{
"node": "d",
"type": "field-end",
"subtype": "wp"}
,
{
"node": "d",
"type": "cell-end"}
,
{
"node": "d",
"type": "cell-start"}
,
{
"node": "d",
"type": "field-start",
"subtype": "eq"}
,
{
"node": "l",
"frag": "[ak-ta-ša-ad]",
"id": "P227805.l0f972",
"ref": "P227805.27.3",
"inst": "L",
"f": {"lang": "akk-x-oldbab",
"form": "ak-ta-ša-ad",
"pos": "L"}
}
,
{
"node": "d",
"type": "field-end",
"subtype": "eq"}
,
{
"node": "d",
"type": "cell-end"}
,
{
"node": "d",
"type": "line-start",
"ref": "P227805.28",
"n": "3'",
"label": "iii 3'"}
,
{
"node": "d",
"type": "cell-start"}
,
{
"node": "d",
"type": "field-start",
"subtype": "wp"}
,
{
"node": "l",
"frag": "sa₂",
"id": "P227805.l0f973",
"ref": "P227805.28.1",
"inst": "sa[advice]",
"sig": "@dcclt%sux:sa₂=sa[advice//advice, counsel]N'N$sa/sa₂#~",
"f": {"lang": "sux",
"form": "sa₂",
"cf": "sa",
"gw": "advice",
"sense": "advice, counsel",
"norm0": "sa",
"pos": "N",
"epos": "N",
"base": "sa₂",
"morph": "~"}
}
,
{
"node": "l",
"frag": "la-ba-a-⸢dug₄⸣",
"id": "P227805.l0f974",
"ref": "P227805.28.2",
"inst": "dug[speak]",
"sig": "@dcclt%sux:la-ba-a-dug₄=dug[speak//speak]V/t'V/t$nu.ba.a:dug/dug₄#nu.ba.a:~",
"f": {"lang": "sux",
"form": "la-ba-a-dug₄",
"cf": "dug",
"gw": "speak",
"sense": "speak",
"norm0": "nu.ba.a:dug",
"pos": "V/t",
"epos": "V/t",
"base": "dug₄",
"morph": "nu.ba.a:~"}
}
,
{
"node": "d",
"type": "field-end",
"subtype": "wp"}
,
{
"node": "d",
"type": "cell-end"}
,
{
"node": "d",
"type": "cell-start"}
,
{
"node": "d",
"type": "field-start",
"subtype": "eq"}
,
{
"node": "l",
"frag": "[u₂-ul",
"id": "P227805.l0f975",
"ref": "P227805.28.3",
"inst": "L",
"f": {"lang": "akk-x-oldbab",
"form": "u₂-ul",
"pos": "L"}
}
,
{
"node": "l",
"frag": "ak-ta-ša-ad]",
"id": "P227805.l0f976",
"ref": "P227805.28.4",
"inst": "L",
"f": {"lang": "akk-x-oldbab",
"form": "ak-ta-ša-ad",
"pos": "L"}
}
,
{
"node": "d",
"type": "field-end",
"subtype": "eq"}
,
{
"node": "d",
"type": "cell-end"}
,
{
"node": "d",
"type": "line-start",
"ref": "P227805.29",
"n": "4'",
"label": "iii 4'"}
,
{
"node": "d",
"type": "cell-start"}
,
{
"node": "d",
"type": "field-start",
"subtype": "wp"}
,
{
"node": "l",
"frag": "sa₂",
"id": "P227805.l0f977",
"ref": "P227805.29.1",
"inst": "sa[advice]",
"sig": "@dcclt%sux:sa₂=sa[advice//advice, counsel]N'N$sa/sa₂#~",
"f": {"lang": "sux",
"form": "sa₂",
"cf": "sa",
"gw": "advice",
"sense": "advice, counsel",
"norm0": "sa",
"pos": "N",
"epos": "N",
"base": "sa₂",
"morph": "~"}
}
,
{
"node": "l",
"frag": "ba-e-⸢dug₄⸣",
"id": "P227805.l0f978",
"ref": "P227805.29.2",
"inst": "dug[speak]",
"sig": "@dcclt%sux:ba-e-dug₄=dug[speak//speak]V/t'V/t$ba.e:dug/dug₄#ba.e:~",
"f": {"lang": "sux",
"form": "ba-e-dug₄",
"cf": "dug",
"gw": "speak",
"sense": "speak",
"norm0": "ba.e:dug",
"pos": "V/t",
"epos": "V/t",
"base": "dug₄",
"morph": "ba.e:~"}
}
,
{
"node": "d",
"type": "field-end",
"subtype": "wp"}
,
{
"node": "d",
"type": "cell-end"}
,
{
"node": "d",
"type": "cell-start"}
,
{
"node": "d",
"type": "field-start",
"subtype": "eq"}
,
{
"node": "l",
"frag": "[ta-ak-ta-ša-ad]",
"id": "P227805.l0f979",
"ref": "P227805.29.3",
"inst": "L",
"f": {"lang": "akk-x-oldbab",
"form": "ta-ak-ta-ša-ad",
"pos": "L"}
}
,
{
"node": "d",
"type": "field-end",
"subtype": "eq"}
,
{
"node": "d",
"type": "cell-end"}
,
{
"node": "d",
"type": "line-start",
"ref": "P227805.30",
"n": "5'",
"label": "iii 5'"}
,
{
"node": "d",
"type": "cell-start"}
,
{
"node": "d",
"type": "field-start",
"subtype": "wp"}
,
{
"node": "l",
"frag": "sa₂",
"id": "P227805.l0f97a",
"ref": "P227805.30.1",
"inst": "sa[advice]",
"sig": "@dcclt%sux:sa₂=sa[advice//advice, counsel]N'N$sa/sa₂#~",
"f": {"lang": "sux",
"form": "sa₂",
"cf": "sa",
"gw": "advice",
"sense": "advice, counsel",
"norm0": "sa",
"pos": "N",
"epos": "N",
"base": "sa₂",
"morph": "~"}
}
,
{
"node": "l",
"frag": "la-ba-e-⸢dug₄⸣",
"id": "P227805.l0f97b",
"ref": "P227805.30.2",
"inst": "dug[speak]",
"sig": "@dcclt%sux:la-ba-e-dug₄=dug[speak//speak]V/t'V/t$nu.ba.e:dug/dug₄#nu.ba.e:~",
"f": {"lang": "sux",
"form": "la-ba-e-dug₄",
"cf": "dug",
"gw": "speak",
"sense": "speak",
"norm0": "nu.ba.e:dug",
"pos": "V/t",
"epos": "V/t",
"base": "dug₄",
"morph": "nu.ba.e:~"}
}
,
{
"node": "d",
"type": "field-end",
"subtype": "wp"}
,
{
"node": "d",
"type": "cell-end"}
,
{
"node": "d",
"type": "cell-start"}
,
{
"node": "d",
"type": "field-start",
"subtype": "eq"}
,
{
"node": "l",
"frag": "[u₂-ul",
"id": "P227805.l0f97c",
"ref": "P227805.30.3",
"inst": "L",
"f": {"lang": "akk-x-oldbab",
"form": "u₂-ul",
"pos": "L"}
}
,
{
"node": "l",
"frag": "ta-ak-ta-ša-ad]",
"id": "P227805.l0f97d",
"ref": "P227805.30.4",
"inst": "L",
"f": {"lang": "akk-x-oldbab",
"form": "ta-ak-ta-ša-ad",
"pos": "L"}
}
,
{
"node": "d",
"type": "field-end",
"subtype": "eq"}
,
{
"node": "d",
"type": "cell-end"}
,
{
"node": "d",
"type": "line-start",
"ref": "P227805.31",
"n": "6'",
"label": "iii 6'"}
,
{
"node": "d",
"type": "cell-start"}
,
{
"node": "d",
"type": "field-start",
"subtype": "wp"}
,
{
"node": "l",
"frag": "sa₂",
"id": "P227805.l0f97e",
"ref": "P227805.31.1",
"inst": "sa[advice]",
"sig": "@dcclt%sux:sa₂=sa[advice//advice, counsel]N'N$sa/sa₂#~",
"f": {"lang": "sux",
"form": "sa₂",
"cf": "sa",
"gw": "advice",
"sense": "advice, counsel",
"norm0": "sa",
"pos": "N",
"epos": "N",
"base": "sa₂",
"morph": "~"}
}
,
{
"node": "l",
"frag": "ab-be₂-e-ne",
"id": "P227805.l0f97f",
"ref": "P227805.31.2",
"inst": "e[speak]",
"sig": "@dcclt%sux:ab-be₂-e-ne=e[speak//speak]V/i'V/i$V.b:e;ene/b°e₂#V.b:~;ene",
"f": {"lang": "sux",
"form": "ab-be₂-e-ne",
"cf": "e",
"gw": "speak",
"sense": "speak",
"norm0": "V.b:e;ene",
"pos": "V/i",
"epos": "V/i",
"base": "b°e₂",
"morph": "V.b:~;ene"}
}
,
{
"node": "d",
"type": "field-end",
"subtype": "wp"}
,
{
"node": "d",
"type": "cell-end"}
,
{
"node": "d",
"type": "cell-start"}
,
{
"node": "d",
"type": "field-start",
"subtype": "eq"}
,
{
"node": "l",
"frag": "i-ka-⸢aš⸣-[ša-du]",
"id": "P227805.l0f980",
"ref": "P227805.31.3",
"inst": "L",
"f": {"lang": "akk-x-oldbab",
"form": "i-ka-aš-ša-du",
"pos": "L"}
}
,
{
"node": "d",
"type": "field-end",
"subtype": "eq"}
,
{
"node": "d",
"type": "cell-end"}
,
{
"node": "d",
"type": "line-start",
"ref": "P227805.32",
"n": "7'",
"label": "iii 7'"}
,
{
"node": "d",
"type": "cell-start"}
,
{
"node": "d",
"type": "field-start",
"subtype": "wp"}
,
{
"node": "l",
"frag": "sa₂",
"id": "P227805.l0f981",
"ref": "P227805.32.1",
"inst": "sa[advice]",
"sig": "@dcclt%sux:sa₂=sa[advice//advice, counsel]N'N$sa/sa₂#~",
"f": {"lang": "sux",
"form": "sa₂",
"cf": "sa",
"gw": "advice",
"sense": "advice, counsel",
"norm0": "sa",
"pos": "N",
"epos": "N",
"base": "sa₂",
"morph": "~"}
}
,
{
"node": "l",
"frag": "nu-ub-be₂-e-ne",
"id": "P227805.l0f982",
"ref": "P227805.32.2",
"inst": "e[speak]",
"sig": "@dcclt%sux:nu-ub-be₂-e-ne=e[speak//speak]V/i'V/i$nu.V.b:e;e.ene/b°e₂#nu.V.b:~;e.ene",
"f": {"lang": "sux",
"form": "nu-ub-be₂-e-ne",
"cf": "e",
"gw": "speak",
"sense": "speak",
"norm0": "nu.V.b:e;e.ene",
"pos": "V/i",
"epos": "V/i",
"base": "b°e₂",
"morph": "nu.V.b:~;e.ene"}
}
,
{
"node": "d",
"type": "field-end",
"subtype": "wp"}
,
{
"node": "d",
"type": "cell-end"}
,
{
"node": "d",
"type": "cell-start"}
,
{
"node": "d",
"type": "field-start",
"subtype": "eq"}
,
{
"node": "l",
"frag": "u₂-ul",
"id": "P227805.l0f983",
"ref": "P227805.32.3",
"inst": "L",
"f": {"lang": "akk-x-oldbab",
"form": "u₂-ul",
"pos": "L"}
}
,
{
"node": "l",
"frag": "i-⸢ka⸣-[aš-ša-du]",
"id": "P227805.l0f984",
"ref": "P227805.32.4",
"inst": "L",
"f": {"lang": "akk-x-oldbab",
"form": "i-ka-aš-ša-du",
"pos": "L"}
}
,
{
"node": "d",
"type": "field-end",
"subtype": "eq"}
,
{
"node": "d",
"type": "cell-end"}
,
{
"node": "d",
"type": "line-start",
"ref": "P227805.33",
"n": "8'",
"label": "iii 8'"}
,
{
"node": "d",
"type": "cell-start"}
,
{
"node": "d",
"type": "field-start",
"subtype": "wp"}
,
{
"node": "l",
"frag": "sa₂",
"id": "P227805.l0f985",
"ref": "P227805.33.1",
"inst": "sa[advice]",
"sig": "@dcclt%sux:sa₂=sa[advice//advice, counsel]N'N$sa/sa₂#~",
"f": {"lang": "sux",
"form": "sa₂",
"cf": "sa",
"gw": "advice",
"sense": "advice, counsel",
"norm0": "sa",
"pos": "N",
"epos": "N",
"base": "sa₂",
"morph": "~"}
}
,
{
"node": "l",
"frag": "ba-an-ne-eš",
"id": "P227805.l0f986",
"ref": "P227805.33.2",
"inst": "e[speak]",
"sig": "@dcclt%sux:ba-an-ne-eš=e[speak//speak]V/i'V/i$ba.n:e;eš/n°e#ba.n:~;eš",
"f": {"lang": "sux",
"form": "ba-an-ne-eš",
"cf": "e",
"gw": "speak",
"sense": "speak",
"norm0": "ba.n:e;eš",
"pos": "V/i",
"epos": "V/i",
"base": "n°e",
"morph": "ba.n:~;eš"}
}
,
{
"node": "d",
"type": "field-end",
"subtype": "wp"}
,
{
"node": "d",
"type": "cell-end"}
,
{
"node": "d",
"type": "cell-start"}
,
{
"node": "d",
"type": "field-start",
"subtype": "eq"}
,
{
"node": "l",
"frag": "ik-ta-aš-[du]",
"id": "P227805.l0f987",
"ref": "P227805.33.3",
"inst": "L",
"f": {"lang": "akk-x-oldbab",
"form": "ik-ta-aš-du",
"pos": "L"}
}
,
{
"node": "d",
"type": "field-end",
"subtype": "eq"}
,
{
"node": "d",
"type": "cell-end"}
,
{
"node": "d",
"type": "line-start",
"ref": "P227805.34",
"n": "9'",
"label": "iii 9'"}
,
{
"node": "d",
"type": "cell-start"}
,
{
"node": "d",
"type": "field-start",
"subtype": "wp"}
,
{
"node": "l",
"frag": "sa₂",
"id": "P227805.l0f988",
"ref": "P227805.34.1",
"inst": "sa[advice]",
"sig": "@dcclt%sux:sa₂=sa[advice//advice, counsel]N'N$sa/sa₂#~",
"f": {"lang": "sux",
"form": "sa₂",
"cf": "sa",
"gw": "advice",
"sense": "advice, counsel",
"norm0": "sa",
"pos": "N",
"epos": "N",
"base": "sa₂",
"morph": "~"}
}
,
{
"node": "l",
"frag": "nu-ne-eš",
"id": "P227805.l0f989",
"ref": "P227805.34.2",
"inst": "e[speak]",
"sig": "@dcclt%sux:nu-ne-eš=e[speak//speak]V/i'V/i$nu.V.n:e;eš/n°e#nu.V.n:~;eš",
"f": {"lang": "sux",
"form": "nu-ne-eš",
"cf": "e",
"gw": "speak",
"sense": "speak",
"norm0": "nu.V.n:e;eš",
"pos": "V/i",
"epos": "V/i",
"base": "n°e",
"morph": "nu.V.n:~;eš"}
}
,
{
"node": "d",
"type": "field-end",
"subtype": "wp"}
,
{
"node": "d",
"type": "cell-end"}
,
{
"node": "d",
"type": "cell-start"}
,
{
"node": "d",
"type": "field-start",
"subtype": "eq"}
,
{
"node": "l",
"frag": "u₂-ul",
"id": "P227805.l0f98a",
"ref": "P227805.34.3",
"inst": "L",
"f": {"lang": "akk-x-oldbab",
"form": "u₂-ul",
"pos": "L"}
}
,
{
"node": "l",
"frag": "ik-[šu-du]",
"id": "P227805.l0f98b",
"ref": "P227805.34.4",
"inst": "L",
"f": {"lang": "akk-x-oldbab",
"form": "ik-šu-du",
"pos": "L"}
}
,
{
"node": "d",
"type": "field-end",
"subtype": "eq"}
,
{
"node": "d",
"type": "cell-end"}
,
{
"node": "d",
"subtype": "column 4",
"type": "column",
"ref": "P227805.iv.35",
"n": "4",
"label": "iv"}
,
{
"node": "d",
"type": "line-start",
"ref": "P227805.36",
"n": "1'",
"label": "iv 1'"}
,
{
"node": "d",
"type": "cell-start"}
,
{
"node": "d",
"type": "field-start",
"subtype": "wp"}
,
{
"node": "l",
"frag": "[sa₂",
"id": "P227805.l0f98c",
"ref": "P227805.36.1",
"inst": "sa[advice]",
"sig": "@dcclt%sux:sa₂=sa[advice//advice, counsel]N'N$sa/sa₂#~",
"f": {"lang": "sux",
"form": "sa₂",
"cf": "sa",
"gw": "advice",
"sense": "advice, counsel",
"norm0": "sa",
"pos": "N",
"epos": "N",
"base": "sa₂",
"morph": "~"}
}
,
{
"node": "l",
"frag": "...]-x",
"id": "P227805.l0f98d",
"ref": "P227805.36.2",
"inst": "u",
"f": {"lang": "sux",
"form": "x-x",
"pos": "u"}
}
,
{
"node": "d",
"type": "field-end",
"subtype": "wp"}
,
{
"node": "d",
"type": "cell-end"}
,
{
"node": "d",
"type": "cell-start"}
,
{
"node": "d",
"type": "field-start",
"subtype": "eq"}
,
{
"node": "l",
"frag": "[...]",
"id": "P227805.l0f98e",
"ref": "P227805.36.3",
"inst": "u",
"f": {"lang": "akk-x-oldbab",
"form": "x",
"pos": "u"}
}
,
{
"node": "d",
"type": "field-end",
"subtype": "eq"}
,
{
"node": "d",
"type": "cell-end"}
,
{
"node": "d",
"type": "line-start",
"ref": "P227805.37",
"n": "2'",
"label": "iv 2'"}
,
{
"node": "d",
"type": "cell-start"}
,
{
"node": "d",
"type": "field-start",
"subtype": "wp"}
,
{
"node": "l",
"frag": "[sa₂",
"id": "P227805.l0f98f",
"ref": "P227805.37.1",
"inst": "sa[advice]",
"sig": "@dcclt%sux:sa₂=sa[advice//advice, counsel]N'N$sa/sa₂#~",
"f": {"lang": "sux",
"form": "sa₂",
"cf": "sa",
"gw": "advice",
"sense": "advice, counsel",
"norm0": "sa",
"pos": "N",
"epos": "N",
"base": "sa₂",
"morph": "~"}
}
,
{
"node": "l",
"frag": "am₃]-⸢e⸣",
"id": "P227805.l0f990",
"ref": "P227805.37.2",
"inst": "e[speak]",
"sig": "@dcclt%sux:am₃-e=e[speak//speak]V/i'V/i$V.m:e/e#V.m:~",
"f": {"lang": "sux",
"form": "am₃-e",
"cf": "e",
"gw": "speak",
"sense": "speak",
"norm0": "V.m:e",
"pos": "V/i",
"epos": "V/i",
"base": "e",
"morph": "V.m:~"}
}
,
{
"node": "d",
"type": "field-end",
"subtype": "wp"}
,
{
"node": "d",
"type": "cell-end"}
,
{
"node": "d",
"type": "cell-start"}
,
{
"node": "d",
"type": "field-start",
"subtype": "eq"}
,
{
"node": "l",
"frag": "i-ka-aš-ša-⸢dam⸣",
"id": "P227805.l0f991",
"ref": "P227805.37.3",
"inst": "L",
"f": {"lang": "akk-x-oldbab",
"form": "i-ka-aš-ša-dam",
"pos": "L"}
}
,
{
"node": "d",
"type": "field-end",
"subtype": "eq"}
,
{
"node": "d",
"type": "cell-end"}
,
{
"node": "d",
"type": "line-start",
"ref": "P227805.38",
"n": "3'",
"label": "iv 3'"}
,
{
"node": "d",
"type": "cell-start"}
,
{
"node": "d",
"type": "field-start",
"subtype": "wp"}
,
{
"node": "l",
"frag": "[sa₂",
"id": "P227805.l0f992",
"ref": "P227805.38.1",
"inst": "sa[advice]",
"sig": "@dcclt%sux:sa₂=sa[advice//advice, counsel]N'N$sa/sa₂#~",
"f": {"lang": "sux",
"form": "sa₂",
"cf": "sa",
"gw": "advice",
"sense": "advice, counsel",
"norm0": "sa",
"pos": "N",
"epos": "N",
"base": "sa₂",
"morph": "~"}
}
,
{
"node": "l",
"frag": "...]-⸢e⸣",
"id": "P227805.l0f993",
"ref": "P227805.38.2",
"inst": "u",
"f": {"lang": "sux",
"form": "x-e",
"pos": "u"}
}
,
{
"node": "d",
"type": "field-end",
"subtype": "wp"}
,
{
"node": "d",
"type": "cell-end"}
,
{
"node": "d",
"type": "cell-start"}
,
{
"node": "d",
"type": "field-start",
"subtype": "eq"}
,
{
"node": "l",
"frag": "u₂-ul",
"id": "P227805.l0f994",
"ref": "P227805.38.3",
"inst": "L",
"f": {"lang": "akk-x-oldbab",
"form": "u₂-ul",
"pos": "L"}
}
,
{
"node": "l",
"frag": "i-ka-aš-ša-dam",
"id": "P227805.l0f995",
"ref": "P227805.38.4",
"inst": "L",
"f": {"lang": "akk-x-oldbab",
"form": "i-ka-aš-ša-dam",
"pos": "L"}
}
,
{
"node": "d",
"type": "field-end",
"subtype": "eq"}
,
{
"node": "d",
"type": "cell-end"}
,
{
"node": "d",
"type": "line-start",
"ref": "P227805.39",
"n": "4'",
"label": "iv 4'"}
,
{
"node": "d",
"type": "cell-start"}
,
{
"node": "d",
"type": "field-start",
"subtype": "wp"}
,
{
"node": "c",
"type": "phrase",
"tag": "phr",
"id": "P227805.U4",
"ref": "P227805.ls00000",
"cdl": [
{
"node": "l",
"frag": "⸢sa₂⸣",
"id": "P227805.l0f996",
"ref": "P227805.39.1",
"inst": "sa[advice]",
"sig": "@dcclt%sux:sa₂=sa[advice//advice, counsel]N'N$sa/sa₂#~",
"f": {"lang": "sux",
"form": "sa₂",
"cf": "sa",
"gw": "advice",
"sense": "advice, counsel",
"norm0": "sa",
"pos": "N",
"epos": "N",
"base": "sa₂",
"morph": "~"}
}
,
{
"node": "l",
"frag": "ab-dug₄",
"id": "P227805.l0f997",
"ref": "P227805.39.2",
"inst": "dug[speak]",
"sig": "@dcclt%sux:ab-dug₄=dug[speak//speak]V/t'V/t$V.b:dug/dug₄#V.b:~",
"f": {"lang": "sux",
"form": "ab-dug₄",
"cf": "dug",
"gw": "speak",
"sense": "speak",
"norm0": "V.b:dug",
"pos": "V/t",
"epos": "V/t",
"base": "dug₄",
"morph": "V.b:~"}
}
]}
,
{
"node": "d",
"type": "field-end",
"subtype": "wp"}
,
{
"node": "d",
"type": "cell-end"}
,
{
"node": "d",
"type": "cell-start"}
,
{
"node": "d",
"type": "field-start",
"subtype": "eq"}
,
{
"node": "l",
"frag": "ka-ši-id",
"id": "P227805.l0f998",
"ref": "P227805.39.3",
"inst": "L",
"f": {"lang": "akk-x-oldbab",
"form": "ka-ši-id",
"pos": "L"}
}
,
{
"node": "d",
"type": "field-end",
"subtype": "eq"}
,
{
"node": "d",
"type": "cell-end"}
]}
]}
]}
,
{
"linkbase": [{
"type": "linkset",
"xlink_title": "sa dug[arrive//to arrive]V/t'V/t",
"id": "P227805.ls00000",
"xlink_type": "extended",
"xlink_role": "psu",
"sig": "{sa₂ ab-dug₄ = sa[advice]N dug[speak]V/t += sa dug[arrive//to arrive]V/t'V/t}::@dcclt%sux:sa₂=sa[advice//advice, counsel]N'N$sa/sa₂#~++@dcclt%sux:ab-dug₄=dug[speak//speak]V/t'V/t$V.b:dug/dug₄#V.b:~",
"links": [
{
"type": "link",
"xlink_title": "sa",
"xlink_type": "locator",
"xlink_href": "#P227805.l0f996",
"xlink_role": "elt"}
,
{
"type": "link",
"xlink_title": "dug",
"xlink_type": "locator",
"xlink_href": "#P227805.l0f997",
"xlink_role": "elt"}
]}
]}
]}
