{
"type": "cdl",
  "source": "http://oracc.org/dcclt",
  "license": "This data is released under the CC0 license",
  "license-url": "https://creativecommons.org/publicdomain/zero/1.0/",
  "more-info": "http://oracc.org/doc/opendata/",
  "UTC-timestamp": "2017-05-19T18:24:26",
"project": "dcclt",
"textid": "P228005",
"cdl": [
{
"node": "c",
"type": "text",
"id": "P228005.U0",
"cdl": [
{
"node": "d",
"subtype": "tablet",
"type": "object",
"ref": "P228005.x1145.1",
"type": "tablet",
"label": "x1145"}
,
{
"node": "d",
"subtype": "obverse",
"type": "surface",
"ref": "P228005.o.2",
"type": "obverse",
"label": "o"}
,
{
"node": "d",
"subtype": "column 1o",
"type": "column",
"ref": "P228005.o.i.3",
"n": "1",
"label": "o i"}
,
{
"node": "c",
"type": "discourse",
"subtype": "body",
"id": "P228005.U1",
"cdl": [
{
"node": "c",
"type": "sentence",
"id": "P228005.U2",
"label": "o i 1' - o i 6'",
"cdl": [
{
"node": "d",
"type": "line-start",
"ref": "P228005.4",
"n": "1'",
"label": "o i 1'"}
,
{
"node": "l",
"frag": "{[kaš]}⸢dida⸣",
"id": "P228005.l270e3",
"ref": "P228005.4.1",
"inst": "dida[wort]",
"sig": "@dcclt%sux:{kaš}dida=dida[wort//sweet wort, an ingredient for beer making]N'N$dida/{kaš}dida#~",
"f": {"lang": "sux",
"form": "{kaš}dida",
"cf": "dida",
"gw": "wort",
"sense": "sweet wort, an ingredient for beer making",
"norm0": "dida",
"pos": "N",
"epos": "N",
"base": "{kaš}dida",
"morph": "~"}
}
,
{
"node": "l",
"frag": "[...]",
"id": "P228005.l270e4",
"ref": "P228005.4.2",
"inst": "u",
"f": {"lang": "sux",
"form": "x",
"pos": "u"}
}
,
{
"node": "d",
"type": "line-start",
"ref": "P228005.5",
"n": "2'",
"label": "o i 2'"}
,
{
"node": "c",
"type": "phrase",
"tag": "phr",
"id": "P228005.U4",
"ref": "P228005.ls00000",
"cdl": [
{
"node": "l",
"frag": "{[kaš]}dida",
"id": "P228005.l270e5",
"ref": "P228005.5.1",
"inst": "dida[wort]",
"sig": "@dcclt%sux:{kaš}dida=dida[wort//sweet wort, an ingredient for beer making]N'N$dida/{kaš}dida#~",
"f": {"lang": "sux",
"form": "{kaš}dida",
"cf": "dida",
"gw": "wort",
"sense": "sweet wort, an ingredient for beer making",
"norm0": "dida",
"pos": "N",
"epos": "N",
"base": "{kaš}dida",
"morph": "~"}
}
,
{
"node": "l",
"frag": "imŋaŋa₃",
"id": "P228005.l270e6",
"ref": "P228005.5.2",
"inst": "imŋaŋa[emmer]",
"sig": "@dcclt%sux:imŋaŋa₃=imŋaŋa[emmer//emmer]N'N$imŋaŋa/imŋaŋa₃#~",
"f": {"lang": "sux",
"form": "imŋaŋa₃",
"cf": "imŋaŋa",
"gw": "emmer",
"sense": "emmer",
"norm0": "imŋaŋa",
"pos": "N",
"epos": "N",
"base": "imŋaŋa₃",
"morph": "~"}
}
]}
,
{
"node": "d",
"type": "nonw",
"ref": ""}
,
{
"node": "d",
"type": "line-start",
"ref": "P228005.6",
"n": "3'",
"label": "o i 3'"}
,
{
"node": "c",
"type": "phrase",
"tag": "phr",
"id": "P228005.U5",
"ref": "P228005.ls00001",
"cdl": [
{
"node": "l",
"frag": "{[kaš]}⸢dida⸣",
"id": "P228005.l270e7",
"ref": "P228005.6.1",
"inst": "dida[wort]",
"sig": "@dcclt%sux:{kaš}dida=dida[wort//sweet wort, an ingredient for beer making]N'N$dida/{kaš}dida#~",
"f": {"lang": "sux",
"form": "{kaš}dida",
"cf": "dida",
"gw": "wort",
"sense": "sweet wort, an ingredient for beer making",
"norm0": "dida",
"pos": "N",
"epos": "N",
"base": "{kaš}dida",
"morph": "~"}
}
,
{
"node": "l",
"frag": "imŋaŋa₃",
"id": "P228005.l270e8",
"ref": "P228005.6.2",
"inst": "imŋaŋa[emmer]",
"sig": "@dcclt%sux:imŋaŋa₃=imŋaŋa[emmer//emmer]N'N$imŋaŋa/imŋaŋa₃#~",
"f": {"lang": "sux",
"form": "imŋaŋa₃",
"cf": "imŋaŋa",
"gw": "emmer",
"sense": "emmer",
"norm0": "imŋaŋa",
"pos": "N",
"epos": "N",
"base": "imŋaŋa₃",
"morph": "~"}
}
]}
,
{
"node": "l",
"frag": "mah",
"id": "P228005.l270e9",
"ref": "P228005.6.3",
"inst": "mah[great]",
"sig": "@dcclt%sux:mah=mah[great//great]V/i'V/i$mah/mah#~",
"f": {"lang": "sux",
"form": "mah",
"cf": "mah",
"gw": "great",
"sense": "great",
"norm0": "mah",
"pos": "V/i",
"epos": "V/i",
"base": "mah",
"morph": "~"}
}
,
{
"node": "d",
"type": "line-start",
"ref": "P228005.7",
"n": "4'",
"label": "o i 4'"}
,
{
"node": "l",
"frag": "{[kaš]}⸢dida⸣",
"id": "P228005.l270ea",
"ref": "P228005.7.1",
"inst": "dida[wort]",
"sig": "@dcclt%sux:{kaš}dida=dida[wort//sweet wort, an ingredient for beer making]N'N$dida/{kaš}dida#~",
"f": {"lang": "sux",
"form": "{kaš}dida",
"cf": "dida",
"gw": "wort",
"sense": "sweet wort, an ingredient for beer making",
"norm0": "dida",
"pos": "N",
"epos": "N",
"base": "{kaš}dida",
"morph": "~"}
}
,
{
"node": "l",
"frag": "KA-ge",
"id": "P228005.l270eb",
"ref": "P228005.7.2",
"inst": "X",
"f": {"lang": "sux",
"form": "KA-ge",
"pos": "X"}
}
,
{
"node": "l",
"frag": "KAK",
"id": "P228005.l270ec",
"ref": "P228005.7.3",
"inst": "u",
"f": {"lang": "sux",
"form": "KAK",
"pos": "u"}
}
,
{
"node": "d",
"type": "line-start",
"ref": "P228005.8",
"n": "5'",
"label": "o i 5'"}
,
{
"node": "l",
"frag": "{[kaš]}⸢dida⸣",
"id": "P228005.l270ed",
"ref": "P228005.8.1",
"inst": "dida[wort]",
"sig": "@dcclt%sux:{kaš}dida=dida[wort//sweet wort, an ingredient for beer making]N'N$dida/{kaš}dida#~",
"f": {"lang": "sux",
"form": "{kaš}dida",
"cf": "dida",
"gw": "wort",
"sense": "sweet wort, an ingredient for beer making",
"norm0": "dida",
"pos": "N",
"epos": "N",
"base": "{kaš}dida",
"morph": "~"}
}
,
{
"node": "l",
"frag": "KA",
"id": "P228005.l270ee",
"ref": "P228005.8.2",
"inst": "u",
"f": {"lang": "sux",
"form": "KA",
"pos": "u"}
}
,
{
"node": "l",
"frag": "KAK-⸢x⸣",
"id": "P228005.l270ef",
"ref": "P228005.8.3",
"inst": "X",
"f": {"lang": "sux",
"form": "KAK-x",
"pos": "X"}
}
,
{
"node": "d",
"type": "line-start",
"ref": "P228005.9",
"n": "6'",
"label": "o i 6'"}
,
{
"node": "l",
"frag": "{[kaš}dida]",
"id": "P228005.l270f0",
"ref": "P228005.9.1",
"inst": "dida[wort]",
"sig": "@dcclt%sux:{kaš}dida=dida[wort//sweet wort, an ingredient for beer making]N'N$dida/{kaš}dida#~",
"f": {"lang": "sux",
"form": "{kaš}dida",
"cf": "dida",
"gw": "wort",
"sense": "sweet wort, an ingredient for beer making",
"norm0": "dida",
"pos": "N",
"epos": "N",
"base": "{kaš}dida",
"morph": "~"}
}
,
{
"node": "l",
"frag": "⸢lal₃⸣-[hab₂-ba]",
"id": "P228005.l270f1",
"ref": "P228005.9.2",
"inst": "lalhab[honey]",
"sig": "@dcclt%sux:lal₃-hab₂-ba=lalhab[honey//solid honey?]N'N$lalhab,ak/lal₃-hab₂+-ba=b.a#~,ak",
"f": {"lang": "sux",
"form": "lal₃-hab₂-ba",
"cf": "lalhab",
"gw": "honey",
"sense": "solid honey?",
"norm0": "lalhab,ak",
"pos": "N",
"epos": "N",
"base": "lal₃-hab₂",
"cont": "-ba=b.a",
"morph": "~,ak"}
}
,
{
"node": "d",
"type": "nonw",
"ref": ""}
]}
]}
]}
,
{
"linkbase": [{
"type": "linkset",
"xlink_title": "dida imŋaŋa[beer//sweet beer]N'N",
"id": "P228005.ls00000",
"xlink_type": "extended",
"xlink_role": "psu",
"sig": "{{kaš}dida imŋaŋa₃ = dida[wort]N imŋaŋa[emmer]N += dida imŋaŋa[beer//sweet beer]N'N}::@dcclt%sux:{kaš}dida=dida[wort//sweet wort, an ingredient for beer making]N'N$dida/{kaš}dida#~++@dcclt%sux:imŋaŋa₃=imŋaŋa[emmer//emmer]N'N$imŋaŋa/imŋaŋa₃#~",
"links": [
{
"type": "link",
"xlink_title": "dida",
"xlink_type": "locator",
"xlink_href": "#P228005.l270e5",
"xlink_role": "elt"}
,
{
"type": "link",
"xlink_title": "imŋaŋa",
"xlink_type": "locator",
"xlink_href": "#P228005.l270e6",
"xlink_role": "elt"}
]}
,
{
"type": "linkset",
"xlink_title": "dida imŋaŋa[beer//sweet beer]N'N",
"id": "P228005.ls00001",
"xlink_type": "extended",
"xlink_role": "psu",
"sig": "{{kaš}dida imŋaŋa₃ = dida[wort]N imŋaŋa[emmer]N += dida imŋaŋa[beer//sweet beer]N'N}::@dcclt%sux:{kaš}dida=dida[wort//sweet wort, an ingredient for beer making]N'N$dida/{kaš}dida#~++@dcclt%sux:imŋaŋa₃=imŋaŋa[emmer//emmer]N'N$imŋaŋa/imŋaŋa₃#~",
"links": [
{
"type": "link",
"xlink_title": "dida",
"xlink_type": "locator",
"xlink_href": "#P228005.l270e7",
"xlink_role": "elt"}
,
{
"type": "link",
"xlink_title": "imŋaŋa",
"xlink_type": "locator",
"xlink_href": "#P228005.l270e8",
"xlink_role": "elt"}
]}
]}
]}
