{
"type": "cdl",
  "source": "http://oracc.org/dcclt",
  "license": "This data is released under the CC0 license",
  "license-url": "https://creativecommons.org/publicdomain/zero/1.0/",
  "more-info": "http://oracc.org/doc/opendata/",
  "UTC-timestamp": "2017-05-19T18:24:28",
"project": "dcclt",
"textid": "P228320",
"cdl": [
{
"node": "c",
"type": "text",
"id": "P228320.U0",
"cdl": [
{
"node": "d",
"subtype": "tablet",
"type": "object",
"ref": "P228320.x1046.1",
"type": "tablet",
"label": "x1046"}
,
{
"node": "d",
"subtype": "obverse",
"type": "surface",
"ref": "P228320.o.2",
"type": "obverse",
"label": "o"}
,
{
"node": "d",
"type": "nonx",
"ref": "P228320.3",
"strict": "0",
"extent": "1",
"scope": "column",
"state": "other"}
,
{
"node": "d",
"subtype": "column 1o",
"type": "column",
"ref": "P228320.o.i.4",
"n": "1",
"label": "o i"}
,
{
"node": "d",
"type": "nonx",
"ref": "P228320.5",
"strict": "1",
"extent": "1",
"scope": "line",
"state": "missing"}
,
{
"node": "c",
"type": "discourse",
"subtype": "body",
"id": "P228320.U1",
"cdl": [
{
"node": "c",
"type": "sentence",
"id": "P228320.U2",
"label": "o i 2 - o i 3",
"cdl": [
{
"node": "d",
"type": "line-start",
"ref": "P228320.6",
"n": "2",
"label": "o i 2"}
,
{
"node": "l",
"frag": "[tug₂]",
"id": "P228320.l25164",
"ref": "P228320.6.1",
"inst": "tug[textile]",
"sig": "@dcclt%sux:tug₂=tug[textile//textile]N'N$tug/tug₂#~",
"f": {"lang": "sux",
"form": "tug₂",
"cf": "tug",
"gw": "textile",
"sense": "textile",
"norm0": "tug",
"pos": "N",
"epos": "N",
"base": "tug₂",
"morph": "~"}
}
,
{
"node": "l",
"frag": "⸢pala₃⸣-a",
"id": "P228320.l25165",
"ref": "P228320.6.2",
"inst": "pala[garment]",
"sig": "@dcclt%sux:pala₃-a=pala[garment//a garment]N'N$pala,ak/pala₃#~,ak",
"f": {"lang": "sux",
"form": "pala₃-a",
"cf": "pala",
"gw": "garment",
"sense": "a garment",
"norm0": "pala,ak",
"pos": "N",
"epos": "N",
"base": "pala₃",
"morph": "~,ak"}
}
,
{
"node": "d",
"type": "line-start",
"ref": "P228320.7",
"n": "3",
"label": "o i 3"}
,
{
"node": "l",
"frag": "[tug₂",
"id": "P228320.l25166",
"ref": "P228320.7.1",
"inst": "tug[textile]",
"sig": "@dcclt%sux:tug₂=tug[textile//textile]N'N$tug/tug₂#~",
"f": {"lang": "sux",
"form": "tug₂",
"cf": "tug",
"gw": "textile",
"sense": "textile",
"norm0": "tug",
"pos": "N",
"epos": "N",
"base": "tug₂",
"morph": "~"}
}
,
{
"node": "l",
"frag": "a₂]-gu-hu-um",
"id": "P228320.l25167",
"ref": "P228320.7.2",
"inst": "aguhum[clothing]",
"sig": "@dcclt%sux:a₂-gu-hu-um=aguhum[clothing//clothing]N'N$aguhum,am/a₂-gu-hu#~,am",
"f": {"lang": "sux",
"form": "a₂-gu-hu-um",
"cf": "aguhum",
"gw": "clothing",
"sense": "clothing",
"norm0": "aguhum,am",
"pos": "N",
"epos": "N",
"base": "a₂-gu-hu",
"morph": "~,am"}
}
]}
]}
]}
]}
