{
"type": "cdl",
  "source": "http://oracc.org/dcclt",
  "license": "This data is released under the CC0 license",
  "license-url": "https://creativecommons.org/publicdomain/zero/1.0/",
  "more-info": "http://oracc.org/doc/opendata/",
  "UTC-timestamp": "2017-05-19T18:24:28",
"project": "dcclt",
"textid": "P228387",
"cdl": [
{
"node": "c",
"type": "text",
"id": "P228387.U0",
"cdl": [
{
"node": "d",
"subtype": "tablet",
"type": "object",
"ref": "P228387.x559.1",
"type": "tablet",
"label": "x559"}
,
{
"node": "d",
"subtype": "obverse",
"type": "surface",
"ref": "P228387.o.2",
"type": "obverse",
"label": "o"}
,
{
"node": "c",
"type": "discourse",
"subtype": "body",
"id": "P228387.U1",
"cdl": [
{
"node": "c",
"type": "sentence",
"id": "P228387.U2",
"label": "o 1 - r ii 10'",
"cdl": [
{
"node": "d",
"type": "line-start",
"ref": "P228387.3",
"n": "1",
"label": "o 1"}
,
{
"node": "l",
"frag": "an",
"id": "P228387.l198f5",
"ref": "P228387.3.1",
"inst": "An[]DN",
"sig": "@dcclt%sux:an=An[1//1]DN'DN$An/an#~",
"f": {"lang": "sux",
"form": "an",
"cf": "An",
"gw": "1",
"sense": "1",
"norm0": "An",
"pos": "DN",
"epos": "DN",
"base": "an",
"morph": "~"}
}
,
{
"node": "d",
"type": "line-start",
"ref": "P228387.4",
"n": "2",
"label": "o 2"}
,
{
"node": "l",
"frag": "an-tum",
"id": "P228387.l198f6",
"ref": "P228387.4.1",
"inst": "Antu[]DN$",
"sig": "@dcclt%sux:an-tum=Antu[1//1]DN'DN$Antu/an-tum#~",
"f": {"lang": "sux",
"form": "an-tum",
"cf": "Antu",
"gw": "1",
"sense": "1",
"norm0": "Antu",
"pos": "DN",
"epos": "DN",
"base": "an-tum",
"morph": "~"}
}
,
{
"node": "d",
"type": "line-start",
"ref": "P228387.5",
"n": "3",
"label": "o 3"}
,
{
"node": "l",
"frag": "{d}uraš",
"id": "P228387.l198f7",
"ref": "P228387.5.1",
"inst": "Uraš[]DN",
"sig": "@dcclt%sux:{d}uraš=Uraš[1//1]DN'DN$Uraš/{d}uraš#~",
"f": {"lang": "sux",
"form": "{d}uraš",
"cf": "Uraš",
"gw": "1",
"sense": "1",
"norm0": "Uraš",
"pos": "DN",
"epos": "DN",
"base": "{d}uraš",
"morph": "~"}
}
,
{
"node": "d",
"type": "line-start",
"ref": "P228387.6",
"n": "4",
"label": "o 4"}
,
{
"node": "l",
"frag": "{d}en-lil₂",
"id": "P228387.l198f8",
"ref": "P228387.6.1",
"inst": "Enlil[]DN",
"sig": "@dcclt%sux:{d}en-lil₂=Enlil[1//1]DN'DN$Enlil/{d}en-lil₂#~",
"f": {"lang": "sux",
"form": "{d}en-lil₂",
"cf": "Enlil",
"gw": "1",
"sense": "1",
"norm0": "Enlil",
"pos": "DN",
"epos": "DN",
"base": "{d}en-lil₂",
"morph": "~"}
}
,
{
"node": "d",
"type": "line-start",
"ref": "P228387.7",
"n": "5",
"label": "o 5"}
,
{
"node": "l",
"frag": "{[d]}⸢nu⸣-nam-nir",
"id": "P228387.l198f9",
"ref": "P228387.7.1",
"inst": "Nunamnir[]DN",
"sig": "@dcclt%sux:{d}nu-nam-nir=Nunamnir[1//1]DN'DN$Nunamnir/{d}nu-nam-nir#~",
"f": {"lang": "sux",
"form": "{d}nu-nam-nir",
"cf": "Nunamnir",
"gw": "1",
"sense": "1",
"norm0": "Nunamnir",
"pos": "DN",
"epos": "DN",
"base": "{d}nu-nam-nir",
"morph": "~"}
}
,
{
"node": "d",
"type": "line-start",
"ref": "P228387.8",
"n": "6",
"label": "o 6"}
,
{
"node": "l",
"frag": "{[d]}nin-lil₂",
"id": "P228387.l198fa",
"ref": "P228387.8.1",
"inst": "Ninlil[]DN",
"sig": "@dcclt%sux:{d}nin-lil₂=Ninlil[1//1]DN'DN$Ninlil/{d}nin-lil₂#~",
"f": {"lang": "sux",
"form": "{d}nin-lil₂",
"cf": "Ninlil",
"gw": "1",
"sense": "1",
"norm0": "Ninlil",
"pos": "DN",
"epos": "DN",
"base": "{d}nin-lil₂",
"morph": "~"}
}
,
{
"node": "d",
"type": "line-start",
"ref": "P228387.9",
"n": "7",
"label": "o 7"}
,
{
"node": "l",
"frag": "{[d]}⸢šul⸣-pa-e₃",
"id": "P228387.l198fb",
"ref": "P228387.9.1",
"inst": "Šulpae[]DN",
"sig": "@dcclt%sux:{d}šul-pa-e₃=Šulpae[1//1]DN'DN$Šulpae/{d}šul-pa-e₃#~",
"f": {"lang": "sux",
"form": "{d}šul-pa-e₃",
"cf": "Šulpae",
"gw": "1",
"sense": "1",
"norm0": "Šulpae",
"pos": "DN",
"epos": "DN",
"base": "{d}šul-pa-e₃",
"morph": "~"}
}
,
{
"node": "d",
"type": "line-start",
"ref": "P228387.10",
"n": "8",
"label": "o 8"}
,
{
"node": "l",
"frag": "{[d]}⸢nin⸣-[hur]-⸢saŋ-ŋa₂⸣",
"id": "P228387.l198fc",
"ref": "P228387.10.1",
"inst": "Ninhursaŋak[]DN",
"sig": "@dcclt%sux:{d}nin-hur-saŋ-ŋa₂=Ninhursaŋak[1//1]DN'DN$Ninhursaŋak,ŋu.ak/{d}nin-hur-saŋ#~,ŋu.ak",
"f": {"lang": "sux",
"form": "{d}nin-hur-saŋ-ŋa₂",
"cf": "Ninhursaŋak",
"gw": "1",
"sense": "1",
"norm0": "Ninhursaŋak,ŋu.ak",
"pos": "DN",
"epos": "DN",
"base": "{d}nin-hur-saŋ",
"morph": "~,ŋu.ak"}
}
,
{
"node": "d",
"type": "line-start",
"ref": "P228387.11",
"n": "9",
"label": "o 9"}
,
{
"node": "l",
"frag": "{[d]}nin-diŋir-⸢re⸣-[e-ne]",
"id": "P228387.l198fd",
"ref": "P228387.11.1",
"inst": "Nindiŋirenek[]DN",
"sig": "@dcclt%sux:{d}nin-diŋir-re-e-ne=Nindiŋirenek[1//1]DN'DN$Nindiŋirenek/{d}nin-diŋir-re-e-ne#~",
"f": {"lang": "sux",
"form": "{d}nin-diŋir-re-e-ne",
"cf": "Nindiŋirenek",
"gw": "1",
"sense": "1",
"norm0": "Nindiŋirenek",
"pos": "DN",
"epos": "DN",
"base": "{d}nin-diŋir-re-e-ne",
"morph": "~"}
}
,
{
"node": "d",
"subtype": "reverse",
"type": "surface",
"ref": "P228387.r.12",
"type": "reverse",
"label": "r"}
,
{
"node": "d",
"subtype": "column 1r",
"type": "column",
"ref": "P228387.r.i.13",
"n": "1",
"label": "r i"}
,
{
"node": "d",
"type": "line-start",
"ref": "P228387.14",
"n": "1'",
"label": "r i 1'"}
,
{
"node": "l",
"frag": "zag-[...]",
"id": "P228387.l198fe",
"ref": "P228387.14.1",
"inst": "u",
"f": {"lang": "sux",
"form": "zag-x",
"pos": "u"}
}
,
{
"node": "d",
"type": "line-start",
"ref": "P228387.15",
"n": "2'",
"label": "r i 2'"}
,
{
"node": "l",
"frag": "burudₓ(U)",
"id": "P228387.l198ff",
"ref": "P228387.15.1",
"inst": "burud[perforate]",
"sig": "@dcclt%sux:burudₓ(U)=burud[perforate//perforate]V/t'V/t$burud/burudₓ(U)#~",
"f": {"lang": "sux",
"form": "burudₓ(U)",
"cf": "burud",
"gw": "perforate",
"sense": "perforate",
"norm0": "burud",
"pos": "V/t",
"epos": "V/t",
"base": "burudₓ(U)",
"morph": "~"}
}
,
{
"node": "l",
"frag": "zag-[...]",
"id": "P228387.l19900",
"ref": "P228387.15.2",
"inst": "u",
"f": {"lang": "sux",
"form": "zag-x",
"pos": "u"}
}
,
{
"node": "d",
"type": "line-start",
"ref": "P228387.16",
"n": "3'",
"label": "r i 3'"}
,
{
"node": "l",
"frag": "sum₄(KA)-[ŋu₁₀]",
"id": "P228387.l19901",
"ref": "P228387.16.1",
"inst": "sum[beard]",
"sig": "@dcclt%sux:sum₄-ŋu₁₀=sum[beard//beard]N'N$sum,ŋu/sum₄#~,ŋu",
"f": {"lang": "sux",
"form": "sum₄-ŋu₁₀",
"cf": "sum",
"gw": "beard",
"sense": "beard",
"norm0": "sum,ŋu",
"pos": "N",
"epos": "N",
"base": "sum₄",
"morph": "~,ŋu"}
}
,
{
"node": "d",
"type": "line-start",
"ref": "P228387.17",
"n": "4'",
"label": "r i 4'"}
,
{
"node": "l",
"frag": "sum₄(KA)",
"id": "P228387.l19902",
"ref": "P228387.17.1",
"inst": "sum[beard]",
"sig": "@dcclt%sux:sum₄=sum[beard//beard]N'N$sum/sum₄#~",
"f": {"lang": "sux",
"form": "sum₄",
"cf": "sum",
"gw": "beard",
"sense": "beard",
"norm0": "sum",
"pos": "N",
"epos": "N",
"base": "sum₄",
"morph": "~"}
}
,
{
"node": "l",
"frag": "⸢x⸣-[...]",
"id": "P228387.l19903",
"ref": "P228387.17.2",
"inst": "u",
"f": {"lang": "sux",
"form": "x-x",
"pos": "u"}
}
,
{
"node": "d",
"type": "line-start",
"ref": "P228387.18",
"n": "5'",
"label": "r i 5'"}
,
{
"node": "l",
"frag": "sum₄(KA)",
"id": "P228387.l19904",
"ref": "P228387.18.1",
"inst": "sum[beard]",
"sig": "@dcclt%sux:sum₄=sum[beard//beard]N'N$sum/sum₄#~",
"f": {"lang": "sux",
"form": "sum₄",
"cf": "sum",
"gw": "beard",
"sense": "beard",
"norm0": "sum",
"pos": "N",
"epos": "N",
"base": "sum₄",
"morph": "~"}
}
,
{
"node": "l",
"frag": "sur(GAR)-[ŋu₁₀]",
"id": "P228387.l19905",
"ref": "P228387.18.2",
"inst": "sur[half]",
"sig": "@dcclt%sux:sur-ŋu₁₀=sur[half//half]N'N$sur,ŋu/sur#~,ŋu",
"f": {"lang": "sux",
"form": "sur-ŋu₁₀",
"cf": "sur",
"gw": "half",
"sense": "half",
"norm0": "sur,ŋu",
"pos": "N",
"epos": "N",
"base": "sur",
"morph": "~,ŋu"}
}
,
{
"node": "d",
"type": "line-start",
"ref": "P228387.19",
"n": "6'",
"label": "r i 6'"}
,
{
"node": "l",
"frag": "sum₄(KA)",
"id": "P228387.l19906",
"ref": "P228387.19.1",
"inst": "sum[beard]",
"sig": "@dcclt%sux:sum₄=sum[beard//beard]N'N$sum/sum₄#~",
"f": {"lang": "sux",
"form": "sum₄",
"cf": "sum",
"gw": "beard",
"sense": "beard",
"norm0": "sum",
"pos": "N",
"epos": "N",
"base": "sum₄",
"morph": "~"}
}
,
{
"node": "l",
"frag": "mug-[ŋu₁₀]",
"id": "P228387.l19907",
"ref": "P228387.19.2",
"inst": "mug[wool]",
"sig": "@dcclt%sux:mug-ŋu₁₀=mug[wool//low quality wool]N'N$mug,ŋu/mug#~,ŋu",
"f": {"lang": "sux",
"form": "mug-ŋu₁₀",
"cf": "mug",
"gw": "wool",
"sense": "low quality wool",
"norm0": "mug,ŋu",
"pos": "N",
"epos": "N",
"base": "mug",
"morph": "~,ŋu"}
}
,
{
"node": "d",
"type": "line-start",
"ref": "P228387.20",
"n": "7'",
"label": "r i 7'"}
,
{
"node": "l",
"frag": "sum₄(KA)",
"id": "P228387.l19908",
"ref": "P228387.20.1",
"inst": "sum[beard]",
"sig": "@dcclt%sux:sum₄=sum[beard//beard]N'N$sum/sum₄#~",
"f": {"lang": "sux",
"form": "sum₄",
"cf": "sum",
"gw": "beard",
"sense": "beard",
"norm0": "sum",
"pos": "N",
"epos": "N",
"base": "sum₄",
"morph": "~"}
}
,
{
"node": "l",
"frag": "SAR-[ŋu₁₀]",
"id": "P228387.l19909",
"ref": "P228387.20.2",
"inst": "X",
"f": {"lang": "sux",
"form": "SAR-ŋu₁₀",
"pos": "X"}
}
,
{
"node": "d",
"type": "line-start",
"ref": "P228387.21",
"n": "8'",
"label": "r i 8'"}
,
{
"node": "l",
"frag": "sum₄(KA)",
"id": "P228387.l1990a",
"ref": "P228387.21.1",
"inst": "sum[beard]",
"sig": "@dcclt%sux:sum₄=sum[beard//beard]N'N$sum/sum₄#~",
"f": {"lang": "sux",
"form": "sum₄",
"cf": "sum",
"gw": "beard",
"sense": "beard",
"norm0": "sum",
"pos": "N",
"epos": "N",
"base": "sum₄",
"morph": "~"}
}
,
{
"node": "l",
"frag": "su₃-ud-[ŋu₁₀]",
"id": "P228387.l1990b",
"ref": "P228387.21.2",
"inst": "sud[distant]",
"sig": "@dcclt%sux:su₃-ud-ŋu₁₀=sud[distant//(to be) distant]V/i'V/i$sud;*a,ŋu/su₃-ud#~;*a,ŋu",
"f": {"lang": "sux",
"form": "su₃-ud-ŋu₁₀",
"cf": "sud",
"gw": "distant",
"sense": "(to be) distant",
"norm0": "sud;*a,ŋu",
"pos": "V/i",
"epos": "V/i",
"base": "su₃-ud",
"morph": "~;*a,ŋu"}
}
,
{
"node": "d",
"type": "line-start",
"ref": "P228387.22",
"n": "9'",
"label": "r i 9'"}
,
{
"node": "l",
"frag": "te-⸢ŋu₁₀⸣",
"id": "P228387.l1990c",
"ref": "P228387.22.1",
"inst": "te[cheek]",
"sig": "@dcclt%sux:te-ŋu₁₀=te[cheek//cheek]N'N$te,ŋu/te#~,ŋu",
"f": {"lang": "sux",
"form": "te-ŋu₁₀",
"cf": "te",
"gw": "cheek",
"sense": "cheek",
"norm0": "te,ŋu",
"pos": "N",
"epos": "N",
"base": "te",
"morph": "~,ŋu"}
}
,
{
"node": "d",
"type": "line-start",
"ref": "P228387.23",
"n": "10'",
"label": "r i 10'"}
,
{
"node": "l",
"frag": "⸢te⸣-te-ŋu₁₀",
"id": "P228387.l1990d",
"ref": "P228387.23.1",
"inst": "te[cheek]",
"sig": "@dcclt%sux:te-te-ŋu₁₀=te[cheek//cheek]N'N$te,ŋu/te-te#~,ŋu",
"f": {"lang": "sux",
"form": "te-te-ŋu₁₀",
"cf": "te",
"gw": "cheek",
"sense": "cheek",
"norm0": "te,ŋu",
"pos": "N",
"epos": "N",
"base": "te-te",
"morph": "~,ŋu"}
}
,
{
"node": "d",
"subtype": "column 2r",
"type": "column",
"ref": "P228387.r.ii.24",
"n": "2",
"label": "r ii"}
,
{
"node": "d",
"type": "line-start",
"ref": "P228387.25",
"n": "1'",
"label": "r ii 1'"}
,
{
"node": "l",
"frag": "[...]-⸢ŋu₁₀⸣",
"id": "P228387.l1990e",
"ref": "P228387.25.1",
"inst": "u",
"f": {"lang": "sux",
"form": "x-ŋu₁₀",
"pos": "u"}
}
,
{
"node": "d",
"type": "line-start",
"ref": "P228387.26",
"n": "2'",
"label": "r ii 2'"}
,
{
"node": "l",
"frag": "[...]-⸢gu₂⸣-ŋu₁₀",
"id": "P228387.l1990f",
"ref": "P228387.26.1",
"inst": "u",
"f": {"lang": "sux",
"form": "x-gu₂-ŋu₁₀",
"pos": "u"}
}
,
{
"node": "d",
"type": "line-start",
"ref": "P228387.27",
"n": "3'",
"label": "r ii 3'"}
,
{
"node": "l",
"frag": "[...]-⸢bal⸣-ŋu₁₀",
"id": "P228387.l19910",
"ref": "P228387.27.1",
"inst": "u",
"f": {"lang": "sux",
"form": "x-bal-ŋu₁₀",
"pos": "u"}
}
,
{
"node": "d",
"type": "line-start",
"ref": "P228387.28",
"n": "4'",
"label": "r ii 4'"}
,
{
"node": "l",
"frag": "[...]-⸢bal⸣-ŋu₁₀",
"id": "P228387.l19911",
"ref": "P228387.28.1",
"inst": "u",
"f": {"lang": "sux",
"form": "x-bal-ŋu₁₀",
"pos": "u"}
}
,
{
"node": "d",
"type": "line-start",
"ref": "P228387.29",
"n": "5'",
"label": "r ii 5'"}
,
{
"node": "l",
"frag": "⸢gu₂-mah⸣-ŋu₁₀",
"id": "P228387.l19912",
"ref": "P228387.29.1",
"inst": "X",
"f": {"lang": "sux",
"form": "gu₂-mah-ŋu₁₀",
"pos": "X"}
}
,
{
"node": "d",
"type": "line-start",
"ref": "P228387.30",
"n": "6'",
"label": "r ii 6'"}
,
{
"node": "l",
"frag": "gu₂-⸢sa⸣-ŋu₁₀",
"id": "P228387.l19913",
"ref": "P228387.30.1",
"inst": "X",
"f": {"lang": "sux",
"form": "gu₂-sa-ŋu₁₀",
"pos": "X"}
}
,
{
"node": "d",
"type": "line-start",
"ref": "P228387.31",
"n": "7'",
"label": "r ii 7'"}
,
{
"node": "l",
"frag": "gu₂-ta-ŋu₁₀",
"id": "P228387.l19914",
"ref": "P228387.31.1",
"inst": "X",
"f": {"lang": "sux",
"form": "gu₂-ta-ŋu₁₀",
"pos": "X"}
}
,
{
"node": "d",
"type": "line-start",
"ref": "P228387.32",
"n": "8'",
"label": "r ii 8'"}
,
{
"node": "l",
"frag": "saŋ",
"id": "P228387.l19915",
"ref": "P228387.32.1",
"inst": "saŋ[head]",
"sig": "@dcclt%sux:saŋ=saŋ[head//head]N'N$saŋ/saŋ#~",
"f": {"lang": "sux",
"form": "saŋ",
"cf": "saŋ",
"gw": "head",
"sense": "head",
"norm0": "saŋ",
"pos": "N",
"epos": "N",
"base": "saŋ",
"morph": "~"}
}
,
{
"node": "l",
"frag": "gu₂-ta-ŋu₁₀",
"id": "P228387.l19916",
"ref": "P228387.32.2",
"inst": "X",
"f": {"lang": "sux",
"form": "gu₂-ta-ŋu₁₀",
"pos": "X"}
}
,
{
"node": "d",
"type": "line-start",
"ref": "P228387.33",
"n": "9'",
"label": "r ii 9'"}
,
{
"node": "l",
"frag": "zi-ŋu₁₀",
"id": "P228387.l19917",
"ref": "P228387.33.1",
"inst": "zi[life]",
"sig": "@dcclt%sux:zi-ŋu₁₀=zi[life//life]N'N$zi,ŋu/zi#~,ŋu",
"f": {"lang": "sux",
"form": "zi-ŋu₁₀",
"cf": "zi",
"gw": "life",
"sense": "life",
"norm0": "zi,ŋu",
"pos": "N",
"epos": "N",
"base": "zi",
"morph": "~,ŋu"}
}
,
{
"node": "d",
"type": "line-start",
"ref": "P228387.34",
"n": "10'",
"label": "r ii 10'"}
,
{
"node": "l",
"frag": "zi-zi-ŋu₁₀",
"id": "P228387.l19918",
"ref": "P228387.34.1",
"inst": "zi[life]",
"sig": "@dcclt%sux:zi-zi-ŋu₁₀=zi[life//life]N'N$zi,ŋu/zi-zi#~,ŋu",
"f": {"lang": "sux",
"form": "zi-zi-ŋu₁₀",
"cf": "zi",
"gw": "life",
"sense": "life",
"norm0": "zi,ŋu",
"pos": "N",
"epos": "N",
"base": "zi-zi",
"morph": "~,ŋu"}
}
]}
]}
]}
]}
