{
"type": "cdl",
  "source": "http://oracc.org/dcclt",
  "license": "This data is released under the CC0 license",
  "license-url": "https://creativecommons.org/publicdomain/zero/1.0/",
  "more-info": "http://oracc.org/doc/opendata/",
  "UTC-timestamp": "2017-05-19T18:24:27",
"project": "dcclt",
"textid": "P228129",
"cdl": [
{
"node": "c",
"type": "text",
"id": "P228129.U0",
"cdl": [
{
"node": "d",
"type": "object",
"ref": ""}
,
{
"node": "d",
"subtype": "obverse",
"type": "surface",
"ref": "P228129.o.1",
"type": "obverse",
"label": "o"}
,
{
"node": "c",
"type": "discourse",
"subtype": "body",
"id": "P228129.U1",
"cdl": [
{
"node": "c",
"type": "sentence",
"id": "P228129.U2",
"label": "o 1 - o 12",
"cdl": [
{
"node": "d",
"type": "line-start",
"ref": "P228129.2",
"n": "1",
"label": "o 1"}
,
{
"node": "d",
"type": "cell-start"}
,
{
"node": "d",
"type": "field-start",
"subtype": "wp"}
,
{
"node": "l",
"frag": "[...]",
"id": "P228129.l406f1",
"ref": "P228129.2.1",
"inst": "u",
"f": {"lang": "sux",
"form": "x",
"pos": "u"}
}
,
{
"node": "d",
"type": "field-end",
"subtype": "wp"}
,
{
"node": "d",
"type": "cell-end"}
,
{
"node": "d",
"type": "cell-start"}
,
{
"node": "d",
"type": "field-start",
"subtype": "eq"}
,
{
"node": "l",
"frag": "ša₂",
"id": "P228129.l406f2",
"ref": "P228129.2.2",
"inst": "ša[of]DET",
"sig": "@dcclt%akk:ša₂=ša[of//of]DET'DET$ša",
"f": {"lang": "akk",
"form": "ša₂",
"cf": "ša",
"gw": "of",
"sense": "of",
"norm": "ša",
"pos": "DET",
"epos": "DET"}
}
,
{
"node": "l",
"frag": "na-a-[hi]",
"id": "P228129.l406f3",
"ref": "P228129.2.3",
"inst": "nāhu[pig's fat]N$nāhi",
"sig": "@dcclt%akk:na-a-hi=nāhu[pig's fat//lard]N'N$nāhi",
"f": {"lang": "akk",
"form": "na-a-hi",
"cf": "nāhu",
"gw": "pig's fat",
"sense": "lard",
"norm": "nāhi",
"pos": "N",
"epos": "N"}
}
,
{
"node": "d",
"type": "field-end",
"subtype": "eq"}
,
{
"node": "d",
"type": "cell-end"}
,
{
"node": "d",
"type": "line-start",
"ref": "P228129.3",
"n": "2",
"label": "o 2"}
,
{
"node": "d",
"type": "cell-start"}
,
{
"node": "d",
"type": "field-start",
"subtype": "wp"}
,
{
"node": "l",
"frag": "[...]",
"id": "P228129.l406f4",
"ref": "P228129.3.1",
"inst": "u",
"f": {"lang": "sux",
"form": "x",
"pos": "u"}
}
,
{
"node": "d",
"type": "field-end",
"subtype": "wp"}
,
{
"node": "d",
"type": "cell-end"}
,
{
"node": "d",
"type": "cell-start"}
,
{
"node": "d",
"type": "field-start",
"subtype": "eq"}
,
{
"node": "d",
"type": "nonw",
"ref": ""}
,
{
"node": "d",
"type": "field-end",
"subtype": "eq"}
,
{
"node": "d",
"type": "cell-end"}
,
{
"node": "d",
"type": "line-start",
"ref": "P228129.4",
"n": "3",
"label": "o 3"}
,
{
"node": "d",
"type": "cell-start"}
,
{
"node": "d",
"type": "field-start",
"subtype": "wp"}
,
{
"node": "l",
"frag": "[...]",
"id": "P228129.l406f5",
"ref": "P228129.4.1",
"inst": "u",
"f": {"lang": "sux",
"form": "x",
"pos": "u"}
}
,
{
"node": "d",
"type": "field-end",
"subtype": "wp"}
,
{
"node": "d",
"type": "cell-end"}
,
{
"node": "d",
"type": "cell-start"}
,
{
"node": "d",
"type": "field-start",
"subtype": "eq"}
,
{
"node": "d",
"type": "nonw",
"ref": ""}
,
{
"node": "d",
"type": "field-end",
"subtype": "eq"}
,
{
"node": "d",
"type": "cell-end"}
,
{
"node": "d",
"type": "line-start",
"ref": "P228129.5",
"n": "4",
"label": "o 4"}
,
{
"node": "d",
"type": "cell-start"}
,
{
"node": "d",
"type": "field-start",
"subtype": "wp"}
,
{
"node": "l",
"frag": "[...]",
"id": "P228129.l406f6",
"ref": "P228129.5.1",
"inst": "u",
"f": {"lang": "sux",
"form": "x",
"pos": "u"}
}
,
{
"node": "d",
"type": "field-end",
"subtype": "wp"}
,
{
"node": "d",
"type": "cell-end"}
,
{
"node": "d",
"type": "cell-start"}
,
{
"node": "d",
"type": "field-start",
"subtype": "eq"}
,
{
"node": "d",
"type": "nonw",
"ref": ""}
,
{
"node": "d",
"type": "field-end",
"subtype": "eq"}
,
{
"node": "d",
"type": "cell-end"}
,
{
"node": "d",
"type": "line-start",
"ref": "P228129.6",
"n": "5",
"label": "o 5"}
,
{
"node": "d",
"type": "cell-start"}
,
{
"node": "d",
"type": "field-start",
"subtype": "wp"}
,
{
"node": "l",
"frag": "[...]",
"id": "P228129.l406f7",
"ref": "P228129.6.1",
"inst": "u",
"f": {"lang": "sux",
"form": "x",
"pos": "u"}
}
,
{
"node": "d",
"type": "field-end",
"subtype": "wp"}
,
{
"node": "d",
"type": "cell-end"}
,
{
"node": "d",
"type": "cell-start"}
,
{
"node": "d",
"type": "field-start",
"subtype": "eq"}
,
{
"node": "l",
"frag": "eš-še-tum",
"id": "P228129.l406f8",
"ref": "P228129.6.2",
"inst": "eššu[new]AJ$eššetum",
"sig": "@dcclt%akk:eš-še-tum=eššu[new//new]AJ'AJ$eššetum",
"f": {"lang": "akk",
"form": "eš-še-tum",
"cf": "eššu",
"gw": "new",
"sense": "new",
"norm": "eššetum",
"pos": "AJ",
"epos": "AJ"}
}
,
{
"node": "d",
"type": "field-end",
"subtype": "eq"}
,
{
"node": "d",
"type": "cell-end"}
,
{
"node": "d",
"type": "line-start",
"ref": "P228129.7",
"n": "6",
"label": "o 6"}
,
{
"node": "d",
"type": "cell-start"}
,
{
"node": "d",
"type": "field-start",
"subtype": "wp"}
,
{
"node": "l",
"frag": "{[dug]}⸢lum₃⸣",
"id": "P228129.l406f9",
"ref": "P228129.7.1",
"inst": "lum[vessel]",
"sig": "@dcclt%sux:{dug}lum₃=lum[vessel//a small drinking vessel]N'N$lum/{dug}lum₃#~",
"f": {"lang": "sux",
"form": "{dug}lum₃",
"cf": "lum",
"gw": "vessel",
"sense": "a small drinking vessel",
"norm0": "lum",
"pos": "N",
"epos": "N",
"base": "{dug}lum₃",
"morph": "~"}
}
,
{
"node": "d",
"type": "field-end",
"subtype": "wp"}
,
{
"node": "d",
"type": "cell-end"}
,
{
"node": "d",
"type": "cell-start"}
,
{
"node": "d",
"type": "field-start",
"subtype": "eq"}
,
{
"node": "l",
"frag": "lu-um-mu",
"id": "P228129.l406fa",
"ref": "P228129.7.2",
"inst": "lummu[(a small drinking-vessel)]N$",
"sig": "@dcclt%akk:lu-um-mu=lummu[(a small drinking-vessel)//(a small drinking-vessel)]N'N$lummu",
"f": {"lang": "akk",
"form": "lu-um-mu",
"cf": "lummu",
"gw": "(a small drinking-vessel)",
"sense": "(a small drinking-vessel)",
"norm": "lummu",
"pos": "N",
"epos": "N"}
}
,
{
"node": "d",
"type": "field-end",
"subtype": "eq"}
,
{
"node": "d",
"type": "cell-end"}
,
{
"node": "d",
"type": "nonx",
"ref": "P228129.8",
"strict": "1",
"extent": "1",
"scope": "line",
"state": "ruling"}
,
{
"node": "d",
"type": "line-start",
"ref": "P228129.9",
"n": "7",
"label": "o 7"}
,
{
"node": "d",
"type": "cell-start"}
,
{
"node": "d",
"type": "field-start",
"subtype": "wp"}
,
{
"node": "l",
"frag": "[...]",
"id": "P228129.l406fb",
"ref": "P228129.9.1",
"inst": "u",
"f": {"lang": "sux",
"form": "x",
"pos": "u"}
}
,
{
"node": "l",
"frag": "x",
"id": "P228129.l406fc",
"ref": "P228129.9.2",
"inst": "u",
"f": {"lang": "sux",
"form": "x",
"pos": "u"}
}
,
{
"node": "d",
"type": "field-end",
"subtype": "wp"}
,
{
"node": "d",
"type": "cell-end"}
,
{
"node": "d",
"type": "cell-start"}
,
{
"node": "d",
"type": "field-start",
"subtype": "eq"}
,
{
"node": "l",
"frag": "maš-ku",
"id": "P228129.l406fd",
"ref": "P228129.9.3",
"inst": "mašku[hide]N",
"sig": "@dcclt%akk:maš-ku=mašku[skin//hide]N'N$mašku",
"f": {"lang": "akk",
"form": "maš-ku",
"cf": "mašku",
"gw": "skin",
"sense": "hide",
"norm": "mašku",
"pos": "N",
"epos": "N"}
}
,
{
"node": "l",
"frag": "na-a-a-lu",
"id": "P228129.l406fe",
"ref": "P228129.9.4",
"inst": "nālu[roe deer]N$nayyalu",
"sig": "@dcclt%akk:na-a-a-lu=nālu[roe deer//roe deer]N'N$nayyalu",
"f": {"lang": "akk",
"form": "na-a-a-lu",
"cf": "nālu",
"gw": "roe deer",
"sense": "roe deer",
"norm": "nayyalu",
"pos": "N",
"epos": "N"}
}
,
{
"node": "d",
"type": "field-end",
"subtype": "eq"}
,
{
"node": "d",
"type": "cell-end"}
,
{
"node": "d",
"type": "line-start",
"ref": "P228129.10",
"n": "8",
"label": "o 8"}
,
{
"node": "d",
"type": "cell-start"}
,
{
"node": "d",
"type": "field-start",
"subtype": "wp"}
,
{
"node": "l",
"frag": "[...]",
"id": "P228129.l406ff",
"ref": "P228129.10.1",
"inst": "u",
"f": {"lang": "sux",
"form": "x",
"pos": "u"}
}
,
{
"node": "d",
"type": "field-end",
"subtype": "wp"}
,
{
"node": "d",
"type": "cell-end"}
,
{
"node": "d",
"type": "cell-start"}
,
{
"node": "d",
"type": "field-start",
"subtype": "eq"}
,
{
"node": "d",
"type": "nonw",
"ref": "P228129.10.2",
"lang": "akk",
"type": "surro"}
,
{
"node": "l",
"id": "P228129.l40700",
"ref": "P228129.10.3",
"inst": "mašku[hide]N",
"sig": "@dcclt%akk:maš-ku=mašku[skin//hide]N'N$mašku",
"f": {"lang": "akk",
"form": "maš-ku",
"cf": "mašku",
"gw": "skin",
"sense": "hide",
"norm": "mašku",
"pos": "N",
"epos": "N"}
}
,
{
"node": "l",
"frag": "ṣa-bi-tum",
"id": "P228129.l40701",
"ref": "P228129.10.4",
"inst": "ṣabītum[gazelle]N",
"sig": "@dcclt%akk:ṣa-bi-tum=ṣabītu[gazelle//gazelle]N'N$ṣabītum",
"f": {"lang": "akk",
"form": "ṣa-bi-tum",
"cf": "ṣabītu",
"gw": "gazelle",
"sense": "gazelle",
"norm": "ṣabītum",
"pos": "N",
"epos": "N"}
}
,
{
"node": "d",
"type": "field-end",
"subtype": "eq"}
,
{
"node": "d",
"type": "cell-end"}
,
{
"node": "d",
"type": "line-start",
"ref": "P228129.11",
"n": "9",
"label": "o 9"}
,
{
"node": "d",
"type": "cell-start"}
,
{
"node": "d",
"type": "field-start",
"subtype": "wp"}
,
{
"node": "l",
"frag": "[...]",
"id": "P228129.l40702",
"ref": "P228129.11.1",
"inst": "u",
"f": {"lang": "sux",
"form": "x",
"pos": "u"}
}
,
{
"node": "d",
"type": "field-end",
"subtype": "wp"}
,
{
"node": "d",
"type": "cell-end"}
,
{
"node": "d",
"type": "cell-start"}
,
{
"node": "d",
"type": "field-start",
"subtype": "eq"}
,
{
"node": "d",
"type": "nonw",
"ref": "P228129.11.2",
"lang": "akk",
"type": "surro"}
,
{
"node": "l",
"id": "P228129.l40703",
"ref": "P228129.11.3",
"inst": "mašku[hide]N",
"sig": "@dcclt%akk:maš-ku=mašku[skin//hide]N'N$mašku",
"f": {"lang": "akk",
"form": "maš-ku",
"cf": "mašku",
"gw": "skin",
"sense": "hide",
"norm": "mašku",
"pos": "N",
"epos": "N"}
}
,
{
"node": "l",
"frag": "⸢u₂⸣-za-lu",
"id": "P228129.l40704",
"ref": "P228129.11.4",
"inst": "huzālu[gazelle kid]N$uzālu",
"sig": "@dcclt%akk:u₂-za-lu=huzālu[gazelle kid//gazelle kid]N'N$uzālu",
"f": {"lang": "akk",
"form": "u₂-za-lu",
"cf": "huzālu",
"gw": "gazelle kid",
"sense": "gazelle kid",
"norm": "uzālu",
"pos": "N",
"epos": "N"}
}
,
{
"node": "d",
"type": "field-end",
"subtype": "eq"}
,
{
"node": "d",
"type": "cell-end"}
,
{
"node": "d",
"type": "line-start",
"ref": "P228129.12",
"n": "10",
"label": "o 10"}
,
{
"node": "d",
"type": "cell-start"}
,
{
"node": "d",
"type": "field-start",
"subtype": "wp"}
,
{
"node": "l",
"frag": "[...]",
"id": "P228129.l40705",
"ref": "P228129.12.1",
"inst": "u",
"f": {"lang": "sux",
"form": "x",
"pos": "u"}
}
,
{
"node": "d",
"type": "field-end",
"subtype": "wp"}
,
{
"node": "d",
"type": "cell-end"}
,
{
"node": "d",
"type": "cell-start"}
,
{
"node": "d",
"type": "field-start",
"subtype": "eq"}
,
{
"node": "d",
"type": "nonw",
"ref": "P228129.12.2",
"lang": "akk",
"type": "surro"}
,
{
"node": "l",
"id": "P228129.l40706",
"ref": "P228129.12.3",
"inst": "mašku[hide]N",
"sig": "@dcclt%akk:maš-ku=mašku[skin//hide]N'N$mašku",
"f": {"lang": "akk",
"form": "maš-ku",
"cf": "mašku",
"gw": "skin",
"sense": "hide",
"norm": "mašku",
"pos": "N",
"epos": "N"}
}
,
{
"node": "l",
"frag": "ku-šu-⸢u₂⸣",
"id": "P228129.l40707",
"ref": "P228129.12.4",
"inst": "kušû[crab]",
"sig": "@dcclt%akk:ku-šu-u₂=kušû[crab//crab]N'N$kušû",
"f": {"lang": "akk",
"form": "ku-šu-u₂",
"cf": "kušû",
"gw": "crab",
"sense": "crab",
"norm": "kušû",
"pos": "N",
"epos": "N"}
}
,
{
"node": "d",
"type": "field-end",
"subtype": "eq"}
,
{
"node": "d",
"type": "cell-end"}
,
{
"node": "d",
"type": "line-start",
"ref": "P228129.13",
"n": "11",
"label": "o 11"}
,
{
"node": "d",
"type": "cell-start"}
,
{
"node": "d",
"type": "field-start",
"subtype": "wp"}
,
{
"node": "l",
"frag": "[...]",
"id": "P228129.l40708",
"ref": "P228129.13.1",
"inst": "u",
"f": {"lang": "sux",
"form": "x",
"pos": "u"}
}
,
{
"node": "d",
"type": "field-end",
"subtype": "wp"}
,
{
"node": "d",
"type": "cell-end"}
,
{
"node": "d",
"type": "cell-start"}
,
{
"node": "d",
"type": "field-start",
"subtype": "eq"}
,
{
"node": "d",
"type": "nonw",
"ref": "P228129.13.2",
"lang": "akk",
"type": "surro"}
,
{
"node": "l",
"id": "P228129.l40709",
"ref": "P228129.13.3",
"inst": "mašku[hide]",
"sig": "@dcclt%akk:maš-ku=mašku[skin//hide]N'N$mašku",
"f": {"lang": "akk",
"form": "maš-ku",
"cf": "mašku",
"gw": "skin",
"sense": "hide",
"norm": "mašku",
"pos": "N",
"epos": "N"}
}
,
{
"node": "l",
"frag": "bu-[u₂-ṣu]",
"id": "P228129.l4070a",
"ref": "P228129.13.4",
"inst": "būṣu[hyaena]N$",
"sig": "@dcclt%akk:bu-u₂-ṣu=būṣu[hyaena//hyaena]N'N$būṣu",
"f": {"lang": "akk",
"form": "bu-u₂-ṣu",
"cf": "būṣu",
"gw": "hyaena",
"sense": "hyaena",
"norm": "būṣu",
"pos": "N",
"epos": "N"}
}
,
{
"node": "d",
"type": "field-end",
"subtype": "eq"}
,
{
"node": "d",
"type": "cell-end"}
,
{
"node": "d",
"type": "line-start",
"ref": "P228129.14",
"n": "12",
"label": "o 12"}
,
{
"node": "d",
"type": "cell-start"}
,
{
"node": "d",
"type": "field-start",
"subtype": "wp"}
,
{
"node": "l",
"frag": "[...]",
"id": "P228129.l4070b",
"ref": "P228129.14.1",
"inst": "u",
"f": {"lang": "sux",
"form": "x",
"pos": "u"}
}
,
{
"node": "d",
"type": "field-end",
"subtype": "wp"}
,
{
"node": "d",
"type": "cell-end"}
,
{
"node": "d",
"type": "cell-start"}
,
{
"node": "d",
"type": "field-start",
"subtype": "eq"}
,
{
"node": "d",
"type": "nonw",
"ref": "P228129.14.2",
"lang": "akk",
"type": "surro"}
,
{
"node": "l",
"id": "P228129.l4070c",
"ref": "P228129.14.3",
"inst": "mašku[hide]N",
"sig": "@dcclt%akk:maš-ku=mašku[skin//hide]N'N$mašku",
"f": {"lang": "akk",
"form": "maš-ku",
"cf": "mašku",
"gw": "skin",
"sense": "hide",
"norm": "mašku",
"pos": "N",
"epos": "N"}
}
,
{
"node": "l",
"frag": "še]-⸢le⸣-bi",
"id": "P228129.l4070d",
"ref": "P228129.14.4",
"inst": "šēlebu[fox]N$šēlebi",
"sig": "@dcclt%akk:še-le-bi=šēlebu[fox//fox]N'N$šēlebi",
"f": {"lang": "akk",
"form": "še-le-bi",
"cf": "šēlebu",
"gw": "fox",
"sense": "fox",
"norm": "šēlebi",
"pos": "N",
"epos": "N"}
}
,
{
"node": "d",
"type": "field-end",
"subtype": "eq"}
,
{
"node": "d",
"type": "cell-end"}
,
{
"node": "d",
"subtype": "reverse",
"type": "surface",
"ref": "P228129.r.15",
"type": "reverse",
"label": "r"}
,
{
"node": "d",
"type": "nonx",
"ref": "P228129.16",
"strict": "1",
"extent": "n",
"scope": "line",
"state": "traces"}
]}
]}
]}
]}
