{
"type": "cdl",
  "source": "http://oracc.org/dcclt",
  "license": "This data is released under the CC0 license",
  "license-url": "https://creativecommons.org/publicdomain/zero/1.0/",
  "more-info": "http://oracc.org/doc/opendata/",
  "UTC-timestamp": "2017-05-19T18:24:34",
"project": "dcclt",
"textid": "P229040",
"cdl": [
{
"node": "c",
"type": "text",
"id": "P229040.U0",
"cdl": [
{
"node": "d",
"subtype": "tablet",
"type": "object",
"ref": "P229040.x927.1",
"type": "tablet",
"label": "x927"}
,
{
"node": "d",
"type": "surface",
"ref": ""}
,
{
"node": "d",
"type": "nonx",
"ref": "P229040.2",
"strict": "0",
"extent": "1",
"state": "ruling"}
,
{
"node": "d",
"subtype": "obverse",
"type": "surface",
"ref": "P229040.o.3",
"type": "obverse",
"label": "o"}
,
{
"node": "d",
"subtype": "column 1o",
"type": "column",
"ref": "P229040.o.i.4",
"n": "1",
"label": "o i"}
,
{
"node": "d",
"type": "nonx",
"ref": "P229040.5",
"strict": "1",
"extent": "beginning",
"scope": "column",
"state": "missing"}
,
{
"node": "c",
"type": "discourse",
"subtype": "body",
"id": "P229040.U1",
"cdl": [
{
"node": "c",
"type": "sentence",
"id": "P229040.U2",
"label": "o i 1' - r iv 12",
"cdl": [
{
"node": "d",
"type": "line-start",
"ref": "P229040.6",
"n": "1'",
"label": "o i 1'"}
,
{
"node": "d",
"type": "cell-start"}
,
{
"node": "d",
"type": "field-start",
"subtype": "sv"}
,
{
"node": "d",
"frag": "*",
"type": "nonw",
"ref": "P229040.6.1",
"lang": "sux",
"type": "punct"}
,
{
"node": "d",
"type": "field-end",
"subtype": "sv"}
,
{
"node": "d",
"type": "cell-end"}
,
{
"node": "d",
"type": "cell-start"}
,
{
"node": "d",
"type": "field-start",
"subtype": "pr"}
,
{
"node": "l",
"frag": "[...]",
"id": "P229040.l23005",
"ref": "P229040.6.2",
"inst": "%sux:x=",
"f": {"lang": "sux",
"form": "x"}
}
,
{
"node": "d",
"type": "field-end",
"subtype": "pr"}
,
{
"node": "d",
"type": "cell-end"}
,
{
"node": "d",
"type": "cell-start"}
,
{
"node": "d",
"type": "field-start",
"subtype": "sg"}
,
{
"node": "l",
"frag": "[...]",
"id": "P229040.l23006",
"ref": "P229040.6.3",
"inst": "%sux:x=",
"f": {"lang": "sux",
"form": "x"}
}
,
{
"node": "d",
"type": "field-end",
"subtype": "sg"}
,
{
"node": "d",
"type": "cell-end"}
,
{
"node": "d",
"type": "line-start",
"ref": "P229040.7",
"n": "2'",
"label": "o i 2'"}
,
{
"node": "d",
"type": "cell-start"}
,
{
"node": "d",
"type": "field-start",
"subtype": "sv"}
,
{
"node": "l",
"frag": "huš₂",
"id": "P229040.l23007",
"ref": "P229040.7.1",
"inst": "huš[furious]",
"sig": "@dcclt%sux:huš₂=huš[reddish//(to be) furious, angry]V/i'V/i$huš/huš₂#~",
"f": {"lang": "sux",
"form": "huš₂",
"cf": "huš",
"gw": "reddish",
"sense": "(to be) furious, angry",
"norm0": "huš",
"pos": "V/i",
"epos": "V/i",
"base": "huš₂",
"morph": "~"}
}
,
{
"node": "d",
"frag": "*",
"type": "nonw",
"ref": "P229040.7.2",
"lang": "sux",
"type": "punct"}
,
{
"node": "d",
"type": "field-end",
"subtype": "sv"}
,
{
"node": "d",
"type": "cell-end"}
,
{
"node": "d",
"type": "cell-start"}
,
{
"node": "d",
"type": "field-start",
"subtype": "pr"}
,
{
"node": "l",
"frag": "hu-⸢uš⸣",
"id": "P229040.l23008",
"ref": "P229040.7.3",
"inst": "%sux:hu-uš=",
"f": {"lang": "sux",
"form": "hu-uš"}
}
,
{
"node": "d",
"type": "field-end",
"subtype": "pr"}
,
{
"node": "d",
"type": "cell-end"}
,
{
"node": "d",
"type": "cell-start"}
,
{
"node": "d",
"type": "field-start",
"subtype": "sg"}
,
{
"node": "l",
"frag": "[GIR₃]",
"id": "P229040.l23009",
"ref": "P229040.7.4",
"inst": "%sux:GIR₃=",
"f": {"lang": "sux",
"form": "GIR₃"}
}
,
{
"node": "d",
"type": "field-end",
"subtype": "sg"}
,
{
"node": "d",
"type": "cell-end"}
,
{
"node": "d",
"type": "line-start",
"ref": "P229040.8",
"n": "3'",
"label": "o i 3'"}
,
{
"node": "d",
"type": "cell-start"}
,
{
"node": "d",
"type": "field-start",
"subtype": "sv"}
,
{
"node": "l",
"frag": "alim",
"id": "P229040.l2300a",
"ref": "P229040.8.1",
"inst": "alim[bison]N",
"sig": "@dcclt%sux:alim=alim[bison//bison]N'N$alim/alim#~",
"f": {"lang": "sux",
"form": "alim",
"cf": "alim",
"gw": "bison",
"sense": "bison",
"norm0": "alim",
"pos": "N",
"epos": "N",
"base": "alim",
"morph": "~"}
}
,
{
"node": "d",
"frag": "*",
"type": "nonw",
"ref": "P229040.8.2",
"lang": "sux",
"type": "punct"}
,
{
"node": "d",
"type": "field-end",
"subtype": "sv"}
,
{
"node": "d",
"type": "cell-end"}
,
{
"node": "d",
"type": "cell-start"}
,
{
"node": "d",
"type": "field-start",
"subtype": "pr"}
,
{
"node": "l",
"frag": "a-li-im",
"id": "P229040.l2300b",
"ref": "P229040.8.3",
"inst": "%sux:a-li-im=",
"f": {"lang": "sux",
"form": "a-li-im"}
}
,
{
"node": "d",
"type": "field-end",
"subtype": "pr"}
,
{
"node": "d",
"type": "cell-end"}
,
{
"node": "d",
"type": "cell-start"}
,
{
"node": "d",
"type": "field-start",
"subtype": "sg"}
,
{
"node": "l",
"frag": "|GIR₃×IGI|",
"id": "P229040.l2300c",
"ref": "P229040.8.4",
"inst": "%sux:|GIR₃×IGI|=",
"f": {"lang": "sux",
"form": "|GIR₃×IGI|"}
}
,
{
"node": "d",
"type": "field-end",
"subtype": "sg"}
,
{
"node": "d",
"type": "cell-end"}
,
{
"node": "d",
"type": "line-start",
"ref": "P229040.9",
"n": "4'",
"label": "o i 4'"}
,
{
"node": "d",
"type": "cell-start"}
,
{
"node": "d",
"type": "field-start",
"subtype": "sv"}
,
{
"node": "l",
"frag": "lulim",
"id": "P229040.l2300d",
"ref": "P229040.9.1",
"inst": "lulim[stag]N",
"sig": "@dcclt%sux:lulim=lulim[stag//stag]N'N$lulim/lulim#~",
"f": {"lang": "sux",
"form": "lulim",
"cf": "lulim",
"gw": "stag",
"sense": "stag",
"norm0": "lulim",
"pos": "N",
"epos": "N",
"base": "lulim",
"morph": "~"}
}
,
{
"node": "d",
"frag": "*",
"type": "nonw",
"ref": "P229040.9.2",
"lang": "sux",
"type": "punct"}
,
{
"node": "d",
"type": "field-end",
"subtype": "sv"}
,
{
"node": "d",
"type": "cell-end"}
,
{
"node": "d",
"type": "cell-start"}
,
{
"node": "d",
"type": "field-start",
"subtype": "pr"}
,
{
"node": "l",
"frag": "lu-li-im",
"id": "P229040.l2300e",
"ref": "P229040.9.3",
"inst": "%sux:lu-li-im=",
"f": {"lang": "sux",
"form": "lu-li-im"}
}
,
{
"node": "d",
"type": "field-end",
"subtype": "pr"}
,
{
"node": "d",
"type": "cell-end"}
,
{
"node": "d",
"type": "cell-start"}
,
{
"node": "d",
"type": "field-start",
"subtype": "sg"}
,
{
"node": "l",
"frag": "|GIR₃×(LU.IGI)|",
"id": "P229040.l2300f",
"ref": "P229040.9.4",
"inst": "%sux:|GIR₃×(LU.IGI)|=",
"f": {"lang": "sux",
"form": "|GIR₃×(LU.IGI)|"}
}
,
{
"node": "d",
"type": "field-end",
"subtype": "sg"}
,
{
"node": "d",
"type": "cell-end"}
,
{
"node": "d",
"type": "line-start",
"ref": "P229040.10",
"n": "5'",
"label": "o i 5'"}
,
{
"node": "d",
"type": "cell-start"}
,
{
"node": "d",
"type": "field-start",
"subtype": "sv"}
,
{
"node": "l",
"frag": "girid₂",
"id": "P229040.l23010",
"ref": "P229040.10.1",
"inst": "girid[wail?]",
"sig": "@dcclt%sux:girid₂=girid[wail?//to wail?]V/t'V/t$girid/girid₂#~",
"f": {"lang": "sux",
"form": "girid₂",
"cf": "girid",
"gw": "wail?",
"sense": "to wail?",
"norm0": "girid",
"pos": "V/t",
"epos": "V/t",
"base": "girid₂",
"morph": "~"}
}
,
{
"node": "d",
"frag": "*",
"type": "nonw",
"ref": "P229040.10.2",
"lang": "sux",
"type": "punct"}
,
{
"node": "d",
"type": "field-end",
"subtype": "sv"}
,
{
"node": "d",
"type": "cell-end"}
,
{
"node": "d",
"type": "cell-start"}
,
{
"node": "d",
"type": "field-start",
"subtype": "pr"}
,
{
"node": "l",
"frag": "gi-ri",
"id": "P229040.l23011",
"ref": "P229040.10.3",
"inst": "%sux:gi-ri=",
"f": {"lang": "sux",
"form": "gi-ri"}
}
,
{
"node": "d",
"type": "field-end",
"subtype": "pr"}
,
{
"node": "d",
"type": "cell-end"}
,
{
"node": "d",
"type": "cell-start"}
,
{
"node": "d",
"type": "field-start",
"subtype": "sg"}
,
{
"node": "l",
"frag": "|GIR₃×GAN₂@t|",
"id": "P229040.l23012",
"ref": "P229040.10.4",
"inst": "%sux:|GIR₃×GAN₂@t|=",
"f": {"lang": "sux",
"form": "|GIR₃×GAN₂@t|"}
}
,
{
"node": "d",
"type": "field-end",
"subtype": "sg"}
,
{
"node": "d",
"type": "cell-end"}
,
{
"node": "d",
"type": "line-start",
"ref": "P229040.11",
"n": "6'",
"label": "o i 6'"}
,
{
"node": "d",
"type": "cell-start"}
,
{
"node": "d",
"type": "field-start",
"subtype": "sv"}
,
{
"node": "l",
"frag": "ug",
"id": "P229040.l23013",
"ref": "P229040.11.1",
"inst": "ug[lion]N",
"sig": "@dcclt%sux:ug=ug[lion//lion]N'N$ug/ug#~",
"f": {"lang": "sux",
"form": "ug",
"cf": "ug",
"gw": "lion",
"sense": "lion",
"norm0": "ug",
"pos": "N",
"epos": "N",
"base": "ug",
"morph": "~"}
}
,
{
"node": "d",
"frag": "*",
"type": "nonw",
"ref": "P229040.11.2",
"lang": "sux",
"type": "punct"}
,
{
"node": "d",
"type": "field-end",
"subtype": "sv"}
,
{
"node": "d",
"type": "cell-end"}
,
{
"node": "d",
"type": "cell-start"}
,
{
"node": "d",
"type": "field-start",
"subtype": "pr"}
,
{
"node": "l",
"frag": "⸢u₄-ug⸣",
"id": "P229040.l23014",
"ref": "P229040.11.3",
"inst": "%sux:u₄-ug=",
"f": {"lang": "sux",
"form": "u₄-ug"}
}
,
{
"node": "d",
"type": "field-end",
"subtype": "pr"}
,
{
"node": "d",
"type": "cell-end"}
,
{
"node": "d",
"type": "cell-start"}
,
{
"node": "d",
"type": "field-start",
"subtype": "sg"}
,
{
"node": "l",
"frag": "|PIRIG×UD|",
"id": "P229040.l23015",
"ref": "P229040.11.4",
"inst": "%sux:|PIRIG×UD|=",
"f": {"lang": "sux",
"form": "|PIRIG×UD|"}
}
,
{
"node": "d",
"type": "field-end",
"subtype": "sg"}
,
{
"node": "d",
"type": "cell-end"}
,
{
"node": "d",
"type": "line-start",
"ref": "P229040.12",
"n": "7'",
"label": "o i 7'"}
,
{
"node": "d",
"type": "cell-start"}
,
{
"node": "d",
"type": "field-start",
"subtype": "sv"}
,
{
"node": "l",
"frag": "ne₃",
"id": "P229040.l23016",
"ref": "P229040.12.1",
"inst": "ne[force]",
"sig": "@dcclt%sux:ne₃=ne[strength//force]N'N$ne/ne₃#~",
"f": {"lang": "sux",
"form": "ne₃",
"cf": "ne",
"gw": "strength",
"sense": "force",
"norm0": "ne",
"pos": "N",
"epos": "N",
"base": "ne₃",
"morph": "~"}
}
,
{
"node": "d",
"frag": "*",
"type": "nonw",
"ref": "P229040.12.2",
"lang": "sux",
"type": "punct"}
,
{
"node": "d",
"type": "field-end",
"subtype": "sv"}
,
{
"node": "d",
"type": "cell-end"}
,
{
"node": "d",
"type": "cell-start"}
,
{
"node": "d",
"type": "field-start",
"subtype": "pr"}
,
{
"node": "l",
"frag": "ni",
"id": "P229040.l23017",
"ref": "P229040.12.3",
"inst": "%sux:ni=",
"f": {"lang": "sux",
"form": "ni"}
}
,
{
"node": "d",
"type": "field-end",
"subtype": "pr"}
,
{
"node": "d",
"type": "cell-end"}
,
{
"node": "d",
"type": "cell-start"}
,
{
"node": "d",
"type": "field-start",
"subtype": "sg"}
,
{
"node": "l",
"frag": "PIRIG",
"id": "P229040.l23018",
"ref": "P229040.12.4",
"inst": "%sux:PIRIG=",
"f": {"lang": "sux",
"form": "PIRIG"}
}
,
{
"node": "d",
"type": "field-end",
"subtype": "sg"}
,
{
"node": "d",
"type": "cell-end"}
,
{
"node": "d",
"type": "line-start",
"ref": "P229040.13",
"n": "8'",
"label": "o i 8'"}
,
{
"node": "d",
"type": "cell-start"}
,
{
"node": "d",
"type": "field-start",
"subtype": "sv"}
,
{
"node": "l",
"frag": "piriŋ",
"id": "P229040.l23019",
"ref": "P229040.13.1",
"inst": "piriŋ[lion]N",
"sig": "@dcclt%sux:piriŋ=piriŋ[lion//lion]N'N$piriŋ/piriŋ#~",
"f": {"lang": "sux",
"form": "piriŋ",
"cf": "piriŋ",
"gw": "lion",
"sense": "lion",
"norm0": "piriŋ",
"pos": "N",
"epos": "N",
"base": "piriŋ",
"morph": "~"}
}
,
{
"node": "d",
"frag": "*",
"type": "nonw",
"ref": "P229040.13.2",
"lang": "sux",
"type": "punct"}
,
{
"node": "d",
"type": "field-end",
"subtype": "sv"}
,
{
"node": "d",
"type": "cell-end"}
,
{
"node": "d",
"type": "cell-start"}
,
{
"node": "d",
"type": "field-start",
"subtype": "pr"}
,
{
"node": "l",
"frag": "KI-ri-iŋ₃",
"id": "P229040.l2301a",
"ref": "P229040.13.3",
"inst": "%sux:KI-ri-iŋ₃=",
"f": {"lang": "sux",
"form": "KI-ri-iŋ₃"}
}
,
{
"node": "d",
"type": "field-end",
"subtype": "pr"}
,
{
"node": "d",
"type": "cell-end"}
,
{
"node": "d",
"type": "cell-start"}
,
{
"node": "d",
"type": "field-start",
"subtype": "sg"}
,
{
"node": "l",
"frag": "PIRIG",
"id": "P229040.l2301b",
"ref": "P229040.13.4",
"inst": "%sux:PIRIG=",
"f": {"lang": "sux",
"form": "PIRIG"}
}
,
{
"node": "d",
"type": "field-end",
"subtype": "sg"}
,
{
"node": "d",
"type": "cell-end"}
,
{
"node": "d",
"type": "nonx",
"ref": "P229040.14",
"strict": "1",
"extent": "2",
"scope": "line",
"state": "ruling"}
,
{
"node": "d",
"type": "nonx",
"ref": "P229040.15",
"strict": "0",
"extent": "1",
"scope": "line",
"state": "other"}
,
{
"node": "d",
"subtype": "column 2o",
"type": "column",
"ref": "P229040.o.ii.16",
"n": "2",
"label": "o ii"}
,
{
"node": "d",
"type": "nonx",
"ref": "P229040.17",
"strict": "0",
"state": "erased"}
,
{
"node": "d",
"subtype": "reverse",
"type": "surface",
"ref": "P229040.r.18",
"type": "reverse",
"label": "r"}
,
{
"node": "d",
"subtype": "column 1r",
"type": "column",
"ref": "P229040.r.i.19",
"n": "1",
"label": "r i"}
,
{
"node": "d",
"type": "line-start",
"ref": "P229040.20",
"n": "1",
"label": "r i 1"}
,
{
"node": "d",
"type": "field-start",
"subtype": "tx"}
,
{
"node": "l",
"frag": "amar",
"id": "P229040.l2301c",
"ref": "P229040.20.1",
"inst": "amar[calf]N",
"sig": "@dcclt%sux:amar=amar[young//calf]N'N$amar/amar#~",
"f": {"lang": "sux",
"form": "amar",
"cf": "amar",
"gw": "young",
"sense": "calf",
"norm0": "amar",
"pos": "N",
"epos": "N",
"base": "amar",
"morph": "~"}
}
,
{
"node": "d",
"type": "field-end",
"subtype": "tx"}
,
{
"node": "d",
"type": "line-start",
"ref": "P229040.21",
"n": "2",
"label": "r i 2"}
,
{
"node": "d",
"type": "field-start",
"subtype": "tx"}
,
{
"node": "l",
"frag": "amar",
"id": "P229040.l2301d",
"ref": "P229040.21.1",
"inst": "amar[calf]N",
"sig": "@dcclt%sux:amar=amar[young//calf]N'N$amar/amar#~",
"f": {"lang": "sux",
"form": "amar",
"cf": "amar",
"gw": "young",
"sense": "calf",
"norm0": "amar",
"pos": "N",
"epos": "N",
"base": "amar",
"morph": "~"}
}
,
{
"node": "l",
"frag": "ga",
"id": "P229040.l2301e",
"ref": "P229040.21.2",
"inst": "ga[milk]N",
"sig": "@dcclt%sux:ga=ga[milk//milk]N'N$ga/ga#~",
"f": {"lang": "sux",
"form": "ga",
"cf": "ga",
"gw": "milk",
"sense": "milk",
"norm0": "ga",
"pos": "N",
"epos": "N",
"base": "ga",
"morph": "~"}
}
,
{
"node": "d",
"type": "field-end",
"subtype": "tx"}
,
{
"node": "d",
"type": "line-start",
"ref": "P229040.22",
"n": "3",
"label": "r i 3"}
,
{
"node": "d",
"type": "field-start",
"subtype": "tx"}
,
{
"node": "l",
"frag": "amar",
"id": "P229040.l2301f",
"ref": "P229040.22.1",
"inst": "amar[calf]N",
"sig": "@dcclt%sux:amar=amar[young//calf]N'N$amar/amar#~",
"f": {"lang": "sux",
"form": "amar",
"cf": "amar",
"gw": "young",
"sense": "calf",
"norm0": "amar",
"pos": "N",
"epos": "N",
"base": "amar",
"morph": "~"}
}
,
{
"node": "l",
"frag": "ga",
"id": "P229040.l23020",
"ref": "P229040.22.2",
"inst": "ga[milk]N",
"sig": "@dcclt%sux:ga=ga[milk//milk]N'N$ga/ga#~",
"f": {"lang": "sux",
"form": "ga",
"cf": "ga",
"gw": "milk",
"sense": "milk",
"norm0": "ga",
"pos": "N",
"epos": "N",
"base": "ga",
"morph": "~"}
}
,
{
"node": "l",
"frag": "gu₇-a",
"id": "P229040.l23021",
"ref": "P229040.22.3",
"inst": "gu[to eat, consume]V/t",
"sig": "@dcclt%sux:gu₇-a=gu[eat//to eat, consume]V/t'V/t$gu;a/gu₇#~;a",
"f": {"lang": "sux",
"form": "gu₇-a",
"cf": "gu",
"gw": "eat",
"sense": "to eat, consume",
"norm0": "gu;a",
"pos": "V/t",
"epos": "V/t",
"base": "gu₇",
"morph": "~;a"}
}
,
{
"node": "d",
"type": "field-end",
"subtype": "tx"}
,
{
"node": "d",
"type": "line-start",
"ref": "P229040.23",
"n": "4",
"label": "r i 4"}
,
{
"node": "d",
"type": "field-start",
"subtype": "tx"}
,
{
"node": "l",
"frag": "amar",
"id": "P229040.l23022",
"ref": "P229040.23.1",
"inst": "amar[calf]N",
"sig": "@dcclt%sux:amar=amar[young//calf]N'N$amar/amar#~",
"f": {"lang": "sux",
"form": "amar",
"cf": "amar",
"gw": "young",
"sense": "calf",
"norm0": "amar",
"pos": "N",
"epos": "N",
"base": "amar",
"morph": "~"}
}
,
{
"node": "l",
"frag": "ga",
"id": "P229040.l23023",
"ref": "P229040.23.2",
"inst": "ga[milk]N",
"sig": "@dcclt%sux:ga=ga[milk//milk]N'N$ga/ga#~",
"f": {"lang": "sux",
"form": "ga",
"cf": "ga",
"gw": "milk",
"sense": "milk",
"norm0": "ga",
"pos": "N",
"epos": "N",
"base": "ga",
"morph": "~"}
}
,
{
"node": "l",
"frag": "gu₇-a",
"id": "P229040.l23024",
"ref": "P229040.23.3",
"inst": "gu[to eat, consume]V/t",
"sig": "@dcclt%sux:gu₇-a=gu[eat//to eat, consume]V/t'V/t$gu;a/gu₇#~;a",
"f": {"lang": "sux",
"form": "gu₇-a",
"cf": "gu",
"gw": "eat",
"sense": "to eat, consume",
"norm0": "gu;a",
"pos": "V/t",
"epos": "V/t",
"base": "gu₇",
"morph": "~;a"}
}
,
{
"node": "d",
"type": "field-end",
"subtype": "tx"}
,
{
"node": "d",
"type": "line-start",
"ref": "P229040.24",
"n": "5",
"label": "r i 5"}
,
{
"node": "d",
"type": "field-start",
"subtype": "tx"}
,
{
"node": "l",
"frag": "amar",
"id": "P229040.l23025",
"ref": "P229040.24.1",
"inst": "amar[calf]N",
"sig": "@dcclt%sux:amar=amar[young//calf]N'N$amar/amar#~",
"f": {"lang": "sux",
"form": "amar",
"cf": "amar",
"gw": "young",
"sense": "calf",
"norm0": "amar",
"pos": "N",
"epos": "N",
"base": "amar",
"morph": "~"}
}
,
{
"node": "l",
"frag": "ga",
"id": "P229040.l23026",
"ref": "P229040.24.2",
"inst": "ga[milk]N",
"sig": "@dcclt%sux:ga=ga[milk//milk]N'N$ga/ga#~",
"f": {"lang": "sux",
"form": "ga",
"cf": "ga",
"gw": "milk",
"sense": "milk",
"norm0": "ga",
"pos": "N",
"epos": "N",
"base": "ga",
"morph": "~"}
}
,
{
"node": "l",
"frag": "sub-a",
"id": "P229040.l23027",
"ref": "P229040.24.3",
"inst": "sub[suck]",
"sig": "@dcclt%sux:sub-a=sub[rub//to suck]V/t'V/t$sub;a/sub#~;a",
"f": {"lang": "sux",
"form": "sub-a",
"cf": "sub",
"gw": "rub",
"sense": "to suck",
"norm0": "sub;a",
"pos": "V/t",
"epos": "V/t",
"base": "sub",
"morph": "~;a"}
}
,
{
"node": "d",
"type": "field-end",
"subtype": "tx"}
,
{
"node": "d",
"type": "line-start",
"ref": "P229040.25",
"n": "6",
"label": "r i 6"}
,
{
"node": "d",
"type": "field-start",
"subtype": "tx"}
,
{
"node": "l",
"frag": "amar",
"id": "P229040.l23028",
"ref": "P229040.25.1",
"inst": "amar[calf]N",
"sig": "@dcclt%sux:amar=amar[young//calf]N'N$amar/amar#~",
"f": {"lang": "sux",
"form": "amar",
"cf": "amar",
"gw": "young",
"sense": "calf",
"norm0": "amar",
"pos": "N",
"epos": "N",
"base": "amar",
"morph": "~"}
}
,
{
"node": "l",
"frag": "sah₄",
"id": "P229040.l23029",
"ref": "P229040.25.2",
"inst": "sah[playful]AJ",
"sig": "@dcclt%sux:sah₄=sah[playful//playful]AJ'AJ$sah/sah₄#~",
"f": {"lang": "sux",
"form": "sah₄",
"cf": "sah",
"gw": "playful",
"sense": "playful",
"norm0": "sah",
"pos": "AJ",
"epos": "AJ",
"base": "sah₄",
"morph": "~"}
}
,
{
"node": "d",
"type": "field-end",
"subtype": "tx"}
,
{
"node": "d",
"type": "line-start",
"ref": "P229040.26",
"n": "7",
"label": "r i 7"}
,
{
"node": "d",
"type": "field-start",
"subtype": "tx"}
,
{
"node": "l",
"frag": "⸢amar",
"id": "P229040.l2302a",
"ref": "P229040.26.1",
"inst": "amar[calf]N",
"sig": "@dcclt%sux:amar=amar[young//calf]N'N$amar/amar#~",
"f": {"lang": "sux",
"form": "amar",
"cf": "amar",
"gw": "young",
"sense": "calf",
"norm0": "amar",
"pos": "N",
"epos": "N",
"base": "amar",
"morph": "~"}
}
,
{
"node": "l",
"frag": "lirum⸣",
"id": "P229040.l2302b",
"ref": "P229040.26.2",
"inst": "lirum[strength]N",
"sig": "@dcclt%sux:lirum=lirum[strength//strength]N'N$lirum/lirum#~",
"f": {"lang": "sux",
"form": "lirum",
"cf": "lirum",
"gw": "strength",
"sense": "strength",
"norm0": "lirum",
"pos": "N",
"epos": "N",
"base": "lirum",
"morph": "~"}
}
,
{
"node": "d",
"type": "field-end",
"subtype": "tx"}
,
{
"node": "d",
"type": "line-start",
"ref": "P229040.27",
"n": "8",
"label": "r i 8"}
,
{
"node": "d",
"type": "field-start",
"subtype": "tx"}
,
{
"node": "l",
"frag": "amar",
"id": "P229040.l2302c",
"ref": "P229040.27.1",
"inst": "amar[calf]N",
"sig": "@dcclt%sux:amar=amar[young//calf]N'N$amar/amar#~",
"f": {"lang": "sux",
"form": "amar",
"cf": "amar",
"gw": "young",
"sense": "calf",
"norm0": "amar",
"pos": "N",
"epos": "N",
"base": "amar",
"morph": "~"}
}
,
{
"node": "l",
"frag": "⸢ban₃⸣-da",
"id": "P229040.l2302d",
"ref": "P229040.27.2",
"inst": "banda[(to be) junior]V/i",
"sig": "@dcclt%sux:ban₃-da=banda[junior//(to be) junior]V/i'V/i$banda/banda₃{da}#~",
"f": {"lang": "sux",
"form": "ban₃-da",
"cf": "banda",
"gw": "junior",
"sense": "(to be) junior",
"norm0": "banda",
"pos": "V/i",
"epos": "V/i",
"base": "banda₃{da}",
"morph": "~"}
}
,
{
"node": "d",
"type": "field-end",
"subtype": "tx"}
,
{
"node": "d",
"type": "line-start",
"ref": "P229040.28",
"n": "9",
"label": "r i 9"}
,
{
"node": "d",
"type": "field-start",
"subtype": "tx"}
,
{
"node": "l",
"frag": "⸢amar⸣",
"id": "P229040.l2302e",
"ref": "P229040.28.1",
"inst": "amar[calf]N",
"sig": "@dcclt%sux:amar=amar[young//calf]N'N$amar/amar#~",
"f": {"lang": "sux",
"form": "amar",
"cf": "amar",
"gw": "young",
"sense": "calf",
"norm0": "amar",
"pos": "N",
"epos": "N",
"base": "amar",
"morph": "~"}
}
,
{
"node": "l",
"frag": "mu",
"id": "P229040.l2302f",
"ref": "P229040.28.2",
"inst": "mu[year]N",
"sig": "@dcclt%sux:mu=mu[year//year]N'N$mu/mu#~",
"f": {"lang": "sux",
"form": "mu",
"cf": "mu",
"gw": "year",
"sense": "year",
"norm0": "mu",
"pos": "N",
"epos": "N",
"base": "mu",
"morph": "~"}
}
,
{
"node": "l",
"frag": "3(AŠ)",
"id": "P229040.l23030",
"ref": "P229040.28.3",
"inst": "n",
"f": {"lang": "sux",
"form": "3(AŠ)",
"pos": "n"}
}
,
{
"node": "d",
"type": "field-end",
"subtype": "tx"}
,
{
"node": "d",
"type": "line-start",
"ref": "P229040.29",
"n": "10",
"label": "r i 10"}
,
{
"node": "d",
"type": "field-start",
"subtype": "tx"}
,
{
"node": "l",
"frag": "⸢amar⸣",
"id": "P229040.l23031",
"ref": "P229040.29.1",
"inst": "amar[calf]N",
"sig": "@dcclt%sux:amar=amar[young//calf]N'N$amar/amar#~",
"f": {"lang": "sux",
"form": "amar",
"cf": "amar",
"gw": "young",
"sense": "calf",
"norm0": "amar",
"pos": "N",
"epos": "N",
"base": "amar",
"morph": "~"}
}
,
{
"node": "l",
"frag": "mu",
"id": "P229040.l23032",
"ref": "P229040.29.2",
"inst": "mu[year]N",
"sig": "@dcclt%sux:mu=mu[year//year]N'N$mu/mu#~",
"f": {"lang": "sux",
"form": "mu",
"cf": "mu",
"gw": "year",
"sense": "year",
"norm0": "mu",
"pos": "N",
"epos": "N",
"base": "mu",
"morph": "~"}
}
,
{
"node": "l",
"frag": "2(AŠ)",
"id": "P229040.l23033",
"ref": "P229040.29.3",
"inst": "n",
"f": {"lang": "sux",
"form": "2(AŠ)",
"pos": "n"}
}
,
{
"node": "d",
"type": "field-end",
"subtype": "tx"}
,
{
"node": "d",
"type": "line-start",
"ref": "P229040.30",
"n": "11",
"label": "r i 11"}
,
{
"node": "d",
"type": "field-start",
"subtype": "tx"}
,
{
"node": "l",
"frag": "amar",
"id": "P229040.l23034",
"ref": "P229040.30.1",
"inst": "amar[calf]N",
"sig": "@dcclt%sux:amar=amar[young//calf]N'N$amar/amar#~",
"f": {"lang": "sux",
"form": "amar",
"cf": "amar",
"gw": "young",
"sense": "calf",
"norm0": "amar",
"pos": "N",
"epos": "N",
"base": "amar",
"morph": "~"}
}
,
{
"node": "l",
"frag": "mu",
"id": "P229040.l23035",
"ref": "P229040.30.2",
"inst": "mu[year]N",
"sig": "@dcclt%sux:mu=mu[year//year]N'N$mu/mu#~",
"f": {"lang": "sux",
"form": "mu",
"cf": "mu",
"gw": "year",
"sense": "year",
"norm0": "mu",
"pos": "N",
"epos": "N",
"base": "mu",
"morph": "~"}
}
,
{
"node": "l",
"frag": "1(AŠ)",
"id": "P229040.l23036",
"ref": "P229040.30.3",
"inst": "n",
"f": {"lang": "sux",
"form": "1(AŠ)",
"pos": "n"}
}
,
{
"node": "d",
"type": "field-end",
"subtype": "tx"}
,
{
"node": "d",
"type": "line-start",
"ref": "P229040.31",
"n": "12",
"label": "r i 12"}
,
{
"node": "d",
"type": "field-start",
"subtype": "tx"}
,
{
"node": "l",
"frag": "⸢amar⸣",
"id": "P229040.l23037",
"ref": "P229040.31.1",
"inst": "amar[calf]N",
"sig": "@dcclt%sux:amar=amar[young//calf]N'N$amar/amar#~",
"f": {"lang": "sux",
"form": "amar",
"cf": "amar",
"gw": "young",
"sense": "calf",
"norm0": "amar",
"pos": "N",
"epos": "N",
"base": "amar",
"morph": "~"}
}
,
{
"node": "l",
"frag": "[...]",
"id": "P229040.l23038",
"ref": "P229040.31.2",
"inst": "u",
"f": {"lang": "sux",
"form": "x",
"pos": "u"}
}
,
{
"node": "d",
"type": "field-end",
"subtype": "tx"}
,
{
"node": "d",
"type": "nonx",
"ref": "P229040.32",
"strict": "1",
"extent": "rest",
"scope": "column",
"state": "missing"}
,
{
"node": "d",
"subtype": "column 2r",
"type": "column",
"ref": "P229040.r.ii.33",
"n": "2",
"label": "r ii"}
,
{
"node": "d",
"type": "line-start",
"ref": "P229040.34",
"n": "1",
"label": "r ii 1"}
,
{
"node": "d",
"type": "field-start",
"subtype": "tx"}
,
{
"node": "l",
"frag": "eme₅",
"id": "P229040.l23039",
"ref": "P229040.34.1",
"inst": "eme[female donkey]N",
"sig": "@dcclt%sux:eme₅=eme[donkey//female donkey]N'N$eme/eme₅#~",
"f": {"lang": "sux",
"form": "eme₅",
"cf": "eme",
"gw": "donkey",
"sense": "female donkey",
"norm0": "eme",
"pos": "N",
"epos": "N",
"base": "eme₅",
"morph": "~"}
}
,
{
"node": "l",
"frag": "šag₄-peš₄",
"id": "P229040.l2303a",
"ref": "P229040.34.2",
"inst": "šagpeš[pregnant]AJ",
"sig": "@dcclt%sux:šag₄-peš₄=šagpeš[pregnant//pregnant]AJ'AJ$šagpeš/šag₄-peš₄#~",
"f": {"lang": "sux",
"form": "šag₄-peš₄",
"cf": "šagpeš",
"gw": "pregnant",
"sense": "pregnant",
"norm0": "šagpeš",
"pos": "AJ",
"epos": "AJ",
"base": "šag₄-peš₄",
"morph": "~"}
}
,
{
"node": "d",
"type": "field-end",
"subtype": "tx"}
,
{
"node": "d",
"type": "line-start",
"ref": "P229040.35",
"n": "2",
"label": "r ii 2"}
,
{
"node": "d",
"type": "field-start",
"subtype": "tx"}
,
{
"node": "l",
"frag": "eme₅",
"id": "P229040.l2303b",
"ref": "P229040.35.1",
"inst": "eme[female donkey]N",
"sig": "@dcclt%sux:eme₅=eme[donkey//female donkey]N'N$eme/eme₅#~",
"f": {"lang": "sux",
"form": "eme₅",
"cf": "eme",
"gw": "donkey",
"sense": "female donkey",
"norm0": "eme",
"pos": "N",
"epos": "N",
"base": "eme₅",
"morph": "~"}
}
,
{
"node": "l",
"frag": "u₃-tud",
"id": "P229040.l2303c",
"ref": "P229040.35.2",
"inst": "utud[bear]V/t",
"sig": "@dcclt%sux:u₃-tud=utud[bear//bear]V/t'V/t$utud/u₃-tud#~",
"f": {"lang": "sux",
"form": "u₃-tud",
"cf": "utud",
"gw": "bear",
"sense": "bear",
"norm0": "utud",
"pos": "V/t",
"epos": "V/t",
"base": "u₃-tud",
"morph": "~"}
}
,
{
"node": "d",
"type": "field-end",
"subtype": "tx"}
,
{
"node": "d",
"type": "line-start",
"ref": "P229040.36",
"n": "3",
"label": "r ii 3"}
,
{
"node": "d",
"type": "field-start",
"subtype": "tx"}
,
{
"node": "l",
"frag": "eme₅",
"id": "P229040.l2303d",
"ref": "P229040.36.1",
"inst": "eme[female donkey]N",
"sig": "@dcclt%sux:eme₅=eme[donkey//female donkey]N'N$eme/eme₅#~",
"f": {"lang": "sux",
"form": "eme₅",
"cf": "eme",
"gw": "donkey",
"sense": "female donkey",
"norm0": "eme",
"pos": "N",
"epos": "N",
"base": "eme₅",
"morph": "~"}
}
,
{
"node": "l",
"frag": "nu-u₃-tud",
"id": "P229040.l2303e",
"ref": "P229040.36.2",
"inst": "utud[bear]V/t",
"sig": "@dcclt%sux:nu-u₃-tud=utud[bear//bear]V/t'V/t$nu.V.e:utud/tud#nu.V.e:~",
"f": {"lang": "sux",
"form": "nu-u₃-tud",
"cf": "utud",
"gw": "bear",
"sense": "bear",
"norm0": "nu.V.e:utud",
"pos": "V/t",
"epos": "V/t",
"base": "tud",
"morph": "nu.V.e:~"}
}
,
{
"node": "d",
"type": "field-end",
"subtype": "tx"}
,
{
"node": "d",
"type": "line-start",
"ref": "P229040.37",
"n": "4",
"label": "r ii 4"}
,
{
"node": "d",
"type": "field-start",
"subtype": "tx"}
,
{
"node": "l",
"frag": "eme₅",
"id": "P229040.l2303f",
"ref": "P229040.37.1",
"inst": "eme[female donkey]N",
"sig": "@dcclt%sux:eme₅=eme[donkey//female donkey]N'N$eme/eme₅#~",
"f": {"lang": "sux",
"form": "eme₅",
"cf": "eme",
"gw": "donkey",
"sense": "female donkey",
"norm0": "eme",
"pos": "N",
"epos": "N",
"base": "eme₅",
"morph": "~"}
}
,
{
"node": "l",
"frag": "ŋeš₃",
"id": "P229040.l23040",
"ref": "P229040.37.2",
"inst": "ŋeš[penis]N",
"sig": "@dcclt%sux:ŋeš₃=ŋeš[penis//penis]N'N$ŋeš/ŋeš₃#~",
"f": {"lang": "sux",
"form": "ŋeš₃",
"cf": "ŋeš",
"gw": "penis",
"sense": "penis",
"norm0": "ŋeš",
"pos": "N",
"epos": "N",
"base": "ŋeš₃",
"morph": "~"}
}
,
{
"node": "l",
"frag": "zu-zu",
"id": "P229040.l23041",
"ref": "P229040.37.3",
"inst": "zu[to know]V/t",
"sig": "@dcclt%sux:zu-zu=zu[know//to know]V/t'V/t$zu/zu-zu#~",
"f": {"lang": "sux",
"form": "zu-zu",
"cf": "zu",
"gw": "know",
"sense": "to know",
"norm0": "zu",
"pos": "V/t",
"epos": "V/t",
"base": "zu-zu",
"morph": "~"}
}
,
{
"node": "d",
"type": "field-end",
"subtype": "tx"}
,
{
"node": "d",
"type": "line-start",
"ref": "P229040.38",
"n": "5",
"label": "r ii 5"}
,
{
"node": "d",
"type": "field-start",
"subtype": "tx"}
,
{
"node": "l",
"frag": "eme₅",
"id": "P229040.l23042",
"ref": "P229040.38.1",
"inst": "eme[female donkey]N",
"sig": "@dcclt%sux:eme₅=eme[donkey//female donkey]N'N$eme/eme₅#~",
"f": {"lang": "sux",
"form": "eme₅",
"cf": "eme",
"gw": "donkey",
"sense": "female donkey",
"norm0": "eme",
"pos": "N",
"epos": "N",
"base": "eme₅",
"morph": "~"}
}
,
{
"node": "c",
"type": "phrase",
"tag": "phr",
"id": "P229040.U4",
"ref": "P229040.ls00000",
"cdl": [
{
"node": "l",
"frag": "ŋeš₃",
"id": "P229040.l23043",
"ref": "P229040.38.2",
"inst": "ŋeš[penis]N",
"sig": "@dcclt%sux:ŋeš₃=ŋeš[penis//penis]N'N$ŋeš/ŋeš₃#~",
"f": {"lang": "sux",
"form": "ŋeš₃",
"cf": "ŋeš",
"gw": "penis",
"sense": "penis",
"norm0": "ŋeš",
"pos": "N",
"epos": "N",
"base": "ŋeš₃",
"morph": "~"}
}
,
{
"node": "l",
"frag": "nu-zu",
"id": "P229040.l23044",
"ref": "P229040.38.3",
"inst": "zu[to know]V/t",
"sig": "@dcclt%sux:nu-zu=zu[know//to know]V/t'V/t$nu:zu/zu#nu:~",
"f": {"lang": "sux",
"form": "nu-zu",
"cf": "zu",
"gw": "know",
"sense": "to know",
"norm0": "nu:zu",
"pos": "V/t",
"epos": "V/t",
"base": "zu",
"morph": "nu:~"}
}
]}
,
{
"node": "d",
"type": "field-end",
"subtype": "tx"}
,
{
"node": "d",
"type": "line-start",
"ref": "P229040.39",
"n": "6",
"label": "r ii 6"}
,
{
"node": "d",
"type": "field-start",
"subtype": "tx"}
,
{
"node": "l",
"frag": "muš",
"id": "P229040.l23045",
"ref": "P229040.39.1",
"inst": "muš[snake]N",
"sig": "@dcclt%sux:muš=muš[snake//snake]N'N$muš/muš#~",
"f": {"lang": "sux",
"form": "muš",
"cf": "muš",
"gw": "snake",
"sense": "snake",
"norm0": "muš",
"pos": "N",
"epos": "N",
"base": "muš",
"morph": "~"}
}
,
{
"node": "d",
"type": "field-end",
"subtype": "tx"}
,
{
"node": "d",
"type": "line-start",
"ref": "P229040.40",
"n": "7",
"label": "r ii 7"}
,
{
"node": "d",
"type": "field-start",
"subtype": "tx"}
,
{
"node": "l",
"frag": "⸢muš",
"id": "P229040.l23046",
"ref": "P229040.40.1",
"inst": "muš[snake]N",
"sig": "@dcclt%sux:muš=muš[snake//snake]N'N$muš/muš#~",
"f": {"lang": "sux",
"form": "muš",
"cf": "muš",
"gw": "snake",
"sense": "snake",
"norm0": "muš",
"pos": "N",
"epos": "N",
"base": "muš",
"morph": "~"}
}
,
{
"node": "l",
"frag": "huš⸣",
"id": "P229040.l23047",
"ref": "P229040.40.2",
"inst": "huš[furious]",
"sig": "@dcclt%sux:huš=huš[reddish//(to be) furious, angry]V/i'V/i$huš/huš#~",
"f": {"lang": "sux",
"form": "huš",
"cf": "huš",
"gw": "reddish",
"sense": "(to be) furious, angry",
"norm0": "huš",
"pos": "V/i",
"epos": "V/i",
"base": "huš",
"morph": "~"}
}
,
{
"node": "d",
"type": "field-end",
"subtype": "tx"}
,
{
"node": "d",
"type": "line-start",
"ref": "P229040.41",
"n": "8",
"label": "r ii 8"}
,
{
"node": "d",
"type": "field-start",
"subtype": "tx"}
,
{
"node": "l",
"frag": "muš",
"id": "P229040.l23048",
"ref": "P229040.41.1",
"inst": "muš[snake]N",
"sig": "@dcclt%sux:muš=muš[snake//snake]N'N$muš/muš#~",
"f": {"lang": "sux",
"form": "muš",
"cf": "muš",
"gw": "snake",
"sense": "snake",
"norm0": "muš",
"pos": "N",
"epos": "N",
"base": "muš",
"morph": "~"}
}
,
{
"node": "l",
"frag": "{d}nirah",
"id": "P229040.l23049",
"ref": "P229040.41.2",
"inst": "Nirah[1]DN",
"sig": "@dcclt%sux:{d}nirah=Nirah[1//1]DN'DN$Nirah/{d}nirah#~",
"f": {"lang": "sux",
"form": "{d}nirah",
"cf": "Nirah",
"gw": "1",
"sense": "1",
"norm0": "Nirah",
"pos": "DN",
"epos": "DN",
"base": "{d}nirah",
"morph": "~"}
}
,
{
"node": "d",
"type": "field-end",
"subtype": "tx"}
,
{
"node": "d",
"type": "line-start",
"ref": "P229040.42",
"n": "9",
"label": "r ii 9"}
,
{
"node": "d",
"type": "field-start",
"subtype": "tx"}
,
{
"node": "l",
"frag": "muš",
"id": "P229040.l2304a",
"ref": "P229040.42.1",
"inst": "muš[snake]N",
"sig": "@dcclt%sux:muš=muš[snake//snake]N'N$muš/muš#~",
"f": {"lang": "sux",
"form": "muš",
"cf": "muš",
"gw": "snake",
"sense": "snake",
"norm0": "muš",
"pos": "N",
"epos": "N",
"base": "muš",
"morph": "~"}
}
,
{
"node": "l",
"frag": "ušumgal",
"id": "P229040.l2304b",
"ref": "P229040.42.2",
"inst": "ušumgal[great dragon, snake]N",
"sig": "@dcclt%sux:ušumgal=ušumgal[dragon//great dragon, snake]N'N$ušumgal/ušumgal#~",
"f": {"lang": "sux",
"form": "ušumgal",
"cf": "ušumgal",
"gw": "dragon",
"sense": "great dragon, snake",
"norm0": "ušumgal",
"pos": "N",
"epos": "N",
"base": "ušumgal",
"morph": "~"}
}
,
{
"node": "d",
"type": "field-end",
"subtype": "tx"}
,
{
"node": "d",
"type": "line-start",
"ref": "P229040.43",
"n": "10",
"label": "r ii 10"}
,
{
"node": "d",
"type": "field-start",
"subtype": "tx"}
,
{
"node": "l",
"frag": "muš",
"id": "P229040.l2304c",
"ref": "P229040.43.1",
"inst": "muš[snake]N",
"sig": "@dcclt%sux:muš=muš[snake//snake]N'N$muš/muš#~",
"f": {"lang": "sux",
"form": "muš",
"cf": "muš",
"gw": "snake",
"sense": "snake",
"norm0": "muš",
"pos": "N",
"epos": "N",
"base": "muš",
"morph": "~"}
}
,
{
"node": "l",
"frag": "na₄",
"id": "P229040.l2304d",
"ref": "P229040.43.2",
"inst": "na[stone]N",
"sig": "@dcclt%sux:na₄=na[stone//stone]N'N$na/na₄#~",
"f": {"lang": "sux",
"form": "na₄",
"cf": "na",
"gw": "stone",
"sense": "stone",
"norm0": "na",
"pos": "N",
"epos": "N",
"base": "na₄",
"morph": "~"}
}
,
{
"node": "d",
"type": "field-end",
"subtype": "tx"}
,
{
"node": "d",
"type": "line-start",
"ref": "P229040.44",
"n": "11",
"label": "r ii 11"}
,
{
"node": "d",
"type": "field-start",
"subtype": "tx"}
,
{
"node": "l",
"frag": "⸢muš⸣",
"id": "P229040.l2304e",
"ref": "P229040.44.1",
"inst": "muš[snake]N",
"sig": "@dcclt%sux:muš=muš[snake//snake]N'N$muš/muš#~",
"f": {"lang": "sux",
"form": "muš",
"cf": "muš",
"gw": "snake",
"sense": "snake",
"norm0": "muš",
"pos": "N",
"epos": "N",
"base": "muš",
"morph": "~"}
}
,
{
"node": "d",
"frag": "<<x>>",
"type": "nonw",
"ref": "P229040.44.2",
"lang": "sux",
"type": "excised",
"gdl_delim": " "}
,
{
"node": "l",
"frag": "a",
"id": "P229040.l2304f",
"ref": "P229040.44.3",
"inst": "a[water]N",
"sig": "@dcclt%sux:a=a[water//water]N'N$a/a#~",
"f": {"lang": "sux",
"form": "a",
"cf": "a",
"gw": "water",
"sense": "water",
"norm0": "a",
"pos": "N",
"epos": "N",
"base": "a",
"morph": "~"}
}
,
{
"node": "d",
"type": "field-end",
"subtype": "tx"}
,
{
"node": "d",
"type": "line-start",
"ref": "P229040.45",
"n": "12",
"label": "r ii 12"}
,
{
"node": "d",
"type": "field-start",
"subtype": "tx"}
,
{
"node": "l",
"frag": "[...]-⸢x⸣",
"id": "P229040.l23050",
"ref": "P229040.45.1",
"inst": "u",
"f": {"lang": "sux",
"form": "x-x",
"pos": "u"}
}
,
{
"node": "d",
"type": "field-end",
"subtype": "tx"}
,
{
"node": "d",
"type": "nonx",
"ref": "P229040.46",
"strict": "0",
"extent": "rest",
"state": "missing"}
,
{
"node": "d",
"subtype": "column 3r",
"type": "column",
"ref": "P229040.r.iii.47",
"n": "3",
"label": "r iii"}
,
{
"node": "d",
"type": "line-start",
"ref": "P229040.48",
"n": "1",
"label": "r iii 1"}
,
{
"node": "d",
"type": "field-start",
"subtype": "tx"}
,
{
"node": "l",
"frag": "ur-ki",
"id": "P229040.l23051",
"ref": "P229040.48.1",
"inst": "urki[dog]N",
"sig": "@dcclt%sux:ur-ki=urki[dog//dog]N'N$urki/ur-ki#~",
"f": {"lang": "sux",
"form": "ur-ki",
"cf": "urki",
"gw": "dog",
"sense": "dog",
"norm0": "urki",
"pos": "N",
"epos": "N",
"base": "ur-ki",
"morph": "~"}
}
,
{
"node": "d",
"type": "field-end",
"subtype": "tx"}
,
{
"node": "d",
"type": "line-start",
"ref": "P229040.49",
"n": "2",
"label": "r iii 2"}
,
{
"node": "d",
"type": "field-start",
"subtype": "tx"}
,
{
"node": "l",
"frag": "ur-tur",
"id": "P229040.l23052",
"ref": "P229040.49.1",
"inst": "urtur[puppy]N",
"sig": "@dcclt%sux:ur-tur=urtur[puppy//puppy]N'N$urtur/ur-tur#~",
"f": {"lang": "sux",
"form": "ur-tur",
"cf": "urtur",
"gw": "puppy",
"sense": "puppy",
"norm0": "urtur",
"pos": "N",
"epos": "N",
"base": "ur-tur",
"morph": "~"}
}
,
{
"node": "d",
"type": "field-end",
"subtype": "tx"}
,
{
"node": "d",
"type": "line-start",
"ref": "P229040.50",
"n": "3",
"label": "r iii 3"}
,
{
"node": "d",
"type": "field-start",
"subtype": "tx"}
,
{
"node": "l",
"frag": "ur-dib",
"id": "P229040.l23053",
"ref": "P229040.50.1",
"inst": "urdib[cub]N",
"sig": "@dcclt%sux:ur-dib=urdib[cub//cub]N'N$urdib/ur-dib#~",
"f": {"lang": "sux",
"form": "ur-dib",
"cf": "urdib",
"gw": "cub",
"sense": "cub",
"norm0": "urdib",
"pos": "N",
"epos": "N",
"base": "ur-dib",
"morph": "~"}
}
,
{
"node": "d",
"type": "field-end",
"subtype": "tx"}
,
{
"node": "d",
"type": "line-start",
"ref": "P229040.51",
"n": "4",
"label": "r iii 4"}
,
{
"node": "d",
"type": "field-start",
"subtype": "tx"}
,
{
"node": "l",
"frag": "ur-<<x>>-šub₅",
"id": "P229040.l23054",
"ref": "P229040.51.1",
"inst": "uršub[tiger]N",
"sig": "@dcclt%sux:ur-šub₅=uršub[tiger//tiger]N'N$uršub/ur-šub₅#~",
"f": {"lang": "sux",
"form": "ur-šub₅",
"cf": "uršub",
"gw": "tiger",
"sense": "tiger",
"norm0": "uršub",
"pos": "N",
"epos": "N",
"base": "ur-šub₅",
"morph": "~"}
}
,
{
"node": "d",
"type": "field-end",
"subtype": "tx"}
,
{
"node": "d",
"type": "line-start",
"ref": "P229040.52",
"n": "5",
"label": "r iii 5"}
,
{
"node": "d",
"type": "field-start",
"subtype": "tx"}
,
{
"node": "l",
"frag": "ur-šub₅-kud-da",
"id": "P229040.l23055",
"ref": "P229040.52.1",
"inst": "uršubkuda[wild animal]N",
"sig": "@dcclt%sux:ur-šub₅-kud-da=uršubkuda[wild animal//wild animal]N'N$uršubkuda/ur-šub₅-kud-da#~",
"f": {"lang": "sux",
"form": "ur-šub₅-kud-da",
"cf": "uršubkuda",
"gw": "wild animal",
"sense": "wild animal",
"norm0": "uršubkuda",
"pos": "N",
"epos": "N",
"base": "ur-šub₅-kud-da",
"morph": "~"}
}
,
{
"node": "d",
"type": "field-end",
"subtype": "tx"}
,
{
"node": "d",
"type": "line-start",
"ref": "P229040.53",
"n": "6",
"label": "r iii 6"}
,
{
"node": "d",
"type": "field-start",
"subtype": "tx"}
,
{
"node": "l",
"frag": "az",
"id": "P229040.l23056",
"ref": "P229040.53.1",
"inst": "az[bear]N",
"sig": "@dcclt%sux:az=az[bear//bear]N'N$az/az#~",
"f": {"lang": "sux",
"form": "az",
"cf": "az",
"gw": "bear",
"sense": "bear",
"norm0": "az",
"pos": "N",
"epos": "N",
"base": "az",
"morph": "~"}
}
,
{
"node": "d",
"type": "field-end",
"subtype": "tx"}
,
{
"node": "d",
"type": "line-start",
"ref": "P229040.54",
"n": "7",
"label": "r iii 7"}
,
{
"node": "d",
"type": "field-start",
"subtype": "tx"}
,
{
"node": "l",
"frag": "piriŋ",
"id": "P229040.l23057",
"ref": "P229040.54.1",
"inst": "piriŋ[lion]N",
"sig": "@dcclt%sux:piriŋ=piriŋ[lion//lion]N'N$piriŋ/piriŋ#~",
"f": {"lang": "sux",
"form": "piriŋ",
"cf": "piriŋ",
"gw": "lion",
"sense": "lion",
"norm0": "piriŋ",
"pos": "N",
"epos": "N",
"base": "piriŋ",
"morph": "~"}
}
,
{
"node": "d",
"type": "field-end",
"subtype": "tx"}
,
{
"node": "d",
"type": "line-start",
"ref": "P229040.55",
"n": "8",
"label": "r iii 8"}
,
{
"node": "d",
"type": "field-start",
"subtype": "tx"}
,
{
"node": "l",
"frag": "nemurₓ(|PIRIG.TUR|)",
"id": "P229040.l23058",
"ref": "P229040.55.1",
"inst": "nemur[leopard]N",
"sig": "@dcclt%sux:nemurₓ(|PIRIG.TUR|)=nemur[leopard//leopard]N'N$nemur/nemurₓ(|PIRIG.TUR|)#~",
"f": {"lang": "sux",
"form": "nemurₓ(|PIRIG.TUR|)",
"cf": "nemur",
"gw": "leopard",
"sense": "leopard",
"norm0": "nemur",
"pos": "N",
"epos": "N",
"base": "nemurₓ(|PIRIG.TUR|)",
"morph": "~"}
}
,
{
"node": "d",
"type": "field-end",
"subtype": "tx"}
,
{
"node": "d",
"type": "line-start",
"ref": "P229040.56",
"n": "9",
"label": "r iii 9"}
,
{
"node": "d",
"type": "field-start",
"subtype": "tx"}
,
{
"node": "l",
"frag": "⸢piriŋ⸣",
"id": "P229040.l23059",
"ref": "P229040.56.1",
"inst": "piriŋ[lion]N",
"sig": "@dcclt%sux:piriŋ=piriŋ[lion//lion]N'N$piriŋ/piriŋ#~",
"f": {"lang": "sux",
"form": "piriŋ",
"cf": "piriŋ",
"gw": "lion",
"sense": "lion",
"norm0": "piriŋ",
"pos": "N",
"epos": "N",
"base": "piriŋ",
"morph": "~"}
}
,
{
"node": "c",
"type": "phrase",
"tag": "phr",
"id": "P229040.U5",
"ref": "P229040.ls00001",
"cdl": [
{
"node": "l",
"frag": "ka",
"id": "P229040.l2305a",
"ref": "P229040.56.2",
"inst": "kag[mouth]N",
"sig": "@dcclt%sux:ka=kag[mouth//mouth]N'N$kag/ka#~",
"f": {"lang": "sux",
"form": "ka",
"cf": "kag",
"gw": "mouth",
"sense": "mouth",
"norm0": "kag",
"pos": "N",
"epos": "N",
"base": "ka",
"morph": "~"}
}
,
{
"node": "l",
"frag": "duh-a",
"id": "P229040.l2305b",
"ref": "P229040.56.3",
"inst": "duh[loosen]",
"sig": "@dcclt%sux:duh-a=duh[loosen//loosen]V/t'V/t$duh;a/duh#~;a",
"f": {"lang": "sux",
"form": "duh-a",
"cf": "duh",
"gw": "loosen",
"sense": "loosen",
"norm0": "duh;a",
"pos": "V/t",
"epos": "V/t",
"base": "duh",
"morph": "~;a"}
}
]}
,
{
"node": "d",
"type": "field-end",
"subtype": "tx"}
,
{
"node": "d",
"type": "line-start",
"ref": "P229040.57",
"n": "10",
"label": "r iii 10"}
,
{
"node": "d",
"type": "field-start",
"subtype": "tx"}
,
{
"node": "l",
"frag": "nig",
"id": "P229040.l2305c",
"ref": "P229040.57.1",
"inst": "nig[female dog]N",
"sig": "@dcclt%sux:nig=nig[dog//female dog]N'N$nig/nig#~",
"f": {"lang": "sux",
"form": "nig",
"cf": "nig",
"gw": "dog",
"sense": "female dog",
"norm0": "nig",
"pos": "N",
"epos": "N",
"base": "nig",
"morph": "~"}
}
,
{
"node": "d",
"type": "field-end",
"subtype": "tx"}
,
{
"node": "d",
"type": "line-start",
"ref": "P229040.58",
"n": "11",
"label": "r iii 11"}
,
{
"node": "d",
"type": "field-start",
"subtype": "tx"}
,
{
"node": "l",
"frag": "nig",
"id": "P229040.l2305d",
"ref": "P229040.58.1",
"inst": "nig[female dog]N",
"sig": "@dcclt%sux:nig=nig[dog//female dog]N'N$nig/nig#~",
"f": {"lang": "sux",
"form": "nig",
"cf": "nig",
"gw": "dog",
"sense": "female dog",
"norm0": "nig",
"pos": "N",
"epos": "N",
"base": "nig",
"morph": "~"}
}
,
{
"node": "l",
"frag": "amar-ra",
"id": "P229040.l2305e",
"ref": "P229040.58.2",
"inst": "amar[young]N",
"sig": "@dcclt%sux:amar-ra=amar[young//young, youngster, chick]N'N$amar,ak/amar+-ra=r.a#~,ak",
"f": {"lang": "sux",
"form": "amar-ra",
"cf": "amar",
"gw": "young",
"sense": "young, youngster, chick",
"norm0": "amar,ak",
"pos": "N",
"epos": "N",
"base": "amar",
"cont": "-ra=r.a",
"morph": "~,ak"}
}
,
{
"node": "d",
"type": "field-end",
"subtype": "tx"}
,
{
"node": "d",
"type": "line-start",
"ref": "P229040.59",
"n": "12",
"label": "r iii 12"}
,
{
"node": "d",
"type": "field-start",
"subtype": "tx"}
,
{
"node": "l",
"frag": "su-ri",
"id": "P229040.l2305f",
"ref": "P229040.59.1",
"inst": "X",
"f": {"lang": "sux",
"form": "su-ri",
"pos": "X"}
}
,
{
"node": "d",
"type": "field-end",
"subtype": "tx"}
,
{
"node": "d",
"type": "line-start",
"ref": "P229040.60",
"n": "13",
"label": "r iii 13"}
,
{
"node": "d",
"type": "field-start",
"subtype": "tx"}
,
{
"node": "l",
"frag": "⸢su-a⸣-[ri]",
"id": "P229040.l23060",
"ref": "P229040.60.1",
"inst": "suari[wild cat]N",
"sig": "@dcclt%sux:su-a-ri=suari[cat//wild cat]N'N$suari/su-a-ri#~",
"f": {"lang": "sux",
"form": "su-a-ri",
"cf": "suari",
"gw": "cat",
"sense": "wild cat",
"norm0": "suari",
"pos": "N",
"epos": "N",
"base": "su-a-ri",
"morph": "~"}
}
,
{
"node": "d",
"type": "field-end",
"subtype": "tx"}
,
{
"node": "d",
"type": "line-start",
"ref": "P229040.61",
"n": "14",
"label": "r iii 14"}
,
{
"node": "d",
"type": "field-start",
"subtype": "tx"}
,
{
"node": "l",
"frag": "⸢ka₅⸣-[a]",
"id": "P229040.l23061",
"ref": "P229040.61.1",
"inst": "kaʾa[fox]N",
"sig": "@dcclt%sux:ka₅-a=kaʾa[fox//fox]N'N$kaʾa/ka₅-a#~",
"f": {"lang": "sux",
"form": "ka₅-a",
"cf": "kaʾa",
"gw": "fox",
"sense": "fox",
"norm0": "kaʾa",
"pos": "N",
"epos": "N",
"base": "ka₅-a",
"morph": "~"}
}
,
{
"node": "d",
"type": "field-end",
"subtype": "tx"}
,
{
"node": "d",
"type": "nonx",
"ref": "P229040.62",
"strict": "0",
"extent": "rest",
"state": "missing"}
,
{
"node": "d",
"subtype": "column 4r",
"type": "column",
"ref": "P229040.r.iv.63",
"n": "4",
"label": "r iv"}
,
{
"node": "d",
"type": "line-start",
"ref": "P229040.64",
"n": "1",
"label": "r iv 1"}
,
{
"node": "d",
"type": "field-start",
"subtype": "tx"}
,
{
"node": "l",
"frag": "am",
"id": "P229040.l23062",
"ref": "P229040.64.1",
"inst": "am[wild bull]N",
"sig": "@dcclt%sux:am=am[bull//wild bull]N'N$am/am#~",
"f": {"lang": "sux",
"form": "am",
"cf": "am",
"gw": "bull",
"sense": "wild bull",
"norm0": "am",
"pos": "N",
"epos": "N",
"base": "am",
"morph": "~"}
}
,
{
"node": "d",
"type": "field-end",
"subtype": "tx"}
,
{
"node": "d",
"type": "line-start",
"ref": "P229040.65",
"n": "2",
"label": "r iv 2"}
,
{
"node": "d",
"type": "field-start",
"subtype": "tx"}
,
{
"node": "l",
"frag": "am-si",
"id": "P229040.l23063",
"ref": "P229040.65.1",
"inst": "amsi[elephant]N",
"sig": "@dcclt%sux:am-si=amsi[elephant//elephant]N'N$amsi/am-si#~",
"f": {"lang": "sux",
"form": "am-si",
"cf": "amsi",
"gw": "elephant",
"sense": "elephant",
"norm0": "amsi",
"pos": "N",
"epos": "N",
"base": "am-si",
"morph": "~"}
}
,
{
"node": "d",
"type": "field-end",
"subtype": "tx"}
,
{
"node": "d",
"type": "line-start",
"ref": "P229040.66",
"n": "3",
"label": "r iv 3"}
,
{
"node": "d",
"type": "field-start",
"subtype": "tx"}
,
{
"node": "l",
"frag": "⸢am⸣-si",
"id": "P229040.l23064",
"ref": "P229040.66.1",
"inst": "amsi[elephant]N",
"sig": "@dcclt%sux:am-si=amsi[elephant//elephant]N'N$amsi/am-si#~",
"f": {"lang": "sux",
"form": "am-si",
"cf": "amsi",
"gw": "elephant",
"sense": "elephant",
"norm0": "amsi",
"pos": "N",
"epos": "N",
"base": "am-si",
"morph": "~"}
}
,
{
"node": "l",
"frag": "kur-ra",
"id": "P229040.l23065",
"ref": "P229040.66.2",
"inst": "kur[mountain]N",
"sig": "@dcclt%sux:kur-ra=kur[mountain//mountain]N'N$kur,ak/kur+-ra=r.a#~,ak",
"f": {"lang": "sux",
"form": "kur-ra",
"cf": "kur",
"gw": "mountain",
"sense": "mountain",
"norm0": "kur,ak",
"pos": "N",
"epos": "N",
"base": "kur",
"cont": "-ra=r.a",
"morph": "~,ak"}
}
,
{
"node": "d",
"type": "field-end",
"subtype": "tx"}
,
{
"node": "d",
"type": "line-start",
"ref": "P229040.67",
"n": "4",
"label": "r iv 4"}
,
{
"node": "d",
"type": "field-start",
"subtype": "tx"}
,
{
"node": "l",
"frag": "sumun₂",
"id": "P229040.l23066",
"ref": "P229040.67.1",
"inst": "sumun[wild cow]N",
"sig": "@dcclt%sux:sumun₂=sumun[cow//wild cow]N'N$sumun/sumun₂#~",
"f": {"lang": "sux",
"form": "sumun₂",
"cf": "sumun",
"gw": "cow",
"sense": "wild cow",
"norm0": "sumun",
"pos": "N",
"epos": "N",
"base": "sumun₂",
"morph": "~"}
}
,
{
"node": "d",
"type": "field-end",
"subtype": "tx"}
,
{
"node": "d",
"type": "line-start",
"ref": "P229040.68",
"n": "5",
"label": "r iv 5"}
,
{
"node": "d",
"type": "field-start",
"subtype": "tx"}
,
{
"node": "l",
"frag": "kir₄",
"id": "P229040.l23067",
"ref": "P229040.68.1",
"inst": "kir[hyena]N",
"sig": "@dcclt%sux:kir₄=kir[hyena//hyena]N'N$kir/kir₄#~",
"f": {"lang": "sux",
"form": "kir₄",
"cf": "kir",
"gw": "hyena",
"sense": "hyena",
"norm0": "kir",
"pos": "N",
"epos": "N",
"base": "kir₄",
"morph": "~"}
}
,
{
"node": "d",
"type": "field-end",
"subtype": "tx"}
,
{
"node": "d",
"type": "line-start",
"ref": "P229040.69",
"n": "6",
"label": "r iv 6"}
,
{
"node": "d",
"type": "field-start",
"subtype": "tx"}
,
{
"node": "l",
"frag": "immal₂(|MAŠ.LAGAR|)",
"id": "P229040.l23068",
"ref": "P229040.69.1",
"inst": "immal[cow]",
"sig": "@dcclt%sux:immal₂=immal[cow//wild cow, cow]N'N$immal/immal₂#~",
"f": {"lang": "sux",
"form": "immal₂",
"cf": "immal",
"gw": "cow",
"sense": "wild cow, cow",
"norm0": "immal",
"pos": "N",
"epos": "N",
"base": "immal₂",
"morph": "~"}
}
,
{
"node": "d",
"type": "field-end",
"subtype": "tx"}
,
{
"node": "d",
"type": "line-start",
"ref": "P229040.70",
"n": "7",
"label": "r iv 7"}
,
{
"node": "d",
"type": "field-start",
"subtype": "tx"}
,
{
"node": "l",
"frag": "u₂-ma-am",
"id": "P229040.l23069",
"ref": "P229040.70.1",
"inst": "umamu[beasts]N",
"sig": "@dcclt%sux:u₂-ma-am=umamu[beasts//beasts]N'N$umamu/u₂-ma-am#~",
"f": {"lang": "sux",
"form": "u₂-ma-am",
"cf": "umamu",
"gw": "beasts",
"sense": "beasts",
"norm0": "umamu",
"pos": "N",
"epos": "N",
"base": "u₂-ma-am",
"morph": "~"}
}
,
{
"node": "d",
"type": "field-end",
"subtype": "tx"}
,
{
"node": "d",
"type": "line-start",
"ref": "P229040.71",
"n": "8",
"label": "r iv 8"}
,
{
"node": "d",
"type": "field-start",
"subtype": "tx"}
,
{
"node": "l",
"frag": "niŋ₂-ki",
"id": "P229040.l2306a",
"ref": "P229040.71.1",
"inst": "niŋki[herd of (wild) animals]N",
"sig": "@dcclt%sux:niŋ₂-ki=niŋki[herd//herd of (wild) animals]N'N$niŋki/niŋ₂-ki#~",
"f": {"lang": "sux",
"form": "niŋ₂-ki",
"cf": "niŋki",
"gw": "herd",
"sense": "herd of (wild) animals",
"norm0": "niŋki",
"pos": "N",
"epos": "N",
"base": "niŋ₂-ki",
"morph": "~"}
}
,
{
"node": "d",
"type": "field-end",
"subtype": "tx"}
,
{
"node": "d",
"type": "line-start",
"ref": "P229040.72",
"n": "9",
"label": "r iv 9"}
,
{
"node": "d",
"type": "field-start",
"subtype": "tx"}
,
{
"node": "l",
"frag": "a-za-lu-lu",
"id": "P229040.l2306b",
"ref": "P229040.72.1",
"inst": "azalulu[a multitude of living things]N",
"sig": "@dcclt%sux:a-za-lu-lu=azalulu[multitude//a multitude of living things]N'N$azalulu/a-za-lu-lu#~",
"f": {"lang": "sux",
"form": "a-za-lu-lu",
"cf": "azalulu",
"gw": "multitude",
"sense": "a multitude of living things",
"norm0": "azalulu",
"pos": "N",
"epos": "N",
"base": "a-za-lu-lu",
"morph": "~"}
}
,
{
"node": "d",
"type": "field-end",
"subtype": "tx"}
,
{
"node": "d",
"type": "line-start",
"ref": "P229040.73",
"n": "10",
"label": "r iv 10"}
,
{
"node": "d",
"type": "field-start",
"subtype": "tx"}
,
{
"node": "l",
"frag": "a-za-lu-lu",
"id": "P229040.l2306c",
"ref": "P229040.73.1",
"inst": "azalulu[a multitude of living things]N",
"sig": "@dcclt%sux:a-za-lu-lu=azalulu[multitude//a multitude of living things]N'N$azalulu/a-za-lu-lu#~",
"f": {"lang": "sux",
"form": "a-za-lu-lu",
"cf": "azalulu",
"gw": "multitude",
"sense": "a multitude of living things",
"norm0": "azalulu",
"pos": "N",
"epos": "N",
"base": "a-za-lu-lu",
"morph": "~"}
}
,
{
"node": "d",
"type": "field-end",
"subtype": "tx"}
,
{
"node": "d",
"type": "line-start",
"ref": "P229040.74",
"n": "11",
"label": "r iv 11"}
,
{
"node": "d",
"type": "field-start",
"subtype": "tx"}
,
{
"node": "l",
"frag": "niŋ₂-zi-ŋal₂",
"id": "P229040.l2306d",
"ref": "P229040.74.1",
"inst": "niŋziŋal[living creature]N",
"sig": "@dcclt%sux:niŋ₂-zi-ŋal₂=niŋziŋal[living creature//living creature]N'N$niŋziŋal/niŋ₂-zi-ŋal₂#~",
"f": {"lang": "sux",
"form": "niŋ₂-zi-ŋal₂",
"cf": "niŋziŋal",
"gw": "living creature",
"sense": "living creature",
"norm0": "niŋziŋal",
"pos": "N",
"epos": "N",
"base": "niŋ₂-zi-ŋal₂",
"morph": "~"}
}
,
{
"node": "l",
"frag": "eden-na",
"id": "P229040.l2306e",
"ref": "P229040.74.2",
"inst": "eden[steppe]N",
"sig": "@dcclt%sux:eden-na=eden[plain//plain, steppe, open country]N'N$eden,ak/eden+-na=n.a#~,ak",
"f": {"lang": "sux",
"form": "eden-na",
"cf": "eden",
"gw": "plain",
"sense": "plain, steppe, open country",
"norm0": "eden,ak",
"pos": "N",
"epos": "N",
"base": "eden",
"cont": "-na=n.a",
"morph": "~,ak"}
}
,
{
"node": "d",
"type": "field-end",
"subtype": "tx"}
,
{
"node": "d",
"type": "line-start",
"ref": "P229040.75",
"n": "12",
"label": "r iv 12"}
,
{
"node": "d",
"type": "field-start",
"subtype": "tx"}
,
{
"node": "l",
"frag": "eh(|HI×AŠ|)",
"id": "P229040.l2306f",
"ref": "P229040.75.1",
"inst": "eh[flea]N",
"sig": "@dcclt%sux:eh=eh[insect//flea]N'N$eh/eh#~",
"f": {"lang": "sux",
"form": "eh",
"cf": "eh",
"gw": "insect",
"sense": "flea",
"norm0": "eh",
"pos": "N",
"epos": "N",
"base": "eh",
"morph": "~"}
}
,
{
"node": "d",
"type": "field-end",
"subtype": "tx"}
,
{
"node": "d",
"type": "nonx",
"ref": "P229040.76",
"strict": "0",
"extent": "rest",
"state": "missing"}
]}
]}
]}
,
{
"linkbase": [{
"type": "linkset",
"xlink_title": "ŋeš zu[covered//(to be) covered (of female animals)]V/t'V/t",
"id": "P229040.ls00000",
"xlink_type": "extended",
"xlink_role": "psu",
"sig": "{ŋeš₃ nu-zu = ŋeš[penis]N zu[know]V/t += ŋeš zu[covered//(to be) covered (of female animals)]V/t'V/t}::@dcclt%sux:ŋeš₃=ŋeš[penis//penis]N'N$ŋeš/ŋeš₃#~++@dcclt%sux:nu-zu=zu[know//to know]V/t'V/t$nu:zu/zu#nu:~",
"links": [
{
"type": "link",
"xlink_title": "ŋeš",
"xlink_type": "locator",
"xlink_href": "#P229040.l23043",
"xlink_role": "elt"}
,
{
"type": "link",
"xlink_title": "zu",
"xlink_type": "locator",
"xlink_href": "#P229040.l23044",
"xlink_role": "elt"}
]}
,
{
"type": "linkset",
"xlink_title": "kag du[disrespect//to disrespect]V/t'V/t",
"id": "P229040.ls00001",
"xlink_type": "extended",
"xlink_role": "psu",
"sig": "{ka duh-a = kag[mouth]N duh[loosen]V/t += kag du[disrespect//to disrespect]V/t'V/t}::@dcclt%sux:ka=kag[mouth//mouth]N'N$kag/ka#~++@dcclt%sux:duh-a=duh[loosen//to loosen, release]V/t'V/t$duh;a/duh#~;a",
"links": [
{
"type": "link",
"xlink_title": "kag",
"xlink_type": "locator",
"xlink_href": "#P229040.l2305a",
"xlink_role": "elt"}
,
{
"type": "link",
"xlink_title": "duh",
"xlink_type": "locator",
"xlink_href": "#P229040.l2305b",
"xlink_role": "elt"}
]}
]}
]}
