{
"type": "cdl",
  "source": "http://oracc.org/dcclt",
  "license": "This data is released under the CC0 license",
  "license-url": "https://creativecommons.org/publicdomain/zero/1.0/",
  "more-info": "http://oracc.org/doc/opendata/",
  "UTC-timestamp": "2017-05-19T18:24:34",
"project": "dcclt",
"textid": "P229039",
"cdl": [
{
"node": "c",
"type": "text",
"id": "P229039.U0",
"cdl": [
{
"node": "d",
"subtype": "tablet",
"type": "object",
"ref": "P229039.x231.1",
"type": "tablet",
"label": "x231"}
,
{
"node": "d",
"type": "surface",
"ref": ""}
,
{
"node": "d",
"type": "nonx",
"ref": "P229039.2",
"strict": "0",
"extent": "1",
"state": "ruling"}
,
{
"node": "d",
"subtype": "obverse",
"type": "surface",
"ref": "P229039.o.3",
"type": "obverse",
"label": "o"}
,
{
"node": "c",
"type": "discourse",
"subtype": "body",
"id": "P229039.U1",
"cdl": [
{
"node": "c",
"type": "sentence",
"id": "P229039.U2",
"label": "o 1 - r 4'",
"cdl": [
{
"node": "d",
"type": "line-start",
"ref": "P229039.4",
"n": "1",
"label": "o 1"}
,
{
"node": "d",
"type": "cell-start"}
,
{
"node": "d",
"type": "field-start",
"subtype": "sv"}
,
{
"node": "l",
"frag": "gin₇",
"id": "P229039.l0c6a7",
"ref": "P229039.4.1",
"inst": "M",
"f": {"lang": "sux",
"form": "gin₇",
"pos": "M"}
}
,
{
"node": "d",
"type": "field-end",
"subtype": "sv"}
,
{
"node": "d",
"type": "cell-end"}
,
{
"node": "d",
"type": "cell-start"}
,
{
"node": "d",
"type": "field-start",
"subtype": "wp"}
,
{
"node": "d",
"frag": "*",
"type": "nonw",
"ref": "P229039.4.2",
"lang": "sux",
"type": "punct"}
,
{
"node": "d",
"type": "field-end",
"subtype": "wp"}
,
{
"node": "d",
"type": "cell-end"}
,
{
"node": "d",
"type": "cell-start"}
,
{
"node": "d",
"type": "field-start",
"subtype": "pr"}
,
{
"node": "l",
"frag": "⸢gi-en⸣",
"id": "P229039.l0c6a8",
"ref": "P229039.4.3",
"inst": "%sux:gi-en=",
"f": {"lang": "sux",
"form": "gi-en"}
}
,
{
"node": "d",
"type": "field-end",
"subtype": "pr"}
,
{
"node": "d",
"type": "cell-end"}
,
{
"node": "d",
"type": "cell-start"}
,
{
"node": "d",
"type": "field-start",
"subtype": "sg"}
,
{
"node": "l",
"frag": "[DIM₂]",
"id": "P229039.l0c6a9",
"ref": "P229039.4.4",
"inst": "%sux:DIM₂=",
"f": {"lang": "sux",
"form": "DIM₂"}
}
,
{
"node": "d",
"type": "field-end",
"subtype": "sg"}
,
{
"node": "d",
"type": "cell-end"}
,
{
"node": "d",
"type": "line-start",
"ref": "P229039.5",
"n": "2",
"label": "o 2"}
,
{
"node": "d",
"type": "cell-start"}
,
{
"node": "d",
"type": "field-start",
"subtype": "sv"}
,
{
"node": "l",
"frag": "dim₂",
"id": "P229039.l0c6aa",
"ref": "P229039.5.1",
"inst": "dim[create]",
"sig": "@dcclt%sux:dim₂=dim[create//create]V/t'V/t$dim/dim₂#~",
"f": {"lang": "sux",
"form": "dim₂",
"cf": "dim",
"gw": "create",
"sense": "create",
"norm0": "dim",
"pos": "V/t",
"epos": "V/t",
"base": "dim₂",
"morph": "~"}
}
,
{
"node": "d",
"type": "field-end",
"subtype": "sv"}
,
{
"node": "d",
"type": "cell-end"}
,
{
"node": "d",
"type": "cell-start"}
,
{
"node": "d",
"type": "field-start",
"subtype": "wp"}
,
{
"node": "d",
"frag": "*",
"type": "nonw",
"ref": "P229039.5.2",
"lang": "sux",
"type": "punct"}
,
{
"node": "d",
"type": "field-end",
"subtype": "wp"}
,
{
"node": "d",
"type": "cell-end"}
,
{
"node": "d",
"type": "cell-start"}
,
{
"node": "d",
"type": "field-start",
"subtype": "pr"}
,
{
"node": "l",
"frag": "di-im",
"id": "P229039.l0c6ab",
"ref": "P229039.5.3",
"inst": "%sux:di-im=",
"f": {"lang": "sux",
"form": "di-im"}
}
,
{
"node": "d",
"type": "field-end",
"subtype": "pr"}
,
{
"node": "d",
"type": "cell-end"}
,
{
"node": "d",
"type": "cell-start"}
,
{
"node": "d",
"type": "field-start",
"subtype": "sg"}
,
{
"node": "l",
"frag": "DIM₂",
"id": "P229039.l0c6ac",
"ref": "P229039.5.4",
"inst": "%sux:DIM₂=",
"f": {"lang": "sux",
"form": "DIM₂"}
}
,
{
"node": "d",
"type": "field-end",
"subtype": "sg"}
,
{
"node": "d",
"type": "cell-end"}
,
{
"node": "d",
"type": "line-start",
"ref": "P229039.6",
"n": "3",
"label": "o 3"}
,
{
"node": "d",
"type": "cell-start"}
,
{
"node": "d",
"type": "field-start",
"subtype": "sv"}
,
{
"node": "l",
"frag": "šitim",
"id": "P229039.l0c6ad",
"ref": "P229039.6.1",
"inst": "šidim[builder]N/šitim#~",
"sig": "@dcclt%sux:šitim=šidim[builder//builder]N'N$šidim/šitim#~",
"f": {"lang": "sux",
"form": "šitim",
"cf": "šidim",
"gw": "builder",
"sense": "builder",
"norm0": "šidim",
"pos": "N",
"epos": "N",
"base": "šitim",
"morph": "~"}
}
,
{
"node": "d",
"type": "field-end",
"subtype": "sv"}
,
{
"node": "d",
"type": "cell-end"}
,
{
"node": "d",
"type": "cell-start"}
,
{
"node": "d",
"type": "field-start",
"subtype": "wp"}
,
{
"node": "d",
"frag": "*",
"type": "nonw",
"ref": "P229039.6.2",
"lang": "sux",
"type": "punct"}
,
{
"node": "d",
"type": "field-end",
"subtype": "wp"}
,
{
"node": "d",
"type": "cell-end"}
,
{
"node": "d",
"type": "cell-start"}
,
{
"node": "d",
"type": "field-start",
"subtype": "pr"}
,
{
"node": "l",
"frag": "ši-te-im",
"id": "P229039.l0c6ae",
"ref": "P229039.6.3",
"inst": "%sux:ši-te-im=",
"f": {"lang": "sux",
"form": "ši-te-im"}
}
,
{
"node": "d",
"type": "field-end",
"subtype": "pr"}
,
{
"node": "d",
"type": "cell-end"}
,
{
"node": "d",
"type": "cell-start"}
,
{
"node": "d",
"type": "field-start",
"subtype": "sg"}
,
{
"node": "l",
"frag": "DIM₂",
"id": "P229039.l0c6af",
"ref": "P229039.6.4",
"inst": "%sux:DIM₂=",
"f": {"lang": "sux",
"form": "DIM₂"}
}
,
{
"node": "d",
"type": "field-end",
"subtype": "sg"}
,
{
"node": "d",
"type": "cell-end"}
,
{
"node": "d",
"type": "line-start",
"ref": "P229039.7",
"n": "4",
"label": "o 4"}
,
{
"node": "d",
"type": "cell-start"}
,
{
"node": "d",
"type": "field-start",
"subtype": "sv"}
,
{
"node": "l",
"frag": "ta",
"id": "P229039.l0c6b0",
"ref": "P229039.7.1",
"inst": "M",
"f": {"lang": "sux",
"form": "ta",
"pos": "M"}
}
,
{
"node": "d",
"type": "field-end",
"subtype": "sv"}
,
{
"node": "d",
"type": "cell-end"}
,
{
"node": "d",
"type": "cell-start"}
,
{
"node": "d",
"type": "field-start",
"subtype": "wp"}
,
{
"node": "d",
"frag": "*",
"type": "nonw",
"ref": "P229039.7.2",
"lang": "sux",
"type": "punct"}
,
{
"node": "d",
"type": "field-end",
"subtype": "wp"}
,
{
"node": "d",
"type": "cell-end"}
,
{
"node": "d",
"type": "cell-start"}
,
{
"node": "d",
"type": "field-start",
"subtype": "pr"}
,
{
"node": "l",
"frag": "ta-a",
"id": "P229039.l0c6b1",
"ref": "P229039.7.3",
"inst": "%sux:ta-a=",
"f": {"lang": "sux",
"form": "ta-a"}
}
,
{
"node": "d",
"type": "field-end",
"subtype": "pr"}
,
{
"node": "d",
"type": "cell-end"}
,
{
"node": "d",
"type": "cell-start"}
,
{
"node": "d",
"type": "field-start",
"subtype": "sg"}
,
{
"node": "l",
"frag": "TA",
"id": "P229039.l0c6b2",
"ref": "P229039.7.4",
"inst": "%sux:TA=",
"f": {"lang": "sux",
"form": "TA"}
}
,
{
"node": "d",
"type": "field-end",
"subtype": "sg"}
,
{
"node": "d",
"type": "cell-end"}
,
{
"node": "d",
"type": "line-start",
"ref": "P229039.8",
"n": "5",
"label": "o 5"}
,
{
"node": "d",
"type": "cell-start"}
,
{
"node": "d",
"type": "field-start",
"subtype": "sv"}
,
{
"node": "l",
"frag": "lal₃",
"id": "P229039.l0c6b3",
"ref": "P229039.8.1",
"inst": "lal[syrup]",
"sig": "@dcclt%sux:lal₃=lal[syrup//syrup]N'N$lal/lal₃#~",
"f": {"lang": "sux",
"form": "lal₃",
"cf": "lal",
"gw": "syrup",
"sense": "syrup",
"norm0": "lal",
"pos": "N",
"epos": "N",
"base": "lal₃",
"morph": "~"}
}
,
{
"node": "d",
"type": "field-end",
"subtype": "sv"}
,
{
"node": "d",
"type": "cell-end"}
,
{
"node": "d",
"type": "cell-start"}
,
{
"node": "d",
"type": "field-start",
"subtype": "wp"}
,
{
"node": "d",
"frag": "*",
"type": "nonw",
"ref": "P229039.8.2",
"lang": "sux",
"type": "punct"}
,
{
"node": "d",
"type": "field-end",
"subtype": "wp"}
,
{
"node": "d",
"type": "cell-end"}
,
{
"node": "d",
"type": "cell-start"}
,
{
"node": "d",
"type": "field-start",
"subtype": "pr"}
,
{
"node": "l",
"frag": "la-al",
"id": "P229039.l0c6b4",
"ref": "P229039.8.3",
"inst": "%sux:la-al=",
"f": {"lang": "sux",
"form": "la-al"}
}
,
{
"node": "d",
"type": "field-end",
"subtype": "pr"}
,
{
"node": "d",
"type": "cell-end"}
,
{
"node": "d",
"type": "cell-start"}
,
{
"node": "d",
"type": "field-start",
"subtype": "sg"}
,
{
"node": "l",
"frag": "|TA×HI|",
"id": "P229039.l0c6b5",
"ref": "P229039.8.4",
"inst": "%sux:|TA×HI|=",
"f": {"lang": "sux",
"form": "|TA×HI|"}
}
,
{
"node": "d",
"type": "field-end",
"subtype": "sg"}
,
{
"node": "d",
"type": "cell-end"}
,
{
"node": "d",
"type": "line-start",
"ref": "P229039.9",
"n": "6",
"label": "o 6"}
,
{
"node": "d",
"type": "cell-start"}
,
{
"node": "d",
"type": "field-start",
"subtype": "sv"}
,
{
"node": "l",
"frag": "gansis",
"id": "P229039.l0c6b6",
"ref": "P229039.9.1",
"inst": "gansis[darkness]N",
"sig": "@dcclt%sux:gansis=gansis[darkness//darkness]N'N$gansis/gansis#~",
"f": {"lang": "sux",
"form": "gansis",
"cf": "gansis",
"gw": "darkness",
"sense": "darkness",
"norm0": "gansis",
"pos": "N",
"epos": "N",
"base": "gansis",
"morph": "~"}
}
,
{
"node": "d",
"type": "field-end",
"subtype": "sv"}
,
{
"node": "d",
"type": "cell-end"}
,
{
"node": "d",
"type": "cell-start"}
,
{
"node": "d",
"type": "field-start",
"subtype": "wp"}
,
{
"node": "d",
"frag": "*",
"type": "nonw",
"ref": "P229039.9.2",
"lang": "sux",
"type": "punct"}
,
{
"node": "d",
"type": "field-end",
"subtype": "wp"}
,
{
"node": "d",
"type": "cell-end"}
,
{
"node": "d",
"type": "cell-start"}
,
{
"node": "d",
"type": "field-start",
"subtype": "pr"}
,
{
"node": "l",
"frag": "gan₂-sis",
"id": "P229039.l0c6b7",
"ref": "P229039.9.3",
"inst": "%sux:gan₂-sis=",
"f": {"lang": "sux",
"form": "gan₂-sis"}
}
,
{
"node": "d",
"type": "field-end",
"subtype": "pr"}
,
{
"node": "d",
"type": "cell-end"}
,
{
"node": "d",
"type": "cell-start"}
,
{
"node": "d",
"type": "field-start",
"subtype": "sg"}
,
{
"node": "l",
"frag": "|TA×NI|",
"id": "P229039.l0c6b8",
"ref": "P229039.9.4",
"inst": "%sux:|TA×NI|=",
"f": {"lang": "sux",
"form": "|TA×NI|"}
}
,
{
"node": "d",
"type": "field-end",
"subtype": "sg"}
,
{
"node": "d",
"type": "cell-end"}
,
{
"node": "d",
"type": "line-start",
"ref": "P229039.10",
"n": "7",
"label": "o 7"}
,
{
"node": "d",
"type": "cell-start"}
,
{
"node": "d",
"type": "field-start",
"subtype": "sv"}
,
{
"node": "l",
"frag": "iri",
"id": "P229039.l0c6b9",
"ref": "P229039.10.1",
"inst": "iri[city]N",
"sig": "@dcclt%sux:iri=iri[city//city]N'N$iri/iri#~",
"f": {"lang": "sux",
"form": "iri",
"cf": "iri",
"gw": "city",
"sense": "city",
"norm0": "iri",
"pos": "N",
"epos": "N",
"base": "iri",
"morph": "~"}
}
,
{
"node": "d",
"type": "field-end",
"subtype": "sv"}
,
{
"node": "d",
"type": "cell-end"}
,
{
"node": "d",
"type": "cell-start"}
,
{
"node": "d",
"type": "field-start",
"subtype": "wp"}
,
{
"node": "d",
"frag": "*",
"type": "nonw",
"ref": "P229039.10.2",
"lang": "sux",
"type": "punct"}
,
{
"node": "d",
"type": "field-end",
"subtype": "wp"}
,
{
"node": "d",
"type": "cell-end"}
,
{
"node": "d",
"type": "cell-start"}
,
{
"node": "d",
"type": "field-start",
"subtype": "pr"}
,
{
"node": "l",
"frag": "i-ri",
"id": "P229039.l0c6ba",
"ref": "P229039.10.3",
"inst": "%sux:i-ri=",
"f": {"lang": "sux",
"form": "i-ri"}
}
,
{
"node": "d",
"type": "field-end",
"subtype": "pr"}
,
{
"node": "d",
"type": "cell-end"}
,
{
"node": "d",
"type": "cell-start"}
,
{
"node": "d",
"type": "field-start",
"subtype": "sg"}
,
{
"node": "l",
"frag": "URU",
"id": "P229039.l0c6bb",
"ref": "P229039.10.4",
"inst": "%sux:URU=",
"f": {"lang": "sux",
"form": "URU"}
}
,
{
"node": "d",
"type": "field-end",
"subtype": "sg"}
,
{
"node": "d",
"type": "cell-end"}
,
{
"node": "d",
"type": "line-start",
"ref": "P229039.11",
"n": "8",
"label": "o 8"}
,
{
"node": "d",
"type": "cell-start"}
,
{
"node": "d",
"type": "field-start",
"subtype": "sv"}
,
{
"node": "l",
"frag": "uru₁₁",
"id": "P229039.l0c6bc",
"ref": "P229039.11.1",
"inst": "iri[city]N/uru₁₁#~",
"sig": "@dcclt%sux:uru₁₁=iri[city//city]N'N$iri/uru₁₁#~",
"f": {"lang": "sux",
"form": "uru₁₁",
"cf": "iri",
"gw": "city",
"sense": "city",
"norm0": "iri",
"pos": "N",
"epos": "N",
"base": "uru₁₁",
"morph": "~"}
}
,
{
"node": "d",
"type": "field-end",
"subtype": "sv"}
,
{
"node": "d",
"type": "cell-end"}
,
{
"node": "d",
"type": "cell-start"}
,
{
"node": "d",
"type": "field-start",
"subtype": "wp"}
,
{
"node": "d",
"frag": "*",
"type": "nonw",
"ref": "P229039.11.2",
"lang": "sux",
"type": "punct"}
,
{
"node": "d",
"type": "field-end",
"subtype": "wp"}
,
{
"node": "d",
"type": "cell-end"}
,
{
"node": "d",
"type": "cell-start"}
,
{
"node": "d",
"type": "field-start",
"subtype": "pr"}
,
{
"node": "l",
"frag": "u₄-ru",
"id": "P229039.l0c6bd",
"ref": "P229039.11.3",
"inst": "%sux:u₄-ru=",
"f": {"lang": "sux",
"form": "u₄-ru"}
}
,
{
"node": "d",
"type": "field-end",
"subtype": "pr"}
,
{
"node": "d",
"type": "cell-end"}
,
{
"node": "d",
"type": "cell-start"}
,
{
"node": "d",
"type": "field-start",
"subtype": "sg"}
,
{
"node": "l",
"frag": "|URU×GAN₂@t|",
"id": "P229039.l0c6be",
"ref": "P229039.11.4",
"inst": "%sux:|URU×GAN₂@t|=",
"f": {"lang": "sux",
"form": "|URU×GAN₂@t|"}
}
,
{
"node": "d",
"type": "field-end",
"subtype": "sg"}
,
{
"node": "d",
"type": "cell-end"}
,
{
"node": "d",
"type": "line-start",
"ref": "P229039.12",
"n": "9",
"label": "o 9"}
,
{
"node": "d",
"type": "cell-start"}
,
{
"node": "d",
"type": "field-start",
"subtype": "sv"}
,
{
"node": "l",
"frag": "uru₁₈",
"id": "P229039.l0c6bf",
"ref": "P229039.12.1",
"inst": "uru[flood]N/uru₁₈#~",
"sig": "@dcclt%sux:uru₁₈=uru[flood//flood, deluge]N'N$uru/uru₁₈#~",
"f": {"lang": "sux",
"form": "uru₁₈",
"cf": "uru",
"gw": "flood",
"sense": "flood, deluge",
"norm0": "uru",
"pos": "N",
"epos": "N",
"base": "uru₁₈",
"morph": "~"}
}
,
{
"node": "d",
"type": "field-end",
"subtype": "sv"}
,
{
"node": "d",
"type": "cell-end"}
,
{
"node": "d",
"type": "cell-start"}
,
{
"node": "d",
"type": "field-start",
"subtype": "wp"}
,
{
"node": "d",
"frag": "*",
"type": "nonw",
"ref": "P229039.12.2",
"lang": "sux",
"type": "punct"}
,
{
"node": "d",
"type": "field-end",
"subtype": "wp"}
,
{
"node": "d",
"type": "cell-end"}
,
{
"node": "d",
"type": "cell-start"}
,
{
"node": "d",
"type": "field-start",
"subtype": "pr"}
,
{
"node": "l",
"frag": "u₄-ru",
"id": "P229039.l0c6c0",
"ref": "P229039.12.3",
"inst": "%sux:u₄-ru=",
"f": {"lang": "sux",
"form": "u₄-ru"}
}
,
{
"node": "d",
"type": "field-end",
"subtype": "pr"}
,
{
"node": "d",
"type": "cell-end"}
,
{
"node": "d",
"type": "cell-start"}
,
{
"node": "d",
"type": "field-start",
"subtype": "sg"}
,
{
"node": "l",
"frag": "|URU×A|",
"id": "P229039.l0c6c1",
"ref": "P229039.12.4",
"inst": "%sux:|URU×A|=",
"f": {"lang": "sux",
"form": "|URU×A|"}
}
,
{
"node": "d",
"type": "field-end",
"subtype": "sg"}
,
{
"node": "d",
"type": "cell-end"}
,
{
"node": "d",
"type": "line-start",
"ref": "P229039.13",
"n": "10",
"label": "o 10"}
,
{
"node": "d",
"type": "cell-start"}
,
{
"node": "d",
"type": "field-start",
"subtype": "sv"}
,
{
"node": "l",
"frag": "uru₂",
"id": "P229039.l0c6c2",
"ref": "P229039.13.1",
"inst": "uru[city]N/uru₂#~",
"sig": "@dcclt%sux-x-emesal:uru₂=uru[city//city]N'N$uru/uru₂#~",
"f": {"lang": "sux-x-emesal",
"form": "uru₂",
"cf": "uru",
"gw": "city",
"sense": "city",
"norm0": "uru",
"pos": "N",
"epos": "N",
"base": "uru₂",
"morph": "~"}
}
,
{
"node": "d",
"type": "field-end",
"subtype": "sv"}
,
{
"node": "d",
"type": "cell-end"}
,
{
"node": "d",
"type": "cell-start"}
,
{
"node": "d",
"type": "field-start",
"subtype": "wp"}
,
{
"node": "d",
"frag": "*",
"type": "nonw",
"ref": "P229039.13.2",
"lang": "sux-x-emesal",
"type": "punct"}
,
{
"node": "d",
"type": "field-end",
"subtype": "wp"}
,
{
"node": "d",
"type": "cell-end"}
,
{
"node": "d",
"type": "cell-start"}
,
{
"node": "d",
"type": "field-start",
"subtype": "pr"}
,
{
"node": "l",
"frag": "u₄-ru",
"id": "P229039.l0c6c3",
"ref": "P229039.13.3",
"inst": "%sux-x-emesal:u₄-ru=",
"f": {"lang": "sux-x-emesal",
"form": "u₄-ru"}
}
,
{
"node": "d",
"type": "field-end",
"subtype": "pr"}
,
{
"node": "d",
"type": "cell-end"}
,
{
"node": "d",
"type": "cell-start"}
,
{
"node": "d",
"type": "field-start",
"subtype": "sg"}
,
{
"node": "l",
"frag": "|URU×UD|",
"id": "P229039.l0c6c4",
"ref": "P229039.13.4",
"inst": "%sux-x-emesal:|URU×UD|=",
"f": {"lang": "sux-x-emesal",
"form": "|URU×UD|"}
}
,
{
"node": "d",
"type": "field-end",
"subtype": "sg"}
,
{
"node": "d",
"type": "cell-end"}
,
{
"node": "d",
"type": "line-start",
"ref": "P229039.14",
"n": "11",
"label": "o 11"}
,
{
"node": "d",
"type": "cell-start"}
,
{
"node": "d",
"type": "field-start",
"subtype": "sv"}
,
{
"node": "l",
"frag": "irišeb",
"id": "P229039.l0c6c5",
"ref": "P229039.14.1",
"inst": "X",
"f": {"lang": "sux",
"form": "irišeb",
"pos": "X"}
}
,
{
"node": "d",
"type": "field-end",
"subtype": "sv"}
,
{
"node": "d",
"type": "cell-end"}
,
{
"node": "d",
"type": "cell-start"}
,
{
"node": "d",
"type": "field-start",
"subtype": "wp"}
,
{
"node": "d",
"frag": "*",
"type": "nonw",
"ref": "P229039.14.2",
"lang": "sux",
"type": "punct"}
,
{
"node": "d",
"type": "field-end",
"subtype": "wp"}
,
{
"node": "d",
"type": "cell-end"}
,
{
"node": "d",
"type": "cell-start"}
,
{
"node": "d",
"type": "field-start",
"subtype": "pr"}
,
{
"node": "l",
"frag": "i-ri-še",
"id": "P229039.l0c6c6",
"ref": "P229039.14.3",
"inst": "%sux:i-ri-še=",
"f": {"lang": "sux",
"form": "i-ri-še"}
}
,
{
"node": "d",
"type": "field-end",
"subtype": "pr"}
,
{
"node": "d",
"type": "cell-end"}
,
{
"node": "d",
"type": "cell-start"}
,
{
"node": "d",
"type": "field-start",
"subtype": "sg"}
,
{
"node": "l",
"frag": "|URU×HA|",
"id": "P229039.l0c6c7",
"ref": "P229039.14.4",
"inst": "%sux:|URU×HA|=",
"f": {"lang": "sux",
"form": "|URU×HA|"}
}
,
{
"node": "d",
"type": "field-end",
"subtype": "sg"}
,
{
"node": "d",
"type": "cell-end"}
,
{
"node": "d",
"type": "line-start",
"ref": "P229039.15",
"n": "12",
"label": "o 12"}
,
{
"node": "d",
"type": "cell-start"}
,
{
"node": "d",
"type": "field-start",
"subtype": "sv"}
,
{
"node": "l",
"frag": "irimmaₓ(|URU×GAR|)",
"id": "P229039.l0c6c8",
"ref": "P229039.15.1",
"inst": "erim[storeroom]N/irimmaₓ(|URU×GAR|)#~",
"sig": "@dcclt%sux:irimmaₓ(|URU×GAR|)=erim[storeroom//storeroom]N'N$erim/irimmaₓ(|URU×GAR|)#~",
"f": {"lang": "sux",
"form": "irimmaₓ(|URU×GAR|)",
"cf": "erim",
"gw": "storeroom",
"sense": "storeroom",
"norm0": "erim",
"pos": "N",
"epos": "N",
"base": "irimmaₓ(|URU×GAR|)",
"morph": "~"}
}
,
{
"node": "d",
"type": "field-end",
"subtype": "sv"}
,
{
"node": "d",
"type": "cell-end"}
,
{
"node": "d",
"type": "cell-start"}
,
{
"node": "d",
"type": "field-start",
"subtype": "wp"}
,
{
"node": "d",
"frag": "*",
"type": "nonw",
"ref": "P229039.15.2",
"lang": "sux",
"type": "punct"}
,
{
"node": "d",
"type": "field-end",
"subtype": "wp"}
,
{
"node": "d",
"type": "cell-end"}
,
{
"node": "d",
"type": "cell-start"}
,
{
"node": "d",
"type": "field-start",
"subtype": "pr"}
,
{
"node": "l",
"frag": "i-ri-⸢im⸣-ma",
"id": "P229039.l0c6c9",
"ref": "P229039.15.3",
"inst": "%sux:i-ri-im-ma=",
"f": {"lang": "sux",
"form": "i-ri-im-ma"}
}
,
{
"node": "d",
"type": "field-end",
"subtype": "pr"}
,
{
"node": "d",
"type": "cell-end"}
,
{
"node": "d",
"type": "cell-start"}
,
{
"node": "d",
"type": "field-start",
"subtype": "sg"}
,
{
"node": "l",
"frag": "|URU×GAR|",
"id": "P229039.l0c6ca",
"ref": "P229039.15.4",
"inst": "%sux:|URU×GAR|=",
"f": {"lang": "sux",
"form": "|URU×GAR|"}
}
,
{
"node": "d",
"type": "field-end",
"subtype": "sg"}
,
{
"node": "d",
"type": "cell-end"}
,
{
"node": "d",
"type": "line-start",
"ref": "P229039.16",
"n": "13",
"label": "o 13"}
,
{
"node": "d",
"type": "cell-start"}
,
{
"node": "d",
"type": "field-start",
"subtype": "sv"}
,
{
"node": "l",
"frag": "sigₓ(|URU×TU|)",
"id": "P229039.l0c6cb",
"ref": "P229039.16.1",
"inst": "šeg[silent]V/i/sigₓ(|URU×TU|)#~",
"sig": "@dcclt%sux:sigₓ(|URU×TU|)=šeg[silent//silent]V/i'V/i$šeg/sigₓ(|URU×TU|)#~",
"f": {"lang": "sux",
"form": "sigₓ(|URU×TU|)",
"cf": "šeg",
"gw": "silent",
"sense": "silent",
"norm0": "šeg",
"pos": "V/i",
"epos": "V/i",
"base": "sigₓ(|URU×TU|)",
"morph": "~"}
}
,
{
"node": "d",
"type": "field-end",
"subtype": "sv"}
,
{
"node": "d",
"type": "cell-end"}
,
{
"node": "d",
"type": "cell-start"}
,
{
"node": "d",
"type": "field-start",
"subtype": "wp"}
,
{
"node": "d",
"frag": "*",
"type": "nonw",
"ref": "P229039.16.2",
"lang": "sux",
"type": "punct"}
,
{
"node": "d",
"type": "field-end",
"subtype": "wp"}
,
{
"node": "d",
"type": "cell-end"}
,
{
"node": "d",
"type": "cell-start"}
,
{
"node": "d",
"type": "field-start",
"subtype": "pr"}
,
{
"node": "l",
"frag": "si-ig",
"id": "P229039.l0c6cc",
"ref": "P229039.16.3",
"inst": "%sux:si-ig=",
"f": {"lang": "sux",
"form": "si-ig"}
}
,
{
"node": "d",
"type": "field-end",
"subtype": "pr"}
,
{
"node": "d",
"type": "cell-end"}
,
{
"node": "d",
"type": "cell-start"}
,
{
"node": "d",
"type": "field-start",
"subtype": "sg"}
,
{
"node": "l",
"frag": "|URU×TU|",
"id": "P229039.l0c6cd",
"ref": "P229039.16.4",
"inst": "%sux:|URU×TU|=",
"f": {"lang": "sux",
"form": "|URU×TU|"}
}
,
{
"node": "d",
"type": "field-end",
"subtype": "sg"}
,
{
"node": "d",
"type": "cell-end"}
,
{
"node": "d",
"type": "line-start",
"ref": "P229039.17",
"n": "14",
"label": "o 14"}
,
{
"node": "d",
"type": "cell-start"}
,
{
"node": "d",
"type": "field-start",
"subtype": "sv"}
,
{
"node": "l",
"frag": "guru₅",
"id": "P229039.l0c6ce",
"ref": "P229039.17.1",
"inst": "guruš[to cut, fell, trim, peel off]V/t",
"sig": "@dcclt%sux:guru₅=guruš[cut//to cut, fell, trim, peel off]V/t'V/t$guruš/guru₅#~",
"f": {"lang": "sux",
"form": "guru₅",
"cf": "guruš",
"gw": "cut",
"sense": "to cut, fell, trim, peel off",
"norm0": "guruš",
"pos": "V/t",
"epos": "V/t",
"base": "guru₅",
"morph": "~"}
}
,
{
"node": "d",
"type": "field-end",
"subtype": "sv"}
,
{
"node": "d",
"type": "cell-end"}
,
{
"node": "d",
"type": "cell-start"}
,
{
"node": "d",
"type": "field-start",
"subtype": "wp"}
,
{
"node": "d",
"frag": "*",
"type": "nonw",
"ref": "P229039.17.2",
"lang": "sux",
"type": "punct"}
,
{
"node": "d",
"type": "field-end",
"subtype": "wp"}
,
{
"node": "d",
"type": "cell-end"}
,
{
"node": "d",
"type": "cell-start"}
,
{
"node": "d",
"type": "field-start",
"subtype": "pr"}
,
{
"node": "l",
"frag": "gu-ru",
"id": "P229039.l0c6cf",
"ref": "P229039.17.3",
"inst": "%sux:gu-ru=",
"f": {"lang": "sux",
"form": "gu-ru"}
}
,
{
"node": "d",
"type": "field-end",
"subtype": "pr"}
,
{
"node": "d",
"type": "cell-end"}
,
{
"node": "d",
"type": "cell-start"}
,
{
"node": "d",
"type": "field-start",
"subtype": "sg"}
,
{
"node": "l",
"frag": "|URU×GU|",
"id": "P229039.l0c6d0",
"ref": "P229039.17.4",
"inst": "%sux:|URU×GU|=",
"f": {"lang": "sux",
"form": "|URU×GU|"}
}
,
{
"node": "d",
"type": "field-end",
"subtype": "sg"}
,
{
"node": "d",
"type": "cell-end"}
,
{
"node": "d",
"type": "line-start",
"ref": "P229039.18",
"n": "15",
"label": "o 15"}
,
{
"node": "d",
"type": "cell-start"}
,
{
"node": "d",
"type": "field-start",
"subtype": "sv"}
,
{
"node": "l",
"frag": "u₁₈",
"id": "P229039.l0c6d1",
"ref": "P229039.18.1",
"inst": "S",
"f": {"lang": "sux",
"form": "u₁₈",
"pos": "S"}
}
,
{
"node": "d",
"type": "field-end",
"subtype": "sv"}
,
{
"node": "d",
"type": "cell-end"}
,
{
"node": "d",
"type": "cell-start"}
,
{
"node": "d",
"type": "field-start",
"subtype": "wp"}
,
{
"node": "d",
"frag": "*",
"type": "nonw",
"ref": "P229039.18.2",
"lang": "sux",
"type": "punct"}
,
{
"node": "d",
"type": "field-end",
"subtype": "wp"}
,
{
"node": "d",
"type": "cell-end"}
,
{
"node": "d",
"type": "cell-start"}
,
{
"node": "d",
"type": "field-start",
"subtype": "pr"}
,
{
"node": "l",
"frag": "u₄",
"id": "P229039.l0c6d2",
"ref": "P229039.18.3",
"inst": "%sux:u₄=",
"f": {"lang": "sux",
"form": "u₄"}
}
,
{
"node": "d",
"type": "field-end",
"subtype": "pr"}
,
{
"node": "d",
"type": "cell-end"}
,
{
"node": "d",
"type": "cell-start"}
,
{
"node": "d",
"type": "field-start",
"subtype": "sg"}
,
{
"node": "l",
"frag": "|URU×MIN|",
"id": "P229039.l0c6d3",
"ref": "P229039.18.4",
"inst": "%sux:|URU×MIN|=",
"f": {"lang": "sux",
"form": "|URU×MIN|"}
}
,
{
"node": "d",
"type": "field-end",
"subtype": "sg"}
,
{
"node": "d",
"type": "cell-end"}
,
{
"node": "d",
"type": "nonx",
"ref": "P229039.19",
"strict": "1",
"extent": "2",
"scope": "line",
"state": "ruling"}
,
{
"node": "d",
"subtype": "reverse",
"type": "surface",
"ref": "P229039.r.20",
"type": "reverse",
"label": "r"}
,
{
"node": "d",
"type": "nonx",
"ref": "P229039.21",
"strict": "0",
"extent": "beginning",
"state": "missing"}
,
{
"node": "d",
"type": "line-start",
"ref": "P229039.22",
"n": "1'",
"label": "r 1'"}
,
{
"node": "d",
"type": "cell-start"}
,
{
"node": "d",
"type": "field-start",
"subtype": "sv"}
,
{
"node": "d",
"type": "field-end",
"subtype": "sv"}
,
{
"node": "d",
"type": "cell-end"}
,
{
"node": "d",
"type": "cell-start"}
,
{
"node": "d",
"type": "field-start",
"subtype": "wp"}
,
{
"node": "d",
"frag": "*",
"type": "nonw",
"ref": "P229039.22.1",
"lang": "sux",
"type": "punct"}
,
{
"node": "d",
"type": "field-end",
"subtype": "wp"}
,
{
"node": "d",
"type": "cell-end"}
,
{
"node": "d",
"type": "cell-start"}
,
{
"node": "d",
"type": "field-start",
"subtype": "pr"}
,
{
"node": "l",
"frag": "[...]",
"id": "P229039.l0c6d4",
"ref": "P229039.22.2",
"inst": "%sux:x=",
"f": {"lang": "sux",
"form": "x"}
}
,
{
"node": "d",
"type": "field-end",
"subtype": "pr"}
,
{
"node": "d",
"type": "cell-end"}
,
{
"node": "d",
"type": "cell-start"}
,
{
"node": "d",
"type": "field-start",
"subtype": "sg"}
,
{
"node": "l",
"frag": "[...]",
"id": "P229039.l0c6d5",
"ref": "P229039.22.3",
"inst": "%sux:x=",
"f": {"lang": "sux",
"form": "x"}
}
,
{
"node": "d",
"type": "field-end",
"subtype": "sg"}
,
{
"node": "d",
"type": "cell-end"}
,
{
"node": "d",
"type": "line-start",
"ref": "P229039.23",
"n": "2'",
"label": "r 2'"}
,
{
"node": "d",
"type": "cell-start"}
,
{
"node": "d",
"type": "field-start",
"subtype": "sv"}
,
{
"node": "d",
"type": "field-end",
"subtype": "sv"}
,
{
"node": "d",
"type": "cell-end"}
,
{
"node": "d",
"type": "cell-start"}
,
{
"node": "d",
"type": "field-start",
"subtype": "wp"}
,
{
"node": "d",
"frag": "*",
"type": "nonw",
"ref": "P229039.23.1",
"lang": "sux",
"type": "punct"}
,
{
"node": "d",
"type": "field-end",
"subtype": "wp"}
,
{
"node": "d",
"type": "cell-end"}
,
{
"node": "d",
"type": "cell-start"}
,
{
"node": "d",
"type": "field-start",
"subtype": "pr"}
,
{
"node": "l",
"frag": "[...]",
"id": "P229039.l0c6d6",
"ref": "P229039.23.2",
"inst": "%sux:x=",
"f": {"lang": "sux",
"form": "x"}
}
,
{
"node": "d",
"type": "field-end",
"subtype": "pr"}
,
{
"node": "d",
"type": "cell-end"}
,
{
"node": "d",
"type": "cell-start"}
,
{
"node": "d",
"type": "field-start",
"subtype": "sg"}
,
{
"node": "l",
"frag": "[...]",
"id": "P229039.l0c6d7",
"ref": "P229039.23.3",
"inst": "%sux:x=",
"f": {"lang": "sux",
"form": "x"}
}
,
{
"node": "d",
"type": "field-end",
"subtype": "sg"}
,
{
"node": "d",
"type": "cell-end"}
,
{
"node": "d",
"type": "line-start",
"ref": "P229039.24",
"n": "3'",
"label": "r 3'"}
,
{
"node": "d",
"type": "cell-start"}
,
{
"node": "d",
"type": "field-start",
"subtype": "sv"}
,
{
"node": "d",
"type": "field-end",
"subtype": "sv"}
,
{
"node": "d",
"type": "cell-end"}
,
{
"node": "d",
"type": "cell-start"}
,
{
"node": "d",
"type": "field-start",
"subtype": "wp"}
,
{
"node": "d",
"frag": "*",
"type": "nonw",
"ref": "P229039.24.1",
"lang": "sux",
"type": "punct"}
,
{
"node": "d",
"type": "field-end",
"subtype": "wp"}
,
{
"node": "d",
"type": "cell-end"}
,
{
"node": "d",
"type": "cell-start"}
,
{
"node": "d",
"type": "field-start",
"subtype": "pr"}
,
{
"node": "l",
"frag": "⸢x⸣-[...]",
"id": "P229039.l0c6d8",
"ref": "P229039.24.2",
"inst": "%sux:x-x=",
"f": {"lang": "sux",
"form": "x-x"}
}
,
{
"node": "d",
"type": "field-end",
"subtype": "pr"}
,
{
"node": "d",
"type": "cell-end"}
,
{
"node": "d",
"type": "cell-start"}
,
{
"node": "d",
"type": "field-start",
"subtype": "sg"}
,
{
"node": "l",
"frag": "[...]",
"id": "P229039.l0c6d9",
"ref": "P229039.24.3",
"inst": "%sux:x=",
"f": {"lang": "sux",
"form": "x"}
}
,
{
"node": "d",
"type": "field-end",
"subtype": "sg"}
,
{
"node": "d",
"type": "cell-end"}
,
{
"node": "d",
"type": "line-start",
"ref": "P229039.25",
"n": "4'",
"label": "r 4'"}
,
{
"node": "d",
"type": "cell-start"}
,
{
"node": "d",
"type": "field-start",
"subtype": "sv"}
,
{
"node": "d",
"type": "field-end",
"subtype": "sv"}
,
{
"node": "d",
"type": "cell-end"}
,
{
"node": "d",
"type": "cell-start"}
,
{
"node": "d",
"type": "field-start",
"subtype": "wp"}
,
{
"node": "d",
"frag": "*",
"type": "nonw",
"ref": "P229039.25.1",
"lang": "sux",
"type": "punct"}
,
{
"node": "d",
"type": "field-end",
"subtype": "wp"}
,
{
"node": "d",
"type": "cell-end"}
,
{
"node": "d",
"type": "cell-start"}
,
{
"node": "d",
"type": "field-start",
"subtype": "pr"}
,
{
"node": "l",
"frag": "⸢x⸣-[...]",
"id": "P229039.l0c6da",
"ref": "P229039.25.2",
"inst": "%sux:x-x=",
"f": {"lang": "sux",
"form": "x-x"}
}
,
{
"node": "d",
"type": "field-end",
"subtype": "pr"}
,
{
"node": "d",
"type": "cell-end"}
,
{
"node": "d",
"type": "cell-start"}
,
{
"node": "d",
"type": "field-start",
"subtype": "sg"}
,
{
"node": "l",
"frag": "[...]",
"id": "P229039.l0c6db",
"ref": "P229039.25.3",
"inst": "%sux:x=",
"f": {"lang": "sux",
"form": "x"}
}
,
{
"node": "d",
"type": "field-end",
"subtype": "sg"}
,
{
"node": "d",
"type": "cell-end"}
]}
]}
]}
]}
