{
"type": "cdl",
  "source": "http://oracc.org/dcclt",
  "license": "This data is released under the CC0 license",
  "license-url": "https://creativecommons.org/publicdomain/zero/1.0/",
  "more-info": "http://oracc.org/doc/opendata/",
  "UTC-timestamp": "2017-05-19T18:24:46",
"project": "dcclt",
"textid": "P229942",
"cdl": [
{
"node": "c",
"type": "text",
"id": "P229942.U0",
"cdl": [
{
"node": "d",
"subtype": "tablet",
"type": "object",
"ref": "P229942.x934.1",
"type": "tablet",
"label": "x934"}
,
{
"node": "d",
"type": "surface",
"ref": ""}
,
{
"node": "d",
"type": "nonx",
"ref": "P229942.2",
"strict": "0",
"extent": "1",
"state": "ruling"}
,
{
"node": "d",
"subtype": "obverse",
"type": "surface",
"ref": "P229942.o.3",
"type": "obverse",
"label": "o"}
,
{
"node": "d",
"type": "nonx",
"ref": "P229942.4",
"strict": "0",
"extent": "beginning",
"state": "missing"}
,
{
"node": "c",
"type": "discourse",
"subtype": "body",
"id": "P229942.U1",
"cdl": [
{
"node": "c",
"type": "sentence",
"id": "P229942.U2",
"label": "o 1' - r ii' 14'",
"cdl": [
{
"node": "d",
"type": "line-start",
"ref": "P229942.5",
"n": "1'",
"label": "o 1'"}
,
{
"node": "l",
"frag": "[...]",
"id": "P229942.l2312a",
"ref": "P229942.5.1",
"inst": "u",
"f": {"lang": "sux",
"form": "x",
"pos": "u"}
}
,
{
"node": "l",
"frag": "⸢x-x⸣",
"id": "P229942.l2312b",
"ref": "P229942.5.2",
"inst": "u",
"f": {"lang": "sux",
"form": "x-x",
"pos": "u"}
}
,
{
"node": "d",
"type": "line-start",
"ref": "P229942.6",
"n": "2'",
"label": "o 2'"}
,
{
"node": "l",
"frag": "[a-šag₄",
"id": "P229942.l2312c",
"ref": "P229942.6.1",
"inst": "ašag[field]N",
"sig": "@dcclt%sux:a-šag₄=ašag[field//field]N'N$ašag/a-šag₄#~",
"f": {"lang": "sux",
"form": "a-šag₄",
"cf": "ašag",
"gw": "field",
"sense": "field",
"norm0": "ašag",
"pos": "N",
"epos": "N",
"base": "a-šag₄",
"morph": "~"}
}
,
{
"node": "l",
"frag": "id₂]",
"id": "P229942.l2312d",
"ref": "P229942.6.2",
"inst": "id[river]N",
"sig": "@dcclt%sux:id₂=id[river//river]N'N$id/id₂#~",
"f": {"lang": "sux",
"form": "id₂",
"cf": "id",
"gw": "river",
"sense": "river",
"norm0": "id",
"pos": "N",
"epos": "N",
"base": "id₂",
"morph": "~"}
}
,
{
"node": "l",
"frag": "⸢ŋir₃⸣-ta",
"id": "P229942.l2312e",
"ref": "P229942.6.3",
"inst": "ŋiri[foot]N",
"sig": "@dcclt%sux:ŋir₃-ta=ŋiri[foot//foot]N'N$ŋiri,ta/ŋiri₃#~,ta",
"f": {"lang": "sux",
"form": "ŋir₃-ta",
"cf": "ŋiri",
"gw": "foot",
"sense": "foot",
"norm0": "ŋiri,ta",
"pos": "N",
"epos": "N",
"base": "ŋiri₃",
"morph": "~,ta"}
}
,
{
"node": "l",
"frag": "⸢bala⸣",
"id": "P229942.l2312f",
"ref": "P229942.6.4",
"inst": "bala[turn]V/t",
"sig": "@dcclt%sux:bala=bala[turn//turn]V/t'V/t$bala/bala#~",
"f": {"lang": "sux",
"form": "bala",
"cf": "bala",
"gw": "turn",
"sense": "turn",
"norm0": "bala",
"pos": "V/t",
"epos": "V/t",
"base": "bala",
"morph": "~"}
}
,
{
"node": "d",
"type": "line-start",
"ref": "P229942.7",
"n": "3'",
"label": "o 3'"}
,
{
"node": "l",
"frag": "[a-šag₄]",
"id": "P229942.l23130",
"ref": "P229942.7.1",
"inst": "ašag[field]N",
"sig": "@dcclt%sux:a-šag₄=ašag[field//field]N'N$ašag/a-šag₄#~",
"f": {"lang": "sux",
"form": "a-šag₄",
"cf": "ašag",
"gw": "field",
"sense": "field",
"norm0": "ašag",
"pos": "N",
"epos": "N",
"base": "a-šag₄",
"morph": "~"}
}
,
{
"node": "l",
"frag": "⸢mar-ra⸣",
"id": "P229942.l23131",
"ref": "P229942.7.2",
"inst": "mar[shovel]N",
"sig": "@dcclt%sux:mar-ra=mar[shovel//shovel]N'N$mar,ak/mar+-ra=r.a#~,ak",
"f": {"lang": "sux",
"form": "mar-ra",
"cf": "mar",
"gw": "shovel",
"sense": "shovel",
"norm0": "mar,ak",
"pos": "N",
"epos": "N",
"base": "mar",
"cont": "-ra=r.a",
"morph": "~,ak"}
}
,
{
"node": "d",
"type": "line-start",
"ref": "P229942.8",
"n": "4'",
"label": "o 4'"}
,
{
"node": "l",
"frag": "[a-šag₄",
"id": "P229942.l23132",
"ref": "P229942.8.1",
"inst": "ašag[field]N",
"sig": "@dcclt%sux:a-šag₄=ašag[field//field]N'N$ašag/a-šag₄#~",
"f": {"lang": "sux",
"form": "a-šag₄",
"cf": "ašag",
"gw": "field",
"sense": "field",
"norm0": "ašag",
"pos": "N",
"epos": "N",
"base": "a-šag₄",
"morph": "~"}
}
,
{
"node": "l",
"frag": "šu]",
"id": "P229942.l23133",
"ref": "P229942.8.2",
"inst": "šu[hand]N",
"sig": "@dcclt%sux:šu=šu[hand//hand]N'N$šu/šu#~",
"f": {"lang": "sux",
"form": "šu",
"cf": "šu",
"gw": "hand",
"sense": "hand",
"norm0": "šu",
"pos": "N",
"epos": "N",
"base": "šu",
"morph": "~"}
}
,
{
"node": "l",
"frag": "zid",
"id": "P229942.l23134",
"ref": "P229942.8.3",
"inst": "zid[right]V/i",
"sig": "@dcclt%sux:zid=zid[right//right]V/i'V/i$zid/zid#~",
"f": {"lang": "sux",
"form": "zid",
"cf": "zid",
"gw": "right",
"sense": "right",
"norm0": "zid",
"pos": "V/i",
"epos": "V/i",
"base": "zid",
"morph": "~"}
}
,
{
"node": "l",
"frag": "an-⸢na⸣",
"id": "P229942.l23135",
"ref": "P229942.8.4",
"inst": "An[1]DN",
"sig": "@dcclt%sux:an-na=An[1//1]DN'DN$An/an-na#~",
"f": {"lang": "sux",
"form": "an-na",
"cf": "An",
"gw": "1",
"sense": "1",
"norm0": "An",
"pos": "DN",
"epos": "DN",
"base": "an-na",
"morph": "~"}
}
,
{
"node": "d",
"type": "line-start",
"ref": "P229942.9",
"n": "5'",
"label": "o 5'"}
,
{
"node": "l",
"frag": "[a-šag₄]",
"id": "P229942.l23136",
"ref": "P229942.9.1",
"inst": "ašag[field]N",
"sig": "@dcclt%sux:a-šag₄=ašag[field//field]N'N$ašag/a-šag₄#~",
"f": {"lang": "sux",
"form": "a-šag₄",
"cf": "ašag",
"gw": "field",
"sense": "field",
"norm0": "ašag",
"pos": "N",
"epos": "N",
"base": "a-šag₄",
"morph": "~"}
}
,
{
"node": "l",
"frag": "⸢ban₃⸣-da",
"id": "P229942.l23137",
"ref": "P229942.9.2",
"inst": "banda[junior]V/i",
"sig": "@dcclt%sux:ban₃-da=banda[junior//(to be) junior]V/i'V/i$banda/banda₃{da}#~",
"f": {"lang": "sux",
"form": "ban₃-da",
"cf": "banda",
"gw": "junior",
"sense": "(to be) junior",
"norm0": "banda",
"pos": "V/i",
"epos": "V/i",
"base": "banda₃{da}",
"morph": "~"}
}
,
{
"node": "d",
"type": "line-start",
"ref": "P229942.10",
"n": "6'",
"label": "o 6'"}
,
{
"node": "l",
"frag": "[a-šag₄]",
"id": "P229942.l23138",
"ref": "P229942.10.1",
"inst": "ašag[field]N",
"sig": "@dcclt%sux:a-šag₄=ašag[field//field]N'N$ašag/a-šag₄#~",
"f": {"lang": "sux",
"form": "a-šag₄",
"cf": "ašag",
"gw": "field",
"sense": "field",
"norm0": "ašag",
"pos": "N",
"epos": "N",
"base": "a-šag₄",
"morph": "~"}
}
,
{
"node": "l",
"frag": "⸢egir⸣",
"id": "P229942.l23139",
"ref": "P229942.10.2",
"inst": "egir[back]N",
"sig": "@dcclt%sux:egir=egir[back//back]N'N$egir/egir#~",
"f": {"lang": "sux",
"form": "egir",
"cf": "egir",
"gw": "back",
"sense": "back",
"norm0": "egir",
"pos": "N",
"epos": "N",
"base": "egir",
"morph": "~"}
}
,
{
"node": "l",
"frag": "ban₃-da",
"id": "P229942.l2313a",
"ref": "P229942.10.3",
"inst": "banda[junior]V/i",
"sig": "@dcclt%sux:ban₃-da=banda[junior//(to be) junior]V/i'V/i$banda/banda₃{da}#~",
"f": {"lang": "sux",
"form": "ban₃-da",
"cf": "banda",
"gw": "junior",
"sense": "(to be) junior",
"norm0": "banda",
"pos": "V/i",
"epos": "V/i",
"base": "banda₃{da}",
"morph": "~"}
}
,
{
"node": "d",
"type": "line-start",
"ref": "P229942.11",
"n": "7'",
"label": "o 7'"}
,
{
"node": "l",
"frag": "[a-šag₄]",
"id": "P229942.l2313b",
"ref": "P229942.11.1",
"inst": "ašag[field]N",
"sig": "@dcclt%sux:a-šag₄=ašag[field//field]N'N$ašag/a-šag₄#~",
"f": {"lang": "sux",
"form": "a-šag₄",
"cf": "ašag",
"gw": "field",
"sense": "field",
"norm0": "ašag",
"pos": "N",
"epos": "N",
"base": "a-šag₄",
"morph": "~"}
}
,
{
"node": "l",
"frag": "{ŋeš}gi",
"id": "P229942.l2313c",
"ref": "P229942.11.2",
"inst": "gi[thicket]N",
"sig": "@dcclt%sux:{ŋeš}gi=gi[thicket//reed thicket]N'N$gi/{ŋeš}gi#~",
"f": {"lang": "sux",
"form": "{ŋeš}gi",
"cf": "gi",
"gw": "thicket",
"sense": "reed thicket",
"norm0": "gi",
"pos": "N",
"epos": "N",
"base": "{ŋeš}gi",
"morph": "~"}
}
,
{
"node": "l",
"frag": "mah",
"id": "P229942.l2313d",
"ref": "P229942.11.3",
"inst": "mah[great]V/i",
"sig": "@dcclt%sux:mah=mah[great//great]V/i'V/i$mah/mah#~",
"f": {"lang": "sux",
"form": "mah",
"cf": "mah",
"gw": "great",
"sense": "great",
"norm0": "mah",
"pos": "V/i",
"epos": "V/i",
"base": "mah",
"morph": "~"}
}
,
{
"node": "d",
"type": "line-start",
"ref": "P229942.12",
"n": "8'",
"label": "o 8'"}
,
{
"node": "l",
"frag": "[a-šag₄]",
"id": "P229942.l2313e",
"ref": "P229942.12.1",
"inst": "ašag[field]N",
"sig": "@dcclt%sux:a-šag₄=ašag[field//field]N'N$ašag/a-šag₄#~",
"f": {"lang": "sux",
"form": "a-šag₄",
"cf": "ašag",
"gw": "field",
"sense": "field",
"norm0": "ašag",
"pos": "N",
"epos": "N",
"base": "a-šag₄",
"morph": "~"}
}
,
{
"node": "l",
"frag": "us₂",
"id": "P229942.l2313f",
"ref": "P229942.12.2",
"inst": "us[side]N",
"sig": "@dcclt%sux:us₂=us[side//side, edge]N'N$us/us₂#~",
"f": {"lang": "sux",
"form": "us₂",
"cf": "us",
"gw": "side",
"sense": "side, edge",
"norm0": "us",
"pos": "N",
"epos": "N",
"base": "us₂",
"morph": "~"}
}
,
{
"node": "l",
"frag": "gid₂-da",
"id": "P229942.l23140",
"ref": "P229942.12.3",
"inst": "gid[long]V/i",
"sig": "@dcclt%sux:gid₂-da=gid[long//(to be) long]V/i'V/i$gid;a/gid₂+-da=d.a#~;a",
"f": {"lang": "sux",
"form": "gid₂-da",
"cf": "gid",
"gw": "long",
"sense": "(to be) long",
"norm0": "gid;a",
"pos": "V/i",
"epos": "V/i",
"base": "gid₂",
"cont": "-da=d.a",
"morph": "~;a"}
}
,
{
"node": "d",
"type": "line-start",
"ref": "P229942.13",
"n": "9'",
"label": "o 9'"}
,
{
"node": "l",
"frag": "[a-šag₄]",
"id": "P229942.l23141",
"ref": "P229942.13.1",
"inst": "ašag[field]N",
"sig": "@dcclt%sux:a-šag₄=ašag[field//field]N'N$ašag/a-šag₄#~",
"f": {"lang": "sux",
"form": "a-šag₄",
"cf": "ašag",
"gw": "field",
"sense": "field",
"norm0": "ašag",
"pos": "N",
"epos": "N",
"base": "a-šag₄",
"morph": "~"}
}
,
{
"node": "l",
"frag": "⸢ka⸣",
"id": "P229942.l23142",
"ref": "P229942.13.2",
"inst": "kag[mouth]N/ka#~",
"sig": "@dcclt%sux:ka=kag[mouth//mouth]N'N$kag/ka#~",
"f": {"lang": "sux",
"form": "ka",
"cf": "kag",
"gw": "mouth",
"sense": "mouth",
"norm0": "kag",
"pos": "N",
"epos": "N",
"base": "ka",
"morph": "~"}
}
,
{
"node": "l",
"frag": "mun₄",
"id": "P229942.l23143",
"ref": "P229942.13.3",
"inst": "mun[salt]N",
"sig": "@dcclt%sux:mun₄=mun[salt//salt]V/i'N$mun/mun₄#~",
"f": {"lang": "sux",
"form": "mun₄",
"cf": "mun",
"gw": "salt",
"sense": "salt",
"norm0": "mun",
"pos": "V/i",
"epos": "N",
"base": "mun₄",
"morph": "~"}
}
,
{
"node": "d",
"type": "nonx",
"ref": "P229942.14",
"strict": "0",
"extent": "rest",
"state": "missing"}
,
{
"node": "d",
"subtype": "reverse",
"type": "surface",
"ref": "P229942.r.15",
"type": "reverse",
"label": "r"}
,
{
"node": "d",
"subtype": "column 1r '",
"type": "column",
"ref": "P229942.r.i_.16",
"n": "1",
"label": "r i'"}
,
{
"node": "d",
"type": "nonx",
"ref": "P229942.17",
"strict": "0",
"extent": "beginning",
"state": "missing"}
,
{
"node": "d",
"type": "line-start",
"ref": "P229942.18",
"n": "1'",
"label": "r i' 1'"}
,
{
"node": "l",
"frag": "umanₓ(|HI×AŠ₂|)",
"id": "P229942.l23144",
"ref": "P229942.18.1",
"inst": "uman[insect]",
"sig": "@dcclt%sux:umanₓ(|HI×AŠ₂|)=uman[insect//insect(s), bug(s)]N'N$uman/umanₓ(|HI×AŠ₂|)#~",
"f": {"lang": "sux",
"form": "umanₓ(|HI×AŠ₂|)",
"cf": "uman",
"gw": "insect",
"sense": "insect(s), bug(s)",
"norm0": "uman",
"pos": "N",
"epos": "N",
"base": "umanₓ(|HI×AŠ₂|)",
"morph": "~"}
}
,
{
"node": "l",
"frag": "[...]",
"id": "P229942.l23145",
"ref": "P229942.18.2",
"inst": "u",
"f": {"lang": "sux",
"form": "x",
"pos": "u"}
}
,
{
"node": "d",
"type": "line-start",
"ref": "P229942.19",
"n": "2'",
"label": "r i' 2'"}
,
{
"node": "l",
"frag": "umanₓ(|HI×AŠ₂|)",
"id": "P229942.l23146",
"ref": "P229942.19.1",
"inst": "uman[insect]N",
"sig": "@dcclt%sux:umanₓ(|HI×AŠ₂|)=uman[insect//insect(s), bug(s)]N'N$uman/umanₓ(|HI×AŠ₂|)#~",
"f": {"lang": "sux",
"form": "umanₓ(|HI×AŠ₂|)",
"cf": "uman",
"gw": "insect",
"sense": "insect(s), bug(s)",
"norm0": "uman",
"pos": "N",
"epos": "N",
"base": "umanₓ(|HI×AŠ₂|)",
"morph": "~"}
}
,
{
"node": "l",
"frag": "ŋeš-⸢ur₃⸣-[ra]",
"id": "P229942.l23147",
"ref": "P229942.19.2",
"inst": "ŋušur[beam]N",
"sig": "@dcclt%sux:ŋeš-ur₃-ra=ŋušur[beam//beam]N'N$ŋušur,ak/{ŋeš}ŋušur+-ra=r.a#~,ak",
"f": {"lang": "sux",
"form": "ŋeš-ur₃-ra",
"cf": "ŋušur",
"gw": "beam",
"sense": "beam",
"norm0": "ŋušur,ak",
"pos": "N",
"epos": "N",
"base": "{ŋeš}ŋušur",
"cont": "-ra=r.a",
"morph": "~,ak"}
}
,
{
"node": "d",
"type": "line-start",
"ref": "P229942.20",
"n": "3'",
"label": "r i' 3'"}
,
{
"node": "l",
"frag": "[nim]",
"id": "P229942.l23148",
"ref": "P229942.20.1",
"inst": "nim[fly]N",
"sig": "@dcclt%sux:nim=nim[fly//fly, insect]N'N$nim/nim#~",
"f": {"lang": "sux",
"form": "nim",
"cf": "nim",
"gw": "fly",
"sense": "fly, insect",
"norm0": "nim",
"pos": "N",
"epos": "N",
"base": "nim",
"morph": "~"}
}
,
{
"node": "d",
"type": "line-start",
"ref": "P229942.21",
"n": "4'",
"label": "r i' 4'"}
,
{
"node": "l",
"frag": "nim",
"id": "P229942.l23149",
"ref": "P229942.21.1",
"inst": "nim[fly]N",
"sig": "@dcclt%sux:nim=nim[fly//fly, insect]N'N$nim/nim#~",
"f": {"lang": "sux",
"form": "nim",
"cf": "nim",
"gw": "fly",
"sense": "fly, insect",
"norm0": "nim",
"pos": "N",
"epos": "N",
"base": "nim",
"morph": "~"}
}
,
{
"node": "l",
"frag": "sahar-[ra]",
"id": "P229942.l2314a",
"ref": "P229942.21.2",
"inst": "sahar[dust]N",
"sig": "@dcclt%sux:sahar-ra=sahar[dust//dust, dirt]N'N$sahar,ak/sahar+-ra=r.a#~,ak",
"f": {"lang": "sux",
"form": "sahar-ra",
"cf": "sahar",
"gw": "dust",
"sense": "dust, dirt",
"norm0": "sahar,ak",
"pos": "N",
"epos": "N",
"base": "sahar",
"cont": "-ra=r.a",
"morph": "~,ak"}
}
,
{
"node": "d",
"type": "line-start",
"ref": "P229942.22",
"n": "5'",
"label": "r i' 5'"}
,
{
"node": "l",
"frag": "nim",
"id": "P229942.l2314b",
"ref": "P229942.22.1",
"inst": "nim[fly]N",
"sig": "@dcclt%sux:nim=nim[fly//fly, insect]N'N$nim/nim#~",
"f": {"lang": "sux",
"form": "nim",
"cf": "nim",
"gw": "fly",
"sense": "fly, insect",
"norm0": "nim",
"pos": "N",
"epos": "N",
"base": "nim",
"morph": "~"}
}
,
{
"node": "l",
"frag": "ur-[mah]",
"id": "P229942.l2314c",
"ref": "P229942.22.2",
"inst": "urmah[lion]N",
"sig": "@dcclt%sux:ur-mah=urmah[lion//lion]N'N$urmah/ur-mah#~",
"f": {"lang": "sux",
"form": "ur-mah",
"cf": "urmah",
"gw": "lion",
"sense": "lion",
"norm0": "urmah",
"pos": "N",
"epos": "N",
"base": "ur-mah",
"morph": "~"}
}
,
{
"node": "d",
"type": "line-start",
"ref": "P229942.23",
"n": "6'",
"label": "r i' 6'"}
,
{
"node": "l",
"frag": "nim",
"id": "P229942.l2314d",
"ref": "P229942.23.1",
"inst": "nim[fly]N",
"sig": "@dcclt%sux:nim=nim[fly//fly, insect]N'N$nim/nim#~",
"f": {"lang": "sux",
"form": "nim",
"cf": "nim",
"gw": "fly",
"sense": "fly, insect",
"norm0": "nim",
"pos": "N",
"epos": "N",
"base": "nim",
"morph": "~"}
}
,
{
"node": "l",
"frag": "ur-[nig]",
"id": "P229942.l2314e",
"ref": "P229942.23.2",
"inst": "urnig[lioness]N",
"sig": "@dcclt%sux:ur-nig=urnig[lioness//lioness]N'N$urnig/ur-nig#~",
"f": {"lang": "sux",
"form": "ur-nig",
"cf": "urnig",
"gw": "lioness",
"sense": "lioness",
"norm0": "urnig",
"pos": "N",
"epos": "N",
"base": "ur-nig",
"morph": "~"}
}
,
{
"node": "d",
"type": "line-start",
"ref": "P229942.24",
"n": "7'",
"label": "r i' 7'"}
,
{
"node": "l",
"frag": "nim",
"id": "P229942.l2314f",
"ref": "P229942.24.1",
"inst": "nim[fly]N",
"sig": "@dcclt%sux:nim=nim[fly//fly, insect]N'N$nim/nim#~",
"f": {"lang": "sux",
"form": "nim",
"cf": "nim",
"gw": "fly",
"sense": "fly, insect",
"norm0": "nim",
"pos": "N",
"epos": "N",
"base": "nim",
"morph": "~"}
}
,
{
"node": "l",
"frag": "ur-bar-[ra]",
"id": "P229942.l23150",
"ref": "P229942.24.2",
"inst": "urbara[wolf]N",
"sig": "@dcclt%sux:ur-bar-ra=urbara[wolf//wolf]N'N$urbara/ur-bar-ra#~",
"f": {"lang": "sux",
"form": "ur-bar-ra",
"cf": "urbara",
"gw": "wolf",
"sense": "wolf",
"norm0": "urbara",
"pos": "N",
"epos": "N",
"base": "ur-bar-ra",
"morph": "~"}
}
,
{
"node": "d",
"type": "line-start",
"ref": "P229942.25",
"n": "8'",
"label": "r i' 8'"}
,
{
"node": "l",
"frag": "nim",
"id": "P229942.l23151",
"ref": "P229942.25.1",
"inst": "nim[fly]N",
"sig": "@dcclt%sux:nim=nim[fly//fly, insect]N'N$nim/nim#~",
"f": {"lang": "sux",
"form": "nim",
"cf": "nim",
"gw": "fly",
"sense": "fly, insect",
"norm0": "nim",
"pos": "N",
"epos": "N",
"base": "nim",
"morph": "~"}
}
,
{
"node": "l",
"frag": "ur-[gi₇]",
"id": "P229942.l23152",
"ref": "P229942.25.2",
"inst": "urgir[dog]N",
"sig": "@dcclt%sux:ur-gi₇=urgir[dog//dog]N'N$urgir/ur-gir₁₅#~",
"f": {"lang": "sux",
"form": "ur-gi₇",
"cf": "urgir",
"gw": "dog",
"sense": "dog",
"norm0": "urgir",
"pos": "N",
"epos": "N",
"base": "ur-gir₁₅",
"morph": "~"}
}
,
{
"node": "d",
"type": "line-start",
"ref": "P229942.26",
"n": "9'",
"label": "r i' 9'"}
,
{
"node": "l",
"frag": "nim",
"id": "P229942.l23153",
"ref": "P229942.26.1",
"inst": "nim[fly]N",
"sig": "@dcclt%sux:nim=nim[fly//fly, insect]N'N$nim/nim#~",
"f": {"lang": "sux",
"form": "nim",
"cf": "nim",
"gw": "fly",
"sense": "fly, insect",
"norm0": "nim",
"pos": "N",
"epos": "N",
"base": "nim",
"morph": "~"}
}
,
{
"node": "l",
"frag": "ur-[ki]",
"id": "P229942.l23154",
"ref": "P229942.26.2",
"inst": "urki[dog]N",
"sig": "@dcclt%sux:ur-ki=urki[dog//dog]N'N$urki/ur-ki#~",
"f": {"lang": "sux",
"form": "ur-ki",
"cf": "urki",
"gw": "dog",
"sense": "dog",
"norm0": "urki",
"pos": "N",
"epos": "N",
"base": "ur-ki",
"morph": "~"}
}
,
{
"node": "d",
"type": "line-start",
"ref": "P229942.27",
"n": "10'",
"label": "r i' 10'"}
,
{
"node": "l",
"frag": "nim",
"id": "P229942.l23155",
"ref": "P229942.27.1",
"inst": "nim[fly]N",
"sig": "@dcclt%sux:nim=nim[fly//fly, insect]N'N$nim/nim#~",
"f": {"lang": "sux",
"form": "nim",
"cf": "nim",
"gw": "fly",
"sense": "fly, insect",
"norm0": "nim",
"pos": "N",
"epos": "N",
"base": "nim",
"morph": "~"}
}
,
{
"node": "l",
"frag": "ur-[dib]",
"id": "P229942.l23156",
"ref": "P229942.27.2",
"inst": "urdib[cub]N",
"sig": "@dcclt%sux:ur-dib=urdib[cub//cub]N'N$urdib/ur-dib#~",
"f": {"lang": "sux",
"form": "ur-dib",
"cf": "urdib",
"gw": "cub",
"sense": "cub",
"norm0": "urdib",
"pos": "N",
"epos": "N",
"base": "ur-dib",
"morph": "~"}
}
,
{
"node": "d",
"type": "line-start",
"ref": "P229942.28",
"n": "11'",
"label": "r i' 11'"}
,
{
"node": "l",
"frag": "nim",
"id": "P229942.l23157",
"ref": "P229942.28.1",
"inst": "nim[fly]N",
"sig": "@dcclt%sux:nim=nim[fly//fly, insect]N'N$nim/nim#~",
"f": {"lang": "sux",
"form": "nim",
"cf": "nim",
"gw": "fly",
"sense": "fly, insect",
"norm0": "nim",
"pos": "N",
"epos": "N",
"base": "nim",
"morph": "~"}
}
,
{
"node": "l",
"frag": "⸢mul⸣",
"id": "P229942.l23158",
"ref": "P229942.28.2",
"inst": "mul[star]N",
"sig": "@dcclt%sux:mul=mul[star//star]N'N$mul/mul#~",
"f": {"lang": "sux",
"form": "mul",
"cf": "mul",
"gw": "star",
"sense": "star",
"norm0": "mul",
"pos": "N",
"epos": "N",
"base": "mul",
"morph": "~"}
}
,
{
"node": "d",
"type": "line-start",
"ref": "P229942.29",
"n": "12'",
"label": "r i' 12'"}
,
{
"node": "l",
"frag": "nim",
"id": "P229942.l23159",
"ref": "P229942.29.1",
"inst": "nim[fly]N",
"sig": "@dcclt%sux:nim=nim[fly//fly, insect]N'N$nim/nim#~",
"f": {"lang": "sux",
"form": "nim",
"cf": "nim",
"gw": "fly",
"sense": "fly, insect",
"norm0": "nim",
"pos": "N",
"epos": "N",
"base": "nim",
"morph": "~"}
}
,
{
"node": "l",
"frag": "bi₂-[bi₂-a]",
"id": "P229942.l2315a",
"ref": "P229942.29.2",
"inst": "X",
"f": {"lang": "sux",
"form": "bi₂-bi₂-a",
"pos": "X"}
}
,
{
"node": "l",
"frag": "⸢IGI@g-EN⸣-[IGI@g-EN]",
"id": "P229942.l2315b",
"ref": "P229942.29.3",
"inst": "šagtur[womb]N/IGI@g-EN-IGI@g-EN#~",
"sig": "@dcclt%sux:IGI@g-EN-IGI@g-EN=šagtur[womb//womb]N'N$šagtur/IGI@g-EN-IGI@g-EN#~",
"f": {"lang": "sux",
"form": "IGI@g-EN-IGI@g-EN",
"cf": "šagtur",
"gw": "womb",
"sense": "womb",
"norm0": "šagtur",
"pos": "N",
"epos": "N",
"base": "IGI@g-EN-IGI@g-EN",
"morph": "~"}
}
,
{
"node": "d",
"type": "nonw",
"ref": ""}
,
{
"node": "d",
"type": "nonx",
"ref": "P229942.30",
"strict": "1",
"extent": "rest",
"scope": "column",
"state": "missing"}
,
{
"node": "d",
"subtype": "column 2r '",
"type": "column",
"ref": "P229942.r.ii_.31",
"n": "2",
"label": "r ii'"}
,
{
"node": "d",
"type": "nonx",
"ref": "P229942.32",
"strict": "0",
"extent": "beginning",
"state": "missing"}
,
{
"node": "d",
"type": "line-start",
"ref": "P229942.33",
"n": "1'",
"label": "r ii' 1'"}
,
{
"node": "l",
"frag": "[...]-⸢x⸣",
"id": "P229942.l2315c",
"ref": "P229942.33.1",
"inst": "u",
"f": {"lang": "sux",
"form": "x-x",
"pos": "u"}
}
,
{
"node": "l",
"frag": "maš-⸢maš⸣",
"id": "P229942.l2315d",
"ref": "P229942.33.2",
"inst": "mašmaš[sorcerer]N",
"sig": "@dcclt%sux:maš-maš=mašmaš[sorcerer//sorcerer, incantation priest]N'N$mašmaš/maš-maš#~",
"f": {"lang": "sux",
"form": "maš-maš",
"cf": "mašmaš",
"gw": "sorcerer",
"sense": "sorcerer, incantation priest",
"norm0": "mašmaš",
"pos": "N",
"epos": "N",
"base": "maš-maš",
"morph": "~"}
}
,
{
"node": "d",
"type": "line-start",
"ref": "P229942.34",
"n": "2'",
"label": "r ii' 2'"}
,
{
"node": "l",
"frag": "[niŋ₂]-⸢bun₂-na⸣",
"id": "P229942.l2315e",
"ref": "P229942.34.1",
"inst": "niŋbuna[turtle]N",
"sig": "@dcclt%sux:niŋ₂-bun₂-na=niŋbuna[turtle//turtle]N'N$niŋbuna/niŋ₂-bun₂-na#~",
"f": {"lang": "sux",
"form": "niŋ₂-bun₂-na",
"cf": "niŋbuna",
"gw": "turtle",
"sense": "turtle",
"norm0": "niŋbuna",
"pos": "N",
"epos": "N",
"base": "niŋ₂-bun₂-na",
"morph": "~"}
}
,
{
"node": "d",
"type": "line-start",
"ref": "P229942.35",
"n": "3'",
"label": "r ii' 3'"}
,
{
"node": "l",
"frag": "⸢eme⸣-ŠID",
"id": "P229942.l2315f",
"ref": "P229942.35.1",
"inst": "eme.ŠID[lizard]N",
"sig": "@dcclt%sux:eme-ŠID=eme.ŠID[lizard//lizard]N'N$eme.ŠID/eme-ŠID#~",
"f": {"lang": "sux",
"form": "eme-ŠID",
"cf": "eme.ŠID",
"gw": "lizard",
"sense": "lizard",
"norm0": "eme.ŠID",
"pos": "N",
"epos": "N",
"base": "eme-ŠID",
"morph": "~"}
}
,
{
"node": "d",
"type": "line-start",
"ref": "P229942.36",
"n": "4'",
"label": "r ii' 4'"}
,
{
"node": "l",
"frag": "uh",
"id": "P229942.l23160",
"ref": "P229942.36.1",
"inst": "uh[turtle]N",
"sig": "@dcclt%sux:uh=uh[turtle//turtle]N'N$uh/uh#~",
"f": {"lang": "sux",
"form": "uh",
"cf": "uh",
"gw": "turtle",
"sense": "turtle",
"norm0": "uh",
"pos": "N",
"epos": "N",
"base": "uh",
"morph": "~"}
}
,
{
"node": "d",
"type": "line-start",
"ref": "P229942.37",
"n": "5'",
"label": "r ii' 5'"}
,
{
"node": "l",
"frag": "[ba]-al-gi₄",
"id": "P229942.l23161",
"ref": "P229942.37.1",
"inst": "balgi[turtle]N",
"sig": "@dcclt%sux:ba-al-gi₄=balgi[turtle//turtle]N'N$balgi/ba-al-gi₄#~",
"f": {"lang": "sux",
"form": "ba-al-gi₄",
"cf": "balgi",
"gw": "turtle",
"sense": "turtle",
"norm0": "balgi",
"pos": "N",
"epos": "N",
"base": "ba-al-gi₄",
"morph": "~"}
}
,
{
"node": "d",
"type": "line-start",
"ref": "P229942.38",
"n": "6'",
"label": "r ii' 6'"}
,
{
"node": "l",
"frag": "šah₂",
"id": "P229942.l23162",
"ref": "P229942.38.1",
"inst": "šah[pig]N",
"sig": "@dcclt%sux:šah₂=šah[pig//pig]N'N$šah/šah₂#~",
"f": {"lang": "sux",
"form": "šah₂",
"cf": "šah",
"gw": "pig",
"sense": "pig",
"norm0": "šah",
"pos": "N",
"epos": "N",
"base": "šah₂",
"morph": "~"}
}
,
{
"node": "d",
"type": "line-start",
"ref": "P229942.39",
"n": "7'",
"label": "r ii' 7'"}
,
{
"node": "c",
"type": "phrase",
"tag": "phr",
"id": "P229942.U4",
"ref": "P229942.ls00000",
"cdl": [
{
"node": "l",
"frag": "⸢šah₂⸣",
"id": "P229942.l23163",
"ref": "P229942.39.1",
"inst": "šah[pig]N",
"sig": "@dcclt%sux:šah₂=šah[pig//pig]N'N$šah/šah₂#~",
"f": {"lang": "sux",
"form": "šah₂",
"cf": "šah",
"gw": "pig",
"sense": "pig",
"norm0": "šah",
"pos": "N",
"epos": "N",
"base": "šah₂",
"morph": "~"}
}
,
{
"node": "l",
"frag": "{ŋeš}gi",
"id": "P229942.l23164",
"ref": "P229942.39.2",
"inst": "gi[thicket]N",
"sig": "@dcclt%sux:{ŋeš}gi=gi[thicket//reed thicket]N'N$gi/{ŋeš}gi#~",
"f": {"lang": "sux",
"form": "{ŋeš}gi",
"cf": "gi",
"gw": "thicket",
"sense": "reed thicket",
"norm0": "gi",
"pos": "N",
"epos": "N",
"base": "{ŋeš}gi",
"morph": "~"}
}
]}
,
{
"node": "d",
"type": "line-start",
"ref": "P229942.40",
"n": "8'",
"label": "r ii' 8'"}
,
{
"node": "l",
"frag": "[šah₂]",
"id": "P229942.l23165",
"ref": "P229942.40.1",
"inst": "šah[pig]N",
"sig": "@dcclt%sux:šah₂=šah[pig//pig]N'N$šah/šah₂#~",
"f": {"lang": "sux",
"form": "šah₂",
"cf": "šah",
"gw": "pig",
"sense": "pig",
"norm0": "šah",
"pos": "N",
"epos": "N",
"base": "šah₂",
"morph": "~"}
}
,
{
"node": "l",
"frag": "⸢ud⸣-šu₂-uš",
"id": "P229942.l23166",
"ref": "P229942.40.2",
"inst": "udšuš[daily]AJ",
"sig": "@dcclt%sux:ud-šu₂-uš=udšuš[daily//daily]AJ'AJ$udšuš/ud-šu₂-uš#~",
"f": {"lang": "sux",
"form": "ud-šu₂-uš",
"cf": "udšuš",
"gw": "daily",
"sense": "daily",
"norm0": "udšuš",
"pos": "AJ",
"epos": "AJ",
"base": "ud-šu₂-uš",
"morph": "~"}
}
,
{
"node": "d",
"type": "line-start",
"ref": "P229942.41",
"n": "9'",
"label": "r ii' 9'"}
,
{
"node": "l",
"frag": "[šah₂]",
"id": "P229942.l23167",
"ref": "P229942.41.1",
"inst": "šah[pig]N",
"sig": "@dcclt%sux:šah₂=šah[pig//pig]N'N$šah/šah₂#~",
"f": {"lang": "sux",
"form": "šah₂",
"cf": "šah",
"gw": "pig",
"sense": "pig",
"norm0": "šah",
"pos": "N",
"epos": "N",
"base": "šah₂",
"morph": "~"}
}
,
{
"node": "l",
"frag": "niga",
"id": "P229942.l23168",
"ref": "P229942.41.2",
"inst": "niga[fattened]V/i",
"sig": "@dcclt%sux:niga=niga[fattened//fattened]V/i'V/i$niga/niga#~",
"f": {"lang": "sux",
"form": "niga",
"cf": "niga",
"gw": "fattened",
"sense": "fattened",
"norm0": "niga",
"pos": "V/i",
"epos": "V/i",
"base": "niga",
"morph": "~"}
}
,
{
"node": "d",
"type": "line-start",
"ref": "P229942.42",
"n": "10'",
"label": "r ii' 10'"}
,
{
"node": "l",
"frag": "[šah₂",
"id": "P229942.l23169",
"ref": "P229942.42.1",
"inst": "šah[pig]N",
"sig": "@dcclt%sux:šah₂=šah[pig//pig]N'N$šah/šah₂#~",
"f": {"lang": "sux",
"form": "šah₂",
"cf": "šah",
"gw": "pig",
"sense": "pig",
"norm0": "šah",
"pos": "N",
"epos": "N",
"base": "šah₂",
"morph": "~"}
}
,
{
"node": "l",
"frag": "ma₂]-⸢gan⸣",
"id": "P229942.l2316a",
"ref": "P229942.42.2",
"inst": "Magan[1]GN",
"sig": "@dcclt%sux:ma₂-gan=Magan[1//1]GN'GN$Magan/ma₂-gan#~",
"f": {"lang": "sux",
"form": "ma₂-gan",
"cf": "Magan",
"gw": "1",
"sense": "1",
"norm0": "Magan",
"pos": "GN",
"epos": "GN",
"base": "ma₂-gan",
"morph": "~"}
}
,
{
"node": "d",
"type": "line-start",
"ref": "P229942.43",
"n": "11'",
"label": "r ii' 11'"}
,
{
"node": "l",
"frag": "[šah₂",
"id": "P229942.l2316b",
"ref": "P229942.43.1",
"inst": "šah[pig]N",
"sig": "@dcclt%sux:šah₂=šah[pig//pig]N'N$šah/šah₂#~",
"f": {"lang": "sux",
"form": "šah₂",
"cf": "šah",
"gw": "pig",
"sense": "pig",
"norm0": "šah",
"pos": "N",
"epos": "N",
"base": "šah₂",
"morph": "~"}
}
,
{
"node": "l",
"frag": "nam]-⸢erim₂⸣",
"id": "P229942.l2316c",
"ref": "P229942.43.2",
"inst": "namerim[oath]N",
"sig": "@dcclt%sux:nam-erim₂=namerim[oath//oath]N'N$namerim/nam-erim₂#~",
"f": {"lang": "sux",
"form": "nam-erim₂",
"cf": "namerim",
"gw": "oath",
"sense": "oath",
"norm0": "namerim",
"pos": "N",
"epos": "N",
"base": "nam-erim₂",
"morph": "~"}
}
,
{
"node": "d",
"type": "line-start",
"ref": "P229942.44",
"n": "12'",
"label": "r ii' 12'"}
,
{
"node": "l",
"frag": "[šah₂",
"id": "P229942.l2316d",
"ref": "P229942.44.1",
"inst": "šah[pig]N",
"sig": "@dcclt%sux:šah₂=šah[pig//pig]N'N$šah/šah₂#~",
"f": {"lang": "sux",
"form": "šah₂",
"cf": "šah",
"gw": "pig",
"sense": "pig",
"norm0": "šah",
"pos": "N",
"epos": "N",
"base": "šah₂",
"morph": "~"}
}
,
{
"node": "l",
"frag": "nam-urunₓ(EN)⸢ak⸣",
"id": "P229942.l2316e",
"ref": "P229942.44.2",
"inst": "namuruna[~herd]N",
"sig": "@dcclt%sux:nam-urunₓ(EN)-ak=namuruna[~herd//a designation of a herd]N'N$namuruna/nam-urunₓ(EN)-ak#~",
"f": {"lang": "sux",
"form": "nam-urunₓ(EN)-ak",
"cf": "namuruna",
"gw": "~herd",
"sense": "a designation of a herd",
"norm0": "namuruna",
"pos": "N",
"epos": "N",
"base": "nam-urunₓ(EN)-ak",
"morph": "~"}
}
,
{
"node": "d",
"type": "line-start",
"ref": "P229942.45",
"n": "13'",
"label": "r ii' 13'"}
,
{
"node": "l",
"frag": "[šah₂]",
"id": "P229942.l2316f",
"ref": "P229942.45.1",
"inst": "šah[pig]N",
"sig": "@dcclt%sux:šah₂=šah[pig//pig]N'N$šah/šah₂#~",
"f": {"lang": "sux",
"form": "šah₂",
"cf": "šah",
"gw": "pig",
"sense": "pig",
"norm0": "šah",
"pos": "N",
"epos": "N",
"base": "šah₂",
"morph": "~"}
}
,
{
"node": "l",
"frag": "⸢tur⸣",
"id": "P229942.l23170",
"ref": "P229942.45.2",
"inst": "tur[small]V/i",
"sig": "@dcclt%sux:tur=tur[small//small]V/i'V/i$tur/tur#~",
"f": {"lang": "sux",
"form": "tur",
"cf": "tur",
"gw": "small",
"sense": "small",
"norm0": "tur",
"pos": "V/i",
"epos": "V/i",
"base": "tur",
"morph": "~"}
}
,
{
"node": "d",
"type": "line-start",
"ref": "P229942.46",
"n": "14'",
"label": "r ii' 14'"}
,
{
"node": "l",
"frag": "megidaₓ(KUN)",
"id": "P229942.l23171",
"ref": "P229942.46.1",
"inst": "megida[sow]N",
"sig": "@dcclt%sux:megidaₓ(KUN)=megida[sow//sow]N'N$megida/megidaₓ(KUN)#~",
"f": {"lang": "sux",
"form": "megidaₓ(KUN)",
"cf": "megida",
"gw": "sow",
"sense": "sow",
"norm0": "megida",
"pos": "N",
"epos": "N",
"base": "megidaₓ(KUN)",
"morph": "~"}
}
,
{
"node": "d",
"type": "nonx",
"ref": "P229942.47",
"strict": "1",
"extent": "rest",
"scope": "column",
"state": "missing"}
]}
]}
]}
,
{
"linkbase": [{
"type": "linkset",
"xlink_title": "šah gi[pig//a wild pig]N'N",
"id": "P229942.ls00000",
"xlink_type": "extended",
"xlink_role": "psu",
"sig": "{šah₂ {ŋeš}gi = šah[pig]N gi[thicket]N += šah gi[pig//a wild pig]N'N}::@dcclt%sux:šah₂=šah[pig//pig]N'N$šah/šah₂#~++@dcclt%sux:{ŋeš}gi=gi[thicket//reed thicket]N'N$gi/{ŋeš}gi#~",
"links": [
{
"type": "link",
"xlink_title": "šah",
"xlink_type": "locator",
"xlink_href": "#P229942.l23163",
"xlink_role": "elt"}
,
{
"type": "link",
"xlink_title": "gi",
"xlink_type": "locator",
"xlink_href": "#P229942.l23164",
"xlink_role": "elt"}
]}
]}
]}
