{
"type": "cdl",
  "source": "http://oracc.org/dcclt",
  "license": "This data is released under the CC0 license",
  "license-url": "https://creativecommons.org/publicdomain/zero/1.0/",
  "more-info": "http://oracc.org/doc/opendata/",
  "UTC-timestamp": "2017-05-19T18:24:39",
"project": "dcclt",
"textid": "P229583",
"cdl": [
{
"node": "c",
"type": "text",
"id": "P229583.U0",
"cdl": [
{
"node": "d",
"subtype": "tablet",
"type": "object",
"ref": "P229583.x394.1",
"type": "tablet",
"label": "x394"}
,
{
"node": "d",
"subtype": "reverse",
"type": "surface",
"ref": "P229583.r.2",
"type": "reverse",
"label": "r"}
,
{
"node": "d",
"subtype": "column 1r '",
"type": "column",
"ref": "P229583.r.i_.3",
"n": "1",
"label": "r i'"}
,
{
"node": "c",
"type": "discourse",
"subtype": "body",
"id": "P229583.U1",
"cdl": [
{
"node": "c",
"type": "sentence",
"id": "P229583.U2",
"label": "r i' 1 - r ii' 10",
"cdl": [
{
"node": "d",
"type": "line-start",
"ref": "P229583.4",
"n": "1",
"label": "r i' 1"}
,
{
"node": "l",
"frag": "dun-dun",
"id": "P229583.l16811",
"ref": "P229583.4.1",
"inst": "dun[warp]",
"sig": "@dcclt%sux:dun-dun=dun[warp//to lay (the warp)]V/t'V/t$dun/dun-dun#~",
"f": {"lang": "sux",
"form": "dun-dun",
"cf": "dun",
"gw": "warp",
"sense": "to lay (the warp)",
"norm0": "dun",
"pos": "V/t",
"epos": "V/t",
"base": "dun-dun",
"morph": "~"}
}
,
{
"node": "d",
"type": "line-start",
"ref": "P229583.5",
"n": "2",
"label": "r i' 2"}
,
{
"node": "l",
"frag": "en₃",
"id": "P229583.l16812",
"ref": "P229583.5.1",
"inst": "en[cvne]",
"sig": "@dcclt%sux:en₃=en[cvne//(compound verb nominal element)]N'N$en/en₃#~",
"f": {"lang": "sux",
"form": "en₃",
"cf": "en",
"gw": "cvne",
"sense": "(compound verb nominal element)",
"norm0": "en",
"pos": "N",
"epos": "N",
"base": "en₃",
"morph": "~"}
}
,
{
"node": "l",
"frag": "tar",
"id": "P229583.l16813",
"ref": "P229583.5.2",
"inst": "tar[cut]",
"sig": "@dcclt%sux:tar=tar[cut//to cut]V/t'V/t$tar/tar#~",
"f": {"lang": "sux",
"form": "tar",
"cf": "tar",
"gw": "cut",
"sense": "to cut",
"norm0": "tar",
"pos": "V/t",
"epos": "V/t",
"base": "tar",
"morph": "~"}
}
,
{
"node": "d",
"type": "line-start",
"ref": "P229583.6",
"n": "3",
"label": "r i' 3"}
,
{
"node": "l",
"frag": "en₃",
"id": "P229583.l16814",
"ref": "P229583.6.1",
"inst": "en[cvne]",
"sig": "@dcclt%sux:en₃=en[cvne//(compound verb nominal element)]N'N$en/en₃#~",
"f": {"lang": "sux",
"form": "en₃",
"cf": "en",
"gw": "cvne",
"sense": "(compound verb nominal element)",
"norm0": "en",
"pos": "N",
"epos": "N",
"base": "en₃",
"morph": "~"}
}
,
{
"node": "l",
"frag": "tar-tar",
"id": "P229583.l16815",
"ref": "P229583.6.2",
"inst": "tar[cut]",
"sig": "@dcclt%sux:tar-tar=tar[cut//to cut]V/t'V/t$tar/tar-tar#~",
"f": {"lang": "sux",
"form": "tar-tar",
"cf": "tar",
"gw": "cut",
"sense": "to cut",
"norm0": "tar",
"pos": "V/t",
"epos": "V/t",
"base": "tar-tar",
"morph": "~"}
}
,
{
"node": "d",
"type": "line-start",
"ref": "P229583.7",
"n": "4",
"label": "r i' 4"}
,
{
"node": "c",
"type": "phrase",
"tag": "phr",
"id": "P229583.U4",
"ref": "P229583.ls00000",
"cdl": [
{
"node": "l",
"frag": "en₃",
"id": "P229583.l16816",
"ref": "P229583.7.1",
"inst": "en[cvne]",
"sig": "@dcclt%sux:en₃=en[cvne//(compound verb nominal element)]N'N$en/en₃#~",
"f": {"lang": "sux",
"form": "en₃",
"cf": "en",
"gw": "cvne",
"sense": "(compound verb nominal element)",
"norm0": "en",
"pos": "N",
"epos": "N",
"base": "en₃",
"morph": "~"}
}
,
{
"node": "l",
"frag": "he₂-tar-re",
"id": "P229583.l16817",
"ref": "P229583.7.2",
"inst": "tar[cut]",
"sig": "@dcclt%sux:he₂-tar-re=tar[cut//to cut]V/t'V/t$ha:tar;e/tar+-re=r.e#ha:~;e",
"f": {"lang": "sux",
"form": "he₂-tar-re",
"cf": "tar",
"gw": "cut",
"sense": "to cut",
"norm0": "ha:tar;e",
"pos": "V/t",
"epos": "V/t",
"base": "tar",
"cont": "-re=r.e",
"morph": "ha:~;e"}
}
]}
,
{
"node": "d",
"type": "line-start",
"ref": "P229583.8",
"n": "5",
"label": "r i' 5"}
,
{
"node": "l",
"frag": "en₃-bi",
"id": "P229583.l16818",
"ref": "P229583.8.1",
"inst": "en[cvne]",
"sig": "@dcclt%sux:en₃-bi=en[cvne//(compound verb nominal element)]N'N$en,bi/en₃#~,bi",
"f": {"lang": "sux",
"form": "en₃-bi",
"cf": "en",
"gw": "cvne",
"sense": "(compound verb nominal element)",
"norm0": "en,bi",
"pos": "N",
"epos": "N",
"base": "en₃",
"morph": "~,bi"}
}
,
{
"node": "l",
"frag": "tar-re",
"id": "P229583.l16819",
"ref": "P229583.8.2",
"inst": "tar[cut]",
"sig": "@dcclt%sux:tar-re=tar[cut//to cut]V/t'V/t$tar;e/tar+-re=r.e#~;e",
"f": {"lang": "sux",
"form": "tar-re",
"cf": "tar",
"gw": "cut",
"sense": "to cut",
"norm0": "tar;e",
"pos": "V/t",
"epos": "V/t",
"base": "tar",
"cont": "-re=r.e",
"morph": "~;e"}
}
,
{
"node": "d",
"type": "line-start",
"ref": "P229583.9",
"n": "6",
"label": "r i' 6"}
,
{
"node": "l",
"frag": "en₃-tukum-še₃",
"id": "P229583.l1681a",
"ref": "P229583.9.1",
"inst": "entukumše[as long as]",
"sig": "@dcclt%sux:en₃-tukum-še₃=entukumše[as long as//as long as]MA'MA$entukumše/en₃-tukum-še₃#~",
"f": {"lang": "sux",
"form": "en₃-tukum-še₃",
"cf": "entukumše",
"gw": "as long as",
"sense": "as long as",
"norm0": "entukumše",
"pos": "MA",
"epos": "MA",
"base": "en₃-tukum-še₃",
"morph": "~"}
}
,
{
"node": "d",
"type": "line-start",
"ref": "P229583.10",
"n": "7",
"label": "r i' 7"}
,
{
"node": "l",
"frag": "⸢a⸣-ah-rum",
"id": "P229583.l1681b",
"ref": "P229583.10.1",
"inst": "X",
"f": {"lang": "sux",
"form": "a-ah-rum",
"pos": "X"}
}
,
{
"node": "d",
"type": "line-start",
"ref": "P229583.11",
"n": "8",
"label": "r i' 8"}
,
{
"node": "l",
"frag": "buru₁₄",
"id": "P229583.l1681c",
"ref": "P229583.11.1",
"inst": "buru[harvest]",
"sig": "@dcclt%sux:buru₁₄=buru[harvest//harvest]N'N$buru/buru₁₄#~",
"f": {"lang": "sux",
"form": "buru₁₄",
"cf": "buru",
"gw": "harvest",
"sense": "harvest",
"norm0": "buru",
"pos": "N",
"epos": "N",
"base": "buru₁₄",
"morph": "~"}
}
,
{
"node": "d",
"type": "line-start",
"ref": "P229583.12",
"n": "9",
"label": "r i' 9"}
,
{
"node": "l",
"frag": "[e₂]-me-⸢eš⸣",
"id": "P229583.l1681d",
"ref": "P229583.12.1",
"inst": "emeš[summer]",
"sig": "@dcclt%sux:e₂-me-eš=emeš[summer//summer]N'N$emeš/e₂-me-eš#~",
"f": {"lang": "sux",
"form": "e₂-me-eš",
"cf": "emeš",
"gw": "summer",
"sense": "summer",
"norm0": "emeš",
"pos": "N",
"epos": "N",
"base": "e₂-me-eš",
"morph": "~"}
}
,
{
"node": "d",
"type": "line-start",
"ref": "P229583.13",
"n": "10",
"label": "r i' 10"}
,
{
"node": "l",
"frag": "⸢en⸣-te-[en]",
"id": "P229583.l1681e",
"ref": "P229583.13.1",
"inst": "enten[winter]",
"sig": "@dcclt%sux:en-te-en=enten[winter//winter]N'N$enten/en-te-en#~",
"f": {"lang": "sux",
"form": "en-te-en",
"cf": "enten",
"gw": "winter",
"sense": "winter",
"norm0": "enten",
"pos": "N",
"epos": "N",
"base": "en-te-en",
"morph": "~"}
}
,
{
"node": "d",
"type": "nonx",
"ref": "P229583.14",
"strict": "1",
"extent": "n",
"scope": "line",
"state": "missing"}
,
{
"node": "d",
"subtype": "column 2r '",
"type": "column",
"ref": "P229583.r.ii_.15",
"n": "2",
"label": "r ii'"}
,
{
"node": "d",
"type": "line-start",
"ref": "P229583.16",
"n": "1",
"label": "r ii' 1"}
,
{
"node": "l",
"frag": "[...]",
"id": "P229583.l1681f",
"ref": "P229583.16.1",
"inst": "%sux:x=",
"f": {"lang": "sux",
"form": "x"}
}
,
{
"node": "l",
"frag": "ŋen",
"id": "P229583.l16820",
"ref": "P229583.16.2",
"inst": "%sux:ŋen=",
"f": {"lang": "sux",
"form": "ŋen"}
}
,
{
"node": "d",
"type": "line-start",
"ref": "P229583.17",
"n": "2",
"label": "r ii' 2"}
,
{
"node": "l",
"frag": "lak",
"id": "P229583.l16821",
"ref": "P229583.17.1",
"inst": "%sux:lak=",
"f": {"lang": "sux",
"form": "lak"}
}
,
{
"node": "d",
"type": "line-start",
"ref": "P229583.18",
"n": "3",
"label": "r ii' 3"}
,
{
"node": "l",
"frag": "tuba₃",
"id": "P229583.l16822",
"ref": "P229583.18.1",
"inst": "tuba[unmng]",
"sig": "@dcclt%sux:tuba₃=tuba[unmng//(unknown meaning)]N'N$tuba/tuba₃#~",
"f": {"lang": "sux",
"form": "tuba₃",
"cf": "tuba",
"gw": "unmng",
"sense": "(unknown meaning)",
"norm0": "tuba",
"pos": "N",
"epos": "N",
"base": "tuba₃",
"morph": "~"}
}
,
{
"node": "d",
"type": "line-start",
"ref": "P229583.19",
"n": "4",
"label": "r ii' 4"}
,
{
"node": "l",
"frag": "zandara",
"id": "P229583.l16823",
"ref": "P229583.19.1",
"inst": "zandara[object]",
"sig": "@dcclt%sux:zandara=zandara[object//a clay object]N'N$zandara/zandara#~",
"f": {"lang": "sux",
"form": "zandara",
"cf": "zandara",
"gw": "object",
"sense": "a clay object",
"norm0": "zandara",
"pos": "N",
"epos": "N",
"base": "zandara",
"morph": "~"}
}
,
{
"node": "d",
"type": "line-start",
"ref": "P229583.20",
"n": "5",
"label": "r ii' 5"}
,
{
"node": "l",
"frag": "zadru",
"id": "P229583.l16824",
"ref": "P229583.20.1",
"inst": "zadru[object]",
"sig": "@dcclt%sux:zadru=zadru[object//an object]N'N$zadru/zadru#~",
"f": {"lang": "sux",
"form": "zadru",
"cf": "zadru",
"gw": "object",
"sense": "an object",
"norm0": "zadru",
"pos": "N",
"epos": "N",
"base": "zadru",
"morph": "~"}
}
,
{
"node": "d",
"type": "line-start",
"ref": "P229583.21",
"n": "6",
"label": "r ii' 6"}
,
{
"node": "l",
"frag": "saŋŋa",
"id": "P229583.l16825",
"ref": "P229583.21.1",
"inst": "saŋŋa[official]",
"sig": "@dcclt%sux:saŋŋa=saŋŋa[official//an official, the chief administrator of a temple household]N'N$saŋŋa/saŋŋa#~",
"f": {"lang": "sux",
"form": "saŋŋa",
"cf": "saŋŋa",
"gw": "official",
"sense": "an official, the chief administrator of a temple household",
"norm0": "saŋŋa",
"pos": "N",
"epos": "N",
"base": "saŋŋa",
"morph": "~"}
}
,
{
"node": "d",
"type": "line-start",
"ref": "P229583.22",
"n": "7",
"label": "r ii' 7"}
,
{
"node": "l",
"frag": "⸢zaŋ₃⸣",
"id": "P229583.l16826",
"ref": "P229583.22.1",
"inst": "saŋ[choose]",
"sig": "@dcclt%sux:zaŋ₃=saŋ[choose//choose]V/t'V/t$saŋ/saŋ₅#~",
"f": {"lang": "sux",
"form": "zaŋ₃",
"cf": "saŋ",
"gw": "choose",
"sense": "choose",
"norm0": "saŋ",
"pos": "V/t",
"epos": "V/t",
"base": "saŋ₅",
"morph": "~"}
}
,
{
"node": "d",
"type": "line-start",
"ref": "P229583.23",
"n": "8",
"label": "r ii' 8"}
,
{
"node": "l",
"frag": "⸢zaŋ₃⸣",
"id": "P229583.l16827",
"ref": "P229583.23.1",
"inst": "saŋ[choose]",
"sig": "@dcclt%sux:zaŋ₃=saŋ[choose//choose]V/t'V/t$saŋ/saŋ₅#~",
"f": {"lang": "sux",
"form": "zaŋ₃",
"cf": "saŋ",
"gw": "choose",
"sense": "choose",
"norm0": "saŋ",
"pos": "V/t",
"epos": "V/t",
"base": "saŋ₅",
"morph": "~"}
}
,
{
"node": "d",
"type": "line-start",
"ref": "P229583.24",
"n": "9",
"label": "r ii' 9"}
,
{
"node": "l",
"frag": "⸢šudum⸣",
"id": "P229583.l16828",
"ref": "P229583.24.1",
"inst": "šudum[reckoning]",
"sig": "@dcclt%sux:šudum=šudum[reckoning//reckoning]N'N$šudum/šudum#~",
"f": {"lang": "sux",
"form": "šudum",
"cf": "šudum",
"gw": "reckoning",
"sense": "reckoning",
"norm0": "šudum",
"pos": "N",
"epos": "N",
"base": "šudum",
"morph": "~"}
}
,
{
"node": "d",
"type": "line-start",
"ref": "P229583.25",
"n": "10",
"label": "r ii' 10"}
,
{
"node": "l",
"frag": "⸢šid⸣",
"id": "P229583.l16829",
"ref": "P229583.25.1",
"inst": "šid[count]",
"sig": "@dcclt%sux:šid=šid[count//count]V/t'V/t$šid/šid#~",
"f": {"lang": "sux",
"form": "šid",
"cf": "šid",
"gw": "count",
"sense": "count",
"norm0": "šid",
"pos": "V/t",
"epos": "V/t",
"base": "šid",
"morph": "~"}
}
]}
]}
]}
,
{
"linkbase": [{
"type": "linkset",
"xlink_title": "en tar[ask//to ask]V/t'V/t",
"id": "P229583.ls00000",
"xlink_type": "extended",
"xlink_role": "psu",
"sig": "{en₃ he₂-tar-re = en[cvne]N tar[cut]V/t += en tar[ask//to ask]V/t'V/t}::@dcclt%sux:en₃=en[cvne//(compound verb nominal element)]N'N$en/en₃#~++@dcclt%sux:he₂-tar-re=tar[cut//to cut]V/t'V/t$ha:tar;e/tar+-re=r.e#ha:~;e",
"links": [
{
"type": "link",
"xlink_title": "en",
"xlink_type": "locator",
"xlink_href": "#P229583.l16816",
"xlink_role": "elt"}
,
{
"type": "link",
"xlink_title": "tar",
"xlink_type": "locator",
"xlink_href": "#P229583.l16817",
"xlink_role": "elt"}
]}
]}
]}
