{
"type": "cdl",
  "source": "http://oracc.org/dcclt",
  "license": "This data is released under the CC0 license",
  "license-url": "https://creativecommons.org/publicdomain/zero/1.0/",
  "more-info": "http://oracc.org/doc/opendata/",
  "UTC-timestamp": "2017-05-19T18:24:37",
"project": "dcclt",
"textid": "P229362",
"cdl": [
{
"node": "c",
"type": "text",
"id": "P229362.U0",
"cdl": [
{
"node": "d",
"subtype": "tablet",
"type": "object",
"ref": "P229362.x1144.1",
"type": "tablet",
"label": "x1144"}
,
{
"node": "d",
"subtype": "obverse",
"type": "surface",
"ref": "P229362.o.2",
"type": "obverse",
"label": "o"}
,
{
"node": "d",
"subtype": "column 1o",
"type": "column",
"ref": "P229362.o.i.3",
"n": "1",
"label": "o i"}
,
{
"node": "d",
"type": "nonx",
"ref": "P229362.4",
"strict": "1",
"extent": "1",
"scope": "line",
"state": "traces"}
,
{
"node": "c",
"type": "discourse",
"subtype": "body",
"id": "P229362.U1",
"cdl": [
{
"node": "c",
"type": "sentence",
"id": "P229362.U2",
"label": "o i 2' - r ii 4",
"cdl": [
{
"node": "d",
"type": "line-start",
"ref": "P229362.5",
"n": "2'",
"label": "o i 2'"}
,
{
"node": "l",
"frag": "[...]",
"id": "P229362.l270b9",
"ref": "P229362.5.1",
"inst": "u",
"f": {"lang": "sux",
"form": "x",
"pos": "u"}
}
,
{
"node": "l",
"frag": "lal₃",
"id": "P229362.l270ba",
"ref": "P229362.5.2",
"inst": "lal[syrup]",
"sig": "@dcclt%sux:lal₃=lal[syrup//syrup]N'N$lal/lal₃#~",
"f": {"lang": "sux",
"form": "lal₃",
"cf": "lal",
"gw": "syrup",
"sense": "syrup",
"norm0": "lal",
"pos": "N",
"epos": "N",
"base": "lal₃",
"morph": "~"}
}
,
{
"node": "d",
"type": "line-start",
"ref": "P229362.6",
"n": "3'",
"label": "o i 3'"}
,
{
"node": "l",
"frag": "[...]",
"id": "P229362.l270bb",
"ref": "P229362.6.1",
"inst": "u",
"f": {"lang": "sux",
"form": "x",
"pos": "u"}
}
,
{
"node": "l",
"frag": "i₃",
"id": "P229362.l270bc",
"ref": "P229362.6.2",
"inst": "i[oil]",
"sig": "@dcclt%sux:i₃=i[oil//oil]N'N$i/i₃#~",
"f": {"lang": "sux",
"form": "i₃",
"cf": "i",
"gw": "oil",
"sense": "oil",
"norm0": "i",
"pos": "N",
"epos": "N",
"base": "i₃",
"morph": "~"}
}
,
{
"node": "d",
"type": "line-start",
"ref": "P229362.7",
"n": "4'",
"label": "o i 4'"}
,
{
"node": "l",
"frag": "[...]",
"id": "P229362.l270bd",
"ref": "P229362.7.1",
"inst": "u",
"f": {"lang": "sux",
"form": "x",
"pos": "u"}
}
,
{
"node": "l",
"frag": "x-hu",
"id": "P229362.l270be",
"ref": "P229362.7.2",
"inst": "u",
"f": {"lang": "sux",
"form": "x-hu",
"pos": "u"}
}
,
{
"node": "d",
"type": "line-start",
"ref": "P229362.8",
"n": "5'",
"label": "o i 5'"}
,
{
"node": "l",
"frag": "[...]",
"id": "P229362.l270bf",
"ref": "P229362.8.1",
"inst": "u",
"f": {"lang": "sux",
"form": "x",
"pos": "u"}
}
,
{
"node": "l",
"frag": "x",
"id": "P229362.l270c0",
"ref": "P229362.8.2",
"inst": "u",
"f": {"lang": "sux",
"form": "x",
"pos": "u"}
}
,
{
"node": "l",
"frag": "TUR",
"id": "P229362.l270c1",
"ref": "P229362.8.3",
"inst": "u",
"f": {"lang": "sux",
"form": "TUR",
"pos": "u"}
}
,
{
"node": "l",
"frag": "HU",
"id": "P229362.l270c2",
"ref": "P229362.8.4",
"inst": "u",
"f": {"lang": "sux",
"form": "HU",
"pos": "u"}
}
,
{
"node": "d",
"subtype": "column 2o",
"type": "column",
"ref": "P229362.o.ii.9",
"n": "2",
"label": "o ii"}
,
{
"node": "d",
"type": "line-start",
"ref": "P229362.10",
"n": "1'",
"label": "o ii 1'"}
,
{
"node": "l",
"frag": "ga",
"id": "P229362.l270c3",
"ref": "P229362.10.1",
"inst": "ga[milk]",
"sig": "@dcclt%sux:ga=ga[milk//milk]N'N$ga/ga#~",
"f": {"lang": "sux",
"form": "ga",
"cf": "ga",
"gw": "milk",
"sense": "milk",
"norm0": "ga",
"pos": "N",
"epos": "N",
"base": "ga",
"morph": "~"}
}
,
{
"node": "l",
"frag": "⸢x⸣",
"id": "P229362.l270c4",
"ref": "P229362.10.2",
"inst": "u",
"f": {"lang": "sux",
"form": "x",
"pos": "u"}
}
,
{
"node": "d",
"type": "line-start",
"ref": "P229362.11",
"n": "2'",
"label": "o ii 2'"}
,
{
"node": "l",
"frag": "ga",
"id": "P229362.l270c5",
"ref": "P229362.11.1",
"inst": "ga[milk]",
"sig": "@dcclt%sux:ga=ga[milk//milk]N'N$ga/ga#~",
"f": {"lang": "sux",
"form": "ga",
"cf": "ga",
"gw": "milk",
"sense": "milk",
"norm0": "ga",
"pos": "N",
"epos": "N",
"base": "ga",
"morph": "~"}
}
,
{
"node": "l",
"frag": "uzud-⸢da⸣",
"id": "P229362.l270c6",
"ref": "P229362.11.2",
"inst": "uzud[goat]",
"sig": "@dcclt%sux:uzud-da=uzud[goat//(female) goat]N'N$uzud,ak/uzud+-da=d.a#~,ak",
"f": {"lang": "sux",
"form": "uzud-da",
"cf": "uzud",
"gw": "goat",
"sense": "(female) goat",
"norm0": "uzud,ak",
"pos": "N",
"epos": "N",
"base": "uzud",
"cont": "-da=d.a",
"morph": "~,ak"}
}
,
{
"node": "d",
"type": "line-start",
"ref": "P229362.12",
"n": "3'",
"label": "o ii 3'"}
,
{
"node": "l",
"frag": "ga",
"id": "P229362.l270c7",
"ref": "P229362.12.1",
"inst": "ga[milk]",
"sig": "@dcclt%sux:ga=ga[milk//milk]N'N$ga/ga#~",
"f": {"lang": "sux",
"form": "ga",
"cf": "ga",
"gw": "milk",
"sense": "milk",
"norm0": "ga",
"pos": "N",
"epos": "N",
"base": "ga",
"morph": "~"}
}
,
{
"node": "l",
"frag": "⸢u₈⸣",
"id": "P229362.l270c8",
"ref": "P229362.12.2",
"inst": "u[ewe]",
"sig": "@dcclt%sux:u₈=u[ewe//sheep, ewe]N'N$u/u₈#~",
"f": {"lang": "sux",
"form": "u₈",
"cf": "u",
"gw": "ewe",
"sense": "sheep, ewe",
"norm0": "u",
"pos": "N",
"epos": "N",
"base": "u₈",
"morph": "~"}
}
,
{
"node": "d",
"type": "line-start",
"ref": "P229362.13",
"n": "4'",
"label": "o ii 4'"}
,
{
"node": "l",
"frag": "ga",
"id": "P229362.l270c9",
"ref": "P229362.13.1",
"inst": "ga[milk]",
"sig": "@dcclt%sux:ga=ga[milk//milk]N'N$ga/ga#~",
"f": {"lang": "sux",
"form": "ga",
"cf": "ga",
"gw": "milk",
"sense": "milk",
"norm0": "ga",
"pos": "N",
"epos": "N",
"base": "ga",
"morph": "~"}
}
,
{
"node": "l",
"frag": "ab₂",
"id": "P229362.l270ca",
"ref": "P229362.13.2",
"inst": "ab[cow]",
"sig": "@dcclt%sux:ab₂=ab[cow//cow]N'N$ab/ab₂#~",
"f": {"lang": "sux",
"form": "ab₂",
"cf": "ab",
"gw": "cow",
"sense": "cow",
"norm0": "ab",
"pos": "N",
"epos": "N",
"base": "ab₂",
"morph": "~"}
}
,
{
"node": "d",
"type": "line-start",
"ref": "P229362.14",
"n": "5'",
"label": "o ii 5'"}
,
{
"node": "l",
"frag": "ga-šeₓ(IGI@g)a",
"id": "P229362.l270cb",
"ref": "P229362.14.1",
"inst": "gašea[~dairy]",
"sig": "@dcclt%sux:ga-šeₓ(IGI@g)-a=gašea[~dairy//a dairy product]N'N$gašea/ga-šeₓ(IGI@g)-a#~",
"f": {"lang": "sux",
"form": "ga-šeₓ(IGI@g)-a",
"cf": "gašea",
"gw": "~dairy",
"sense": "a dairy product",
"norm0": "gašea",
"pos": "N",
"epos": "N",
"base": "ga-šeₓ(IGI@g)-a",
"morph": "~"}
}
,
{
"node": "d",
"type": "nonw",
"ref": ""}
,
{
"node": "d",
"type": "line-start",
"ref": "P229362.15",
"n": "6'",
"label": "o ii 6'"}
,
{
"node": "l",
"frag": "ga",
"id": "P229362.l270cc",
"ref": "P229362.15.1",
"inst": "ga[milk]",
"sig": "@dcclt%sux:ga=ga[milk//milk]N'N$ga/ga#~",
"f": {"lang": "sux",
"form": "ga",
"cf": "ga",
"gw": "milk",
"sense": "milk",
"norm0": "ga",
"pos": "N",
"epos": "N",
"base": "ga",
"morph": "~"}
}
,
{
"node": "l",
"frag": "gur₃-⸢ru⸣",
"id": "P229362.l270cd",
"ref": "P229362.15.2",
"inst": "gur[lift]",
"sig": "@dcclt%sux:gur₃-ru=gur[lift//lift]V/t'V/t$gur/gur₃-ru#~",
"f": {"lang": "sux",
"form": "gur₃-ru",
"cf": "gur",
"gw": "lift",
"sense": "lift",
"norm0": "gur",
"pos": "V/t",
"epos": "V/t",
"base": "gur₃-ru",
"morph": "~"}
}
,
{
"node": "d",
"type": "nonw",
"ref": ""}
,
{
"node": "d",
"subtype": "reverse",
"type": "surface",
"ref": "P229362.r.16",
"type": "reverse",
"label": "r"}
,
{
"node": "d",
"subtype": "column 1r",
"type": "column",
"ref": "P229362.r.i.17",
"n": "1",
"label": "r i"}
,
{
"node": "d",
"type": "line-start",
"ref": "P229362.18",
"n": "1",
"label": "r i 1"}
,
{
"node": "l",
"frag": "ga",
"id": "P229362.l270ce",
"ref": "P229362.18.1",
"inst": "ga[milk]",
"sig": "@dcclt%sux:ga=ga[milk//milk]N'N$ga/ga#~",
"f": {"lang": "sux",
"form": "ga",
"cf": "ga",
"gw": "milk",
"sense": "milk",
"norm0": "ga",
"pos": "N",
"epos": "N",
"base": "ga",
"morph": "~"}
}
,
{
"node": "l",
"frag": "⸢nunuz⸣-[TE",
"id": "P229362.l270cf",
"ref": "P229362.18.2",
"inst": "nunuzte[~dairy]",
"sig": "@dcclt%sux:nunuz-TE=nunuzte[~dairy//dairy designation]N'N$nunuzte/nunuz-te#~",
"f": {"lang": "sux",
"form": "nunuz-TE",
"cf": "nunuzte",
"gw": "~dairy",
"sense": "dairy designation",
"norm0": "nunuzte",
"pos": "N",
"epos": "N",
"base": "nunuz-te",
"morph": "~"}
}
,
{
"node": "l",
"frag": "...]",
"id": "P229362.l270d0",
"ref": "P229362.18.3",
"inst": "u",
"f": {"lang": "sux",
"form": "x",
"pos": "u"}
}
,
{
"node": "d",
"type": "nonw",
"ref": ""}
,
{
"node": "d",
"type": "line-start",
"ref": "P229362.19",
"n": "2",
"label": "r i 2"}
,
{
"node": "l",
"frag": "ga",
"id": "P229362.l270d1",
"ref": "P229362.19.1",
"inst": "ga[milk]",
"sig": "@dcclt%sux:ga=ga[milk//milk]N'N$ga/ga#~",
"f": {"lang": "sux",
"form": "ga",
"cf": "ga",
"gw": "milk",
"sense": "milk",
"norm0": "ga",
"pos": "N",
"epos": "N",
"base": "ga",
"morph": "~"}
}
,
{
"node": "l",
"frag": "i-⸢te⸣-[er-da]",
"id": "P229362.l270d2",
"ref": "P229362.19.2",
"inst": "itirda[~dairy]",
"sig": "@dcclt%sux:i-te-er-da=itirda[~dairy//a dairy product]N'N$itirda/i-te-er-da#~",
"f": {"lang": "sux",
"form": "i-te-er-da",
"cf": "itirda",
"gw": "~dairy",
"sense": "a dairy product",
"norm0": "itirda",
"pos": "N",
"epos": "N",
"base": "i-te-er-da",
"morph": "~"}
}
,
{
"node": "d",
"type": "nonw",
"ref": ""}
,
{
"node": "d",
"type": "line-start",
"ref": "P229362.20",
"n": "3",
"label": "r i 3"}
,
{
"node": "l",
"frag": "ga",
"id": "P229362.l270d3",
"ref": "P229362.20.1",
"inst": "ga[milk]",
"sig": "@dcclt%sux:ga=ga[milk//milk]N'N$ga/ga#~",
"f": {"lang": "sux",
"form": "ga",
"cf": "ga",
"gw": "milk",
"sense": "milk",
"norm0": "ga",
"pos": "N",
"epos": "N",
"base": "ga",
"morph": "~"}
}
,
{
"node": "l",
"frag": "⸢lugal⸣",
"id": "P229362.l270d4",
"ref": "P229362.20.2",
"inst": "lugal[king]",
"sig": "@dcclt%sux:lugal=lugal[king//king]N'N$lugal/lugal#~",
"f": {"lang": "sux",
"form": "lugal",
"cf": "lugal",
"gw": "king",
"sense": "king",
"norm0": "lugal",
"pos": "N",
"epos": "N",
"base": "lugal",
"morph": "~"}
}
,
{
"node": "l",
"frag": "[...]",
"id": "P229362.l270d5",
"ref": "P229362.20.3",
"inst": "u",
"f": {"lang": "sux",
"form": "x",
"pos": "u"}
}
,
{
"node": "d",
"type": "line-start",
"ref": "P229362.21",
"n": "4",
"label": "r i 4"}
,
{
"node": "l",
"frag": "ga",
"id": "P229362.l270d6",
"ref": "P229362.21.1",
"inst": "ga[milk]",
"sig": "@dcclt%sux:ga=ga[milk//milk]N'N$ga/ga#~",
"f": {"lang": "sux",
"form": "ga",
"cf": "ga",
"gw": "milk",
"sense": "milk",
"norm0": "ga",
"pos": "N",
"epos": "N",
"base": "ga",
"morph": "~"}
}
,
{
"node": "l",
"frag": "[...]",
"id": "P229362.l270d7",
"ref": "P229362.21.2",
"inst": "u",
"f": {"lang": "sux",
"form": "x",
"pos": "u"}
}
,
{
"node": "d",
"type": "line-start",
"ref": "P229362.22",
"n": "5",
"label": "r i 5"}
,
{
"node": "l",
"frag": "⸢ga⸣",
"id": "P229362.l270d8",
"ref": "P229362.22.1",
"inst": "ga[milk]",
"sig": "@dcclt%sux:ga=ga[milk//milk]N'N$ga/ga#~",
"f": {"lang": "sux",
"form": "ga",
"cf": "ga",
"gw": "milk",
"sense": "milk",
"norm0": "ga",
"pos": "N",
"epos": "N",
"base": "ga",
"morph": "~"}
}
,
{
"node": "l",
"frag": "[...]",
"id": "P229362.l270d9",
"ref": "P229362.22.2",
"inst": "u",
"f": {"lang": "sux",
"form": "x",
"pos": "u"}
}
,
{
"node": "d",
"subtype": "column 2r",
"type": "column",
"ref": "P229362.r.ii.23",
"n": "2",
"label": "r ii"}
,
{
"node": "d",
"type": "line-start",
"ref": "P229362.24",
"n": "1",
"label": "r ii 1"}
,
{
"node": "l",
"frag": "⸢še⸣",
"id": "P229362.l270da",
"ref": "P229362.24.1",
"inst": "še[barley]",
"sig": "@dcclt%sux:še=še[barley//barley]N'N$še/še#~",
"f": {"lang": "sux",
"form": "še",
"cf": "še",
"gw": "barley",
"sense": "barley",
"norm0": "še",
"pos": "N",
"epos": "N",
"base": "še",
"morph": "~"}
}
,
{
"node": "c",
"type": "phrase",
"tag": "phr",
"id": "P229362.U4",
"ref": "P229362.ls00000",
"cdl": [
{
"node": "l",
"frag": "ŋeš",
"id": "P229362.l270db",
"ref": "P229362.24.2",
"inst": "ŋeš[tree]",
"sig": "@dcclt%sux:ŋeš=ŋeš[tree//tree]N'N$ŋeš/ŋeš#~",
"f": {"lang": "sux",
"form": "ŋeš",
"cf": "ŋeš",
"gw": "tree",
"sense": "tree",
"norm0": "ŋeš",
"pos": "N",
"epos": "N",
"base": "ŋeš",
"morph": "~"}
}
,
{
"node": "l",
"frag": "ra-ah",
"id": "P229362.l270dc",
"ref": "P229362.24.3",
"inst": "rah[beat]",
"sig": "@dcclt%sux:ra-ah=rah[beat//to beat, kill]V/t'V/t$rah/ra-ah#~",
"f": {"lang": "sux",
"form": "ra-ah",
"cf": "rah",
"gw": "beat",
"sense": "to beat, kill",
"norm0": "rah",
"pos": "V/t",
"epos": "V/t",
"base": "ra-ah",
"morph": "~"}
}
]}
,
{
"node": "d",
"type": "nonw",
"ref": ""}
,
{
"node": "d",
"type": "line-start",
"ref": "P229362.25",
"n": "2",
"label": "r ii 2"}
,
{
"node": "l",
"frag": "[še]",
"id": "P229362.l270dd",
"ref": "P229362.25.1",
"inst": "še[barley]",
"sig": "@dcclt%sux:še=še[barley//barley]N'N$še/še#~",
"f": {"lang": "sux",
"form": "še",
"cf": "še",
"gw": "barley",
"sense": "barley",
"norm0": "še",
"pos": "N",
"epos": "N",
"base": "še",
"morph": "~"}
}
,
{
"node": "l",
"frag": "izi",
"id": "P229362.l270de",
"ref": "P229362.25.2",
"inst": "izi[fire]",
"sig": "@dcclt%sux:izi=izi[fire//fire]N'N$izi/izi#~",
"f": {"lang": "sux",
"form": "izi",
"cf": "izi",
"gw": "fire",
"sense": "fire",
"norm0": "izi",
"pos": "N",
"epos": "N",
"base": "izi",
"morph": "~"}
}
,
{
"node": "l",
"frag": "tag-ga",
"id": "P229362.l270df",
"ref": "P229362.25.3",
"inst": "tag[touch]",
"sig": "@dcclt%sux:tag-ga=tag[touch//touch]V/t'V/t$tag/tag-ga#~",
"f": {"lang": "sux",
"form": "tag-ga",
"cf": "tag",
"gw": "touch",
"sense": "touch",
"norm0": "tag",
"pos": "V/t",
"epos": "V/t",
"base": "tag-ga",
"morph": "~"}
}
,
{
"node": "d",
"type": "line-start",
"ref": "P229362.26",
"n": "3",
"label": "r ii 3"}
,
{
"node": "l",
"frag": "[še",
"id": "P229362.l270e0",
"ref": "P229362.26.1",
"inst": "še[barley]",
"sig": "@dcclt%sux:še=še[barley//barley]N'N$še/še#~",
"f": {"lang": "sux",
"form": "še",
"cf": "še",
"gw": "barley",
"sense": "barley",
"norm0": "še",
"pos": "N",
"epos": "N",
"base": "še",
"morph": "~"}
}
,
{
"node": "l",
"frag": "in]-nu-ha",
"id": "P229362.l270e1",
"ref": "P229362.26.2",
"inst": "in.nu.HA[barley]",
"sig": "@dcclt%sux:in-nu-ha=in.nu.HA[barley//a type of barley]N'N$in.nu.HA/in-nu-HA#~",
"f": {"lang": "sux",
"form": "in-nu-ha",
"cf": "in.nu.HA",
"gw": "barley",
"sense": "a type of barley",
"norm0": "in.nu.HA",
"pos": "N",
"epos": "N",
"base": "in-nu-HA",
"morph": "~"}
}
,
{
"node": "d",
"type": "line-start",
"ref": "P229362.27",
"n": "4",
"label": "r ii 4"}
,
{
"node": "l",
"frag": "[...]-a",
"id": "P229362.l270e2",
"ref": "P229362.27.1",
"inst": "u",
"f": {"lang": "sux",
"form": "x-a",
"pos": "u"}
}
]}
]}
]}
,
{
"linkbase": [{
"type": "linkset",
"xlink_title": "ŋeš rah[beat//to beat]V/t'V/t",
"id": "P229362.ls00000",
"xlink_type": "extended",
"xlink_role": "psu",
"sig": "{ŋeš ra-ah = ŋeš[tree]N rah[beat]V/t += ŋeš rah[beat//to beat]V/t'V/t}::@dcclt%sux:ŋeš=ŋeš[tree//tree]N'N$ŋeš/ŋeš#~++@dcclt%sux:ra-ah=rah[beat//to beat, kill]V/t'V/t$rah/ra-ah#~",
"links": [
{
"type": "link",
"xlink_title": "ŋeš",
"xlink_type": "locator",
"xlink_href": "#P229362.l270db",
"xlink_role": "elt"}
,
{
"type": "link",
"xlink_title": "rah",
"xlink_type": "locator",
"xlink_href": "#P229362.l270dc",
"xlink_role": "elt"}
]}
]}
]}
