{
"type": "cdl",
  "source": "http://oracc.org/dcclt",
  "license": "This data is released under the CC0 license",
  "license-url": "https://creativecommons.org/publicdomain/zero/1.0/",
  "more-info": "http://oracc.org/doc/opendata/",
  "UTC-timestamp": "2017-05-19T18:24:37",
"project": "dcclt",
"textid": "P229357",
"cdl": [
{
"node": "c",
"type": "text",
"id": "P229357.U0",
"cdl": [
{
"node": "d",
"subtype": "tablet",
"type": "object",
"ref": "P229357.x1138.1",
"type": "tablet",
"label": "x1138"}
,
{
"node": "d",
"subtype": "obverse",
"type": "surface",
"ref": "P229357.o.2",
"type": "obverse",
"label": "o"}
,
{
"node": "d",
"subtype": "reverse",
"type": "surface",
"ref": "P229357.r.3",
"type": "reverse",
"label": "r"}
,
{
"node": "d",
"subtype": "column 1r",
"type": "column",
"ref": "P229357.r.i.4",
"n": "1",
"label": "r i"}
,
{
"node": "c",
"type": "discourse",
"subtype": "body",
"id": "P229357.U1",
"cdl": [
{
"node": "c",
"type": "sentence",
"id": "P229357.U2",
"label": "r i 1' - r ii 13'",
"cdl": [
{
"node": "d",
"type": "line-start",
"ref": "P229357.5",
"n": "1'",
"label": "r i 1'"}
,
{
"node": "l",
"frag": "i₃",
"id": "P229357.l27026",
"ref": "P229357.5.1",
"inst": "i[oil]",
"sig": "@dcclt%sux:i₃=i[oil//oil]N'N$i/i₃#~",
"f": {"lang": "sux",
"form": "i₃",
"cf": "i",
"gw": "oil",
"sense": "oil",
"norm0": "i",
"pos": "N",
"epos": "N",
"base": "i₃",
"morph": "~"}
}
,
{
"node": "l",
"frag": "⸢x⸣",
"id": "P229357.l27027",
"ref": "P229357.5.2",
"inst": "u",
"f": {"lang": "sux",
"form": "x",
"pos": "u"}
}
,
{
"node": "l",
"frag": "[...]",
"id": "P229357.l27028",
"ref": "P229357.5.3",
"inst": "u",
"f": {"lang": "sux",
"form": "x",
"pos": "u"}
}
,
{
"node": "d",
"type": "line-start",
"ref": "P229357.6",
"n": "2'",
"label": "r i 2'"}
,
{
"node": "l",
"frag": "i₃",
"id": "P229357.l27029",
"ref": "P229357.6.1",
"inst": "i[oil]",
"sig": "@dcclt%sux:i₃=i[oil//oil]N'N$i/i₃#~",
"f": {"lang": "sux",
"form": "i₃",
"cf": "i",
"gw": "oil",
"sense": "oil",
"norm0": "i",
"pos": "N",
"epos": "N",
"base": "i₃",
"morph": "~"}
}
,
{
"node": "l",
"frag": "⸢dub₂",
"id": "P229357.l2702a",
"ref": "P229357.6.2",
"inst": "dub[tremble]",
"sig": "@dcclt%sux:dub₂=dub[tremble//to tremble, make tremble]V/t'V/t$dub/dub₂#~",
"f": {"lang": "sux",
"form": "dub₂",
"cf": "dub",
"gw": "tremble",
"sense": "to tremble, make tremble",
"norm0": "dub",
"pos": "V/t",
"epos": "V/t",
"base": "dub₂",
"morph": "~"}
}
,
{
"node": "l",
"frag": "x⸣",
"id": "P229357.l2702b",
"ref": "P229357.6.3",
"inst": "u",
"f": {"lang": "sux",
"form": "x",
"pos": "u"}
}
,
{
"node": "d",
"type": "line-start",
"ref": "P229357.7",
"n": "3'",
"label": "r i 3'"}
,
{
"node": "l",
"frag": "i₃",
"id": "P229357.l2702c",
"ref": "P229357.7.1",
"inst": "i[oil]",
"sig": "@dcclt%sux:i₃=i[oil//oil]N'N$i/i₃#~",
"f": {"lang": "sux",
"form": "i₃",
"cf": "i",
"gw": "oil",
"sense": "oil",
"norm0": "i",
"pos": "N",
"epos": "N",
"base": "i₃",
"morph": "~"}
}
,
{
"node": "l",
"frag": "tab",
"id": "P229357.l2702d",
"ref": "P229357.7.2",
"inst": "tab[double]",
"sig": "@dcclt%sux:tab=tab[double//double]V/t'V/t$tab/tab#~",
"f": {"lang": "sux",
"form": "tab",
"cf": "tab",
"gw": "double",
"sense": "double",
"norm0": "tab",
"pos": "V/t",
"epos": "V/t",
"base": "tab",
"morph": "~"}
}
,
{
"node": "l",
"frag": "ze₂-er",
"id": "P229357.l2702e",
"ref": "P229357.7.3",
"inst": "zir[break]",
"sig": "@dcclt%sux:ze₂-er=zir[break//break]V/t'V/t$zir/ze₂-er#~",
"f": {"lang": "sux",
"form": "ze₂-er",
"cf": "zir",
"gw": "break",
"sense": "break",
"norm0": "zir",
"pos": "V/t",
"epos": "V/t",
"base": "ze₂-er",
"morph": "~"}
}
,
{
"node": "d",
"type": "line-start",
"ref": "P229357.8",
"n": "4'",
"label": "r i 4'"}
,
{
"node": "l",
"frag": "i₃",
"id": "P229357.l2702f",
"ref": "P229357.8.1",
"inst": "i[oil]",
"sig": "@dcclt%sux:i₃=i[oil//oil]N'N$i/i₃#~",
"f": {"lang": "sux",
"form": "i₃",
"cf": "i",
"gw": "oil",
"sense": "oil",
"norm0": "i",
"pos": "N",
"epos": "N",
"base": "i₃",
"morph": "~"}
}
,
{
"node": "l",
"frag": "ši-ig-du-um",
"id": "P229357.l27030",
"ref": "P229357.8.2",
"inst": "šiqdum[almond]",
"sig": "@dcclt%sux:ši-ig-du-um=šiqdum[almond//almond]N'N$šiqdum/ši-ig-du-um#~",
"f": {"lang": "sux",
"form": "ši-ig-du-um",
"cf": "šiqdum",
"gw": "almond",
"sense": "almond",
"norm0": "šiqdum",
"pos": "N",
"epos": "N",
"base": "ši-ig-du-um",
"morph": "~"}
}
,
{
"node": "d",
"type": "line-start",
"ref": "P229357.9",
"n": "5'",
"label": "r i 5'"}
,
{
"node": "l",
"frag": "i₃",
"id": "P229357.l27031",
"ref": "P229357.9.1",
"inst": "i[oil]",
"sig": "@dcclt%sux:i₃=i[oil//oil]N'N$i/i₃#~",
"f": {"lang": "sux",
"form": "i₃",
"cf": "i",
"gw": "oil",
"sense": "oil",
"norm0": "i",
"pos": "N",
"epos": "N",
"base": "i₃",
"morph": "~"}
}
,
{
"node": "l",
"frag": "{ŋeš}⸢erin⸣",
"id": "P229357.l27032",
"ref": "P229357.9.2",
"inst": "eren[cedar]",
"sig": "@dcclt%sux:{ŋeš}erin=eren[cedar//cedar]N'N$eren/{ŋeš}eren#~",
"f": {"lang": "sux",
"form": "{ŋeš}erin",
"cf": "eren",
"gw": "cedar",
"sense": "cedar",
"norm0": "eren",
"pos": "N",
"epos": "N",
"base": "{ŋeš}eren",
"morph": "~"}
}
,
{
"node": "d",
"type": "line-start",
"ref": "P229357.10",
"n": "6'",
"label": "r i 6'"}
,
{
"node": "l",
"frag": "i₃",
"id": "P229357.l27033",
"ref": "P229357.10.1",
"inst": "i[oil]",
"sig": "@dcclt%sux:i₃=i[oil//oil]N'N$i/i₃#~",
"f": {"lang": "sux",
"form": "i₃",
"cf": "i",
"gw": "oil",
"sense": "oil",
"norm0": "i",
"pos": "N",
"epos": "N",
"base": "i₃",
"morph": "~"}
}
,
{
"node": "l",
"frag": "ligidba(|ŠIM.AN.SAL.TUG₂.IB|)",
"id": "P229357.l27034",
"ref": "P229357.10.2",
"inst": "ligidba[plant]",
"sig": "@dcclt%sux:ligidba(|ŠIM.AN.SAL.TUG₂.IB|)=ligidba[plant//a medicinal plant]N'N$ligidba/ligidba(|ŠIM.AN.SAL.TUG₂.IB|)#~",
"f": {"lang": "sux",
"form": "ligidba(|ŠIM.AN.SAL.TUG₂.IB|)",
"cf": "ligidba",
"gw": "plant",
"sense": "a medicinal plant",
"norm0": "ligidba",
"pos": "N",
"epos": "N",
"base": "ligidba(|ŠIM.AN.SAL.TUG₂.IB|)",
"morph": "~"}
}
,
{
"node": "d",
"type": "line-start",
"ref": "P229357.11",
"n": "7'",
"label": "r i 7'"}
,
{
"node": "l",
"frag": "ligidba(|ŠIM.AN.SAL.TUG₂.IB|)",
"id": "P229357.l27035",
"ref": "P229357.11.1",
"inst": "ligidba[plant]",
"sig": "@dcclt%sux:ligidba(|ŠIM.AN.SAL.TUG₂.IB|)=ligidba[plant//a medicinal plant]N'N$ligidba/ligidba(|ŠIM.AN.SAL.TUG₂.IB|)#~",
"f": {"lang": "sux",
"form": "ligidba(|ŠIM.AN.SAL.TUG₂.IB|)",
"cf": "ligidba",
"gw": "plant",
"sense": "a medicinal plant",
"norm0": "ligidba",
"pos": "N",
"epos": "N",
"base": "ligidba(|ŠIM.AN.SAL.TUG₂.IB|)",
"morph": "~"}
}
,
{
"node": "d",
"type": "nonx",
"ref": "P229357.12",
"strict": "1",
"extent": "1",
"scope": "line",
"state": "traces"}
,
{
"node": "d",
"subtype": "column 2r",
"type": "column",
"ref": "P229357.r.ii.13",
"n": "2",
"label": "r ii"}
,
{
"node": "d",
"type": "line-start",
"ref": "P229357.14",
"n": "1'",
"label": "r ii 1'"}
,
{
"node": "l",
"frag": "ga",
"id": "P229357.l27036",
"ref": "P229357.14.1",
"inst": "ga[milk]",
"sig": "@dcclt%sux:ga=ga[milk//milk]N'N$ga/ga#~",
"f": {"lang": "sux",
"form": "ga",
"cf": "ga",
"gw": "milk",
"sense": "milk",
"norm0": "ga",
"pos": "N",
"epos": "N",
"base": "ga",
"morph": "~"}
}
,
{
"node": "l",
"frag": "[...]",
"id": "P229357.l27037",
"ref": "P229357.14.2",
"inst": "u",
"f": {"lang": "sux",
"form": "x",
"pos": "u"}
}
,
{
"node": "d",
"type": "line-start",
"ref": "P229357.15",
"n": "2'",
"label": "r ii 2'"}
,
{
"node": "l",
"frag": "ga",
"id": "P229357.l27038",
"ref": "P229357.15.1",
"inst": "ga[milk]",
"sig": "@dcclt%sux:ga=ga[milk//milk]N'N$ga/ga#~",
"f": {"lang": "sux",
"form": "ga",
"cf": "ga",
"gw": "milk",
"sense": "milk",
"norm0": "ga",
"pos": "N",
"epos": "N",
"base": "ga",
"morph": "~"}
}
,
{
"node": "l",
"frag": "[...]",
"id": "P229357.l27039",
"ref": "P229357.15.2",
"inst": "u",
"f": {"lang": "sux",
"form": "x",
"pos": "u"}
}
,
{
"node": "d",
"type": "line-start",
"ref": "P229357.16",
"n": "3'",
"label": "r ii 3'"}
,
{
"node": "l",
"frag": "gu₂",
"id": "P229357.l2703a",
"ref": "P229357.16.1",
"inst": "gu[pulse]",
"sig": "@dcclt%sux:gu₂=gu[pulse//pulse, bean]N'N$gu/gu₂#~",
"f": {"lang": "sux",
"form": "gu₂",
"cf": "gu",
"gw": "pulse",
"sense": "pulse, bean",
"norm0": "gu",
"pos": "N",
"epos": "N",
"base": "gu₂",
"morph": "~"}
}
,
{
"node": "l",
"frag": "[...]",
"id": "P229357.l2703b",
"ref": "P229357.16.2",
"inst": "u",
"f": {"lang": "sux",
"form": "x",
"pos": "u"}
}
,
{
"node": "d",
"type": "line-start",
"ref": "P229357.17",
"n": "4'",
"label": "r ii 4'"}
,
{
"node": "l",
"frag": "gu₂-[gal]",
"id": "P229357.l2703c",
"ref": "P229357.17.1",
"inst": "gugala[chickpea?]",
"sig": "@dcclt%sux:gu₂-gal=gugala[chickpea?//chickpea?]N'N$gugala/gu₂-gal#~",
"f": {"lang": "sux",
"form": "gu₂-gal",
"cf": "gugala",
"gw": "chickpea?",
"sense": "chickpea?",
"norm0": "gugala",
"pos": "N",
"epos": "N",
"base": "gu₂-gal",
"morph": "~"}
}
,
{
"node": "d",
"type": "line-start",
"ref": "P229357.18",
"n": "5'",
"label": "r ii 5'"}
,
{
"node": "l",
"frag": "gu₂-⸢tur⸣",
"id": "P229357.l2703d",
"ref": "P229357.18.1",
"inst": "gutur[lentil?]",
"sig": "@dcclt%sux:gu₂-tur=gutur[lentil?//lentil?]N'N$gutur/gu₂-tur#~",
"f": {"lang": "sux",
"form": "gu₂-tur",
"cf": "gutur",
"gw": "lentil?",
"sense": "lentil?",
"norm0": "gutur",
"pos": "N",
"epos": "N",
"base": "gu₂-tur",
"morph": "~"}
}
,
{
"node": "d",
"type": "line-start",
"ref": "P229357.19",
"n": "6'",
"label": "r ii 6'"}
,
{
"node": "l",
"frag": "gu₂-niŋ₂-ar₃-ra",
"id": "P229357.l2703e",
"ref": "P229357.19.1",
"inst": "guniŋara[vetch]",
"sig": "@dcclt%sux:gu₂-niŋ₂-ar₃-ra=guniŋara[vetch//lentil?]N'N$guniŋara/gu₂-niŋ₂-ar₃-ra#~",
"f": {"lang": "sux",
"form": "gu₂-niŋ₂-ar₃-ra",
"cf": "guniŋara",
"gw": "vetch",
"sense": "lentil?",
"norm0": "guniŋara",
"pos": "N",
"epos": "N",
"base": "gu₂-niŋ₂-ar₃-ra",
"morph": "~"}
}
,
{
"node": "d",
"type": "nonw",
"ref": ""}
,
{
"node": "d",
"type": "line-start",
"ref": "P229357.20",
"n": "7'",
"label": "r ii 7'"}
,
{
"node": "l",
"frag": "gu₂",
"id": "P229357.l2703f",
"ref": "P229357.20.1",
"inst": "gu[pulse]",
"sig": "@dcclt%sux:gu₂=gu[pulse//pulse, bean]N'N$gu/gu₂#~",
"f": {"lang": "sux",
"form": "gu₂",
"cf": "gu",
"gw": "pulse",
"sense": "pulse, bean",
"norm0": "gu",
"pos": "N",
"epos": "N",
"base": "gu₂",
"morph": "~"}
}
,
{
"node": "l",
"frag": "gal",
"id": "P229357.l27040",
"ref": "P229357.20.2",
"inst": "gal[big]",
"sig": "@dcclt%sux:gal=gal[big//big]V/i'V/i$gal/gal#~",
"f": {"lang": "sux",
"form": "gal",
"cf": "gal",
"gw": "big",
"sense": "big",
"norm0": "gal",
"pos": "V/i",
"epos": "V/i",
"base": "gal",
"morph": "~"}
}
,
{
"node": "l",
"frag": "anše",
"id": "P229357.l27041",
"ref": "P229357.20.3",
"inst": "anše[donkey]",
"sig": "@dcclt%sux:anše=anše[equid//equid, donkey]N'N$anše/anše#~",
"f": {"lang": "sux",
"form": "anše",
"cf": "anše",
"gw": "equid",
"sense": "equid, donkey",
"norm0": "anše",
"pos": "N",
"epos": "N",
"base": "anše",
"morph": "~"}
}
,
{
"node": "d",
"type": "line-start",
"ref": "P229357.21",
"n": "8'",
"label": "r ii 8'"}
,
{
"node": "l",
"frag": "ziz₂",
"id": "P229357.l27042",
"ref": "P229357.21.1",
"inst": "ziz[emmer]",
"sig": "@dcclt%sux:ziz₂=ziz[emmer//emmer wheat]N'N$ziz/ziz₂#~",
"f": {"lang": "sux",
"form": "ziz₂",
"cf": "ziz",
"gw": "emmer",
"sense": "emmer wheat",
"norm0": "ziz",
"pos": "N",
"epos": "N",
"base": "ziz₂",
"morph": "~"}
}
,
{
"node": "d",
"type": "line-start",
"ref": "P229357.22",
"n": "9'",
"label": "r ii 9'"}
,
{
"node": "l",
"frag": "⸢ziz₂⸣",
"id": "P229357.l27043",
"ref": "P229357.22.1",
"inst": "ziz[emmer]",
"sig": "@dcclt%sux:ziz₂=ziz[emmer//emmer wheat]N'N$ziz/ziz₂#~",
"f": {"lang": "sux",
"form": "ziz₂",
"cf": "ziz",
"gw": "emmer",
"sense": "emmer wheat",
"norm0": "ziz",
"pos": "N",
"epos": "N",
"base": "ziz₂",
"morph": "~"}
}
,
{
"node": "l",
"frag": "babbar",
"id": "P229357.l27044",
"ref": "P229357.22.2",
"inst": "babbar[white]",
"sig": "@dcclt%sux:babbar=babbar[white//(to be) white]V/i'V/i$babbar/babbar#~",
"f": {"lang": "sux",
"form": "babbar",
"cf": "babbar",
"gw": "white",
"sense": "(to be) white",
"norm0": "babbar",
"pos": "V/i",
"epos": "V/i",
"base": "babbar",
"morph": "~"}
}
,
{
"node": "d",
"type": "line-start",
"ref": "P229357.23",
"n": "10'",
"label": "r ii 10'"}
,
{
"node": "l",
"frag": "⸢ziz₂⸣",
"id": "P229357.l27045",
"ref": "P229357.23.1",
"inst": "ziz[emmer]",
"sig": "@dcclt%sux:ziz₂=ziz[emmer//emmer wheat]N'N$ziz/ziz₂#~",
"f": {"lang": "sux",
"form": "ziz₂",
"cf": "ziz",
"gw": "emmer",
"sense": "emmer wheat",
"norm0": "ziz",
"pos": "N",
"epos": "N",
"base": "ziz₂",
"morph": "~"}
}
,
{
"node": "l",
"frag": "kukku₅",
"id": "P229357.l27046",
"ref": "P229357.23.2",
"inst": "kukkug[dark]",
"sig": "@dcclt%sux:kukku₅=kukkug[dark//(to be) dark]V/i'V/i$kukkug/kukku₅#~",
"f": {"lang": "sux",
"form": "kukku₅",
"cf": "kukkug",
"gw": "dark",
"sense": "(to be) dark",
"norm0": "kukkug",
"pos": "V/i",
"epos": "V/i",
"base": "kukku₅",
"morph": "~"}
}
,
{
"node": "d",
"type": "line-start",
"ref": "P229357.24",
"n": "11'",
"label": "r ii 11'"}
,
{
"node": "l",
"frag": "⸢ziz₂⸣",
"id": "P229357.l27047",
"ref": "P229357.24.1",
"inst": "ziz[emmer]",
"sig": "@dcclt%sux:ziz₂=ziz[emmer//emmer wheat]N'N$ziz/ziz₂#~",
"f": {"lang": "sux",
"form": "ziz₂",
"cf": "ziz",
"gw": "emmer",
"sense": "emmer wheat",
"norm0": "ziz",
"pos": "N",
"epos": "N",
"base": "ziz₂",
"morph": "~"}
}
,
{
"node": "l",
"frag": "gu₂-nida",
"id": "P229357.l27048",
"ref": "P229357.24.2",
"inst": "gunida[grain]",
"sig": "@dcclt%sux:gu₂-nida=gunida[~grain//a designation of grain]N'N$gunida/gu₂-nida#~",
"f": {"lang": "sux",
"form": "gu₂-nida",
"cf": "gunida",
"gw": "~grain",
"sense": "a designation of grain",
"norm0": "gunida",
"pos": "N",
"epos": "N",
"base": "gu₂-nida",
"morph": "~"}
}
,
{
"node": "d",
"type": "nonw",
"ref": ""}
,
{
"node": "d",
"type": "line-start",
"ref": "P229357.25",
"n": "12'",
"label": "r ii 12'"}
,
{
"node": "l",
"frag": "še",
"id": "P229357.l27049",
"ref": "P229357.25.1",
"inst": "še[barley]",
"sig": "@dcclt%sux:še=še[barley//barley]N'N$še/še#~",
"f": {"lang": "sux",
"form": "še",
"cf": "še",
"gw": "barley",
"sense": "barley",
"norm0": "še",
"pos": "N",
"epos": "N",
"base": "še",
"morph": "~"}
}
,
{
"node": "d",
"type": "line-start",
"ref": "P229357.26",
"n": "13'",
"label": "r ii 13'"}
,
{
"node": "l",
"frag": "[še]",
"id": "P229357.l2704a",
"ref": "P229357.26.1",
"inst": "še[barley]",
"sig": "@dcclt%sux:še=še[barley//barley]N'N$še/še#~",
"f": {"lang": "sux",
"form": "še",
"cf": "še",
"gw": "barley",
"sense": "barley",
"norm0": "še",
"pos": "N",
"epos": "N",
"base": "še",
"morph": "~"}
}
,
{
"node": "l",
"frag": "eštub",
"id": "P229357.l2704b",
"ref": "P229357.26.2",
"inst": "eštub[carp]",
"sig": "@dcclt%sux:eštub=eštub[carp//carp]N'N$eštub/eštub#~",
"f": {"lang": "sux",
"form": "eštub",
"cf": "eštub",
"gw": "carp",
"sense": "carp",
"norm0": "eštub",
"pos": "N",
"epos": "N",
"base": "eštub",
"morph": "~"}
}
,
{
"node": "d",
"type": "nonw",
"ref": ""}
]}
]}
]}
]}
