{
"type": "cdl",
  "source": "http://oracc.org/dcclt",
  "license": "This data is released under the CC0 license",
  "license-url": "https://creativecommons.org/publicdomain/zero/1.0/",
  "more-info": "http://oracc.org/doc/opendata/",
  "UTC-timestamp": "2017-05-19T18:24:44",
"project": "dcclt",
"textid": "P229893",
"cdl": [
{
"node": "c",
"type": "text",
"id": "P229893.U0",
"cdl": [
{
"node": "d",
"subtype": "tablet",
"type": "object",
"ref": "P229893.x421.1",
"type": "tablet",
"label": "x421"}
,
{
"node": "d",
"subtype": "obverse",
"type": "surface",
"ref": "P229893.o.2",
"type": "obverse",
"label": "o"}
,
{
"node": "c",
"type": "discourse",
"subtype": "body",
"id": "P229893.U1",
"cdl": [
{
"node": "c",
"type": "sentence",
"id": "P229893.U2",
"label": "o 1 - r ii' 9'",
"cdl": [
{
"node": "d",
"type": "line-start",
"ref": "P229893.3",
"n": "1",
"label": "o 1"}
,
{
"node": "l",
"frag": "[...]",
"id": "P229893.l16edf",
"ref": "P229893.3.1",
"inst": "%sux:x=",
"f": {"lang": "sux",
"form": "x"}
}
,
{
"node": "d",
"type": "line-start",
"ref": "P229893.4",
"n": "2",
"label": "o 2"}
,
{
"node": "l",
"frag": "[a]-ma-ru",
"id": "P229893.l16ee0",
"ref": "P229893.4.1",
"inst": "emarru[quiver]",
"sig": "@dcclt%sux:a-ma-ru=emarru[quiver//quiver]N'N$emarru/a-ma-ru#~",
"f": {"lang": "sux",
"form": "a-ma-ru",
"cf": "emarru",
"gw": "quiver",
"sense": "quiver",
"norm0": "emarru",
"pos": "N",
"epos": "N",
"base": "a-ma-ru",
"morph": "~"}
}
,
{
"node": "d",
"type": "line-start",
"ref": "P229893.5",
"n": "3",
"label": "o 3"}
,
{
"node": "l",
"frag": "[mar]-uru₅",
"id": "P229893.l16ee1",
"ref": "P229893.5.1",
"inst": "emarru[quiver]",
"sig": "@dcclt%sux:mar-uru₅=emarru[quiver//quiver]N'N$emarru/mar-ru₁₀#~",
"f": {"lang": "sux",
"form": "mar-uru₅",
"cf": "emarru",
"gw": "quiver",
"sense": "quiver",
"norm0": "emarru",
"pos": "N",
"epos": "N",
"base": "mar-ru₁₀",
"morph": "~"}
}
,
{
"node": "d",
"type": "line-start",
"ref": "P229893.6",
"n": "4",
"label": "o 4"}
,
{
"node": "l",
"frag": "⸢mar⸣-ru₁₀",
"id": "P229893.l16ee2",
"ref": "P229893.6.1",
"inst": "marru[stormwind]",
"sig": "@dcclt%sux:mar-ru₁₀=marru[stormwind//stormwind]N'N$marru/mar-ru₁₀#~",
"f": {"lang": "sux",
"form": "mar-ru₁₀",
"cf": "marru",
"gw": "stormwind",
"sense": "stormwind",
"norm0": "marru",
"pos": "N",
"epos": "N",
"base": "mar-ru₁₀",
"morph": "~"}
}
,
{
"node": "d",
"type": "line-start",
"ref": "P229893.7",
"n": "5",
"label": "o 5"}
,
{
"node": "l",
"frag": "gar₃",
"id": "P229893.l16ee3",
"ref": "P229893.7.1",
"inst": "gar[knob]",
"sig": "@dcclt%sux:gar₃=gar[knob//knob]N'N$gar/gar₃#~",
"f": {"lang": "sux",
"form": "gar₃",
"cf": "gar",
"gw": "knob",
"sense": "knob",
"norm0": "gar",
"pos": "N",
"epos": "N",
"base": "gar₃",
"morph": "~"}
}
,
{
"node": "l",
"frag": "dar",
"id": "P229893.l16ee4",
"ref": "P229893.7.2",
"inst": "dar[split]",
"sig": "@dcclt%sux:dar=dar[split//split]V/t'V/t$dar/dar#~",
"f": {"lang": "sux",
"form": "dar",
"cf": "dar",
"gw": "split",
"sense": "split",
"norm0": "dar",
"pos": "V/t",
"epos": "V/t",
"base": "dar",
"morph": "~"}
}
,
{
"node": "d",
"type": "line-start",
"ref": "P229893.8",
"n": "6",
"label": "o 6"}
,
{
"node": "l",
"frag": "gar₃-še₃",
"id": "P229893.l16ee5",
"ref": "P229893.8.1",
"inst": "gar[knob]",
"sig": "@dcclt%sux:gar₃-še₃=gar[knob//knob]N'N$gar,eše/gar₃#~,eše",
"f": {"lang": "sux",
"form": "gar₃-še₃",
"cf": "gar",
"gw": "knob",
"sense": "knob",
"norm0": "gar,eše",
"pos": "N",
"epos": "N",
"base": "gar₃",
"morph": "~,eše"}
}
,
{
"node": "l",
"frag": "ak",
"id": "P229893.l16ee6",
"ref": "P229893.8.2",
"inst": "ak[do]",
"sig": "@dcclt%sux:ak=ak[do//do]V/t'V/t$ak/ak#~",
"f": {"lang": "sux",
"form": "ak",
"cf": "ak",
"gw": "do",
"sense": "do",
"norm0": "ak",
"pos": "V/t",
"epos": "V/t",
"base": "ak",
"morph": "~"}
}
,
{
"node": "d",
"type": "line-start",
"ref": "P229893.9",
"n": "7",
"label": "o 7"}
,
{
"node": "l",
"frag": "gar₃-UŠ",
"id": "P229893.l16ee7",
"ref": "P229893.9.1",
"inst": "gar₃.UŠ[unmng]",
"sig": "@dcclt%sux:gar₃-UŠ=gar₃.UŠ[unmng//unmng]N'N$gar₃.UŠ/gar₃-UŠ#~",
"f": {"lang": "sux",
"form": "gar₃-UŠ",
"cf": "gar₃.UŠ",
"gw": "unmng",
"sense": "unmng",
"norm0": "gar₃.UŠ",
"pos": "N",
"epos": "N",
"base": "gar₃-UŠ",
"morph": "~"}
}
,
{
"node": "d",
"type": "line-start",
"ref": "P229893.10",
"n": "8",
"label": "o 8"}
,
{
"node": "l",
"frag": "gar₃-⸢BU⸣",
"id": "P229893.l16ee8",
"ref": "P229893.10.1",
"inst": "X",
"f": {"lang": "sux",
"form": "gar₃-BU",
"pos": "X"}
}
,
{
"node": "d",
"type": "line-start",
"ref": "P229893.11",
"n": "9",
"label": "o 9"}
,
{
"node": "l",
"frag": "gar₃",
"id": "P229893.l16ee9",
"ref": "P229893.11.1",
"inst": "%sux:gar₃=",
"f": {"lang": "sux",
"form": "gar₃"}
}
,
{
"node": "l",
"frag": "[...]",
"id": "P229893.l16eea",
"ref": "P229893.11.2",
"inst": "%sux:x=",
"f": {"lang": "sux",
"form": "x"}
}
,
{
"node": "d",
"type": "line-start",
"ref": "P229893.12",
"n": "10",
"label": "o 10"}
,
{
"node": "l",
"frag": "⸢gibil₅⸣",
"id": "P229893.l16eeb",
"ref": "P229893.12.1",
"inst": "X",
"f": {"lang": "sux",
"form": "gibil₅",
"pos": "X"}
}
,
{
"node": "d",
"subtype": "reverse",
"type": "surface",
"ref": "P229893.r.13",
"type": "reverse",
"label": "r"}
,
{
"node": "d",
"subtype": "column 1r '",
"type": "column",
"ref": "P229893.r.i_.14",
"n": "1",
"label": "r i'"}
,
{
"node": "d",
"type": "nonx",
"ref": "P229893.15",
"strict": "1",
"extent": "n",
"scope": "line",
"state": "missing"}
,
{
"node": "d",
"type": "line-start",
"ref": "P229893.16",
"n": "1'",
"label": "r i' 1'"}
,
{
"node": "l",
"frag": "dub₃",
"id": "P229893.l16eec",
"ref": "P229893.16.1",
"inst": "dub[knee]",
"sig": "@dcclt%sux:dub₃=dub[knee//knee]N'N$dub/dub₃#~",
"f": {"lang": "sux",
"form": "dub₃",
"cf": "dub",
"gw": "knee",
"sense": "knee",
"norm0": "dub",
"pos": "N",
"epos": "N",
"base": "dub₃",
"morph": "~"}
}
,
{
"node": "l",
"frag": "[...]",
"id": "P229893.l16eed",
"ref": "P229893.16.2",
"inst": "X",
"f": {"lang": "sux",
"form": "x",
"pos": "X"}
}
,
{
"node": "d",
"type": "line-start",
"ref": "P229893.17",
"n": "2'",
"label": "r i' 2'"}
,
{
"node": "l",
"frag": "dub₃",
"id": "P229893.l16eee",
"ref": "P229893.17.1",
"inst": "dub[knee]",
"sig": "@dcclt%sux:dub₃=dub[knee//knee]N'N$dub/dub₃#~",
"f": {"lang": "sux",
"form": "dub₃",
"cf": "dub",
"gw": "knee",
"sense": "knee",
"norm0": "dub",
"pos": "N",
"epos": "N",
"base": "dub₃",
"morph": "~"}
}
,
{
"node": "l",
"frag": "[...]",
"id": "P229893.l16eef",
"ref": "P229893.17.2",
"inst": "X",
"f": {"lang": "sux",
"form": "x",
"pos": "X"}
}
,
{
"node": "d",
"type": "line-start",
"ref": "P229893.18",
"n": "3'",
"label": "r i' 3'"}
,
{
"node": "c",
"type": "phrase",
"tag": "phr",
"id": "P229893.U4",
"ref": "P229893.ls00000",
"cdl": [
{
"node": "l",
"frag": "dub₃",
"id": "P229893.l16ef0",
"ref": "P229893.18.1",
"inst": "dub[knee]",
"sig": "@dcclt%sux:dub₃=dub[knee//knee]N'N$dub/dub₃#~",
"f": {"lang": "sux",
"form": "dub₃",
"cf": "dub",
"gw": "knee",
"sense": "knee",
"norm0": "dub",
"pos": "N",
"epos": "N",
"base": "dub₃",
"morph": "~"}
}
,
{
"node": "l",
"frag": "⸢gurum⸣",
"id": "P229893.l16ef1",
"ref": "P229893.18.2",
"inst": "gurum[bend]",
"sig": "@dcclt%sux:gurum=gurum[bend//bend]V/t'V/t$gurum/gurum#~",
"f": {"lang": "sux",
"form": "gurum",
"cf": "gurum",
"gw": "bend",
"sense": "bend",
"norm0": "gurum",
"pos": "V/t",
"epos": "V/t",
"base": "gurum",
"morph": "~"}
}
]}
,
{
"node": "d",
"type": "line-start",
"ref": "P229893.19",
"n": "4'",
"label": "r i' 4'"}
,
{
"node": "c",
"type": "phrase",
"tag": "phr",
"id": "P229893.U5",
"ref": "P229893.ls00001",
"cdl": [
{
"node": "l",
"frag": "dub₃",
"id": "P229893.l16ef2",
"ref": "P229893.19.1",
"inst": "dub[knee]",
"sig": "@dcclt%sux:dub₃=dub[knee//knee]N'N$dub/dub₃#~",
"f": {"lang": "sux",
"form": "dub₃",
"cf": "dub",
"gw": "knee",
"sense": "knee",
"norm0": "dub",
"pos": "N",
"epos": "N",
"base": "dub₃",
"morph": "~"}
}
,
{
"node": "l",
"frag": "gurum",
"id": "P229893.l16ef3",
"ref": "P229893.19.2",
"inst": "gurum[bend]",
"sig": "@dcclt%sux:gurum=gurum[bend//bend]V/t'V/t$gurum/gurum#~",
"f": {"lang": "sux",
"form": "gurum",
"cf": "gurum",
"gw": "bend",
"sense": "bend",
"norm0": "gurum",
"pos": "V/t",
"epos": "V/t",
"base": "gurum",
"morph": "~"}
}
]}
,
{
"node": "d",
"type": "line-start",
"ref": "P229893.20",
"n": "5'",
"label": "r i' 5'"}
,
{
"node": "l",
"frag": "dub₃-lah₄-lah₄;-e",
"id": "P229893.l16ef4",
"ref": "P229893.20.1",
"inst": "%sux:dub₃-lah₄-lah₄-e=",
"f": {"lang": "sux",
"form": "dub₃-lah₄-lah₄-e"}
}
,
{
"node": "d",
"type": "line-start",
"ref": "P229893.21",
"n": "6'",
"label": "r i' 6'"}
,
{
"node": "l",
"frag": "⸢ur₅⸣",
"id": "P229893.l16ef5",
"ref": "P229893.21.1",
"inst": "%sux:ur₅=",
"f": {"lang": "sux",
"form": "ur₅"}
}
,
{
"node": "d",
"type": "line-start",
"ref": "P229893.22",
"n": "7'",
"label": "r i' 7'"}
,
{
"node": "l",
"frag": "[...]",
"id": "P229893.l16ef6",
"ref": "P229893.22.1",
"inst": "%sux:x=",
"f": {"lang": "sux",
"form": "x"}
}
,
{
"node": "d",
"type": "line-start",
"ref": "P229893.23",
"n": "8'",
"label": "r i' 8'"}
,
{
"node": "l",
"frag": "[...]",
"id": "P229893.l16ef7",
"ref": "P229893.23.1",
"inst": "%sux:x=",
"f": {"lang": "sux",
"form": "x"}
}
,
{
"node": "d",
"type": "line-start",
"ref": "P229893.24",
"n": "9'",
"label": "r i' 9'"}
,
{
"node": "l",
"frag": "[...]",
"id": "P229893.l16ef8",
"ref": "P229893.24.1",
"inst": "%sux:x=",
"f": {"lang": "sux",
"form": "x"}
}
,
{
"node": "d",
"subtype": "column 2r '",
"type": "column",
"ref": "P229893.r.ii_.25",
"n": "2",
"label": "r ii'"}
,
{
"node": "d",
"type": "nonx",
"ref": "P229893.26",
"strict": "1",
"extent": "n",
"scope": "line",
"state": "missing"}
,
{
"node": "d",
"type": "line-start",
"ref": "P229893.27",
"n": "1'",
"label": "r ii' 1'"}
,
{
"node": "l",
"frag": "⸢GIR₃⸣",
"id": "P229893.l16ef9",
"ref": "P229893.27.1",
"inst": "%sux:GIR₃=",
"f": {"lang": "sux",
"form": "GIR₃"}
}
,
{
"node": "d",
"type": "line-start",
"ref": "P229893.28",
"n": "2'",
"label": "r ii' 2'"}
,
{
"node": "l",
"frag": "GIR₃",
"id": "P229893.l16efa",
"ref": "P229893.28.1",
"inst": "%sux:GIR₃=",
"f": {"lang": "sux",
"form": "GIR₃"}
}
,
{
"node": "d",
"type": "line-start",
"ref": "P229893.29",
"n": "3'",
"label": "r ii' 3'"}
,
{
"node": "l",
"frag": "GIR₃",
"id": "P229893.l16efb",
"ref": "P229893.29.1",
"inst": "%sux:GIR₃=",
"f": {"lang": "sux",
"form": "GIR₃"}
}
,
{
"node": "d",
"type": "line-start",
"ref": "P229893.30",
"n": "4'",
"label": "r ii' 4'"}
,
{
"node": "l",
"frag": "GIR₃",
"id": "P229893.l16efc",
"ref": "P229893.30.1",
"inst": "%sux:GIR₃=",
"f": {"lang": "sux",
"form": "GIR₃"}
}
,
{
"node": "d",
"type": "line-start",
"ref": "P229893.31",
"n": "5'",
"label": "r ii' 5'"}
,
{
"node": "l",
"frag": "GIR₁₆",
"id": "P229893.l16efd",
"ref": "P229893.31.1",
"inst": "%sux:GIR₁₆=",
"f": {"lang": "sux",
"form": "GIR₁₆"}
}
,
{
"node": "d",
"type": "line-start",
"ref": "P229893.32",
"n": "6'",
"label": "r ii' 6'"}
,
{
"node": "l",
"frag": "⸢GIR₃⸣",
"id": "P229893.l16efe",
"ref": "P229893.32.1",
"inst": "%sux:GIR₃=",
"f": {"lang": "sux",
"form": "GIR₃"}
}
,
{
"node": "d",
"type": "line-start",
"ref": "P229893.33",
"n": "7'",
"label": "r ii' 7'"}
,
{
"node": "l",
"frag": "šur₂",
"id": "P229893.l16eff",
"ref": "P229893.33.1",
"inst": "%sux:šur₂=",
"f": {"lang": "sux",
"form": "šur₂"}
}
,
{
"node": "d",
"type": "line-start",
"ref": "P229893.34",
"n": "8'",
"label": "r ii' 8'"}
,
{
"node": "l",
"frag": "sumur",
"id": "P229893.l16f00",
"ref": "P229893.34.1",
"inst": "%sux:sumur=",
"f": {"lang": "sux",
"form": "sumur"}
}
,
{
"node": "d",
"type": "line-start",
"ref": "P229893.35",
"n": "9'",
"label": "r ii' 9'"}
,
{
"node": "l",
"frag": "šur₂-du",
"id": "P229893.l16f01",
"ref": "P229893.35.1",
"inst": "%sux:šur₂-du=",
"f": {"lang": "sux",
"form": "šur₂-du"}
}
]}
]}
]}
,
{
"linkbase": [{
"type": "linkset",
"xlink_title": "dub gurum[sit down//to sit down, to take a rest]V/t'V/t",
"id": "P229893.ls00000",
"xlink_type": "extended",
"xlink_role": "psu",
"sig": "{dub₃ gurum = dub[knee]N gurum[bend]V/t += dub gurum[sit down//to sit down, to take a rest]V/t'V/t}::@dcclt%sux:dub₃=dub[knee//knee]N'N$dub/dub₃#~++@dcclt%sux:gurum=gurum[bend//to bend, curve, wrap around]V/t'V/t$gurum/gurum#~",
"links": [
{
"type": "link",
"xlink_title": "dub",
"xlink_type": "locator",
"xlink_href": "#P229893.l16ef0",
"xlink_role": "elt"}
,
{
"type": "link",
"xlink_title": "gurum",
"xlink_type": "locator",
"xlink_href": "#P229893.l16ef1",
"xlink_role": "elt"}
]}
,
{
"type": "linkset",
"xlink_title": "dub gurum[sit down//to sit down, to take a rest]V/t'V/t",
"id": "P229893.ls00001",
"xlink_type": "extended",
"xlink_role": "psu",
"sig": "{dub₃ gurum = dub[knee]N gurum[bend]V/t += dub gurum[sit down//to sit down, to take a rest]V/t'V/t}::@dcclt%sux:dub₃=dub[knee//knee]N'N$dub/dub₃#~++@dcclt%sux:gurum=gurum[bend//to bend, curve, wrap around]V/t'V/t$gurum/gurum#~",
"links": [
{
"type": "link",
"xlink_title": "dub",
"xlink_type": "locator",
"xlink_href": "#P229893.l16ef2",
"xlink_role": "elt"}
,
{
"type": "link",
"xlink_title": "gurum",
"xlink_type": "locator",
"xlink_href": "#P229893.l16ef3",
"xlink_role": "elt"}
]}
]}
]}
