{
"type": "cdl",
  "source": "http://oracc.org/dcclt",
  "license": "This data is released under the CC0 license",
  "license-url": "https://creativecommons.org/publicdomain/zero/1.0/",
  "more-info": "http://oracc.org/doc/opendata/",
  "UTC-timestamp": "2017-05-19T18:24:44",
"project": "dcclt",
"textid": "P229890",
"cdl": [
{
"node": "c",
"type": "text",
"id": "P229890.U0",
"cdl": [
{
"node": "d",
"subtype": "tablet",
"type": "object",
"ref": "P229890.x1160.1",
"type": "tablet",
"label": "x1160"}
,
{
"node": "d",
"type": "surface",
"ref": ""}
,
{
"node": "d",
"type": "nonx",
"ref": "P229890.2",
"strict": "0",
"extent": "1",
"state": "ruling"}
,
{
"node": "d",
"subtype": "column 1'",
"type": "column",
"ref": "P229890.i_.3",
"n": "1",
"label": "i'"}
,
{
"node": "d",
"type": "nonx",
"ref": "P229890.4",
"strict": "0",
"extent": "beginning",
"state": "missing"}
,
{
"node": "c",
"type": "discourse",
"subtype": "body",
"id": "P229890.U1",
"cdl": [
{
"node": "c",
"type": "sentence",
"id": "P229890.U2",
"label": "i' 1' - iii' 3'",
"cdl": [
{
"node": "d",
"type": "line-start",
"ref": "P229890.5",
"n": "1'",
"label": "i' 1'"}
,
{
"node": "l",
"frag": "[...]-⸢x⸣",
"id": "P229890.l2776d",
"ref": "P229890.5.1",
"inst": "u",
"f": {"lang": "sux",
"form": "x-x",
"pos": "u"}
}
,
{
"node": "d",
"type": "line-start",
"ref": "P229890.6",
"n": "2'",
"label": "i' 2'"}
,
{
"node": "l",
"frag": "[...]-⸢x⸣-bi",
"id": "P229890.l2776e",
"ref": "P229890.6.1",
"inst": "u",
"f": {"lang": "sux",
"form": "x-x-bi",
"pos": "u"}
}
,
{
"node": "d",
"type": "line-start",
"ref": "P229890.7",
"n": "3'",
"label": "i' 3'"}
,
{
"node": "l",
"frag": "[tu₇",
"id": "P229890.l2776f",
"ref": "P229890.7.1",
"inst": "tu[soup]N",
"sig": "@dcclt%sux:tu₇=tu[soup//soup, broth]N'N$tu/tu₇#~",
"f": {"lang": "sux",
"form": "tu₇",
"cf": "tu",
"gw": "soup",
"sense": "soup, broth",
"norm0": "tu",
"pos": "N",
"epos": "N",
"base": "tu₇",
"morph": "~"}
}
,
{
"node": "l",
"frag": "niŋ₂]-luh",
"id": "P229890.l27770",
"ref": "P229890.7.2",
"inst": "niŋluh[basin]N",
"sig": "@dcclt%sux:niŋ₂-luh=niŋluh[basin//basin, wash-basin]N'N$niŋluh/niŋ₂-luh#~",
"f": {"lang": "sux",
"form": "niŋ₂-luh",
"cf": "niŋluh",
"gw": "basin",
"sense": "basin, wash-basin",
"norm0": "niŋluh",
"pos": "N",
"epos": "N",
"base": "niŋ₂-luh",
"morph": "~"}
}
,
{
"node": "d",
"type": "line-start",
"ref": "P229890.8",
"n": "4'",
"label": "i' 4'"}
,
{
"node": "l",
"frag": "[tu₇]",
"id": "P229890.l27771",
"ref": "P229890.8.1",
"inst": "tu[soup]N",
"sig": "@dcclt%sux:tu₇=tu[soup//soup, broth]N'N$tu/tu₇#~",
"f": {"lang": "sux",
"form": "tu₇",
"cf": "tu",
"gw": "soup",
"sense": "soup, broth",
"norm0": "tu",
"pos": "N",
"epos": "N",
"base": "tu₇",
"morph": "~"}
}
,
{
"node": "l",
"frag": "i₃",
"id": "P229890.l27772",
"ref": "P229890.8.2",
"inst": "i[oil]N",
"sig": "@dcclt%sux:i₃=i[oil//oil]N'N$i/i₃#~",
"f": {"lang": "sux",
"form": "i₃",
"cf": "i",
"gw": "oil",
"sense": "oil",
"norm0": "i",
"pos": "N",
"epos": "N",
"base": "i₃",
"morph": "~"}
}
,
{
"node": "d",
"type": "line-start",
"ref": "P229890.9",
"n": "5'",
"label": "i' 5'"}
,
{
"node": "l",
"frag": "[tu₇]",
"id": "P229890.l27773",
"ref": "P229890.9.1",
"inst": "tu[soup]N",
"sig": "@dcclt%sux:tu₇=tu[soup//soup, broth]N'N$tu/tu₇#~",
"f": {"lang": "sux",
"form": "tu₇",
"cf": "tu",
"gw": "soup",
"sense": "soup, broth",
"norm0": "tu",
"pos": "N",
"epos": "N",
"base": "tu₇",
"morph": "~"}
}
,
{
"node": "l",
"frag": "⸢i₃⸣",
"id": "P229890.l27774",
"ref": "P229890.9.2",
"inst": "i[oil]N",
"sig": "@dcclt%sux:i₃=i[oil//oil]N'N$i/i₃#~",
"f": {"lang": "sux",
"form": "i₃",
"cf": "i",
"gw": "oil",
"sense": "oil",
"norm0": "i",
"pos": "N",
"epos": "N",
"base": "i₃",
"morph": "~"}
}
,
{
"node": "l",
"frag": "udu",
"id": "P229890.l27775",
"ref": "P229890.9.3",
"inst": "udu[sheep]N",
"sig": "@dcclt%sux:udu=udu[sheep//sheep]N'N$udu/udu#~",
"f": {"lang": "sux",
"form": "udu",
"cf": "udu",
"gw": "sheep",
"sense": "sheep",
"norm0": "udu",
"pos": "N",
"epos": "N",
"base": "udu",
"morph": "~"}
}
,
{
"node": "d",
"type": "line-start",
"ref": "P229890.10",
"n": "6'",
"label": "i' 6'"}
,
{
"node": "l",
"frag": "[tu₇",
"id": "P229890.l27776",
"ref": "P229890.10.1",
"inst": "tu[soup]N",
"sig": "@dcclt%sux:tu₇=tu[soup//soup, broth]N'N$tu/tu₇#~",
"f": {"lang": "sux",
"form": "tu₇",
"cf": "tu",
"gw": "soup",
"sense": "soup, broth",
"norm0": "tu",
"pos": "N",
"epos": "N",
"base": "tu₇",
"morph": "~"}
}
,
{
"node": "l",
"frag": "lu-lu]-⸢bu⸣-um",
"id": "P229890.l27777",
"ref": "P229890.10.2",
"inst": "Lullubi[1]GN",
"sig": "@dcclt%sux:lu-lu-bu-um=Lullubi[1//1]GN'GN$Lullubi/lu-lu-bu-um#~",
"f": {"lang": "sux",
"form": "lu-lu-bu-um",
"cf": "Lullubi",
"gw": "1",
"sense": "1",
"norm0": "Lullubi",
"pos": "GN",
"epos": "GN",
"base": "lu-lu-bu-um",
"morph": "~"}
}
,
{
"node": "d",
"type": "nonx",
"ref": "P229890.11",
"strict": "0",
"extent": "rest",
"state": "missing"}
,
{
"node": "d",
"subtype": "column 2'",
"type": "column",
"ref": "P229890.ii_.12",
"n": "2",
"label": "ii'"}
,
{
"node": "d",
"type": "nonx",
"ref": "P229890.13",
"strict": "0",
"extent": "beginning",
"state": "missing"}
,
{
"node": "d",
"type": "line-start",
"ref": "P229890.14",
"n": "1'",
"label": "ii' 1'"}
,
{
"node": "l",
"frag": "⸢kaš",
"id": "P229890.l27778",
"ref": "P229890.14.1",
"inst": "kaš[beer]N",
"sig": "@dcclt%sux:kaš=kaš[beer//beer]N'N$kaš/kaš#~",
"f": {"lang": "sux",
"form": "kaš",
"cf": "kaš",
"gw": "beer",
"sense": "beer",
"norm0": "kaš",
"pos": "N",
"epos": "N",
"base": "kaš",
"morph": "~"}
}
,
{
"node": "l",
"frag": "x⸣-[x]",
"id": "P229890.l27779",
"ref": "P229890.14.2",
"inst": "u",
"f": {"lang": "sux",
"form": "x-x",
"pos": "u"}
}
,
{
"node": "d",
"type": "line-start",
"ref": "P229890.15",
"n": "2'",
"label": "ii' 2'"}
,
{
"node": "l",
"frag": "kaš",
"id": "P229890.l2777a",
"ref": "P229890.15.1",
"inst": "kaš[beer]N",
"sig": "@dcclt%sux:kaš=kaš[beer//beer]N'N$kaš/kaš#~",
"f": {"lang": "sux",
"form": "kaš",
"cf": "kaš",
"gw": "beer",
"sense": "beer",
"norm0": "kaš",
"pos": "N",
"epos": "N",
"base": "kaš",
"morph": "~"}
}
,
{
"node": "l",
"frag": "ma-ra-⸢ah⸣",
"id": "P229890.l2777b",
"ref": "P229890.15.2",
"inst": "marah[unmng]N",
"sig": "@dcclt%sux:ma-ra-ah=marah[unmng//unmng]N'N$marah/ma-ra-ah#~",
"f": {"lang": "sux",
"form": "ma-ra-ah",
"cf": "marah",
"gw": "unmng",
"sense": "unmng",
"norm0": "marah",
"pos": "N",
"epos": "N",
"base": "ma-ra-ah",
"morph": "~"}
}
,
{
"node": "d",
"type": "line-start",
"ref": "P229890.16",
"n": "3'",
"label": "ii' 3'"}
,
{
"node": "l",
"frag": "kaš",
"id": "P229890.l2777c",
"ref": "P229890.16.1",
"inst": "kaš[beer]N",
"sig": "@dcclt%sux:kaš=kaš[beer//beer]N'N$kaš/kaš#~",
"f": {"lang": "sux",
"form": "kaš",
"cf": "kaš",
"gw": "beer",
"sense": "beer",
"norm0": "kaš",
"pos": "N",
"epos": "N",
"base": "kaš",
"morph": "~"}
}
,
{
"node": "l",
"frag": "huš-a",
"id": "P229890.l2777d",
"ref": "P229890.16.2",
"inst": "huš[reddish]V/i",
"sig": "@dcclt%sux:huš-a=huš[reddish//(to be) reddish, ruddy]V/i'V/i$huš;a/huš#~;a",
"f": {"lang": "sux",
"form": "huš-a",
"cf": "huš",
"gw": "reddish",
"sense": "(to be) reddish, ruddy",
"norm0": "huš;a",
"pos": "V/i",
"epos": "V/i",
"base": "huš",
"morph": "~;a"}
}
,
{
"node": "d",
"type": "line-start",
"ref": "P229890.17",
"n": "4'",
"label": "ii' 4'"}
,
{
"node": "l",
"frag": "kaš",
"id": "P229890.l2777e",
"ref": "P229890.17.1",
"inst": "kaš[beer]N",
"sig": "@dcclt%sux:kaš=kaš[beer//beer]N'N$kaš/kaš#~",
"f": {"lang": "sux",
"form": "kaš",
"cf": "kaš",
"gw": "beer",
"sense": "beer",
"norm0": "kaš",
"pos": "N",
"epos": "N",
"base": "kaš",
"morph": "~"}
}
,
{
"node": "l",
"frag": "še",
"id": "P229890.l2777f",
"ref": "P229890.17.2",
"inst": "še[barley]N",
"sig": "@dcclt%sux:še=še[barley//barley]N'N$še/še#~",
"f": {"lang": "sux",
"form": "še",
"cf": "še",
"gw": "barley",
"sense": "barley",
"norm0": "še",
"pos": "N",
"epos": "N",
"base": "še",
"morph": "~"}
}
,
{
"node": "l",
"frag": "sa-a",
"id": "P229890.l27780",
"ref": "P229890.17.3",
"inst": "sa[roast]V/t",
"sig": "@dcclt%sux:sa-a=sa[roast//to roast]V/t'V/t$sa;a/sa#~;a",
"f": {"lang": "sux",
"form": "sa-a",
"cf": "sa",
"gw": "roast",
"sense": "to roast",
"norm0": "sa;a",
"pos": "V/t",
"epos": "V/t",
"base": "sa",
"morph": "~;a"}
}
,
{
"node": "d",
"type": "line-start",
"ref": "P229890.18",
"n": "5'",
"label": "ii' 5'"}
,
{
"node": "l",
"frag": "kaš-bir₈",
"id": "P229890.l27781",
"ref": "P229890.18.1",
"inst": "kašbir[beer]N",
"sig": "@dcclt%sux:kaš-bir₈=kašbir[beer//diluted beer]N'N$kašbir/kaš-bir₈#~",
"f": {"lang": "sux",
"form": "kaš-bir₈",
"cf": "kašbir",
"gw": "beer",
"sense": "diluted beer",
"norm0": "kašbir",
"pos": "N",
"epos": "N",
"base": "kaš-bir₈",
"morph": "~"}
}
,
{
"node": "d",
"frag": "<<a>>",
"type": "nonw",
"ref": "P229890.18.2",
"lang": "sux",
"type": "excised"}
,
{
"node": "d",
"type": "line-start",
"ref": "P229890.19",
"n": "6'",
"label": "ii' 6'"}
,
{
"node": "l",
"frag": "kaš-bir₈(|SUD.A|)",
"id": "P229890.l27782",
"ref": "P229890.19.1",
"inst": "kašbir[beer]N",
"sig": "@dcclt%sux:kaš-bir₈=kašbir[beer//diluted beer]N'N$kašbir/kaš-bir₈#~",
"f": {"lang": "sux",
"form": "kaš-bir₈",
"cf": "kašbir",
"gw": "beer",
"sense": "diluted beer",
"norm0": "kašbir",
"pos": "N",
"epos": "N",
"base": "kaš-bir₈",
"morph": "~"}
}
,
{
"node": "d",
"type": "line-start",
"ref": "P229890.20",
"n": "7'",
"label": "ii' 7'"}
,
{
"node": "l",
"frag": "kaš",
"id": "P229890.l27783",
"ref": "P229890.20.1",
"inst": "kaš[beer]N",
"sig": "@dcclt%sux:kaš=kaš[beer//beer]N'N$kaš/kaš#~",
"f": {"lang": "sux",
"form": "kaš",
"cf": "kaš",
"gw": "beer",
"sense": "beer",
"norm0": "kaš",
"pos": "N",
"epos": "N",
"base": "kaš",
"morph": "~"}
}
,
{
"node": "l",
"frag": "kurun₂",
"id": "P229890.l27784",
"ref": "P229890.20.2",
"inst": "kurun[beer]N",
"sig": "@dcclt%sux:kurun₂=kurun[beer//beer]N'N$kurun/kurun₂#~",
"f": {"lang": "sux",
"form": "kurun₂",
"cf": "kurun",
"gw": "beer",
"sense": "beer",
"norm0": "kurun",
"pos": "N",
"epos": "N",
"base": "kurun₂",
"morph": "~"}
}
,
{
"node": "d",
"type": "line-start",
"ref": "P229890.21",
"n": "8'",
"label": "ii' 8'"}
,
{
"node": "l",
"frag": "⸢kaš",
"id": "P229890.l27785",
"ref": "P229890.21.1",
"inst": "kaš[beer]N",
"sig": "@dcclt%sux:kaš=kaš[beer//beer]N'N$kaš/kaš#~",
"f": {"lang": "sux",
"form": "kaš",
"cf": "kaš",
"gw": "beer",
"sense": "beer",
"norm0": "kaš",
"pos": "N",
"epos": "N",
"base": "kaš",
"morph": "~"}
}
,
{
"node": "l",
"frag": "kurun₂⸣",
"id": "P229890.l27786",
"ref": "P229890.21.2",
"inst": "kurun[beer]N",
"sig": "@dcclt%sux:kurun₂=kurun[beer//beer]N'N$kurun/kurun₂#~",
"f": {"lang": "sux",
"form": "kurun₂",
"cf": "kurun",
"gw": "beer",
"sense": "beer",
"norm0": "kurun",
"pos": "N",
"epos": "N",
"base": "kurun₂",
"morph": "~"}
}
,
{
"node": "l",
"frag": "imin-ta-⸢am₃⸣",
"id": "P229890.l27787",
"ref": "P229890.21.3",
"inst": "imin[seven]NU",
"sig": "@dcclt%sux:imin-ta-am₃=imin[seven//seven]NU'NU$imin,ta.am/imin#~,ta.am",
"f": {"lang": "sux",
"form": "imin-ta-am₃",
"cf": "imin",
"gw": "seven",
"sense": "seven",
"norm0": "imin,ta.am",
"pos": "NU",
"epos": "NU",
"base": "imin",
"morph": "~,ta.am"}
}
,
{
"node": "d",
"type": "nonx",
"ref": "P229890.22",
"strict": "0",
"extent": "rest",
"state": "missing"}
,
{
"node": "d",
"subtype": "column 3'",
"type": "column",
"ref": "P229890.iii_.23",
"n": "3",
"label": "iii'"}
,
{
"node": "d",
"type": "nonx",
"ref": "P229890.24",
"strict": "0",
"extent": "beginning",
"state": "missing"}
,
{
"node": "d",
"type": "line-start",
"ref": "P229890.25",
"n": "1'",
"label": "iii' 1'"}
,
{
"node": "l",
"frag": "⸢i₃⸣",
"id": "P229890.l27788",
"ref": "P229890.25.1",
"inst": "i[oil]N",
"sig": "@dcclt%sux:i₃=i[oil//oil]N'N$i/i₃#~",
"f": {"lang": "sux",
"form": "i₃",
"cf": "i",
"gw": "oil",
"sense": "oil",
"norm0": "i",
"pos": "N",
"epos": "N",
"base": "i₃",
"morph": "~"}
}
,
{
"node": "l",
"frag": "[...]",
"id": "P229890.l27789",
"ref": "P229890.25.2",
"inst": "u",
"f": {"lang": "sux",
"form": "x",
"pos": "u"}
}
,
{
"node": "d",
"type": "line-start",
"ref": "P229890.26",
"n": "2'",
"label": "iii' 2'"}
,
{
"node": "l",
"frag": "⸢i₃⸣",
"id": "P229890.l2778a",
"ref": "P229890.26.1",
"inst": "i[oil]N",
"sig": "@dcclt%sux:i₃=i[oil//oil]N'N$i/i₃#~",
"f": {"lang": "sux",
"form": "i₃",
"cf": "i",
"gw": "oil",
"sense": "oil",
"norm0": "i",
"pos": "N",
"epos": "N",
"base": "i₃",
"morph": "~"}
}
,
{
"node": "l",
"frag": "[...]",
"id": "P229890.l2778b",
"ref": "P229890.26.2",
"inst": "u",
"f": {"lang": "sux",
"form": "x",
"pos": "u"}
}
,
{
"node": "d",
"type": "line-start",
"ref": "P229890.27",
"n": "3'",
"label": "iii' 3'"}
,
{
"node": "l",
"frag": "i₃",
"id": "P229890.l2778c",
"ref": "P229890.27.1",
"inst": "i[oil]N",
"sig": "@dcclt%sux:i₃=i[oil//oil]N'N$i/i₃#~",
"f": {"lang": "sux",
"form": "i₃",
"cf": "i",
"gw": "oil",
"sense": "oil",
"norm0": "i",
"pos": "N",
"epos": "N",
"base": "i₃",
"morph": "~"}
}
,
{
"node": "l",
"frag": "[...]",
"id": "P229890.l2778d",
"ref": "P229890.27.2",
"inst": "u",
"f": {"lang": "sux",
"form": "x",
"pos": "u"}
}
,
{
"node": "d",
"type": "nonx",
"ref": "P229890.28",
"strict": "0",
"extent": "rest",
"state": "missing"}
,
{
"node": "d",
"subtype": "reverse",
"type": "surface",
"ref": "P229890.r.29",
"type": "reverse",
"label": "r"}
,
{
"node": "d",
"type": "nonx",
"ref": "P229890.30",
"strict": "1",
"extent": "n",
"scope": "line",
"state": "missing"}
]}
]}
]}
]}
