{
"type": "cdl",
  "source": "http://oracc.org/dcclt",
  "license": "This data is released under the CC0 license",
  "license-url": "https://creativecommons.org/publicdomain/zero/1.0/",
  "more-info": "http://oracc.org/doc/opendata/",
  "UTC-timestamp": "2017-05-19T18:24:37",
"project": "dcclt",
"textid": "P229366",
"cdl": [
{
"node": "c",
"type": "text",
"id": "P229366.U0",
"cdl": [
{
"node": "d",
"subtype": "tablet",
"type": "object",
"ref": "P229366.x1146.1",
"type": "tablet",
"label": "x1146"}
,
{
"node": "d",
"subtype": "obverse",
"type": "surface",
"ref": "P229366.o.2",
"type": "obverse",
"label": "o"}
,
{
"node": "d",
"subtype": "column 1o",
"type": "column",
"ref": "P229366.o.i.3",
"n": "1",
"label": "o i"}
,
{
"node": "c",
"type": "discourse",
"subtype": "body",
"id": "P229366.U1",
"cdl": [
{
"node": "c",
"type": "sentence",
"id": "P229366.U2",
"label": "o i 1' - r i 6'",
"cdl": [
{
"node": "d",
"type": "line-start",
"ref": "P229366.4",
"n": "1'",
"label": "o i 1'"}
,
{
"node": "l",
"frag": "[...]",
"id": "P229366.l270f2",
"ref": "P229366.4.1",
"inst": "u",
"f": {"lang": "sux",
"form": "x",
"pos": "u"}
}
,
{
"node": "l",
"frag": "erin",
"id": "P229366.l270f3",
"ref": "P229366.4.2",
"inst": "eren[cedar]",
"sig": "@dcclt%sux:erin=eren[cedar//cedar]N'N$eren/eren#~",
"f": {"lang": "sux",
"form": "erin",
"cf": "eren",
"gw": "cedar",
"sense": "cedar",
"norm0": "eren",
"pos": "N",
"epos": "N",
"base": "eren",
"morph": "~"}
}
,
{
"node": "d",
"type": "line-start",
"ref": "P229366.5",
"n": "2'",
"label": "o i 2'"}
,
{
"node": "l",
"frag": "[...]",
"id": "P229366.l270f4",
"ref": "P229366.5.1",
"inst": "u",
"f": {"lang": "sux",
"form": "x",
"pos": "u"}
}
,
{
"node": "l",
"frag": "ku₆",
"id": "P229366.l270f5",
"ref": "P229366.5.2",
"inst": "kud[fish]",
"sig": "@dcclt%sux:ku₆=kud[fish//fish]N'N$kud/ku₆#~",
"f": {"lang": "sux",
"form": "ku₆",
"cf": "kud",
"gw": "fish",
"sense": "fish",
"norm0": "kud",
"pos": "N",
"epos": "N",
"base": "ku₆",
"morph": "~"}
}
,
{
"node": "d",
"type": "line-start",
"ref": "P229366.6",
"n": "3'",
"label": "o i 3'"}
,
{
"node": "l",
"frag": "[...]",
"id": "P229366.l270f6",
"ref": "P229366.6.1",
"inst": "u",
"f": {"lang": "sux",
"form": "x",
"pos": "u"}
}
,
{
"node": "l",
"frag": "šah₂",
"id": "P229366.l270f7",
"ref": "P229366.6.2",
"inst": "šah[pig]",
"sig": "@dcclt%sux:šah₂=šah[pig//pig]N'N$šah/šah₂#~",
"f": {"lang": "sux",
"form": "šah₂",
"cf": "šah",
"gw": "pig",
"sense": "pig",
"norm0": "šah",
"pos": "N",
"epos": "N",
"base": "šah₂",
"morph": "~"}
}
,
{
"node": "d",
"type": "line-start",
"ref": "P229366.7",
"n": "4'",
"label": "o i 4'"}
,
{
"node": "l",
"frag": "[...]",
"id": "P229366.l270f8",
"ref": "P229366.7.1",
"inst": "u",
"f": {"lang": "sux",
"form": "x",
"pos": "u"}
}
,
{
"node": "l",
"frag": "peš₂",
"id": "P229366.l270f9",
"ref": "P229366.7.2",
"inst": "peš[mouse]",
"sig": "@dcclt%sux:peš₂=peš[mouse//a large mouse]N'N$peš/peš₂#~",
"f": {"lang": "sux",
"form": "peš₂",
"cf": "peš",
"gw": "mouse",
"sense": "a large mouse",
"norm0": "peš",
"pos": "N",
"epos": "N",
"base": "peš₂",
"morph": "~"}
}
,
{
"node": "d",
"type": "nonx",
"ref": "P229366.8",
"strict": "1",
"extent": "1",
"scope": "line",
"state": "traces"}
,
{
"node": "d",
"subtype": "column 2o",
"type": "column",
"ref": "P229366.o.ii.9",
"n": "2",
"label": "o ii"}
,
{
"node": "d",
"type": "line-start",
"ref": "P229366.10",
"n": "1'",
"label": "o ii 1'"}
,
{
"node": "l",
"frag": "⸢kaš",
"id": "P229366.l270fa",
"ref": "P229366.10.1",
"inst": "kaš[beer]",
"sig": "@dcclt%sux:kaš=kaš[beer//beer]N'N$kaš/kaš#~",
"f": {"lang": "sux",
"form": "kaš",
"cf": "kaš",
"gw": "beer",
"sense": "beer",
"norm0": "kaš",
"pos": "N",
"epos": "N",
"base": "kaš",
"morph": "~"}
}
,
{
"node": "l",
"frag": "gur₃-ru⸣",
"id": "P229366.l270fb",
"ref": "P229366.10.2",
"inst": "gur[lift]",
"sig": "@dcclt%sux:gur₃-ru=gur[lift//lift]V/t'V/t$gur/gur₃-ru#~",
"f": {"lang": "sux",
"form": "gur₃-ru",
"cf": "gur",
"gw": "lift",
"sense": "lift",
"norm0": "gur",
"pos": "V/t",
"epos": "V/t",
"base": "gur₃-ru",
"morph": "~"}
}
,
{
"node": "d",
"type": "line-start",
"ref": "P229366.11",
"n": "2'",
"label": "o ii 2'"}
,
{
"node": "l",
"frag": "kaš",
"id": "P229366.l270fc",
"ref": "P229366.11.1",
"inst": "kaš[beer]",
"sig": "@dcclt%sux:kaš=kaš[beer//beer]N'N$kaš/kaš#~",
"f": {"lang": "sux",
"form": "kaš",
"cf": "kaš",
"gw": "beer",
"sense": "beer",
"norm0": "kaš",
"pos": "N",
"epos": "N",
"base": "kaš",
"morph": "~"}
}
,
{
"node": "l",
"frag": "še-ri-a",
"id": "P229366.l270fd",
"ref": "P229366.11.2",
"inst": "šeria[dish]",
"sig": "@dcclt%sux:še-ri-a=šeria[dish//dish]N'N$šeria/še-ri-a#~",
"f": {"lang": "sux",
"form": "še-ri-a",
"cf": "šeria",
"gw": "dish",
"sense": "dish",
"norm0": "šeria",
"pos": "N",
"epos": "N",
"base": "še-ri-a",
"morph": "~"}
}
,
{
"node": "d",
"type": "line-start",
"ref": "P229366.12",
"n": "3'",
"label": "o ii 3'"}
,
{
"node": "l",
"frag": "kaš",
"id": "P229366.l270fe",
"ref": "P229366.12.1",
"inst": "kaš[beer]",
"sig": "@dcclt%sux:kaš=kaš[beer//beer]N'N$kaš/kaš#~",
"f": {"lang": "sux",
"form": "kaš",
"cf": "kaš",
"gw": "beer",
"sense": "beer",
"norm0": "kaš",
"pos": "N",
"epos": "N",
"base": "kaš",
"morph": "~"}
}
,
{
"node": "l",
"frag": "lu₃-a",
"id": "P229366.l270ff",
"ref": "P229366.12.2",
"inst": "lu[mix]",
"sig": "@dcclt%sux:lu₃-a=lu[mix//mix]V/t'V/t$lu;a/lu₃#~;a",
"f": {"lang": "sux",
"form": "lu₃-a",
"cf": "lu",
"gw": "mix",
"sense": "mix",
"norm0": "lu;a",
"pos": "V/t",
"epos": "V/t",
"base": "lu₃",
"morph": "~;a"}
}
,
{
"node": "d",
"type": "line-start",
"ref": "P229366.13",
"n": "4'",
"label": "o ii 4'"}
,
{
"node": "l",
"frag": "kaš",
"id": "P229366.l27100",
"ref": "P229366.13.1",
"inst": "kaš[beer]",
"sig": "@dcclt%sux:kaš=kaš[beer//beer]N'N$kaš/kaš#~",
"f": {"lang": "sux",
"form": "kaš",
"cf": "kaš",
"gw": "beer",
"sense": "beer",
"norm0": "kaš",
"pos": "N",
"epos": "N",
"base": "kaš",
"morph": "~"}
}
,
{
"node": "l",
"frag": "lu₃-lu₃",
"id": "P229366.l27101",
"ref": "P229366.13.2",
"inst": "lu[mix]",
"sig": "@dcclt%sux:lu₃-lu₃=lu[mix//mix]V/t'V/t$lu/lu₃-lu₃#~",
"f": {"lang": "sux",
"form": "lu₃-lu₃",
"cf": "lu",
"gw": "mix",
"sense": "mix",
"norm0": "lu",
"pos": "V/t",
"epos": "V/t",
"base": "lu₃-lu₃",
"morph": "~"}
}
,
{
"node": "d",
"type": "line-start",
"ref": "P229366.14",
"n": "5'",
"label": "o ii 5'"}
,
{
"node": "l",
"frag": "kaš",
"id": "P229366.l27102",
"ref": "P229366.14.1",
"inst": "kaš[beer]",
"sig": "@dcclt%sux:kaš=kaš[beer//beer]N'N$kaš/kaš#~",
"f": {"lang": "sux",
"form": "kaš",
"cf": "kaš",
"gw": "beer",
"sense": "beer",
"norm0": "kaš",
"pos": "N",
"epos": "N",
"base": "kaš",
"morph": "~"}
}
,
{
"node": "l",
"frag": "lu₃",
"id": "P229366.l27103",
"ref": "P229366.14.2",
"inst": "lu[mix]",
"sig": "@dcclt%sux:lu₃=lu[mix//mix]V/t'V/t$lu/lu₃#~",
"f": {"lang": "sux",
"form": "lu₃",
"cf": "lu",
"gw": "mix",
"sense": "mix",
"norm0": "lu",
"pos": "V/t",
"epos": "V/t",
"base": "lu₃",
"morph": "~"}
}
,
{
"node": "l",
"frag": "DU",
"id": "P229366.l27104",
"ref": "P229366.14.3",
"inst": "u",
"f": {"lang": "sux",
"form": "DU",
"pos": "u"}
}
,
{
"node": "d",
"type": "line-start",
"ref": "P229366.15",
"n": "6'",
"label": "o ii 6'"}
,
{
"node": "l",
"frag": "kaš",
"id": "P229366.l27105",
"ref": "P229366.15.1",
"inst": "kaš[beer]",
"sig": "@dcclt%sux:kaš=kaš[beer//beer]N'N$kaš/kaš#~",
"f": {"lang": "sux",
"form": "kaš",
"cf": "kaš",
"gw": "beer",
"sense": "beer",
"norm0": "kaš",
"pos": "N",
"epos": "N",
"base": "kaš",
"morph": "~"}
}
,
{
"node": "l",
"frag": "šu",
"id": "P229366.l27106",
"ref": "P229366.15.2",
"inst": "šu[hand]",
"sig": "@dcclt%sux:šu=šu[hand//hand]N'N$šu/šu#~",
"f": {"lang": "sux",
"form": "šu",
"cf": "šu",
"gw": "hand",
"sense": "hand",
"norm0": "šu",
"pos": "N",
"epos": "N",
"base": "šu",
"morph": "~"}
}
,
{
"node": "l",
"frag": "šub-ba",
"id": "P229366.l27107",
"ref": "P229366.15.3",
"inst": "šub[fall]",
"sig": "@dcclt%sux:šub-ba=šub[fall//fall]V/t'V/t$šub;a/šub+-ba=b.a#~;a",
"f": {"lang": "sux",
"form": "šub-ba",
"cf": "šub",
"gw": "fall",
"sense": "fall",
"norm0": "šub;a",
"pos": "V/t",
"epos": "V/t",
"base": "šub",
"cont": "-ba=b.a",
"morph": "~;a"}
}
,
{
"node": "d",
"type": "line-start",
"ref": "P229366.16",
"n": "7'",
"label": "o ii 7'"}
,
{
"node": "l",
"frag": "kaš",
"id": "P229366.l27108",
"ref": "P229366.16.1",
"inst": "kaš[beer]",
"sig": "@dcclt%sux:kaš=kaš[beer//beer]N'N$kaš/kaš#~",
"f": {"lang": "sux",
"form": "kaš",
"cf": "kaš",
"gw": "beer",
"sense": "beer",
"norm0": "kaš",
"pos": "N",
"epos": "N",
"base": "kaš",
"morph": "~"}
}
,
{
"node": "l",
"frag": "kiŋ₂",
"id": "P229366.l27109",
"ref": "P229366.16.2",
"inst": "kiŋ[work]",
"sig": "@dcclt%sux:kiŋ₂=kiŋ[work//to work]V/t'V/t$kiŋ/kiŋ₂#~",
"f": {"lang": "sux",
"form": "kiŋ₂",
"cf": "kiŋ",
"gw": "work",
"sense": "to work",
"norm0": "kiŋ",
"pos": "V/t",
"epos": "V/t",
"base": "kiŋ₂",
"morph": "~"}
}
,
{
"node": "l",
"frag": "ŋal₂-la",
"id": "P229366.l2710a",
"ref": "P229366.16.3",
"inst": "ŋal[to have]",
"sig": "@dcclt%sux:ŋal₂-la=ŋal[be//to have]V/i'V/i$ŋal;a/ŋal₂+-la=l.a#~;a",
"f": {"lang": "sux",
"form": "ŋal₂-la",
"cf": "ŋal",
"gw": "be",
"sense": "to have",
"norm0": "ŋal;a",
"pos": "V/i",
"epos": "V/i",
"base": "ŋal₂",
"cont": "-la=l.a",
"morph": "~;a"}
}
,
{
"node": "d",
"subtype": "reverse",
"type": "surface",
"ref": "P229366.r.17",
"type": "reverse",
"label": "r"}
,
{
"node": "d",
"subtype": "column 1r",
"type": "column",
"ref": "P229366.r.i.18",
"n": "1",
"label": "r i"}
,
{
"node": "d",
"type": "line-start",
"ref": "P229366.19",
"n": "1'",
"label": "r i 1'"}
,
{
"node": "l",
"frag": "kaš",
"id": "P229366.l2710b",
"ref": "P229366.19.1",
"inst": "kaš[beer]",
"sig": "@dcclt%sux:kaš=kaš[beer//beer]N'N$kaš/kaš#~",
"f": {"lang": "sux",
"form": "kaš",
"cf": "kaš",
"gw": "beer",
"sense": "beer",
"norm0": "kaš",
"pos": "N",
"epos": "N",
"base": "kaš",
"morph": "~"}
}
,
{
"node": "c",
"type": "phrase",
"tag": "phr",
"id": "P229366.U4",
"ref": "P229366.ls00000",
"cdl": [
{
"node": "l",
"frag": "saŋ",
"id": "P229366.l2710c",
"ref": "P229366.19.2",
"inst": "saŋ[head]",
"sig": "@dcclt%sux:saŋ=saŋ[head//head]N'N$saŋ/saŋ#~",
"f": {"lang": "sux",
"form": "saŋ",
"cf": "saŋ",
"gw": "head",
"sense": "head",
"norm0": "saŋ",
"pos": "N",
"epos": "N",
"base": "saŋ",
"morph": "~"}
}
,
{
"node": "l",
"frag": "ŋal₂-la",
"id": "P229366.l2710d",
"ref": "P229366.19.3",
"inst": "ŋal[to have]",
"sig": "@dcclt%sux:ŋal₂-la=ŋal[be//to have]V/i'V/i$ŋal;a/ŋal₂+-la=l.a#~;a",
"f": {"lang": "sux",
"form": "ŋal₂-la",
"cf": "ŋal",
"gw": "be",
"sense": "to have",
"norm0": "ŋal;a",
"pos": "V/i",
"epos": "V/i",
"base": "ŋal₂",
"cont": "-la=l.a",
"morph": "~;a"}
}
]}
,
{
"node": "d",
"type": "line-start",
"ref": "P229366.20",
"n": "2'",
"label": "r i 2'"}
,
{
"node": "l",
"frag": "kaš",
"id": "P229366.l2710e",
"ref": "P229366.20.1",
"inst": "kaš[beer]",
"sig": "@dcclt%sux:kaš=kaš[beer//beer]N'N$kaš/kaš#~",
"f": {"lang": "sux",
"form": "kaš",
"cf": "kaš",
"gw": "beer",
"sense": "beer",
"norm0": "kaš",
"pos": "N",
"epos": "N",
"base": "kaš",
"morph": "~"}
}
,
{
"node": "c",
"type": "phrase",
"tag": "phr",
"id": "P229366.U5",
"ref": "P229366.ls00001",
"cdl": [
{
"node": "l",
"frag": "saŋ",
"id": "P229366.l2710f",
"ref": "P229366.20.2",
"inst": "saŋ[head]",
"sig": "@dcclt%sux:saŋ=saŋ[head//head]N'N$saŋ/saŋ#~",
"f": {"lang": "sux",
"form": "saŋ",
"cf": "saŋ",
"gw": "head",
"sense": "head",
"norm0": "saŋ",
"pos": "N",
"epos": "N",
"base": "saŋ",
"morph": "~"}
}
,
{
"node": "l",
"frag": "nu-ŋal₂-la",
"id": "P229366.l27110",
"ref": "P229366.20.3",
"inst": "ŋal[to have]",
"sig": "@dcclt%sux:nu-ŋal₂-la=ŋal[be//to have]V/i'V/i$nu:ŋal;a/ŋal₂+-la=l.a#nu:~;a",
"f": {"lang": "sux",
"form": "nu-ŋal₂-la",
"cf": "ŋal",
"gw": "be",
"sense": "to have",
"norm0": "nu:ŋal;a",
"pos": "V/i",
"epos": "V/i",
"base": "ŋal₂",
"cont": "-la=l.a",
"morph": "nu:~;a"}
}
]}
,
{
"node": "d",
"type": "line-start",
"ref": "P229366.21",
"n": "3'",
"label": "r i 3'"}
,
{
"node": "l",
"frag": "kaš",
"id": "P229366.l27111",
"ref": "P229366.21.1",
"inst": "kaš[beer]",
"sig": "@dcclt%sux:kaš=kaš[beer//beer]N'N$kaš/kaš#~",
"f": {"lang": "sux",
"form": "kaš",
"cf": "kaš",
"gw": "beer",
"sense": "beer",
"norm0": "kaš",
"pos": "N",
"epos": "N",
"base": "kaš",
"morph": "~"}
}
,
{
"node": "l",
"frag": "naŋa",
"id": "P229366.l27112",
"ref": "P229366.21.2",
"inst": "naŋa[potash]",
"sig": "@dcclt%sux:naŋa=naŋa[potash//potash, soap]N'N$naŋa/naŋa#~",
"f": {"lang": "sux",
"form": "naŋa",
"cf": "naŋa",
"gw": "potash",
"sense": "potash, soap",
"norm0": "naŋa",
"pos": "N",
"epos": "N",
"base": "naŋa",
"morph": "~"}
}
,
{
"node": "d",
"type": "line-start",
"ref": "P229366.22",
"n": "4'",
"label": "r i 4'"}
,
{
"node": "l",
"frag": "kaš",
"id": "P229366.l27113",
"ref": "P229366.22.1",
"inst": "kaš[beer]",
"sig": "@dcclt%sux:kaš=kaš[beer//beer]N'N$kaš/kaš#~",
"f": {"lang": "sux",
"form": "kaš",
"cf": "kaš",
"gw": "beer",
"sense": "beer",
"norm0": "kaš",
"pos": "N",
"epos": "N",
"base": "kaš",
"morph": "~"}
}
,
{
"node": "l",
"frag": "|GA₂×(HA.LU.EŠ₂)|",
"id": "P229366.l27114",
"ref": "P229366.22.2",
"inst": "halub[tree]",
"sig": "@dcclt%sux:|GA₂×(HA.LU.EŠ₂)|=halub[tree//tree]N'N$halub/|GA₂×(HA.LU.EŠ₂)|#~",
"f": {"lang": "sux",
"form": "|GA₂×(HA.LU.EŠ₂)|",
"cf": "halub",
"gw": "tree",
"sense": "tree",
"norm0": "halub",
"pos": "N",
"epos": "N",
"base": "|GA₂×(HA.LU.EŠ₂)|",
"morph": "~"}
}
,
{
"node": "d",
"type": "line-start",
"ref": "P229366.23",
"n": "5'",
"label": "r i 5'"}
,
{
"node": "l",
"frag": "kaš",
"id": "P229366.l27115",
"ref": "P229366.23.1",
"inst": "kaš[beer]",
"sig": "@dcclt%sux:kaš=kaš[beer//beer]N'N$kaš/kaš#~",
"f": {"lang": "sux",
"form": "kaš",
"cf": "kaš",
"gw": "beer",
"sense": "beer",
"norm0": "kaš",
"pos": "N",
"epos": "N",
"base": "kaš",
"morph": "~"}
}
,
{
"node": "l",
"frag": "ti",
"id": "P229366.l27116",
"ref": "P229366.23.2",
"inst": "ti[arrow]",
"sig": "@dcclt%sux:ti=ti[arrow//arrow]N'N$ti/ti#~",
"f": {"lang": "sux",
"form": "ti",
"cf": "ti",
"gw": "arrow",
"sense": "arrow",
"norm0": "ti",
"pos": "N",
"epos": "N",
"base": "ti",
"morph": "~"}
}
,
{
"node": "d",
"type": "line-start",
"ref": "P229366.24",
"n": "6'",
"label": "r i 6'"}
,
{
"node": "l",
"frag": "kaš",
"id": "P229366.l27117",
"ref": "P229366.24.1",
"inst": "kaš[beer]",
"sig": "@dcclt%sux:kaš=kaš[beer//beer]N'N$kaš/kaš#~",
"f": {"lang": "sux",
"form": "kaš",
"cf": "kaš",
"gw": "beer",
"sense": "beer",
"norm0": "kaš",
"pos": "N",
"epos": "N",
"base": "kaš",
"morph": "~"}
}
,
{
"node": "l",
"frag": "ti",
"id": "P229366.l27118",
"ref": "P229366.24.2",
"inst": "ti[arrow]",
"sig": "@dcclt%sux:ti=ti[arrow//arrow]N'N$ti/ti#~",
"f": {"lang": "sux",
"form": "ti",
"cf": "ti",
"gw": "arrow",
"sense": "arrow",
"norm0": "ti",
"pos": "N",
"epos": "N",
"base": "ti",
"morph": "~"}
}
,
{
"node": "l",
"frag": "ri-a",
"id": "P229366.l27119",
"ref": "P229366.24.3",
"inst": "ri[unmng]",
"sig": "@dcclt%sux:ri-a=ri[unmng//(unknown meaning)]N'N$ri,ak/ri#~,ak",
"f": {"lang": "sux",
"form": "ri-a",
"cf": "ri",
"gw": "unmng",
"sense": "(unknown meaning)",
"norm0": "ri,ak",
"pos": "N",
"epos": "N",
"base": "ri",
"morph": "~,ak"}
}
]}
]}
]}
,
{
"linkbase": [{
"type": "linkset",
"xlink_title": "saŋ ŋal[advance//to advance against, to oppose, to attack]V/t'V/t",
"id": "P229366.ls00000",
"xlink_type": "extended",
"xlink_role": "psu",
"sig": "{saŋ ŋal₂-la = saŋ[head]N ŋal[be]V/i += saŋ ŋal[advance//to advance against, to oppose, to attack]V/t'V/t}::@dcclt%sux:saŋ=saŋ[head//head]N'N$saŋ/saŋ#~++@dcclt%sux:ŋal₂-la=ŋal[be//be]V/i'V/i$ŋal;a/ŋal₂+-la=l.a#~;a",
"links": [
{
"type": "link",
"xlink_title": "saŋ",
"xlink_type": "locator",
"xlink_href": "#P229366.l2710c",
"xlink_role": "elt"}
,
{
"type": "link",
"xlink_title": "ŋal",
"xlink_type": "locator",
"xlink_href": "#P229366.l2710d",
"xlink_role": "elt"}
]}
,
{
"type": "linkset",
"xlink_title": "saŋ ŋal[advance//to advance against, to oppose, to attack]V/t'V/t",
"id": "P229366.ls00001",
"xlink_type": "extended",
"xlink_role": "psu",
"sig": "{saŋ nu-ŋal₂-la = saŋ[head]N ŋal[be]V/i += saŋ ŋal[advance//to advance against, to oppose, to attack]V/t'V/t}::@dcclt%sux:saŋ=saŋ[head//head]N'N$saŋ/saŋ#~++@dcclt%sux:nu-ŋal₂-la=ŋal[be//be]V/i'V/i$nu:ŋal;a/ŋal₂+-la=l.a#nu:~;a",
"links": [
{
"type": "link",
"xlink_title": "saŋ",
"xlink_type": "locator",
"xlink_href": "#P229366.l2710f",
"xlink_role": "elt"}
,
{
"type": "link",
"xlink_title": "ŋal",
"xlink_type": "locator",
"xlink_href": "#P229366.l27110",
"xlink_role": "elt"}
]}
]}
]}
