{
"type": "cdl",
  "source": "http://oracc.org/dcclt",
  "license": "This data is released under the CC0 license",
  "license-url": "https://creativecommons.org/publicdomain/zero/1.0/",
  "more-info": "http://oracc.org/doc/opendata/",
  "UTC-timestamp": "2017-05-19T18:24:35",
"project": "dcclt",
"textid": "P229304",
"cdl": [
{
"node": "c",
"type": "text",
"id": "P229304.U0",
"cdl": [
{
"node": "d",
"type": "object",
"ref": ""}
,
{
"node": "d",
"type": "surface",
"ref": ""}
,
{
"node": "d",
"subtype": "column 1",
"type": "column",
"ref": "P229304.i.1",
"n": "1",
"label": "i"}
,
{
"node": "c",
"type": "discourse",
"subtype": "body",
"id": "P229304.U1",
"cdl": [
{
"node": "c",
"type": "sentence",
"id": "P229304.U2",
"label": "i 1' - r v 7'",
"cdl": [
{
"node": "d",
"type": "line-start",
"ref": "P229304.2",
"n": "1'",
"label": "i 1'"}
,
{
"node": "l",
"frag": "[bappir₂",
"id": "P229304.l27346",
"ref": "P229304.2.1",
"inst": "bappir[~beer]",
"sig": "@dcclt%sux:bappir₂=bappir[~beer//an ingredient in beer-making]N'N$bappir/bappir₂#~",
"f": {"lang": "sux",
"form": "bappir₂",
"cf": "bappir",
"gw": "~beer",
"sense": "an ingredient in beer-making",
"norm0": "bappir",
"pos": "N",
"epos": "N",
"base": "bappir₂",
"morph": "~"}
}
,
{
"node": "l",
"frag": "al]-⸢ah₃⸣",
"id": "P229304.l27347",
"ref": "P229304.2.2",
"inst": "ah[dry]",
"sig": "@dcclt%sux:al-ah₃=ah[dry//dry]V/i'V/i$al:ah/ah₃#al:~",
"f": {"lang": "sux",
"form": "al-ah₃",
"cf": "ah",
"gw": "dry",
"sense": "dry",
"norm0": "al:ah",
"pos": "V/i",
"epos": "V/i",
"base": "ah₃",
"morph": "al:~"}
}
,
{
"node": "d",
"type": "line-start",
"ref": "P229304.3",
"n": "2'",
"label": "i 2'"}
,
{
"node": "l",
"frag": "[...]",
"id": "P229304.l27348",
"ref": "P229304.3.1",
"inst": "u",
"f": {"lang": "sux",
"form": "x",
"pos": "u"}
}
,
{
"node": "l",
"frag": "⸢x⸣",
"id": "P229304.l27349",
"ref": "P229304.3.2",
"inst": "u",
"f": {"lang": "sux",
"form": "x",
"pos": "u"}
}
,
{
"node": "d",
"type": "line-start",
"ref": "P229304.4",
"n": "3'",
"label": "i 3'"}
,
{
"node": "l",
"frag": "[bappir₂]",
"id": "P229304.l2734a",
"ref": "P229304.4.1",
"inst": "bappir[~beer]",
"sig": "@dcclt%sux:bappir₂=bappir[~beer//an ingredient in beer-making]N'N$bappir/bappir₂#~",
"f": {"lang": "sux",
"form": "bappir₂",
"cf": "bappir",
"gw": "~beer",
"sense": "an ingredient in beer-making",
"norm0": "bappir",
"pos": "N",
"epos": "N",
"base": "bappir₂",
"morph": "~"}
}
,
{
"node": "l",
"frag": "⸢ud",
"id": "P229304.l2734b",
"ref": "P229304.4.2",
"inst": "ud[sun]",
"sig": "@dcclt%sux:ud=ud[sun//sun]N'N$ud/ud#~",
"f": {"lang": "sux",
"form": "ud",
"cf": "ud",
"gw": "sun",
"sense": "sun",
"norm0": "ud",
"pos": "N",
"epos": "N",
"base": "ud",
"morph": "~"}
}
,
{
"node": "l",
"frag": "tab-ba⸣",
"id": "P229304.l2734c",
"ref": "P229304.4.3",
"inst": "tab[double]",
"sig": "@dcclt%sux:tab-ba=tab[double//double]V/t'V/t$tab;a/tab+-ba=b.a#~;a",
"f": {"lang": "sux",
"form": "tab-ba",
"cf": "tab",
"gw": "double",
"sense": "double",
"norm0": "tab;a",
"pos": "V/t",
"epos": "V/t",
"base": "tab",
"cont": "-ba=b.a",
"morph": "~;a"}
}
,
{
"node": "d",
"type": "line-start",
"ref": "P229304.5",
"n": "4'",
"label": "i 4'"}
,
{
"node": "l",
"frag": "[bappir₂]",
"id": "P229304.l2734d",
"ref": "P229304.5.1",
"inst": "bappir[~beer]",
"sig": "@dcclt%sux:bappir₂=bappir[~beer//an ingredient in beer-making]N'N$bappir/bappir₂#~",
"f": {"lang": "sux",
"form": "bappir₂",
"cf": "bappir",
"gw": "~beer",
"sense": "an ingredient in beer-making",
"norm0": "bappir",
"pos": "N",
"epos": "N",
"base": "bappir₂",
"morph": "~"}
}
,
{
"node": "l",
"frag": "sumun₂",
"id": "P229304.l2734e",
"ref": "P229304.5.2",
"inst": "sumun[beer mash]",
"sig": "@dcclt%sux:sumun₂=sumun[vessel//beer mash]N'N$sumun/sumun₂#~",
"f": {"lang": "sux",
"form": "sumun₂",
"cf": "sumun",
"gw": "vessel",
"sense": "beer mash",
"norm0": "sumun",
"pos": "N",
"epos": "N",
"base": "sumun₂",
"morph": "~"}
}
,
{
"node": "d",
"type": "line-start",
"ref": "P229304.6",
"n": "5'",
"label": "i 5'"}
,
{
"node": "l",
"frag": "[sumun₂",
"id": "P229304.l2734f",
"ref": "P229304.6.1",
"inst": "sumun[beer mash]N",
"sig": "@dcclt%sux:sumun₂=sumun[vessel//beer mash]N'N$sumun/sumun₂#~",
"f": {"lang": "sux",
"form": "sumun₂",
"cf": "sumun",
"gw": "vessel",
"sense": "beer mash",
"norm0": "sumun",
"pos": "N",
"epos": "N",
"base": "sumun₂",
"morph": "~"}
}
,
{
"node": "c",
"type": "phrase",
"tag": "phr",
"id": "P229304.U4",
"ref": "P229304.ls00000",
"cdl": [
{
"node": "l",
"frag": "a]",
"id": "P229304.l27350",
"ref": "P229304.6.2",
"inst": "a[water]",
"sig": "@dcclt%sux:a=a[water//water]N'N$a/a#~",
"f": {"lang": "sux",
"form": "a",
"cf": "a",
"gw": "water",
"sense": "water",
"norm0": "a",
"pos": "N",
"epos": "N",
"base": "a",
"morph": "~"}
}
,
{
"node": "l",
"frag": "⸢ŋar⸣-ra",
"id": "P229304.l27351",
"ref": "P229304.6.3",
"inst": "ŋar[place\\t]",
"sig": "@dcclt%sux:ŋar-ra=ŋar[place//place]V/t'V/t$ŋar;a/ŋar+-ra=r.a#~;a",
"f": {"lang": "sux",
"form": "ŋar-ra",
"cf": "ŋar",
"gw": "place",
"sense": "place",
"norm0": "ŋar;a",
"pos": "V/t",
"epos": "V/t",
"base": "ŋar",
"cont": "-ra=r.a",
"morph": "~;a"}
}
]}
,
{
"node": "d",
"type": "line-start",
"ref": "P229304.7",
"n": "6'",
"label": "i 6'"}
,
{
"node": "l",
"frag": "[sumun₂",
"id": "P229304.l27352",
"ref": "P229304.7.1",
"inst": "sumun[beer mash]N",
"sig": "@dcclt%sux:sumun₂=sumun[vessel//beer mash]N'N$sumun/sumun₂#~",
"f": {"lang": "sux",
"form": "sumun₂",
"cf": "sumun",
"gw": "vessel",
"sense": "beer mash",
"norm0": "sumun",
"pos": "N",
"epos": "N",
"base": "sumun₂",
"morph": "~"}
}
,
{
"node": "l",
"frag": "a]",
"id": "P229304.l27353",
"ref": "P229304.7.2",
"inst": "a[water]",
"sig": "@dcclt%sux:a=a[water//water]N'N$a/a#~",
"f": {"lang": "sux",
"form": "a",
"cf": "a",
"gw": "water",
"sense": "water",
"norm0": "a",
"pos": "N",
"epos": "N",
"base": "a",
"morph": "~"}
}
,
{
"node": "l",
"frag": "⸢sig₁₀⸣-ga",
"id": "P229304.l27354",
"ref": "P229304.7.3",
"inst": "sig[put]",
"sig": "@dcclt%sux:sig₁₀-ga=sig[put//put]V/t'V/t$sig;a/sig₁₀+-ga=g.a#~;a",
"f": {"lang": "sux",
"form": "sig₁₀-ga",
"cf": "sig",
"gw": "put",
"sense": "put",
"norm0": "sig;a",
"pos": "V/t",
"epos": "V/t",
"base": "sig₁₀",
"cont": "-ga=g.a",
"morph": "~;a"}
}
,
{
"node": "d",
"type": "line-start",
"ref": "P229304.8",
"n": "7'",
"label": "i 7'"}
,
{
"node": "l",
"frag": "[sumun₂",
"id": "P229304.l27355",
"ref": "P229304.8.1",
"inst": "sumun[beer mash]N",
"sig": "@dcclt%sux:sumun₂=sumun[vessel//beer mash]N'N$sumun/sumun₂#~",
"f": {"lang": "sux",
"form": "sumun₂",
"cf": "sumun",
"gw": "vessel",
"sense": "beer mash",
"norm0": "sumun",
"pos": "N",
"epos": "N",
"base": "sumun₂",
"morph": "~"}
}
,
{
"node": "l",
"frag": "sur]-⸢ra⸣",
"id": "P229304.l27356",
"ref": "P229304.8.2",
"inst": "sur[squeeze]",
"sig": "@dcclt%sux:sur-ra=sur[press//to press, squeeze]V/t'V/t$sur;a/sur+-ra=r.a#~;a",
"f": {"lang": "sux",
"form": "sur-ra",
"cf": "sur",
"gw": "press",
"sense": "to press, squeeze",
"norm0": "sur;a",
"pos": "V/t",
"epos": "V/t",
"base": "sur",
"cont": "-ra=r.a",
"morph": "~;a"}
}
,
{
"node": "d",
"type": "line-start",
"ref": "P229304.9",
"n": "8'",
"label": "i 8'"}
,
{
"node": "l",
"frag": "⸢titab₂⸣",
"id": "P229304.l27357",
"ref": "P229304.9.1",
"inst": "titab[~beer]",
"sig": "@dcclt%sux:titab₂=titab[~beer//an ingredient in beer-making]N'N$titab/titab₂#~",
"f": {"lang": "sux",
"form": "titab₂",
"cf": "titab",
"gw": "~beer",
"sense": "an ingredient in beer-making",
"norm0": "titab",
"pos": "N",
"epos": "N",
"base": "titab₂",
"morph": "~"}
}
,
{
"node": "d",
"type": "line-start",
"ref": "P229304.10",
"n": "9'",
"label": "i 9'"}
,
{
"node": "l",
"frag": "[zid₂]",
"id": "P229304.l27358",
"ref": "P229304.10.1",
"inst": "zid[flour]",
"sig": "@dcclt%sux:zid₂=zid[flour//flour]N'N$zid/zid₂#~",
"f": {"lang": "sux",
"form": "zid₂",
"cf": "zid",
"gw": "flour",
"sense": "flour",
"norm0": "zid",
"pos": "N",
"epos": "N",
"base": "zid₂",
"morph": "~"}
}
,
{
"node": "l",
"frag": "⸢munu₄⸣",
"id": "P229304.l27359",
"ref": "P229304.10.2",
"inst": "munu[malt]",
"sig": "@dcclt%sux:munu₄=munu[malt//malt]N'N$munu/munu₄#~",
"f": {"lang": "sux",
"form": "munu₄",
"cf": "munu",
"gw": "malt",
"sense": "malt",
"norm0": "munu",
"pos": "N",
"epos": "N",
"base": "munu₄",
"morph": "~"}
}
,
{
"node": "d",
"type": "line-start",
"ref": "P229304.11",
"n": "10'",
"label": "i 10'"}
,
{
"node": "l",
"frag": "[...]",
"id": "P229304.l2735a",
"ref": "P229304.11.1",
"inst": "u",
"f": {"lang": "sux",
"form": "x",
"pos": "u"}
}
,
{
"node": "l",
"frag": "⸢DU⸣-a",
"id": "P229304.l2735b",
"ref": "P229304.11.2",
"inst": "u",
"f": {"lang": "sux",
"form": "DU-a",
"pos": "u"}
}
,
{
"node": "d",
"type": "line-start",
"ref": "P229304.12",
"n": "11'",
"label": "i 11'"}
,
{
"node": "l",
"frag": "[...]",
"id": "P229304.l2735c",
"ref": "P229304.12.1",
"inst": "u",
"f": {"lang": "sux",
"form": "x",
"pos": "u"}
}
,
{
"node": "l",
"frag": "duru₅",
"id": "P229304.l2735d",
"ref": "P229304.12.2",
"inst": "duru[wet]",
"sig": "@dcclt%sux:duru₅=duru[wet//(to be) wet, irrigated, damp, fresh]V/i'V/i$duru/duru₅#~",
"f": {"lang": "sux",
"form": "duru₅",
"cf": "duru",
"gw": "wet",
"sense": "(to be) wet, irrigated, damp, fresh",
"norm0": "duru",
"pos": "V/i",
"epos": "V/i",
"base": "duru₅",
"morph": "~"}
}
,
{
"node": "d",
"type": "line-start",
"ref": "P229304.13",
"n": "12'",
"label": "i 12'"}
,
{
"node": "l",
"frag": "[...]",
"id": "P229304.l2735e",
"ref": "P229304.13.1",
"inst": "u",
"f": {"lang": "sux",
"form": "x",
"pos": "u"}
}
,
{
"node": "l",
"frag": "ah₃",
"id": "P229304.l2735f",
"ref": "P229304.13.2",
"inst": "ah[dry]",
"sig": "@dcclt%sux:ah₃=ah[dry//dry]V/i'V/i$ah/ah₃#~",
"f": {"lang": "sux",
"form": "ah₃",
"cf": "ah",
"gw": "dry",
"sense": "dry",
"norm0": "ah",
"pos": "V/i",
"epos": "V/i",
"base": "ah₃",
"morph": "~"}
}
,
{
"node": "d",
"type": "line-start",
"ref": "P229304.14",
"n": "13'",
"label": "i 13'"}
,
{
"node": "l",
"frag": "[...]",
"id": "P229304.l27360",
"ref": "P229304.14.1",
"inst": "u",
"f": {"lang": "sux",
"form": "x",
"pos": "u"}
}
,
{
"node": "l",
"frag": "⸢x⸣",
"id": "P229304.l27361",
"ref": "P229304.14.2",
"inst": "u",
"f": {"lang": "sux",
"form": "x",
"pos": "u"}
}
,
{
"node": "d",
"type": "line-start",
"ref": "P229304.15",
"n": "14'",
"label": "i 14'"}
,
{
"node": "l",
"frag": "[...]",
"id": "P229304.l27362",
"ref": "P229304.15.1",
"inst": "u",
"f": {"lang": "sux",
"form": "x",
"pos": "u"}
}
,
{
"node": "l",
"frag": "⸢x⸣",
"id": "P229304.l27363",
"ref": "P229304.15.2",
"inst": "u",
"f": {"lang": "sux",
"form": "x",
"pos": "u"}
}
,
{
"node": "d",
"subtype": "column 2",
"type": "column",
"ref": "P229304.ii.16",
"n": "2",
"label": "ii"}
,
{
"node": "d",
"type": "line-start",
"ref": "P229304.17",
"n": "1'",
"label": "ii 1'"}
,
{
"node": "l",
"frag": "[zid₂",
"id": "P229304.l27364",
"ref": "P229304.17.1",
"inst": "zid[flour]",
"sig": "@dcclt%sux:zid₂=zid[flour//flour]N'N$zid/zid₂#~",
"f": {"lang": "sux",
"form": "zid₂",
"cf": "zid",
"gw": "flour",
"sense": "flour",
"norm0": "zid",
"pos": "N",
"epos": "N",
"base": "zid₂",
"morph": "~"}
}
,
{
"node": "l",
"frag": "gu₂]-nida",
"id": "P229304.l27365",
"ref": "P229304.17.2",
"inst": "gunida[grain]",
"sig": "@dcclt%sux:gu₂-nida=gunida[~grain//a designation of grain]N'N$gunida/gu₂-nida#~",
"f": {"lang": "sux",
"form": "gu₂-nida",
"cf": "gunida",
"gw": "~grain",
"sense": "a designation of grain",
"norm0": "gunida",
"pos": "N",
"epos": "N",
"base": "gu₂-nida",
"morph": "~"}
}
,
{
"node": "d",
"type": "nonw",
"ref": ""}
,
{
"node": "d",
"type": "line-start",
"ref": "P229304.18",
"n": "2'",
"label": "ii 2'"}
,
{
"node": "l",
"frag": "zid₂-sig₁₅",
"id": "P229304.l27366",
"ref": "P229304.18.1",
"inst": "zidsig[flour]",
"sig": "@dcclt%sux:zid₂-sig₁₅=zidsig[flour//a type of flour]N'N$zidsig/zid₂-sig₁₅#~",
"f": {"lang": "sux",
"form": "zid₂-sig₁₅",
"cf": "zidsig",
"gw": "flour",
"sense": "a type of flour",
"norm0": "zidsig",
"pos": "N",
"epos": "N",
"base": "zid₂-sig₁₅",
"morph": "~"}
}
,
{
"node": "d",
"type": "nonw",
"ref": ""}
,
{
"node": "d",
"type": "line-start",
"ref": "P229304.19",
"n": "3'",
"label": "ii 3'"}
,
{
"node": "l",
"frag": "zid₂-gu",
"id": "P229304.l27367",
"ref": "P229304.19.1",
"inst": "zidgu[flour]",
"sig": "@dcclt%sux:zid₂-gu=zidgu[flour//flour]N'N$zidgu/zid₂-gu#~",
"f": {"lang": "sux",
"form": "zid₂-gu",
"cf": "zidgu",
"gw": "flour",
"sense": "flour",
"norm0": "zidgu",
"pos": "N",
"epos": "N",
"base": "zid₂-gu",
"morph": "~"}
}
,
{
"node": "d",
"type": "nonw",
"ref": ""}
,
{
"node": "d",
"type": "line-start",
"ref": "P229304.20",
"n": "4'",
"label": "ii 4'"}
,
{
"node": "l",
"frag": "zid₂-gu",
"id": "P229304.l27368",
"ref": "P229304.20.1",
"inst": "zidgu[flour]",
"sig": "@dcclt%sux:zid₂-gu=zidgu[flour//flour]N'N$zidgu/zid₂-gu#~",
"f": {"lang": "sux",
"form": "zid₂-gu",
"cf": "zidgu",
"gw": "flour",
"sense": "flour",
"norm0": "zidgu",
"pos": "N",
"epos": "N",
"base": "zid₂-gu",
"morph": "~"}
}
,
{
"node": "l",
"frag": "sag₁₀",
"id": "P229304.l27369",
"ref": "P229304.20.2",
"inst": "sag[rare]",
"sig": "@dcclt%sux:sag₁₀=sag[rare//(to be) rare, precious]V/i'V/i$sag/sag₁₀#~",
"f": {"lang": "sux",
"form": "sag₁₀",
"cf": "sag",
"gw": "rare",
"sense": "(to be) rare, precious",
"norm0": "sag",
"pos": "V/i",
"epos": "V/i",
"base": "sag₁₀",
"morph": "~"}
}
,
{
"node": "d",
"type": "line-start",
"ref": "P229304.21",
"n": "5'",
"label": "ii 5'"}
,
{
"node": "l",
"frag": "zid₂-gu",
"id": "P229304.l2736a",
"ref": "P229304.21.1",
"inst": "zidgu[flour]",
"sig": "@dcclt%sux:zid₂-gu=zidgu[flour//flour]N'N$zidgu/zid₂-gu#~",
"f": {"lang": "sux",
"form": "zid₂-gu",
"cf": "zidgu",
"gw": "flour",
"sense": "flour",
"norm0": "zidgu",
"pos": "N",
"epos": "N",
"base": "zid₂-gu",
"morph": "~"}
}
,
{
"node": "l",
"frag": "ŋen",
"id": "P229304.l2736b",
"ref": "P229304.21.2",
"inst": "ŋen[go]",
"sig": "@dcclt%sux:ŋen=ŋen[go//go]V/i'V/i$ŋen/ŋen#~",
"f": {"lang": "sux",
"form": "ŋen",
"cf": "ŋen",
"gw": "go",
"sense": "go",
"norm0": "ŋen",
"pos": "V/i",
"epos": "V/i",
"base": "ŋen",
"morph": "~"}
}
,
{
"node": "d",
"type": "line-start",
"ref": "P229304.22",
"n": "6'",
"label": "ii 6'"}
,
{
"node": "l",
"frag": "zid₂-gu",
"id": "P229304.l2736c",
"ref": "P229304.22.1",
"inst": "zidgu[flour]",
"sig": "@dcclt%sux:zid₂-gu=zidgu[flour//flour]N'N$zidgu/zid₂-gu#~",
"f": {"lang": "sux",
"form": "zid₂-gu",
"cf": "zidgu",
"gw": "flour",
"sense": "flour",
"norm0": "zidgu",
"pos": "N",
"epos": "N",
"base": "zid₂-gu",
"morph": "~"}
}
,
{
"node": "d",
"frag": "<<mu>>",
"type": "nonw",
"ref": "P229304.22.2",
"lang": "sux",
"type": "excised",
"gdl_delim": " "}
,
{
"node": "l",
"frag": "us₂",
"id": "P229304.l2736d",
"ref": "P229304.22.3",
"inst": "us[follow]",
"sig": "@dcclt%sux:us₂=us[follow//follow]V/t'V/t$us/us₂#~",
"f": {"lang": "sux",
"form": "us₂",
"cf": "us",
"gw": "follow",
"sense": "follow",
"norm0": "us",
"pos": "V/t",
"epos": "V/t",
"base": "us₂",
"morph": "~"}
}
,
{
"node": "d",
"type": "line-start",
"ref": "P229304.23",
"n": "7'",
"label": "ii 7'"}
,
{
"node": "l",
"frag": "zid₂",
"id": "P229304.l2736e",
"ref": "P229304.23.1",
"inst": "zid[flour]",
"sig": "@dcclt%sux:zid₂=zid[flour//flour]N'N$zid/zid₂#~",
"f": {"lang": "sux",
"form": "zid₂",
"cf": "zid",
"gw": "flour",
"sense": "flour",
"norm0": "zid",
"pos": "N",
"epos": "N",
"base": "zid₂",
"morph": "~"}
}
,
{
"node": "l",
"frag": "eš₅-kam-ma-še₃",
"id": "P229304.l2736f",
"ref": "P229304.23.2",
"inst": "eš[three]",
"sig": "@dcclt%sux:eš₅-kam-ma-še₃=eš[three//three]NU'NU$eš,ak.am.ak.eše/eš₅#~,ak.am.ak.eše",
"f": {"lang": "sux",
"form": "eš₅-kam-ma-še₃",
"cf": "eš",
"gw": "three",
"sense": "three",
"norm0": "eš,ak.am.ak.eše",
"pos": "NU",
"epos": "NU",
"base": "eš₅",
"morph": "~,ak.am.ak.eše"}
}
,
{
"node": "d",
"type": "line-start",
"ref": "P229304.24",
"n": "8'",
"label": "ii 8'"}
,
{
"node": "l",
"frag": "zid₂",
"id": "P229304.l27370",
"ref": "P229304.24.1",
"inst": "zid[flour]",
"sig": "@dcclt%sux:zid₂=zid[flour//flour]N'N$zid/zid₂#~",
"f": {"lang": "sux",
"form": "zid₂",
"cf": "zid",
"gw": "flour",
"sense": "flour",
"norm0": "zid",
"pos": "N",
"epos": "N",
"base": "zid₂",
"morph": "~"}
}
,
{
"node": "l",
"frag": "du₈",
"id": "P229304.l27371",
"ref": "P229304.24.2",
"inst": "du[spread]",
"sig": "@dcclt%sux:du₈=du[spread//spread]V/t'V/t$du/du₈#~",
"f": {"lang": "sux",
"form": "du₈",
"cf": "du",
"gw": "spread",
"sense": "spread",
"norm0": "du",
"pos": "V/t",
"epos": "V/t",
"base": "du₈",
"morph": "~"}
}
,
{
"node": "d",
"type": "line-start",
"ref": "P229304.25",
"n": "9'",
"label": "ii 9'"}
,
{
"node": "l",
"frag": "zid₂-milla",
"id": "P229304.l27372",
"ref": "P229304.25.1",
"inst": "zidmilla[flour]",
"sig": "@dcclt%sux:zid₂-milla=zidmilla[flour//flour]N'N$zidmilla/zid₂-milla#~",
"f": {"lang": "sux",
"form": "zid₂-milla",
"cf": "zidmilla",
"gw": "flour",
"sense": "flour",
"norm0": "zidmilla",
"pos": "N",
"epos": "N",
"base": "zid₂-milla",
"morph": "~"}
}
,
{
"node": "d",
"type": "nonw",
"ref": ""}
,
{
"node": "d",
"type": "line-start",
"ref": "P229304.26",
"n": "10'",
"label": "ii 10'"}
,
{
"node": "c",
"type": "phrase",
"tag": "phr",
"id": "P229304.U5",
"ref": "P229304.ls00001",
"cdl": [
{
"node": "l",
"frag": "zid₂",
"id": "P229304.l27373",
"ref": "P229304.26.1",
"inst": "zid[flour]",
"sig": "@dcclt%sux:zid₂=zid[flour//flour]N'N$zid/zid₂#~",
"f": {"lang": "sux",
"form": "zid₂",
"cf": "zid",
"gw": "flour",
"sense": "flour",
"norm0": "zid",
"pos": "N",
"epos": "N",
"base": "zid₂",
"morph": "~"}
}
,
{
"node": "l",
"frag": "še",
"id": "P229304.l27374",
"ref": "P229304.26.2",
"inst": "še[barley]",
"sig": "@dcclt%sux:še=še[barley//barley]N'N$še/še#~",
"f": {"lang": "sux",
"form": "še",
"cf": "še",
"gw": "barley",
"sense": "barley",
"norm0": "še",
"pos": "N",
"epos": "N",
"base": "še",
"morph": "~"}
}
,
{
"node": "l",
"frag": "sa-a",
"id": "P229304.l27375",
"ref": "P229304.26.3",
"inst": "sa[roast]",
"sig": "@dcclt%sux:sa-a=sa[roast//to roast]V/t'V/t$sa;a/sa#~;a",
"f": {"lang": "sux",
"form": "sa-a",
"cf": "sa",
"gw": "roast",
"sense": "to roast",
"norm0": "sa;a",
"pos": "V/t",
"epos": "V/t",
"base": "sa",
"morph": "~;a"}
}
]}
,
{
"node": "d",
"type": "line-start",
"ref": "P229304.27",
"n": "11'",
"label": "ii 11'"}
,
{
"node": "l",
"frag": "zid₂-dub-dub-bu",
"id": "P229304.l27376",
"ref": "P229304.27.1",
"inst": "ziddubdub[flour heap]",
"sig": "@dcclt%sux:zid₂-dub-dub-bu=ziddubdub[flour heap//flour heap]N'N$ziddubdub/zid₂-dub-dub-bu#~",
"f": {"lang": "sux",
"form": "zid₂-dub-dub-bu",
"cf": "ziddubdub",
"gw": "flour heap",
"sense": "flour heap",
"norm0": "ziddubdub",
"pos": "N",
"epos": "N",
"base": "zid₂-dub-dub-bu",
"morph": "~"}
}
,
{
"node": "d",
"type": "nonw",
"ref": ""}
,
{
"node": "d",
"type": "line-start",
"ref": "P229304.28",
"n": "12'",
"label": "ii 12'"}
,
{
"node": "l",
"frag": "zid₂",
"id": "P229304.l27377",
"ref": "P229304.28.1",
"inst": "zid[flour]",
"sig": "@dcclt%sux:zid₂=zid[flour//flour]N'N$zid/zid₂#~",
"f": {"lang": "sux",
"form": "zid₂",
"cf": "zid",
"gw": "flour",
"sense": "flour",
"norm0": "zid",
"pos": "N",
"epos": "N",
"base": "zid₂",
"morph": "~"}
}
,
{
"node": "l",
"frag": "ma-ad-ŋa₂",
"id": "P229304.l27378",
"ref": "P229304.28.2",
"inst": "madŋa[~flour]",
"sig": "@dcclt%sux:ma-ad-ŋa₂=madŋa[~flour//a designation of flour]N'N$madŋa/ma-ad-ŋa₂#~",
"f": {"lang": "sux",
"form": "ma-ad-ŋa₂",
"cf": "madŋa",
"gw": "~flour",
"sense": "a designation of flour",
"norm0": "madŋa",
"pos": "N",
"epos": "N",
"base": "ma-ad-ŋa₂",
"morph": "~"}
}
,
{
"node": "d",
"type": "line-start",
"ref": "P229304.29",
"n": "13'",
"label": "ii 13'"}
,
{
"node": "l",
"frag": "zid₂",
"id": "P229304.l27379",
"ref": "P229304.29.1",
"inst": "zid[flour]",
"sig": "@dcclt%sux:zid₂=zid[flour//flour]N'N$zid/zid₂#~",
"f": {"lang": "sux",
"form": "zid₂",
"cf": "zid",
"gw": "flour",
"sense": "flour",
"norm0": "zid",
"pos": "N",
"epos": "N",
"base": "zid₂",
"morph": "~"}
}
,
{
"node": "l",
"frag": "e₂-da-di",
"id": "P229304.l2737a",
"ref": "P229304.29.2",
"inst": "edadi[flour]",
"sig": "@dcclt%sux:e₂-da-di=edadi[flour//a flour]N'N$edadi/e₂-da-di#~",
"f": {"lang": "sux",
"form": "e₂-da-di",
"cf": "edadi",
"gw": "flour",
"sense": "a flour",
"norm0": "edadi",
"pos": "N",
"epos": "N",
"base": "e₂-da-di",
"morph": "~"}
}
,
{
"node": "d",
"type": "line-start",
"ref": "P229304.30",
"n": "14'",
"label": "ii 14'"}
,
{
"node": "l",
"frag": "zid₂",
"id": "P229304.l2737b",
"ref": "P229304.30.1",
"inst": "zid[flour]",
"sig": "@dcclt%sux:zid₂=zid[flour//flour]N'N$zid/zid₂#~",
"f": {"lang": "sux",
"form": "zid₂",
"cf": "zid",
"gw": "flour",
"sense": "flour",
"norm0": "zid",
"pos": "N",
"epos": "N",
"base": "zid₂",
"morph": "~"}
}
,
{
"node": "l",
"frag": "sur-ra",
"id": "P229304.l2737c",
"ref": "P229304.30.2",
"inst": "sur[sift]",
"sig": "@dcclt%sux:sur-ra=sur[press//sift]V/t'V/t$sur;a/sur+-ra=r.a#~;a",
"f": {"lang": "sux",
"form": "sur-ra",
"cf": "sur",
"gw": "press",
"sense": "sift",
"norm0": "sur;a",
"pos": "V/t",
"epos": "V/t",
"base": "sur",
"cont": "-ra=r.a",
"morph": "~;a"}
}
,
{
"node": "d",
"type": "line-start",
"ref": "P229304.31",
"n": "15'",
"label": "ii 15'"}
,
{
"node": "l",
"frag": "zid₂",
"id": "P229304.l2737d",
"ref": "P229304.31.1",
"inst": "zid[flour]",
"sig": "@dcclt%sux:zid₂=zid[flour//flour]N'N$zid/zid₂#~",
"f": {"lang": "sux",
"form": "zid₂",
"cf": "zid",
"gw": "flour",
"sense": "flour",
"norm0": "zid",
"pos": "N",
"epos": "N",
"base": "zid₂",
"morph": "~"}
}
,
{
"node": "l",
"frag": "lal₃-la₂",
"id": "P229304.l2737e",
"ref": "P229304.31.2",
"inst": "lal[syrup]",
"sig": "@dcclt%sux:lal₃-la₂=lal[syrup//syrup]N'N$lal,ak/lal₃+-la₂=l.a#~,ak",
"f": {"lang": "sux",
"form": "lal₃-la₂",
"cf": "lal",
"gw": "syrup",
"sense": "syrup",
"norm0": "lal,ak",
"pos": "N",
"epos": "N",
"base": "lal₃",
"cont": "-la₂=l.a",
"morph": "~,ak"}
}
,
{
"node": "d",
"type": "line-start",
"ref": "P229304.32",
"n": "16'",
"label": "ii 16'"}
,
{
"node": "l",
"frag": "[ninda]",
"id": "P229304.l2737f",
"ref": "P229304.32.1",
"inst": "ninda[bread]",
"sig": "@dcclt%sux:ninda=ninda[bread//bread]N'N$ninda/ninda#~",
"f": {"lang": "sux",
"form": "ninda",
"cf": "ninda",
"gw": "bread",
"sense": "bread",
"norm0": "ninda",
"pos": "N",
"epos": "N",
"base": "ninda",
"morph": "~"}
}
,
{
"node": "l",
"frag": "zid₂-kum",
"id": "P229304.l27380",
"ref": "P229304.32.2",
"inst": "zidgu[flour]N",
"sig": "@dcclt%sux:zid₂-kum=zidgu[flour//flour]N'N$zidgu/zid₂-kum#~",
"f": {"lang": "sux",
"form": "zid₂-kum",
"cf": "zidgu",
"gw": "flour",
"sense": "flour",
"norm0": "zidgu",
"pos": "N",
"epos": "N",
"base": "zid₂-kum",
"morph": "~"}
}
,
{
"node": "d",
"type": "line-start",
"ref": "P229304.33",
"n": "17'",
"label": "ii 17'"}
,
{
"node": "l",
"frag": "[ninda",
"id": "P229304.l27381",
"ref": "P229304.33.1",
"inst": "ninda[bread]",
"sig": "@dcclt%sux:ninda=ninda[bread//bread]N'N$ninda/ninda#~",
"f": {"lang": "sux",
"form": "ninda",
"cf": "ninda",
"gw": "bread",
"sense": "bread",
"norm0": "ninda",
"pos": "N",
"epos": "N",
"base": "ninda",
"morph": "~"}
}
,
{
"node": "l",
"frag": "zid₂]",
"id": "P229304.l27382",
"ref": "P229304.33.2",
"inst": "zid[flour]",
"sig": "@dcclt%sux:zid₂=zid[flour//flour]N'N$zid/zid₂#~",
"f": {"lang": "sux",
"form": "zid₂",
"cf": "zid",
"gw": "flour",
"sense": "flour",
"norm0": "zid",
"pos": "N",
"epos": "N",
"base": "zid₂",
"morph": "~"}
}
,
{
"node": "l",
"frag": "gu₂-nida",
"id": "P229304.l27383",
"ref": "P229304.33.3",
"inst": "gunida[grain]",
"sig": "@dcclt%sux:gu₂-nida=gunida[~grain//a designation of grain]N'N$gunida/gu₂-nida#~",
"f": {"lang": "sux",
"form": "gu₂-nida",
"cf": "gunida",
"gw": "~grain",
"sense": "a designation of grain",
"norm0": "gunida",
"pos": "N",
"epos": "N",
"base": "gu₂-nida",
"morph": "~"}
}
,
{
"node": "d",
"type": "line-start",
"ref": "P229304.34",
"n": "18'",
"label": "ii 18'"}
,
{
"node": "l",
"frag": "[ninda",
"id": "P229304.l27384",
"ref": "P229304.34.1",
"inst": "ninda[bread]",
"sig": "@dcclt%sux:ninda=ninda[bread//bread]N'N$ninda/ninda#~",
"f": {"lang": "sux",
"form": "ninda",
"cf": "ninda",
"gw": "bread",
"sense": "bread",
"norm0": "ninda",
"pos": "N",
"epos": "N",
"base": "ninda",
"morph": "~"}
}
,
{
"node": "l",
"frag": "zid₂]-⸢sig₁₅⸣",
"id": "P229304.l27385",
"ref": "P229304.34.2",
"inst": "zidsig[flour]",
"sig": "@dcclt%sux:zid₂-sig₁₅=zidsig[flour//a type of flour]N'N$zidsig/zid₂-sig₁₅#~",
"f": {"lang": "sux",
"form": "zid₂-sig₁₅",
"cf": "zidsig",
"gw": "flour",
"sense": "a type of flour",
"norm0": "zidsig",
"pos": "N",
"epos": "N",
"base": "zid₂-sig₁₅",
"morph": "~"}
}
,
{
"node": "d",
"subtype": "column 3",
"type": "column",
"ref": "P229304.iii.35",
"n": "3",
"label": "iii"}
,
{
"node": "d",
"type": "line-start",
"ref": "P229304.36",
"n": "1'",
"label": "iii 1'"}
,
{
"node": "l",
"frag": "[ninda-i₃-de₂-a",
"id": "P229304.l27386",
"ref": "P229304.36.1",
"inst": "nindaʾidea[bread]",
"sig": "@dcclt%sux:ninda-i₃-de₂-a=nindaʾidea[bread//a pastry or a bread]N'N$nindaʾidea/ninda-i₃-de₂-a#~",
"f": {"lang": "sux",
"form": "ninda-i₃-de₂-a",
"cf": "nindaʾidea",
"gw": "bread",
"sense": "a pastry or a bread",
"norm0": "nindaʾidea",
"pos": "N",
"epos": "N",
"base": "ninda-i₃-de₂-a",
"morph": "~"}
}
,
{
"node": "l",
"frag": "teš₂]",
"id": "P229304.l27387",
"ref": "P229304.36.2",
"inst": "teš[unity]",
"sig": "@dcclt%sux:teš₂=teš[unity//unity]N'N$teš/teš₂#~",
"f": {"lang": "sux",
"form": "teš₂",
"cf": "teš",
"gw": "unity",
"sense": "unity",
"norm0": "teš",
"pos": "N",
"epos": "N",
"base": "teš₂",
"morph": "~"}
}
,
{
"node": "l",
"frag": "sig₁₀-ga-⸢bi⸣",
"id": "P229304.l27388",
"ref": "P229304.36.3",
"inst": "sig[put]",
"sig": "@dcclt%sux:sig₁₀-ga-bi=sig[put//put]V/t'V/t$sig;a,bi/sig₁₀+-ga=g.a#~;a,bi",
"f": {"lang": "sux",
"form": "sig₁₀-ga-bi",
"cf": "sig",
"gw": "put",
"sense": "put",
"norm0": "sig;a,bi",
"pos": "V/t",
"epos": "V/t",
"base": "sig₁₀",
"cont": "-ga=g.a",
"morph": "~;a,bi"}
}
,
{
"node": "d",
"type": "line-start",
"ref": "P229304.37",
"n": "2'",
"label": "iii 2'"}
,
{
"node": "l",
"frag": "ninda",
"id": "P229304.l27389",
"ref": "P229304.37.1",
"inst": "ninda[bread]",
"sig": "@dcclt%sux:ninda=ninda[bread//bread]N'N$ninda/ninda#~",
"f": {"lang": "sux",
"form": "ninda",
"cf": "ninda",
"gw": "bread",
"sense": "bread",
"norm0": "ninda",
"pos": "N",
"epos": "N",
"base": "ninda",
"morph": "~"}
}
,
{
"node": "l",
"frag": "i₃",
"id": "P229304.l2738a",
"ref": "P229304.37.2",
"inst": "i[oil]",
"sig": "@dcclt%sux:i₃=i[oil//oil]N'N$i/i₃#~",
"f": {"lang": "sux",
"form": "i₃",
"cf": "i",
"gw": "oil",
"sense": "oil",
"norm0": "i",
"pos": "N",
"epos": "N",
"base": "i₃",
"morph": "~"}
}
,
{
"node": "d",
"type": "nonw",
"ref": ""}
,
{
"node": "d",
"type": "line-start",
"ref": "P229304.38",
"n": "3'",
"label": "iii 3'"}
,
{
"node": "l",
"frag": "ninda",
"id": "P229304.l2738b",
"ref": "P229304.38.1",
"inst": "ninda[bread]",
"sig": "@dcclt%sux:ninda=ninda[bread//bread]N'N$ninda/ninda#~",
"f": {"lang": "sux",
"form": "ninda",
"cf": "ninda",
"gw": "bread",
"sense": "bread",
"norm0": "ninda",
"pos": "N",
"epos": "N",
"base": "ninda",
"morph": "~"}
}
,
{
"node": "l",
"frag": "⸢ga⸣",
"id": "P229304.l2738c",
"ref": "P229304.38.2",
"inst": "ga[milk]",
"sig": "@dcclt%sux:ga=ga[milk//milk]N'N$ga/ga#~",
"f": {"lang": "sux",
"form": "ga",
"cf": "ga",
"gw": "milk",
"sense": "milk",
"norm0": "ga",
"pos": "N",
"epos": "N",
"base": "ga",
"morph": "~"}
}
,
{
"node": "d",
"type": "line-start",
"ref": "P229304.39",
"n": "4'",
"label": "iii 4'"}
,
{
"node": "l",
"frag": "ninda",
"id": "P229304.l2738d",
"ref": "P229304.39.1",
"inst": "ninda[bread]",
"sig": "@dcclt%sux:ninda=ninda[bread//bread]N'N$ninda/ninda#~",
"f": {"lang": "sux",
"form": "ninda",
"cf": "ninda",
"gw": "bread",
"sense": "bread",
"norm0": "ninda",
"pos": "N",
"epos": "N",
"base": "ninda",
"morph": "~"}
}
,
{
"node": "l",
"frag": "šu-i",
"id": "P229304.l2738e",
"ref": "P229304.39.2",
"inst": "šuʾi[barber]",
"sig": "@dcclt%sux:šu-i=šuʾi[barber//barber]N'N$šuʾi/šu-i#~",
"f": {"lang": "sux",
"form": "šu-i",
"cf": "šuʾi",
"gw": "barber",
"sense": "barber",
"norm0": "šuʾi",
"pos": "N",
"epos": "N",
"base": "šu-i",
"morph": "~"}
}
,
{
"node": "d",
"type": "line-start",
"ref": "P229304.40",
"n": "5'",
"label": "iii 5'"}
,
{
"node": "l",
"frag": "ninda",
"id": "P229304.l2738f",
"ref": "P229304.40.1",
"inst": "ninda[bread]",
"sig": "@dcclt%sux:ninda=ninda[bread//bread]N'N$ninda/ninda#~",
"f": {"lang": "sux",
"form": "ninda",
"cf": "ninda",
"gw": "bread",
"sense": "bread",
"norm0": "ninda",
"pos": "N",
"epos": "N",
"base": "ninda",
"morph": "~"}
}
,
{
"node": "l",
"frag": "šu",
"id": "P229304.l27390",
"ref": "P229304.40.2",
"inst": "šu[hand]",
"sig": "@dcclt%sux:šu=šu[hand//hand]N'N$šu/šu#~",
"f": {"lang": "sux",
"form": "šu",
"cf": "šu",
"gw": "hand",
"sense": "hand",
"norm0": "šu",
"pos": "N",
"epos": "N",
"base": "šu",
"morph": "~"}
}
,
{
"node": "l",
"frag": "il₂-la",
"id": "P229304.l27391",
"ref": "P229304.40.3",
"inst": "ila[elevation]",
"sig": "@dcclt%sux:il₂-la=ila[elevation//elevation]N'N$ila/il₂-la#~",
"f": {"lang": "sux",
"form": "il₂-la",
"cf": "ila",
"gw": "elevation",
"sense": "elevation",
"norm0": "ila",
"pos": "N",
"epos": "N",
"base": "il₂-la",
"morph": "~"}
}
,
{
"node": "d",
"type": "line-start",
"ref": "P229304.41",
"n": "6'",
"label": "iii 6'"}
,
{
"node": "l",
"frag": "ninda",
"id": "P229304.l27392",
"ref": "P229304.41.1",
"inst": "ninda[bread]",
"sig": "@dcclt%sux:ninda=ninda[bread//bread]N'N$ninda/ninda#~",
"f": {"lang": "sux",
"form": "ninda",
"cf": "ninda",
"gw": "bread",
"sense": "bread",
"norm0": "ninda",
"pos": "N",
"epos": "N",
"base": "ninda",
"morph": "~"}
}
,
{
"node": "l",
"frag": "dilim₂-da",
"id": "P229304.l27393",
"ref": "P229304.41.2",
"inst": "dilim[spoon]",
"sig": "@dcclt%sux:dilim₂-da=dilim[spoon//spoon]N'N$dilim,da/dilim₂#~,da",
"f": {"lang": "sux",
"form": "dilim₂-da",
"cf": "dilim",
"gw": "spoon",
"sense": "spoon",
"norm0": "dilim,da",
"pos": "N",
"epos": "N",
"base": "dilim₂",
"morph": "~,da"}
}
,
{
"node": "d",
"type": "nonw",
"ref": ""}
,
{
"node": "d",
"type": "line-start",
"ref": "P229304.42",
"n": "7'",
"label": "iii 7'"}
,
{
"node": "l",
"frag": "ninda",
"id": "P229304.l27394",
"ref": "P229304.42.1",
"inst": "ninda[bread]",
"sig": "@dcclt%sux:ninda=ninda[bread//bread]N'N$ninda/ninda#~",
"f": {"lang": "sux",
"form": "ninda",
"cf": "ninda",
"gw": "bread",
"sense": "bread",
"norm0": "ninda",
"pos": "N",
"epos": "N",
"base": "ninda",
"morph": "~"}
}
,
{
"node": "l",
"frag": "ki-sig₁₀-ga",
"id": "P229304.l27395",
"ref": "P229304.42.2",
"inst": "kisiga[offerings]",
"sig": "@dcclt%sux:ki-sig₁₀-ga=kisiga[offerings//funerary offerings]N'N$kisiga/ki-sig₁₀-ga#~",
"f": {"lang": "sux",
"form": "ki-sig₁₀-ga",
"cf": "kisiga",
"gw": "offerings",
"sense": "funerary offerings",
"norm0": "kisiga",
"pos": "N",
"epos": "N",
"base": "ki-sig₁₀-ga",
"morph": "~"}
}
,
{
"node": "d",
"type": "line-start",
"ref": "P229304.43",
"n": "8'",
"label": "iii 8'"}
,
{
"node": "l",
"frag": "ninda",
"id": "P229304.l27396",
"ref": "P229304.43.1",
"inst": "ninda[bread]",
"sig": "@dcclt%sux:ninda=ninda[bread//bread]N'N$ninda/ninda#~",
"f": {"lang": "sux",
"form": "ninda",
"cf": "ninda",
"gw": "bread",
"sense": "bread",
"norm0": "ninda",
"pos": "N",
"epos": "N",
"base": "ninda",
"morph": "~"}
}
,
{
"node": "l",
"frag": "ki",
"id": "P229304.l27397",
"ref": "P229304.43.2",
"inst": "ki[place]",
"sig": "@dcclt%sux:ki=ki[place//place]N'N$ki/ki#~",
"f": {"lang": "sux",
"form": "ki",
"cf": "ki",
"gw": "place",
"sense": "place",
"norm0": "ki",
"pos": "N",
"epos": "N",
"base": "ki",
"morph": "~"}
}
,
{
"node": "l",
"frag": "an-na",
"id": "P229304.l27398",
"ref": "P229304.43.3",
"inst": "an[sky]",
"sig": "@dcclt%sux:an-na=an[sky//sky, heaven]N'N$an,ak/an+-na=n.a#~,ak",
"f": {"lang": "sux",
"form": "an-na",
"cf": "an",
"gw": "sky",
"sense": "sky, heaven",
"norm0": "an,ak",
"pos": "N",
"epos": "N",
"base": "an",
"cont": "-na=n.a",
"morph": "~,ak"}
}
,
{
"node": "d",
"type": "nonw",
"ref": ""}
,
{
"node": "d",
"type": "line-start",
"ref": "P229304.44",
"n": "9'",
"label": "iii 9'"}
,
{
"node": "l",
"frag": "ninda",
"id": "P229304.l27399",
"ref": "P229304.44.1",
"inst": "ninda[bread]",
"sig": "@dcclt%sux:ninda=ninda[bread//bread]N'N$ninda/ninda#~",
"f": {"lang": "sux",
"form": "ninda",
"cf": "ninda",
"gw": "bread",
"sense": "bread",
"norm0": "ninda",
"pos": "N",
"epos": "N",
"base": "ninda",
"morph": "~"}
}
,
{
"node": "l",
"frag": "ki",
"id": "P229304.l2739a",
"ref": "P229304.44.2",
"inst": "ki[place]",
"sig": "@dcclt%sux:ki=ki[place//place]N'N$ki/ki#~",
"f": {"lang": "sux",
"form": "ki",
"cf": "ki",
"gw": "place",
"sense": "place",
"norm0": "ki",
"pos": "N",
"epos": "N",
"base": "ki",
"morph": "~"}
}
,
{
"node": "l",
"frag": "{d}utu",
"id": "P229304.l2739b",
"ref": "P229304.44.3",
"inst": "DN",
"f": {"lang": "sux",
"form": "{d}utu",
"pos": "DN"}
}
,
{
"node": "d",
"type": "line-start",
"ref": "P229304.45",
"n": "10'",
"label": "iii 10'"}
,
{
"node": "l",
"frag": "ninda",
"id": "P229304.l2739c",
"ref": "P229304.45.1",
"inst": "ninda[bread]",
"sig": "@dcclt%sux:ninda=ninda[bread//bread]N'N$ninda/ninda#~",
"f": {"lang": "sux",
"form": "ninda",
"cf": "ninda",
"gw": "bread",
"sense": "bread",
"norm0": "ninda",
"pos": "N",
"epos": "N",
"base": "ninda",
"morph": "~"}
}
,
{
"node": "l",
"frag": "ki",
"id": "P229304.l2739d",
"ref": "P229304.45.2",
"inst": "ki[place]",
"sig": "@dcclt%sux:ki=ki[place//place]N'N$ki/ki#~",
"f": {"lang": "sux",
"form": "ki",
"cf": "ki",
"gw": "place",
"sense": "place",
"norm0": "ki",
"pos": "N",
"epos": "N",
"base": "ki",
"morph": "~"}
}
,
{
"node": "l",
"frag": "{d}iškur",
"id": "P229304.l2739e",
"ref": "P229304.45.3",
"inst": "DN",
"f": {"lang": "sux",
"form": "{d}iškur",
"pos": "DN"}
}
,
{
"node": "d",
"type": "line-start",
"ref": "P229304.46",
"n": "11'",
"label": "iii 11'"}
,
{
"node": "l",
"frag": "ninda",
"id": "P229304.l2739f",
"ref": "P229304.46.1",
"inst": "ninda[bread]",
"sig": "@dcclt%sux:ninda=ninda[bread//bread]N'N$ninda/ninda#~",
"f": {"lang": "sux",
"form": "ninda",
"cf": "ninda",
"gw": "bread",
"sense": "bread",
"norm0": "ninda",
"pos": "N",
"epos": "N",
"base": "ninda",
"morph": "~"}
}
,
{
"node": "l",
"frag": "kurum₆",
"id": "P229304.l273a0",
"ref": "P229304.46.2",
"inst": "kurum[ration]",
"sig": "@dcclt%sux:kurum₆=kurum[ration//food ration]N'N$kurum/kurum₆#~",
"f": {"lang": "sux",
"form": "kurum₆",
"cf": "kurum",
"gw": "ration",
"sense": "food ration",
"norm0": "kurum",
"pos": "N",
"epos": "N",
"base": "kurum₆",
"morph": "~"}
}
,
{
"node": "d",
"type": "line-start",
"ref": "P229304.47",
"n": "12'",
"label": "iii 12'"}
,
{
"node": "l",
"frag": "PAD",
"id": "P229304.l273a1",
"ref": "P229304.47.1",
"inst": "X",
"f": {"lang": "sux",
"form": "PAD",
"pos": "X"}
}
,
{
"node": "d",
"type": "line-start",
"ref": "P229304.48",
"n": "13'",
"label": "iii 13'"}
,
{
"node": "l",
"frag": "PAD-PAD",
"id": "P229304.l273a2",
"ref": "P229304.48.1",
"inst": "X",
"f": {"lang": "sux",
"form": "PAD-PAD",
"pos": "X"}
}
,
{
"node": "d",
"type": "line-start",
"ref": "P229304.49",
"n": "14'",
"label": "iii 14'"}
,
{
"node": "l",
"frag": "DUN₃-PAD",
"id": "P229304.l273a3",
"ref": "P229304.49.1",
"inst": "X",
"f": {"lang": "sux",
"form": "DUN₃-PAD",
"pos": "X"}
}
,
{
"node": "d",
"type": "nonw",
"ref": ""}
,
{
"node": "d",
"type": "line-start",
"ref": "P229304.50",
"n": "15'",
"label": "iii 15'"}
,
{
"node": "l",
"frag": "pad-pad-ra₂",
"id": "P229304.l273a4",
"ref": "P229304.50.1",
"inst": "pad[break]",
"sig": "@dcclt%sux:pad-pad-ra₂=pad[break//to break (into bits)]V/t'V/t$pad;a/pad+-ra₂=r.a#~;a",
"f": {"lang": "sux",
"form": "pad-pad-ra₂",
"cf": "pad",
"gw": "break",
"sense": "to break (into bits)",
"norm0": "pad;a",
"pos": "V/t",
"epos": "V/t",
"base": "pad",
"cont": "-ra₂=r.a",
"morph": "~;a"}
}
,
{
"node": "d",
"type": "line-start",
"ref": "P229304.51",
"n": "16'",
"label": "iii 16'"}
,
{
"node": "l",
"frag": "|PAD.AN.MUŠ₃|",
"id": "P229304.l273a5",
"ref": "P229304.51.1",
"inst": "nindaba[offering]",
"sig": "@dcclt%sux:|PAD.AN.MUŠ₃|=nindaba[offering//offering]N'N$nindaba/|PAD.AN.MUŠ₃|#~",
"f": {"lang": "sux",
"form": "|PAD.AN.MUŠ₃|",
"cf": "nindaba",
"gw": "offering",
"sense": "offering",
"norm0": "nindaba",
"pos": "N",
"epos": "N",
"base": "|PAD.AN.MUŠ₃|",
"morph": "~"}
}
,
{
"node": "d",
"type": "line-start",
"ref": "P229304.52",
"n": "17'",
"label": "iii 17'"}
,
{
"node": "l",
"frag": "|PAD.AN.MUŠ₃|",
"id": "P229304.l273a6",
"ref": "P229304.52.1",
"inst": "nindaba[offering]",
"sig": "@dcclt%sux:|PAD.AN.MUŠ₃|=nindaba[offering//offering]N'N$nindaba/|PAD.AN.MUŠ₃|#~",
"f": {"lang": "sux",
"form": "|PAD.AN.MUŠ₃|",
"cf": "nindaba",
"gw": "offering",
"sense": "offering",
"norm0": "nindaba",
"pos": "N",
"epos": "N",
"base": "|PAD.AN.MUŠ₃|",
"morph": "~"}
}
,
{
"node": "d",
"type": "line-start",
"ref": "P229304.53",
"n": "18'",
"label": "iii 18'"}
,
{
"node": "l",
"frag": "pad-hal-la",
"id": "P229304.l273a7",
"ref": "P229304.53.1",
"inst": "X",
"f": {"lang": "sux",
"form": "pad-hal-la",
"pos": "X"}
}
,
{
"node": "d",
"type": "line-start",
"ref": "P229304.54",
"n": "19'",
"label": "iii 19'"}
,
{
"node": "l",
"frag": "[...]",
"id": "P229304.l273a8",
"ref": "P229304.54.1",
"inst": "u",
"f": {"lang": "sux",
"form": "x",
"pos": "u"}
}
,
{
"node": "l",
"frag": "⸢x⸣",
"id": "P229304.l273a9",
"ref": "P229304.54.2",
"inst": "u",
"f": {"lang": "sux",
"form": "x",
"pos": "u"}
}
,
{
"node": "l",
"frag": "[...]",
"id": "P229304.l273aa",
"ref": "P229304.54.3",
"inst": "u",
"f": {"lang": "sux",
"form": "x",
"pos": "u"}
}
,
{
"node": "d",
"subtype": "column 4",
"type": "column",
"ref": "P229304.iv.55",
"n": "4",
"label": "iv"}
,
{
"node": "d",
"type": "line-start",
"ref": "P229304.56",
"n": "1'",
"label": "iv 1'"}
,
{
"node": "l",
"frag": "⸢ninda⸣",
"id": "P229304.l273ab",
"ref": "P229304.56.1",
"inst": "ninda[bread]",
"sig": "@dcclt%sux:ninda=ninda[bread//bread]N'N$ninda/ninda#~",
"f": {"lang": "sux",
"form": "ninda",
"cf": "ninda",
"gw": "bread",
"sense": "bread",
"norm0": "ninda",
"pos": "N",
"epos": "N",
"base": "ninda",
"morph": "~"}
}
,
{
"node": "l",
"frag": "[...]",
"id": "P229304.l273ac",
"ref": "P229304.56.2",
"inst": "u",
"f": {"lang": "sux",
"form": "x",
"pos": "u"}
}
,
{
"node": "d",
"type": "line-start",
"ref": "P229304.57",
"n": "2'",
"label": "iv 2'"}
,
{
"node": "l",
"frag": "ninda",
"id": "P229304.l273ad",
"ref": "P229304.57.1",
"inst": "ninda[bread]",
"sig": "@dcclt%sux:ninda=ninda[bread//bread]N'N$ninda/ninda#~",
"f": {"lang": "sux",
"form": "ninda",
"cf": "ninda",
"gw": "bread",
"sense": "bread",
"norm0": "ninda",
"pos": "N",
"epos": "N",
"base": "ninda",
"morph": "~"}
}
,
{
"node": "l",
"frag": "⸢x⸣",
"id": "P229304.l273ae",
"ref": "P229304.57.2",
"inst": "u",
"f": {"lang": "sux",
"form": "x",
"pos": "u"}
}
,
{
"node": "l",
"frag": "[...]",
"id": "P229304.l273af",
"ref": "P229304.57.3",
"inst": "u",
"f": {"lang": "sux",
"form": "x",
"pos": "u"}
}
,
{
"node": "d",
"type": "line-start",
"ref": "P229304.58",
"n": "3'",
"label": "iv 3'"}
,
{
"node": "l",
"frag": "ninda",
"id": "P229304.l273b0",
"ref": "P229304.58.1",
"inst": "ninda[bread]",
"sig": "@dcclt%sux:ninda=ninda[bread//bread]N'N$ninda/ninda#~",
"f": {"lang": "sux",
"form": "ninda",
"cf": "ninda",
"gw": "bread",
"sense": "bread",
"norm0": "ninda",
"pos": "N",
"epos": "N",
"base": "ninda",
"morph": "~"}
}
,
{
"node": "l",
"frag": "⸢ŋešbun⸣",
"id": "P229304.l273b1",
"ref": "P229304.58.2",
"inst": "ŋešbun[meal]",
"sig": "@dcclt%sux:ŋešbun=ŋešbun[meal//(cultic) meal]N'N$ŋešbun/ŋešbun#~",
"f": {"lang": "sux",
"form": "ŋešbun",
"cf": "ŋešbun",
"gw": "meal",
"sense": "(cultic) meal",
"norm0": "ŋešbun",
"pos": "N",
"epos": "N",
"base": "ŋešbun",
"morph": "~"}
}
,
{
"node": "d",
"type": "line-start",
"ref": "P229304.59",
"n": "4'",
"label": "iv 4'"}
,
{
"node": "l",
"frag": "ninda",
"id": "P229304.l273b2",
"ref": "P229304.59.1",
"inst": "ninda[bread]",
"sig": "@dcclt%sux:ninda=ninda[bread//bread]N'N$ninda/ninda#~",
"f": {"lang": "sux",
"form": "ninda",
"cf": "ninda",
"gw": "bread",
"sense": "bread",
"norm0": "ninda",
"pos": "N",
"epos": "N",
"base": "ninda",
"morph": "~"}
}
,
{
"node": "l",
"frag": "ki",
"id": "P229304.l273b3",
"ref": "P229304.59.2",
"inst": "ki[place]",
"sig": "@dcclt%sux:ki=ki[place//place]N'N$ki/ki#~",
"f": {"lang": "sux",
"form": "ki",
"cf": "ki",
"gw": "place",
"sense": "place",
"norm0": "ki",
"pos": "N",
"epos": "N",
"base": "ki",
"morph": "~"}
}
,
{
"node": "l",
"frag": "x",
"id": "P229304.l273b4",
"ref": "P229304.59.3",
"inst": "u",
"f": {"lang": "sux",
"form": "x",
"pos": "u"}
}
,
{
"node": "l",
"frag": "[...]",
"id": "P229304.l273b5",
"ref": "P229304.59.4",
"inst": "u",
"f": {"lang": "sux",
"form": "x",
"pos": "u"}
}
,
{
"node": "d",
"type": "line-start",
"ref": "P229304.60",
"n": "5'",
"label": "iv 5'"}
,
{
"node": "l",
"frag": "ninda",
"id": "P229304.l273b6",
"ref": "P229304.60.1",
"inst": "ninda[bread]",
"sig": "@dcclt%sux:ninda=ninda[bread//bread]N'N$ninda/ninda#~",
"f": {"lang": "sux",
"form": "ninda",
"cf": "ninda",
"gw": "bread",
"sense": "bread",
"norm0": "ninda",
"pos": "N",
"epos": "N",
"base": "ninda",
"morph": "~"}
}
,
{
"node": "l",
"frag": "KA",
"id": "P229304.l273b7",
"ref": "P229304.60.2",
"inst": "X",
"f": {"lang": "sux",
"form": "KA",
"pos": "X"}
}
,
{
"node": "l",
"frag": "x",
"id": "P229304.l273b8",
"ref": "P229304.60.3",
"inst": "u",
"f": {"lang": "sux",
"form": "x",
"pos": "u"}
}
,
{
"node": "l",
"frag": "[...]",
"id": "P229304.l273b9",
"ref": "P229304.60.4",
"inst": "u",
"f": {"lang": "sux",
"form": "x",
"pos": "u"}
}
,
{
"node": "d",
"type": "line-start",
"ref": "P229304.61",
"n": "6'",
"label": "iv 6'"}
,
{
"node": "l",
"frag": "⸢ninda",
"id": "P229304.l273ba",
"ref": "P229304.61.1",
"inst": "ninda[bread]",
"sig": "@dcclt%sux:ninda=ninda[bread//bread]N'N$ninda/ninda#~",
"f": {"lang": "sux",
"form": "ninda",
"cf": "ninda",
"gw": "bread",
"sense": "bread",
"norm0": "ninda",
"pos": "N",
"epos": "N",
"base": "ninda",
"morph": "~"}
}
,
{
"node": "l",
"frag": "x⸣",
"id": "P229304.l273bb",
"ref": "P229304.61.2",
"inst": "u",
"f": {"lang": "sux",
"form": "x",
"pos": "u"}
}
,
{
"node": "l",
"frag": "[...]",
"id": "P229304.l273bc",
"ref": "P229304.61.3",
"inst": "u",
"f": {"lang": "sux",
"form": "x",
"pos": "u"}
}
,
{
"node": "d",
"subtype": "reverse",
"type": "surface",
"ref": "P229304.r.62",
"type": "reverse",
"label": "r"}
,
{
"node": "d",
"subtype": "column 1r",
"type": "column",
"ref": "P229304.r.i.63",
"n": "1",
"label": "r i"}
,
{
"node": "d",
"type": "nonx",
"ref": "P229304.64",
"strict": "1",
"extent": "1",
"scope": "line",
"state": "traces"}
,
{
"node": "d",
"type": "line-start",
"ref": "P229304.65",
"n": "2'",
"label": "r i 2'"}
,
{
"node": "l",
"frag": "i₃",
"id": "P229304.l273bd",
"ref": "P229304.65.1",
"inst": "i[oil]",
"sig": "@dcclt%sux:i₃=i[oil//oil]N'N$i/i₃#~",
"f": {"lang": "sux",
"form": "i₃",
"cf": "i",
"gw": "oil",
"sense": "oil",
"norm0": "i",
"pos": "N",
"epos": "N",
"base": "i₃",
"morph": "~"}
}
,
{
"node": "l",
"frag": "⸢šim⸣",
"id": "P229304.l273be",
"ref": "P229304.65.2",
"inst": "šim[aromatic substance]",
"sig": "@dcclt%sux:šim=šim[aromatics//aromatic substance]N'N$šim/šim#~",
"f": {"lang": "sux",
"form": "šim",
"cf": "šim",
"gw": "aromatics",
"sense": "aromatic substance",
"norm0": "šim",
"pos": "N",
"epos": "N",
"base": "šim",
"morph": "~"}
}
,
{
"node": "d",
"type": "line-start",
"ref": "P229304.66",
"n": "3'",
"label": "r i 3'"}
,
{
"node": "l",
"frag": "⸢šim⸣",
"id": "P229304.l273bf",
"ref": "P229304.66.1",
"inst": "šim[aromatic substance]",
"sig": "@dcclt%sux:šim=šim[aromatics//aromatic substance]N'N$šim/šim#~",
"f": {"lang": "sux",
"form": "šim",
"cf": "šim",
"gw": "aromatics",
"sense": "aromatic substance",
"norm0": "šim",
"pos": "N",
"epos": "N",
"base": "šim",
"morph": "~"}
}
,
{
"node": "d",
"type": "line-start",
"ref": "P229304.67",
"n": "4'",
"label": "r i 4'"}
,
{
"node": "l",
"frag": "⸢šim⸣",
"id": "P229304.l273c0",
"ref": "P229304.67.1",
"inst": "šim[aromatic substance]",
"sig": "@dcclt%sux:šim=šim[aromatics//aromatic substance]N'N$šim/šim#~",
"f": {"lang": "sux",
"form": "šim",
"cf": "šim",
"gw": "aromatics",
"sense": "aromatic substance",
"norm0": "šim",
"pos": "N",
"epos": "N",
"base": "šim",
"morph": "~"}
}
,
{
"node": "d",
"type": "line-start",
"ref": "P229304.68",
"n": "5'",
"label": "r i 5'"}
,
{
"node": "l",
"frag": "⸢šim⸣",
"id": "P229304.l273c1",
"ref": "P229304.68.1",
"inst": "šim[aromatic substance]",
"sig": "@dcclt%sux:šim=šim[aromatics//aromatic substance]N'N$šim/šim#~",
"f": {"lang": "sux",
"form": "šim",
"cf": "šim",
"gw": "aromatics",
"sense": "aromatic substance",
"norm0": "šim",
"pos": "N",
"epos": "N",
"base": "šim",
"morph": "~"}
}
,
{
"node": "d",
"type": "line-start",
"ref": "P229304.69",
"n": "6'",
"label": "r i 6'"}
,
{
"node": "l",
"frag": "⸢šim⸣",
"id": "P229304.l273c2",
"ref": "P229304.69.1",
"inst": "šim[aromatic substance]",
"sig": "@dcclt%sux:šim=šim[aromatics//aromatic substance]N'N$šim/šim#~",
"f": {"lang": "sux",
"form": "šim",
"cf": "šim",
"gw": "aromatics",
"sense": "aromatic substance",
"norm0": "šim",
"pos": "N",
"epos": "N",
"base": "šim",
"morph": "~"}
}
,
{
"node": "d",
"type": "line-start",
"ref": "P229304.70",
"n": "7'",
"label": "r i 7'"}
,
{
"node": "l",
"frag": "⸢šim⸣",
"id": "P229304.l273c3",
"ref": "P229304.70.1",
"inst": "šim[aromatic substance]",
"sig": "@dcclt%sux:šim=šim[aromatics//aromatic substance]N'N$šim/šim#~",
"f": {"lang": "sux",
"form": "šim",
"cf": "šim",
"gw": "aromatics",
"sense": "aromatic substance",
"norm0": "šim",
"pos": "N",
"epos": "N",
"base": "šim",
"morph": "~"}
}
,
{
"node": "d",
"type": "line-start",
"ref": "P229304.71",
"n": "8'",
"label": "r i 8'"}
,
{
"node": "l",
"frag": "⸢šim⸣",
"id": "P229304.l273c4",
"ref": "P229304.71.1",
"inst": "šim[aromatic substance]",
"sig": "@dcclt%sux:šim=šim[aromatics//aromatic substance]N'N$šim/šim#~",
"f": {"lang": "sux",
"form": "šim",
"cf": "šim",
"gw": "aromatics",
"sense": "aromatic substance",
"norm0": "šim",
"pos": "N",
"epos": "N",
"base": "šim",
"morph": "~"}
}
,
{
"node": "l",
"frag": "GAM-GAM",
"id": "P229304.l273c5",
"ref": "P229304.71.2",
"inst": "GAM.GAM[~aromatics]",
"sig": "@dcclt%sux:GAM-GAM=GAM.GAM[~aromatics//a designation of aromatics]N'N$GAM.GAM/GAM-GAM#~",
"f": {"lang": "sux",
"form": "GAM-GAM",
"cf": "GAM.GAM",
"gw": "~aromatics",
"sense": "a designation of aromatics",
"norm0": "GAM.GAM",
"pos": "N",
"epos": "N",
"base": "GAM-GAM",
"morph": "~"}
}
,
{
"node": "d",
"type": "nonw",
"ref": ""}
,
{
"node": "d",
"type": "line-start",
"ref": "P229304.72",
"n": "9'",
"label": "r i 9'"}
,
{
"node": "l",
"frag": "⸢šim⸣",
"id": "P229304.l273c6",
"ref": "P229304.72.1",
"inst": "šim[aromatic substance]",
"sig": "@dcclt%sux:šim=šim[aromatics//aromatic substance]N'N$šim/šim#~",
"f": {"lang": "sux",
"form": "šim",
"cf": "šim",
"gw": "aromatics",
"sense": "aromatic substance",
"norm0": "šim",
"pos": "N",
"epos": "N",
"base": "šim",
"morph": "~"}
}
,
{
"node": "l",
"frag": "GAM-GAM-ma",
"id": "P229304.l273c7",
"ref": "P229304.72.2",
"inst": "GAM.GAM[~aromatics]",
"sig": "@dcclt%sux:GAM-GAM-ma=GAM.GAM[~aromatics//a designation of aromatics]N'N$GAM.GAM,ak/GAM-GAM+-ma=m.a#~,ak",
"f": {"lang": "sux",
"form": "GAM-GAM-ma",
"cf": "GAM.GAM",
"gw": "~aromatics",
"sense": "a designation of aromatics",
"norm0": "GAM.GAM,ak",
"pos": "N",
"epos": "N",
"base": "GAM-GAM",
"cont": "-ma=m.a",
"morph": "~,ak"}
}
,
{
"node": "d",
"type": "line-start",
"ref": "P229304.73",
"n": "10'",
"label": "r i 10'"}
,
{
"node": "l",
"frag": "⸢šim⸣",
"id": "P229304.l273c8",
"ref": "P229304.73.1",
"inst": "šim[aromatic substance]",
"sig": "@dcclt%sux:šim=šim[aromatics//aromatic substance]N'N$šim/šim#~",
"f": {"lang": "sux",
"form": "šim",
"cf": "šim",
"gw": "aromatics",
"sense": "aromatic substance",
"norm0": "šim",
"pos": "N",
"epos": "N",
"base": "šim",
"morph": "~"}
}
,
{
"node": "l",
"frag": "[hi]-ib",
"id": "P229304.l273c9",
"ref": "P229304.73.2",
"inst": "hib[~aromatic]",
"sig": "@dcclt%sux:hi-ib=hib[~aromatic//a designation of aromatics]AJ'AJ$hib/hi-ib#~",
"f": {"lang": "sux",
"form": "hi-ib",
"cf": "hib",
"gw": "~aromatic",
"sense": "a designation of aromatics",
"norm0": "hib",
"pos": "AJ",
"epos": "AJ",
"base": "hi-ib",
"morph": "~"}
}
,
{
"node": "d",
"subtype": "column 2r",
"type": "column",
"ref": "P229304.r.ii.74",
"n": "2",
"label": "r ii"}
,
{
"node": "d",
"type": "nonx",
"ref": "P229304.75",
"strict": "1",
"extent": "5",
"scope": "line",
"state": "traces"}
,
{
"node": "d",
"type": "line-start",
"ref": "P229304.76",
"n": "6'",
"label": "r ii 6'"}
,
{
"node": "l",
"frag": "⸢še⸣",
"id": "P229304.l273ca",
"ref": "P229304.76.1",
"inst": "še[barley]",
"sig": "@dcclt%sux:še=še[barley//barley]N'N$še/še#~",
"f": {"lang": "sux",
"form": "še",
"cf": "še",
"gw": "barley",
"sense": "barley",
"norm0": "še",
"pos": "N",
"epos": "N",
"base": "še",
"morph": "~"}
}
,
{
"node": "l",
"frag": "še",
"id": "P229304.l273cb",
"ref": "P229304.76.2",
"inst": "še[barley]",
"sig": "@dcclt%sux:še=še[barley//barley]N'N$še/še#~",
"f": {"lang": "sux",
"form": "še",
"cf": "še",
"gw": "barley",
"sense": "barley",
"norm0": "še",
"pos": "N",
"epos": "N",
"base": "še",
"morph": "~"}
}
,
{
"node": "d",
"type": "line-start",
"ref": "P229304.77",
"n": "7'",
"label": "r ii 7'"}
,
{
"node": "l",
"frag": "še",
"id": "P229304.l273cc",
"ref": "P229304.77.1",
"inst": "še[barley]",
"sig": "@dcclt%sux:še=še[barley//barley]N'N$še/še#~",
"f": {"lang": "sux",
"form": "še",
"cf": "še",
"gw": "barley",
"sense": "barley",
"norm0": "še",
"pos": "N",
"epos": "N",
"base": "še",
"morph": "~"}
}
,
{
"node": "l",
"frag": "[...]",
"id": "P229304.l273cd",
"ref": "P229304.77.2",
"inst": "u",
"f": {"lang": "sux",
"form": "x",
"pos": "u"}
}
,
{
"node": "d",
"type": "line-start",
"ref": "P229304.78",
"n": "8'",
"label": "r ii 8'"}
,
{
"node": "l",
"frag": "še",
"id": "P229304.l273ce",
"ref": "P229304.78.1",
"inst": "še[barley]",
"sig": "@dcclt%sux:še=še[barley//barley]N'N$še/še#~",
"f": {"lang": "sux",
"form": "še",
"cf": "še",
"gw": "barley",
"sense": "barley",
"norm0": "še",
"pos": "N",
"epos": "N",
"base": "še",
"morph": "~"}
}
,
{
"node": "l",
"frag": "[...]",
"id": "P229304.l273cf",
"ref": "P229304.78.2",
"inst": "u",
"f": {"lang": "sux",
"form": "x",
"pos": "u"}
}
,
{
"node": "d",
"type": "line-start",
"ref": "P229304.79",
"n": "9'",
"label": "r ii 9'"}
,
{
"node": "l",
"frag": "še",
"id": "P229304.l273d0",
"ref": "P229304.79.1",
"inst": "še[barley]",
"sig": "@dcclt%sux:še=še[barley//barley]N'N$še/še#~",
"f": {"lang": "sux",
"form": "še",
"cf": "še",
"gw": "barley",
"sense": "barley",
"norm0": "še",
"pos": "N",
"epos": "N",
"base": "še",
"morph": "~"}
}
,
{
"node": "l",
"frag": "x-x",
"id": "P229304.l273d1",
"ref": "P229304.79.2",
"inst": "u",
"f": {"lang": "sux",
"form": "x-x",
"pos": "u"}
}
,
{
"node": "d",
"type": "line-start",
"ref": "P229304.80",
"n": "10'",
"label": "r ii 10'"}
,
{
"node": "l",
"frag": "še",
"id": "P229304.l273d2",
"ref": "P229304.80.1",
"inst": "še[barley]",
"sig": "@dcclt%sux:še=še[barley//barley]N'N$še/še#~",
"f": {"lang": "sux",
"form": "še",
"cf": "še",
"gw": "barley",
"sense": "barley",
"norm0": "še",
"pos": "N",
"epos": "N",
"base": "še",
"morph": "~"}
}
,
{
"node": "l",
"frag": "ab-sin₂-na",
"id": "P229304.l273d3",
"ref": "P229304.80.2",
"inst": "absin[furrow]",
"sig": "@dcclt%sux:ab-sin₂-na=absin[furrow//furrow]N'N$absin,ak/ab-sin₂+-na=n.a#~,ak",
"f": {"lang": "sux",
"form": "ab-sin₂-na",
"cf": "absin",
"gw": "furrow",
"sense": "furrow",
"norm0": "absin,ak",
"pos": "N",
"epos": "N",
"base": "ab-sin₂",
"cont": "-na=n.a",
"morph": "~,ak"}
}
,
{
"node": "d",
"type": "line-start",
"ref": "P229304.81",
"n": "11'",
"label": "r ii 11'"}
,
{
"node": "l",
"frag": "še",
"id": "P229304.l273d4",
"ref": "P229304.81.1",
"inst": "še[barley]",
"sig": "@dcclt%sux:še=še[barley//barley]N'N$še/še#~",
"f": {"lang": "sux",
"form": "še",
"cf": "še",
"gw": "barley",
"sense": "barley",
"norm0": "še",
"pos": "N",
"epos": "N",
"base": "še",
"morph": "~"}
}
,
{
"node": "l",
"frag": "šu",
"id": "P229304.l273d5",
"ref": "P229304.81.2",
"inst": "šu[hand]",
"sig": "@dcclt%sux:šu=šu[hand//hand]N'N$šu/šu#~",
"f": {"lang": "sux",
"form": "šu",
"cf": "šu",
"gw": "hand",
"sense": "hand",
"norm0": "šu",
"pos": "N",
"epos": "N",
"base": "šu",
"morph": "~"}
}
,
{
"node": "l",
"frag": "a-ak",
"id": "P229304.l273d6",
"ref": "P229304.81.3",
"inst": "ak[do]",
"sig": "@dcclt%sux:a-ak=ak[do//do]V/t'V/t$V:ak/ak#V:~",
"f": {"lang": "sux",
"form": "a-ak",
"cf": "ak",
"gw": "do",
"sense": "do",
"norm0": "V:ak",
"pos": "V/t",
"epos": "V/t",
"base": "ak",
"morph": "V:~"}
}
,
{
"node": "d",
"type": "nonw",
"ref": ""}
,
{
"node": "d",
"type": "line-start",
"ref": "P229304.82",
"n": "12'",
"label": "r ii 12'"}
,
{
"node": "l",
"frag": "še",
"id": "P229304.l273d7",
"ref": "P229304.82.1",
"inst": "še[barley]",
"sig": "@dcclt%sux:še=še[barley//barley]N'N$še/še#~",
"f": {"lang": "sux",
"form": "še",
"cf": "še",
"gw": "barley",
"sense": "barley",
"norm0": "še",
"pos": "N",
"epos": "N",
"base": "še",
"morph": "~"}
}
,
{
"node": "l",
"frag": "šu",
"id": "P229304.l273d8",
"ref": "P229304.82.2",
"inst": "šu[hand]",
"sig": "@dcclt%sux:šu=šu[hand//hand]N'N$šu/šu#~",
"f": {"lang": "sux",
"form": "šu",
"cf": "šu",
"gw": "hand",
"sense": "hand",
"norm0": "šu",
"pos": "N",
"epos": "N",
"base": "šu",
"morph": "~"}
}
,
{
"node": "l",
"frag": "gur₁₀-a",
"id": "P229304.l273d9",
"ref": "P229304.82.3",
"inst": "gur[reap]",
"sig": "@dcclt%sux:gur₁₀-a=gur[reap//to reap]V/t'V/t$gur;a/gur₁₀#~;a",
"f": {"lang": "sux",
"form": "gur₁₀-a",
"cf": "gur",
"gw": "reap",
"sense": "to reap",
"norm0": "gur;a",
"pos": "V/t",
"epos": "V/t",
"base": "gur₁₀",
"morph": "~;a"}
}
,
{
"node": "d",
"type": "line-start",
"ref": "P229304.83",
"n": "13'",
"label": "r ii 13'"}
,
{
"node": "l",
"frag": "še",
"id": "P229304.l273da",
"ref": "P229304.83.1",
"inst": "še[barley]",
"sig": "@dcclt%sux:še=še[barley//barley]N'N$še/še#~",
"f": {"lang": "sux",
"form": "še",
"cf": "še",
"gw": "barley",
"sense": "barley",
"norm0": "še",
"pos": "N",
"epos": "N",
"base": "še",
"morph": "~"}
}
,
{
"node": "l",
"frag": "gu-nu",
"id": "P229304.l273db",
"ref": "P229304.83.2",
"inst": "gunu[flax]",
"sig": "@dcclt%sux:gu-nu=gunu[flax//flax]N'N$gunu/gu-nu#~",
"f": {"lang": "sux",
"form": "gu-nu",
"cf": "gunu",
"gw": "flax",
"sense": "flax",
"norm0": "gunu",
"pos": "N",
"epos": "N",
"base": "gu-nu",
"morph": "~"}
}
,
{
"node": "d",
"type": "nonw",
"ref": ""}
,
{
"node": "d",
"type": "line-start",
"ref": "P229304.84",
"n": "14'",
"label": "r ii 14'"}
,
{
"node": "l",
"frag": "[še]",
"id": "P229304.l273dc",
"ref": "P229304.84.1",
"inst": "še[barley]",
"sig": "@dcclt%sux:še=še[barley//barley]N'N$še/še#~",
"f": {"lang": "sux",
"form": "še",
"cf": "še",
"gw": "barley",
"sense": "barley",
"norm0": "še",
"pos": "N",
"epos": "N",
"base": "še",
"morph": "~"}
}
,
{
"node": "l",
"frag": "⸢saŋ⸣",
"id": "P229304.l273dd",
"ref": "P229304.84.2",
"inst": "saŋ[head]",
"sig": "@dcclt%sux:saŋ=saŋ[head//head]N'N$saŋ/saŋ#~",
"f": {"lang": "sux",
"form": "saŋ",
"cf": "saŋ",
"gw": "head",
"sense": "head",
"norm0": "saŋ",
"pos": "N",
"epos": "N",
"base": "saŋ",
"morph": "~"}
}
,
{
"node": "d",
"subtype": "column 3r",
"type": "column",
"ref": "P229304.r.iii.85",
"n": "3",
"label": "r iii"}
,
{
"node": "d",
"type": "nonx",
"ref": "P229304.86",
"strict": "1",
"extent": "1",
"scope": "line",
"state": "traces"}
,
{
"node": "d",
"type": "line-start",
"ref": "P229304.87",
"n": "2'",
"label": "r iii 2'"}
,
{
"node": "l",
"frag": "[še]",
"id": "P229304.l273de",
"ref": "P229304.87.1",
"inst": "še[barley]",
"sig": "@dcclt%sux:še=še[barley//barley]N'N$še/še#~",
"f": {"lang": "sux",
"form": "še",
"cf": "še",
"gw": "barley",
"sense": "barley",
"norm0": "še",
"pos": "N",
"epos": "N",
"base": "še",
"morph": "~"}
}
,
{
"node": "l",
"frag": "ud-de₃",
"id": "P229304.l273df",
"ref": "P229304.87.2",
"inst": "ud[sun]",
"sig": "@dcclt%sux:ud-de₃=ud[sun//sun]N'N$ud,e/ud+-de₃=d.e#~,e",
"f": {"lang": "sux",
"form": "ud-de₃",
"cf": "ud",
"gw": "sun",
"sense": "sun",
"norm0": "ud,e",
"pos": "N",
"epos": "N",
"base": "ud",
"cont": "-de₃=d.e",
"morph": "~,e"}
}
,
{
"node": "l",
"frag": "ri-a",
"id": "P229304.l273e0",
"ref": "P229304.87.3",
"inst": "ri[unmng]",
"sig": "@dcclt%sux:ri-a=ri[unmng//(unknown meaning)]N'N$ri,ak/ri#~,ak",
"f": {"lang": "sux",
"form": "ri-a",
"cf": "ri",
"gw": "unmng",
"sense": "(unknown meaning)",
"norm0": "ri,ak",
"pos": "N",
"epos": "N",
"base": "ri",
"morph": "~,ak"}
}
,
{
"node": "d",
"type": "line-start",
"ref": "P229304.88",
"n": "3'",
"label": "r iii 3'"}
,
{
"node": "l",
"frag": "[še]",
"id": "P229304.l273e1",
"ref": "P229304.88.1",
"inst": "še[barley]",
"sig": "@dcclt%sux:še=še[barley//barley]N'N$še/še#~",
"f": {"lang": "sux",
"form": "še",
"cf": "še",
"gw": "barley",
"sense": "barley",
"norm0": "še",
"pos": "N",
"epos": "N",
"base": "še",
"morph": "~"}
}
,
{
"node": "l",
"frag": "nim",
"id": "P229304.l273e2",
"ref": "P229304.88.2",
"inst": "nim[high]",
"sig": "@dcclt%sux:nim=nim[high//(to be) high, elevated]V/i'V/i$nim/nim#~",
"f": {"lang": "sux",
"form": "nim",
"cf": "nim",
"gw": "high",
"sense": "(to be) high, elevated",
"norm0": "nim",
"pos": "V/i",
"epos": "V/i",
"base": "nim",
"morph": "~"}
}
,
{
"node": "d",
"type": "line-start",
"ref": "P229304.89",
"n": "4'",
"label": "r iii 4'"}
,
{
"node": "l",
"frag": "[...]",
"id": "P229304.l273e3",
"ref": "P229304.89.1",
"inst": "u",
"f": {"lang": "sux",
"form": "x",
"pos": "u"}
}
,
{
"node": "l",
"frag": "⸢x⸣",
"id": "P229304.l273e4",
"ref": "P229304.89.2",
"inst": "u",
"f": {"lang": "sux",
"form": "x",
"pos": "u"}
}
,
{
"node": "d",
"type": "line-start",
"ref": "P229304.90",
"n": "5'",
"label": "r iii 5'"}
,
{
"node": "l",
"frag": "an",
"id": "P229304.l273e5",
"ref": "P229304.90.1",
"inst": "an[sky]",
"sig": "@dcclt%sux:an=an[sky//sky, heaven]N'N$an/an#~",
"f": {"lang": "sux",
"form": "an",
"cf": "an",
"gw": "sky",
"sense": "sky, heaven",
"norm0": "an",
"pos": "N",
"epos": "N",
"base": "an",
"morph": "~"}
}
,
{
"node": "l",
"frag": "še",
"id": "P229304.l273e6",
"ref": "P229304.90.2",
"inst": "še[barley]",
"sig": "@dcclt%sux:še=še[barley//barley]N'N$še/še#~",
"f": {"lang": "sux",
"form": "še",
"cf": "še",
"gw": "barley",
"sense": "barley",
"norm0": "še",
"pos": "N",
"epos": "N",
"base": "še",
"morph": "~"}
}
,
{
"node": "d",
"type": "nonw",
"ref": ""}
,
{
"node": "d",
"type": "line-start",
"ref": "P229304.91",
"n": "6'",
"label": "r iii 6'"}
,
{
"node": "l",
"frag": "isin",
"id": "P229304.l273e7",
"ref": "P229304.91.1",
"inst": "isin[stalk]",
"sig": "@dcclt%sux:isin=isin[stalk//culm, grain stalk, stem]N'N$isin/isin#~",
"f": {"lang": "sux",
"form": "isin",
"cf": "isin",
"gw": "stalk",
"sense": "culm, grain stalk, stem",
"norm0": "isin",
"pos": "N",
"epos": "N",
"base": "isin",
"morph": "~"}
}
,
{
"node": "d",
"type": "nonx",
"ref": "P229304.92",
"strict": "1",
"extent": "7",
"scope": "line",
"state": "traces"}
,
{
"node": "d",
"subtype": "column 4r",
"type": "column",
"ref": "P229304.r.iv.93",
"n": "4",
"label": "r iv"}
,
{
"node": "d",
"type": "nonx",
"ref": "P229304.94",
"strict": "1",
"extent": "1",
"scope": "column",
"state": "traces"}
,
{
"node": "d",
"subtype": "column 5r",
"type": "column",
"ref": "P229304.r.v.95",
"n": "5",
"label": "r v"}
,
{
"node": "d",
"type": "line-start",
"ref": "P229304.96",
"n": "1'",
"label": "r v 1'"}
,
{
"node": "l",
"frag": "⸢zu₂-lum⸣",
"id": "P229304.l273e8",
"ref": "P229304.96.1",
"inst": "zulum[date]",
"sig": "@dcclt%sux:zu₂-lum=zulum[date//date]N'N$zulum/zu₂-lum#~",
"f": {"lang": "sux",
"form": "zu₂-lum",
"cf": "zulum",
"gw": "date",
"sense": "date",
"norm0": "zulum",
"pos": "N",
"epos": "N",
"base": "zu₂-lum",
"morph": "~"}
}
,
{
"node": "l",
"frag": "[...]",
"id": "P229304.l273e9",
"ref": "P229304.96.2",
"inst": "u",
"f": {"lang": "sux",
"form": "x",
"pos": "u"}
}
,
{
"node": "d",
"type": "line-start",
"ref": "P229304.97",
"n": "2'",
"label": "r v 2'"}
,
{
"node": "l",
"frag": "zu₂-lum",
"id": "P229304.l273ea",
"ref": "P229304.97.1",
"inst": "zulum[date]",
"sig": "@dcclt%sux:zu₂-lum=zulum[date//date]N'N$zulum/zu₂-lum#~",
"f": {"lang": "sux",
"form": "zu₂-lum",
"cf": "zulum",
"gw": "date",
"sense": "date",
"norm0": "zulum",
"pos": "N",
"epos": "N",
"base": "zu₂-lum",
"morph": "~"}
}
,
{
"node": "l",
"frag": "babbar",
"id": "P229304.l273eb",
"ref": "P229304.97.2",
"inst": "babbar[white]",
"sig": "@dcclt%sux:babbar=babbar[white//(to be) white]V/i'V/i$babbar/babbar#~",
"f": {"lang": "sux",
"form": "babbar",
"cf": "babbar",
"gw": "white",
"sense": "(to be) white",
"norm0": "babbar",
"pos": "V/i",
"epos": "V/i",
"base": "babbar",
"morph": "~"}
}
,
{
"node": "d",
"type": "line-start",
"ref": "P229304.98",
"n": "3'",
"label": "r v 3'"}
,
{
"node": "l",
"frag": "zu₂-lum",
"id": "P229304.l273ec",
"ref": "P229304.98.1",
"inst": "zulum[date]",
"sig": "@dcclt%sux:zu₂-lum=zulum[date//date]N'N$zulum/zu₂-lum#~",
"f": {"lang": "sux",
"form": "zu₂-lum",
"cf": "zulum",
"gw": "date",
"sense": "date",
"norm0": "zulum",
"pos": "N",
"epos": "N",
"base": "zu₂-lum",
"morph": "~"}
}
,
{
"node": "l",
"frag": "še",
"id": "P229304.l273ed",
"ref": "P229304.98.2",
"inst": "še[barley]",
"sig": "@dcclt%sux:še=še[barley//barley]N'N$še/še#~",
"f": {"lang": "sux",
"form": "še",
"cf": "še",
"gw": "barley",
"sense": "barley",
"norm0": "še",
"pos": "N",
"epos": "N",
"base": "še",
"morph": "~"}
}
,
{
"node": "l",
"frag": "⸢eštub⸣",
"id": "P229304.l273ee",
"ref": "P229304.98.3",
"inst": "eštub[carp]",
"sig": "@dcclt%sux:eštub=eštub[carp//carp]N'N$eštub/eštub#~",
"f": {"lang": "sux",
"form": "eštub",
"cf": "eštub",
"gw": "carp",
"sense": "carp",
"norm0": "eštub",
"pos": "N",
"epos": "N",
"base": "eštub",
"morph": "~"}
}
,
{
"node": "d",
"type": "line-start",
"ref": "P229304.99",
"n": "4'",
"label": "r v 4'"}
,
{
"node": "l",
"frag": "zu₂-lum",
"id": "P229304.l273ef",
"ref": "P229304.99.1",
"inst": "zulum[date]",
"sig": "@dcclt%sux:zu₂-lum=zulum[date//date]N'N$zulum/zu₂-lum#~",
"f": {"lang": "sux",
"form": "zu₂-lum",
"cf": "zulum",
"gw": "date",
"sense": "date",
"norm0": "zulum",
"pos": "N",
"epos": "N",
"base": "zu₂-lum",
"morph": "~"}
}
,
{
"node": "l",
"frag": "še-muš₅",
"id": "P229304.l273f0",
"ref": "P229304.99.2",
"inst": "šeŋuš[barley]",
"sig": "@dcclt%sux:še-muš₅=šeŋuš[barley//a barley]N'N$šeŋuš/še-muš₅#~",
"f": {"lang": "sux",
"form": "še-muš₅",
"cf": "šeŋuš",
"gw": "barley",
"sense": "a barley",
"norm0": "šeŋuš",
"pos": "N",
"epos": "N",
"base": "še-muš₅",
"morph": "~"}
}
,
{
"node": "d",
"type": "line-start",
"ref": "P229304.100",
"n": "5'",
"label": "r v 5'"}
,
{
"node": "l",
"frag": "zu₂-lum",
"id": "P229304.l273f1",
"ref": "P229304.100.1",
"inst": "zulum[date]",
"sig": "@dcclt%sux:zu₂-lum=zulum[date//date]N'N$zulum/zu₂-lum#~",
"f": {"lang": "sux",
"form": "zu₂-lum",
"cf": "zulum",
"gw": "date",
"sense": "date",
"norm0": "zulum",
"pos": "N",
"epos": "N",
"base": "zu₂-lum",
"morph": "~"}
}
,
{
"node": "l",
"frag": "[...]",
"id": "P229304.l273f2",
"ref": "P229304.100.2",
"inst": "u",
"f": {"lang": "sux",
"form": "x",
"pos": "u"}
}
,
{
"node": "d",
"type": "line-start",
"ref": "P229304.101",
"n": "6'",
"label": "r v 6'"}
,
{
"node": "l",
"frag": "zu₂-lum",
"id": "P229304.l273f3",
"ref": "P229304.101.1",
"inst": "zulum[date]",
"sig": "@dcclt%sux:zu₂-lum=zulum[date//date]N'N$zulum/zu₂-lum#~",
"f": {"lang": "sux",
"form": "zu₂-lum",
"cf": "zulum",
"gw": "date",
"sense": "date",
"norm0": "zulum",
"pos": "N",
"epos": "N",
"base": "zu₂-lum",
"morph": "~"}
}
,
{
"node": "l",
"frag": "[...]",
"id": "P229304.l273f4",
"ref": "P229304.101.2",
"inst": "u",
"f": {"lang": "sux",
"form": "x",
"pos": "u"}
}
,
{
"node": "d",
"type": "line-start",
"ref": "P229304.102",
"n": "7'",
"label": "r v 7'"}
,
{
"node": "l",
"frag": "zu₂-lum",
"id": "P229304.l273f5",
"ref": "P229304.102.1",
"inst": "zulum[date]",
"sig": "@dcclt%sux:zu₂-lum=zulum[date//date]N'N$zulum/zu₂-lum#~",
"f": {"lang": "sux",
"form": "zu₂-lum",
"cf": "zulum",
"gw": "date",
"sense": "date",
"norm0": "zulum",
"pos": "N",
"epos": "N",
"base": "zu₂-lum",
"morph": "~"}
}
,
{
"node": "l",
"frag": "⸢dilmun⸣",
"id": "P229304.l273f6",
"ref": "P229304.102.2",
"inst": "GN",
"f": {"lang": "sux",
"form": "dilmun",
"pos": "GN"}
}
,
{
"node": "d",
"type": "nonx",
"ref": "P229304.103",
"strict": "1",
"extent": "1",
"scope": "line",
"state": "traces"}
]}
]}
]}
,
{
"linkbase": [{
"type": "linkset",
"xlink_title": "a ŋar[irrigate//to irrigate]V/t'V/t",
"id": "P229304.ls00000",
"xlink_type": "extended",
"xlink_role": "psu",
"sig": "{a ŋar-ra = a[water]N ŋar[place]V/t += a ŋar[irrigate//to irrigate]V/t'V/t}::@dcclt%sux:a=a[water//water]N'N$a/a#~++@dcclt%sux:ŋar-ra=ŋar[place//place]V/t'V/t$ŋar;a/ŋar+-ra=r.a#~;a",
"links": [
{
"type": "link",
"xlink_title": "a",
"xlink_type": "locator",
"xlink_href": "#P229304.l27350",
"xlink_role": "elt"}
,
{
"type": "link",
"xlink_title": "ŋar",
"xlink_type": "locator",
"xlink_href": "#P229304.l27351",
"xlink_role": "elt"}
]}
,
{
"type": "linkset",
"xlink_title": "zid še sa’a[flour//roasted barley flour]N'N",
"id": "P229304.ls00001",
"xlink_type": "extended",
"xlink_role": "psu",
"sig": "{zid₂ še sa-a = zid[flour]N še[barley]N sa[roast]V/t += zid še sa’a[flour//roasted barley flour]N'N}::@dcclt%sux:zid₂=zid[flour//flour]N'N$zid/zid₂#~++@dcclt%sux:še=še[barley//barley]N'N$še/še#~++@dcclt%sux:sa-a=sa[roast//to roast]V/t'V/t$sa;a/sa#~;a",
"links": [
{
"type": "link",
"xlink_title": "zid",
"xlink_type": "locator",
"xlink_href": "#P229304.l27373",
"xlink_role": "elt"}
,
{
"type": "link",
"xlink_title": "še",
"xlink_type": "locator",
"xlink_href": "#P229304.l27374",
"xlink_role": "elt"}
,
{
"type": "link",
"xlink_title": "sa",
"xlink_type": "locator",
"xlink_href": "#P229304.l27375",
"xlink_role": "elt"}
]}
]}
]}
