{
"type": "cdl",
  "source": "http://oracc.org/dcclt",
  "license": "This data is released under the CC0 license",
  "license-url": "https://creativecommons.org/publicdomain/zero/1.0/",
  "more-info": "http://oracc.org/doc/opendata/",
  "UTC-timestamp": "2017-05-19T18:24:37",
"project": "dcclt",
"textid": "P229359",
"cdl": [
{
"node": "c",
"type": "text",
"id": "P229359.U0",
"cdl": [
{
"node": "d",
"subtype": "tablet",
"type": "object",
"ref": "P229359.x1141.1",
"type": "tablet",
"label": "x1141"}
,
{
"node": "d",
"subtype": "reverse",
"type": "surface",
"ref": "P229359.r.2",
"type": "reverse",
"label": "r"}
,
{
"node": "d",
"subtype": "column 1r",
"type": "column",
"ref": "P229359.r.i.3",
"n": "1",
"label": "r i"}
,
{
"node": "c",
"type": "discourse",
"subtype": "body",
"id": "P229359.U1",
"cdl": [
{
"node": "c",
"type": "sentence",
"id": "P229359.U2",
"label": "r i 1 - r iii 4",
"cdl": [
{
"node": "d",
"type": "line-start",
"ref": "P229359.4",
"n": "1",
"label": "r i 1"}
,
{
"node": "l",
"frag": "[še]",
"id": "P229359.l27076",
"ref": "P229359.4.1",
"inst": "še[barley]",
"sig": "@dcclt%sux:še=še[barley//barley]N'N$še/še#~",
"f": {"lang": "sux",
"form": "še",
"cf": "še",
"gw": "barley",
"sense": "barley",
"norm0": "še",
"pos": "N",
"epos": "N",
"base": "še",
"morph": "~"}
}
,
{
"node": "d",
"type": "line-start",
"ref": "P229359.5",
"n": "2",
"label": "r i 2"}
,
{
"node": "l",
"frag": "še",
"id": "P229359.l27077",
"ref": "P229359.5.1",
"inst": "še[barley]",
"sig": "@dcclt%sux:še=še[barley//barley]N'N$še/še#~",
"f": {"lang": "sux",
"form": "še",
"cf": "še",
"gw": "barley",
"sense": "barley",
"norm0": "še",
"pos": "N",
"epos": "N",
"base": "še",
"morph": "~"}
}
,
{
"node": "l",
"frag": "[...]",
"id": "P229359.l27078",
"ref": "P229359.5.2",
"inst": "u",
"f": {"lang": "sux",
"form": "x",
"pos": "u"}
}
,
{
"node": "d",
"type": "line-start",
"ref": "P229359.6",
"n": "3",
"label": "r i 3"}
,
{
"node": "l",
"frag": "še",
"id": "P229359.l27079",
"ref": "P229359.6.1",
"inst": "še[barley]",
"sig": "@dcclt%sux:še=še[barley//barley]N'N$še/še#~",
"f": {"lang": "sux",
"form": "še",
"cf": "še",
"gw": "barley",
"sense": "barley",
"norm0": "še",
"pos": "N",
"epos": "N",
"base": "še",
"morph": "~"}
}
,
{
"node": "l",
"frag": "[...]",
"id": "P229359.l2707a",
"ref": "P229359.6.2",
"inst": "u",
"f": {"lang": "sux",
"form": "x",
"pos": "u"}
}
,
{
"node": "d",
"type": "line-start",
"ref": "P229359.7",
"n": "4",
"label": "r i 4"}
,
{
"node": "l",
"frag": "še",
"id": "P229359.l2707b",
"ref": "P229359.7.1",
"inst": "še[barley]",
"sig": "@dcclt%sux:še=še[barley//barley]N'N$še/še#~",
"f": {"lang": "sux",
"form": "še",
"cf": "še",
"gw": "barley",
"sense": "barley",
"norm0": "še",
"pos": "N",
"epos": "N",
"base": "še",
"morph": "~"}
}
,
{
"node": "l",
"frag": "[...]",
"id": "P229359.l2707c",
"ref": "P229359.7.2",
"inst": "u",
"f": {"lang": "sux",
"form": "x",
"pos": "u"}
}
,
{
"node": "d",
"type": "line-start",
"ref": "P229359.8",
"n": "5",
"label": "r i 5"}
,
{
"node": "l",
"frag": "še",
"id": "P229359.l2707d",
"ref": "P229359.8.1",
"inst": "še[barley]",
"sig": "@dcclt%sux:še=še[barley//barley]N'N$še/še#~",
"f": {"lang": "sux",
"form": "še",
"cf": "še",
"gw": "barley",
"sense": "barley",
"norm0": "še",
"pos": "N",
"epos": "N",
"base": "še",
"morph": "~"}
}
,
{
"node": "l",
"frag": "[...]",
"id": "P229359.l2707e",
"ref": "P229359.8.2",
"inst": "u",
"f": {"lang": "sux",
"form": "x",
"pos": "u"}
}
,
{
"node": "d",
"subtype": "column 2r",
"type": "column",
"ref": "P229359.r.ii.9",
"n": "2",
"label": "r ii"}
,
{
"node": "d",
"type": "line-start",
"ref": "P229359.10",
"n": "1",
"label": "r ii 1"}
,
{
"node": "l",
"frag": "⸢še⸣",
"id": "P229359.l2707f",
"ref": "P229359.10.1",
"inst": "še[barley]",
"sig": "@dcclt%sux:še=še[barley//barley]N'N$še/še#~",
"f": {"lang": "sux",
"form": "še",
"cf": "še",
"gw": "barley",
"sense": "barley",
"norm0": "še",
"pos": "N",
"epos": "N",
"base": "še",
"morph": "~"}
}
,
{
"node": "c",
"type": "phrase",
"tag": "phr",
"id": "P229359.U4",
"ref": "P229359.ls00000",
"cdl": [
{
"node": "l",
"frag": "a",
"id": "P229359.l27080",
"ref": "P229359.10.2",
"inst": "a[water]",
"sig": "@dcclt%sux:a=a[water//water]N'N$a/a#~",
"f": {"lang": "sux",
"form": "a",
"cf": "a",
"gw": "water",
"sense": "water",
"norm0": "a",
"pos": "N",
"epos": "N",
"base": "a",
"morph": "~"}
}
,
{
"node": "l",
"frag": "de₂-a",
"id": "P229359.l27081",
"ref": "P229359.10.3",
"inst": "de[pour]",
"sig": "@dcclt%sux:de₂-a=de[pour//pour]V/t'V/t$de;a/de₂#~;a",
"f": {"lang": "sux",
"form": "de₂-a",
"cf": "de",
"gw": "pour",
"sense": "pour",
"norm0": "de;a",
"pos": "V/t",
"epos": "V/t",
"base": "de₂",
"morph": "~;a"}
}
]}
,
{
"node": "d",
"type": "line-start",
"ref": "P229359.11",
"n": "2",
"label": "r ii 2"}
,
{
"node": "l",
"frag": "še",
"id": "P229359.l27082",
"ref": "P229359.11.1",
"inst": "še[barley]",
"sig": "@dcclt%sux:še=še[barley//barley]N'N$še/še#~",
"f": {"lang": "sux",
"form": "še",
"cf": "še",
"gw": "barley",
"sense": "barley",
"norm0": "še",
"pos": "N",
"epos": "N",
"base": "še",
"morph": "~"}
}
,
{
"node": "c",
"type": "phrase",
"tag": "phr",
"id": "P229359.U5",
"ref": "P229359.ls00001",
"cdl": [
{
"node": "l",
"frag": "a",
"id": "P229359.l27083",
"ref": "P229359.11.2",
"inst": "a[water]",
"sig": "@dcclt%sux:a=a[water//water]N'N$a/a#~",
"f": {"lang": "sux",
"form": "a",
"cf": "a",
"gw": "water",
"sense": "water",
"norm0": "a",
"pos": "N",
"epos": "N",
"base": "a",
"morph": "~"}
}
,
{
"node": "l",
"frag": "de₂-de₂-a",
"id": "P229359.l27084",
"ref": "P229359.11.3",
"inst": "de[pour]",
"sig": "@dcclt%sux:de₂-de₂-a=de[pour//pour]V/t'V/t$de;a/de₂-de₂#~;a",
"f": {"lang": "sux",
"form": "de₂-de₂-a",
"cf": "de",
"gw": "pour",
"sense": "pour",
"norm0": "de;a",
"pos": "V/t",
"epos": "V/t",
"base": "de₂-de₂",
"morph": "~;a"}
}
]}
,
{
"node": "d",
"type": "line-start",
"ref": "P229359.12",
"n": "3",
"label": "r ii 3"}
,
{
"node": "l",
"frag": "še",
"id": "P229359.l27085",
"ref": "P229359.12.1",
"inst": "še[barley]",
"sig": "@dcclt%sux:še=še[barley//barley]N'N$še/še#~",
"f": {"lang": "sux",
"form": "še",
"cf": "še",
"gw": "barley",
"sense": "barley",
"norm0": "še",
"pos": "N",
"epos": "N",
"base": "še",
"morph": "~"}
}
,
{
"node": "l",
"frag": "a",
"id": "P229359.l27086",
"ref": "P229359.12.2",
"inst": "a[water]",
"sig": "@dcclt%sux:a=a[water//water]N'N$a/a#~",
"f": {"lang": "sux",
"form": "a",
"cf": "a",
"gw": "water",
"sense": "water",
"norm0": "a",
"pos": "N",
"epos": "N",
"base": "a",
"morph": "~"}
}
,
{
"node": "l",
"frag": "DU",
"id": "P229359.l27087",
"ref": "P229359.12.3",
"inst": "u",
"f": {"lang": "sux",
"form": "DU",
"pos": "u"}
}
,
{
"node": "l",
"frag": "ri-a",
"id": "P229359.l27088",
"ref": "P229359.12.4",
"inst": "ri[unmng]",
"sig": "@dcclt%sux:ri-a=ri[unmng//(unknown meaning)]N'N$ri,ak/ri#~,ak",
"f": {"lang": "sux",
"form": "ri-a",
"cf": "ri",
"gw": "unmng",
"sense": "(unknown meaning)",
"norm0": "ri,ak",
"pos": "N",
"epos": "N",
"base": "ri",
"morph": "~,ak"}
}
,
{
"node": "d",
"type": "nonw",
"ref": ""}
,
{
"node": "d",
"type": "line-start",
"ref": "P229359.13",
"n": "4",
"label": "r ii 4"}
,
{
"node": "l",
"frag": "še",
"id": "P229359.l27089",
"ref": "P229359.13.1",
"inst": "še[barley]",
"sig": "@dcclt%sux:še=še[barley//barley]N'N$še/še#~",
"f": {"lang": "sux",
"form": "še",
"cf": "še",
"gw": "barley",
"sense": "barley",
"norm0": "še",
"pos": "N",
"epos": "N",
"base": "še",
"morph": "~"}
}
,
{
"node": "l",
"frag": "in-nu-ha",
"id": "P229359.l2708a",
"ref": "P229359.13.2",
"inst": "in.nu.HA[barley]",
"sig": "@dcclt%sux:in-nu-ha=in.nu.HA[barley//a type of barley]N'N$in.nu.HA/in-nu-HA#~",
"f": {"lang": "sux",
"form": "in-nu-ha",
"cf": "in.nu.HA",
"gw": "barley",
"sense": "a type of barley",
"norm0": "in.nu.HA",
"pos": "N",
"epos": "N",
"base": "in-nu-HA",
"morph": "~"}
}
,
{
"node": "d",
"type": "nonw",
"ref": ""}
,
{
"node": "d",
"type": "line-start",
"ref": "P229359.14",
"n": "5",
"label": "r ii 5"}
,
{
"node": "l",
"frag": "še",
"id": "P229359.l2708b",
"ref": "P229359.14.1",
"inst": "še[barley]",
"sig": "@dcclt%sux:še=še[barley//barley]N'N$še/še#~",
"f": {"lang": "sux",
"form": "še",
"cf": "še",
"gw": "barley",
"sense": "barley",
"norm0": "še",
"pos": "N",
"epos": "N",
"base": "še",
"morph": "~"}
}
,
{
"node": "l",
"frag": "ha-ba-zi-il",
"id": "P229359.l2708c",
"ref": "P229359.14.2",
"inst": "habazin[cereal]",
"sig": "@dcclt%sux:ha-ba-zi-il=habazin[cereal//cereal]N'N$habazin/ha-ba-zi-il#~",
"f": {"lang": "sux",
"form": "ha-ba-zi-il",
"cf": "habazin",
"gw": "cereal",
"sense": "cereal",
"norm0": "habazin",
"pos": "N",
"epos": "N",
"base": "ha-ba-zi-il",
"morph": "~"}
}
,
{
"node": "d",
"type": "nonw",
"ref": ""}
,
{
"node": "d",
"type": "line-start",
"ref": "P229359.15",
"n": "6",
"label": "r ii 6"}
,
{
"node": "l",
"frag": "⸢še⸣",
"id": "P229359.l2708d",
"ref": "P229359.15.1",
"inst": "še[barley]",
"sig": "@dcclt%sux:še=še[barley//barley]N'N$še/še#~",
"f": {"lang": "sux",
"form": "še",
"cf": "še",
"gw": "barley",
"sense": "barley",
"norm0": "še",
"pos": "N",
"epos": "N",
"base": "še",
"morph": "~"}
}
,
{
"node": "l",
"frag": "lillan",
"id": "P229359.l2708e",
"ref": "P229359.15.2",
"inst": "lillan[grain]",
"sig": "@dcclt%sux:lillan=lillan[grain//ripe grain]N'N$lillan/lillan#~",
"f": {"lang": "sux",
"form": "lillan",
"cf": "lillan",
"gw": "grain",
"sense": "ripe grain",
"norm0": "lillan",
"pos": "N",
"epos": "N",
"base": "lillan",
"morph": "~"}
}
,
{
"node": "d",
"type": "nonw",
"ref": ""}
,
{
"node": "d",
"type": "line-start",
"ref": "P229359.16",
"n": "7",
"label": "r ii 7"}
,
{
"node": "l",
"frag": "še",
"id": "P229359.l2708f",
"ref": "P229359.16.1",
"inst": "še[barley]",
"sig": "@dcclt%sux:še=še[barley//barley]N'N$še/še#~",
"f": {"lang": "sux",
"form": "še",
"cf": "še",
"gw": "barley",
"sense": "barley",
"norm0": "še",
"pos": "N",
"epos": "N",
"base": "še",
"morph": "~"}
}
,
{
"node": "l",
"frag": "⸢x⸣",
"id": "P229359.l27090",
"ref": "P229359.16.2",
"inst": "u",
"f": {"lang": "sux",
"form": "x",
"pos": "u"}
}
,
{
"node": "d",
"subtype": "column 3r",
"type": "column",
"ref": "P229359.r.iii.17",
"n": "3",
"label": "r iii"}
,
{
"node": "d",
"type": "nonx",
"ref": "P229359.18",
"strict": "1",
"extent": "2",
"scope": "line",
"state": "missing"}
,
{
"node": "d",
"type": "nonx",
"ref": "P229359.19",
"strict": "1",
"extent": "1",
"scope": "line",
"state": "traces"}
,
{
"node": "d",
"type": "line-start",
"ref": "P229359.20",
"n": "3",
"label": "r iii 3"}
,
{
"node": "l",
"frag": "[še]",
"id": "P229359.l27091",
"ref": "P229359.20.1",
"inst": "še[barley]",
"sig": "@dcclt%sux:še=še[barley//barley]N'N$še/še#~",
"f": {"lang": "sux",
"form": "še",
"cf": "še",
"gw": "barley",
"sense": "barley",
"norm0": "še",
"pos": "N",
"epos": "N",
"base": "še",
"morph": "~"}
}
,
{
"node": "l",
"frag": "eštub",
"id": "P229359.l27092",
"ref": "P229359.20.2",
"inst": "eštub[carp]",
"sig": "@dcclt%sux:eštub=eštub[carp//carp]N'N$eštub/eštub#~",
"f": {"lang": "sux",
"form": "eštub",
"cf": "eštub",
"gw": "carp",
"sense": "carp",
"norm0": "eštub",
"pos": "N",
"epos": "N",
"base": "eštub",
"morph": "~"}
}
,
{
"node": "d",
"type": "nonw",
"ref": ""}
,
{
"node": "d",
"type": "line-start",
"ref": "P229359.21",
"n": "4",
"label": "r iii 4"}
,
{
"node": "l",
"frag": "[še]-muš₅",
"id": "P229359.l27093",
"ref": "P229359.21.1",
"inst": "šeŋuš[barley]",
"sig": "@dcclt%sux:še-muš₅=šeŋuš[barley//a barley]N'N$šeŋuš/še-muš₅#~",
"f": {"lang": "sux",
"form": "še-muš₅",
"cf": "šeŋuš",
"gw": "barley",
"sense": "a barley",
"norm0": "šeŋuš",
"pos": "N",
"epos": "N",
"base": "še-muš₅",
"morph": "~"}
}
,
{
"node": "d",
"type": "nonw",
"ref": ""}
,
{
"node": "d",
"type": "nonx",
"ref": "P229359.22",
"strict": "1",
"extent": "2",
"scope": "line",
"state": "traces"}
]}
]}
]}
,
{
"linkbase": [{
"type": "linkset",
"xlink_title": "a de[irrigate//to irrigate (by flooding)]V/t'V/t",
"id": "P229359.ls00000",
"xlink_type": "extended",
"xlink_role": "psu",
"sig": "{a de₂-a = a[water]N de[pour]V/t += a de[irrigate//to irrigate (by flooding)]V/t'V/t}::@dcclt%sux:a=a[water//water]N'N$a/a#~++@dcclt%sux:de₂-a=de[pour//to pour]V/t'V/t$de;a/de₂#~;a",
"links": [
{
"type": "link",
"xlink_title": "a",
"xlink_type": "locator",
"xlink_href": "#P229359.l27080",
"xlink_role": "elt"}
,
{
"type": "link",
"xlink_title": "de",
"xlink_type": "locator",
"xlink_href": "#P229359.l27081",
"xlink_role": "elt"}
]}
,
{
"type": "linkset",
"xlink_title": "a de[irrigate//to irrigate (by flooding)]V/t'V/t",
"id": "P229359.ls00001",
"xlink_type": "extended",
"xlink_role": "psu",
"sig": "{a de₂-de₂-a = a[water]N de[pour]V/t += a de[irrigate//to irrigate (by flooding)]V/t'V/t}::@dcclt%sux:a=a[water//water]N'N$a/a#~++@dcclt%sux:de₂-de₂-a=de[pour//to pour]V/t'V/t$de;a/de₂-de₂#~;a",
"links": [
{
"type": "link",
"xlink_title": "a",
"xlink_type": "locator",
"xlink_href": "#P229359.l27083",
"xlink_role": "elt"}
,
{
"type": "link",
"xlink_title": "de",
"xlink_type": "locator",
"xlink_href": "#P229359.l27084",
"xlink_role": "elt"}
]}
]}
]}
