{
"type": "cdl",
  "source": "http://oracc.org/dcclt",
  "license": "This data is released under the CC0 license",
  "license-url": "https://creativecommons.org/publicdomain/zero/1.0/",
  "more-info": "http://oracc.org/doc/opendata/",
  "UTC-timestamp": "2017-05-19T18:24:45",
"project": "dcclt",
"textid": "P229906",
"cdl": [
{
"node": "c",
"type": "text",
"id": "P229906.U0",
"cdl": [
{
"node": "d",
"type": "object",
"ref": ""}
,
{
"node": "d",
"subtype": "obverse",
"type": "surface",
"ref": "P229906.o.1",
"type": "obverse",
"label": "o"}
,
{
"node": "d",
"type": "nonx",
"ref": "P229906.2",
"strict": "1",
"extent": "beginning",
"scope": "column",
"state": "missing"}
,
{
"node": "d",
"type": "nonx",
"ref": "P229906.3",
"strict": "1",
"extent": "1",
"scope": "line",
"state": "traces"}
,
{
"node": "c",
"type": "discourse",
"subtype": "body",
"id": "P229906.U1",
"cdl": [
{
"node": "c",
"type": "sentence",
"id": "P229906.U2",
"label": "o 2' - o 8'",
"cdl": [
{
"node": "d",
"type": "line-start",
"ref": "P229906.4",
"n": "2'",
"label": "o 2'"}
,
{
"node": "d",
"type": "cell-start"}
,
{
"node": "d",
"type": "field-start",
"subtype": "sv"}
,
{
"node": "l",
"frag": "sah₄",
"id": "P229906.l0cae1",
"ref": "P229906.4.1",
"inst": "sah[playful]",
"sig": "@dcclt%sux:sah₄=sah[playful//playful]AJ'AJ$sah/sah₄#~",
"f": {"lang": "sux",
"form": "sah₄",
"cf": "sah",
"gw": "playful",
"sense": "playful",
"norm0": "sah",
"pos": "AJ",
"epos": "AJ",
"base": "sah₄",
"morph": "~"}
}
,
{
"node": "d",
"type": "field-end",
"subtype": "sv"}
,
{
"node": "d",
"type": "cell-end"}
,
{
"node": "d",
"type": "cell-start"}
,
{
"node": "d",
"type": "field-start",
"subtype": "wp"}
,
{
"node": "d",
"frag": "*",
"type": "nonw",
"ref": "P229906.4.2",
"lang": "sux",
"type": "punct"}
,
{
"node": "d",
"type": "field-end",
"subtype": "wp"}
,
{
"node": "d",
"type": "cell-end"}
,
{
"node": "d",
"type": "cell-start"}
,
{
"node": "d",
"type": "field-start",
"subtype": "pr"}
,
{
"node": "l",
"frag": "sa₃-ah",
"id": "P229906.l0cae2",
"ref": "P229906.4.3",
"inst": "%sux:sa₃-ah=",
"f": {"lang": "sux",
"form": "sa₃-ah"}
}
,
{
"node": "d",
"type": "field-end",
"subtype": "pr"}
,
{
"node": "d",
"type": "cell-end"}
,
{
"node": "d",
"type": "cell-start"}
,
{
"node": "d",
"type": "field-start",
"subtype": "sg"}
,
{
"node": "l",
"frag": "|GU&GU|",
"id": "P229906.l0cae3",
"ref": "P229906.4.4",
"inst": "%sux:|GU&GU|=",
"f": {"lang": "sux",
"form": "|GU&GU|"}
}
,
{
"node": "d",
"type": "field-end",
"subtype": "sg"}
,
{
"node": "d",
"type": "cell-end"}
,
{
"node": "d",
"type": "line-start",
"ref": "P229906.5",
"n": "3'",
"label": "o 3'"}
,
{
"node": "d",
"type": "cell-start"}
,
{
"node": "d",
"type": "field-start",
"subtype": "sv"}
,
{
"node": "l",
"frag": "dilmun",
"id": "P229906.l0cae4",
"ref": "P229906.5.1",
"inst": "Dilmun[]GN",
"sig": "@dcclt%sux:dilmun=Dilmun[1//1]GN'GN$Dilmun/dilmun#~",
"f": {"lang": "sux",
"form": "dilmun",
"cf": "Dilmun",
"gw": "1",
"sense": "1",
"norm0": "Dilmun",
"pos": "GN",
"epos": "GN",
"base": "dilmun",
"morph": "~"}
}
,
{
"node": "d",
"type": "field-end",
"subtype": "sv"}
,
{
"node": "d",
"type": "cell-end"}
,
{
"node": "d",
"type": "cell-start"}
,
{
"node": "d",
"type": "field-start",
"subtype": "wp"}
,
{
"node": "d",
"frag": "*",
"type": "nonw",
"ref": "P229906.5.2",
"lang": "sux",
"type": "punct"}
,
{
"node": "d",
"type": "field-end",
"subtype": "wp"}
,
{
"node": "d",
"type": "cell-end"}
,
{
"node": "d",
"type": "cell-start"}
,
{
"node": "d",
"type": "field-start",
"subtype": "pr"}
,
{
"node": "l",
"frag": "de-el-mu-un",
"id": "P229906.l0cae5",
"ref": "P229906.5.3",
"inst": "%sux:de-el-mu-un=",
"f": {"lang": "sux",
"form": "de-el-mu-un"}
}
,
{
"node": "d",
"type": "field-end",
"subtype": "pr"}
,
{
"node": "d",
"type": "cell-end"}
,
{
"node": "d",
"type": "cell-start"}
,
{
"node": "d",
"type": "field-start",
"subtype": "sg"}
,
{
"node": "l",
"frag": "|SAL.TUK|",
"id": "P229906.l0cae6",
"ref": "P229906.5.4",
"inst": "%sux:|SAL.TUK|=",
"f": {"lang": "sux",
"form": "|SAL.TUK|"}
}
,
{
"node": "d",
"type": "field-end",
"subtype": "sg"}
,
{
"node": "d",
"type": "cell-end"}
,
{
"node": "d",
"type": "line-start",
"ref": "P229906.6",
"n": "4'",
"label": "o 4'"}
,
{
"node": "d",
"type": "cell-start"}
,
{
"node": "d",
"type": "field-start",
"subtype": "sv"}
,
{
"node": "l",
"frag": "lagar₃",
"id": "P229906.l0cae7",
"ref": "P229906.6.1",
"inst": "lagar[minister]",
"sig": "@dcclt%sux:lagar₃=lagar[minister//minister]N'N$lagar/lagar₃#~",
"f": {"lang": "sux",
"form": "lagar₃",
"cf": "lagar",
"gw": "minister",
"sense": "minister",
"norm0": "lagar",
"pos": "N",
"epos": "N",
"base": "lagar₃",
"morph": "~"}
}
,
{
"node": "d",
"type": "field-end",
"subtype": "sv"}
,
{
"node": "d",
"type": "cell-end"}
,
{
"node": "d",
"type": "cell-start"}
,
{
"node": "d",
"type": "field-start",
"subtype": "wp"}
,
{
"node": "d",
"frag": "*",
"type": "nonw",
"ref": "P229906.6.2",
"lang": "sux",
"type": "punct"}
,
{
"node": "d",
"type": "field-end",
"subtype": "wp"}
,
{
"node": "d",
"type": "cell-end"}
,
{
"node": "d",
"type": "cell-start"}
,
{
"node": "d",
"type": "field-start",
"subtype": "pr"}
,
{
"node": "l",
"frag": "la-ga-ar",
"id": "P229906.l0cae8",
"ref": "P229906.6.3",
"inst": "%sux:la-ga-ar=",
"f": {"lang": "sux",
"form": "la-ga-ar"}
}
,
{
"node": "d",
"type": "field-end",
"subtype": "pr"}
,
{
"node": "d",
"type": "cell-end"}
,
{
"node": "d",
"type": "cell-start"}
,
{
"node": "d",
"type": "field-start",
"subtype": "sg"}
,
{
"node": "l",
"frag": "|SAL.HUB₂|",
"id": "P229906.l0cae9",
"ref": "P229906.6.4",
"inst": "%sux:|SAL.HUB₂|=",
"f": {"lang": "sux",
"form": "|SAL.HUB₂|"}
}
,
{
"node": "d",
"type": "field-end",
"subtype": "sg"}
,
{
"node": "d",
"type": "cell-end"}
,
{
"node": "d",
"type": "line-start",
"ref": "P229906.7",
"n": "5'",
"label": "o 5'"}
,
{
"node": "d",
"type": "cell-start"}
,
{
"node": "d",
"type": "field-start",
"subtype": "sv"}
,
{
"node": "l",
"frag": "eme₅",
"id": "P229906.l0caea",
"ref": "P229906.7.1",
"inst": "eme[donkey]",
"sig": "@dcclt%sux:eme₅=eme[donkey//female donkey]N'N$eme/eme₅#~",
"f": {"lang": "sux",
"form": "eme₅",
"cf": "eme",
"gw": "donkey",
"sense": "female donkey",
"norm0": "eme",
"pos": "N",
"epos": "N",
"base": "eme₅",
"morph": "~"}
}
,
{
"node": "d",
"type": "field-end",
"subtype": "sv"}
,
{
"node": "d",
"type": "cell-end"}
,
{
"node": "d",
"type": "cell-start"}
,
{
"node": "d",
"type": "field-start",
"subtype": "wp"}
,
{
"node": "d",
"frag": "*",
"type": "nonw",
"ref": "P229906.7.2",
"lang": "sux",
"type": "punct"}
,
{
"node": "d",
"type": "field-end",
"subtype": "wp"}
,
{
"node": "d",
"type": "cell-end"}
,
{
"node": "d",
"type": "cell-start"}
,
{
"node": "d",
"type": "field-start",
"subtype": "pr"}
,
{
"node": "l",
"frag": "e-⸢me⸣",
"id": "P229906.l0caeb",
"ref": "P229906.7.3",
"inst": "%sux:e-me=",
"f": {"lang": "sux",
"form": "e-me"}
}
,
{
"node": "d",
"type": "field-end",
"subtype": "pr"}
,
{
"node": "d",
"type": "cell-end"}
,
{
"node": "d",
"type": "cell-start"}
,
{
"node": "d",
"type": "field-start",
"subtype": "sg"}
,
{
"node": "l",
"frag": "|SAL.HUB₂|",
"id": "P229906.l0caec",
"ref": "P229906.7.4",
"inst": "%sux:|SAL.HUB₂|=",
"f": {"lang": "sux",
"form": "|SAL.HUB₂|"}
}
,
{
"node": "d",
"type": "field-end",
"subtype": "sg"}
,
{
"node": "d",
"type": "cell-end"}
,
{
"node": "d",
"type": "line-start",
"ref": "P229906.8",
"n": "6'",
"label": "o 6'"}
,
{
"node": "d",
"type": "cell-start"}
,
{
"node": "d",
"type": "field-start",
"subtype": "sv"}
,
{
"node": "l",
"frag": "eme₃",
"id": "P229906.l0caed",
"ref": "P229906.8.1",
"inst": "eme[donkey]",
"sig": "@dcclt%sux:eme₃=eme[donkey//female donkey]N'N$eme/eme₃#~",
"f": {"lang": "sux",
"form": "eme₃",
"cf": "eme",
"gw": "donkey",
"sense": "female donkey",
"norm0": "eme",
"pos": "N",
"epos": "N",
"base": "eme₃",
"morph": "~"}
}
,
{
"node": "d",
"type": "field-end",
"subtype": "sv"}
,
{
"node": "d",
"type": "cell-end"}
,
{
"node": "d",
"type": "cell-start"}
,
{
"node": "d",
"type": "field-start",
"subtype": "wp"}
,
{
"node": "d",
"frag": "*",
"type": "nonw",
"ref": "P229906.8.2",
"lang": "sux",
"type": "punct"}
,
{
"node": "d",
"type": "field-end",
"subtype": "wp"}
,
{
"node": "d",
"type": "cell-end"}
,
{
"node": "d",
"type": "cell-start"}
,
{
"node": "d",
"type": "field-start",
"subtype": "pr"}
,
{
"node": "l",
"frag": "e-me",
"id": "P229906.l0caee",
"ref": "P229906.8.3",
"inst": "%sux:e-me=",
"f": {"lang": "sux",
"form": "e-me"}
}
,
{
"node": "d",
"type": "field-end",
"subtype": "pr"}
,
{
"node": "d",
"type": "cell-end"}
,
{
"node": "d",
"type": "cell-start"}
,
{
"node": "d",
"type": "field-start",
"subtype": "sg"}
,
{
"node": "l",
"frag": "|SAL.ANŠE|",
"id": "P229906.l0caef",
"ref": "P229906.8.4",
"inst": "%sux:|SAL.ANŠE|=",
"f": {"lang": "sux",
"form": "|SAL.ANŠE|"}
}
,
{
"node": "d",
"type": "field-end",
"subtype": "sg"}
,
{
"node": "d",
"type": "cell-end"}
,
{
"node": "d",
"type": "line-start",
"ref": "P229906.9",
"n": "7'",
"label": "o 7'"}
,
{
"node": "d",
"type": "cell-start"}
,
{
"node": "d",
"type": "field-start",
"subtype": "sv"}
,
{
"node": "l",
"frag": "el",
"id": "P229906.l0caf0",
"ref": "P229906.9.1",
"inst": "S",
"f": {"lang": "sux",
"form": "el",
"pos": "S"}
}
,
{
"node": "d",
"type": "field-end",
"subtype": "sv"}
,
{
"node": "d",
"type": "cell-end"}
,
{
"node": "d",
"type": "cell-start"}
,
{
"node": "d",
"type": "field-start",
"subtype": "wp"}
,
{
"node": "d",
"frag": "*",
"type": "nonw",
"ref": "P229906.9.2",
"lang": "sux",
"type": "punct"}
,
{
"node": "d",
"type": "field-end",
"subtype": "wp"}
,
{
"node": "d",
"type": "cell-end"}
,
{
"node": "d",
"type": "cell-start"}
,
{
"node": "d",
"type": "field-start",
"subtype": "pr"}
,
{
"node": "l",
"frag": "el",
"id": "P229906.l0caf1",
"ref": "P229906.9.3",
"inst": "%sux:el=",
"f": {"lang": "sux",
"form": "el"}
}
,
{
"node": "d",
"type": "field-end",
"subtype": "pr"}
,
{
"node": "d",
"type": "cell-end"}
,
{
"node": "d",
"type": "cell-start"}
,
{
"node": "d",
"type": "field-start",
"subtype": "sg"}
,
{
"node": "l",
"frag": "EL",
"id": "P229906.l0caf2",
"ref": "P229906.9.4",
"inst": "%sux:EL=",
"f": {"lang": "sux",
"form": "EL"}
}
,
{
"node": "d",
"type": "field-end",
"subtype": "sg"}
,
{
"node": "d",
"type": "cell-end"}
,
{
"node": "d",
"type": "line-start",
"ref": "P229906.10",
"n": "8'",
"label": "o 8'"}
,
{
"node": "d",
"type": "cell-start"}
,
{
"node": "d",
"type": "field-start",
"subtype": "sv"}
,
{
"node": "l",
"frag": "sikil",
"id": "P229906.l0caf3",
"ref": "P229906.10.1",
"inst": "sikil[pure]",
"sig": "@dcclt%sux:sikil=sikil[pure//pure]V/i'V/i$sikil/sikil#~",
"f": {"lang": "sux",
"form": "sikil",
"cf": "sikil",
"gw": "pure",
"sense": "pure",
"norm0": "sikil",
"pos": "V/i",
"epos": "V/i",
"base": "sikil",
"morph": "~"}
}
,
{
"node": "d",
"type": "field-end",
"subtype": "sv"}
,
{
"node": "d",
"type": "cell-end"}
,
{
"node": "d",
"type": "cell-start"}
,
{
"node": "d",
"type": "field-start",
"subtype": "wp"}
,
{
"node": "d",
"frag": "*",
"type": "nonw",
"ref": "P229906.10.2",
"lang": "sux",
"type": "punct"}
,
{
"node": "d",
"type": "field-end",
"subtype": "wp"}
,
{
"node": "d",
"type": "cell-end"}
,
{
"node": "d",
"type": "cell-start"}
,
{
"node": "d",
"type": "field-start",
"subtype": "pr"}
,
{
"node": "l",
"frag": "si-ki-il",
"id": "P229906.l0caf4",
"ref": "P229906.10.3",
"inst": "%sux:si-ki-il=",
"f": {"lang": "sux",
"form": "si-ki-il"}
}
,
{
"node": "d",
"type": "field-end",
"subtype": "pr"}
,
{
"node": "d",
"type": "cell-end"}
,
{
"node": "d",
"type": "cell-start"}
,
{
"node": "d",
"type": "field-start",
"subtype": "sg"}
,
{
"node": "l",
"frag": "[EL]",
"id": "P229906.l0caf5",
"ref": "P229906.10.4",
"inst": "%sux:EL=",
"f": {"lang": "sux",
"form": "EL"}
}
,
{
"node": "d",
"type": "field-end",
"subtype": "sg"}
,
{
"node": "d",
"type": "cell-end"}
,
{
"node": "d",
"type": "nonx",
"ref": "P229906.11",
"strict": "1",
"extent": "1",
"scope": "line",
"state": "traces"}
,
{
"node": "d",
"subtype": "reverse",
"type": "surface",
"ref": "P229906.r.12",
"type": "reverse",
"label": "r"}
,
{
"node": "d",
"type": "nonx",
"ref": "P229906.13",
"strict": "0",
"state": "illegible"}
]}
]}
]}
]}
