{
"type": "cdl",
  "source": "http://oracc.org/dcclt",
  "license": "This data is released under the CC0 license",
  "license-url": "https://creativecommons.org/publicdomain/zero/1.0/",
  "more-info": "http://oracc.org/doc/opendata/",
  "UTC-timestamp": "2017-05-19T18:24:48",
"project": "dcclt",
"textid": "P229975",
"cdl": [
{
"node": "c",
"type": "text",
"id": "P229975.U0",
"cdl": [
{
"node": "d",
"subtype": "tablet",
"type": "object",
"ref": "P229975.x664.1",
"type": "tablet",
"label": "x664"}
,
{
"node": "d",
"type": "surface",
"ref": ""}
,
{
"node": "d",
"type": "nonx",
"ref": "P229975.2",
"strict": "0",
"extent": "1",
"state": "ruling"}
,
{
"node": "d",
"subtype": "obverse",
"type": "surface",
"ref": "P229975.o.3",
"type": "obverse",
"label": "o"}
,
{
"node": "d",
"subtype": "column 1o",
"type": "column",
"ref": "P229975.o.i.4",
"n": "1",
"label": "o i"}
,
{
"node": "c",
"type": "discourse",
"subtype": "body",
"id": "P229975.U1",
"cdl": [
{
"node": "c",
"type": "sentence",
"id": "P229975.U2",
"label": "o i 1 - o i 15",
"cdl": [
{
"node": "d",
"type": "line-start",
"ref": "P229975.5",
"n": "1",
"label": "o i 1"}
,
{
"node": "l",
"frag": "{gi}bisaŋ",
"id": "P229975.l1fb4e",
"ref": "P229975.5.1",
"inst": "bisaŋ[basket]N",
"sig": "@dcclt%sux:{gi}bisaŋ=bisaŋ[basket//basket]N'N$bisaŋ/{gi}bisaŋ#~",
"f": {"lang": "sux",
"form": "{gi}bisaŋ",
"cf": "bisaŋ",
"gw": "basket",
"sense": "basket",
"norm0": "bisaŋ",
"pos": "N",
"epos": "N",
"base": "{gi}bisaŋ",
"morph": "~"}
}
,
{
"node": "l",
"frag": "im-⸢babbar₂⸣",
"id": "P229975.l1fb4f",
"ref": "P229975.5.2",
"inst": "imbabbar[gypsum]N",
"sig": "@dcclt%sux:im-babbar₂=imbabbar[gypsum//gypsum]N'N$imbabbar/im-babbar₂#~",
"f": {"lang": "sux",
"form": "im-babbar₂",
"cf": "imbabbar",
"gw": "gypsum",
"sense": "gypsum",
"norm0": "imbabbar",
"pos": "N",
"epos": "N",
"base": "im-babbar₂",
"morph": "~"}
}
,
{
"node": "d",
"type": "line-start",
"ref": "P229975.6",
"n": "2",
"label": "o i 2"}
,
{
"node": "l",
"frag": "{gi}bisaŋ",
"id": "P229975.l1fb50",
"ref": "P229975.6.1",
"inst": "bisaŋ[basket]N",
"sig": "@dcclt%sux:{gi}bisaŋ=bisaŋ[basket//basket]N'N$bisaŋ/{gi}bisaŋ#~",
"f": {"lang": "sux",
"form": "{gi}bisaŋ",
"cf": "bisaŋ",
"gw": "basket",
"sense": "basket",
"norm0": "bisaŋ",
"pos": "N",
"epos": "N",
"base": "{gi}bisaŋ",
"morph": "~"}
}
,
{
"node": "l",
"frag": "im",
"id": "P229975.l1fb51",
"ref": "P229975.6.2",
"inst": "im[clay]n",
"sig": "@dcclt%sux:im=im[clay//clay]N'N$im/im#~",
"f": {"lang": "sux",
"form": "im",
"cf": "im",
"gw": "clay",
"sense": "clay",
"norm0": "im",
"pos": "N",
"epos": "N",
"base": "im",
"morph": "~"}
}
,
{
"node": "l",
"frag": "su₄-a",
"id": "P229975.l1fb52",
"ref": "P229975.6.3",
"inst": "su[red]V/i",
"sig": "@dcclt%sux:su₄-a=su[red//red]V/i'V/i$su;a/su₄#~;a",
"f": {"lang": "sux",
"form": "su₄-a",
"cf": "su",
"gw": "red",
"sense": "red",
"norm0": "su;a",
"pos": "V/i",
"epos": "V/i",
"base": "su₄",
"morph": "~;a"}
}
,
{
"node": "d",
"type": "line-start",
"ref": "P229975.7",
"n": "3",
"label": "o i 3"}
,
{
"node": "l",
"frag": "{gi}bisaŋ",
"id": "P229975.l1fb53",
"ref": "P229975.7.1",
"inst": "bisaŋ[basket]N",
"sig": "@dcclt%sux:{gi}bisaŋ=bisaŋ[basket//basket]N'N$bisaŋ/{gi}bisaŋ#~",
"f": {"lang": "sux",
"form": "{gi}bisaŋ",
"cf": "bisaŋ",
"gw": "basket",
"sense": "basket",
"norm0": "bisaŋ",
"pos": "N",
"epos": "N",
"base": "{gi}bisaŋ",
"morph": "~"}
}
,
{
"node": "l",
"frag": "im",
"id": "P229975.l1fb54",
"ref": "P229975.7.2",
"inst": "im[clay]N",
"sig": "@dcclt%sux:im=im[clay//clay]N'N$im/im#~",
"f": {"lang": "sux",
"form": "im",
"cf": "im",
"gw": "clay",
"sense": "clay",
"norm0": "im",
"pos": "N",
"epos": "N",
"base": "im",
"morph": "~"}
}
,
{
"node": "l",
"frag": "sar-ra",
"id": "P229975.l1fb55",
"ref": "P229975.7.3",
"inst": "sar[write]V/t",
"sig": "@dcclt%sux:sar-ra=sar[write//write]V/t'V/t$sar;a/sar+-ra=r.a#~;a",
"f": {"lang": "sux",
"form": "sar-ra",
"cf": "sar",
"gw": "write",
"sense": "write",
"norm0": "sar;a",
"pos": "V/t",
"epos": "V/t",
"base": "sar",
"cont": "-ra=r.a",
"morph": "~;a"}
}
,
{
"node": "d",
"type": "line-start",
"ref": "P229975.8",
"n": "4",
"label": "o i 4"}
,
{
"node": "l",
"frag": "{gi}bisaŋ",
"id": "P229975.l1fb56",
"ref": "P229975.8.1",
"inst": "bisaŋ[basket]N",
"sig": "@dcclt%sux:{gi}bisaŋ=bisaŋ[basket//basket]N'N$bisaŋ/{gi}bisaŋ#~",
"f": {"lang": "sux",
"form": "{gi}bisaŋ",
"cf": "bisaŋ",
"gw": "basket",
"sense": "basket",
"norm0": "bisaŋ",
"pos": "N",
"epos": "N",
"base": "{gi}bisaŋ",
"morph": "~"}
}
,
{
"node": "l",
"frag": "{u₂}bur₂",
"id": "P229975.l1fb57",
"ref": "P229975.8.2",
"inst": "bur[grass]N",
"sig": "@dcclt%sux:{u₂}bur₂=bur[grass//a grass]N'N$bur/{u₂}bur₂#~",
"f": {"lang": "sux",
"form": "{u₂}bur₂",
"cf": "bur",
"gw": "grass",
"sense": "a grass",
"norm0": "bur",
"pos": "N",
"epos": "N",
"base": "{u₂}bur₂",
"morph": "~"}
}
,
{
"node": "d",
"type": "line-start",
"ref": "P229975.9",
"n": "5",
"label": "o i 5"}
,
{
"node": "l",
"frag": "{gi}bisaŋ",
"id": "P229975.l1fb58",
"ref": "P229975.9.1",
"inst": "bisaŋ[basket]N",
"sig": "@dcclt%sux:{gi}bisaŋ=bisaŋ[basket//basket]N'N$bisaŋ/{gi}bisaŋ#~",
"f": {"lang": "sux",
"form": "{gi}bisaŋ",
"cf": "bisaŋ",
"gw": "basket",
"sense": "basket",
"norm0": "bisaŋ",
"pos": "N",
"epos": "N",
"base": "{gi}bisaŋ",
"morph": "~"}
}
,
{
"node": "l",
"frag": "{u₂}ninni₅",
"id": "P229975.l1fb59",
"ref": "P229975.9.2",
"inst": "ninni[reeds]N",
"sig": "@dcclt%sux:{u₂}ninni₅=ninni[reeds//reeds]N'N$ninni/{u₂}ninni₅#~",
"f": {"lang": "sux",
"form": "{u₂}ninni₅",
"cf": "ninni",
"gw": "reeds",
"sense": "reeds",
"norm0": "ninni",
"pos": "N",
"epos": "N",
"base": "{u₂}ninni₅",
"morph": "~"}
}
,
{
"node": "d",
"type": "line-start",
"ref": "P229975.10",
"n": "6",
"label": "o i 6"}
,
{
"node": "l",
"frag": "{gi}bisaŋ",
"id": "P229975.l1fb5a",
"ref": "P229975.10.1",
"inst": "bisaŋ[basket]N",
"sig": "@dcclt%sux:{gi}bisaŋ=bisaŋ[basket//basket]N'N$bisaŋ/{gi}bisaŋ#~",
"f": {"lang": "sux",
"form": "{gi}bisaŋ",
"cf": "bisaŋ",
"gw": "basket",
"sense": "basket",
"norm0": "bisaŋ",
"pos": "N",
"epos": "N",
"base": "{gi}bisaŋ",
"morph": "~"}
}
,
{
"node": "c",
"type": "phrase",
"tag": "phr",
"id": "P229975.U4",
"ref": "P229975.ls00000",
"cdl": [
{
"node": "l",
"frag": "zu₂",
"id": "P229975.l1fb5b",
"ref": "P229975.10.2",
"inst": "zu[tooth]",
"sig": "@dcclt%sux:zu₂=zu[tooth//tooth]N'N$zu/zu₂#~",
"f": {"lang": "sux",
"form": "zu₂",
"cf": "zu",
"gw": "tooth",
"sense": "tooth",
"norm0": "zu",
"pos": "N",
"epos": "N",
"base": "zu₂",
"morph": "~"}
}
,
{
"node": "l",
"frag": "⸢keš₂⸣",
"id": "P229975.l1fb5c",
"ref": "P229975.10.3",
"inst": "kešed[bind]",
"sig": "@dcclt%sux:keš₂=kešed[bind//bind]V/t'V/t$kešed/keš₂#~",
"f": {"lang": "sux",
"form": "keš₂",
"cf": "kešed",
"gw": "bind",
"sense": "bind",
"norm0": "kešed",
"pos": "V/t",
"epos": "V/t",
"base": "keš₂",
"morph": "~"}
}
]}
,
{
"node": "d",
"type": "line-start",
"ref": "P229975.11",
"n": "7",
"label": "o i 7"}
,
{
"node": "l",
"frag": "{gi}bisaŋ",
"id": "P229975.l1fb5d",
"ref": "P229975.11.1",
"inst": "bisaŋ[basket]N",
"sig": "@dcclt%sux:{gi}bisaŋ=bisaŋ[basket//basket]N'N$bisaŋ/{gi}bisaŋ#~",
"f": {"lang": "sux",
"form": "{gi}bisaŋ",
"cf": "bisaŋ",
"gw": "basket",
"sense": "basket",
"norm0": "bisaŋ",
"pos": "N",
"epos": "N",
"base": "{gi}bisaŋ",
"morph": "~"}
}
,
{
"node": "l",
"frag": "šag₄-ha",
"id": "P229975.l1fb5e",
"ref": "P229975.11.2",
"inst": "šagha[cloth]N",
"sig": "@dcclt%sux:šag₄-ha=šagha[cloth//a cloth]N'N$šagha/šag₄-ha#~",
"f": {"lang": "sux",
"form": "šag₄-ha",
"cf": "šagha",
"gw": "cloth",
"sense": "a cloth",
"norm0": "šagha",
"pos": "N",
"epos": "N",
"base": "šag₄-ha",
"morph": "~"}
}
,
{
"node": "d",
"type": "line-start",
"ref": "P229975.12",
"n": "8",
"label": "o i 8"}
,
{
"node": "l",
"frag": "{gi}bisaŋ",
"id": "P229975.l1fb5f",
"ref": "P229975.12.1",
"inst": "bisaŋ[basket]N",
"sig": "@dcclt%sux:{gi}bisaŋ=bisaŋ[basket//basket]N'N$bisaŋ/{gi}bisaŋ#~",
"f": {"lang": "sux",
"form": "{gi}bisaŋ",
"cf": "bisaŋ",
"gw": "basket",
"sense": "basket",
"norm0": "bisaŋ",
"pos": "N",
"epos": "N",
"base": "{gi}bisaŋ",
"morph": "~"}
}
,
{
"node": "l",
"frag": "šag₄",
"id": "P229975.l1fb60",
"ref": "P229975.12.2",
"inst": "šag[heart]N",
"sig": "@dcclt%sux:šag₄=šag[heart//heart]N'N$šag/šag₄#~",
"f": {"lang": "sux",
"form": "šag₄",
"cf": "šag",
"gw": "heart",
"sense": "heart",
"norm0": "šag",
"pos": "N",
"epos": "N",
"base": "šag₄",
"morph": "~"}
}
,
{
"node": "l",
"frag": "ra-ah",
"id": "P229975.l1fb61",
"ref": "P229975.12.3",
"inst": "rah[beat]V/t",
"sig": "@dcclt%sux:ra-ah=rah[beat//to beat, kill]V/t'V/t$rah/ra-ah#~",
"f": {"lang": "sux",
"form": "ra-ah",
"cf": "rah",
"gw": "beat",
"sense": "to beat, kill",
"norm0": "rah",
"pos": "V/t",
"epos": "V/t",
"base": "ra-ah",
"morph": "~"}
}
,
{
"node": "d",
"type": "line-start",
"ref": "P229975.13",
"n": "9",
"label": "o i 9"}
,
{
"node": "l",
"frag": "{gi}bisaŋ",
"id": "P229975.l1fb62",
"ref": "P229975.13.1",
"inst": "bisaŋ[basket]N",
"sig": "@dcclt%sux:{gi}bisaŋ=bisaŋ[basket//basket]N'N$bisaŋ/{gi}bisaŋ#~",
"f": {"lang": "sux",
"form": "{gi}bisaŋ",
"cf": "bisaŋ",
"gw": "basket",
"sense": "basket",
"norm0": "bisaŋ",
"pos": "N",
"epos": "N",
"base": "{gi}bisaŋ",
"morph": "~"}
}
,
{
"node": "l",
"frag": "igi-du₈-a",
"id": "P229975.l1fb63",
"ref": "P229975.13.2",
"inst": "igidu[gift]N",
"sig": "@dcclt%sux:igi-du₈-a=igidu[gift//audience gift]N'N$igidu,ak/igi-du₈#~,ak",
"f": {"lang": "sux",
"form": "igi-du₈-a",
"cf": "igidu",
"gw": "gift",
"sense": "audience gift",
"norm0": "igidu,ak",
"pos": "N",
"epos": "N",
"base": "igi-du₈",
"morph": "~,ak"}
}
,
{
"node": "d",
"type": "line-start",
"ref": "P229975.14",
"n": "10",
"label": "o i 10"}
,
{
"node": "l",
"frag": "{gi}bisaŋ",
"id": "P229975.l1fb64",
"ref": "P229975.14.1",
"inst": "bisaŋ[basket]N",
"sig": "@dcclt%sux:{gi}bisaŋ=bisaŋ[basket//basket]N'N$bisaŋ/{gi}bisaŋ#~",
"f": {"lang": "sux",
"form": "{gi}bisaŋ",
"cf": "bisaŋ",
"gw": "basket",
"sense": "basket",
"norm0": "bisaŋ",
"pos": "N",
"epos": "N",
"base": "{gi}bisaŋ",
"morph": "~"}
}
,
{
"node": "l",
"frag": "kuš",
"id": "P229975.l1fb65",
"ref": "P229975.14.2",
"inst": "kuš[skin]N",
"sig": "@dcclt%sux:kuš=kuš[skin//skin]N'N$kuš/kuš#~",
"f": {"lang": "sux",
"form": "kuš",
"cf": "kuš",
"gw": "skin",
"sense": "skin",
"norm0": "kuš",
"pos": "N",
"epos": "N",
"base": "kuš",
"morph": "~"}
}
,
{
"node": "l",
"frag": "sig₉-ga",
"id": "P229975.l1fb66",
"ref": "P229975.14.3",
"inst": "sig[put]V/t",
"sig": "@dcclt%sux:sig₉-ga=sig[put//put]V/t'V/t$sig;a/sig₉+-ga=g.a#~;a",
"f": {"lang": "sux",
"form": "sig₉-ga",
"cf": "sig",
"gw": "put",
"sense": "put",
"norm0": "sig;a",
"pos": "V/t",
"epos": "V/t",
"base": "sig₉",
"cont": "-ga=g.a",
"morph": "~;a"}
}
,
{
"node": "d",
"type": "line-start",
"ref": "P229975.15",
"n": "11",
"label": "o i 11"}
,
{
"node": "l",
"frag": "{gi}bisaŋ",
"id": "P229975.l1fb67",
"ref": "P229975.15.1",
"inst": "bisaŋ[basket]N",
"sig": "@dcclt%sux:{gi}bisaŋ=bisaŋ[basket//basket]N'N$bisaŋ/{gi}bisaŋ#~",
"f": {"lang": "sux",
"form": "{gi}bisaŋ",
"cf": "bisaŋ",
"gw": "basket",
"sense": "basket",
"norm0": "bisaŋ",
"pos": "N",
"epos": "N",
"base": "{gi}bisaŋ",
"morph": "~"}
}
,
{
"node": "l",
"frag": "e₂-dub-ba",
"id": "P229975.l1fb68",
"ref": "P229975.15.2",
"inst": "edubbaʾa[scribal school]N/e₂-dub-ba#~",
"sig": "@dcclt%sux:e₂-dub-ba=edubbaʾa[scribal school//scribal school]N'N$edubbaʾa/e₂-dub-ba#~",
"f": {"lang": "sux",
"form": "e₂-dub-ba",
"cf": "edubbaʾa",
"gw": "scribal school",
"sense": "scribal school",
"norm0": "edubbaʾa",
"pos": "N",
"epos": "N",
"base": "e₂-dub-ba",
"morph": "~"}
}
,
{
"node": "d",
"type": "nonw",
"ref": ""}
,
{
"node": "d",
"type": "line-start",
"ref": "P229975.16",
"n": "12",
"label": "o i 12"}
,
{
"node": "l",
"frag": "{gi}bisaŋ",
"id": "P229975.l1fb69",
"ref": "P229975.16.1",
"inst": "bisaŋ[basket]N",
"sig": "@dcclt%sux:{gi}bisaŋ=bisaŋ[basket//basket]N'N$bisaŋ/{gi}bisaŋ#~",
"f": {"lang": "sux",
"form": "{gi}bisaŋ",
"cf": "bisaŋ",
"gw": "basket",
"sense": "basket",
"norm0": "bisaŋ",
"pos": "N",
"epos": "N",
"base": "{gi}bisaŋ",
"morph": "~"}
}
,
{
"node": "l",
"frag": "gid₂-da",
"id": "P229975.l1fb6a",
"ref": "P229975.16.2",
"inst": "gid[long]V/i",
"sig": "@dcclt%sux:gid₂-da=gid[long//(to be) long]V/i'V/i$gid;a/gid₂+-da=d.a#~;a",
"f": {"lang": "sux",
"form": "gid₂-da",
"cf": "gid",
"gw": "long",
"sense": "(to be) long",
"norm0": "gid;a",
"pos": "V/i",
"epos": "V/i",
"base": "gid₂",
"cont": "-da=d.a",
"morph": "~;a"}
}
,
{
"node": "d",
"type": "line-start",
"ref": "P229975.17",
"n": "13",
"label": "o i 13"}
,
{
"node": "l",
"frag": "{gi}bisaŋ",
"id": "P229975.l1fb6b",
"ref": "P229975.17.1",
"inst": "bisaŋ[basket]N",
"sig": "@dcclt%sux:{gi}bisaŋ=bisaŋ[basket//basket]N'N$bisaŋ/{gi}bisaŋ#~",
"f": {"lang": "sux",
"form": "{gi}bisaŋ",
"cf": "bisaŋ",
"gw": "basket",
"sense": "basket",
"norm0": "bisaŋ",
"pos": "N",
"epos": "N",
"base": "{gi}bisaŋ",
"morph": "~"}
}
,
{
"node": "l",
"frag": "e₂",
"id": "P229975.l1fb6c",
"ref": "P229975.17.2",
"inst": "e[house]N",
"sig": "@dcclt%sux:e₂=e[house//house]N'N$e/e₂#~",
"f": {"lang": "sux",
"form": "e₂",
"cf": "e",
"gw": "house",
"sense": "house",
"norm0": "e",
"pos": "N",
"epos": "N",
"base": "e₂",
"morph": "~"}
}
,
{
"node": "l",
"frag": "kud-da",
"id": "P229975.l1fb6d",
"ref": "P229975.17.3",
"inst": "kud[cut]V/t",
"sig": "@dcclt%sux:kud-da=kud[cut//cut]V/t'V/t$kud;a/kud+-da=d.a#~;a",
"f": {"lang": "sux",
"form": "kud-da",
"cf": "kud",
"gw": "cut",
"sense": "cut",
"norm0": "kud;a",
"pos": "V/t",
"epos": "V/t",
"base": "kud",
"cont": "-da=d.a",
"morph": "~;a"}
}
,
{
"node": "d",
"type": "line-start",
"ref": "P229975.18",
"n": "14",
"label": "o i 14"}
,
{
"node": "l",
"frag": "{gi}bisaŋ",
"id": "P229975.l1fb6e",
"ref": "P229975.18.1",
"inst": "bisaŋ[basket]N",
"sig": "@dcclt%sux:{gi}bisaŋ=bisaŋ[basket//basket]N'N$bisaŋ/{gi}bisaŋ#~",
"f": {"lang": "sux",
"form": "{gi}bisaŋ",
"cf": "bisaŋ",
"gw": "basket",
"sense": "basket",
"norm0": "bisaŋ",
"pos": "N",
"epos": "N",
"base": "{gi}bisaŋ",
"morph": "~"}
}
,
{
"node": "l",
"frag": "sa₂-a",
"id": "P229975.l1fb6f",
"ref": "P229975.18.2",
"inst": "sig[tie]V/t",
"sig": "@dcclt%sux:sa₂-a=sig[tie//tie]V/t'V/t$sig;a/sa₂#~;a",
"f": {"lang": "sux",
"form": "sa₂-a",
"cf": "sig",
"gw": "tie",
"sense": "tie",
"norm0": "sig;a",
"pos": "V/t",
"epos": "V/t",
"base": "sa₂",
"morph": "~;a"}
}
,
{
"node": "d",
"type": "line-start",
"ref": "P229975.19",
"n": "15",
"label": "o i 15"}
,
{
"node": "l",
"frag": "{gi}⸢ma⸣-sa₂-ab",
"id": "P229975.l1fb70",
"ref": "P229975.19.1",
"inst": "masab[basket]N",
"sig": "@dcclt%sux:{gi}ma-sa₂-ab=masab[basket//basket]N'N$masab/{gi}ma-sa₂-ab#~",
"f": {"lang": "sux",
"form": "{gi}ma-sa₂-ab",
"cf": "masab",
"gw": "basket",
"sense": "basket",
"norm0": "masab",
"pos": "N",
"epos": "N",
"base": "{gi}ma-sa₂-ab",
"morph": "~"}
}
,
{
"node": "d",
"type": "nonx",
"ref": "P229975.20",
"strict": "1",
"extent": "2",
"scope": "line",
"state": "ruling"}
,
{
"node": "d",
"subtype": "column 2o",
"type": "column",
"ref": "P229975.o.ii.21",
"n": "2",
"label": "o ii"}
,
{
"node": "d",
"type": "nonx",
"ref": "P229975.22",
"strict": "0",
"state": "traces"}
,
{
"node": "d",
"subtype": "reverse",
"type": "surface",
"ref": "P229975.r.23",
"type": "reverse",
"label": "r"}
,
{
"node": "d",
"subtype": "column 1r",
"type": "column",
"ref": "P229975.r.i.24",
"n": "1",
"label": "r i"}
,
{
"node": "d",
"type": "nonx",
"ref": "P229975.25",
"strict": "0",
"extent": "beginning",
"state": "other"}
,
{
"node": "d",
"subtype": "column 2r",
"type": "column",
"ref": "P229975.r.ii.26",
"n": "2",
"label": "r ii"}
,
{
"node": "d",
"type": "nonx",
"ref": "P229975.27",
"strict": "0",
"extent": "beginning",
"state": "other"}
,
{
"node": "d",
"subtype": "column 3r",
"type": "column",
"ref": "P229975.r.iii.28",
"n": "3",
"label": "r iii"}
,
{
"node": "d",
"type": "nonx",
"ref": "P229975.29",
"strict": "0",
"extent": "beginning",
"state": "other"}
,
{
"node": "d",
"subtype": "column 4r",
"type": "column",
"ref": "P229975.r.iv.30",
"n": "4",
"label": "r iv"}
,
{
"node": "d",
"type": "nonx",
"ref": "P229975.31",
"strict": "0",
"extent": "beginning",
"state": "other"}
]}
]}
]}
,
{
"linkbase": [{
"type": "linkset",
"xlink_title": "zu kešed[assemble//to assemble, gather]V/t'V/t",
"id": "P229975.ls00000",
"xlink_type": "extended",
"xlink_role": "psu",
"sig": "{zu₂ keš₂ = zu[tooth]N kešed[bind]V/t += zu kešed[assemble//to assemble, gather]V/t'V/t}::@dcclt%sux:zu₂=zu[tooth//tooth]N'N$zu/zu₂#~++@dcclt%sux:keš₂=kešed[bind//to bind]V/t'V/t$kešed/keš₂#~",
"links": [
{
"type": "link",
"xlink_title": "zu",
"xlink_type": "locator",
"xlink_href": "#P229975.l1fb5b",
"xlink_role": "elt"}
,
{
"type": "link",
"xlink_title": "kešed",
"xlink_type": "locator",
"xlink_href": "#P229975.l1fb5c",
"xlink_role": "elt"}
]}
]}
]}
