{
"type": "cdl",
  "source": "http://oracc.org/dcclt",
  "license": "This data is released under the CC0 license",
  "license-url": "https://creativecommons.org/publicdomain/zero/1.0/",
  "more-info": "http://oracc.org/doc/opendata/",
  "UTC-timestamp": "2017-05-19T18:24:35",
"project": "dcclt",
"textid": "P229280",
"cdl": [
{
"node": "c",
"type": "text",
"id": "P229280.U0",
"cdl": [
{
"node": "d",
"type": "object",
"ref": ""}
,
{
"node": "d",
"subtype": "obverse",
"type": "surface",
"ref": "P229280.o.1",
"type": "obverse",
"label": "o"}
,
{
"node": "d",
"subtype": "column 1o",
"type": "column",
"ref": "P229280.o.i.2",
"n": "1",
"label": "o i"}
,
{
"node": "c",
"type": "discourse",
"subtype": "body",
"id": "P229280.U1",
"cdl": [
{
"node": "c",
"type": "sentence",
"id": "P229280.U2",
"label": "o i 1' - o i 18'",
"cdl": [
{
"node": "d",
"type": "line-start",
"ref": "P229280.3",
"n": "1'",
"label": "o i 1'"}
,
{
"node": "l",
"frag": "{⸢na₄⸣}za-[gin₃",
"id": "P229280.l30968",
"ref": "P229280.3.1",
"inst": "zagin[lapis]",
"sig": "@dcclt%sux:{na₄}za-gin₃=zagin[lapis//lapis lazuli]N'N$zagin/{na₄}za-gin₃#~",
"f": {"lang": "sux",
"form": "{na₄}za-gin₃",
"cf": "zagin",
"gw": "lapis",
"sense": "lapis lazuli",
"norm0": "zagin",
"pos": "N",
"epos": "N",
"base": "{na₄}za-gin₃",
"morph": "~"}
}
,
{
"node": "l",
"frag": "...]",
"id": "P229280.l30969",
"ref": "P229280.3.2",
"inst": "u",
"f": {"lang": "sux",
"form": "x",
"pos": "u"}
}
,
{
"node": "d",
"type": "line-start",
"ref": "P229280.4",
"n": "2'",
"label": "o i 2'"}
,
{
"node": "l",
"frag": "{⸢na₄⸣}za-[gin₃",
"id": "P229280.l3096a",
"ref": "P229280.4.1",
"inst": "zagin[lapis]",
"sig": "@dcclt%sux:{na₄}za-gin₃=zagin[lapis//lapis lazuli]N'N$zagin/{na₄}za-gin₃#~",
"f": {"lang": "sux",
"form": "{na₄}za-gin₃",
"cf": "zagin",
"gw": "lapis",
"sense": "lapis lazuli",
"norm0": "zagin",
"pos": "N",
"epos": "N",
"base": "{na₄}za-gin₃",
"morph": "~"}
}
,
{
"node": "l",
"frag": "...]",
"id": "P229280.l3096b",
"ref": "P229280.4.2",
"inst": "u",
"f": {"lang": "sux",
"form": "x",
"pos": "u"}
}
,
{
"node": "d",
"type": "line-start",
"ref": "P229280.5",
"n": "3",
"label": "o i 3"}
,
{
"node": "l",
"frag": "{⸢na₄⸣}za-gin₃",
"id": "P229280.l3096c",
"ref": "P229280.5.1",
"inst": "zagin[lapis]",
"sig": "@dcclt%sux:{na₄}za-gin₃=zagin[lapis//lapis lazuli]N'N$zagin/{na₄}za-gin₃#~",
"f": {"lang": "sux",
"form": "{na₄}za-gin₃",
"cf": "zagin",
"gw": "lapis",
"sense": "lapis lazuli",
"norm0": "zagin",
"pos": "N",
"epos": "N",
"base": "{na₄}za-gin₃",
"morph": "~"}
}
,
{
"node": "l",
"frag": "⸢ŋeštin⸣-[na]",
"id": "P229280.l3096d",
"ref": "P229280.5.2",
"inst": "ŋeštin[vine]",
"sig": "@dcclt%sux:ŋeštin-na=ŋeštin[vine//vine]N'N$ŋeštin,ak/ŋeštin+-na=n.a#~,ak",
"f": {"lang": "sux",
"form": "ŋeštin-na",
"cf": "ŋeštin",
"gw": "vine",
"sense": "vine",
"norm0": "ŋeštin,ak",
"pos": "N",
"epos": "N",
"base": "ŋeštin",
"cont": "-na=n.a",
"morph": "~,ak"}
}
,
{
"node": "d",
"type": "line-start",
"ref": "P229280.6",
"n": "4'",
"label": "o i 4'"}
,
{
"node": "l",
"frag": "{⸢na₄⸣}za-gin₃",
"id": "P229280.l3096e",
"ref": "P229280.6.1",
"inst": "zagin[lapis]",
"sig": "@dcclt%sux:{na₄}za-gin₃=zagin[lapis//lapis lazuli]N'N$zagin/{na₄}za-gin₃#~",
"f": {"lang": "sux",
"form": "{na₄}za-gin₃",
"cf": "zagin",
"gw": "lapis",
"sense": "lapis lazuli",
"norm0": "zagin",
"pos": "N",
"epos": "N",
"base": "{na₄}za-gin₃",
"morph": "~"}
}
,
{
"node": "l",
"frag": "⸢anše⸣-[eden-na]",
"id": "P229280.l3096f",
"ref": "P229280.6.2",
"inst": "anšeʾedenak[equid]",
"sig": "@dcclt%sux:anše-eden-na=anšeʾedenak[equid//an equid, onager]N'N$anšeʾedenak/anše-eden-na#~",
"f": {"lang": "sux",
"form": "anše-eden-na",
"cf": "anšeʾedenak",
"gw": "equid",
"sense": "an equid, onager",
"norm0": "anšeʾedenak",
"pos": "N",
"epos": "N",
"base": "anše-eden-na",
"morph": "~"}
}
,
{
"node": "d",
"type": "line-start",
"ref": "P229280.7",
"n": "5'",
"label": "o i 5'"}
,
{
"node": "l",
"frag": "{na₄}za-gin₃",
"id": "P229280.l30970",
"ref": "P229280.7.1",
"inst": "zagin[lapis]",
"sig": "@dcclt%sux:{na₄}za-gin₃=zagin[lapis//lapis lazuli]N'N$zagin/{na₄}za-gin₃#~",
"f": {"lang": "sux",
"form": "{na₄}za-gin₃",
"cf": "zagin",
"gw": "lapis",
"sense": "lapis lazuli",
"norm0": "zagin",
"pos": "N",
"epos": "N",
"base": "{na₄}za-gin₃",
"morph": "~"}
}
,
{
"node": "l",
"frag": "⸢x⸣",
"id": "P229280.l30971",
"ref": "P229280.7.2",
"inst": "u",
"f": {"lang": "sux",
"form": "x",
"pos": "u"}
}
,
{
"node": "l",
"frag": "[...]",
"id": "P229280.l30972",
"ref": "P229280.7.3",
"inst": "u",
"f": {"lang": "sux",
"form": "x",
"pos": "u"}
}
,
{
"node": "d",
"type": "line-start",
"ref": "P229280.8",
"n": "6'",
"label": "o i 6'"}
,
{
"node": "l",
"frag": "{[na₄]}⸢za⸣-gin₃",
"id": "P229280.l30973",
"ref": "P229280.8.1",
"inst": "zagin[lapis]",
"sig": "@dcclt%sux:{na₄}za-gin₃=zagin[lapis//lapis lazuli]N'N$zagin/{na₄}za-gin₃#~",
"f": {"lang": "sux",
"form": "{na₄}za-gin₃",
"cf": "zagin",
"gw": "lapis",
"sense": "lapis lazuli",
"norm0": "zagin",
"pos": "N",
"epos": "N",
"base": "{na₄}za-gin₃",
"morph": "~"}
}
,
{
"node": "l",
"frag": "⸢mul⸣",
"id": "P229280.l30974",
"ref": "P229280.8.2",
"inst": "mul[star]",
"sig": "@dcclt%sux:mul=mul[star//star]N'N$mul/mul#~",
"f": {"lang": "sux",
"form": "mul",
"cf": "mul",
"gw": "star",
"sense": "star",
"norm0": "mul",
"pos": "N",
"epos": "N",
"base": "mul",
"morph": "~"}
}
,
{
"node": "d",
"type": "line-start",
"ref": "P229280.9",
"n": "7'",
"label": "o i 7'"}
,
{
"node": "l",
"frag": "{[na₄]}⸢za⸣-gin₃",
"id": "P229280.l30975",
"ref": "P229280.9.1",
"inst": "zagin[lapis]",
"sig": "@dcclt%sux:{na₄}za-gin₃=zagin[lapis//lapis lazuli]N'N$zagin/{na₄}za-gin₃#~",
"f": {"lang": "sux",
"form": "{na₄}za-gin₃",
"cf": "zagin",
"gw": "lapis",
"sense": "lapis lazuli",
"norm0": "zagin",
"pos": "N",
"epos": "N",
"base": "{na₄}za-gin₃",
"morph": "~"}
}
,
{
"node": "l",
"frag": "ŋeš-dili",
"id": "P229280.l30976",
"ref": "P229280.9.2",
"inst": "ŋešdili[string]",
"sig": "@dcclt%sux:ŋeš-dili=ŋešdili[string of beads//string of beads]N'N$ŋešdili/ŋeš-dili#~",
"f": {"lang": "sux",
"form": "ŋeš-dili",
"cf": "ŋešdili",
"gw": "string of beads",
"sense": "string of beads",
"norm0": "ŋešdili",
"pos": "N",
"epos": "N",
"base": "ŋeš-dili",
"morph": "~"}
}
,
{
"node": "d",
"type": "line-start",
"ref": "P229280.10",
"n": "8'",
"label": "o i 8'"}
,
{
"node": "l",
"frag": "{na₄}za-gin₃",
"id": "P229280.l30977",
"ref": "P229280.10.1",
"inst": "zagin[lapis]",
"sig": "@dcclt%sux:{na₄}za-gin₃=zagin[lapis//lapis lazuli]N'N$zagin/{na₄}za-gin₃#~",
"f": {"lang": "sux",
"form": "{na₄}za-gin₃",
"cf": "zagin",
"gw": "lapis",
"sense": "lapis lazuli",
"norm0": "zagin",
"pos": "N",
"epos": "N",
"base": "{na₄}za-gin₃",
"morph": "~"}
}
,
{
"node": "l",
"frag": "gu₂",
"id": "P229280.l30978",
"ref": "P229280.10.2",
"inst": "gu[neck]",
"sig": "@dcclt%sux:gu₂=gu[neck//neck]N'N$gu/gu₂#~",
"f": {"lang": "sux",
"form": "gu₂",
"cf": "gu",
"gw": "neck",
"sense": "neck",
"norm0": "gu",
"pos": "N",
"epos": "N",
"base": "gu₂",
"morph": "~"}
}
,
{
"node": "d",
"type": "line-start",
"ref": "P229280.11",
"n": "9'",
"label": "o i 9'"}
,
{
"node": "l",
"frag": "{na₄}za-gin₃",
"id": "P229280.l30979",
"ref": "P229280.11.1",
"inst": "zagin[lapis]",
"sig": "@dcclt%sux:{na₄}za-gin₃=zagin[lapis//lapis lazuli]N'N$zagin/{na₄}za-gin₃#~",
"f": {"lang": "sux",
"form": "{na₄}za-gin₃",
"cf": "zagin",
"gw": "lapis",
"sense": "lapis lazuli",
"norm0": "zagin",
"pos": "N",
"epos": "N",
"base": "{na₄}za-gin₃",
"morph": "~"}
}
,
{
"node": "l",
"frag": "hi-a",
"id": "P229280.l3097a",
"ref": "P229280.11.2",
"inst": "hi[mix]",
"sig": "@dcclt%sux:hi-a=hi[mix//mix]V/t'V/t$hi;a/hi#~;a",
"f": {"lang": "sux",
"form": "hi-a",
"cf": "hi",
"gw": "mix",
"sense": "mix",
"norm0": "hi;a",
"pos": "V/t",
"epos": "V/t",
"base": "hi",
"morph": "~;a"}
}
,
{
"node": "d",
"type": "line-start",
"ref": "P229280.12",
"n": "10'",
"label": "o i 10'"}
,
{
"node": "l",
"frag": "{na₄}za-gin₃",
"id": "P229280.l3097b",
"ref": "P229280.12.1",
"inst": "zagin[lapis]",
"sig": "@dcclt%sux:{na₄}za-gin₃=zagin[lapis//lapis lazuli]N'N$zagin/{na₄}za-gin₃#~",
"f": {"lang": "sux",
"form": "{na₄}za-gin₃",
"cf": "zagin",
"gw": "lapis",
"sense": "lapis lazuli",
"norm0": "zagin",
"pos": "N",
"epos": "N",
"base": "{na₄}za-gin₃",
"morph": "~"}
}
,
{
"node": "l",
"frag": "hi-a",
"id": "P229280.l3097c",
"ref": "P229280.12.2",
"inst": "hi[mix]",
"sig": "@dcclt%sux:hi-a=hi[mix//mix]V/t'V/t$hi;a/hi#~;a",
"f": {"lang": "sux",
"form": "hi-a",
"cf": "hi",
"gw": "mix",
"sense": "mix",
"norm0": "hi;a",
"pos": "V/t",
"epos": "V/t",
"base": "hi",
"morph": "~;a"}
}
,
{
"node": "l",
"frag": "kug-ga",
"id": "P229280.l3097d",
"ref": "P229280.12.3",
"inst": "kug[silver]",
"sig": "@dcclt%sux:kug-ga=kug[metal//metal, silver]N'N$kug,ak/kug+-ga=g.a#~,ak",
"f": {"lang": "sux",
"form": "kug-ga",
"cf": "kug",
"gw": "metal",
"sense": "metal, silver",
"norm0": "kug,ak",
"pos": "N",
"epos": "N",
"base": "kug",
"cont": "-ga=g.a",
"morph": "~,ak"}
}
,
{
"node": "d",
"type": "line-start",
"ref": "P229280.13",
"n": "11'",
"label": "o i 11'"}
,
{
"node": "l",
"frag": "{[na₄]}⸢ad⸣",
"id": "P229280.l3097e",
"ref": "P229280.13.1",
"inst": "ad[collar]",
"sig": "@dcclt%sux:{na₄}ad=ad[bead//collar]N'N$ad/{na₄}ad#~",
"f": {"lang": "sux",
"form": "{na₄}ad",
"cf": "ad",
"gw": "bead",
"sense": "collar",
"norm0": "ad",
"pos": "N",
"epos": "N",
"base": "{na₄}ad",
"morph": "~"}
}
,
{
"node": "l",
"frag": "za-gin₃",
"id": "P229280.l3097f",
"ref": "P229280.13.2",
"inst": "zagin[lapis]",
"sig": "@dcclt%sux:za-gin₃=zagin[lapis//lapis lazuli]N'N$zagin/za-gin₃#~",
"f": {"lang": "sux",
"form": "za-gin₃",
"cf": "zagin",
"gw": "lapis",
"sense": "lapis lazuli",
"norm0": "zagin",
"pos": "N",
"epos": "N",
"base": "za-gin₃",
"morph": "~"}
}
,
{
"node": "d",
"type": "line-start",
"ref": "P229280.14",
"n": "12'",
"label": "o i 12'"}
,
{
"node": "l",
"frag": "{[na₄]}⸢ad⸣-tab-ba",
"id": "P229280.l30980",
"ref": "P229280.14.1",
"inst": "adtab[headstall]N",
"sig": "@dcclt%sux:{na₄}ad-tab-ba=adtab[~harness//headstall]N'N$adtab,bi.ak/{na₄}ad-tab#~,bi.ak",
"f": {"lang": "sux",
"form": "{na₄}ad-tab-ba",
"cf": "adtab",
"gw": "~harness",
"sense": "headstall",
"norm0": "adtab,bi.ak",
"pos": "N",
"epos": "N",
"base": "{na₄}ad-tab",
"morph": "~,bi.ak"}
}
,
{
"node": "l",
"frag": "za-gin₃",
"id": "P229280.l30981",
"ref": "P229280.14.2",
"inst": "zagin[lapis]",
"sig": "@dcclt%sux:za-gin₃=zagin[lapis//lapis lazuli]N'N$zagin/za-gin₃#~",
"f": {"lang": "sux",
"form": "za-gin₃",
"cf": "zagin",
"gw": "lapis",
"sense": "lapis lazuli",
"norm0": "zagin",
"pos": "N",
"epos": "N",
"base": "za-gin₃",
"morph": "~"}
}
,
{
"node": "d",
"type": "line-start",
"ref": "P229280.15",
"n": "13'",
"label": "o i 13'"}
,
{
"node": "l",
"frag": "{[na₄]}⸢ad⸣",
"id": "P229280.l30982",
"ref": "P229280.15.1",
"inst": "ad[collar]",
"sig": "@dcclt%sux:{na₄}ad=ad[bead//collar]N'N$ad/{na₄}ad#~",
"f": {"lang": "sux",
"form": "{na₄}ad",
"cf": "ad",
"gw": "bead",
"sense": "collar",
"norm0": "ad",
"pos": "N",
"epos": "N",
"base": "{na₄}ad",
"morph": "~"}
}
,
{
"node": "l",
"frag": "gu₂",
"id": "P229280.l30983",
"ref": "P229280.15.2",
"inst": "gu[neck]",
"sig": "@dcclt%sux:gu₂=gu[neck//neck]N'N$gu/gu₂#~",
"f": {"lang": "sux",
"form": "gu₂",
"cf": "gu",
"gw": "neck",
"sense": "neck",
"norm0": "gu",
"pos": "N",
"epos": "N",
"base": "gu₂",
"morph": "~"}
}
,
{
"node": "l",
"frag": "za-gin₃",
"id": "P229280.l30984",
"ref": "P229280.15.3",
"inst": "zagin[lapis]",
"sig": "@dcclt%sux:za-gin₃=zagin[lapis//lapis lazuli]N'N$zagin/za-gin₃#~",
"f": {"lang": "sux",
"form": "za-gin₃",
"cf": "zagin",
"gw": "lapis",
"sense": "lapis lazuli",
"norm0": "zagin",
"pos": "N",
"epos": "N",
"base": "za-gin₃",
"morph": "~"}
}
,
{
"node": "d",
"type": "line-start",
"ref": "P229280.16",
"n": "14'",
"label": "o i 14'"}
,
{
"node": "l",
"frag": "{[na₄]}⸢x⸣",
"id": "P229280.l30985",
"ref": "P229280.16.1",
"inst": "u",
"f": {"lang": "sux",
"form": "{na₄}x",
"pos": "u"}
}
,
{
"node": "l",
"frag": "šu",
"id": "P229280.l30986",
"ref": "P229280.16.2",
"inst": "šu[hand]",
"sig": "@dcclt%sux:šu=šu[hand//hand]N'N$šu/šu#~",
"f": {"lang": "sux",
"form": "šu",
"cf": "šu",
"gw": "hand",
"sense": "hand",
"norm0": "šu",
"pos": "N",
"epos": "N",
"base": "šu",
"morph": "~"}
}
,
{
"node": "l",
"frag": "zag-ga",
"id": "P229280.l30987",
"ref": "P229280.16.3",
"inst": "zag[side]",
"sig": "@dcclt%sux:zag-ga=zag[side//side]N'N$zag,ak/zag+-ga=g.a#~,ak",
"f": {"lang": "sux",
"form": "zag-ga",
"cf": "zag",
"gw": "side",
"sense": "side",
"norm0": "zag,ak",
"pos": "N",
"epos": "N",
"base": "zag",
"cont": "-ga=g.a",
"morph": "~,ak"}
}
,
{
"node": "l",
"frag": "za-gin₃",
"id": "P229280.l30988",
"ref": "P229280.16.4",
"inst": "zagin[lapis]",
"sig": "@dcclt%sux:za-gin₃=zagin[lapis//lapis lazuli]N'N$zagin/za-gin₃#~",
"f": {"lang": "sux",
"form": "za-gin₃",
"cf": "zagin",
"gw": "lapis",
"sense": "lapis lazuli",
"norm0": "zagin",
"pos": "N",
"epos": "N",
"base": "za-gin₃",
"morph": "~"}
}
,
{
"node": "d",
"type": "line-start",
"ref": "P229280.17",
"n": "15'",
"label": "o i 15'"}
,
{
"node": "l",
"frag": "{[na₄]}⸢me⸣-dim",
"id": "P229280.l30989",
"ref": "P229280.17.1",
"inst": "X",
"f": {"lang": "sux",
"form": "{na₄}me-dim",
"pos": "X"}
}
,
{
"node": "l",
"frag": "za-gin₃",
"id": "P229280.l3098a",
"ref": "P229280.17.2",
"inst": "zagin[lapis]",
"sig": "@dcclt%sux:za-gin₃=zagin[lapis//lapis lazuli]N'N$zagin/za-gin₃#~",
"f": {"lang": "sux",
"form": "za-gin₃",
"cf": "zagin",
"gw": "lapis",
"sense": "lapis lazuli",
"norm0": "zagin",
"pos": "N",
"epos": "N",
"base": "za-gin₃",
"morph": "~"}
}
,
{
"node": "d",
"type": "line-start",
"ref": "P229280.18",
"n": "16'",
"label": "o i 16'"}
,
{
"node": "l",
"frag": "{[na₄]}⸢gu₂⸣-bar",
"id": "P229280.l3098b",
"ref": "P229280.18.1",
"inst": "gubar[nape]",
"sig": "@dcclt%sux:{na₄}gu₂-bar=gubar[nape//nape of the neck]N'N$gubar/{na₄}gu₂-bar#~",
"f": {"lang": "sux",
"form": "{na₄}gu₂-bar",
"cf": "gubar",
"gw": "nape",
"sense": "nape of the neck",
"norm0": "gubar",
"pos": "N",
"epos": "N",
"base": "{na₄}gu₂-bar",
"morph": "~"}
}
,
{
"node": "l",
"frag": "za-gin₃",
"id": "P229280.l3098c",
"ref": "P229280.18.2",
"inst": "zagin[lapis]",
"sig": "@dcclt%sux:za-gin₃=zagin[lapis//lapis lazuli]N'N$zagin/za-gin₃#~",
"f": {"lang": "sux",
"form": "za-gin₃",
"cf": "zagin",
"gw": "lapis",
"sense": "lapis lazuli",
"norm0": "zagin",
"pos": "N",
"epos": "N",
"base": "za-gin₃",
"morph": "~"}
}
,
{
"node": "d",
"type": "line-start",
"ref": "P229280.19",
"n": "17'",
"label": "o i 17'"}
,
{
"node": "l",
"frag": "{[na₄]}[zag]",
"id": "P229280.l3098d",
"ref": "P229280.19.1",
"inst": "zag[side]",
"sig": "@dcclt%sux:{na₄}zag=zag[side//side]N'N$zag/{na₄}zag#~",
"f": {"lang": "sux",
"form": "{na₄}zag",
"cf": "zag",
"gw": "side",
"sense": "side",
"norm0": "zag",
"pos": "N",
"epos": "N",
"base": "{na₄}zag",
"morph": "~"}
}
,
{
"node": "l",
"frag": "gu₂-bar",
"id": "P229280.l3098e",
"ref": "P229280.19.2",
"inst": "gubar[nape]",
"sig": "@dcclt%sux:gu₂-bar=gubar[nape//nape of the neck]N'N$gubar/gu₂-bar#~",
"f": {"lang": "sux",
"form": "gu₂-bar",
"cf": "gubar",
"gw": "nape",
"sense": "nape of the neck",
"norm0": "gubar",
"pos": "N",
"epos": "N",
"base": "gu₂-bar",
"morph": "~"}
}
,
{
"node": "l",
"frag": "za-gin₃",
"id": "P229280.l3098f",
"ref": "P229280.19.3",
"inst": "zagin[lapis]",
"sig": "@dcclt%sux:za-gin₃=zagin[lapis//lapis lazuli]N'N$zagin/za-gin₃#~",
"f": {"lang": "sux",
"form": "za-gin₃",
"cf": "zagin",
"gw": "lapis",
"sense": "lapis lazuli",
"norm0": "zagin",
"pos": "N",
"epos": "N",
"base": "za-gin₃",
"morph": "~"}
}
,
{
"node": "d",
"type": "line-start",
"ref": "P229280.20",
"n": "18'",
"label": "o i 18'"}
,
{
"node": "l",
"frag": "{[na₄]}⸢x⸣-na",
"id": "P229280.l30990",
"ref": "P229280.20.1",
"inst": "u",
"f": {"lang": "sux",
"form": "{na₄}x-na",
"pos": "u"}
}
,
{
"node": "l",
"frag": "za-gin₃",
"id": "P229280.l30991",
"ref": "P229280.20.2",
"inst": "zagin[lapis]",
"sig": "@dcclt%sux:za-gin₃=zagin[lapis//lapis lazuli]N'N$zagin/za-gin₃#~",
"f": {"lang": "sux",
"form": "za-gin₃",
"cf": "zagin",
"gw": "lapis",
"sense": "lapis lazuli",
"norm0": "zagin",
"pos": "N",
"epos": "N",
"base": "za-gin₃",
"morph": "~"}
}
,
{
"node": "d",
"subtype": "column 2o",
"type": "column",
"ref": "P229280.o.ii.21",
"n": "2",
"label": "o ii"}
,
{
"node": "d",
"type": "nonx",
"ref": "P229280.22",
"strict": "0",
"extent": "beginning",
"scope": "line",
"state": "other"}
]}
]}
]}
]}
