{
"type": "cdl",
  "source": "http://oracc.org/dcclt",
  "license": "This data is released under the CC0 license",
  "license-url": "https://creativecommons.org/publicdomain/zero/1.0/",
  "more-info": "http://oracc.org/doc/opendata/",
  "UTC-timestamp": "2017-05-19T18:24:49",
"project": "dcclt",
"textid": "P230183",
"cdl": [
{
"node": "c",
"type": "text",
"id": "P230183.U0",
"cdl": [
{
"node": "d",
"type": "object",
"ref": ""}
,
{
"node": "d",
"subtype": "obverse",
"type": "surface",
"ref": "P230183.o.1",
"type": "obverse",
"label": "o"}
,
{
"node": "d",
"type": "nonx",
"ref": "P230183.2",
"strict": "1",
"extent": "1",
"scope": "column",
"state": "traces"}
,
{
"node": "d",
"subtype": "column 2o '",
"type": "column",
"ref": "P230183.o.ii_.3",
"n": "2",
"label": "o ii'"}
,
{
"node": "d",
"type": "nonx",
"ref": "P230183.4",
"strict": "1",
"extent": "beginning",
"scope": "column",
"state": "missing"}
,
{
"node": "c",
"type": "discourse",
"subtype": "body",
"id": "P230183.U1",
"cdl": [
{
"node": "c",
"type": "sentence",
"id": "P230183.U2",
"label": "o ii' 1' - o iii 4'",
"cdl": [
{
"node": "d",
"type": "line-start",
"ref": "P230183.5",
"n": "1'",
"label": "o ii' 1'"}
,
{
"node": "l",
"frag": "{⸢ŋeš⸣}ŋisal",
"id": "P230183.l1e86f",
"ref": "P230183.5.1",
"inst": "ŋisal[rudder]",
"sig": "@dcclt%sux:{ŋeš}ŋisal=ŋisal[rudder//rudder]N'N$ŋisal/{ŋeš}ŋisal#~",
"f": {"lang": "sux",
"form": "{ŋeš}ŋisal",
"cf": "ŋisal",
"gw": "rudder",
"sense": "rudder",
"norm0": "ŋisal",
"pos": "N",
"epos": "N",
"base": "{ŋeš}ŋisal",
"morph": "~"}
}
,
{
"node": "l",
"frag": "[šu]",
"id": "P230183.l1e870",
"ref": "P230183.5.2",
"inst": "šu[hand]",
"sig": "@dcclt%sux:šu=šu[hand//hand]N'N$šu/šu#~",
"f": {"lang": "sux",
"form": "šu",
"cf": "šu",
"gw": "hand",
"sense": "hand",
"norm0": "šu",
"pos": "N",
"epos": "N",
"base": "šu",
"morph": "~"}
}
,
{
"node": "d",
"type": "line-start",
"ref": "P230183.6",
"n": "2'",
"label": "o ii' 2'"}
,
{
"node": "l",
"frag": "{⸢ŋeš⸣}ŋisal",
"id": "P230183.l1e871",
"ref": "P230183.6.1",
"inst": "ŋisal[rudder]",
"sig": "@dcclt%sux:{ŋeš}ŋisal=ŋisal[rudder//rudder]N'N$ŋisal/{ŋeš}ŋisal#~",
"f": {"lang": "sux",
"form": "{ŋeš}ŋisal",
"cf": "ŋisal",
"gw": "rudder",
"sense": "rudder",
"norm0": "ŋisal",
"pos": "N",
"epos": "N",
"base": "{ŋeš}ŋisal",
"morph": "~"}
}
,
{
"node": "l",
"frag": "ŋiri₃",
"id": "P230183.l1e872",
"ref": "P230183.6.2",
"inst": "ŋiri[foot]",
"sig": "@dcclt%sux:ŋiri₃=ŋiri[foot//foot]N'N$ŋiri/ŋiri₃#~",
"f": {"lang": "sux",
"form": "ŋiri₃",
"cf": "ŋiri",
"gw": "foot",
"sense": "foot",
"norm0": "ŋiri",
"pos": "N",
"epos": "N",
"base": "ŋiri₃",
"morph": "~"}
}
,
{
"node": "d",
"type": "line-start",
"ref": "P230183.7",
"n": "3'",
"label": "o ii' 3'"}
,
{
"node": "l",
"frag": "{⸢ŋeš⸣}gam₃",
"id": "P230183.l1e873",
"ref": "P230183.7.1",
"inst": "gam[crook]",
"sig": "@dcclt%sux:{ŋeš}gam₃=gam[crook//shepherd's crook, bent stick]N'N$gam/{ŋeš}gam₃#~",
"f": {"lang": "sux",
"form": "{ŋeš}gam₃",
"cf": "gam",
"gw": "crook",
"sense": "shepherd's crook, bent stick",
"norm0": "gam",
"pos": "N",
"epos": "N",
"base": "{ŋeš}gam₃",
"morph": "~"}
}
,
{
"node": "d",
"type": "line-start",
"ref": "P230183.8",
"n": "4'",
"label": "o ii' 4'"}
,
{
"node": "l",
"frag": "{ŋeš}gam₃",
"id": "P230183.l1e874",
"ref": "P230183.8.1",
"inst": "gam[crook]",
"sig": "@dcclt%sux:{ŋeš}gam₃=gam[crook//shepherd's crook, bent stick]N'N$gam/{ŋeš}gam₃#~",
"f": {"lang": "sux",
"form": "{ŋeš}gam₃",
"cf": "gam",
"gw": "crook",
"sense": "shepherd's crook, bent stick",
"norm0": "gam",
"pos": "N",
"epos": "N",
"base": "{ŋeš}gam₃",
"morph": "~"}
}
,
{
"node": "l",
"frag": "ŋiri₂",
"id": "P230183.l1e875",
"ref": "P230183.8.2",
"inst": "ŋiri[dagger]",
"sig": "@dcclt%sux:ŋiri₂=ŋiri[dagger//dagger]N'N$ŋiri/ŋiri₂#~",
"f": {"lang": "sux",
"form": "ŋiri₂",
"cf": "ŋiri",
"gw": "dagger",
"sense": "dagger",
"norm0": "ŋiri",
"pos": "N",
"epos": "N",
"base": "ŋiri₂",
"morph": "~"}
}
,
{
"node": "d",
"type": "line-start",
"ref": "P230183.9",
"n": "5'",
"label": "o ii' 5'"}
,
{
"node": "l",
"frag": "{ŋeš}gam₃",
"id": "P230183.l1e876",
"ref": "P230183.9.1",
"inst": "gam[crook]",
"sig": "@dcclt%sux:{ŋeš}gam₃=gam[crook//shepherd's crook, bent stick]N'N$gam/{ŋeš}gam₃#~",
"f": {"lang": "sux",
"form": "{ŋeš}gam₃",
"cf": "gam",
"gw": "crook",
"sense": "shepherd's crook, bent stick",
"norm0": "gam",
"pos": "N",
"epos": "N",
"base": "{ŋeš}gam₃",
"morph": "~"}
}
,
{
"node": "l",
"frag": "ŋiri₂",
"id": "P230183.l1e877",
"ref": "P230183.9.2",
"inst": "ŋiri[dagger]",
"sig": "@dcclt%sux:ŋiri₂=ŋiri[dagger//dagger]N'N$ŋiri/ŋiri₂#~",
"f": {"lang": "sux",
"form": "ŋiri₂",
"cf": "ŋiri",
"gw": "dagger",
"sense": "dagger",
"norm0": "ŋiri",
"pos": "N",
"epos": "N",
"base": "ŋiri₂",
"morph": "~"}
}
,
{
"node": "l",
"frag": "šu-i",
"id": "P230183.l1e878",
"ref": "P230183.9.3",
"inst": "šuʾi[barber]",
"sig": "@dcclt%sux:šu-i=šuʾi[barber//barber]N'N$šuʾi/šu-i#~",
"f": {"lang": "sux",
"form": "šu-i",
"cf": "šuʾi",
"gw": "barber",
"sense": "barber",
"norm0": "šuʾi",
"pos": "N",
"epos": "N",
"base": "šu-i",
"morph": "~"}
}
,
{
"node": "d",
"type": "line-start",
"ref": "P230183.10",
"n": "6'",
"label": "o ii' 6'"}
,
{
"node": "l",
"frag": "{[ŋeš}gam₃]",
"id": "P230183.l1e879",
"ref": "P230183.10.1",
"inst": "gam[crook]",
"sig": "@dcclt%sux:{ŋeš}gam₃=gam[crook//shepherd's crook, bent stick]N'N$gam/{ŋeš}gam₃#~",
"f": {"lang": "sux",
"form": "{ŋeš}gam₃",
"cf": "gam",
"gw": "crook",
"sense": "shepherd's crook, bent stick",
"norm0": "gam",
"pos": "N",
"epos": "N",
"base": "{ŋeš}gam₃",
"morph": "~"}
}
,
{
"node": "l",
"frag": "⸢ŋiri₂",
"id": "P230183.l1e87a",
"ref": "P230183.10.2",
"inst": "ŋiri[dagger]",
"sig": "@dcclt%sux:ŋiri₂=ŋiri[dagger//dagger]N'N$ŋiri/ŋiri₂#~",
"f": {"lang": "sux",
"form": "ŋiri₂",
"cf": "ŋiri",
"gw": "dagger",
"sense": "dagger",
"norm0": "ŋiri",
"pos": "N",
"epos": "N",
"base": "ŋiri₂",
"morph": "~"}
}
,
{
"node": "l",
"frag": "muhaldim⸣",
"id": "P230183.l1e87b",
"ref": "P230183.10.3",
"inst": "muhaldim[cook]",
"sig": "@dcclt%sux:muhaldim=muhaldim[cook//cook]N'N$muhaldim/muhaldim#~",
"f": {"lang": "sux",
"form": "muhaldim",
"cf": "muhaldim",
"gw": "cook",
"sense": "cook",
"norm0": "muhaldim",
"pos": "N",
"epos": "N",
"base": "muhaldim",
"morph": "~"}
}
,
{
"node": "d",
"type": "nonx",
"ref": "P230183.11",
"strict": "1",
"extent": "rest",
"scope": "column",
"state": "missing"}
,
{
"node": "d",
"subtype": "column 3o",
"type": "column",
"ref": "P230183.o.iii.12",
"n": "3",
"label": "o iii"}
,
{
"node": "d",
"type": "nonx",
"ref": "P230183.13",
"strict": "1",
"extent": "beginning",
"scope": "column",
"state": "missing"}
,
{
"node": "d",
"type": "line-start",
"ref": "P230183.14",
"n": "1'",
"label": "o iii 1'"}
,
{
"node": "l",
"frag": "{ŋeš}[...]",
"id": "P230183.l1e87c",
"ref": "P230183.14.1",
"inst": "%sux:{ŋeš}x=",
"f": {"lang": "sux",
"form": "{ŋeš}x"}
}
,
{
"node": "d",
"type": "line-start",
"ref": "P230183.15",
"n": "2'",
"label": "o iii 2'"}
,
{
"node": "l",
"frag": "{ŋeš}[...]",
"id": "P230183.l1e87d",
"ref": "P230183.15.1",
"inst": "%sux:{ŋeš}x=",
"f": {"lang": "sux",
"form": "{ŋeš}x"}
}
,
{
"node": "d",
"type": "nonx",
"ref": "P230183.16",
"strict": "1",
"extent": "1",
"scope": "line",
"state": "ruling"}
,
{
"node": "d",
"type": "line-start",
"ref": "P230183.17",
"n": "3'",
"label": "o iii 3'"}
,
{
"node": "l",
"frag": "{ŋeš}[...]",
"id": "P230183.l1e87e",
"ref": "P230183.17.1",
"inst": "%sux:{ŋeš}x=",
"f": {"lang": "sux",
"form": "{ŋeš}x"}
}
,
{
"node": "d",
"type": "line-start",
"ref": "P230183.18",
"n": "4'",
"label": "o iii 4'"}
,
{
"node": "l",
"frag": "{ŋeš}[...]",
"id": "P230183.l1e87f",
"ref": "P230183.18.1",
"inst": "%sux:{ŋeš}x=",
"f": {"lang": "sux",
"form": "{ŋeš}x"}
}
,
{
"node": "d",
"type": "nonx",
"ref": "P230183.19",
"strict": "1",
"extent": "rest",
"scope": "column",
"state": "missing"}
]}
]}
]}
]}
