{
"type": "cdl",
  "source": "http://oracc.org/dcclt",
  "license": "This data is released under the CC0 license",
  "license-url": "https://creativecommons.org/publicdomain/zero/1.0/",
  "more-info": "http://oracc.org/doc/opendata/",
  "UTC-timestamp": "2017-05-19T18:24:50",
"project": "dcclt",
"textid": "P230230",
"cdl": [
{
"node": "c",
"type": "text",
"id": "P230230.U0",
"cdl": [
{
"node": "d",
"subtype": "tablet",
"type": "object",
"ref": "P230230.x1148.1",
"type": "tablet",
"label": "x1148"}
,
{
"node": "d",
"subtype": "obverse",
"type": "surface",
"ref": "P230230.o.2",
"type": "obverse",
"label": "o"}
,
{
"node": "d",
"subtype": "column 1o",
"type": "column",
"ref": "P230230.o.i.3",
"n": "1",
"label": "o i"}
,
{
"node": "d",
"type": "nonx",
"ref": "P230230.4",
"strict": "1",
"extent": "1",
"scope": "line",
"state": "traces"}
,
{
"node": "c",
"type": "discourse",
"subtype": "body",
"id": "P230230.U1",
"cdl": [
{
"node": "c",
"type": "sentence",
"id": "P230230.U2",
"label": "o i 2' - r i 3'",
"cdl": [
{
"node": "d",
"type": "line-start",
"ref": "P230230.5",
"n": "2'",
"label": "o i 2'"}
,
{
"node": "l",
"frag": "šu",
"id": "P230230.l27123",
"ref": "P230230.5.1",
"inst": "šu[hand]",
"sig": "@dcclt%sux:šu=šu[hand//hand]N'N$šu/šu#~",
"f": {"lang": "sux",
"form": "šu",
"cf": "šu",
"gw": "hand",
"sense": "hand",
"norm0": "šu",
"pos": "N",
"epos": "N",
"base": "šu",
"morph": "~"}
}
,
{
"node": "l",
"frag": "teŋ₄-a",
"id": "P230230.l27124",
"ref": "P230230.5.2",
"inst": "teŋ[approach]",
"sig": "@dcclt%sux:teŋ₄-a=teŋ[approach//approach]V/i'V/i$teŋ;a/teŋ₄#~;a",
"f": {"lang": "sux",
"form": "teŋ₄-a",
"cf": "teŋ",
"gw": "approach",
"sense": "approach",
"norm0": "teŋ;a",
"pos": "V/i",
"epos": "V/i",
"base": "teŋ₄",
"morph": "~;a"}
}
,
{
"node": "d",
"type": "line-start",
"ref": "P230230.6",
"n": "3'",
"label": "o i 3'"}
,
{
"node": "l",
"frag": "šu",
"id": "P230230.l27125",
"ref": "P230230.6.1",
"inst": "šu[hand]",
"sig": "@dcclt%sux:šu=šu[hand//hand]N'N$šu/šu#~",
"f": {"lang": "sux",
"form": "šu",
"cf": "šu",
"gw": "hand",
"sense": "hand",
"norm0": "šu",
"pos": "N",
"epos": "N",
"base": "šu",
"morph": "~"}
}
,
{
"node": "l",
"frag": "teŋ₄-a-ni",
"id": "P230230.l27126",
"ref": "P230230.6.2",
"inst": "teŋ[approach]",
"sig": "@dcclt%sux:teŋ₄-a-ni=teŋ[approach//approach]V/i'V/i$teŋ;a,ani/teŋ₄#~;a,ani",
"f": {"lang": "sux",
"form": "teŋ₄-a-ni",
"cf": "teŋ",
"gw": "approach",
"sense": "approach",
"norm0": "teŋ;a,ani",
"pos": "V/i",
"epos": "V/i",
"base": "teŋ₄",
"morph": "~;a,ani"}
}
,
{
"node": "d",
"type": "line-start",
"ref": "P230230.7",
"n": "4'",
"label": "o i 4'"}
,
{
"node": "l",
"frag": "šu",
"id": "P230230.l27127",
"ref": "P230230.7.1",
"inst": "šu[hand]",
"sig": "@dcclt%sux:šu=šu[hand//hand]N'N$šu/šu#~",
"f": {"lang": "sux",
"form": "šu",
"cf": "šu",
"gw": "hand",
"sense": "hand",
"norm0": "šu",
"pos": "N",
"epos": "N",
"base": "šu",
"morph": "~"}
}
,
{
"node": "l",
"frag": "teŋ₄-a-ne-[ne]",
"id": "P230230.l27128",
"ref": "P230230.7.2",
"inst": "teŋ[approach]",
"sig": "@dcclt%sux:teŋ₄-a-ne-ne=teŋ[approach//approach]V/i'V/i$teŋ;a,anene/teŋ₄#~;a,anene",
"f": {"lang": "sux",
"form": "teŋ₄-a-ne-ne",
"cf": "teŋ",
"gw": "approach",
"sense": "approach",
"norm0": "teŋ;a,anene",
"pos": "V/i",
"epos": "V/i",
"base": "teŋ₄",
"morph": "~;a,anene"}
}
,
{
"node": "d",
"type": "line-start",
"ref": "P230230.8",
"n": "5'",
"label": "o i 5'"}
,
{
"node": "l",
"frag": "šu",
"id": "P230230.l27129",
"ref": "P230230.8.1",
"inst": "šu[hand]",
"sig": "@dcclt%sux:šu=šu[hand//hand]N'N$šu/šu#~",
"f": {"lang": "sux",
"form": "šu",
"cf": "šu",
"gw": "hand",
"sense": "hand",
"norm0": "šu",
"pos": "N",
"epos": "N",
"base": "šu",
"morph": "~"}
}
,
{
"node": "l",
"frag": "teŋ₄-a",
"id": "P230230.l2712a",
"ref": "P230230.8.2",
"inst": "teŋ[approach]",
"sig": "@dcclt%sux:teŋ₄-a=teŋ[approach//approach]V/i'V/i$teŋ;a/teŋ₄#~;a",
"f": {"lang": "sux",
"form": "teŋ₄-a",
"cf": "teŋ",
"gw": "approach",
"sense": "approach",
"norm0": "teŋ;a",
"pos": "V/i",
"epos": "V/i",
"base": "teŋ₄",
"morph": "~;a"}
}
,
{
"node": "l",
"frag": "šu",
"id": "P230230.l2712b",
"ref": "P230230.8.3",
"inst": "šu[hand]",
"sig": "@dcclt%sux:šu=šu[hand//hand]N'N$šu/šu#~",
"f": {"lang": "sux",
"form": "šu",
"cf": "šu",
"gw": "hand",
"sense": "hand",
"norm0": "šu",
"pos": "N",
"epos": "N",
"base": "šu",
"morph": "~"}
}
,
{
"node": "l",
"frag": "ba-⸢an⸣-[teŋ₄]",
"id": "P230230.l2712c",
"ref": "P230230.8.4",
"inst": "teŋ[approach]",
"sig": "@dcclt%sux:ba-an-teŋ₄=teŋ[approach//approach]V/i'V/i$ba.n:teŋ/teŋ₄#ba.n:~",
"f": {"lang": "sux",
"form": "ba-an-teŋ₄",
"cf": "teŋ",
"gw": "approach",
"sense": "approach",
"norm0": "ba.n:teŋ",
"pos": "V/i",
"epos": "V/i",
"base": "teŋ₄",
"morph": "ba.n:~"}
}
,
{
"node": "d",
"type": "line-start",
"ref": "P230230.9",
"n": "6'",
"label": "o i 6'"}
,
{
"node": "l",
"frag": "⸢šu",
"id": "P230230.l2712d",
"ref": "P230230.9.1",
"inst": "šu[hand]",
"sig": "@dcclt%sux:šu=šu[hand//hand]N'N$šu/šu#~",
"f": {"lang": "sux",
"form": "šu",
"cf": "šu",
"gw": "hand",
"sense": "hand",
"norm0": "šu",
"pos": "N",
"epos": "N",
"base": "šu",
"morph": "~"}
}
,
{
"node": "l",
"frag": "teŋ₄⸣-[a",
"id": "P230230.l2712e",
"ref": "P230230.9.2",
"inst": "teŋ[approach]",
"sig": "@dcclt%sux:teŋ₄-a=teŋ[approach//approach]V/i'V/i$teŋ;a/teŋ₄#~;a",
"f": {"lang": "sux",
"form": "teŋ₄-a",
"cf": "teŋ",
"gw": "approach",
"sense": "approach",
"norm0": "teŋ;a",
"pos": "V/i",
"epos": "V/i",
"base": "teŋ₄",
"morph": "~;a"}
}
,
{
"node": "l",
"frag": "...]",
"id": "P230230.l2712f",
"ref": "P230230.9.3",
"inst": "u",
"f": {"lang": "sux",
"form": "x",
"pos": "u"}
}
,
{
"node": "d",
"subtype": "reverse",
"type": "surface",
"ref": "P230230.r.10",
"type": "reverse",
"label": "r"}
,
{
"node": "d",
"subtype": "column 1r",
"type": "column",
"ref": "P230230.r.i.11",
"n": "1",
"label": "r i"}
,
{
"node": "d",
"type": "line-start",
"ref": "P230230.12",
"n": "1'",
"label": "r i 1'"}
,
{
"node": "l",
"frag": "tu₇",
"id": "P230230.l27130",
"ref": "P230230.12.1",
"inst": "tu[soup]",
"sig": "@dcclt%sux:tu₇=tu[soup//soup, broth]N'N$tu/tu₇#~",
"f": {"lang": "sux",
"form": "tu₇",
"cf": "tu",
"gw": "soup",
"sense": "soup, broth",
"norm0": "tu",
"pos": "N",
"epos": "N",
"base": "tu₇",
"morph": "~"}
}
,
{
"node": "l",
"frag": "a-<<ra>>-dar{[sar]}",
"id": "P230230.l27131",
"ref": "P230230.12.2",
"inst": "adar[plant]",
"sig": "@dcclt%sux:a-dar{sar}=adar[plant//a plant]N'N$adar/a-dar{sar}#~",
"f": {"lang": "sux",
"form": "a-dar{sar}",
"cf": "adar",
"gw": "plant",
"sense": "a plant",
"norm0": "adar",
"pos": "N",
"epos": "N",
"base": "a-dar{sar}",
"morph": "~"}
}
,
{
"node": "d",
"type": "line-start",
"ref": "P230230.13",
"n": "2'",
"label": "r i 2'"}
,
{
"node": "l",
"frag": "tu₇",
"id": "P230230.l27132",
"ref": "P230230.13.1",
"inst": "tu[soup]",
"sig": "@dcclt%sux:tu₇=tu[soup//soup, broth]N'N$tu/tu₇#~",
"f": {"lang": "sux",
"form": "tu₇",
"cf": "tu",
"gw": "soup",
"sense": "soup, broth",
"norm0": "tu",
"pos": "N",
"epos": "N",
"base": "tu₇",
"morph": "~"}
}
,
{
"node": "l",
"frag": "ba-ba-da",
"id": "P230230.l27133",
"ref": "P230230.13.2",
"inst": "babada[porridge]",
"sig": "@dcclt%sux:ba-ba-da=babada[porridge//porridge]N'N$babada/ba-ba-da#~",
"f": {"lang": "sux",
"form": "ba-ba-da",
"cf": "babada",
"gw": "porridge",
"sense": "porridge",
"norm0": "babada",
"pos": "N",
"epos": "N",
"base": "ba-ba-da",
"morph": "~"}
}
,
{
"node": "l",
"frag": "[...]",
"id": "P230230.l27134",
"ref": "P230230.13.3",
"inst": "u",
"f": {"lang": "sux",
"form": "x",
"pos": "u"}
}
,
{
"node": "d",
"type": "line-start",
"ref": "P230230.14",
"n": "3'",
"label": "r i 3'"}
,
{
"node": "l",
"frag": "tu₇",
"id": "P230230.l27135",
"ref": "P230230.14.1",
"inst": "tu[soup]",
"sig": "@dcclt%sux:tu₇=tu[soup//soup, broth]N'N$tu/tu₇#~",
"f": {"lang": "sux",
"form": "tu₇",
"cf": "tu",
"gw": "soup",
"sense": "soup, broth",
"norm0": "tu",
"pos": "N",
"epos": "N",
"base": "tu₇",
"morph": "~"}
}
,
{
"node": "l",
"frag": "ba-ba-⸢da⸣",
"id": "P230230.l27136",
"ref": "P230230.14.2",
"inst": "babada[porridge]",
"sig": "@dcclt%sux:ba-ba-da=babada[porridge//porridge]N'N$babada/ba-ba-da#~",
"f": {"lang": "sux",
"form": "ba-ba-da",
"cf": "babada",
"gw": "porridge",
"sense": "porridge",
"norm0": "babada",
"pos": "N",
"epos": "N",
"base": "ba-ba-da",
"morph": "~"}
}
,
{
"node": "l",
"frag": "[...]",
"id": "P230230.l27137",
"ref": "P230230.14.3",
"inst": "u",
"f": {"lang": "sux",
"form": "x",
"pos": "u"}
}
]}
]}
]}
]}
