{
"type": "cdl",
  "source": "http://oracc.org/dcclt",
  "license": "This data is released under the CC0 license",
  "license-url": "https://creativecommons.org/publicdomain/zero/1.0/",
  "more-info": "http://oracc.org/doc/opendata/",
  "UTC-timestamp": "2017-05-19T18:24:49",
"project": "dcclt",
"textid": "P230069",
"cdl": [
{
"node": "c",
"type": "text",
"id": "P230069.U0",
"cdl": [
{
"node": "d",
"type": "object",
"ref": ""}
,
{
"node": "d",
"subtype": "obverse",
"type": "surface",
"ref": "P230069.o.1",
"type": "obverse",
"label": "o"}
,
{
"node": "c",
"type": "discourse",
"subtype": "body",
"id": "P230069.U1",
"cdl": [
{
"node": "c",
"type": "sentence",
"id": "P230069.U2",
"label": "o 1' - o 2'",
"cdl": [
{
"node": "d",
"type": "line-start",
"ref": "P230069.2",
"n": "1'",
"label": "o 1'"}
,
{
"node": "l",
"frag": "{[ŋeš]}gu-za",
"id": "P230069.l1ac0f",
"ref": "P230069.2.1",
"inst": "guza[chair]",
"sig": "@dcclt%sux:{ŋeš}gu-za=guza[chair//chair]N'N$guza/{ŋeš}gu-za#~",
"f": {"lang": "sux",
"form": "{ŋeš}gu-za",
"cf": "guza",
"gw": "chair",
"sense": "chair",
"norm0": "guza",
"pos": "N",
"epos": "N",
"base": "{ŋeš}gu-za",
"morph": "~"}
}
,
{
"node": "l",
"frag": "zag-be",
"id": "P230069.l1ac10",
"ref": "P230069.2.2",
"inst": "!zag[side]",
"sig": "@dcclt%sux:zag-be=zag[side//side]N'N$zag,bi/zag#~,bi",
"f": {"lang": "sux",
"form": "zag-be",
"cf": "zag",
"gw": "side",
"sense": "side",
"norm0": "zag,bi",
"pos": "N",
"epos": "N",
"base": "zag",
"morph": "~,bi"}
}
,
{
"node": "l",
"frag": "[us₂]",
"id": "P230069.l1ac11",
"ref": "P230069.2.3",
"inst": "us[follow]",
"sig": "@dcclt%sux:us₂=us[follow//follow]V/t'V/t$us/us₂#~",
"f": {"lang": "sux",
"form": "us₂",
"cf": "us",
"gw": "follow",
"sense": "follow",
"norm0": "us",
"pos": "V/t",
"epos": "V/t",
"base": "us₂",
"morph": "~"}
}
,
{
"node": "d",
"type": "line-start",
"ref": "P230069.3",
"n": "2'",
"label": "o 2'"}
,
{
"node": "l",
"frag": "{[ŋeš]}gu-za",
"id": "P230069.l1ac12",
"ref": "P230069.3.1",
"inst": "guza[chair]",
"sig": "@dcclt%sux:{ŋeš}gu-za=guza[chair//chair]N'N$guza/{ŋeš}gu-za#~",
"f": {"lang": "sux",
"form": "{ŋeš}gu-za",
"cf": "guza",
"gw": "chair",
"sense": "chair",
"norm0": "guza",
"pos": "N",
"epos": "N",
"base": "{ŋeš}gu-za",
"morph": "~"}
}
,
{
"node": "l",
"frag": "⸢aratta⸣",
"id": "P230069.l1ac13",
"ref": "P230069.3.2",
"inst": "Aratta[]SN",
"sig": "@dcclt%sux:aratta=Aratta[1//1]SN'SN$Aratta/aratta#~",
"f": {"lang": "sux",
"form": "aratta",
"cf": "Aratta",
"gw": "1",
"sense": "1",
"norm0": "Aratta",
"pos": "SN",
"epos": "SN",
"base": "aratta",
"morph": "~"}
}
,
{
"node": "d",
"subtype": "reverse",
"type": "surface",
"ref": "P230069.r.4",
"type": "reverse",
"label": "r"}
,
{
"node": "d",
"type": "nonx",
"ref": "P230069.5",
"strict": "0",
"state": "other"}
]}
]}
]}
]}
