{
"type": "cdl",
  "source": "http://oracc.org/dcclt",
  "license": "This data is released under the CC0 license",
  "license-url": "https://creativecommons.org/publicdomain/zero/1.0/",
  "more-info": "http://oracc.org/doc/opendata/",
  "UTC-timestamp": "2017-05-19T18:24:48",
"project": "dcclt",
"textid": "P230005",
"cdl": [
{
"node": "c",
"type": "text",
"id": "P230005.U0",
"cdl": [
{
"node": "d",
"subtype": "tablet",
"type": "object",
"ref": "P230005.x245.1",
"type": "tablet",
"label": "x245"}
,
{
"node": "d",
"subtype": "obverse",
"type": "surface",
"ref": "P230005.o.2",
"type": "obverse",
"label": "o"}
,
{
"node": "c",
"type": "discourse",
"subtype": "body",
"id": "P230005.U1",
"cdl": [
{
"node": "c",
"type": "sentence",
"id": "P230005.U2",
"label": "o 1 - r iii' 20'",
"cdl": [
{
"node": "d",
"type": "line-start",
"ref": "P230005.3",
"n": "1",
"label": "o 1"}
,
{
"node": "l",
"frag": "{gi}ka-huš",
"id": "P230005.l0ff9d",
"ref": "P230005.3.1",
"inst": "X",
"f": {"lang": "sux",
"form": "{gi}ka-huš",
"pos": "X"}
}
,
{
"node": "d",
"type": "line-start",
"ref": "P230005.4",
"n": "2",
"label": "o 2"}
,
{
"node": "l",
"frag": "gi",
"id": "P230005.l0ff9e",
"ref": "P230005.4.1",
"inst": "gi[reed]N",
"sig": "@dcclt%sux:gi=gi[reed//reed]N'N$gi/gi#~",
"f": {"lang": "sux",
"form": "gi",
"cf": "gi",
"gw": "reed",
"sense": "reed",
"norm0": "gi",
"pos": "N",
"epos": "N",
"base": "gi",
"morph": "~"}
}
,
{
"node": "l",
"frag": "ŋiri₃-⸢us₂⸣",
"id": "P230005.l0ff9f",
"ref": "P230005.4.2",
"inst": "ŋiriʾus[track]N",
"sig": "@dcclt%sux:ŋiri₃-us₂=ŋiriʾus[track//track]N'N$ŋiriʾus/ŋiri₃-us₂#~",
"f": {"lang": "sux",
"form": "ŋiri₃-us₂",
"cf": "ŋiriʾus",
"gw": "track",
"sense": "track",
"norm0": "ŋiriʾus",
"pos": "N",
"epos": "N",
"base": "ŋiri₃-us₂",
"morph": "~"}
}
,
{
"node": "d",
"type": "line-start",
"ref": "P230005.5",
"n": "3",
"label": "o 3"}
,
{
"node": "l",
"frag": "gi",
"id": "P230005.l0ffa0",
"ref": "P230005.5.1",
"inst": "gi[reed]N",
"sig": "@dcclt%sux:gi=gi[reed//reed]N'N$gi/gi#~",
"f": {"lang": "sux",
"form": "gi",
"cf": "gi",
"gw": "reed",
"sense": "reed",
"norm0": "gi",
"pos": "N",
"epos": "N",
"base": "gi",
"morph": "~"}
}
,
{
"node": "l",
"frag": "⸢a-šag₄⸣",
"id": "P230005.l0ffa1",
"ref": "P230005.5.2",
"inst": "ašag[field]N",
"sig": "@dcclt%sux:a-šag₄=ašag[field//field]N'N$ašag/a-šag₄#~",
"f": {"lang": "sux",
"form": "a-šag₄",
"cf": "ašag",
"gw": "field",
"sense": "field",
"norm0": "ašag",
"pos": "N",
"epos": "N",
"base": "a-šag₄",
"morph": "~"}
}
,
{
"node": "l",
"frag": "|HI×NUN|ta",
"id": "P230005.l0ffa2",
"ref": "P230005.5.3",
"inst": "X",
"f": {"lang": "sux",
"form": "|HI×NUN|-ta",
"pos": "X"}
}
,
{
"node": "d",
"type": "line-start",
"ref": "P230005.6",
"n": "4",
"label": "o 4"}
,
{
"node": "l",
"frag": "gi",
"id": "P230005.l0ffa3",
"ref": "P230005.6.1",
"inst": "gi[reed]N",
"sig": "@dcclt%sux:gi=gi[reed//reed]N'N$gi/gi#~",
"f": {"lang": "sux",
"form": "gi",
"cf": "gi",
"gw": "reed",
"sense": "reed",
"norm0": "gi",
"pos": "N",
"epos": "N",
"base": "gi",
"morph": "~"}
}
,
{
"node": "l",
"frag": "zar",
"id": "P230005.l0ffa4",
"ref": "P230005.6.2",
"inst": "zar[sheaf]",
"sig": "@dcclt%sux:zar=zar[sheaf//sheaf (of barley), stack of sheaves]N'N$zar/zar#~",
"f": {"lang": "sux",
"form": "zar",
"cf": "zar",
"gw": "sheaf",
"sense": "sheaf (of barley), stack of sheaves",
"norm0": "zar",
"pos": "N",
"epos": "N",
"base": "zar",
"morph": "~"}
}
,
{
"node": "l",
"frag": "bu₄-bu₄",
"id": "P230005.l0ffa5",
"ref": "P230005.6.3",
"inst": "bul[blow]V/t/bu₄-bu₄#~",
"sig": "@dcclt%sux:bu₄-bu₄=bul[blow//blow]V/t'V/t$bul/bu₄-bu₄#~",
"f": {"lang": "sux",
"form": "bu₄-bu₄",
"cf": "bul",
"gw": "blow",
"sense": "blow",
"norm0": "bul",
"pos": "V/t",
"epos": "V/t",
"base": "bu₄-bu₄",
"morph": "~"}
}
,
{
"node": "d",
"type": "nonw",
"ref": ""}
,
{
"node": "d",
"type": "line-start",
"ref": "P230005.7",
"n": "5",
"label": "o 5"}
,
{
"node": "l",
"frag": "{gi}u₂-saga₁₁",
"id": "P230005.l0ffa6",
"ref": "P230005.7.1",
"inst": "usag[bundle]N/{gi}u₂-saga₁₁#~",
"sig": "@dcclt%sux:{gi}u₂-saga₁₁=usag[bundle//bundle]N'N$usag/{gi}u₂-saga₁₁#~",
"f": {"lang": "sux",
"form": "{gi}u₂-saga₁₁",
"cf": "usag",
"gw": "bundle",
"sense": "bundle",
"norm0": "usag",
"pos": "N",
"epos": "N",
"base": "{gi}u₂-saga₁₁",
"morph": "~"}
}
,
{
"node": "d",
"type": "line-start",
"ref": "P230005.8",
"n": "6",
"label": "o 6"}
,
{
"node": "l",
"frag": "{gi}sa",
"id": "P230005.l0ffa7",
"ref": "P230005.8.1",
"inst": "sa[bundle]N/{gi}sa",
"sig": "@dcclt%sux:{gi}sa=sa[bundle//bundle]N'N$sa/{gi}sa#~",
"f": {"lang": "sux",
"form": "{gi}sa",
"cf": "sa",
"gw": "bundle",
"sense": "bundle",
"norm0": "sa",
"pos": "N",
"epos": "N",
"base": "{gi}sa",
"morph": "~"}
}
,
{
"node": "d",
"type": "line-start",
"ref": "P230005.9",
"n": "7",
"label": "o 7"}
,
{
"node": "l",
"frag": "{gi}sa",
"id": "P230005.l0ffa8",
"ref": "P230005.9.1",
"inst": "sa[bundle]N",
"sig": "@dcclt%sux:{gi}sa=sa[bundle//bundle]N'N$sa/{gi}sa#~",
"f": {"lang": "sux",
"form": "{gi}sa",
"cf": "sa",
"gw": "bundle",
"sense": "bundle",
"norm0": "sa",
"pos": "N",
"epos": "N",
"base": "{gi}sa",
"morph": "~"}
}
,
{
"node": "l",
"frag": "gal",
"id": "P230005.l0ffa9",
"ref": "P230005.9.2",
"inst": "gal[big]V/i",
"sig": "@dcclt%sux:gal=gal[big//big]V/i'V/i$gal/gal#~",
"f": {"lang": "sux",
"form": "gal",
"cf": "gal",
"gw": "big",
"sense": "big",
"norm0": "gal",
"pos": "V/i",
"epos": "V/i",
"base": "gal",
"morph": "~"}
}
,
{
"node": "d",
"type": "line-start",
"ref": "P230005.10",
"n": "8",
"label": "o 8"}
,
{
"node": "l",
"frag": "{⸢gi⸣}sa",
"id": "P230005.l0ffaa",
"ref": "P230005.10.1",
"inst": "sa[bundle]N",
"sig": "@dcclt%sux:{gi}sa=sa[bundle//bundle]N'N$sa/{gi}sa#~",
"f": {"lang": "sux",
"form": "{gi}sa",
"cf": "sa",
"gw": "bundle",
"sense": "bundle",
"norm0": "sa",
"pos": "N",
"epos": "N",
"base": "{gi}sa",
"morph": "~"}
}
,
{
"node": "l",
"frag": "sig",
"id": "P230005.l0ffab",
"ref": "P230005.10.2",
"inst": "sig[weak]V/i",
"sig": "@dcclt%sux:sig=sig[weak//weak]V/i'V/i$sig/sig#~",
"f": {"lang": "sux",
"form": "sig",
"cf": "sig",
"gw": "weak",
"sense": "weak",
"norm0": "sig",
"pos": "V/i",
"epos": "V/i",
"base": "sig",
"morph": "~"}
}
,
{
"node": "d",
"type": "line-start",
"ref": "P230005.11",
"n": "9",
"label": "o 9"}
,
{
"node": "l",
"frag": "{gi}sa",
"id": "P230005.l0ffac",
"ref": "P230005.11.1",
"inst": "sa[bundle]N",
"sig": "@dcclt%sux:{gi}sa=sa[bundle//bundle]N'N$sa/{gi}sa#~",
"f": {"lang": "sux",
"form": "{gi}sa",
"cf": "sa",
"gw": "bundle",
"sense": "bundle",
"norm0": "sa",
"pos": "N",
"epos": "N",
"base": "{gi}sa",
"morph": "~"}
}
,
{
"node": "l",
"frag": "kilib",
"id": "P230005.l0ffad",
"ref": "P230005.11.2",
"inst": "kilib[total]",
"sig": "@dcclt%sux:kilib=kilib[total//total]N'N$kilib/kilib#~",
"f": {"lang": "sux",
"form": "kilib",
"cf": "kilib",
"gw": "total",
"sense": "total",
"norm0": "kilib",
"pos": "N",
"epos": "N",
"base": "kilib",
"morph": "~"}
}
,
{
"node": "d",
"type": "line-start",
"ref": "P230005.12",
"n": "10",
"label": "o 10"}
,
{
"node": "l",
"frag": "{gi}hur-⸢da⸣",
"id": "P230005.l0ffae",
"ref": "P230005.12.1",
"inst": "hurda[reed mat]N/{gi}hur-da#~",
"sig": "@dcclt%sux:{gi}hur-da=hurda[reed mat//reed mat]N'N$hurda/{gi}hur-da#~",
"f": {"lang": "sux",
"form": "{gi}hur-da",
"cf": "hurda",
"gw": "reed mat",
"sense": "reed mat",
"norm0": "hurda",
"pos": "N",
"epos": "N",
"base": "{gi}hur-da",
"morph": "~"}
}
,
{
"node": "d",
"type": "nonw",
"ref": ""}
,
{
"node": "d",
"type": "nonx",
"ref": "P230005.13",
"strict": "0",
"extent": "2",
"state": "ruling"}
,
{
"node": "d",
"type": "nonx",
"ref": "P230005.14",
"strict": "0",
"extent": "rest",
"state": "other"}
,
{
"node": "d",
"subtype": "reverse",
"type": "surface",
"ref": "P230005.r.15",
"type": "reverse",
"label": "r"}
,
{
"node": "d",
"subtype": "column 1r '",
"type": "column",
"ref": "P230005.r.i_.16",
"n": "1",
"label": "r i'"}
,
{
"node": "d",
"type": "nonx",
"ref": "P230005.17",
"strict": "0",
"extent": "17",
"state": "other"}
,
{
"node": "d",
"subtype": "column 2r '",
"type": "column",
"ref": "P230005.r.ii_.18",
"n": "2",
"label": "r ii'"}
,
{
"node": "d",
"type": "line-start",
"ref": "P230005.19",
"n": "1",
"label": "r ii' 1"}
,
{
"node": "d",
"frag": "*",
"type": "nonw",
"ref": "P230005.19.1",
"lang": "sux",
"type": "punct",
"gdl_delim": " "}
,
{
"node": "l",
"frag": "tum",
"id": "P230005.l0ffaf",
"ref": "P230005.19.2",
"inst": "%sux:tum=",
"f": {"lang": "sux",
"form": "tum"}
}
,
{
"node": "d",
"type": "line-start",
"ref": "P230005.20",
"n": "2",
"label": "r ii' 2"}
,
{
"node": "d",
"frag": "*",
"type": "nonw",
"ref": "P230005.20.1",
"lang": "sux",
"type": "punct",
"gdl_delim": " "}
,
{
"node": "l",
"frag": "tam",
"id": "P230005.l0ffb0",
"ref": "P230005.20.2",
"inst": "%sux:tam=",
"f": {"lang": "sux",
"form": "tam"}
}
,
{
"node": "d",
"type": "line-start",
"ref": "P230005.21",
"n": "3",
"label": "r ii' 3"}
,
{
"node": "d",
"frag": "*",
"type": "nonw",
"ref": "P230005.21.1",
"lang": "sux",
"type": "punct",
"gdl_delim": " "}
,
{
"node": "l",
"frag": "tim",
"id": "P230005.l0ffb1",
"ref": "P230005.21.2",
"inst": "%sux:tim=",
"f": {"lang": "sux",
"form": "tim"}
}
,
{
"node": "d",
"type": "line-start",
"ref": "P230005.22",
"n": "4",
"label": "r ii' 4"}
,
{
"node": "d",
"frag": "*",
"type": "nonw",
"ref": "P230005.22.1",
"lang": "sux",
"type": "punct",
"gdl_delim": " "}
,
{
"node": "l",
"frag": "tum-tam-tim",
"id": "P230005.l0ffb2",
"ref": "P230005.22.2",
"inst": "%sux:tum-tam-tim=",
"f": {"lang": "sux",
"form": "tum-tam-tim"}
}
,
{
"node": "d",
"type": "line-start",
"ref": "P230005.23",
"n": "5",
"label": "r ii' 5"}
,
{
"node": "d",
"frag": "[*]",
"type": "nonw",
"ref": "P230005.23.1",
"lang": "sux",
"type": "punct",
"gdl_delim": " "}
,
{
"node": "l",
"frag": "⸢uš⸣",
"id": "P230005.l0ffb3",
"ref": "P230005.23.2",
"inst": "%sux:uš=",
"f": {"lang": "sux",
"form": "uš"}
}
,
{
"node": "d",
"type": "line-start",
"ref": "P230005.24",
"n": "6",
"label": "r ii' 6"}
,
{
"node": "d",
"frag": "*",
"type": "nonw",
"ref": "P230005.24.1",
"lang": "sux",
"type": "punct",
"gdl_delim": " "}
,
{
"node": "l",
"frag": "[aš]",
"id": "P230005.l0ffb4",
"ref": "P230005.24.2",
"inst": "%sux:aš=",
"f": {"lang": "sux",
"form": "aš"}
}
,
{
"node": "d",
"type": "line-start",
"ref": "P230005.25",
"n": "7",
"label": "r ii' 7"}
,
{
"node": "d",
"frag": "*",
"type": "nonw",
"ref": "P230005.25.1",
"lang": "sux",
"type": "punct",
"gdl_delim": " "}
,
{
"node": "l",
"frag": "⸢iš⸣",
"id": "P230005.l0ffb5",
"ref": "P230005.25.2",
"inst": "%sux:iš=",
"f": {"lang": "sux",
"form": "iš"}
}
,
{
"node": "d",
"type": "line-start",
"ref": "P230005.26",
"n": "8",
"label": "r ii' 8"}
,
{
"node": "d",
"frag": "*",
"type": "nonw",
"ref": "P230005.26.1",
"lang": "sux",
"type": "punct",
"gdl_delim": " "}
,
{
"node": "l",
"frag": "uš-aš-[iš]",
"id": "P230005.l0ffb6",
"ref": "P230005.26.2",
"inst": "%sux:uš-aš-iš=",
"f": {"lang": "sux",
"form": "uš-aš-iš"}
}
,
{
"node": "d",
"type": "line-start",
"ref": "P230005.27",
"n": "9",
"label": "r ii' 9"}
,
{
"node": "d",
"frag": "*",
"type": "nonw",
"ref": "P230005.27.1",
"lang": "sux",
"type": "punct",
"gdl_delim": " "}
,
{
"node": "l",
"frag": "⸢pur⸣",
"id": "P230005.l0ffb7",
"ref": "P230005.27.2",
"inst": "%sux:pur=",
"f": {"lang": "sux",
"form": "pur"}
}
,
{
"node": "d",
"type": "line-start",
"ref": "P230005.28",
"n": "10",
"label": "r ii' 10"}
,
{
"node": "d",
"frag": "*",
"type": "nonw",
"ref": "P230005.28.1",
"lang": "sux",
"type": "punct",
"gdl_delim": " "}
,
{
"node": "l",
"frag": "par₃",
"id": "P230005.l0ffb8",
"ref": "P230005.28.2",
"inst": "%sux:par₃=",
"f": {"lang": "sux",
"form": "par₃"}
}
,
{
"node": "d",
"type": "line-start",
"ref": "P230005.29",
"n": "11",
"label": "r ii' 11"}
,
{
"node": "d",
"frag": "*",
"type": "nonw",
"ref": "P230005.29.1",
"lang": "sux",
"type": "punct",
"gdl_delim": " "}
,
{
"node": "l",
"frag": "pir",
"id": "P230005.l0ffb9",
"ref": "P230005.29.2",
"inst": "%sux:pir=",
"f": {"lang": "sux",
"form": "pir"}
}
,
{
"node": "d",
"type": "line-start",
"ref": "P230005.30",
"n": "12",
"label": "r ii' 12"}
,
{
"node": "d",
"frag": "*",
"type": "nonw",
"ref": "P230005.30.1",
"lang": "sux",
"type": "punct",
"gdl_delim": " "}
,
{
"node": "l",
"frag": "pur-par₃-pir",
"id": "P230005.l0ffba",
"ref": "P230005.30.2",
"inst": "%sux:pur-par₃-pir=",
"f": {"lang": "sux",
"form": "pur-par₃-pir"}
}
,
{
"node": "d",
"type": "line-start",
"ref": "P230005.31",
"n": "13",
"label": "r ii' 13"}
,
{
"node": "d",
"frag": "*",
"type": "nonw",
"ref": "P230005.31.1",
"lang": "sux",
"type": "punct",
"gdl_delim": " "}
,
{
"node": "l",
"frag": "⸢ub⸣",
"id": "P230005.l0ffbb",
"ref": "P230005.31.2",
"inst": "%sux:ub=",
"f": {"lang": "sux",
"form": "ub"}
}
,
{
"node": "d",
"type": "line-start",
"ref": "P230005.32",
"n": "14",
"label": "r ii' 14"}
,
{
"node": "d",
"frag": "*",
"type": "nonw",
"ref": "P230005.32.1",
"lang": "sux",
"type": "punct",
"gdl_delim": " "}
,
{
"node": "l",
"frag": "[ab]",
"id": "P230005.l0ffbc",
"ref": "P230005.32.2",
"inst": "%sux:ab=",
"f": {"lang": "sux",
"form": "ab"}
}
,
{
"node": "d",
"type": "line-start",
"ref": "P230005.33",
"n": "15",
"label": "r ii' 15"}
,
{
"node": "d",
"frag": "*",
"type": "nonw",
"ref": "P230005.33.1",
"lang": "sux",
"type": "punct",
"gdl_delim": " "}
,
{
"node": "l",
"frag": "⸢ib⸣",
"id": "P230005.l0ffbd",
"ref": "P230005.33.2",
"inst": "%sux:ib=",
"f": {"lang": "sux",
"form": "ib"}
}
,
{
"node": "d",
"type": "line-start",
"ref": "P230005.34",
"n": "16",
"label": "r ii' 16"}
,
{
"node": "d",
"frag": "*",
"type": "nonw",
"ref": "P230005.34.1",
"lang": "sux",
"type": "punct",
"gdl_delim": " "}
,
{
"node": "l",
"frag": "ub-ab-ib",
"id": "P230005.l0ffbe",
"ref": "P230005.34.2",
"inst": "%sux:ub-ab-ib=",
"f": {"lang": "sux",
"form": "ub-ab-ib"}
}
,
{
"node": "d",
"type": "line-start",
"ref": "P230005.35",
"n": "17",
"label": "r ii' 17"}
,
{
"node": "d",
"frag": "*",
"type": "nonw",
"ref": "P230005.35.1",
"lang": "sux",
"type": "punct",
"gdl_delim": " "}
,
{
"node": "l",
"frag": "ul",
"id": "P230005.l0ffbf",
"ref": "P230005.35.2",
"inst": "%sux:ul=",
"f": {"lang": "sux",
"form": "ul"}
}
,
{
"node": "d",
"type": "line-start",
"ref": "P230005.36",
"n": "18",
"label": "r ii' 18"}
,
{
"node": "d",
"frag": "*",
"type": "nonw",
"ref": "P230005.36.1",
"lang": "sux",
"type": "punct",
"gdl_delim": " "}
,
{
"node": "l",
"frag": "al",
"id": "P230005.l0ffc0",
"ref": "P230005.36.2",
"inst": "%sux:al=",
"f": {"lang": "sux",
"form": "al"}
}
,
{
"node": "d",
"type": "line-start",
"ref": "P230005.37",
"n": "19",
"label": "r ii' 19"}
,
{
"node": "d",
"frag": "*",
"type": "nonw",
"ref": "P230005.37.1",
"lang": "sux",
"type": "punct",
"gdl_delim": " "}
,
{
"node": "l",
"frag": "il",
"id": "P230005.l0ffc1",
"ref": "P230005.37.2",
"inst": "%sux:il=",
"f": {"lang": "sux",
"form": "il"}
}
,
{
"node": "d",
"type": "line-start",
"ref": "P230005.38",
"n": "20",
"label": "r ii' 20"}
,
{
"node": "d",
"frag": "*",
"type": "nonw",
"ref": "P230005.38.1",
"lang": "sux",
"type": "punct",
"gdl_delim": " "}
,
{
"node": "l",
"frag": "ul-al-il",
"id": "P230005.l0ffc2",
"ref": "P230005.38.2",
"inst": "%sux:ul-al-il=",
"f": {"lang": "sux",
"form": "ul-al-il"}
}
,
{
"node": "d",
"type": "line-start",
"ref": "P230005.39",
"n": "21",
"label": "r ii' 21"}
,
{
"node": "d",
"frag": "*",
"type": "nonw",
"ref": "P230005.39.1",
"lang": "sux",
"type": "punct",
"gdl_delim": " "}
,
{
"node": "l",
"frag": "uz",
"id": "P230005.l0ffc3",
"ref": "P230005.39.2",
"inst": "%sux:uz=",
"f": {"lang": "sux",
"form": "uz"}
}
,
{
"node": "d",
"type": "line-start",
"ref": "P230005.40",
"n": "22",
"label": "r ii' 22"}
,
{
"node": "d",
"frag": "*",
"type": "nonw",
"ref": "P230005.40.1",
"lang": "sux",
"type": "punct",
"gdl_delim": " "}
,
{
"node": "l",
"frag": "az",
"id": "P230005.l0ffc4",
"ref": "P230005.40.2",
"inst": "%sux:az=",
"f": {"lang": "sux",
"form": "az"}
}
,
{
"node": "d",
"type": "line-start",
"ref": "P230005.41",
"n": "23",
"label": "r ii' 23"}
,
{
"node": "d",
"frag": "*",
"type": "nonw",
"ref": "P230005.41.1",
"lang": "sux",
"type": "punct",
"gdl_delim": " "}
,
{
"node": "l",
"frag": "iz",
"id": "P230005.l0ffc5",
"ref": "P230005.41.2",
"inst": "%sux:iz=",
"f": {"lang": "sux",
"form": "iz"}
}
,
{
"node": "d",
"type": "line-start",
"ref": "P230005.42",
"n": "24",
"label": "r ii' 24"}
,
{
"node": "d",
"frag": "*",
"type": "nonw",
"ref": "P230005.42.1",
"lang": "sux",
"type": "punct",
"gdl_delim": " "}
,
{
"node": "l",
"frag": "uz-az-iz",
"id": "P230005.l0ffc6",
"ref": "P230005.42.2",
"inst": "%sux:uz-az-iz=",
"f": {"lang": "sux",
"form": "uz-az-iz"}
}
,
{
"node": "d",
"type": "line-start",
"ref": "P230005.43",
"n": "25",
"label": "r ii' 25"}
,
{
"node": "d",
"frag": "*",
"type": "nonw",
"ref": "P230005.43.1",
"lang": "sux",
"type": "punct",
"gdl_delim": " "}
,
{
"node": "l",
"frag": "uk",
"id": "P230005.l0ffc7",
"ref": "P230005.43.2",
"inst": "%sux:uk=",
"f": {"lang": "sux",
"form": "uk"}
}
,
{
"node": "d",
"type": "line-start",
"ref": "P230005.44",
"n": "26",
"label": "r ii' 26"}
,
{
"node": "d",
"frag": "*",
"type": "nonw",
"ref": "P230005.44.1",
"lang": "sux",
"type": "punct",
"gdl_delim": " "}
,
{
"node": "l",
"frag": "ak",
"id": "P230005.l0ffc8",
"ref": "P230005.44.2",
"inst": "%sux:ak=",
"f": {"lang": "sux",
"form": "ak"}
}
,
{
"node": "d",
"type": "line-start",
"ref": "P230005.45",
"n": "27",
"label": "r ii' 27"}
,
{
"node": "d",
"frag": "*",
"type": "nonw",
"ref": "P230005.45.1",
"lang": "sux",
"type": "punct",
"gdl_delim": " "}
,
{
"node": "l",
"frag": "⸢ik⸣",
"id": "P230005.l0ffc9",
"ref": "P230005.45.2",
"inst": "%sux:ik=",
"f": {"lang": "sux",
"form": "ik"}
}
,
{
"node": "d",
"type": "nonx",
"ref": "P230005.46",
"strict": "1",
"extent": "rest",
"scope": "column",
"state": "missing"}
,
{
"node": "d",
"subtype": "column 3r '",
"type": "column",
"ref": "P230005.r.iii_.47",
"n": "3",
"label": "r iii'"}
,
{
"node": "d",
"type": "nonx",
"ref": "P230005.48",
"strict": "0",
"extent": "beginning",
"state": "missing"}
,
{
"node": "d",
"type": "line-start",
"ref": "P230005.49",
"n": "1'",
"label": "r iii' 1'"}
,
{
"node": "d",
"frag": "[*",
"type": "nonw",
"ref": "P230005.49.1",
"lang": "sux",
"type": "punct",
"gdl_delim": " "}
,
{
"node": "l",
"frag": "ud]-⸢ad⸣-[id]",
"id": "P230005.l0ffca",
"ref": "P230005.49.2",
"inst": "%sux:ud-ad-id=",
"f": {"lang": "sux",
"form": "ud-ad-id"}
}
,
{
"node": "d",
"type": "line-start",
"ref": "P230005.50",
"n": "2'",
"label": "r iii' 2'"}
,
{
"node": "d",
"frag": "[*]",
"type": "nonw",
"ref": "P230005.50.1",
"lang": "sux",
"type": "punct",
"gdl_delim": " "}
,
{
"node": "l",
"frag": "uh₂",
"id": "P230005.l0ffcb",
"ref": "P230005.50.2",
"inst": "%sux:uh₂=",
"f": {"lang": "sux",
"form": "uh₂"}
}
,
{
"node": "d",
"type": "line-start",
"ref": "P230005.51",
"n": "3'",
"label": "r iii' 3'"}
,
{
"node": "d",
"frag": "[*]",
"type": "nonw",
"ref": "P230005.51.1",
"lang": "sux",
"type": "punct",
"gdl_delim": " "}
,
{
"node": "l",
"frag": "ah",
"id": "P230005.l0ffcc",
"ref": "P230005.51.2",
"inst": "%sux:ah=",
"f": {"lang": "sux",
"form": "ah"}
}
,
{
"node": "d",
"type": "line-start",
"ref": "P230005.52",
"n": "4'",
"label": "r iii' 4'"}
,
{
"node": "d",
"frag": "[*]",
"type": "nonw",
"ref": "P230005.52.1",
"lang": "sux",
"type": "punct",
"gdl_delim": " "}
,
{
"node": "l",
"frag": "ih",
"id": "P230005.l0ffcd",
"ref": "P230005.52.2",
"inst": "%sux:ih=",
"f": {"lang": "sux",
"form": "ih"}
}
,
{
"node": "d",
"type": "line-start",
"ref": "P230005.53",
"n": "5'",
"label": "r iii' 5'"}
,
{
"node": "d",
"frag": "[*",
"type": "nonw",
"ref": "P230005.53.1",
"lang": "sux",
"type": "punct",
"gdl_delim": " "}
,
{
"node": "l",
"frag": "uh₂]-ah-ih",
"id": "P230005.l0ffce",
"ref": "P230005.53.2",
"inst": "%sux:uh₂-ah-ih=",
"f": {"lang": "sux",
"form": "uh₂-ah-ih"}
}
,
{
"node": "d",
"type": "line-start",
"ref": "P230005.54",
"n": "6'",
"label": "r iii' 6'"}
,
{
"node": "d",
"frag": "[*]",
"type": "nonw",
"ref": "P230005.54.1",
"lang": "sux",
"type": "punct",
"gdl_delim": " "}
,
{
"node": "l",
"frag": "⸢u₂⸣-a",
"id": "P230005.l0ffcf",
"ref": "P230005.54.2",
"inst": "%sux:u₂-a=",
"f": {"lang": "sux",
"form": "u₂-a"}
}
,
{
"node": "d",
"type": "line-start",
"ref": "P230005.55",
"n": "7'",
"label": "r iii' 7'"}
,
{
"node": "d",
"frag": "[*]",
"type": "nonw",
"ref": "P230005.55.1",
"lang": "sux",
"type": "punct",
"gdl_delim": " "}
,
{
"node": "l",
"frag": "⸢a⸣-a",
"id": "P230005.l0ffd0",
"ref": "P230005.55.2",
"inst": "%sux:a-a=",
"f": {"lang": "sux",
"form": "a-a"}
}
,
{
"node": "d",
"type": "line-start",
"ref": "P230005.56",
"n": "8'",
"label": "r iii' 8'"}
,
{
"node": "d",
"frag": "[*",
"type": "nonw",
"ref": "P230005.56.1",
"lang": "sux",
"type": "punct",
"gdl_delim": " "}
,
{
"node": "l",
"frag": "u₂]-a",
"id": "P230005.l0ffd1",
"ref": "P230005.56.2",
"inst": "%sux:u₂-a=",
"f": {"lang": "sux",
"form": "u₂-a"}
}
,
{
"node": "l",
"frag": "a-a",
"id": "P230005.l0ffd2",
"ref": "P230005.56.3",
"inst": "%sux:a-a=",
"f": {"lang": "sux",
"form": "a-a"}
}
,
{
"node": "d",
"type": "line-start",
"ref": "P230005.57",
"n": "9'",
"label": "r iii' 9'"}
,
{
"node": "d",
"frag": "[*]",
"type": "nonw",
"ref": "P230005.57.1",
"lang": "sux",
"type": "punct",
"gdl_delim": " "}
,
{
"node": "l",
"frag": "⸢i⸣-a",
"id": "P230005.l0ffd3",
"ref": "P230005.57.2",
"inst": "%sux:i-a=",
"f": {"lang": "sux",
"form": "i-a"}
}
,
{
"node": "d",
"type": "line-start",
"ref": "P230005.58",
"n": "10'",
"label": "r iii' 10'"}
,
{
"node": "l",
"frag": "{[d}nisaba]",
"id": "P230005.l0ffd4",
"ref": "P230005.58.1",
"inst": "%sux:{d}nisaba=",
"f": {"lang": "sux",
"form": "{d}nisaba"}
}
,
{
"node": "l",
"frag": "za₃-mi₂",
"id": "P230005.l0ffd5",
"ref": "P230005.58.2",
"inst": "%sux:za₃-mi₂=",
"f": {"lang": "sux",
"form": "za₃-mi₂"}
}
,
{
"node": "d",
"type": "nonx",
"ref": "P230005.59",
"strict": "1",
"extent": "2",
"scope": "line",
"state": "ruling"}
,
{
"node": "d",
"type": "line-start",
"ref": "P230005.60",
"n": "11'",
"label": "r iii' 11'"}
,
{
"node": "l",
"frag": "[...]-ni",
"id": "P230005.l0ffd6",
"ref": "P230005.60.1",
"inst": "%sux:x-ni=",
"f": {"lang": "sux",
"form": "x-ni"}
}
,
{
"node": "d",
"type": "line-start",
"ref": "P230005.61",
"n": "12'",
"label": "r iii' 12'"}
,
{
"node": "l",
"frag": "[...]",
"id": "P230005.l0ffd7",
"ref": "P230005.61.1",
"inst": "%sux:x=",
"f": {"lang": "sux",
"form": "x"}
}
,
{
"node": "d",
"type": "line-start",
"ref": "P230005.62",
"n": "13'",
"label": "r iii' 13'"}
,
{
"node": "l",
"frag": "[x]-⸢x⸣-UD",
"id": "P230005.l0ffd8",
"ref": "P230005.62.1",
"inst": "%sux:x-x-UD=",
"f": {"lang": "sux",
"form": "x-x-UD"}
}
,
{
"node": "d",
"type": "line-start",
"ref": "P230005.63",
"n": "14'",
"label": "r iii' 14'"}
,
{
"node": "l",
"frag": "[x]-⸢na⸣-ṣir",
"id": "P230005.l0ffd9",
"ref": "P230005.63.1",
"inst": "%sux:x-na-ṣir=",
"f": {"lang": "sux",
"form": "x-na-ṣir"}
}
,
{
"node": "d",
"type": "line-start",
"ref": "P230005.64",
"n": "15'",
"label": "r iii' 15'"}
,
{
"node": "l",
"frag": "[x]-na-ši",
"id": "P230005.l0ffda",
"ref": "P230005.64.1",
"inst": "%sux:x-na-ši=",
"f": {"lang": "sux",
"form": "x-na-ši"}
}
,
{
"node": "d",
"type": "line-start",
"ref": "P230005.65",
"n": "16'",
"label": "r iii' 16'"}
,
{
"node": "l",
"frag": "[x]-diŋir",
"id": "P230005.l0ffdb",
"ref": "P230005.65.1",
"inst": "%sux:x-diŋir=",
"f": {"lang": "sux",
"form": "x-diŋir"}
}
,
{
"node": "d",
"type": "line-start",
"ref": "P230005.66",
"n": "17'",
"label": "r iii' 17'"}
,
{
"node": "l",
"frag": "[x]-⸢x⸣-BAD-eš",
"id": "P230005.l0ffdc",
"ref": "P230005.66.1",
"inst": "%sux:x-x-BAD-eš=",
"f": {"lang": "sux",
"form": "x-x-BAD-eš"}
}
,
{
"node": "d",
"type": "line-start",
"ref": "P230005.67",
"n": "18'",
"label": "r iii' 18'"}
,
{
"node": "l",
"frag": "[x]-HI",
"id": "P230005.l0ffdd",
"ref": "P230005.67.1",
"inst": "%sux:x-HI=",
"f": {"lang": "sux",
"form": "x-HI"}
}
,
{
"node": "d",
"type": "line-start",
"ref": "P230005.68",
"n": "19'",
"label": "r iii' 19'"}
,
{
"node": "l",
"frag": "[x]-⸢x⸣-ha-⸢diŋir⸣",
"id": "P230005.l0ffde",
"ref": "P230005.68.1",
"inst": "%sux:x-x-ha-diŋir=",
"f": {"lang": "sux",
"form": "x-x-ha-diŋir"}
}
,
{
"node": "d",
"type": "line-start",
"ref": "P230005.69",
"n": "20'",
"label": "r iii' 20'"}
,
{
"node": "l",
"frag": "[...]-⸢ša⸣-e",
"id": "P230005.l0ffdf",
"ref": "P230005.69.1",
"inst": "%sux:x-ša-e=",
"f": {"lang": "sux",
"form": "x-ša-e"}
}
,
{
"node": "d",
"type": "nonx",
"ref": "P230005.70",
"strict": "1",
"extent": "rest",
"scope": "column",
"state": "missing"}
]}
]}
]}
]}
