{
"type": "cdl",
  "source": "http://oracc.org/dcclt",
  "license": "This data is released under the CC0 license",
  "license-url": "https://creativecommons.org/publicdomain/zero/1.0/",
  "more-info": "http://oracc.org/doc/opendata/",
  "UTC-timestamp": "2017-05-19T18:24:52",
"project": "dcclt",
"textid": "P231024",
"cdl": [
{
"node": "c",
"type": "text",
"id": "P231024.U0",
"cdl": [
{
"node": "d",
"type": "object",
"ref": ""}
,
{
"node": "d",
"subtype": "obverse",
"type": "surface",
"ref": "P231024.o.1",
"type": "obverse",
"label": "o"}
,
{
"node": "d",
"type": "nonx",
"ref": "P231024.2",
"strict": "0",
"state": "erased"}
,
{
"node": "d",
"subtype": "reverse",
"type": "surface",
"ref": "P231024.r.3",
"type": "reverse",
"label": "r"}
,
{
"node": "d",
"subtype": "column 1r",
"type": "column",
"ref": "P231024.r.i.4",
"n": "1",
"label": "r i"}
,
{
"node": "c",
"type": "discourse",
"subtype": "body",
"id": "P231024.U1",
"cdl": [
{
"node": "c",
"type": "sentence",
"id": "P231024.U2",
"label": "r i 1 - r ii 21",
"cdl": [
{
"node": "d",
"type": "line-start",
"ref": "P231024.5",
"n": "1",
"label": "r i 1"}
,
{
"node": "l",
"frag": "a",
"id": "P231024.l100b3",
"ref": "P231024.5.1",
"inst": "a[water]",
"sig": "@dcclt%sux:a=a[water//water]N'N$a/a#~",
"f": {"lang": "sux",
"form": "a",
"cf": "a",
"gw": "water",
"sense": "water",
"norm0": "a",
"pos": "N",
"epos": "N",
"base": "a",
"morph": "~"}
}
,
{
"node": "d",
"type": "line-start",
"ref": "P231024.6",
"n": "2",
"label": "r i 2"}
,
{
"node": "l",
"frag": "a",
"id": "P231024.l100b4",
"ref": "P231024.6.1",
"inst": "a[water]",
"sig": "@dcclt%sux:a=a[water//water]N'N$a/a#~",
"f": {"lang": "sux",
"form": "a",
"cf": "a",
"gw": "water",
"sense": "water",
"norm0": "a",
"pos": "N",
"epos": "N",
"base": "a",
"morph": "~"}
}
,
{
"node": "d",
"type": "line-start",
"ref": "P231024.7",
"n": "3",
"label": "r i 3"}
,
{
"node": "l",
"frag": "a",
"id": "P231024.l100b5",
"ref": "P231024.7.1",
"inst": "a[water]",
"sig": "@dcclt%sux:a=a[water//water]N'N$a/a#~",
"f": {"lang": "sux",
"form": "a",
"cf": "a",
"gw": "water",
"sense": "water",
"norm0": "a",
"pos": "N",
"epos": "N",
"base": "a",
"morph": "~"}
}
,
{
"node": "d",
"type": "line-start",
"ref": "P231024.8",
"n": "4",
"label": "r i 4"}
,
{
"node": "l",
"frag": "a",
"id": "P231024.l100b6",
"ref": "P231024.8.1",
"inst": "a[water]",
"sig": "@dcclt%sux:a=a[water//water]N'N$a/a#~",
"f": {"lang": "sux",
"form": "a",
"cf": "a",
"gw": "water",
"sense": "water",
"norm0": "a",
"pos": "N",
"epos": "N",
"base": "a",
"morph": "~"}
}
,
{
"node": "d",
"type": "line-start",
"ref": "P231024.9",
"n": "5",
"label": "r i 5"}
,
{
"node": "l",
"frag": "a",
"id": "P231024.l100b7",
"ref": "P231024.9.1",
"inst": "a[water]",
"sig": "@dcclt%sux:a=a[water//water]N'N$a/a#~",
"f": {"lang": "sux",
"form": "a",
"cf": "a",
"gw": "water",
"sense": "water",
"norm0": "a",
"pos": "N",
"epos": "N",
"base": "a",
"morph": "~"}
}
,
{
"node": "d",
"type": "line-start",
"ref": "P231024.10",
"n": "6",
"label": "r i 6"}
,
{
"node": "l",
"frag": "a-zu",
"id": "P231024.l100b8",
"ref": "P231024.10.1",
"inst": "azu[doctor]",
"sig": "@dcclt%sux:a-zu=azu[doctor//doctor]N'N$azu/a-zu#~",
"f": {"lang": "sux",
"form": "a-zu",
"cf": "azu",
"gw": "doctor",
"sense": "doctor",
"norm0": "azu",
"pos": "N",
"epos": "N",
"base": "a-zu",
"morph": "~"}
}
,
{
"node": "d",
"type": "line-start",
"ref": "P231024.11",
"n": "7",
"label": "r i 7"}
,
{
"node": "l",
"frag": "a-zu",
"id": "P231024.l100b9",
"ref": "P231024.11.1",
"inst": "azu[doctor]",
"sig": "@dcclt%sux:a-zu=azu[doctor//doctor]N'N$azu/a-zu#~",
"f": {"lang": "sux",
"form": "a-zu",
"cf": "azu",
"gw": "doctor",
"sense": "doctor",
"norm0": "azu",
"pos": "N",
"epos": "N",
"base": "a-zu",
"morph": "~"}
}
,
{
"node": "l",
"frag": "gal",
"id": "P231024.l100ba",
"ref": "P231024.11.2",
"inst": "gal[big]",
"sig": "@dcclt%sux:gal=gal[big//big]V/i'V/i$gal/gal#~",
"f": {"lang": "sux",
"form": "gal",
"cf": "gal",
"gw": "big",
"sense": "big",
"norm0": "gal",
"pos": "V/i",
"epos": "V/i",
"base": "gal",
"morph": "~"}
}
,
{
"node": "d",
"type": "line-start",
"ref": "P231024.12",
"n": "8",
"label": "r i 8"}
,
{
"node": "l",
"frag": "a-zu",
"id": "P231024.l100bb",
"ref": "P231024.12.1",
"inst": "azu[doctor]",
"sig": "@dcclt%sux:a-zu=azu[doctor//doctor]N'N$azu/a-zu#~",
"f": {"lang": "sux",
"form": "a-zu",
"cf": "azu",
"gw": "doctor",
"sense": "doctor",
"norm0": "azu",
"pos": "N",
"epos": "N",
"base": "a-zu",
"morph": "~"}
}
,
{
"node": "l",
"frag": "gud",
"id": "P231024.l100bc",
"ref": "P231024.12.2",
"inst": "gud[ox]",
"sig": "@dcclt%sux:gud=gud[ox//bull, ox]N'N$gud/gud#~",
"f": {"lang": "sux",
"form": "gud",
"cf": "gud",
"gw": "ox",
"sense": "bull, ox",
"norm0": "gud",
"pos": "N",
"epos": "N",
"base": "gud",
"morph": "~"}
}
,
{
"node": "d",
"type": "line-start",
"ref": "P231024.13",
"n": "9",
"label": "r i 9"}
,
{
"node": "l",
"frag": "a-ra-zu",
"id": "P231024.l100bd",
"ref": "P231024.13.1",
"inst": "arazu[supplication]",
"sig": "@dcclt%sux:a-ra-zu=arazu[supplication//supplication]N'N$arazu/a-ra-zu#~",
"f": {"lang": "sux",
"form": "a-ra-zu",
"cf": "arazu",
"gw": "supplication",
"sense": "supplication",
"norm0": "arazu",
"pos": "N",
"epos": "N",
"base": "a-ra-zu",
"morph": "~"}
}
,
{
"node": "d",
"type": "line-start",
"ref": "P231024.14",
"n": "10",
"label": "r i 10"}
,
{
"node": "c",
"type": "phrase",
"tag": "phr",
"id": "P231024.U4",
"ref": "P231024.ls00000",
"cdl": [
{
"node": "l",
"frag": "a",
"id": "P231024.l100be",
"ref": "P231024.14.1",
"inst": "a[water]",
"sig": "@dcclt%sux:a=a[water//water]N'N$a/a#~",
"f": {"lang": "sux",
"form": "a",
"cf": "a",
"gw": "water",
"sense": "water",
"norm0": "a",
"pos": "N",
"epos": "N",
"base": "a",
"morph": "~"}
}
,
{
"node": "l",
"frag": "rah₂-rah₂",
"id": "P231024.l100bf",
"ref": "P231024.14.2",
"inst": "rah[beat]",
"sig": "@dcclt%sux:rah₂-rah₂=rah[beat//to beat, kill]V/t'V/t$rah/rah₂-rah₂#~",
"f": {"lang": "sux",
"form": "rah₂-rah₂",
"cf": "rah",
"gw": "beat",
"sense": "to beat, kill",
"norm0": "rah",
"pos": "V/t",
"epos": "V/t",
"base": "rah₂-rah₂",
"morph": "~"}
}
]}
,
{
"node": "d",
"type": "line-start",
"ref": "P231024.15",
"n": "11",
"label": "r i 11"}
,
{
"node": "c",
"type": "phrase",
"tag": "phr",
"id": "P231024.U5",
"ref": "P231024.ls00001",
"cdl": [
{
"node": "l",
"frag": "a",
"id": "P231024.l100c0",
"ref": "P231024.15.1",
"inst": "a[water]",
"sig": "@dcclt%sux:a=a[water//water]N'N$a/a#~",
"f": {"lang": "sux",
"form": "a",
"cf": "a",
"gw": "water",
"sense": "water",
"norm0": "a",
"pos": "N",
"epos": "N",
"base": "a",
"morph": "~"}
}
,
{
"node": "l",
"frag": "rah₂-rah₂",
"id": "P231024.l100c1",
"ref": "P231024.15.2",
"inst": "rah[beat]",
"sig": "@dcclt%sux:rah₂-rah₂=rah[beat//to beat, kill]V/t'V/t$rah/rah₂-rah₂#~",
"f": {"lang": "sux",
"form": "rah₂-rah₂",
"cf": "rah",
"gw": "beat",
"sense": "to beat, kill",
"norm0": "rah",
"pos": "V/t",
"epos": "V/t",
"base": "rah₂-rah₂",
"morph": "~"}
}
]}
,
{
"node": "d",
"type": "line-start",
"ref": "P231024.16",
"n": "12",
"label": "r i 12"}
,
{
"node": "l",
"frag": "a",
"id": "P231024.l100c2",
"ref": "P231024.16.1",
"inst": "a[water]",
"sig": "@dcclt%sux:a=a[water//water]N'N$a/a#~",
"f": {"lang": "sux",
"form": "a",
"cf": "a",
"gw": "water",
"sense": "water",
"norm0": "a",
"pos": "N",
"epos": "N",
"base": "a",
"morph": "~"}
}
,
{
"node": "l",
"frag": "nu-gig",
"id": "P231024.l100c3",
"ref": "P231024.16.2",
"inst": "nugig[priestess]",
"sig": "@dcclt%sux:nu-gig=nugig[priestess//a priestess]N'N$nugig/nu-gig#~",
"f": {"lang": "sux",
"form": "nu-gig",
"cf": "nugig",
"gw": "priestess",
"sense": "a priestess",
"norm0": "nugig",
"pos": "N",
"epos": "N",
"base": "nu-gig",
"morph": "~"}
}
,
{
"node": "d",
"type": "line-start",
"ref": "P231024.17",
"n": "13",
"label": "r i 13"}
,
{
"node": "c",
"type": "phrase",
"tag": "phr",
"id": "P231024.U6",
"ref": "P231024.ls00002",
"cdl": [
{
"node": "l",
"frag": "a",
"id": "P231024.l100c4",
"ref": "P231024.17.1",
"inst": "a[water]",
"sig": "@dcclt%sux:a=a[water//water]N'N$a/a#~",
"f": {"lang": "sux",
"form": "a",
"cf": "a",
"gw": "water",
"sense": "water",
"norm0": "a",
"pos": "N",
"epos": "N",
"base": "a",
"morph": "~"}
}
,
{
"node": "l",
"frag": "ra-ah",
"id": "P231024.l100c5",
"ref": "P231024.17.2",
"inst": "rah[beat]",
"sig": "@dcclt%sux:ra-ah=rah[beat//to beat, kill]V/t'V/t$rah/ra-ah#~",
"f": {"lang": "sux",
"form": "ra-ah",
"cf": "rah",
"gw": "beat",
"sense": "to beat, kill",
"norm0": "rah",
"pos": "V/t",
"epos": "V/t",
"base": "ra-ah",
"morph": "~"}
}
]}
,
{
"node": "d",
"type": "line-start",
"ref": "P231024.18",
"n": "14",
"label": "r i 14"}
,
{
"node": "c",
"type": "phrase",
"tag": "phr",
"id": "P231024.U7",
"ref": "P231024.ls00003",
"cdl": [
{
"node": "l",
"frag": "a",
"id": "P231024.l100c6",
"ref": "P231024.18.1",
"inst": "a[water]",
"sig": "@dcclt%sux:a=a[water//water]N'N$a/a#~",
"f": {"lang": "sux",
"form": "a",
"cf": "a",
"gw": "water",
"sense": "water",
"norm0": "a",
"pos": "N",
"epos": "N",
"base": "a",
"morph": "~"}
}
,
{
"node": "l",
"frag": "ra-ah",
"id": "P231024.l100c7",
"ref": "P231024.18.2",
"inst": "rah[beat]",
"sig": "@dcclt%sux:ra-ah=rah[beat//to beat, kill]V/t'V/t$rah/ra-ah#~",
"f": {"lang": "sux",
"form": "ra-ah",
"cf": "rah",
"gw": "beat",
"sense": "to beat, kill",
"norm0": "rah",
"pos": "V/t",
"epos": "V/t",
"base": "ra-ah",
"morph": "~"}
}
]}
,
{
"node": "d",
"type": "line-start",
"ref": "P231024.19",
"n": "15",
"label": "r i 15"}
,
{
"node": "c",
"type": "phrase",
"tag": "phr",
"id": "P231024.U8",
"ref": "P231024.ls00004",
"cdl": [
{
"node": "l",
"frag": "a",
"id": "P231024.l100c8",
"ref": "P231024.19.1",
"inst": "a[water]",
"sig": "@dcclt%sux:a=a[water//water]N'N$a/a#~",
"f": {"lang": "sux",
"form": "a",
"cf": "a",
"gw": "water",
"sense": "water",
"norm0": "a",
"pos": "N",
"epos": "N",
"base": "a",
"morph": "~"}
}
,
{
"node": "l",
"frag": "ra-ah",
"id": "P231024.l100c9",
"ref": "P231024.19.2",
"inst": "rah[beat]",
"sig": "@dcclt%sux:ra-ah=rah[beat//to beat, kill]V/t'V/t$rah/ra-ah#~",
"f": {"lang": "sux",
"form": "ra-ah",
"cf": "rah",
"gw": "beat",
"sense": "to beat, kill",
"norm0": "rah",
"pos": "V/t",
"epos": "V/t",
"base": "ra-ah",
"morph": "~"}
}
]}
,
{
"node": "d",
"type": "line-start",
"ref": "P231024.20",
"n": "16",
"label": "r i 16"}
,
{
"node": "c",
"type": "phrase",
"tag": "phr",
"id": "P231024.U9",
"ref": "P231024.ls00005",
"cdl": [
{
"node": "l",
"frag": "a",
"id": "P231024.l100ca",
"ref": "P231024.20.1",
"inst": "a[water]",
"sig": "@dcclt%sux:a=a[water//water]N'N$a/a#~",
"f": {"lang": "sux",
"form": "a",
"cf": "a",
"gw": "water",
"sense": "water",
"norm0": "a",
"pos": "N",
"epos": "N",
"base": "a",
"morph": "~"}
}
,
{
"node": "l",
"frag": "ra-ah",
"id": "P231024.l100cb",
"ref": "P231024.20.2",
"inst": "rah[beat]",
"sig": "@dcclt%sux:ra-ah=rah[beat//to beat, kill]V/t'V/t$rah/ra-ah#~",
"f": {"lang": "sux",
"form": "ra-ah",
"cf": "rah",
"gw": "beat",
"sense": "to beat, kill",
"norm0": "rah",
"pos": "V/t",
"epos": "V/t",
"base": "ra-ah",
"morph": "~"}
}
]}
,
{
"node": "d",
"type": "line-start",
"ref": "P231024.21",
"n": "17",
"label": "r i 17"}
,
{
"node": "l",
"frag": "a-⸢ra-ah⸣",
"id": "P231024.l100cc",
"ref": "P231024.21.1",
"inst": "arah[storehouse]",
"sig": "@dcclt%sux:a-ra-ah=arah[storehouse//storehouse, granary, storeroom]N'N$arah/a-ra-ah#~",
"f": {"lang": "sux",
"form": "a-ra-ah",
"cf": "arah",
"gw": "storehouse",
"sense": "storehouse, granary, storeroom",
"norm0": "arah",
"pos": "N",
"epos": "N",
"base": "a-ra-ah",
"morph": "~"}
}
,
{
"node": "d",
"type": "nonx",
"ref": "P231024.22",
"strict": "0",
"extent": "6191",
"state": "other"}
,
{
"node": "d",
"type": "line-start",
"ref": "P231024.23",
"n": "18",
"label": "r i 18"}
,
{
"node": "l",
"frag": "a",
"id": "P231024.l100cd",
"ref": "P231024.23.1",
"inst": "a[water]",
"sig": "@dcclt%sux:a=a[water//water]N'N$a/a#~",
"f": {"lang": "sux",
"form": "a",
"cf": "a",
"gw": "water",
"sense": "water",
"norm0": "a",
"pos": "N",
"epos": "N",
"base": "a",
"morph": "~"}
}
,
{
"node": "l",
"frag": "⸢gir₅⸣",
"id": "P231024.l100ce",
"ref": "P231024.23.2",
"inst": "gir[slip]",
"sig": "@dcclt%sux:gir₅=gir[slip//slip]V/i'V/i$gir/gir₅#~",
"f": {"lang": "sux",
"form": "gir₅",
"cf": "gir",
"gw": "slip",
"sense": "slip",
"norm0": "gir",
"pos": "V/i",
"epos": "V/i",
"base": "gir₅",
"morph": "~"}
}
,
{
"node": "d",
"type": "line-start",
"ref": "P231024.24",
"n": "19",
"label": "r i 19"}
,
{
"node": "l",
"frag": "a",
"id": "P231024.l100cf",
"ref": "P231024.24.1",
"inst": "a[water]",
"sig": "@dcclt%sux:a=a[water//water]N'N$a/a#~",
"f": {"lang": "sux",
"form": "a",
"cf": "a",
"gw": "water",
"sense": "water",
"norm0": "a",
"pos": "N",
"epos": "N",
"base": "a",
"morph": "~"}
}
,
{
"node": "l",
"frag": "gir₅-gir₅",
"id": "P231024.l100d0",
"ref": "P231024.24.2",
"inst": "gir[slip]",
"sig": "@dcclt%sux:gir₅-gir₅=gir[slip//slip]V/i'V/i$gir/gir₅-gir₅#~",
"f": {"lang": "sux",
"form": "gir₅-gir₅",
"cf": "gir",
"gw": "slip",
"sense": "slip",
"norm0": "gir",
"pos": "V/i",
"epos": "V/i",
"base": "gir₅-gir₅",
"morph": "~"}
}
,
{
"node": "d",
"type": "line-start",
"ref": "P231024.25",
"n": "20",
"label": "r i 20"}
,
{
"node": "l",
"frag": "⸢lu₂⸣",
"id": "P231024.l100d1",
"ref": "P231024.25.1",
"inst": "lu[person]",
"sig": "@dcclt%sux:lu₂=lu[person//person]N'N$lu/lu₂#~",
"f": {"lang": "sux",
"form": "lu₂",
"cf": "lu",
"gw": "person",
"sense": "person",
"norm0": "lu",
"pos": "N",
"epos": "N",
"base": "lu₂",
"morph": "~"}
}
,
{
"node": "l",
"frag": "[...]",
"id": "P231024.l100d2",
"ref": "P231024.25.2",
"inst": "u",
"f": {"lang": "sux",
"form": "x",
"pos": "u"}
}
,
{
"node": "d",
"type": "line-start",
"ref": "P231024.26",
"n": "21",
"label": "r i 21"}
,
{
"node": "l",
"frag": "⸢lu₂⸣",
"id": "P231024.l100d3",
"ref": "P231024.26.1",
"inst": "lu[person]",
"sig": "@dcclt%sux:lu₂=lu[person//person]N'N$lu/lu₂#~",
"f": {"lang": "sux",
"form": "lu₂",
"cf": "lu",
"gw": "person",
"sense": "person",
"norm0": "lu",
"pos": "N",
"epos": "N",
"base": "lu₂",
"morph": "~"}
}
,
{
"node": "l",
"frag": "[...]",
"id": "P231024.l100d4",
"ref": "P231024.26.2",
"inst": "u",
"f": {"lang": "sux",
"form": "x",
"pos": "u"}
}
,
{
"node": "d",
"type": "nonx",
"ref": "P231024.27",
"strict": "0",
"extent": "end",
"scope": "column",
"state": "other"}
,
{
"node": "d",
"subtype": "column 2r",
"type": "column",
"ref": "P231024.r.ii.28",
"n": "2",
"label": "r ii"}
,
{
"node": "d",
"type": "nonx",
"ref": "P231024.29",
"strict": "0",
"extent": "6262",
"state": "other"}
,
{
"node": "d",
"type": "line-start",
"ref": "P231024.30",
"n": "1",
"label": "r ii 1"}
,
{
"node": "l",
"frag": "[a]",
"id": "P231024.l100d5",
"ref": "P231024.30.1",
"inst": "a[water]",
"sig": "@dcclt%sux:a=a[water//water]N'N$a/a#~",
"f": {"lang": "sux",
"form": "a",
"cf": "a",
"gw": "water",
"sense": "water",
"norm0": "a",
"pos": "N",
"epos": "N",
"base": "a",
"morph": "~"}
}
,
{
"node": "c",
"type": "phrase",
"tag": "phr",
"id": "P231024.U10",
"ref": "P231024.ls00006",
"cdl": [
{
"node": "l",
"frag": "gu₂",
"id": "P231024.l100d6",
"ref": "P231024.30.2",
"inst": "gu[neck]",
"sig": "@dcclt%sux:gu₂=gu[neck//neck]N'N$gu/gu₂#~",
"f": {"lang": "sux",
"form": "gu₂",
"cf": "gu",
"gw": "neck",
"sense": "neck",
"norm0": "gu",
"pos": "N",
"epos": "N",
"base": "gu₂",
"morph": "~"}
}
,
{
"node": "l",
"frag": "du₃",
"id": "P231024.l100d7",
"ref": "P231024.30.3",
"inst": "du[build]",
"sig": "@dcclt%sux:du₃=du[build//build]V/t'V/t$du/du₃#~",
"f": {"lang": "sux",
"form": "du₃",
"cf": "du",
"gw": "build",
"sense": "build",
"norm0": "du",
"pos": "V/t",
"epos": "V/t",
"base": "du₃",
"morph": "~"}
}
]}
,
{
"node": "d",
"type": "line-start",
"ref": "P231024.31",
"n": "2",
"label": "r ii 2"}
,
{
"node": "l",
"frag": "[a]",
"id": "P231024.l100d8",
"ref": "P231024.31.1",
"inst": "a[water]",
"sig": "@dcclt%sux:a=a[water//water]N'N$a/a#~",
"f": {"lang": "sux",
"form": "a",
"cf": "a",
"gw": "water",
"sense": "water",
"norm0": "a",
"pos": "N",
"epos": "N",
"base": "a",
"morph": "~"}
}
,
{
"node": "l",
"frag": "la₂",
"id": "P231024.l100d9",
"ref": "P231024.31.2",
"inst": "la[hang]",
"sig": "@dcclt%sux:la₂=la[hang//hang]V/t'V/t$la/la₂#~",
"f": {"lang": "sux",
"form": "la₂",
"cf": "la",
"gw": "hang",
"sense": "hang",
"norm0": "la",
"pos": "V/t",
"epos": "V/t",
"base": "la₂",
"morph": "~"}
}
,
{
"node": "d",
"type": "line-start",
"ref": "P231024.32",
"n": "3",
"label": "r ii 3"}
,
{
"node": "l",
"frag": "[a]",
"id": "P231024.l100da",
"ref": "P231024.32.1",
"inst": "a[water]",
"sig": "@dcclt%sux:a=a[water//water]N'N$a/a#~",
"f": {"lang": "sux",
"form": "a",
"cf": "a",
"gw": "water",
"sense": "water",
"norm0": "a",
"pos": "N",
"epos": "N",
"base": "a",
"morph": "~"}
}
,
{
"node": "l",
"frag": "la₂-e",
"id": "P231024.l100db",
"ref": "P231024.32.2",
"inst": "la[hang]",
"sig": "@dcclt%sux:la₂-e=la[hang//hang]V/t'V/t$la;e/la₂#~;e",
"f": {"lang": "sux",
"form": "la₂-e",
"cf": "la",
"gw": "hang",
"sense": "hang",
"norm0": "la;e",
"pos": "V/t",
"epos": "V/t",
"base": "la₂",
"morph": "~;e"}
}
,
{
"node": "d",
"type": "line-start",
"ref": "P231024.33",
"n": "4",
"label": "r ii 4"}
,
{
"node": "l",
"frag": "[a]-du-u₃",
"id": "P231024.l100dc",
"ref": "P231024.33.1",
"inst": "X",
"f": {"lang": "sux",
"form": "a-du-u₃",
"pos": "X"}
}
,
{
"node": "d",
"type": "line-start",
"ref": "P231024.34",
"n": "5",
"label": "r ii 5"}
,
{
"node": "l",
"frag": "[a]-du-u₃-bi",
"id": "P231024.l100dd",
"ref": "P231024.34.1",
"inst": "X",
"f": {"lang": "sux",
"form": "a-du-u₃-bi",
"pos": "X"}
}
,
{
"node": "d",
"type": "line-start",
"ref": "P231024.35",
"n": "6",
"label": "r ii 6"}
,
{
"node": "l",
"frag": "[a]-du-u₃",
"id": "P231024.l100de",
"ref": "P231024.35.1",
"inst": "X",
"f": {"lang": "sux",
"form": "a-du-u₃",
"pos": "X"}
}
,
{
"node": "l",
"frag": "an-ta",
"id": "P231024.l100df",
"ref": "P231024.35.2",
"inst": "anta[upper]",
"sig": "@dcclt%sux:an-ta=anta[upper//upper]V/t'V/t$anta/an-ta#~",
"f": {"lang": "sux",
"form": "an-ta",
"cf": "anta",
"gw": "upper",
"sense": "upper",
"norm0": "anta",
"pos": "V/t",
"epos": "V/t",
"base": "an-ta",
"morph": "~"}
}
,
{
"node": "d",
"type": "line-start",
"ref": "P231024.36",
"n": "7",
"label": "r ii 7"}
,
{
"node": "l",
"frag": "[a]",
"id": "P231024.l100e0",
"ref": "P231024.36.1",
"inst": "a[water]",
"sig": "@dcclt%sux:a=a[water//water]N'N$a/a#~",
"f": {"lang": "sux",
"form": "a",
"cf": "a",
"gw": "water",
"sense": "water",
"norm0": "a",
"pos": "N",
"epos": "N",
"base": "a",
"morph": "~"}
}
,
{
"node": "l",
"frag": "⸢bar⸣-ra",
"id": "P231024.l100e1",
"ref": "P231024.36.2",
"inst": "bar[outside]",
"sig": "@dcclt%sux:bar-ra=bar[outside//outside]V/t'N$bar;a/bar+-ra=r.a#~;a",
"f": {"lang": "sux",
"form": "bar-ra",
"cf": "bar",
"gw": "outside",
"sense": "outside",
"norm0": "bar;a",
"pos": "V/t",
"epos": "N",
"base": "bar",
"cont": "-ra=r.a",
"morph": "~;a"}
}
,
{
"node": "d",
"type": "line-start",
"ref": "P231024.37",
"n": "8",
"label": "r ii 8"}
,
{
"node": "l",
"frag": "[a]",
"id": "P231024.l100e2",
"ref": "P231024.37.1",
"inst": "a[water]",
"sig": "@dcclt%sux:a=a[water//water]N'N$a/a#~",
"f": {"lang": "sux",
"form": "a",
"cf": "a",
"gw": "water",
"sense": "water",
"norm0": "a",
"pos": "N",
"epos": "N",
"base": "a",
"morph": "~"}
}
,
{
"node": "l",
"frag": "bar-ra",
"id": "P231024.l100e3",
"ref": "P231024.37.2",
"inst": "bar[outside]",
"sig": "@dcclt%sux:bar-ra=bar[outside//outside]V/t'N$bar;a/bar+-ra=r.a#~;a",
"f": {"lang": "sux",
"form": "bar-ra",
"cf": "bar",
"gw": "outside",
"sense": "outside",
"norm0": "bar;a",
"pos": "V/t",
"epos": "N",
"base": "bar",
"cont": "-ra=r.a",
"morph": "~;a"}
}
,
{
"node": "d",
"type": "line-start",
"ref": "P231024.38",
"n": "9",
"label": "r ii 9"}
,
{
"node": "l",
"frag": "[a]-⸢bar⸣-ra",
"id": "P231024.l100e4",
"ref": "P231024.38.1",
"inst": "abara[sweat]",
"sig": "@dcclt%sux:a-bar-ra=abara[sweat//sweat]N'N$abara/a-bar-ra#~",
"f": {"lang": "sux",
"form": "a-bar-ra",
"cf": "abara",
"gw": "sweat",
"sense": "sweat",
"norm0": "abara",
"pos": "N",
"epos": "N",
"base": "a-bar-ra",
"morph": "~"}
}
,
{
"node": "d",
"type": "line-start",
"ref": "P231024.39",
"n": "10",
"label": "r ii 10"}
,
{
"node": "l",
"frag": "[a-ra-an]-gi₄",
"id": "P231024.l100e5",
"ref": "P231024.39.1",
"inst": "X",
"f": {"lang": "sux",
"form": "a-ra-an-gi₄",
"pos": "X"}
}
,
{
"node": "d",
"type": "line-start",
"ref": "P231024.40",
"n": "11",
"label": "r ii 11"}
,
{
"node": "l",
"frag": "[a",
"id": "P231024.l100e6",
"ref": "P231024.40.1",
"inst": "a[water]",
"sig": "@dcclt%sux:a=a[water//water]N'N$a/a#~",
"f": {"lang": "sux",
"form": "a",
"cf": "a",
"gw": "water",
"sense": "water",
"norm0": "a",
"pos": "N",
"epos": "N",
"base": "a",
"morph": "~"}
}
,
{
"node": "l",
"frag": "niŋ₂]-huš",
"id": "P231024.l100e7",
"ref": "P231024.40.2",
"inst": "niŋhuša[pitfall]",
"sig": "@dcclt%sux:niŋ₂-huš=niŋhuša[pitfall//pitfall, trap]N'N$niŋhuša/niŋ₂-huš#~",
"f": {"lang": "sux",
"form": "niŋ₂-huš",
"cf": "niŋhuša",
"gw": "pitfall",
"sense": "pitfall, trap",
"norm0": "niŋhuša",
"pos": "N",
"epos": "N",
"base": "niŋ₂-huš",
"morph": "~"}
}
,
{
"node": "d",
"type": "line-start",
"ref": "P231024.41",
"n": "12",
"label": "r ii 12"}
,
{
"node": "l",
"frag": "[a]",
"id": "P231024.l100e8",
"ref": "P231024.41.1",
"inst": "a[water]",
"sig": "@dcclt%sux:a=a[water//water]N'N$a/a#~",
"f": {"lang": "sux",
"form": "a",
"cf": "a",
"gw": "water",
"sense": "water",
"norm0": "a",
"pos": "N",
"epos": "N",
"base": "a",
"morph": "~"}
}
,
{
"node": "l",
"frag": "⸢niŋ₂",
"id": "P231024.l100e9",
"ref": "P231024.41.2",
"inst": "niŋ[thing]",
"sig": "@dcclt%sux:niŋ₂=niŋ[thing//thing]N'N$niŋ/niŋ₂#~",
"f": {"lang": "sux",
"form": "niŋ₂",
"cf": "niŋ",
"gw": "thing",
"sense": "thing",
"norm0": "niŋ",
"pos": "N",
"epos": "N",
"base": "niŋ₂",
"morph": "~"}
}
,
{
"node": "l",
"frag": "luh⸣",
"id": "P231024.l100ea",
"ref": "P231024.41.3",
"inst": "luh[clean]",
"sig": "@dcclt%sux:luh=luh[clean//to clean, wash]V/t'V/t$luh/luh#~",
"f": {"lang": "sux",
"form": "luh",
"cf": "luh",
"gw": "clean",
"sense": "to clean, wash",
"norm0": "luh",
"pos": "V/t",
"epos": "V/t",
"base": "luh",
"morph": "~"}
}
,
{
"node": "d",
"type": "line-start",
"ref": "P231024.42",
"n": "13",
"label": "r ii 13"}
,
{
"node": "l",
"frag": "[a]",
"id": "P231024.l100eb",
"ref": "P231024.42.1",
"inst": "a[water]",
"sig": "@dcclt%sux:a=a[water//water]N'N$a/a#~",
"f": {"lang": "sux",
"form": "a",
"cf": "a",
"gw": "water",
"sense": "water",
"norm0": "a",
"pos": "N",
"epos": "N",
"base": "a",
"morph": "~"}
}
,
{
"node": "l",
"frag": "ka",
"id": "P231024.l100ec",
"ref": "P231024.42.2",
"inst": "kag[mouth]",
"sig": "@dcclt%sux:ka=kag[mouth//mouth]N'N$kag/ka#~",
"f": {"lang": "sux",
"form": "ka",
"cf": "kag",
"gw": "mouth",
"sense": "mouth",
"norm0": "kag",
"pos": "N",
"epos": "N",
"base": "ka",
"morph": "~"}
}
,
{
"node": "l",
"frag": "luh-ha",
"id": "P231024.l100ed",
"ref": "P231024.42.3",
"inst": "luh[clean]",
"sig": "@dcclt%sux:luh-ha=luh[clean//to clean, wash]V/t'V/t$luh;a/luh+-ha=h.a#~;a",
"f": {"lang": "sux",
"form": "luh-ha",
"cf": "luh",
"gw": "clean",
"sense": "to clean, wash",
"norm0": "luh;a",
"pos": "V/t",
"epos": "V/t",
"base": "luh",
"cont": "-ha=h.a",
"morph": "~;a"}
}
,
{
"node": "d",
"type": "line-start",
"ref": "P231024.43",
"n": "14",
"label": "r ii 14"}
,
{
"node": "l",
"frag": "[a]",
"id": "P231024.l100ee",
"ref": "P231024.43.1",
"inst": "a[water]",
"sig": "@dcclt%sux:a=a[water//water]N'N$a/a#~",
"f": {"lang": "sux",
"form": "a",
"cf": "a",
"gw": "water",
"sense": "water",
"norm0": "a",
"pos": "N",
"epos": "N",
"base": "a",
"morph": "~"}
}
,
{
"node": "c",
"type": "phrase",
"tag": "phr",
"id": "P231024.U11",
"ref": "P231024.ls00007",
"cdl": [
{
"node": "l",
"frag": "šu",
"id": "P231024.l100ef",
"ref": "P231024.43.2",
"inst": "šu[hand]",
"sig": "@dcclt%sux:šu=šu[hand//hand]N'N$šu/šu#~",
"f": {"lang": "sux",
"form": "šu",
"cf": "šu",
"gw": "hand",
"sense": "hand",
"norm0": "šu",
"pos": "N",
"epos": "N",
"base": "šu",
"morph": "~"}
}
,
{
"node": "l",
"frag": "luh-ha",
"id": "P231024.l100f0",
"ref": "P231024.43.3",
"inst": "luh[clean]",
"sig": "@dcclt%sux:luh-ha=luh[clean//to clean, wash]V/t'V/t$luh;a/luh+-ha=h.a#~;a",
"f": {"lang": "sux",
"form": "luh-ha",
"cf": "luh",
"gw": "clean",
"sense": "to clean, wash",
"norm0": "luh;a",
"pos": "V/t",
"epos": "V/t",
"base": "luh",
"cont": "-ha=h.a",
"morph": "~;a"}
}
]}
,
{
"node": "d",
"type": "line-start",
"ref": "P231024.44",
"n": "15",
"label": "r ii 15"}
,
{
"node": "l",
"frag": "[a]",
"id": "P231024.l100f1",
"ref": "P231024.44.1",
"inst": "a[water]",
"sig": "@dcclt%sux:a=a[water//water]N'N$a/a#~",
"f": {"lang": "sux",
"form": "a",
"cf": "a",
"gw": "water",
"sense": "water",
"norm0": "a",
"pos": "N",
"epos": "N",
"base": "a",
"morph": "~"}
}
,
{
"node": "l",
"frag": "naŋ-naŋ",
"id": "P231024.l100f2",
"ref": "P231024.44.2",
"inst": "naŋ[drink]",
"sig": "@dcclt%sux:naŋ-naŋ=naŋ[drink//drink]V/t'V/t$naŋ/naŋ-naŋ#~",
"f": {"lang": "sux",
"form": "naŋ-naŋ",
"cf": "naŋ",
"gw": "drink",
"sense": "drink",
"norm0": "naŋ",
"pos": "V/t",
"epos": "V/t",
"base": "naŋ-naŋ",
"morph": "~"}
}
,
{
"node": "d",
"type": "line-start",
"ref": "P231024.45",
"n": "16",
"label": "r ii 16"}
,
{
"node": "l",
"frag": "[a]",
"id": "P231024.l100f3",
"ref": "P231024.45.1",
"inst": "a[water]",
"sig": "@dcclt%sux:a=a[water//water]N'N$a/a#~",
"f": {"lang": "sux",
"form": "a",
"cf": "a",
"gw": "water",
"sense": "water",
"norm0": "a",
"pos": "N",
"epos": "N",
"base": "a",
"morph": "~"}
}
,
{
"node": "l",
"frag": "NE",
"id": "P231024.l100f4",
"ref": "P231024.45.2",
"inst": "u",
"f": {"lang": "sux",
"form": "NE",
"pos": "u"}
}
,
{
"node": "l",
"frag": "saŋ-ŋa₂",
"id": "P231024.l100f5",
"ref": "P231024.45.3",
"inst": "saŋ[front]",
"sig": "@dcclt%sux:saŋ-ŋa₂=saŋ[head//front]N'N$saŋ,ŋu.ak/saŋ#~,ŋu.ak",
"f": {"lang": "sux",
"form": "saŋ-ŋa₂",
"cf": "saŋ",
"gw": "head",
"sense": "front",
"norm0": "saŋ,ŋu.ak",
"pos": "N",
"epos": "N",
"base": "saŋ",
"morph": "~,ŋu.ak"}
}
,
{
"node": "d",
"type": "nonx",
"ref": "P231024.46",
"strict": "0",
"extent": "6191",
"state": "other"}
,
{
"node": "d",
"type": "line-start",
"ref": "P231024.47",
"n": "17",
"label": "r ii 17"}
,
{
"node": "c",
"type": "phrase",
"tag": "phr",
"id": "P231024.U12",
"ref": "P231024.ls00008",
"cdl": [
{
"node": "l",
"frag": "[a]",
"id": "P231024.l100f6",
"ref": "P231024.47.1",
"inst": "a[water]",
"sig": "@dcclt%sux:a=a[water//water]N'N$a/a#~",
"f": {"lang": "sux",
"form": "a",
"cf": "a",
"gw": "water",
"sense": "water",
"norm0": "a",
"pos": "N",
"epos": "N",
"base": "a",
"morph": "~"}
}
,
{
"node": "l",
"frag": "⸢dug₄-ga⸣",
"id": "P231024.l100f7",
"ref": "P231024.47.2",
"inst": "dug[speak]",
"sig": "@dcclt%sux:dug₄-ga=dug[speak//speak]V/t'V/t$dug;a/dug₄+-ga=g.a#~;a",
"f": {"lang": "sux",
"form": "dug₄-ga",
"cf": "dug",
"gw": "speak",
"sense": "speak",
"norm0": "dug;a",
"pos": "V/t",
"epos": "V/t",
"base": "dug₄",
"cont": "-ga=g.a",
"morph": "~;a"}
}
]}
,
{
"node": "d",
"type": "line-start",
"ref": "P231024.48",
"n": "18",
"label": "r ii 18"}
,
{
"node": "l",
"frag": "[a]",
"id": "P231024.l100f8",
"ref": "P231024.48.1",
"inst": "a[water]",
"sig": "@dcclt%sux:a=a[water//water]N'N$a/a#~",
"f": {"lang": "sux",
"form": "a",
"cf": "a",
"gw": "water",
"sense": "water",
"norm0": "a",
"pos": "N",
"epos": "N",
"base": "a",
"morph": "~"}
}
,
{
"node": "l",
"frag": "nu-dug₄-ga",
"id": "P231024.l100f9",
"ref": "P231024.48.2",
"inst": "dug[speak]",
"sig": "@dcclt%sux:nu-dug₄-ga=dug[speak//speak]V/t'V/t$nu:dug;a/dug₄+-ga=g.a#nu:~;a",
"f": {"lang": "sux",
"form": "nu-dug₄-ga",
"cf": "dug",
"gw": "speak",
"sense": "speak",
"norm0": "nu:dug;a",
"pos": "V/t",
"epos": "V/t",
"base": "dug₄",
"cont": "-ga=g.a",
"morph": "nu:~;a"}
}
,
{
"node": "d",
"type": "line-start",
"ref": "P231024.49",
"n": "19",
"label": "r ii 19"}
,
{
"node": "l",
"frag": "[a]",
"id": "P231024.l100fa",
"ref": "P231024.49.1",
"inst": "a[water]",
"sig": "@dcclt%sux:a=a[water//water]N'N$a/a#~",
"f": {"lang": "sux",
"form": "a",
"cf": "a",
"gw": "water",
"sense": "water",
"norm0": "a",
"pos": "N",
"epos": "N",
"base": "a",
"morph": "~"}
}
,
{
"node": "l",
"frag": "an-ta",
"id": "P231024.l100fb",
"ref": "P231024.49.2",
"inst": "an[heaven]",
"sig": "@dcclt%sux:an-ta=an[sky//sky, heaven]N'N$an,ta/an#~,ta",
"f": {"lang": "sux",
"form": "an-ta",
"cf": "an",
"gw": "sky",
"sense": "sky, heaven",
"norm0": "an,ta",
"pos": "N",
"epos": "N",
"base": "an",
"morph": "~,ta"}
}
,
{
"node": "l",
"frag": "ed₃-de₃",
"id": "P231024.l100fc",
"ref": "P231024.49.3",
"inst": "ed[go down]",
"sig": "@dcclt%sux:ed₃-de₃=ed[ascend//to go down, descend]V/i'V/i$ed;e/ed₃+-de₃=d.e#~;e",
"f": {"lang": "sux",
"form": "ed₃-de₃",
"cf": "ed",
"gw": "ascend",
"sense": "to go down, descend",
"norm0": "ed;e",
"pos": "V/i",
"epos": "V/i",
"base": "ed₃",
"cont": "-de₃=d.e",
"morph": "~;e"}
}
,
{
"node": "d",
"type": "line-start",
"ref": "P231024.50",
"n": "20",
"label": "r ii 20"}
,
{
"node": "l",
"frag": "a",
"id": "P231024.l100fd",
"ref": "P231024.50.1",
"inst": "a[water]",
"sig": "@dcclt%sux:a=a[water//water]N'N$a/a#~",
"f": {"lang": "sux",
"form": "a",
"cf": "a",
"gw": "water",
"sense": "water",
"norm0": "a",
"pos": "N",
"epos": "N",
"base": "a",
"morph": "~"}
}
,
{
"node": "l",
"frag": "ki-ta",
"id": "P231024.l100fe",
"ref": "P231024.50.2",
"inst": "ki[earth]",
"sig": "@dcclt%sux:ki-ta=ki[place//ground, earth, land]N'N$ki,ta/ki#~,ta",
"f": {"lang": "sux",
"form": "ki-ta",
"cf": "ki",
"gw": "place",
"sense": "ground, earth, land",
"norm0": "ki,ta",
"pos": "N",
"epos": "N",
"base": "ki",
"morph": "~,ta"}
}
,
{
"node": "l",
"frag": "ed₃-de₃",
"id": "P231024.l100ff",
"ref": "P231024.50.3",
"inst": "ed[go up]",
"sig": "@dcclt%sux:ed₃-de₃=ed[ascend//to go up, ascend]V/i'V/i$ed;e/ed₃+-de₃=d.e#~;e",
"f": {"lang": "sux",
"form": "ed₃-de₃",
"cf": "ed",
"gw": "ascend",
"sense": "to go up, ascend",
"norm0": "ed;e",
"pos": "V/i",
"epos": "V/i",
"base": "ed₃",
"cont": "-de₃=d.e",
"morph": "~;e"}
}
,
{
"node": "d",
"type": "line-start",
"ref": "P231024.51",
"n": "21",
"label": "r ii 21"}
,
{
"node": "l",
"frag": "[a]",
"id": "P231024.l10100",
"ref": "P231024.51.1",
"inst": "a[water]",
"sig": "@dcclt%sux:a=a[water//water]N'N$a/a#~",
"f": {"lang": "sux",
"form": "a",
"cf": "a",
"gw": "water",
"sense": "water",
"norm0": "a",
"pos": "N",
"epos": "N",
"base": "a",
"morph": "~"}
}
,
{
"node": "l",
"frag": "x",
"id": "P231024.l10101",
"ref": "P231024.51.2",
"inst": "u",
"f": {"lang": "sux",
"form": "x",
"pos": "u"}
}
,
{
"node": "l",
"frag": "gu₂",
"id": "P231024.l10102",
"ref": "P231024.51.3",
"inst": "gu[neck]",
"sig": "@dcclt%sux:gu₂=gu[neck//neck]N'N$gu/gu₂#~",
"f": {"lang": "sux",
"form": "gu₂",
"cf": "gu",
"gw": "neck",
"sense": "neck",
"norm0": "gu",
"pos": "N",
"epos": "N",
"base": "gu₂",
"morph": "~"}
}
,
{
"node": "l",
"frag": "la₂-a",
"id": "P231024.l10103",
"ref": "P231024.51.4",
"inst": "la[hang]",
"sig": "@dcclt%sux:la₂-a=la[hang//hang]V/t'V/t$la;a/la₂#~;a",
"f": {"lang": "sux",
"form": "la₂-a",
"cf": "la",
"gw": "hang",
"sense": "hang",
"norm0": "la;a",
"pos": "V/t",
"epos": "V/t",
"base": "la₂",
"morph": "~;a"}
}
]}
]}
]}
,
{
"linkbase": [{
"type": "linkset",
"xlink_title": "a rah[drown//to drown]V/t'V/t",
"id": "P231024.ls00000",
"xlink_type": "extended",
"xlink_role": "psu",
"sig": "{a rah₂-rah₂ = a[water]N rah[beat]V/t += a rah[drown//to drown]V/t'V/t}::@dcclt%sux:a=a[water//water]N'N$a/a#~++@dcclt%sux:rah₂-rah₂=rah[beat//to beat, kill]V/t'V/t$rah/rah₂-rah₂#~",
"links": [
{
"type": "link",
"xlink_title": "a",
"xlink_type": "locator",
"xlink_href": "#P231024.l100be",
"xlink_role": "elt"}
,
{
"type": "link",
"xlink_title": "rah",
"xlink_type": "locator",
"xlink_href": "#P231024.l100bf",
"xlink_role": "elt"}
]}
,
{
"type": "linkset",
"xlink_title": "a rah[drown//to drown]V/t'V/t",
"id": "P231024.ls00001",
"xlink_type": "extended",
"xlink_role": "psu",
"sig": "{a rah₂-rah₂ = a[water]N rah[beat]V/t += a rah[drown//to drown]V/t'V/t}::@dcclt%sux:a=a[water//water]N'N$a/a#~++@dcclt%sux:rah₂-rah₂=rah[beat//to beat, kill]V/t'V/t$rah/rah₂-rah₂#~",
"links": [
{
"type": "link",
"xlink_title": "a",
"xlink_type": "locator",
"xlink_href": "#P231024.l100c0",
"xlink_role": "elt"}
,
{
"type": "link",
"xlink_title": "rah",
"xlink_type": "locator",
"xlink_href": "#P231024.l100c1",
"xlink_role": "elt"}
]}
,
{
"type": "linkset",
"xlink_title": "a rah[drown//to drown]V/t'V/t",
"id": "P231024.ls00002",
"xlink_type": "extended",
"xlink_role": "psu",
"sig": "{a ra-ah = a[water]N rah[beat]V/t += a rah[drown//to drown]V/t'V/t}::@dcclt%sux:a=a[water//water]N'N$a/a#~++@dcclt%sux:ra-ah=rah[beat//to beat, kill]V/t'V/t$rah/ra-ah#~",
"links": [
{
"type": "link",
"xlink_title": "a",
"xlink_type": "locator",
"xlink_href": "#P231024.l100c4",
"xlink_role": "elt"}
,
{
"type": "link",
"xlink_title": "rah",
"xlink_type": "locator",
"xlink_href": "#P231024.l100c5",
"xlink_role": "elt"}
]}
,
{
"type": "linkset",
"xlink_title": "a rah[drown//to drown]V/t'V/t",
"id": "P231024.ls00003",
"xlink_type": "extended",
"xlink_role": "psu",
"sig": "{a ra-ah = a[water]N rah[beat]V/t += a rah[drown//to drown]V/t'V/t}::@dcclt%sux:a=a[water//water]N'N$a/a#~++@dcclt%sux:ra-ah=rah[beat//to beat, kill]V/t'V/t$rah/ra-ah#~",
"links": [
{
"type": "link",
"xlink_title": "a",
"xlink_type": "locator",
"xlink_href": "#P231024.l100c6",
"xlink_role": "elt"}
,
{
"type": "link",
"xlink_title": "rah",
"xlink_type": "locator",
"xlink_href": "#P231024.l100c7",
"xlink_role": "elt"}
]}
,
{
"type": "linkset",
"xlink_title": "a rah[drown//to drown]V/t'V/t",
"id": "P231024.ls00004",
"xlink_type": "extended",
"xlink_role": "psu",
"sig": "{a ra-ah = a[water]N rah[beat]V/t += a rah[drown//to drown]V/t'V/t}::@dcclt%sux:a=a[water//water]N'N$a/a#~++@dcclt%sux:ra-ah=rah[beat//to beat, kill]V/t'V/t$rah/ra-ah#~",
"links": [
{
"type": "link",
"xlink_title": "a",
"xlink_type": "locator",
"xlink_href": "#P231024.l100c8",
"xlink_role": "elt"}
,
{
"type": "link",
"xlink_title": "rah",
"xlink_type": "locator",
"xlink_href": "#P231024.l100c9",
"xlink_role": "elt"}
]}
,
{
"type": "linkset",
"xlink_title": "a rah[drown//to drown]V/t'V/t",
"id": "P231024.ls00005",
"xlink_type": "extended",
"xlink_role": "psu",
"sig": "{a ra-ah = a[water]N rah[beat]V/t += a rah[drown//to drown]V/t'V/t}::@dcclt%sux:a=a[water//water]N'N$a/a#~++@dcclt%sux:ra-ah=rah[beat//to beat, kill]V/t'V/t$rah/ra-ah#~",
"links": [
{
"type": "link",
"xlink_title": "a",
"xlink_type": "locator",
"xlink_href": "#P231024.l100ca",
"xlink_role": "elt"}
,
{
"type": "link",
"xlink_title": "rah",
"xlink_type": "locator",
"xlink_href": "#P231024.l100cb",
"xlink_role": "elt"}
]}
,
{
"type": "linkset",
"xlink_title": "gu du[neglect//to neglect]V/t'V/t",
"id": "P231024.ls00006",
"xlink_type": "extended",
"xlink_role": "psu",
"sig": "{gu₂ du₃ = gu[neck]N du[build]V/t += gu du[neglect//to neglect]V/t'V/t}::@dcclt%sux:gu₂=gu[neck//neck]N'N$gu/gu₂#~++@dcclt%sux:du₃=du[build//build]V/t'V/t$du/du₃#~",
"links": [
{
"type": "link",
"xlink_title": "gu",
"xlink_type": "locator",
"xlink_href": "#P231024.l100d6",
"xlink_role": "elt"}
,
{
"type": "link",
"xlink_title": "du",
"xlink_type": "locator",
"xlink_href": "#P231024.l100d7",
"xlink_role": "elt"}
]}
,
{
"type": "linkset",
"xlink_title": "šu luh[clean//to clean]V/t'V/t",
"id": "P231024.ls00007",
"xlink_type": "extended",
"xlink_role": "psu",
"sig": "{šu luh-ha = šu[hand]N luh[clean]V/t += šu luh[clean//to clean]V/t'V/t}::@dcclt%sux:šu=šu[hand//hand]N'N$šu/šu#~++@dcclt%sux:luh-ha=luh[clean//to clean, wash]V/t'V/t$luh;a/luh+-ha=h.a#~;a",
"links": [
{
"type": "link",
"xlink_title": "šu",
"xlink_type": "locator",
"xlink_href": "#P231024.l100ef",
"xlink_role": "elt"}
,
{
"type": "link",
"xlink_title": "luh",
"xlink_type": "locator",
"xlink_href": "#P231024.l100f0",
"xlink_role": "elt"}
]}
,
{
"type": "linkset",
"xlink_title": "a dug[irrigate//to irrigate (from canal water)]V/t'V/t",
"id": "P231024.ls00008",
"xlink_type": "extended",
"xlink_role": "psu",
"sig": "{a dug₄-ga = a[water]N dug[speak]V/t += a dug[irrigate//to irrigate (from canal water)]V/t'V/t}::@dcclt%sux:a=a[water//water]N'N$a/a#~++@dcclt%sux:dug₄-ga=dug[speak//speak]V/t'V/t$dug;a/dug₄+-ga=g.a#~;a",
"links": [
{
"type": "link",
"xlink_title": "a",
"xlink_type": "locator",
"xlink_href": "#P231024.l100f6",
"xlink_role": "elt"}
,
{
"type": "link",
"xlink_title": "dug",
"xlink_type": "locator",
"xlink_href": "#P231024.l100f7",
"xlink_role": "elt"}
]}
]}
]}
