{
"type": "cdl",
  "source": "http://oracc.org/dcclt",
  "license": "This data is released under the CC0 license",
  "license-url": "https://creativecommons.org/publicdomain/zero/1.0/",
  "more-info": "http://oracc.org/doc/opendata/",
  "UTC-timestamp": "2017-05-19T18:24:53",
"project": "dcclt",
"textid": "P231774",
"cdl": [
{
"node": "c",
"type": "text",
"id": "P231774.U0",
"cdl": [
{
"node": "d",
"type": "object",
"ref": ""}
,
{
"node": "d",
"type": "surface",
"ref": ""}
,
{
"node": "c",
"type": "discourse",
"subtype": "body",
"id": "P231774.U1",
"cdl": [
{
"node": "c",
"type": "sentence",
"id": "P231774.U2",
"label": "1' - r 9",
"cdl": [
{
"node": "d",
"type": "line-start",
"ref": "P231774.1",
"n": "1'",
"label": "1'"}
,
{
"node": "d",
"type": "cell-start"}
,
{
"node": "d",
"type": "field-start",
"subtype": "wp"}
,
{
"node": "l",
"frag": "⸢sur⸣",
"id": "P231774.l0fb35",
"ref": "P231774.1.1",
"inst": "sur[smile]",
"sig": "@dcclt%sux:sur=sur[smile//to smile]V/t'V/t$sur/sur#~",
"f": {"lang": "sux",
"form": "sur",
"cf": "sur",
"gw": "smile",
"sense": "to smile",
"norm0": "sur",
"pos": "V/t",
"epos": "V/t",
"base": "sur",
"morph": "~"}
}
,
{
"node": "d",
"type": "field-end",
"subtype": "wp"}
,
{
"node": "d",
"type": "cell-end"}
,
{
"node": "d",
"type": "cell-start"}
,
{
"node": "d",
"type": "field-start",
"subtype": "eq"}
,
{
"node": "l",
"frag": "⸢ṣi-a⸣-hu-⸢um⸣",
"id": "P231774.l0fb36",
"ref": "P231774.1.2",
"inst": "ṣiāhu[laugh//laughing]V'N$ṣiāhum",
"sig": "@dcclt%akk-x-oldbab:ṣi-a-hu-um=ṣiāhu[laugh//laughing]V'N$ṣiāhum",
"f": {"lang": "akk-x-oldbab",
"form": "ṣi-a-hu-um",
"cf": "ṣiāhu",
"gw": "laugh",
"sense": "laughing",
"norm": "ṣiāhum",
"pos": "V",
"epos": "N"}
}
,
{
"node": "d",
"type": "field-end",
"subtype": "eq"}
,
{
"node": "d",
"type": "cell-end"}
,
{
"node": "d",
"type": "line-start",
"ref": "P231774.2",
"n": "2'",
"label": "2'"}
,
{
"node": "d",
"type": "cell-start"}
,
{
"node": "d",
"type": "field-start",
"subtype": "wp"}
,
{
"node": "l",
"frag": "⸢igi-zal⸣-sur",
"id": "P231774.l0fb37",
"ref": "P231774.2.1",
"inst": "igizalsur[smile]",
"sig": "@dcclt%sux:igi-zal-sur=igizalsur[smile//smile]N'N$igizalsur/igi-zal-sur#~",
"f": {"lang": "sux",
"form": "igi-zal-sur",
"cf": "igizalsur",
"gw": "smile",
"sense": "smile",
"norm0": "igizalsur",
"pos": "N",
"epos": "N",
"base": "igi-zal-sur",
"morph": "~"}
}
,
{
"node": "d",
"type": "field-end",
"subtype": "wp"}
,
{
"node": "d",
"type": "cell-end"}
,
{
"node": "d",
"type": "cell-start"}
,
{
"node": "d",
"type": "field-start",
"subtype": "eq"}
,
{
"node": "l",
"frag": "ṣe-e-eh-⸢tum⸣",
"id": "P231774.l0fb38",
"ref": "P231774.2.2",
"inst": "ṣīhtu[laughter]N$ṣēhtum",
"sig": "@dcclt%akk-x-oldbab:ṣe-e-eh-tum=ṣīhtu[laughter//laughter]N'N$ṣēhtum",
"f": {"lang": "akk-x-oldbab",
"form": "ṣe-e-eh-tum",
"cf": "ṣīhtu",
"gw": "laughter",
"sense": "laughter",
"norm": "ṣēhtum",
"pos": "N",
"epos": "N"}
}
,
{
"node": "d",
"type": "field-end",
"subtype": "eq"}
,
{
"node": "d",
"type": "cell-end"}
,
{
"node": "d",
"type": "line-start",
"ref": "P231774.3",
"n": "3'",
"label": "3'"}
,
{
"node": "d",
"type": "cell-start"}
,
{
"node": "d",
"type": "field-start",
"subtype": "wp"}
,
{
"node": "l",
"frag": "gu₇-a",
"id": "P231774.l0fb39",
"ref": "P231774.3.1",
"inst": "gu[eat]",
"sig": "@dcclt%sux:gu₇-a=gu[eat//to eat, consume]V/t'V/t$gu;a/gu₇#~;a",
"f": {"lang": "sux",
"form": "gu₇-a",
"cf": "gu",
"gw": "eat",
"sense": "to eat, consume",
"norm0": "gu;a",
"pos": "V/t",
"epos": "V/t",
"base": "gu₇",
"morph": "~;a"}
}
,
{
"node": "d",
"type": "field-end",
"subtype": "wp"}
,
{
"node": "d",
"type": "cell-end"}
,
{
"node": "d",
"type": "cell-start"}
,
{
"node": "d",
"type": "field-start",
"subtype": "eq"}
,
{
"node": "l",
"frag": "a-ka-⸢lum⸣",
"id": "P231774.l0fb3a",
"ref": "P231774.3.2",
"inst": "akālum[eating]'N",
"sig": "@dcclt%akk-x-oldbab:a-ka-lum=akālu[eat//eating]V'N$akālum",
"f": {"lang": "akk-x-oldbab",
"form": "a-ka-lum",
"cf": "akālu",
"gw": "eat",
"sense": "eating",
"norm": "akālum",
"pos": "V",
"epos": "N"}
}
,
{
"node": "d",
"type": "field-end",
"subtype": "eq"}
,
{
"node": "d",
"type": "cell-end"}
,
{
"node": "d",
"type": "line-start",
"ref": "P231774.4",
"n": "4'",
"label": "4'"}
,
{
"node": "d",
"type": "cell-start"}
,
{
"node": "d",
"type": "field-start",
"subtype": "wp"}
,
{
"node": "l",
"frag": "naŋ-a",
"id": "P231774.l0fb3b",
"ref": "P231774.4.1",
"inst": "naŋ[drink]",
"sig": "@dcclt%sux:naŋ-a=naŋ[drink//drink]V/t'V/t$naŋ;a/naŋ#~;a",
"f": {"lang": "sux",
"form": "naŋ-a",
"cf": "naŋ",
"gw": "drink",
"sense": "drink",
"norm0": "naŋ;a",
"pos": "V/t",
"epos": "V/t",
"base": "naŋ",
"morph": "~;a"}
}
,
{
"node": "d",
"type": "field-end",
"subtype": "wp"}
,
{
"node": "d",
"type": "cell-end"}
,
{
"node": "d",
"type": "cell-start"}
,
{
"node": "d",
"type": "field-start",
"subtype": "eq"}
,
{
"node": "l",
"frag": "ša-tu-um",
"id": "P231774.l0fb3c",
"ref": "P231774.4.2",
"inst": "šatûm[drinking]'N",
"sig": "@dcclt%akk-x-oldbab:ša-tu-um=šatû[drink//drinking]V'N$šatûm",
"f": {"lang": "akk-x-oldbab",
"form": "ša-tu-um",
"cf": "šatû",
"gw": "drink",
"sense": "drinking",
"norm": "šatûm",
"pos": "V",
"epos": "N"}
}
,
{
"node": "d",
"type": "field-end",
"subtype": "eq"}
,
{
"node": "d",
"type": "cell-end"}
,
{
"node": "d",
"type": "line-start",
"ref": "P231774.5",
"n": "5'",
"label": "5'"}
,
{
"node": "d",
"type": "cell-start"}
,
{
"node": "d",
"type": "field-start",
"subtype": "wp"}
,
{
"node": "l",
"frag": "{ma-ma}ma₅(|KA×EŠ₂|)",
"id": "P231774.l0fb3d",
"ref": "P231774.5.1",
"inst": "mu[crush]",
"sig": "@dcclt%sux:{ma-ma}ma₅(|KA×EŠ₂|)=mu[crush//crush]V/t'V/t$mu/{ma-ma}ma₅(|KA×EŠ₂|)#~",
"f": {"lang": "sux",
"form": "{ma-ma}ma₅(|KA×EŠ₂|)",
"cf": "mu",
"gw": "crush",
"sense": "crush",
"norm0": "mu",
"pos": "V/t",
"epos": "V/t",
"base": "{ma-ma}ma₅(|KA×EŠ₂|)",
"morph": "~"}
}
,
{
"node": "d",
"type": "field-end",
"subtype": "wp"}
,
{
"node": "d",
"type": "cell-end"}
,
{
"node": "d",
"type": "cell-start"}
,
{
"node": "d",
"type": "field-start",
"subtype": "eq"}
,
{
"node": "l",
"frag": "qe₄-mu-um",
"id": "P231774.l0fb3e",
"ref": "P231774.5.2",
"inst": "qemû[grind//grinding]V'N$qemûm",
"sig": "@dcclt%akk-x-oldbab:qe₄-mu-um=qemû[grind//grinding]V'N$qemûm",
"f": {"lang": "akk-x-oldbab",
"form": "qe₄-mu-um",
"cf": "qemû",
"gw": "grind",
"sense": "grinding",
"norm": "qemûm",
"pos": "V",
"epos": "N"}
}
,
{
"node": "d",
"type": "field-end",
"subtype": "eq"}
,
{
"node": "d",
"type": "cell-end"}
,
{
"node": "d",
"type": "line-start",
"ref": "P231774.6",
"n": "6'",
"label": "6'"}
,
{
"node": "d",
"type": "cell-start"}
,
{
"node": "d",
"type": "field-start",
"subtype": "wp"}
,
{
"node": "l",
"frag": "{tuk-ri}tukurₓ(|KA×X|)",
"id": "P231774.l0fb3f",
"ref": "P231774.6.1",
"inst": "tukur[chew]",
"sig": "@dcclt%sux:{tuk-ri}tukurₓ(|KA×X|)=tukur[chew//chew]V/t'V/t$tukur/{tuk-ri}tukurₓ(|KA×X|)#~",
"f": {"lang": "sux",
"form": "{tuk-ri}tukurₓ(|KA×X|)",
"cf": "tukur",
"gw": "chew",
"sense": "chew",
"norm0": "tukur",
"pos": "V/t",
"epos": "V/t",
"base": "{tuk-ri}tukurₓ(|KA×X|)",
"morph": "~"}
}
,
{
"node": "d",
"type": "field-end",
"subtype": "wp"}
,
{
"node": "d",
"type": "cell-end"}
,
{
"node": "d",
"type": "cell-start"}
,
{
"node": "d",
"type": "field-start",
"subtype": "eq"}
,
{
"node": "l",
"frag": "ka-sa-su-um",
"id": "P231774.l0fb40",
"ref": "P231774.6.2",
"inst": "kasāsu[chew//chewing]V'N$kasāsum",
"sig": "@dcclt%akk-x-oldbab:ka-sa-su-um=kasāsu[chew//chewing]V'N$kasāsum",
"f": {"lang": "akk-x-oldbab",
"form": "ka-sa-su-um",
"cf": "kasāsu",
"gw": "chew",
"sense": "chewing",
"norm": "kasāsum",
"pos": "V",
"epos": "N"}
}
,
{
"node": "d",
"type": "field-end",
"subtype": "eq"}
,
{
"node": "d",
"type": "cell-end"}
,
{
"node": "d",
"type": "line-start",
"ref": "P231774.7",
"n": "7'",
"label": "7'"}
,
{
"node": "d",
"type": "cell-start"}
,
{
"node": "d",
"type": "field-start",
"subtype": "wp"}
,
{
"node": "l",
"frag": "nar",
"id": "P231774.l0fb41",
"ref": "P231774.7.1",
"inst": "nar[musician]",
"sig": "@dcclt%sux:nar=nar[musician//musician]N'N$nar/nar#~",
"f": {"lang": "sux",
"form": "nar",
"cf": "nar",
"gw": "musician",
"sense": "musician",
"norm0": "nar",
"pos": "N",
"epos": "N",
"base": "nar",
"morph": "~"}
}
,
{
"node": "d",
"type": "field-end",
"subtype": "wp"}
,
{
"node": "d",
"type": "cell-end"}
,
{
"node": "d",
"type": "cell-start"}
,
{
"node": "d",
"type": "field-start",
"subtype": "eq"}
,
{
"node": "l",
"frag": "na-ru-um",
"id": "P231774.l0fb42",
"ref": "P231774.7.2",
"inst": "nārum[musician]N",
"sig": "@dcclt%akk-x-oldbab:na-ru-um=nāru[musician//musician]N'N$nārum",
"f": {"lang": "akk-x-oldbab",
"form": "na-ru-um",
"cf": "nāru",
"gw": "musician",
"sense": "musician",
"norm": "nārum",
"pos": "N",
"epos": "N"}
}
,
{
"node": "d",
"type": "field-end",
"subtype": "eq"}
,
{
"node": "d",
"type": "cell-end"}
,
{
"node": "d",
"type": "line-start",
"ref": "P231774.8",
"n": "8'",
"label": "8'"}
,
{
"node": "d",
"type": "cell-start"}
,
{
"node": "d",
"type": "field-start",
"subtype": "wp"}
,
{
"node": "l",
"frag": "nar-gal",
"id": "P231774.l0fb43",
"ref": "P231774.8.1",
"inst": "nargal[musician]",
"sig": "@dcclt%sux:nar-gal=nargal[musician//chief musician]N'N$nargal/nar-gal#~",
"f": {"lang": "sux",
"form": "nar-gal",
"cf": "nargal",
"gw": "musician",
"sense": "chief musician",
"norm0": "nargal",
"pos": "N",
"epos": "N",
"base": "nar-gal",
"morph": "~"}
}
,
{
"node": "d",
"type": "field-end",
"subtype": "wp"}
,
{
"node": "d",
"type": "cell-end"}
,
{
"node": "d",
"type": "cell-start"}
,
{
"node": "d",
"type": "field-start",
"subtype": "eq"}
,
{
"node": "l",
"frag": "na-ar-gal-lu-um",
"id": "P231774.l0fb44",
"ref": "P231774.8.2",
"inst": "nargallum[chief musician]N",
"sig": "@dcclt%akk-x-oldbab:na-ar-gal-lu-um=nargallu[chief musician//chief musician]N'N$nargallum",
"f": {"lang": "akk-x-oldbab",
"form": "na-ar-gal-lu-um",
"cf": "nargallu",
"gw": "chief musician",
"sense": "chief musician",
"norm": "nargallum",
"pos": "N",
"epos": "N"}
}
,
{
"node": "d",
"type": "field-end",
"subtype": "eq"}
,
{
"node": "d",
"type": "cell-end"}
,
{
"node": "d",
"subtype": "reverse",
"type": "surface",
"ref": "P231774.r.9",
"type": "reverse",
"label": "r"}
,
{
"node": "d",
"type": "line-start",
"ref": "P231774.10",
"n": "1",
"label": "r 1"}
,
{
"node": "d",
"type": "cell-start"}
,
{
"node": "d",
"type": "field-start",
"subtype": "wp"}
,
{
"node": "l",
"frag": "du₇-du₇",
"id": "P231774.l0fb45",
"ref": "P231774.10.1",
"inst": "du[push]",
"sig": "@dcclt%sux:du₇-du₇=du[push//to push, thrust, gore]V/t'V/t$du/du₇-du₇#~",
"f": {"lang": "sux",
"form": "du₇-du₇",
"cf": "du",
"gw": "push",
"sense": "to push, thrust, gore",
"norm0": "du",
"pos": "V/t",
"epos": "V/t",
"base": "du₇-du₇",
"morph": "~"}
}
,
{
"node": "d",
"type": "field-end",
"subtype": "wp"}
,
{
"node": "d",
"type": "cell-end"}
,
{
"node": "d",
"type": "cell-start"}
,
{
"node": "d",
"type": "field-start",
"subtype": "eq"}
,
{
"node": "l",
"frag": "e-le-pu-um",
"id": "P231774.l0fb46",
"ref": "P231774.10.2",
"inst": "elēpum[sprouting]'N",
"sig": "@dcclt%akk-x-oldbab:e-le-pu-um=elēpu[sprout//sprouting]V'N$elēpum",
"f": {"lang": "akk-x-oldbab",
"form": "e-le-pu-um",
"cf": "elēpu",
"gw": "sprout",
"sense": "sprouting",
"norm": "elēpum",
"pos": "V",
"epos": "N"}
}
,
{
"node": "d",
"type": "field-end",
"subtype": "eq"}
,
{
"node": "d",
"type": "cell-end"}
,
{
"node": "d",
"type": "line-start",
"ref": "P231774.11",
"n": "2",
"label": "r 2"}
,
{
"node": "d",
"type": "cell-start"}
,
{
"node": "d",
"type": "field-start",
"subtype": "wp"}
,
{
"node": "l",
"frag": "du₇-du₇",
"id": "P231774.l0fb47",
"ref": "P231774.11.1",
"inst": "du[whirl]",
"sig": "@dcclt%sux:du₇-du₇=du[whirl//to whirl]V/i'V/i$du/du₇-du₇#~",
"f": {"lang": "sux",
"form": "du₇-du₇",
"cf": "du",
"gw": "whirl",
"sense": "to whirl",
"norm0": "du",
"pos": "V/i",
"epos": "V/i",
"base": "du₇-du₇",
"morph": "~"}
}
,
{
"node": "d",
"type": "field-end",
"subtype": "wp"}
,
{
"node": "d",
"type": "cell-end"}
,
{
"node": "d",
"type": "cell-start"}
,
{
"node": "d",
"type": "field-start",
"subtype": "eq"}
,
{
"node": "l",
"frag": "sa₃-ba-hu-um",
"id": "P231774.l0fb48",
"ref": "P231774.11.2",
"inst": "sabāhum[rocking]'N",
"sig": "@dcclt%akk-x-oldbab:sa₃-ba-hu-um=sabāʾu[rock//rocking]V'N$sabāhum",
"f": {"lang": "akk-x-oldbab",
"form": "sa₃-ba-hu-um",
"cf": "sabāʾu",
"gw": "rock",
"sense": "rocking",
"norm": "sabāhum",
"pos": "V",
"epos": "N"}
}
,
{
"node": "d",
"type": "field-end",
"subtype": "eq"}
,
{
"node": "d",
"type": "cell-end"}
,
{
"node": "d",
"type": "line-start",
"ref": "P231774.12",
"n": "3",
"label": "r 3"}
,
{
"node": "d",
"type": "cell-start"}
,
{
"node": "d",
"type": "field-start",
"subtype": "wp"}
,
{
"node": "l",
"frag": "ki",
"id": "P231774.l0fb49",
"ref": "P231774.12.1",
"inst": "ki[place]",
"sig": "@dcclt%sux:ki=ki[place//place]N'N$ki/ki#~",
"f": {"lang": "sux",
"form": "ki",
"cf": "ki",
"gw": "place",
"sense": "place",
"norm0": "ki",
"pos": "N",
"epos": "N",
"base": "ki",
"morph": "~"}
}
,
{
"node": "l",
"frag": "maš₂-<anše>",
"id": "P231774.l0fb4a",
"ref": "P231774.12.2",
"inst": "mašanše[animals]",
"sig": "@dcclt%sux:maš₂-anše=mašanše[animals//animals, livestock]N'N$mašanše/maš₂-anše#~",
"f": {"lang": "sux",
"form": "maš₂-anše",
"cf": "mašanše",
"gw": "animals",
"sense": "animals, livestock",
"norm0": "mašanše",
"pos": "N",
"epos": "N",
"base": "maš₂-anše",
"morph": "~"}
}
,
{
"node": "l",
"frag": "gu₇-a",
"id": "P231774.l0fb4b",
"ref": "P231774.12.3",
"inst": "gu[eat]",
"sig": "@dcclt%sux:gu₇-a=gu[eat//to eat, consume]V/t'V/t$gu;a/gu₇#~;a",
"f": {"lang": "sux",
"form": "gu₇-a",
"cf": "gu",
"gw": "eat",
"sense": "to eat, consume",
"norm0": "gu;a",
"pos": "V/t",
"epos": "V/t",
"base": "gu₇",
"morph": "~;a"}
}
,
{
"node": "d",
"type": "field-end",
"subtype": "wp"}
,
{
"node": "d",
"type": "cell-end"}
,
{
"node": "d",
"type": "cell-start"}
,
{
"node": "d",
"type": "field-start",
"subtype": "eq"}
,
{
"node": "l",
"frag": "a-šar",
"id": "P231774.l0fb4c",
"ref": "P231774.12.4",
"inst": "ašar[where]SBJ",
"sig": "@dcclt%akk-x-oldbab:a-šar=ašar[where//where]SBJ'SBJ$ašar",
"f": {"lang": "akk-x-oldbab",
"form": "a-šar",
"cf": "ašar",
"gw": "where",
"sense": "where",
"norm": "ašar",
"pos": "SBJ",
"epos": "SBJ"}
}
,
{
"node": "l",
"frag": "bu-lu-um",
"id": "P231774.l0fb4d",
"ref": "P231774.12.5",
"inst": "būlum[livestock]N",
"sig": "@dcclt%akk-x-oldbab:bu-lu-um=būlu[animals//livestock]N'N$būlum",
"f": {"lang": "akk-x-oldbab",
"form": "bu-lu-um",
"cf": "būlu",
"gw": "animals",
"sense": "livestock",
"norm": "būlum",
"pos": "N",
"epos": "N"}
}
,
{
"node": "l",
"frag": "i-ku-lu",
"id": "P231774.l0fb4e",
"ref": "P231774.12.6",
"inst": "īkulu[eat]V",
"sig": "@dcclt%akk-x-oldbab:i-ku-lu=akālu[eat//eat]V'V$īkulu",
"f": {"lang": "akk-x-oldbab",
"form": "i-ku-lu",
"cf": "akālu",
"gw": "eat",
"sense": "eat",
"norm": "īkulu",
"pos": "V",
"epos": "V"}
}
,
{
"node": "d",
"type": "field-end",
"subtype": "eq"}
,
{
"node": "d",
"type": "cell-end"}
,
{
"node": "d",
"type": "line-start",
"ref": "P231774.13",
"n": "4",
"label": "r 4"}
,
{
"node": "d",
"type": "cell-start"}
,
{
"node": "d",
"type": "field-start",
"subtype": "wp"}
,
{
"node": "l",
"frag": "ki",
"id": "P231774.l0fb4f",
"ref": "P231774.13.1",
"inst": "ki[place]",
"sig": "@dcclt%sux:ki=ki[place//place]N'N$ki/ki#~",
"f": {"lang": "sux",
"form": "ki",
"cf": "ki",
"gw": "place",
"sense": "place",
"norm0": "ki",
"pos": "N",
"epos": "N",
"base": "ki",
"morph": "~"}
}
,
{
"node": "l",
"frag": "maš₂-<anše>",
"id": "P231774.l0fb50",
"ref": "P231774.13.2",
"inst": "mašanše[animals]",
"sig": "@dcclt%sux:maš₂-anše=mašanše[animals//animals, livestock]N'N$mašanše/maš₂-anše#~",
"f": {"lang": "sux",
"form": "maš₂-anše",
"cf": "mašanše",
"gw": "animals",
"sense": "animals, livestock",
"norm0": "mašanše",
"pos": "N",
"epos": "N",
"base": "maš₂-anše",
"morph": "~"}
}
,
{
"node": "l",
"frag": "naŋ-a",
"id": "P231774.l0fb51",
"ref": "P231774.13.3",
"inst": "naŋ[drink]",
"sig": "@dcclt%sux:naŋ-a=naŋ[drink//drink]V/t'V/t$naŋ;a/naŋ#~;a",
"f": {"lang": "sux",
"form": "naŋ-a",
"cf": "naŋ",
"gw": "drink",
"sense": "drink",
"norm0": "naŋ;a",
"pos": "V/t",
"epos": "V/t",
"base": "naŋ",
"morph": "~;a"}
}
,
{
"node": "d",
"type": "field-end",
"subtype": "wp"}
,
{
"node": "d",
"type": "cell-end"}
,
{
"node": "d",
"type": "cell-start"}
,
{
"node": "d",
"type": "field-start",
"subtype": "eq"}
,
{
"node": "l",
"frag": "a-šar",
"id": "P231774.l0fb52",
"ref": "P231774.13.4",
"inst": "ašar[where]SBJ",
"sig": "@dcclt%akk-x-oldbab:a-šar=ašar[where//where]SBJ'SBJ$ašar",
"f": {"lang": "akk-x-oldbab",
"form": "a-šar",
"cf": "ašar",
"gw": "where",
"sense": "where",
"norm": "ašar",
"pos": "SBJ",
"epos": "SBJ"}
}
,
{
"node": "l",
"frag": "bu-lu-um",
"id": "P231774.l0fb53",
"ref": "P231774.13.5",
"inst": "būlum[livestock]N",
"sig": "@dcclt%akk-x-oldbab:bu-lu-um=būlu[animals//livestock]N'N$būlum",
"f": {"lang": "akk-x-oldbab",
"form": "bu-lu-um",
"cf": "būlu",
"gw": "animals",
"sense": "livestock",
"norm": "būlum",
"pos": "N",
"epos": "N"}
}
,
{
"node": "l",
"frag": "iš-tu-u₂",
"id": "P231774.l0fb54",
"ref": "P231774.13.6",
"inst": "ištû[drink]V",
"sig": "@dcclt%akk-x-oldbab:iš-tu-u₂=šatû[drink//drink]V'V$ištû",
"f": {"lang": "akk-x-oldbab",
"form": "iš-tu-u₂",
"cf": "šatû",
"gw": "drink",
"sense": "drink",
"norm": "ištû",
"pos": "V",
"epos": "V"}
}
,
{
"node": "d",
"type": "field-end",
"subtype": "eq"}
,
{
"node": "d",
"type": "cell-end"}
,
{
"node": "d",
"type": "line-start",
"ref": "P231774.14",
"n": "5",
"label": "r 5"}
,
{
"node": "d",
"type": "cell-start"}
,
{
"node": "d",
"type": "field-start",
"subtype": "wp"}
,
{
"node": "l",
"frag": "lu₂",
"id": "P231774.l0fb55",
"ref": "P231774.14.1",
"inst": "lu[person]",
"sig": "@dcclt%sux:lu₂=lu[person//person]N'N$lu/lu₂#~",
"f": {"lang": "sux",
"form": "lu₂",
"cf": "lu",
"gw": "person",
"sense": "person",
"norm0": "lu",
"pos": "N",
"epos": "N",
"base": "lu₂",
"morph": "~"}
}
,
{
"node": "l",
"frag": "tug₂-tug₂",
"id": "P231774.l0fb56",
"ref": "P231774.14.2",
"inst": "tug[textile]",
"sig": "@dcclt%sux:tug₂-tug₂=tug[textile//textile]N'N$tug/tug₂-tug₂#~",
"f": {"lang": "sux",
"form": "tug₂-tug₂",
"cf": "tug",
"gw": "textile",
"sense": "textile",
"norm0": "tug",
"pos": "N",
"epos": "N",
"base": "tug₂-tug₂",
"morph": "~"}
}
,
{
"node": "l",
"frag": "bala",
"id": "P231774.l0fb57",
"ref": "P231774.14.3",
"inst": "bala[turn]",
"sig": "@dcclt%sux:bala=bala[turn//turn]V/t'V/t$bala/bala#~",
"f": {"lang": "sux",
"form": "bala",
"cf": "bala",
"gw": "turn",
"sense": "turn",
"norm0": "bala",
"pos": "V/t",
"epos": "V/t",
"base": "bala",
"morph": "~"}
}
,
{
"node": "d",
"type": "field-end",
"subtype": "wp"}
,
{
"node": "d",
"type": "cell-end"}
,
{
"node": "d",
"type": "cell-start"}
,
{
"node": "d",
"type": "field-start",
"subtype": "eq"}
,
{
"node": "l",
"frag": "ka-pi-šum",
"id": "P231774.l0fb58",
"ref": "P231774.14.4",
"inst": "kāpišum[(a cultic performer)]N",
"sig": "@dcclt%akk-x-oldbab:ka-pi-šum=kāpišu[(a cultic performer)//(a cultic performer)]N'N$kāpišum",
"f": {"lang": "akk-x-oldbab",
"form": "ka-pi-šum",
"cf": "kāpišu",
"gw": "(a cultic performer)",
"sense": "(a cultic performer)",
"norm": "kāpišum",
"pos": "N",
"epos": "N"}
}
,
{
"node": "d",
"type": "field-end",
"subtype": "eq"}
,
{
"node": "d",
"type": "cell-end"}
,
{
"node": "d",
"type": "line-start",
"ref": "P231774.15",
"n": "6",
"label": "r 6"}
,
{
"node": "d",
"type": "cell-start"}
,
{
"node": "d",
"type": "field-start",
"subtype": "wp"}
,
{
"node": "l",
"frag": "munus",
"id": "P231774.l0fb59",
"ref": "P231774.15.1",
"inst": "munus[woman]",
"sig": "@dcclt%sux:munus=munus[woman//woman]N'N$munus/munus#~",
"f": {"lang": "sux",
"form": "munus",
"cf": "munus",
"gw": "woman",
"sense": "woman",
"norm0": "munus",
"pos": "N",
"epos": "N",
"base": "munus",
"morph": "~"}
}
,
{
"node": "l",
"frag": "lu₂",
"id": "P231774.l0fb5a",
"ref": "P231774.15.2",
"inst": "lu[person]",
"sig": "@dcclt%sux:lu₂=lu[person//person]N'N$lu/lu₂#~",
"f": {"lang": "sux",
"form": "lu₂",
"cf": "lu",
"gw": "person",
"sense": "person",
"norm0": "lu",
"pos": "N",
"epos": "N",
"base": "lu₂",
"morph": "~"}
}
,
{
"node": "l",
"frag": "tug₂-tug₂",
"id": "P231774.l0fb5b",
"ref": "P231774.15.3",
"inst": "tug[textile]",
"sig": "@dcclt%sux:tug₂-tug₂=tug[textile//textile]N'N$tug/tug₂-tug₂#~",
"f": {"lang": "sux",
"form": "tug₂-tug₂",
"cf": "tug",
"gw": "textile",
"sense": "textile",
"norm0": "tug",
"pos": "N",
"epos": "N",
"base": "tug₂-tug₂",
"morph": "~"}
}
,
{
"node": "l",
"frag": "bala",
"id": "P231774.l0fb5c",
"ref": "P231774.15.4",
"inst": "bala[turn]",
"sig": "@dcclt%sux:bala=bala[turn//turn]V/t'V/t$bala/bala#~",
"f": {"lang": "sux",
"form": "bala",
"cf": "bala",
"gw": "turn",
"sense": "turn",
"norm0": "bala",
"pos": "V/t",
"epos": "V/t",
"base": "bala",
"morph": "~"}
}
,
{
"node": "d",
"type": "field-end",
"subtype": "wp"}
,
{
"node": "d",
"type": "cell-end"}
,
{
"node": "d",
"type": "cell-start"}
,
{
"node": "d",
"type": "field-start",
"subtype": "eq"}
,
{
"node": "l",
"frag": "ka-pi-iš-tum",
"id": "P231774.l0fb5d",
"ref": "P231774.15.5",
"inst": "kāpištum[(a cultic performer)]N",
"sig": "@dcclt%akk-x-oldbab:ka-pi-iš-tum=kāpišu[(a cultic performer)//(a cultic performer)]N'N$kāpištum",
"f": {"lang": "akk-x-oldbab",
"form": "ka-pi-iš-tum",
"cf": "kāpišu",
"gw": "(a cultic performer)",
"sense": "(a cultic performer)",
"norm": "kāpištum",
"pos": "N",
"epos": "N"}
}
,
{
"node": "d",
"type": "field-end",
"subtype": "eq"}
,
{
"node": "d",
"type": "cell-end"}
,
{
"node": "d",
"type": "line-start",
"ref": "P231774.16",
"n": "7",
"label": "r 7"}
,
{
"node": "d",
"type": "cell-start"}
,
{
"node": "d",
"type": "field-start",
"subtype": "wp"}
,
{
"node": "l",
"frag": "saŋ",
"id": "P231774.l0fb5e",
"ref": "P231774.16.1",
"inst": "saŋ[head]",
"sig": "@dcclt%sux:saŋ=saŋ[head//head]N'N$saŋ/saŋ#~",
"f": {"lang": "sux",
"form": "saŋ",
"cf": "saŋ",
"gw": "head",
"sense": "head",
"norm0": "saŋ",
"pos": "N",
"epos": "N",
"base": "saŋ",
"morph": "~"}
}
,
{
"node": "d",
"type": "field-end",
"subtype": "wp"}
,
{
"node": "d",
"type": "cell-end"}
,
{
"node": "d",
"type": "cell-start"}
,
{
"node": "d",
"type": "field-start",
"subtype": "eq"}
,
{
"node": "l",
"frag": "pu-tum",
"id": "P231774.l0fb5f",
"ref": "P231774.16.2",
"inst": "pūtum[width]N",
"sig": "@dcclt%akk-x-oldbab:pu-tum=pūtu[forehead//width]N'N$pūtum",
"f": {"lang": "akk-x-oldbab",
"form": "pu-tum",
"cf": "pūtu",
"gw": "forehead",
"sense": "width",
"norm": "pūtum",
"pos": "N",
"epos": "N"}
}
,
{
"node": "d",
"type": "field-end",
"subtype": "eq"}
,
{
"node": "d",
"type": "cell-end"}
,
{
"node": "d",
"type": "line-start",
"ref": "P231774.17",
"n": "8",
"label": "r 8"}
,
{
"node": "d",
"type": "cell-start"}
,
{
"node": "d",
"type": "field-start",
"subtype": "wp"}
,
{
"node": "l",
"frag": "us₂",
"id": "P231774.l0fb60",
"ref": "P231774.17.1",
"inst": "us[side]",
"sig": "@dcclt%sux:us₂=us[side//side, edge]N'N$us/us₂#~",
"f": {"lang": "sux",
"form": "us₂",
"cf": "us",
"gw": "side",
"sense": "side, edge",
"norm0": "us",
"pos": "N",
"epos": "N",
"base": "us₂",
"morph": "~"}
}
,
{
"node": "d",
"type": "field-end",
"subtype": "wp"}
,
{
"node": "d",
"type": "cell-end"}
,
{
"node": "d",
"type": "cell-start"}
,
{
"node": "d",
"type": "field-start",
"subtype": "eq"}
,
{
"node": "l",
"frag": "ši-du-um",
"id": "P231774.l0fb61",
"ref": "P231774.17.2",
"inst": "šiddum[length]N",
"sig": "@dcclt%akk-x-oldbab:ši-du-um=šiddu[length//length]N'N$šiddum",
"f": {"lang": "akk-x-oldbab",
"form": "ši-du-um",
"cf": "šiddu",
"gw": "length",
"sense": "length",
"norm": "šiddum",
"pos": "N",
"epos": "N"}
}
,
{
"node": "d",
"type": "field-end",
"subtype": "eq"}
,
{
"node": "d",
"type": "cell-end"}
,
{
"node": "d",
"type": "line-start",
"ref": "P231774.18",
"n": "9",
"label": "r 9"}
,
{
"node": "d",
"type": "cell-start"}
,
{
"node": "d",
"type": "field-start",
"subtype": "wp"}
,
{
"node": "l",
"frag": "⸢lib₄-lib₄⸣",
"id": "P231774.l0fb62",
"ref": "P231774.18.1",
"inst": "liblib[plunderer]",
"sig": "@dcclt%sux:lib₄-lib₄=liblib[plunderer//plunderer]N'N$liblib/lib₄-lib₄#~",
"f": {"lang": "sux",
"form": "lib₄-lib₄",
"cf": "liblib",
"gw": "plunderer",
"sense": "plunderer",
"norm0": "liblib",
"pos": "N",
"epos": "N",
"base": "lib₄-lib₄",
"morph": "~"}
}
,
{
"node": "d",
"type": "field-end",
"subtype": "wp"}
,
{
"node": "d",
"type": "cell-end"}
,
{
"node": "d",
"type": "cell-start"}
,
{
"node": "d",
"type": "field-start",
"subtype": "eq"}
,
{
"node": "l",
"frag": "⸢ša-ra-qum⸣",
"id": "P231774.l0fb63",
"ref": "P231774.18.2",
"inst": "šarrāqum[thief]N",
"sig": "@dcclt%akk-x-oldbab:ša-ra-qum=šarrāqu[thief//thief]N'N$šarrāqum",
"f": {"lang": "akk-x-oldbab",
"form": "ša-ra-qum",
"cf": "šarrāqu",
"gw": "thief",
"sense": "thief",
"norm": "šarrāqum",
"pos": "N",
"epos": "N"}
}
,
{
"node": "d",
"type": "field-end",
"subtype": "eq"}
,
{
"node": "d",
"type": "cell-end"}
]}
]}
]}
]}
