{
"type": "cdl",
  "source": "http://oracc.org/dcclt",
  "license": "This data is released under the CC0 license",
  "license-url": "https://creativecommons.org/publicdomain/zero/1.0/",
  "more-info": "http://oracc.org/doc/opendata/",
  "UTC-timestamp": "2017-05-19T18:24:52",
"project": "dcclt",
"textid": "P231453",
"cdl": [
{
"node": "c",
"type": "text",
"id": "P231453.U0",
"cdl": [
{
"node": "d",
"subtype": "tablet",
"type": "object",
"ref": "P231453.x1152.1",
"type": "tablet",
"label": "x1152"}
,
{
"node": "d",
"subtype": "obverse",
"type": "surface",
"ref": "P231453.o.2",
"type": "obverse",
"label": "o"}
,
{
"node": "d",
"subtype": "column 1o",
"type": "column",
"ref": "P231453.o.i.3",
"n": "1",
"label": "o i"}
,
{
"node": "c",
"type": "discourse",
"subtype": "body",
"id": "P231453.U1",
"cdl": [
{
"node": "c",
"type": "sentence",
"id": "P231453.U2",
"label": "o i 1' - r 4",
"cdl": [
{
"node": "d",
"type": "line-start",
"ref": "P231453.4",
"n": "1'",
"label": "o i 1'"}
,
{
"node": "l",
"frag": "tu₇",
"id": "P231453.l271b8",
"ref": "P231453.4.1",
"inst": "tu[soup]",
"sig": "@dcclt%sux:tu₇=tu[soup//soup, broth]N'N$tu/tu₇#~",
"f": {"lang": "sux",
"form": "tu₇",
"cf": "tu",
"gw": "soup",
"sense": "soup, broth",
"norm0": "tu",
"pos": "N",
"epos": "N",
"base": "tu₇",
"morph": "~"}
}
,
{
"node": "l",
"frag": "[...]",
"id": "P231453.l271b9",
"ref": "P231453.4.2",
"inst": "u",
"f": {"lang": "sux",
"form": "x",
"pos": "u"}
}
,
{
"node": "d",
"type": "line-start",
"ref": "P231453.5",
"n": "2'",
"label": "o i 2'"}
,
{
"node": "l",
"frag": "tu₇",
"id": "P231453.l271ba",
"ref": "P231453.5.1",
"inst": "tu[soup]",
"sig": "@dcclt%sux:tu₇=tu[soup//soup, broth]N'N$tu/tu₇#~",
"f": {"lang": "sux",
"form": "tu₇",
"cf": "tu",
"gw": "soup",
"sense": "soup, broth",
"norm0": "tu",
"pos": "N",
"epos": "N",
"base": "tu₇",
"morph": "~"}
}
,
{
"node": "l",
"frag": "[...]",
"id": "P231453.l271bb",
"ref": "P231453.5.2",
"inst": "u",
"f": {"lang": "sux",
"form": "x",
"pos": "u"}
}
,
{
"node": "d",
"type": "line-start",
"ref": "P231453.6",
"n": "3'",
"label": "o i 3'"}
,
{
"node": "l",
"frag": "tu₇",
"id": "P231453.l271bc",
"ref": "P231453.6.1",
"inst": "tu[soup]",
"sig": "@dcclt%sux:tu₇=tu[soup//soup, broth]N'N$tu/tu₇#~",
"f": {"lang": "sux",
"form": "tu₇",
"cf": "tu",
"gw": "soup",
"sense": "soup, broth",
"norm0": "tu",
"pos": "N",
"epos": "N",
"base": "tu₇",
"morph": "~"}
}
,
{
"node": "l",
"frag": "[...]",
"id": "P231453.l271bd",
"ref": "P231453.6.2",
"inst": "u",
"f": {"lang": "sux",
"form": "x",
"pos": "u"}
}
,
{
"node": "d",
"type": "line-start",
"ref": "P231453.7",
"n": "4'",
"label": "o i 4'"}
,
{
"node": "l",
"frag": "{kaš}⸢dida⸣",
"id": "P231453.l271be",
"ref": "P231453.7.1",
"inst": "dida[wort]",
"sig": "@dcclt%sux:{kaš}dida=dida[wort//sweet wort, an ingredient for beer making]N'N$dida/{kaš}dida#~",
"f": {"lang": "sux",
"form": "{kaš}dida",
"cf": "dida",
"gw": "wort",
"sense": "sweet wort, an ingredient for beer making",
"norm0": "dida",
"pos": "N",
"epos": "N",
"base": "{kaš}dida",
"morph": "~"}
}
,
{
"node": "d",
"type": "line-start",
"ref": "P231453.8",
"n": "5'",
"label": "o i 5'"}
,
{
"node": "l",
"frag": "{kaš}dida",
"id": "P231453.l271bf",
"ref": "P231453.8.1",
"inst": "dida[wort]",
"sig": "@dcclt%sux:{kaš}dida=dida[wort//sweet wort, an ingredient for beer making]N'N$dida/{kaš}dida#~",
"f": {"lang": "sux",
"form": "{kaš}dida",
"cf": "dida",
"gw": "wort",
"sense": "sweet wort, an ingredient for beer making",
"norm0": "dida",
"pos": "N",
"epos": "N",
"base": "{kaš}dida",
"morph": "~"}
}
,
{
"node": "l",
"frag": "[...]",
"id": "P231453.l271c0",
"ref": "P231453.8.2",
"inst": "u",
"f": {"lang": "sux",
"form": "x",
"pos": "u"}
}
,
{
"node": "d",
"type": "line-start",
"ref": "P231453.9",
"n": "6'",
"label": "o i 6'"}
,
{
"node": "l",
"frag": "{kaš}⸢dida⸣",
"id": "P231453.l271c1",
"ref": "P231453.9.1",
"inst": "dida[wort]",
"sig": "@dcclt%sux:{kaš}dida=dida[wort//sweet wort, an ingredient for beer making]N'N$dida/{kaš}dida#~",
"f": {"lang": "sux",
"form": "{kaš}dida",
"cf": "dida",
"gw": "wort",
"sense": "sweet wort, an ingredient for beer making",
"norm0": "dida",
"pos": "N",
"epos": "N",
"base": "{kaš}dida",
"morph": "~"}
}
,
{
"node": "l",
"frag": "[...]",
"id": "P231453.l271c2",
"ref": "P231453.9.2",
"inst": "u",
"f": {"lang": "sux",
"form": "x",
"pos": "u"}
}
,
{
"node": "d",
"subtype": "reverse",
"type": "surface",
"ref": "P231453.r.10",
"type": "reverse",
"label": "r"}
,
{
"node": "d",
"type": "line-start",
"ref": "P231453.11",
"n": "1",
"label": "r 1"}
,
{
"node": "l",
"frag": "{kaš}dida",
"id": "P231453.l271c3",
"ref": "P231453.11.1",
"inst": "dida[wort]",
"sig": "@dcclt%sux:{kaš}dida=dida[wort//sweet wort, an ingredient for beer making]N'N$dida/{kaš}dida#~",
"f": {"lang": "sux",
"form": "{kaš}dida",
"cf": "dida",
"gw": "wort",
"sense": "sweet wort, an ingredient for beer making",
"norm0": "dida",
"pos": "N",
"epos": "N",
"base": "{kaš}dida",
"morph": "~"}
}
,
{
"node": "l",
"frag": "[...]",
"id": "P231453.l271c4",
"ref": "P231453.11.2",
"inst": "u",
"f": {"lang": "sux",
"form": "x",
"pos": "u"}
}
,
{
"node": "d",
"type": "line-start",
"ref": "P231453.12",
"n": "2",
"label": "r 2"}
,
{
"node": "l",
"frag": "{kaš}dida",
"id": "P231453.l271c5",
"ref": "P231453.12.1",
"inst": "dida[wort]",
"sig": "@dcclt%sux:{kaš}dida=dida[wort//sweet wort, an ingredient for beer making]N'N$dida/{kaš}dida#~",
"f": {"lang": "sux",
"form": "{kaš}dida",
"cf": "dida",
"gw": "wort",
"sense": "sweet wort, an ingredient for beer making",
"norm0": "dida",
"pos": "N",
"epos": "N",
"base": "{kaš}dida",
"morph": "~"}
}
,
{
"node": "l",
"frag": "[...]",
"id": "P231453.l271c6",
"ref": "P231453.12.2",
"inst": "u",
"f": {"lang": "sux",
"form": "x",
"pos": "u"}
}
,
{
"node": "d",
"type": "line-start",
"ref": "P231453.13",
"n": "3",
"label": "r 3"}
,
{
"node": "l",
"frag": "{kaš}dida",
"id": "P231453.l271c7",
"ref": "P231453.13.1",
"inst": "dida[wort]",
"sig": "@dcclt%sux:{kaš}dida=dida[wort//sweet wort, an ingredient for beer making]N'N$dida/{kaš}dida#~",
"f": {"lang": "sux",
"form": "{kaš}dida",
"cf": "dida",
"gw": "wort",
"sense": "sweet wort, an ingredient for beer making",
"norm0": "dida",
"pos": "N",
"epos": "N",
"base": "{kaš}dida",
"morph": "~"}
}
,
{
"node": "l",
"frag": "[...]",
"id": "P231453.l271c8",
"ref": "P231453.13.2",
"inst": "u",
"f": {"lang": "sux",
"form": "x",
"pos": "u"}
}
,
{
"node": "d",
"type": "line-start",
"ref": "P231453.14",
"n": "4",
"label": "r 4"}
,
{
"node": "l",
"frag": "{kaš}dida",
"id": "P231453.l271c9",
"ref": "P231453.14.1",
"inst": "dida[wort]",
"sig": "@dcclt%sux:{kaš}dida=dida[wort//sweet wort, an ingredient for beer making]N'N$dida/{kaš}dida#~",
"f": {"lang": "sux",
"form": "{kaš}dida",
"cf": "dida",
"gw": "wort",
"sense": "sweet wort, an ingredient for beer making",
"norm0": "dida",
"pos": "N",
"epos": "N",
"base": "{kaš}dida",
"morph": "~"}
}
,
{
"node": "l",
"frag": "[...]",
"id": "P231453.l271ca",
"ref": "P231453.14.2",
"inst": "u",
"f": {"lang": "sux",
"form": "x",
"pos": "u"}
}
,
{
"node": "d",
"type": "nonx",
"ref": "P231453.15",
"strict": "1",
"extent": "2",
"scope": "line",
"state": "ruling"}
]}
]}
]}
]}
