{
"type": "cdl",
  "source": "http://oracc.org/dcclt",
  "license": "This data is released under the CC0 license",
  "license-url": "https://creativecommons.org/publicdomain/zero/1.0/",
  "more-info": "http://oracc.org/doc/opendata/",
  "UTC-timestamp": "2017-05-19T18:24:53",
"project": "dcclt",
"textid": "P231742",
"cdl": [
{
"node": "c",
"type": "text",
"id": "P231742.U0",
"cdl": [
{
"node": "d",
"subtype": "tablet",
"type": "object",
"ref": "P231742.x1117.1",
"type": "tablet",
"label": "x1117"}
,
{
"node": "d",
"subtype": "obverse",
"type": "surface",
"ref": "P231742.o.2",
"type": "obverse",
"label": "o"}
,
{
"node": "d",
"subtype": "column 1o",
"type": "column",
"ref": "P231742.o.i.3",
"n": "1",
"label": "o i"}
,
{
"node": "c",
"type": "discourse",
"subtype": "body",
"id": "P231742.U1",
"cdl": [
{
"node": "c",
"type": "sentence",
"id": "P231742.U2",
"label": "o i 1' - o ii 7'",
"cdl": [
{
"node": "d",
"type": "line-start",
"ref": "P231742.4",
"n": "1'",
"label": "o i 1'"}
,
{
"node": "l",
"frag": "[...]-⸢da⸣",
"id": "P231742.l269b8",
"ref": "P231742.4.1",
"inst": "u",
"f": {"lang": "sux",
"form": "x-da",
"pos": "u"}
}
,
{
"node": "d",
"type": "line-start",
"ref": "P231742.5",
"n": "2'",
"label": "o i 2'"}
,
{
"node": "l",
"frag": "[bappir₂]",
"id": "P231742.l269b9",
"ref": "P231742.5.1",
"inst": "bappir[~beer]",
"sig": "@dcclt%sux:bappir₂=bappir[~beer//an ingredient in beer-making]N'N$bappir/bappir₂#~",
"f": {"lang": "sux",
"form": "bappir₂",
"cf": "bappir",
"gw": "~beer",
"sense": "an ingredient in beer-making",
"norm0": "bappir",
"pos": "N",
"epos": "N",
"base": "bappir₂",
"morph": "~"}
}
,
{
"node": "l",
"frag": "sumun₂",
"id": "P231742.l269ba",
"ref": "P231742.5.2",
"inst": "sumun[beer mash]N",
"sig": "@dcclt%sux:sumun₂=sumun[vessel//beer mash]N'N$sumun/sumun₂#~",
"f": {"lang": "sux",
"form": "sumun₂",
"cf": "sumun",
"gw": "vessel",
"sense": "beer mash",
"norm0": "sumun",
"pos": "N",
"epos": "N",
"base": "sumun₂",
"morph": "~"}
}
,
{
"node": "d",
"type": "line-start",
"ref": "P231742.6",
"n": "3'",
"label": "o i 3'"}
,
{
"node": "l",
"frag": "[sumun₂",
"id": "P231742.l269bb",
"ref": "P231742.6.1",
"inst": "sumun[beer mash]N",
"sig": "@dcclt%sux:sumun₂=sumun[vessel//beer mash]N'N$sumun/sumun₂#~",
"f": {"lang": "sux",
"form": "sumun₂",
"cf": "sumun",
"gw": "vessel",
"sense": "beer mash",
"norm0": "sumun",
"pos": "N",
"epos": "N",
"base": "sumun₂",
"morph": "~"}
}
,
{
"node": "c",
"type": "phrase",
"tag": "phr",
"id": "P231742.U4",
"ref": "P231742.ls00000",
"cdl": [
{
"node": "l",
"frag": "a",
"id": "P231742.l269bc",
"ref": "P231742.6.2",
"inst": "a[water]",
"sig": "@dcclt%sux:a=a[water//water]N'N$a/a#~",
"f": {"lang": "sux",
"form": "a",
"cf": "a",
"gw": "water",
"sense": "water",
"norm0": "a",
"pos": "N",
"epos": "N",
"base": "a",
"morph": "~"}
}
,
{
"node": "l",
"frag": "ŋar]-ra",
"id": "P231742.l269bd",
"ref": "P231742.6.3",
"inst": "ŋar[place\\t]",
"sig": "@dcclt%sux:ŋar-ra=ŋar[place//place]V/t'V/t$ŋar;a/ŋar+-ra=r.a#~;a",
"f": {"lang": "sux",
"form": "ŋar-ra",
"cf": "ŋar",
"gw": "place",
"sense": "place",
"norm0": "ŋar;a",
"pos": "V/t",
"epos": "V/t",
"base": "ŋar",
"cont": "-ra=r.a",
"morph": "~;a"}
}
]}
,
{
"node": "d",
"type": "line-start",
"ref": "P231742.7",
"n": "4'",
"label": "o i 4'"}
,
{
"node": "l",
"frag": "[sumun₂",
"id": "P231742.l269be",
"ref": "P231742.7.1",
"inst": "sumun[beer mash]N",
"sig": "@dcclt%sux:sumun₂=sumun[vessel//beer mash]N'N$sumun/sumun₂#~",
"f": {"lang": "sux",
"form": "sumun₂",
"cf": "sumun",
"gw": "vessel",
"sense": "beer mash",
"norm0": "sumun",
"pos": "N",
"epos": "N",
"base": "sumun₂",
"morph": "~"}
}
,
{
"node": "l",
"frag": "a",
"id": "P231742.l269bf",
"ref": "P231742.7.2",
"inst": "a[water]",
"sig": "@dcclt%sux:a=a[water//water]N'N$a/a#~",
"f": {"lang": "sux",
"form": "a",
"cf": "a",
"gw": "water",
"sense": "water",
"norm0": "a",
"pos": "N",
"epos": "N",
"base": "a",
"morph": "~"}
}
,
{
"node": "l",
"frag": "sig₁₀]-ga",
"id": "P231742.l269c0",
"ref": "P231742.7.3",
"inst": "sig[put]",
"sig": "@dcclt%sux:sig₁₀-ga=sig[put//put]V/t'V/t$sig;a/sig₁₀+-ga=g.a#~;a",
"f": {"lang": "sux",
"form": "sig₁₀-ga",
"cf": "sig",
"gw": "put",
"sense": "put",
"norm0": "sig;a",
"pos": "V/t",
"epos": "V/t",
"base": "sig₁₀",
"cont": "-ga=g.a",
"morph": "~;a"}
}
,
{
"node": "d",
"type": "line-start",
"ref": "P231742.8",
"n": "5'",
"label": "o i 5'"}
,
{
"node": "l",
"frag": "[sumun₂",
"id": "P231742.l269c1",
"ref": "P231742.8.1",
"inst": "sumun[beer mash]N",
"sig": "@dcclt%sux:sumun₂=sumun[vessel//beer mash]N'N$sumun/sumun₂#~",
"f": {"lang": "sux",
"form": "sumun₂",
"cf": "sumun",
"gw": "vessel",
"sense": "beer mash",
"norm0": "sumun",
"pos": "N",
"epos": "N",
"base": "sumun₂",
"morph": "~"}
}
,
{
"node": "l",
"frag": "sur]-ra",
"id": "P231742.l269c2",
"ref": "P231742.8.2",
"inst": "sur[press]",
"sig": "@dcclt%sux:sur-ra=sur[press//press]V/t'V/t$sur;a/sur+-ra=r.a#~;a",
"f": {"lang": "sux",
"form": "sur-ra",
"cf": "sur",
"gw": "press",
"sense": "press",
"norm0": "sur;a",
"pos": "V/t",
"epos": "V/t",
"base": "sur",
"cont": "-ra=r.a",
"morph": "~;a"}
}
,
{
"node": "d",
"type": "line-start",
"ref": "P231742.9",
"n": "6'",
"label": "o i 6'"}
,
{
"node": "l",
"frag": "titab₂",
"id": "P231742.l269c3",
"ref": "P231742.9.1",
"inst": "titab[~beer]",
"sig": "@dcclt%sux:titab₂=titab[~beer//an ingredient in beer-making]N'N$titab/titab₂#~",
"f": {"lang": "sux",
"form": "titab₂",
"cf": "titab",
"gw": "~beer",
"sense": "an ingredient in beer-making",
"norm0": "titab",
"pos": "N",
"epos": "N",
"base": "titab₂",
"morph": "~"}
}
,
{
"node": "d",
"subtype": "column 2o",
"type": "column",
"ref": "P231742.o.ii.10",
"n": "2",
"label": "o ii"}
,
{
"node": "d",
"type": "line-start",
"ref": "P231742.11",
"n": "1'",
"label": "o ii 1'"}
,
{
"node": "l",
"frag": "⸢kaš⸣",
"id": "P231742.l269c4",
"ref": "P231742.11.1",
"inst": "kaš[beer]",
"sig": "@dcclt%sux:kaš=kaš[beer//beer]N'N$kaš/kaš#~",
"f": {"lang": "sux",
"form": "kaš",
"cf": "kaš",
"gw": "beer",
"sense": "beer",
"norm0": "kaš",
"pos": "N",
"epos": "N",
"base": "kaš",
"morph": "~"}
}
,
{
"node": "l",
"frag": "[...]",
"id": "P231742.l269c5",
"ref": "P231742.11.2",
"inst": "u",
"f": {"lang": "sux",
"form": "x",
"pos": "u"}
}
,
{
"node": "d",
"type": "line-start",
"ref": "P231742.12",
"n": "2'",
"label": "o ii 2'"}
,
{
"node": "l",
"frag": "kaš",
"id": "P231742.l269c6",
"ref": "P231742.12.1",
"inst": "kaš[beer]",
"sig": "@dcclt%sux:kaš=kaš[beer//beer]N'N$kaš/kaš#~",
"f": {"lang": "sux",
"form": "kaš",
"cf": "kaš",
"gw": "beer",
"sense": "beer",
"norm0": "kaš",
"pos": "N",
"epos": "N",
"base": "kaš",
"morph": "~"}
}
,
{
"node": "l",
"frag": "x",
"id": "P231742.l269c7",
"ref": "P231742.12.2",
"inst": "u",
"f": {"lang": "sux",
"form": "x",
"pos": "u"}
}
,
{
"node": "l",
"frag": "x",
"id": "P231742.l269c8",
"ref": "P231742.12.3",
"inst": "u",
"f": {"lang": "sux",
"form": "x",
"pos": "u"}
}
,
{
"node": "l",
"frag": "[...]",
"id": "P231742.l269c9",
"ref": "P231742.12.4",
"inst": "u",
"f": {"lang": "sux",
"form": "x",
"pos": "u"}
}
,
{
"node": "d",
"type": "line-start",
"ref": "P231742.13",
"n": "3'",
"label": "o ii 3'"}
,
{
"node": "l",
"frag": "kaš",
"id": "P231742.l269ca",
"ref": "P231742.13.1",
"inst": "kaš[beer]",
"sig": "@dcclt%sux:kaš=kaš[beer//beer]N'N$kaš/kaš#~",
"f": {"lang": "sux",
"form": "kaš",
"cf": "kaš",
"gw": "beer",
"sense": "beer",
"norm0": "kaš",
"pos": "N",
"epos": "N",
"base": "kaš",
"morph": "~"}
}
,
{
"node": "l",
"frag": "ud",
"id": "P231742.l269cb",
"ref": "P231742.13.2",
"inst": "ud[sun]",
"sig": "@dcclt%sux:ud=ud[sun//sun]N'N$ud/ud#~",
"f": {"lang": "sux",
"form": "ud",
"cf": "ud",
"gw": "sun",
"sense": "sun",
"norm0": "ud",
"pos": "N",
"epos": "N",
"base": "ud",
"morph": "~"}
}
,
{
"node": "l",
"frag": "⸢tab⸣-[ba]",
"id": "P231742.l269cc",
"ref": "P231742.13.3",
"inst": "tab[double]",
"sig": "@dcclt%sux:tab-ba=tab[double//double]V/t'V/t$tab;a/tab+-ba=b.a#~;a",
"f": {"lang": "sux",
"form": "tab-ba",
"cf": "tab",
"gw": "double",
"sense": "double",
"norm0": "tab;a",
"pos": "V/t",
"epos": "V/t",
"base": "tab",
"cont": "-ba=b.a",
"morph": "~;a"}
}
,
{
"node": "d",
"type": "line-start",
"ref": "P231742.14",
"n": "4'",
"label": "o ii 4'"}
,
{
"node": "l",
"frag": "kaš",
"id": "P231742.l269cd",
"ref": "P231742.14.1",
"inst": "kaš[beer]",
"sig": "@dcclt%sux:kaš=kaš[beer//beer]N'N$kaš/kaš#~",
"f": {"lang": "sux",
"form": "kaš",
"cf": "kaš",
"gw": "beer",
"sense": "beer",
"norm0": "kaš",
"pos": "N",
"epos": "N",
"base": "kaš",
"morph": "~"}
}
,
{
"node": "l",
"frag": "ud",
"id": "P231742.l269ce",
"ref": "P231742.14.2",
"inst": "ud[sun]",
"sig": "@dcclt%sux:ud=ud[sun//sun]N'N$ud/ud#~",
"f": {"lang": "sux",
"form": "ud",
"cf": "ud",
"gw": "sun",
"sense": "sun",
"norm0": "ud",
"pos": "N",
"epos": "N",
"base": "ud",
"morph": "~"}
}
,
{
"node": "l",
"frag": "sal-la",
"id": "P231742.l269cf",
"ref": "P231742.14.3",
"inst": "sal[thin]",
"sig": "@dcclt%sux:sal-la=sal[thin//thin]V/i'V/i$sal;a/sal+-la=l.a#~;a",
"f": {"lang": "sux",
"form": "sal-la",
"cf": "sal",
"gw": "thin",
"sense": "thin",
"norm0": "sal;a",
"pos": "V/i",
"epos": "V/i",
"base": "sal",
"cont": "-la=l.a",
"morph": "~;a"}
}
,
{
"node": "d",
"type": "line-start",
"ref": "P231742.15",
"n": "5'",
"label": "o ii 5'"}
,
{
"node": "l",
"frag": "kaš",
"id": "P231742.l269d0",
"ref": "P231742.15.1",
"inst": "kaš[beer]",
"sig": "@dcclt%sux:kaš=kaš[beer//beer]N'N$kaš/kaš#~",
"f": {"lang": "sux",
"form": "kaš",
"cf": "kaš",
"gw": "beer",
"sense": "beer",
"norm0": "kaš",
"pos": "N",
"epos": "N",
"base": "kaš",
"morph": "~"}
}
,
{
"node": "l",
"frag": "⸢saŋ⸣",
"id": "P231742.l269d1",
"ref": "P231742.15.2",
"inst": "saŋ[head]",
"sig": "@dcclt%sux:saŋ=saŋ[head//head]N'N$saŋ/saŋ#~",
"f": {"lang": "sux",
"form": "saŋ",
"cf": "saŋ",
"gw": "head",
"sense": "head",
"norm0": "saŋ",
"pos": "N",
"epos": "N",
"base": "saŋ",
"morph": "~"}
}
,
{
"node": "d",
"type": "line-start",
"ref": "P231742.16",
"n": "6'",
"label": "o ii 6'"}
,
{
"node": "l",
"frag": "kaš",
"id": "P231742.l269d2",
"ref": "P231742.16.1",
"inst": "kaš[beer]",
"sig": "@dcclt%sux:kaš=kaš[beer//beer]N'N$kaš/kaš#~",
"f": {"lang": "sux",
"form": "kaš",
"cf": "kaš",
"gw": "beer",
"sense": "beer",
"norm0": "kaš",
"pos": "N",
"epos": "N",
"base": "kaš",
"morph": "~"}
}
,
{
"node": "c",
"type": "phrase",
"tag": "phr",
"id": "P231742.U5",
"ref": "P231742.ls00001",
"cdl": [
{
"node": "l",
"frag": "saŋ",
"id": "P231742.l269d3",
"ref": "P231742.16.2",
"inst": "saŋ[head]",
"sig": "@dcclt%sux:saŋ=saŋ[head//head]N'N$saŋ/saŋ#~",
"f": {"lang": "sux",
"form": "saŋ",
"cf": "saŋ",
"gw": "head",
"sense": "head",
"norm0": "saŋ",
"pos": "N",
"epos": "N",
"base": "saŋ",
"morph": "~"}
}
,
{
"node": "l",
"frag": "ŋal₂-la",
"id": "P231742.l269d4",
"ref": "P231742.16.3",
"inst": "ŋal[to have]",
"sig": "@dcclt%sux:ŋal₂-la=ŋal[be//to have]V/i'V/i$ŋal;a/ŋal₂+-la=l.a#~;a",
"f": {"lang": "sux",
"form": "ŋal₂-la",
"cf": "ŋal",
"gw": "be",
"sense": "to have",
"norm0": "ŋal;a",
"pos": "V/i",
"epos": "V/i",
"base": "ŋal₂",
"cont": "-la=l.a",
"morph": "~;a"}
}
]}
,
{
"node": "d",
"type": "line-start",
"ref": "P231742.17",
"n": "7'",
"label": "o ii 7'"}
,
{
"node": "l",
"frag": "kaš",
"id": "P231742.l269d5",
"ref": "P231742.17.1",
"inst": "kaš[beer]",
"sig": "@dcclt%sux:kaš=kaš[beer//beer]N'N$kaš/kaš#~",
"f": {"lang": "sux",
"form": "kaš",
"cf": "kaš",
"gw": "beer",
"sense": "beer",
"norm0": "kaš",
"pos": "N",
"epos": "N",
"base": "kaš",
"morph": "~"}
}
,
{
"node": "l",
"frag": "x",
"id": "P231742.l269d6",
"ref": "P231742.17.2",
"inst": "u",
"f": {"lang": "sux",
"form": "x",
"pos": "u"}
}
,
{
"node": "l",
"frag": "x",
"id": "P231742.l269d7",
"ref": "P231742.17.3",
"inst": "u",
"f": {"lang": "sux",
"form": "x",
"pos": "u"}
}
,
{
"node": "l",
"frag": "x",
"id": "P231742.l269d8",
"ref": "P231742.17.4",
"inst": "u",
"f": {"lang": "sux",
"form": "x",
"pos": "u"}
}
]}
]}
]}
,
{
"linkbase": [{
"type": "linkset",
"xlink_title": "a ŋar[irrigate//to irrigate]V/t'V/t",
"id": "P231742.ls00000",
"xlink_type": "extended",
"xlink_role": "psu",
"sig": "{a ŋar-ra = a[water]N ŋar[place]V/t += a ŋar[irrigate//to irrigate]V/t'V/t}::@dcclt%sux:a=a[water//water]N'N$a/a#~++@dcclt%sux:ŋar-ra=ŋar[place//place]V/t'V/t$ŋar;a/ŋar+-ra=r.a#~;a",
"links": [
{
"type": "link",
"xlink_title": "a",
"xlink_type": "locator",
"xlink_href": "#P231742.l269bc",
"xlink_role": "elt"}
,
{
"type": "link",
"xlink_title": "ŋar",
"xlink_type": "locator",
"xlink_href": "#P231742.l269bd",
"xlink_role": "elt"}
]}
,
{
"type": "linkset",
"xlink_title": "saŋ ŋal[advance//to advance against, to oppose, to attack]V/t'V/t",
"id": "P231742.ls00001",
"xlink_type": "extended",
"xlink_role": "psu",
"sig": "{saŋ ŋal₂-la = saŋ[head]N ŋal[be]V/i += saŋ ŋal[advance//to advance against, to oppose, to attack]V/t'V/t}::@dcclt%sux:saŋ=saŋ[head//head]N'N$saŋ/saŋ#~++@dcclt%sux:ŋal₂-la=ŋal[be//be]V/i'V/i$ŋal;a/ŋal₂+-la=l.a#~;a",
"links": [
{
"type": "link",
"xlink_title": "saŋ",
"xlink_type": "locator",
"xlink_href": "#P231742.l269d3",
"xlink_role": "elt"}
,
{
"type": "link",
"xlink_title": "ŋal",
"xlink_type": "locator",
"xlink_href": "#P231742.l269d4",
"xlink_role": "elt"}
]}
]}
]}
