{
"type": "cdl",
  "source": "http://oracc.org/dcclt",
  "license": "This data is released under the CC0 license",
  "license-url": "https://creativecommons.org/publicdomain/zero/1.0/",
  "more-info": "http://oracc.org/doc/opendata/",
  "UTC-timestamp": "2017-05-19T18:24:52",
"project": "dcclt",
"textid": "P231095",
"cdl": [
{
"node": "c",
"type": "text",
"id": "P231095.U0",
"cdl": [
{
"node": "d",
"subtype": "tablet",
"type": "object",
"ref": "P231095.x1116.1",
"type": "tablet",
"label": "x1116"}
,
{
"node": "d",
"subtype": "reverse",
"type": "surface",
"ref": "P231095.r.2",
"type": "reverse",
"label": "r"}
,
{
"node": "d",
"subtype": "column 1r",
"type": "column",
"ref": "P231095.r.i.3",
"n": "1",
"label": "r i"}
,
{
"node": "c",
"type": "discourse",
"subtype": "body",
"id": "P231095.U1",
"cdl": [
{
"node": "c",
"type": "sentence",
"id": "P231095.U2",
"label": "r i 1 - r ii 5",
"cdl": [
{
"node": "d",
"type": "line-start",
"ref": "P231095.4",
"n": "1",
"label": "r i 1"}
,
{
"node": "l",
"frag": "a",
"id": "P231095.l269a1",
"ref": "P231095.4.1",
"inst": "a[water]",
"sig": "@dcclt%sux:a=a[water//water]N'N$a/a#~",
"f": {"lang": "sux",
"form": "a",
"cf": "a",
"gw": "water",
"sense": "water",
"norm0": "a",
"pos": "N",
"epos": "N",
"base": "a",
"morph": "~"}
}
,
{
"node": "d",
"type": "line-start",
"ref": "P231095.5",
"n": "2",
"label": "r i 2"}
,
{
"node": "l",
"frag": "ninda",
"id": "P231095.l269a2",
"ref": "P231095.5.1",
"inst": "ninda[bread]",
"sig": "@dcclt%sux:ninda=ninda[bread//bread]N'N$ninda/ninda#~",
"f": {"lang": "sux",
"form": "ninda",
"cf": "ninda",
"gw": "bread",
"sense": "bread",
"norm0": "ninda",
"pos": "N",
"epos": "N",
"base": "ninda",
"morph": "~"}
}
,
{
"node": "d",
"type": "line-start",
"ref": "P231095.6",
"n": "3",
"label": "r i 3"}
,
{
"node": "l",
"frag": "kaš",
"id": "P231095.l269a3",
"ref": "P231095.6.1",
"inst": "kaš[beer]",
"sig": "@dcclt%sux:kaš=kaš[beer//beer]N'N$kaš/kaš#~",
"f": {"lang": "sux",
"form": "kaš",
"cf": "kaš",
"gw": "beer",
"sense": "beer",
"norm0": "kaš",
"pos": "N",
"epos": "N",
"base": "kaš",
"morph": "~"}
}
,
{
"node": "d",
"type": "line-start",
"ref": "P231095.7",
"n": "4",
"label": "r i 4"}
,
{
"node": "l",
"frag": "tu₇",
"id": "P231095.l269a4",
"ref": "P231095.7.1",
"inst": "tu[soup]",
"sig": "@dcclt%sux:tu₇=tu[soup//soup, broth]N'N$tu/tu₇#~",
"f": {"lang": "sux",
"form": "tu₇",
"cf": "tu",
"gw": "soup",
"sense": "soup, broth",
"norm0": "tu",
"pos": "N",
"epos": "N",
"base": "tu₇",
"morph": "~"}
}
,
{
"node": "d",
"type": "line-start",
"ref": "P231095.8",
"n": "5",
"label": "r i 5"}
,
{
"node": "l",
"frag": "[tu₇]",
"id": "P231095.l269a5",
"ref": "P231095.8.1",
"inst": "tu[soup]",
"sig": "@dcclt%sux:tu₇=tu[soup//soup, broth]N'N$tu/tu₇#~",
"f": {"lang": "sux",
"form": "tu₇",
"cf": "tu",
"gw": "soup",
"sense": "soup, broth",
"norm0": "tu",
"pos": "N",
"epos": "N",
"base": "tu₇",
"morph": "~"}
}
,
{
"node": "l",
"frag": "sag₁₀",
"id": "P231095.l269a6",
"ref": "P231095.8.2",
"inst": "sag[rare]",
"sig": "@dcclt%sux:sag₁₀=sag[rare//(to be) rare, precious]V/i'V/i$sag/sag₁₀#~",
"f": {"lang": "sux",
"form": "sag₁₀",
"cf": "sag",
"gw": "rare",
"sense": "(to be) rare, precious",
"norm0": "sag",
"pos": "V/i",
"epos": "V/i",
"base": "sag₁₀",
"morph": "~"}
}
,
{
"node": "d",
"type": "line-start",
"ref": "P231095.9",
"n": "6",
"label": "r i 6"}
,
{
"node": "l",
"frag": "[tu₇]",
"id": "P231095.l269a7",
"ref": "P231095.9.1",
"inst": "tu[soup]",
"sig": "@dcclt%sux:tu₇=tu[soup//soup, broth]N'N$tu/tu₇#~",
"f": {"lang": "sux",
"form": "tu₇",
"cf": "tu",
"gw": "soup",
"sense": "soup, broth",
"norm0": "tu",
"pos": "N",
"epos": "N",
"base": "tu₇",
"morph": "~"}
}
,
{
"node": "l",
"frag": "gu₂-gal",
"id": "P231095.l269a8",
"ref": "P231095.9.2",
"inst": "gugala[chickpea?]N",
"sig": "@dcclt%sux:gu₂-gal=gugala[chickpea?//chickpea?]N'N$gugala/gu₂-gal#~",
"f": {"lang": "sux",
"form": "gu₂-gal",
"cf": "gugala",
"gw": "chickpea?",
"sense": "chickpea?",
"norm0": "gugala",
"pos": "N",
"epos": "N",
"base": "gu₂-gal",
"morph": "~"}
}
,
{
"node": "d",
"type": "line-start",
"ref": "P231095.10",
"n": "7",
"label": "r i 7"}
,
{
"node": "l",
"frag": "[tu₇]",
"id": "P231095.l269a9",
"ref": "P231095.10.1",
"inst": "tu[soup]",
"sig": "@dcclt%sux:tu₇=tu[soup//soup, broth]N'N$tu/tu₇#~",
"f": {"lang": "sux",
"form": "tu₇",
"cf": "tu",
"gw": "soup",
"sense": "soup, broth",
"norm0": "tu",
"pos": "N",
"epos": "N",
"base": "tu₇",
"morph": "~"}
}
,
{
"node": "l",
"frag": "⸢gu₂-tur⸣",
"id": "P231095.l269aa",
"ref": "P231095.10.2",
"inst": "gutur[lentil?]",
"sig": "@dcclt%sux:gu₂-tur=gutur[lentil?//lentil?]N'N$gutur/gu₂-tur#~",
"f": {"lang": "sux",
"form": "gu₂-tur",
"cf": "gutur",
"gw": "lentil?",
"sense": "lentil?",
"norm0": "gutur",
"pos": "N",
"epos": "N",
"base": "gu₂-tur",
"morph": "~"}
}
,
{
"node": "d",
"type": "line-start",
"ref": "P231095.11",
"n": "8",
"label": "r i 8"}
,
{
"node": "l",
"frag": "tu₇",
"id": "P231095.l269ab",
"ref": "P231095.11.1",
"inst": "tu[soup]",
"sig": "@dcclt%sux:tu₇=tu[soup//soup, broth]N'N$tu/tu₇#~",
"f": {"lang": "sux",
"form": "tu₇",
"cf": "tu",
"gw": "soup",
"sense": "soup, broth",
"norm0": "tu",
"pos": "N",
"epos": "N",
"base": "tu₇",
"morph": "~"}
}
,
{
"node": "l",
"frag": "⸢gu₂-niŋ₂-ar₃⸣-ra",
"id": "P231095.l269ac",
"ref": "P231095.11.2",
"inst": "guniŋara[vetch]",
"sig": "@dcclt%sux:gu₂-niŋ₂-ar₃-ra=guniŋara[vetch//lentil?]N'N$guniŋara/gu₂-niŋ₂-ar₃-ra#~",
"f": {"lang": "sux",
"form": "gu₂-niŋ₂-ar₃-ra",
"cf": "guniŋara",
"gw": "vetch",
"sense": "lentil?",
"norm0": "guniŋara",
"pos": "N",
"epos": "N",
"base": "gu₂-niŋ₂-ar₃-ra",
"morph": "~"}
}
,
{
"node": "d",
"type": "nonw",
"ref": ""}
,
{
"node": "d",
"subtype": "column 2r",
"type": "column",
"ref": "P231095.r.ii.12",
"n": "2",
"label": "r ii"}
,
{
"node": "d",
"type": "line-start",
"ref": "P231095.13",
"n": "1",
"label": "r ii 1"}
,
{
"node": "l",
"frag": "⸢tu₇⸣",
"id": "P231095.l269ad",
"ref": "P231095.13.1",
"inst": "tu[soup]",
"sig": "@dcclt%sux:tu₇=tu[soup//soup, broth]N'N$tu/tu₇#~",
"f": {"lang": "sux",
"form": "tu₇",
"cf": "tu",
"gw": "soup",
"sense": "soup, broth",
"norm0": "tu",
"pos": "N",
"epos": "N",
"base": "tu₇",
"morph": "~"}
}
,
{
"node": "l",
"frag": "[...]",
"id": "P231095.l269ae",
"ref": "P231095.13.2",
"inst": "u",
"f": {"lang": "sux",
"form": "x",
"pos": "u"}
}
,
{
"node": "d",
"type": "line-start",
"ref": "P231095.14",
"n": "2",
"label": "r ii 2"}
,
{
"node": "l",
"frag": "tu₇",
"id": "P231095.l269af",
"ref": "P231095.14.1",
"inst": "tu[soup]",
"sig": "@dcclt%sux:tu₇=tu[soup//soup, broth]N'N$tu/tu₇#~",
"f": {"lang": "sux",
"form": "tu₇",
"cf": "tu",
"gw": "soup",
"sense": "soup, broth",
"norm0": "tu",
"pos": "N",
"epos": "N",
"base": "tu₇",
"morph": "~"}
}
,
{
"node": "l",
"frag": "[...]",
"id": "P231095.l269b0",
"ref": "P231095.14.2",
"inst": "u",
"f": {"lang": "sux",
"form": "x",
"pos": "u"}
}
,
{
"node": "d",
"type": "line-start",
"ref": "P231095.15",
"n": "3",
"label": "r ii 3"}
,
{
"node": "l",
"frag": "tu₇",
"id": "P231095.l269b1",
"ref": "P231095.15.1",
"inst": "tu[soup]",
"sig": "@dcclt%sux:tu₇=tu[soup//soup, broth]N'N$tu/tu₇#~",
"f": {"lang": "sux",
"form": "tu₇",
"cf": "tu",
"gw": "soup",
"sense": "soup, broth",
"norm0": "tu",
"pos": "N",
"epos": "N",
"base": "tu₇",
"morph": "~"}
}
,
{
"node": "l",
"frag": "x",
"id": "P231095.l269b2",
"ref": "P231095.15.2",
"inst": "u",
"f": {"lang": "sux",
"form": "x",
"pos": "u"}
}
,
{
"node": "l",
"frag": "[...]",
"id": "P231095.l269b3",
"ref": "P231095.15.3",
"inst": "u",
"f": {"lang": "sux",
"form": "x",
"pos": "u"}
}
,
{
"node": "d",
"type": "line-start",
"ref": "P231095.16",
"n": "4",
"label": "r ii 4"}
,
{
"node": "l",
"frag": "tu₇",
"id": "P231095.l269b4",
"ref": "P231095.16.1",
"inst": "tu[soup]",
"sig": "@dcclt%sux:tu₇=tu[soup//soup, broth]N'N$tu/tu₇#~",
"f": {"lang": "sux",
"form": "tu₇",
"cf": "tu",
"gw": "soup",
"sense": "soup, broth",
"norm0": "tu",
"pos": "N",
"epos": "N",
"base": "tu₇",
"morph": "~"}
}
,
{
"node": "l",
"frag": "al-[...]",
"id": "P231095.l269b5",
"ref": "P231095.16.2",
"inst": "u",
"f": {"lang": "sux",
"form": "al-x",
"pos": "u"}
}
,
{
"node": "d",
"type": "line-start",
"ref": "P231095.17",
"n": "5",
"label": "r ii 5"}
,
{
"node": "l",
"frag": "tu₇",
"id": "P231095.l269b6",
"ref": "P231095.17.1",
"inst": "tu[soup]",
"sig": "@dcclt%sux:tu₇=tu[soup//soup, broth]N'N$tu/tu₇#~",
"f": {"lang": "sux",
"form": "tu₇",
"cf": "tu",
"gw": "soup",
"sense": "soup, broth",
"norm0": "tu",
"pos": "N",
"epos": "N",
"base": "tu₇",
"morph": "~"}
}
,
{
"node": "l",
"frag": "[...]",
"id": "P231095.l269b7",
"ref": "P231095.17.2",
"inst": "u",
"f": {"lang": "sux",
"form": "x",
"pos": "u"}
}
,
{
"node": "d",
"type": "nonx",
"ref": "P231095.18",
"strict": "1",
"extent": "3",
"scope": "line",
"state": "illegible"}
]}
]}
]}
]}
