{
"type": "cdl",
  "source": "http://oracc.org/dcclt",
  "license": "This data is released under the CC0 license",
  "license-url": "https://creativecommons.org/publicdomain/zero/1.0/",
  "more-info": "http://oracc.org/doc/opendata/",
  "UTC-timestamp": "2017-05-19T18:24:52",
"project": "dcclt",
"textid": "P231128",
"cdl": [
{
"node": "c",
"type": "text",
"id": "P231128.U0",
"cdl": [
{
"node": "d",
"subtype": "tablet",
"type": "object",
"ref": "P231128.x1113.1",
"type": "tablet",
"label": "x1113"}
,
{
"node": "d",
"subtype": "obverse",
"type": "surface",
"ref": "P231128.o.2",
"type": "obverse",
"label": "o"}
,
{
"node": "d",
"subtype": "column 1o",
"type": "column",
"ref": "P231128.o.i.3",
"n": "1",
"label": "o i"}
,
{
"node": "c",
"type": "discourse",
"subtype": "body",
"id": "P231128.U1",
"cdl": [
{
"node": "c",
"type": "sentence",
"id": "P231128.U2",
"label": "o i 1' - o i 4'",
"cdl": [
{
"node": "d",
"type": "line-start",
"ref": "P231128.4",
"n": "1'",
"label": "o i 1'"}
,
{
"node": "l",
"frag": "[šim",
"id": "P231128.l267f8",
"ref": "P231128.4.1",
"inst": "šim[aromatic substance]",
"sig": "@dcclt%sux:šim=šim[aromatics//aromatic substance]N'N$šim/šim#~",
"f": {"lang": "sux",
"form": "šim",
"cf": "šim",
"gw": "aromatics",
"sense": "aromatic substance",
"norm0": "šim",
"pos": "N",
"epos": "N",
"base": "šim",
"morph": "~"}
}
,
{
"node": "l",
"frag": "gi",
"id": "P231128.l267f9",
"ref": "P231128.4.2",
"inst": "gi[reed]",
"sig": "@dcclt%sux:gi=gi[reed//reed]N'N$gi/gi#~",
"f": {"lang": "sux",
"form": "gi",
"cf": "gi",
"gw": "reed",
"sense": "reed",
"norm0": "gi",
"pos": "N",
"epos": "N",
"base": "gi",
"morph": "~"}
}
,
{
"node": "l",
"frag": "dug₃]-⸢ge⸣",
"id": "P231128.l267fa",
"ref": "P231128.4.3",
"inst": "dug[good]",
"sig": "@dcclt%sux:dug₃-ge=dug[good//good]V/i'V/i$dug;e/dug₃+-ge=g.e#~;e",
"f": {"lang": "sux",
"form": "dug₃-ge",
"cf": "dug",
"gw": "good",
"sense": "good",
"norm0": "dug;e",
"pos": "V/i",
"epos": "V/i",
"base": "dug₃",
"cont": "-ge=g.e",
"morph": "~;e"}
}
,
{
"node": "d",
"type": "nonw",
"ref": ""}
,
{
"node": "d",
"type": "line-start",
"ref": "P231128.5",
"n": "2'",
"label": "o i 2'"}
,
{
"node": "l",
"frag": "[šim",
"id": "P231128.l267fb",
"ref": "P231128.5.1",
"inst": "šim[aromatic substance]",
"sig": "@dcclt%sux:šim=šim[aromatics//aromatic substance]N'N$šim/šim#~",
"f": {"lang": "sux",
"form": "šim",
"cf": "šim",
"gw": "aromatics",
"sense": "aromatic substance",
"norm0": "šim",
"pos": "N",
"epos": "N",
"base": "šim",
"morph": "~"}
}
,
{
"node": "l",
"frag": "ar]-ga-nu-um",
"id": "P231128.l267fc",
"ref": "P231128.5.2",
"inst": "arganum[conifer]",
"sig": "@dcclt%sux:ar-ga-nu-um=arganum[conifer//conifer]N'N$arganum/ar-ga-nu-um#~",
"f": {"lang": "sux",
"form": "ar-ga-nu-um",
"cf": "arganum",
"gw": "conifer",
"sense": "conifer",
"norm0": "arganum",
"pos": "N",
"epos": "N",
"base": "ar-ga-nu-um",
"morph": "~"}
}
,
{
"node": "d",
"type": "line-start",
"ref": "P231128.6",
"n": "3'",
"label": "o i 3'"}
,
{
"node": "l",
"frag": "[šim",
"id": "P231128.l267fd",
"ref": "P231128.6.1",
"inst": "šim[aromatic substance]",
"sig": "@dcclt%sux:šim=šim[aromatics//aromatic substance]N'N$šim/šim#~",
"f": {"lang": "sux",
"form": "šim",
"cf": "šim",
"gw": "aromatics",
"sense": "aromatic substance",
"norm0": "šim",
"pos": "N",
"epos": "N",
"base": "šim",
"morph": "~"}
}
,
{
"node": "l",
"frag": "ar]-gu-zum",
"id": "P231128.l267fe",
"ref": "P231128.6.2",
"inst": "marguzum[bush]",
"sig": "@dcclt%sux:ar-gu-zum=marguzum[bush//a resinous bush]N'N$marguzum/ar-gu-zum#~",
"f": {"lang": "sux",
"form": "ar-gu-zum",
"cf": "marguzum",
"gw": "bush",
"sense": "a resinous bush",
"norm0": "marguzum",
"pos": "N",
"epos": "N",
"base": "ar-gu-zum",
"morph": "~"}
}
,
{
"node": "d",
"type": "line-start",
"ref": "P231128.7",
"n": "4'",
"label": "o i 4'"}
,
{
"node": "l",
"frag": "[šim",
"id": "P231128.l267ff",
"ref": "P231128.7.1",
"inst": "šim[aromatic substance]",
"sig": "@dcclt%sux:šim=šim[aromatics//aromatic substance]N'N$šim/šim#~",
"f": {"lang": "sux",
"form": "šim",
"cf": "šim",
"gw": "aromatics",
"sense": "aromatic substance",
"norm0": "šim",
"pos": "N",
"epos": "N",
"base": "šim",
"morph": "~"}
}
,
{
"node": "l",
"frag": "dam]-ši-lum",
"id": "P231128.l26800",
"ref": "P231128.7.2",
"inst": "damšelum[plant]",
"sig": "@dcclt%sux:dam-ši-lum=damšelum[plant//plant]N'N$damšelum/dam-ši-lum#~",
"f": {"lang": "sux",
"form": "dam-ši-lum",
"cf": "damšelum",
"gw": "plant",
"sense": "plant",
"norm0": "damšelum",
"pos": "N",
"epos": "N",
"base": "dam-ši-lum",
"morph": "~"}
}
]}
]}
]}
]}
