{
"type": "cdl",
  "source": "http://oracc.org/dcclt",
  "license": "This data is released under the CC0 license",
  "license-url": "https://creativecommons.org/publicdomain/zero/1.0/",
  "more-info": "http://oracc.org/doc/opendata/",
  "UTC-timestamp": "2017-05-19T18:24:54",
"project": "dcclt",
"textid": "P235300",
"cdl": [
{
"node": "c",
"type": "text",
"id": "P235300.U0",
"cdl": [
{
"node": "d",
"type": "object",
"ref": ""}
,
{
"node": "d",
"subtype": "obverse",
"type": "surface",
"ref": "P235300.o.1",
"type": "obverse",
"label": "o"}
,
{
"node": "d",
"subtype": "column 1o",
"type": "column",
"ref": "P235300.o.i.2",
"n": "1",
"label": "o i"}
,
{
"node": "c",
"type": "discourse",
"subtype": "body",
"id": "P235300.U1",
"cdl": [
{
"node": "c",
"type": "sentence",
"id": "P235300.U2",
"label": "o i 1' - o ii 11'",
"cdl": [
{
"node": "d",
"type": "line-start",
"ref": "P235300.3",
"n": "1'",
"label": "o i 1'"}
,
{
"node": "d",
"type": "cell-start"}
,
{
"node": "d",
"type": "field-start",
"subtype": "wp"}
,
{
"node": "l",
"frag": "[...]",
"id": "P235300.l3b0df",
"ref": "P235300.3.1",
"inst": "u",
"f": {"lang": "sux",
"form": "x",
"pos": "u"}
}
,
{
"node": "d",
"type": "field-end",
"subtype": "wp"}
,
{
"node": "d",
"type": "cell-end"}
,
{
"node": "d",
"type": "cell-start"}
,
{
"node": "d",
"type": "field-start",
"subtype": "eq"}
,
{
"node": "l",
"frag": "[...]-ṭu",
"id": "P235300.l3b0e0",
"ref": "P235300.3.2",
"inst": "u",
"f": {"lang": "akk",
"form": "x-ṭu",
"pos": "u"}
}
,
{
"node": "d",
"type": "field-end",
"subtype": "eq"}
,
{
"node": "d",
"type": "cell-end"}
,
{
"node": "d",
"type": "line-start",
"ref": "P235300.4",
"n": "2'",
"label": "o i 2'"}
,
{
"node": "d",
"type": "cell-start"}
,
{
"node": "d",
"type": "field-start",
"subtype": "wp"}
,
{
"node": "l",
"frag": "[...]",
"id": "P235300.l3b0e1",
"ref": "P235300.4.1",
"inst": "u",
"f": {"lang": "sux",
"form": "x",
"pos": "u"}
}
,
{
"node": "d",
"type": "field-end",
"subtype": "wp"}
,
{
"node": "d",
"type": "cell-end"}
,
{
"node": "d",
"type": "cell-start"}
,
{
"node": "d",
"type": "field-start",
"subtype": "eq"}
,
{
"node": "l",
"frag": "[...]-qum",
"id": "P235300.l3b0e2",
"ref": "P235300.4.2",
"inst": "u",
"f": {"lang": "akk",
"form": "x-qum",
"pos": "u"}
}
,
{
"node": "d",
"type": "field-end",
"subtype": "eq"}
,
{
"node": "d",
"type": "cell-end"}
,
{
"node": "d",
"type": "line-start",
"ref": "P235300.5",
"n": "3'",
"label": "o i 3'"}
,
{
"node": "d",
"type": "cell-start"}
,
{
"node": "d",
"type": "field-start",
"subtype": "wp"}
,
{
"node": "l",
"frag": "[...]",
"id": "P235300.l3b0e3",
"ref": "P235300.5.1",
"inst": "u",
"f": {"lang": "sux",
"form": "x",
"pos": "u"}
}
,
{
"node": "d",
"type": "field-end",
"subtype": "wp"}
,
{
"node": "d",
"type": "cell-end"}
,
{
"node": "d",
"type": "cell-start"}
,
{
"node": "d",
"type": "field-start",
"subtype": "eq"}
,
{
"node": "l",
"frag": "[...]-u",
"id": "P235300.l3b0e4",
"ref": "P235300.5.2",
"inst": "u",
"f": {"lang": "akk",
"form": "x-u",
"pos": "u"}
}
,
{
"node": "d",
"type": "field-end",
"subtype": "eq"}
,
{
"node": "d",
"type": "cell-end"}
,
{
"node": "d",
"type": "nonx",
"ref": "P235300.6",
"strict": "1",
"extent": "2",
"scope": "line",
"state": "traces"}
,
{
"node": "d",
"subtype": "column 2o",
"type": "column",
"ref": "P235300.o.ii.7",
"n": "2",
"label": "o ii"}
,
{
"node": "d",
"type": "line-start",
"ref": "P235300.8",
"n": "1'",
"label": "o ii 1'"}
,
{
"node": "d",
"type": "cell-start"}
,
{
"node": "d",
"type": "field-start",
"subtype": "wp"}
,
{
"node": "l",
"frag": "nu-⸢kuš₂⸣-[u₃]",
"id": "P235300.l3b0e5",
"ref": "P235300.8.1",
"inst": "kušu[tired]",
"sig": "@dcclt%sux:nu-kuš₂-u₃=kušu[tired//tired]V/i'V/i$nu:kušu/kuš₂-u₃#nu:~",
"f": {"lang": "sux",
"form": "nu-kuš₂-u₃",
"cf": "kušu",
"gw": "tired",
"sense": "tired",
"norm0": "nu:kušu",
"pos": "V/i",
"epos": "V/i",
"base": "kuš₂-u₃",
"morph": "nu:~"}
}
,
{
"node": "d",
"type": "field-end",
"subtype": "wp"}
,
{
"node": "d",
"type": "cell-end"}
,
{
"node": "d",
"type": "cell-start"}
,
{
"node": "d",
"type": "field-start",
"subtype": "eq"}
,
{
"node": "l",
"frag": "[...]",
"id": "P235300.l3b0e6",
"ref": "P235300.8.2",
"inst": "u",
"f": {"lang": "akk",
"form": "x",
"pos": "u"}
}
,
{
"node": "d",
"type": "field-end",
"subtype": "eq"}
,
{
"node": "d",
"type": "cell-end"}
,
{
"node": "d",
"type": "line-start",
"ref": "P235300.9",
"n": "2'",
"label": "o ii 2'"}
,
{
"node": "d",
"type": "cell-start"}
,
{
"node": "d",
"type": "field-start",
"subtype": "wp"}
,
{
"node": "l",
"frag": "nu-kuš₂-u₃",
"id": "P235300.l3b0e7",
"ref": "P235300.9.1",
"inst": "kušu[tired]",
"sig": "@dcclt%sux:nu-kuš₂-u₃=kušu[tired//tired]V/i'V/i$nu:kušu/kuš₂-u₃#nu:~",
"f": {"lang": "sux",
"form": "nu-kuš₂-u₃",
"cf": "kušu",
"gw": "tired",
"sense": "tired",
"norm0": "nu:kušu",
"pos": "V/i",
"epos": "V/i",
"base": "kuš₂-u₃",
"morph": "nu:~"}
}
,
{
"node": "d",
"type": "field-end",
"subtype": "wp"}
,
{
"node": "d",
"type": "cell-end"}
,
{
"node": "d",
"type": "cell-start"}
,
{
"node": "d",
"type": "field-start",
"subtype": "eq"}
,
{
"node": "l",
"frag": "[...]",
"id": "P235300.l3b0e8",
"ref": "P235300.9.2",
"inst": "u",
"f": {"lang": "akk",
"form": "x",
"pos": "u"}
}
,
{
"node": "d",
"type": "field-end",
"subtype": "eq"}
,
{
"node": "d",
"type": "cell-end"}
,
{
"node": "d",
"type": "line-start",
"ref": "P235300.10",
"n": "3'",
"label": "o ii 3'"}
,
{
"node": "d",
"type": "cell-start"}
,
{
"node": "d",
"type": "field-start",
"subtype": "wp"}
,
{
"node": "l",
"frag": "nu-kuš₂-u₃",
"id": "P235300.l3b0e9",
"ref": "P235300.10.1",
"inst": "kušu[tired]",
"sig": "@dcclt%sux:nu-kuš₂-u₃=kušu[tired//tired]V/i'V/i$nu:kušu/kuš₂-u₃#nu:~",
"f": {"lang": "sux",
"form": "nu-kuš₂-u₃",
"cf": "kušu",
"gw": "tired",
"sense": "tired",
"norm0": "nu:kušu",
"pos": "V/i",
"epos": "V/i",
"base": "kuš₂-u₃",
"morph": "nu:~"}
}
,
{
"node": "d",
"type": "field-end",
"subtype": "wp"}
,
{
"node": "d",
"type": "cell-end"}
,
{
"node": "d",
"type": "cell-start"}
,
{
"node": "d",
"type": "field-start",
"subtype": "eq"}
,
{
"node": "l",
"frag": "[...]",
"id": "P235300.l3b0ea",
"ref": "P235300.10.2",
"inst": "u",
"f": {"lang": "akk",
"form": "x",
"pos": "u"}
}
,
{
"node": "d",
"type": "field-end",
"subtype": "eq"}
,
{
"node": "d",
"type": "cell-end"}
,
{
"node": "d",
"type": "line-start",
"ref": "P235300.11",
"n": "4'",
"label": "o ii 4'"}
,
{
"node": "d",
"type": "cell-start"}
,
{
"node": "d",
"type": "field-start",
"subtype": "wp"}
,
{
"node": "l",
"frag": "nu-kuš₂-u₃",
"id": "P235300.l3b0eb",
"ref": "P235300.11.1",
"inst": "kušu[tired]",
"sig": "@dcclt%sux:nu-kuš₂-u₃=kušu[tired//tired]V/i'V/i$nu:kušu/kuš₂-u₃#nu:~",
"f": {"lang": "sux",
"form": "nu-kuš₂-u₃",
"cf": "kušu",
"gw": "tired",
"sense": "tired",
"norm0": "nu:kušu",
"pos": "V/i",
"epos": "V/i",
"base": "kuš₂-u₃",
"morph": "nu:~"}
}
,
{
"node": "d",
"type": "field-end",
"subtype": "wp"}
,
{
"node": "d",
"type": "cell-end"}
,
{
"node": "d",
"type": "cell-start"}
,
{
"node": "d",
"type": "field-start",
"subtype": "eq"}
,
{
"node": "l",
"frag": "[...]",
"id": "P235300.l3b0ec",
"ref": "P235300.11.2",
"inst": "u",
"f": {"lang": "akk",
"form": "x",
"pos": "u"}
}
,
{
"node": "d",
"type": "field-end",
"subtype": "eq"}
,
{
"node": "d",
"type": "cell-end"}
,
{
"node": "d",
"type": "line-start",
"ref": "P235300.12",
"n": "5'",
"label": "o ii 5'"}
,
{
"node": "d",
"type": "cell-start"}
,
{
"node": "d",
"type": "field-start",
"subtype": "wp"}
,
{
"node": "l",
"frag": "nu-kuš₂-u₃",
"id": "P235300.l3b0ed",
"ref": "P235300.12.1",
"inst": "kušu[tired]",
"sig": "@dcclt%sux:nu-kuš₂-u₃=kušu[tired//tired]V/i'V/i$nu:kušu/kuš₂-u₃#nu:~",
"f": {"lang": "sux",
"form": "nu-kuš₂-u₃",
"cf": "kušu",
"gw": "tired",
"sense": "tired",
"norm0": "nu:kušu",
"pos": "V/i",
"epos": "V/i",
"base": "kuš₂-u₃",
"morph": "nu:~"}
}
,
{
"node": "d",
"type": "field-end",
"subtype": "wp"}
,
{
"node": "d",
"type": "cell-end"}
,
{
"node": "d",
"type": "cell-start"}
,
{
"node": "d",
"type": "field-start",
"subtype": "eq"}
,
{
"node": "l",
"frag": "[...]",
"id": "P235300.l3b0ee",
"ref": "P235300.12.2",
"inst": "u",
"f": {"lang": "akk",
"form": "x",
"pos": "u"}
}
,
{
"node": "d",
"type": "field-end",
"subtype": "eq"}
,
{
"node": "d",
"type": "cell-end"}
,
{
"node": "d",
"type": "line-start",
"ref": "P235300.13",
"n": "6'",
"label": "o ii 6'"}
,
{
"node": "d",
"type": "cell-start"}
,
{
"node": "d",
"type": "field-start",
"subtype": "wp"}
,
{
"node": "l",
"frag": "nu-kuš₂{nu-ku-uš}{aš₂-ša₂}u₃",
"id": "P235300.l3b0ef",
"ref": "P235300.13.1",
"inst": "kušu[tired]",
"sig": "@dcclt%sux:nu-kuš₂{nu-ku-uš}{aš₂-ša₂}-u₃=kušu[tired//tired]V/i'V/i$kušu/nu-kuš₂{nu-ku-uš}{aš₂-ša₂}-u₃#~",
"f": {"lang": "sux",
"form": "nu-kuš₂{nu-ku-uš}{aš₂-ša₂}-u₃",
"cf": "kušu",
"gw": "tired",
"sense": "tired",
"norm0": "kušu",
"pos": "V/i",
"epos": "V/i",
"base": "nu-kuš₂{nu-ku-uš}{aš₂-ša₂}-u₃",
"morph": "~"}
}
,
{
"node": "d",
"type": "field-end",
"subtype": "wp"}
,
{
"node": "d",
"type": "cell-end"}
,
{
"node": "d",
"type": "cell-start"}
,
{
"node": "d",
"type": "field-start",
"subtype": "eq"}
,
{
"node": "l",
"frag": "[...]",
"id": "P235300.l3b0f0",
"ref": "P235300.13.2",
"inst": "u",
"f": {"lang": "akk",
"form": "x",
"pos": "u"}
}
,
{
"node": "d",
"type": "field-end",
"subtype": "eq"}
,
{
"node": "d",
"type": "cell-end"}
,
{
"node": "d",
"type": "nonx",
"ref": "P235300.14",
"strict": "1",
"extent": "1",
"scope": "line",
"state": "ruling"}
,
{
"node": "d",
"type": "line-start",
"ref": "P235300.15",
"n": "7'",
"label": "o ii 7'"}
,
{
"node": "d",
"type": "cell-start"}
,
{
"node": "d",
"type": "field-start",
"subtype": "wp"}
,
{
"node": "l",
"frag": "{gi-id}gid₂",
"id": "P235300.l3b0f1",
"ref": "P235300.15.1",
"inst": "gid[long]",
"sig": "@dcclt%sux:{gi-id}gid₂=gid[long//(to be) long]V/i'V/i$gid/{gi-id}gid₂#~",
"f": {"lang": "sux",
"form": "{gi-id}gid₂",
"cf": "gid",
"gw": "long",
"sense": "(to be) long",
"norm0": "gid",
"pos": "V/i",
"epos": "V/i",
"base": "{gi-id}gid₂",
"morph": "~"}
}
,
{
"node": "d",
"type": "field-end",
"subtype": "wp"}
,
{
"node": "d",
"type": "cell-end"}
,
{
"node": "d",
"type": "cell-start"}
,
{
"node": "d",
"type": "field-start",
"subtype": "eq"}
,
{
"node": "l",
"frag": "[...]",
"id": "P235300.l3b0f2",
"ref": "P235300.15.2",
"inst": "u",
"f": {"lang": "akk",
"form": "x",
"pos": "u"}
}
,
{
"node": "d",
"type": "field-end",
"subtype": "eq"}
,
{
"node": "d",
"type": "cell-end"}
,
{
"node": "d",
"type": "line-start",
"ref": "P235300.16",
"n": "8'",
"label": "o ii 8'"}
,
{
"node": "d",
"type": "cell-start"}
,
{
"node": "d",
"type": "field-start",
"subtype": "wp"}
,
{
"node": "l",
"frag": "gid₂{{<min(gi-id)>}}{{<min(gi-id)>}}gid₂",
"id": "P235300.l3b0f3",
"ref": "P235300.16.1",
"inst": "gid[long]",
"sig": "@dcclt%sux:gid₂{gi-id}-{gi-id}gid₂=gid[long//(to be) long]V/i'V/i$gid/gid₂{gi-id}-{gi-id}gid₂#~",
"f": {"lang": "sux",
"form": "gid₂{gi-id}-{gi-id}gid₂",
"cf": "gid",
"gw": "long",
"sense": "(to be) long",
"norm0": "gid",
"pos": "V/i",
"epos": "V/i",
"base": "gid₂{gi-id}-{gi-id}gid₂",
"morph": "~"}
}
,
{
"node": "d",
"type": "field-end",
"subtype": "wp"}
,
{
"node": "d",
"type": "cell-end"}
,
{
"node": "d",
"type": "cell-start"}
,
{
"node": "d",
"type": "field-start",
"subtype": "eq"}
,
{
"node": "l",
"frag": "[...]",
"id": "P235300.l3b0f4",
"ref": "P235300.16.2",
"inst": "u",
"f": {"lang": "akk",
"form": "x",
"pos": "u"}
}
,
{
"node": "d",
"type": "field-end",
"subtype": "eq"}
,
{
"node": "d",
"type": "cell-end"}
,
{
"node": "d",
"type": "nonx",
"ref": "P235300.17",
"strict": "1",
"extent": "1",
"scope": "line",
"state": "ruling"}
,
{
"node": "d",
"type": "line-start",
"ref": "P235300.18",
"n": "9'",
"label": "o ii 9'"}
,
{
"node": "d",
"type": "cell-start"}
,
{
"node": "d",
"type": "field-start",
"subtype": "wp"}
,
{
"node": "l",
"frag": "⸢ŋa₂⸣",
"id": "P235300.l3b0f5",
"ref": "P235300.18.1",
"inst": "X",
"f": {"lang": "sux",
"form": "ŋa₂",
"pos": "X"}
}
,
{
"node": "d",
"type": "field-end",
"subtype": "wp"}
,
{
"node": "d",
"type": "cell-end"}
,
{
"node": "d",
"type": "cell-start"}
,
{
"node": "d",
"type": "field-start",
"subtype": "eq"}
,
{
"node": "l",
"frag": "[...]",
"id": "P235300.l3b0f6",
"ref": "P235300.18.2",
"inst": "u",
"f": {"lang": "akk",
"form": "x",
"pos": "u"}
}
,
{
"node": "d",
"type": "field-end",
"subtype": "eq"}
,
{
"node": "d",
"type": "cell-end"}
,
{
"node": "d",
"type": "line-start",
"ref": "P235300.19",
"n": "10'",
"label": "o ii 10'"}
,
{
"node": "d",
"type": "cell-start"}
,
{
"node": "d",
"type": "field-start",
"subtype": "wp"}
,
{
"node": "l",
"frag": "⸢ŋa₂-ŋa₂⸣",
"id": "P235300.l3b0f7",
"ref": "P235300.19.1",
"inst": "ŋar[place\\t]",
"sig": "@dcclt%sux:ŋa₂-ŋa₂=ŋar[place//place]V/t'V/t$ŋar/ŋa₂-ŋa₂#~",
"f": {"lang": "sux",
"form": "ŋa₂-ŋa₂",
"cf": "ŋar",
"gw": "place",
"sense": "place",
"norm0": "ŋar",
"pos": "V/t",
"epos": "V/t",
"base": "ŋa₂-ŋa₂",
"morph": "~"}
}
,
{
"node": "d",
"type": "field-end",
"subtype": "wp"}
,
{
"node": "d",
"type": "cell-end"}
,
{
"node": "d",
"type": "cell-start"}
,
{
"node": "d",
"type": "field-start",
"subtype": "eq"}
,
{
"node": "l",
"frag": "[...]",
"id": "P235300.l3b0f8",
"ref": "P235300.19.2",
"inst": "u",
"f": {"lang": "akk",
"form": "x",
"pos": "u"}
}
,
{
"node": "d",
"type": "field-end",
"subtype": "eq"}
,
{
"node": "d",
"type": "cell-end"}
,
{
"node": "d",
"type": "line-start",
"ref": "P235300.20",
"n": "11'",
"label": "o ii 11'"}
,
{
"node": "d",
"type": "cell-start"}
,
{
"node": "d",
"type": "field-start",
"subtype": "wp"}
,
{
"node": "l",
"frag": "[i]-⸢ri⸣",
"id": "P235300.l3b0f9",
"ref": "P235300.20.1",
"inst": "X",
"f": {"lang": "sux",
"form": "i-ri",
"pos": "X"}
}
,
{
"node": "d",
"type": "field-end",
"subtype": "wp"}
,
{
"node": "d",
"type": "cell-end"}
,
{
"node": "d",
"type": "cell-start"}
,
{
"node": "d",
"type": "field-start",
"subtype": "eq"}
,
{
"node": "l",
"frag": "[...]",
"id": "P235300.l3b0fa",
"ref": "P235300.20.2",
"inst": "u",
"f": {"lang": "akk",
"form": "x",
"pos": "u"}
}
,
{
"node": "d",
"type": "field-end",
"subtype": "eq"}
,
{
"node": "d",
"type": "cell-end"}
,
{
"node": "d",
"type": "nonx",
"ref": "P235300.21",
"strict": "1",
"extent": "1",
"scope": "line",
"state": "ruling"}
]}
]}
]}
]}
