{
"type": "cdl",
  "source": "http://oracc.org/dcclt",
  "license": "This data is released under the CC0 license",
  "license-url": "https://creativecommons.org/publicdomain/zero/1.0/",
  "more-info": "http://oracc.org/doc/opendata/",
  "UTC-timestamp": "2017-05-19T18:24:54",
"project": "dcclt",
"textid": "P235673",
"cdl": [
{
"node": "c",
"type": "text",
"id": "P235673.U0",
"cdl": [
{
"node": "d",
"subtype": "object cylinder",
"type": "object",
"ref": "P235673.x104.1",
"type": "object",
"n": "cylinder",
"label": "x104"}
,
{
"node": "d",
"type": "surface",
"ref": ""}
,
{
"node": "d",
"subtype": "column 1'",
"type": "column",
"ref": "P235673.i_.2",
"n": "1",
"label": "i'"}
,
{
"node": "c",
"type": "discourse",
"subtype": "body",
"id": "P235673.U1",
"cdl": [
{
"node": "c",
"type": "sentence",
"id": "P235673.U2",
"label": "i' 1 - t.e. 8",
"cdl": [
{
"node": "d",
"type": "line-start",
"ref": "P235673.3",
"n": "1",
"label": "i' 1"}
,
{
"node": "l",
"frag": "[...]",
"id": "P235673.l078f1",
"ref": "P235673.3.1",
"inst": "u",
"f": {"lang": "sux",
"form": "x",
"pos": "u"}
}
,
{
"node": "l",
"frag": "anše",
"id": "P235673.l078f2",
"ref": "P235673.3.2",
"inst": "ansze[equid]",
"sig": "@dcclt%sux:anše=anše[equid//equid]N'N$anše/anše#~",
"f": {"lang": "sux",
"form": "anše",
"cf": "anše",
"gw": "equid",
"sense": "equid",
"norm0": "anše",
"pos": "N",
"epos": "N",
"base": "anše",
"morph": "~"}
}
,
{
"node": "d",
"type": "line-start",
"ref": "P235673.4",
"n": "2",
"label": "i' 2"}
,
{
"node": "l",
"frag": "⸢e₂⸣-nu-si",
"id": "P235673.l078f3",
"ref": "P235673.4.1",
"inst": "PN",
"f": {"lang": "sux",
"form": "e₂-nu-si",
"pos": "PN"}
}
,
{
"node": "d",
"type": "line-start",
"ref": "P235673.5",
"n": "3",
"label": "i' 3"}
,
{
"node": "l",
"frag": "⸢šubur⸣{ki}",
"id": "P235673.l078f4",
"ref": "P235673.5.1",
"inst": "GN",
"f": {"lang": "sux",
"form": "šubur{ki}",
"pos": "GN"}
}
,
{
"node": "d",
"type": "line-start",
"ref": "P235673.6",
"n": "4",
"label": "i' 4"}
,
{
"node": "l",
"frag": "[mes]-pa-e₃-a",
"id": "P235673.l078f5",
"ref": "P235673.6.1",
"inst": "PN",
"f": {"lang": "sux",
"form": "mes-pa-e₃-a",
"pos": "PN"}
}
,
{
"node": "d",
"type": "line-start",
"ref": "P235673.7",
"n": "5",
"label": "i' 5"}
,
{
"node": "l",
"frag": "[...]-⸢in⸣-U",
"id": "P235673.l078f6",
"ref": "P235673.7.1",
"inst": "u",
"f": {"lang": "sux",
"form": "x-in-U",
"pos": "u"}
}
,
{
"node": "d",
"type": "line-start",
"ref": "P235673.8",
"n": "6",
"label": "i' 6"}
,
{
"node": "l",
"frag": "[...]-nu",
"id": "P235673.l078f7",
"ref": "P235673.8.1",
"inst": "PN",
"f": {"lang": "sux",
"form": "x-nu",
"pos": "PN"}
}
,
{
"node": "d",
"type": "line-start",
"ref": "P235673.9",
"n": "7",
"label": "i' 7"}
,
{
"node": "l",
"frag": "[...]-X-a",
"id": "P235673.l078f8",
"ref": "P235673.9.1",
"inst": "GN",
"f": {"lang": "sux",
"form": "x-X-a",
"pos": "GN"}
}
,
{
"node": "d",
"subtype": "column 2'",
"type": "column",
"ref": "P235673.ii_.10",
"n": "2",
"label": "ii'"}
,
{
"node": "d",
"type": "line-start",
"ref": "P235673.11",
"n": "1",
"label": "ii' 1"}
,
{
"node": "l",
"frag": "lugal-du₁₀",
"id": "P235673.l078f9",
"ref": "P235673.11.1",
"inst": "PN",
"f": {"lang": "sux",
"form": "lugal-du₁₀",
"pos": "PN"}
}
,
{
"node": "d",
"type": "line-start",
"ref": "P235673.12",
"n": "2",
"label": "ii' 2"}
,
{
"node": "l",
"frag": "lu₂",
"id": "P235673.l078fa",
"ref": "P235673.12.1",
"inst": "lu[person]",
"sig": "@dcclt%sux:lu₂=lu[person//person]N'N$lu/lu₂#~",
"f": {"lang": "sux",
"form": "lu₂",
"cf": "lu",
"gw": "person",
"sense": "person",
"norm0": "lu",
"pos": "N",
"epos": "N",
"base": "lu₂",
"morph": "~"}
}
,
{
"node": "l",
"frag": "durah",
"id": "P235673.l078fb",
"ref": "P235673.12.2",
"inst": "durah[goat]",
"sig": "@dcclt%sux:durah=durah[goat//figurine of a goat]N'N$durah/durah#~",
"f": {"lang": "sux",
"form": "durah",
"cf": "durah",
"gw": "goat",
"sense": "figurine of a goat",
"norm0": "durah",
"pos": "N",
"epos": "N",
"base": "durah",
"morph": "~"}
}
,
{
"node": "l",
"frag": "maš-da₃",
"id": "P235673.l078fc",
"ref": "P235673.12.3",
"inst": "maszda[gazelle]",
"sig": "@dcclt%sux:maš-da₃=mašda[gazelle//gazelle]N'N$mašda/maš-da₃#~",
"f": {"lang": "sux",
"form": "maš-da₃",
"cf": "mašda",
"gw": "gazelle",
"sense": "gazelle",
"norm0": "mašda",
"pos": "N",
"epos": "N",
"base": "maš-da₃",
"morph": "~"}
}
,
{
"node": "l",
"frag": "SAL",
"id": "P235673.l078fd",
"ref": "P235673.12.4",
"inst": "X",
"f": {"lang": "sux",
"form": "SAL",
"pos": "X"}
}
,
{
"node": "d",
"type": "line-start",
"ref": "P235673.13",
"n": "3",
"label": "ii' 3"}
,
{
"node": "l",
"frag": "ur-|URU×TU||URU×TU|",
"id": "P235673.l078fe",
"ref": "P235673.13.1",
"inst": "PN",
"f": {"lang": "sux",
"form": "ur-|URU×TU|-|URU×TU|",
"pos": "PN"}
}
,
{
"node": "d",
"type": "line-start",
"ref": "P235673.14",
"n": "4",
"label": "ii' 4"}
,
{
"node": "l",
"frag": "bur-gul",
"id": "P235673.l078ff",
"ref": "P235673.14.1",
"inst": "burgul[stone-cutter]",
"sig": "@dcclt%sux:bur-gul=burgul[stone-cutter//stone-cutter]N'N$burgul/bur-gul#~",
"f": {"lang": "sux",
"form": "bur-gul",
"cf": "burgul",
"gw": "stone-cutter",
"sense": "stone-cutter",
"norm0": "burgul",
"pos": "N",
"epos": "N",
"base": "bur-gul",
"morph": "~"}
}
,
{
"node": "d",
"type": "line-start",
"ref": "P235673.15",
"n": "5",
"label": "ii' 5"}
,
{
"node": "l",
"frag": "ur-e₃-a",
"id": "P235673.l07900",
"ref": "P235673.15.1",
"inst": "PN",
"f": {"lang": "sux",
"form": "ur-e₃-a",
"pos": "PN"}
}
,
{
"node": "d",
"type": "line-start",
"ref": "P235673.16",
"n": "6",
"label": "ii' 6"}
,
{
"node": "l",
"frag": "lu₂",
"id": "P235673.l07901",
"ref": "P235673.16.1",
"inst": "lu[person]",
"sig": "@dcclt%sux:lu₂=lu[person//person]N'N$lu/lu₂#~",
"f": {"lang": "sux",
"form": "lu₂",
"cf": "lu",
"gw": "person",
"sense": "person",
"norm0": "lu",
"pos": "N",
"epos": "N",
"base": "lu₂",
"morph": "~"}
}
,
{
"node": "l",
"frag": "ŋeštin",
"id": "P235673.l07902",
"ref": "P235673.16.2",
"inst": "jesztin[vine]",
"sig": "@dcclt%sux:ŋeštin=ŋeštin[vine//vine]N'N$ŋeštin/ŋeštin#~",
"f": {"lang": "sux",
"form": "ŋeštin",
"cf": "ŋeštin",
"gw": "vine",
"sense": "vine",
"norm0": "ŋeštin",
"pos": "N",
"epos": "N",
"base": "ŋeštin",
"morph": "~"}
}
,
{
"node": "d",
"type": "line-start",
"ref": "P235673.17",
"n": "7",
"label": "ii' 7"}
,
{
"node": "l",
"frag": "utu-pa-e₃-a",
"id": "P235673.l07903",
"ref": "P235673.17.1",
"inst": "PN",
"f": {"lang": "sux",
"form": "utu-pa-e₃-a",
"pos": "PN"}
}
,
{
"node": "d",
"type": "line-start",
"ref": "P235673.18",
"n": "8",
"label": "ii' 8"}
,
{
"node": "l",
"frag": "muhaldim",
"id": "P235673.l07904",
"ref": "P235673.18.1",
"inst": "muhaldim[cook]",
"sig": "@dcclt%sux:muhaldim=muhaldim[cook//cook]N'N$muhaldim/muhaldim#~",
"f": {"lang": "sux",
"form": "muhaldim",
"cf": "muhaldim",
"gw": "cook",
"sense": "cook",
"norm0": "muhaldim",
"pos": "N",
"epos": "N",
"base": "muhaldim",
"morph": "~"}
}
,
{
"node": "d",
"subtype": "column 3'",
"type": "column",
"ref": "P235673.iii_.19",
"n": "3",
"label": "iii'"}
,
{
"node": "d",
"type": "line-start",
"ref": "P235673.20",
"n": "1",
"label": "iii' 1"}
,
{
"node": "l",
"frag": "⸢suš₃⸣",
"id": "P235673.l07905",
"ref": "P235673.20.1",
"inst": "kuš[official]",
"sig": "@dcclt%sux:suš₃=kuš[official//a high official]N'N$kuš/suš₃#~",
"f": {"lang": "sux",
"form": "suš₃",
"cf": "kuš",
"gw": "official",
"sense": "a high official",
"norm0": "kuš",
"pos": "N",
"epos": "N",
"base": "suš₃",
"morph": "~"}
}
,
{
"node": "l",
"frag": "[...]",
"id": "P235673.l07906",
"ref": "P235673.20.2",
"inst": "u",
"f": {"lang": "sux",
"form": "x",
"pos": "u"}
}
,
{
"node": "d",
"type": "line-start",
"ref": "P235673.21",
"n": "2",
"label": "iii' 2"}
,
{
"node": "l",
"frag": "mes-[...]",
"id": "P235673.l07907",
"ref": "P235673.21.1",
"inst": "PN",
"f": {"lang": "sux",
"form": "mes-x",
"pos": "PN"}
}
,
{
"node": "d",
"type": "line-start",
"ref": "P235673.22",
"n": "3",
"label": "iii' 3"}
,
{
"node": "l",
"frag": "gal:sukkal",
"id": "P235673.l07908",
"ref": "P235673.22.1",
"inst": "sukkalgal[official]",
"sig": "@dcclt%sux:gal-sukkal=sukkalgal[official//an official]N'N$sukkalgal/sukkalgalₓ(|GAL.LUH|)#~",
"f": {"lang": "sux",
"form": "gal-sukkal",
"cf": "sukkalgal",
"gw": "official",
"sense": "an official",
"norm0": "sukkalgal",
"pos": "N",
"epos": "N",
"base": "sukkalgalₓ(|GAL.LUH|)",
"morph": "~"}
}
,
{
"node": "l",
"frag": "e₂-sagₓ(KWU509)",
"id": "P235673.l07909",
"ref": "P235673.22.2",
"inst": "esaj[store]",
"sig": "@dcclt%sux:e₂-sagₓ(KWU509)=esaŋ[store//store]N'N$esaŋ/e₂-sagₓ(KWU509)#~",
"f": {"lang": "sux",
"form": "e₂-sagₓ(KWU509)",
"cf": "esaŋ",
"gw": "store",
"sense": "store",
"norm0": "esaŋ",
"pos": "N",
"epos": "N",
"base": "e₂-sagₓ(KWU509)",
"morph": "~"}
}
,
{
"node": "d",
"type": "line-start",
"ref": "P235673.23",
"n": "4",
"label": "iii' 4"}
,
{
"node": "l",
"frag": "{d}GIG-ra-a",
"id": "P235673.l0790a",
"ref": "P235673.23.1",
"inst": "PN",
"f": {"lang": "sux",
"form": "{d}GIG-ra-a",
"pos": "PN"}
}
,
{
"node": "d",
"type": "line-start",
"ref": "P235673.24",
"n": "5",
"label": "iii' 5"}
,
{
"node": "l",
"frag": "NE@s-a₂-nu-du₁₀",
"id": "P235673.l0790b",
"ref": "P235673.24.1",
"inst": "PN",
"f": {"lang": "sux",
"form": "NE@s-a₂-nu-du₁₀",
"pos": "PN"}
}
,
{
"node": "d",
"type": "line-start",
"ref": "P235673.25",
"n": "6",
"label": "iii' 6"}
,
{
"node": "l",
"frag": "šabra",
"id": "P235673.l0790c",
"ref": "P235673.25.1",
"inst": "szabra[administrator]",
"sig": "@dcclt%sux:šabra=šabra[administrator//chief administrator of a temple or other household]N'N$šabra/šabra#~",
"f": {"lang": "sux",
"form": "šabra",
"cf": "šabra",
"gw": "administrator",
"sense": "chief administrator of a temple or other household",
"norm0": "šabra",
"pos": "N",
"epos": "N",
"base": "šabra",
"morph": "~"}
}
,
{
"node": "d",
"type": "line-start",
"ref": "P235673.26",
"n": "7",
"label": "iii' 7"}
,
{
"node": "l",
"frag": "u₃-sar",
"id": "P235673.l0790d",
"ref": "P235673.26.1",
"inst": "PN",
"f": {"lang": "sux",
"form": "u₃-sar",
"pos": "PN"}
}
,
{
"node": "d",
"type": "line-start",
"ref": "P235673.27",
"n": "8",
"label": "iii' 8"}
,
{
"node": "l",
"frag": "u₃-[gal-gal]",
"id": "P235673.l0790e",
"ref": "P235673.27.1",
"inst": "X",
"f": {"lang": "sux",
"form": "u₃-gal-gal",
"pos": "X"}
}
,
{
"node": "d",
"subtype": "column 4'",
"type": "column",
"ref": "P235673.iv_.28",
"n": "4",
"label": "iv'"}
,
{
"node": "d",
"type": "line-start",
"ref": "P235673.29",
"n": "1",
"label": "iv' 1"}
,
{
"node": "l",
"frag": "[ašgab]-gal",
"id": "P235673.l0790f",
"ref": "P235673.29.1",
"inst": "aszgabgal[leatherworker]",
"sig": "@dcclt%sux:ašgab-gal=ašgabgal[leatherworker//chief leatherworker]N'N$ašgabgal/ašgab-gal#~",
"f": {"lang": "sux",
"form": "ašgab-gal",
"cf": "ašgabgal",
"gw": "leatherworker",
"sense": "chief leatherworker",
"norm0": "ašgabgal",
"pos": "N",
"epos": "N",
"base": "ašgab-gal",
"morph": "~"}
}
,
{
"node": "d",
"type": "line-start",
"ref": "P235673.30",
"n": "2",
"label": "iv' 2"}
,
{
"node": "l",
"frag": "amar-an",
"id": "P235673.l07910",
"ref": "P235673.30.1",
"inst": "PN",
"f": {"lang": "sux",
"form": "amar-an",
"pos": "PN"}
}
,
{
"node": "d",
"type": "line-start",
"ref": "P235673.31",
"n": "3",
"label": "iv' 3"}
,
{
"node": "l",
"frag": "lu₂",
"id": "P235673.l07911",
"ref": "P235673.31.1",
"inst": "lu[person]",
"sig": "@dcclt%sux:lu₂=lu[person//person]N'N$lu/lu₂#~",
"f": {"lang": "sux",
"form": "lu₂",
"cf": "lu",
"gw": "person",
"sense": "person",
"norm0": "lu",
"pos": "N",
"epos": "N",
"base": "lu₂",
"morph": "~"}
}
,
{
"node": "l",
"frag": "su-a-si",
"id": "P235673.l07912",
"ref": "P235673.31.2",
"inst": "susig[flayer]",
"sig": "@dcclt%sux:su-a-si=susig[flayer//animal flayer]N'N$susig/su-a-si#~",
"f": {"lang": "sux",
"form": "su-a-si",
"cf": "susig",
"gw": "flayer",
"sense": "animal flayer",
"norm0": "susig",
"pos": "N",
"epos": "N",
"base": "su-a-si",
"morph": "~"}
}
,
{
"node": "d",
"type": "line-start",
"ref": "P235673.32",
"n": "4",
"label": "iv' 4"}
,
{
"node": "l",
"frag": "i-na-sar",
"id": "P235673.l07913",
"ref": "P235673.32.1",
"inst": "PN",
"f": {"lang": "sux",
"form": "i-na-sar",
"pos": "PN"}
}
,
{
"node": "d",
"type": "line-start",
"ref": "P235673.33",
"n": "5",
"label": "iv' 5"}
,
{
"node": "l",
"frag": "šu-i",
"id": "P235673.l07914",
"ref": "P235673.33.1",
"inst": "szuʾi[barber]",
"sig": "@dcclt%sux:šu-i=šuʾi[barber//barber]N'N$šuʾi/šu-i#~",
"f": {"lang": "sux",
"form": "šu-i",
"cf": "šuʾi",
"gw": "barber",
"sense": "barber",
"norm0": "šuʾi",
"pos": "N",
"epos": "N",
"base": "šu-i",
"morph": "~"}
}
,
{
"node": "d",
"type": "line-start",
"ref": "P235673.34",
"n": "6",
"label": "iv' 6"}
,
{
"node": "l",
"frag": "lugal-šim",
"id": "P235673.l07915",
"ref": "P235673.34.1",
"inst": "PN",
"f": {"lang": "sux",
"form": "lugal-šim",
"pos": "PN"}
}
,
{
"node": "d",
"type": "line-start",
"ref": "P235673.35",
"n": "7",
"label": "iv' 7"}
,
{
"node": "l",
"frag": "⸢agrig⸣",
"id": "P235673.l07916",
"ref": "P235673.35.1",
"inst": "agrig[steward]",
"sig": "@dcclt%sux:agrig=agrig[steward//steward, housekeeper]N'N$agrig/agrig#~",
"f": {"lang": "sux",
"form": "agrig",
"cf": "agrig",
"gw": "steward",
"sense": "steward, housekeeper",
"norm0": "agrig",
"pos": "N",
"epos": "N",
"base": "agrig",
"morph": "~"}
}
,
{
"node": "d",
"subtype": "column 5'",
"type": "column",
"ref": "P235673.v_.36",
"n": "5",
"label": "v'"}
,
{
"node": "d",
"type": "line-start",
"ref": "P235673.37",
"n": "1",
"label": "v' 1"}
,
{
"node": "l",
"frag": "im-mar",
"id": "P235673.l07917",
"ref": "P235673.37.1",
"inst": "PN",
"f": {"lang": "sux",
"form": "im-mar",
"pos": "PN"}
}
,
{
"node": "d",
"type": "line-start",
"ref": "P235673.38",
"n": "2",
"label": "v' 2"}
,
{
"node": "l",
"frag": "e₂-bur-gul",
"id": "P235673.l07918",
"ref": "P235673.38.1",
"inst": "eburgul[workshop]",
"sig": "@dcclt%sux:e₂-bur-gul=eburgul[workshop//stone-cutter's workshop]N'N$eburgul/e₂-bur-gul#~",
"f": {"lang": "sux",
"form": "e₂-bur-gul",
"cf": "eburgul",
"gw": "workshop",
"sense": "stone-cutter's workshop",
"norm0": "eburgul",
"pos": "N",
"epos": "N",
"base": "e₂-bur-gul",
"morph": "~"}
}
,
{
"node": "d",
"type": "line-start",
"ref": "P235673.39",
"n": "3",
"label": "v' 3"}
,
{
"node": "l",
"frag": "saŋ-diŋir-HUB₂",
"id": "P235673.l07919",
"ref": "P235673.39.1",
"inst": "PN",
"f": {"lang": "sux",
"form": "saŋ-diŋir-HUB₂",
"pos": "PN"}
}
,
{
"node": "d",
"type": "line-start",
"ref": "P235673.40",
"n": "4",
"label": "v' 4"}
,
{
"node": "l",
"frag": "ŋanun",
"id": "P235673.l0791a",
"ref": "P235673.40.1",
"inst": "janun[storehouse]",
"sig": "@dcclt%sux:ŋanun=ŋanun[storehouse//storehouse]N'N$ŋanun/ŋanun#~",
"f": {"lang": "sux",
"form": "ŋanun",
"cf": "ŋanun",
"gw": "storehouse",
"sense": "storehouse",
"norm0": "ŋanun",
"pos": "N",
"epos": "N",
"base": "ŋanun",
"morph": "~"}
}
,
{
"node": "l",
"frag": "adda₂",
"id": "P235673.l0791b",
"ref": "P235673.40.2",
"inst": "adda[corpse]",
"sig": "@dcclt%sux:adda₂=adda[corpse//corpse]N'N$adda/adda₂#~",
"f": {"lang": "sux",
"form": "adda₂",
"cf": "adda",
"gw": "corpse",
"sense": "corpse",
"norm0": "adda",
"pos": "N",
"epos": "N",
"base": "adda₂",
"morph": "~"}
}
,
{
"node": "d",
"type": "line-start",
"ref": "P235673.41",
"n": "5",
"label": "v' 5"}
,
{
"node": "l",
"frag": "a-za-bu₃",
"id": "P235673.l0791c",
"ref": "P235673.41.1",
"inst": "PN",
"f": {"lang": "sux",
"form": "a-za-bu₃",
"pos": "PN"}
}
,
{
"node": "d",
"type": "line-start",
"ref": "P235673.42",
"n": "6",
"label": "v' 6"}
,
{
"node": "l",
"frag": "sikil-⸢sikil⸣",
"id": "P235673.l0791d",
"ref": "P235673.42.1",
"inst": "sikil[pure]",
"sig": "@dcclt%sux:sikil-sikil=sikil[pure//pure]V/i'V/i$sikil/sikil-sikil#~",
"f": {"lang": "sux",
"form": "sikil-sikil",
"cf": "sikil",
"gw": "pure",
"sense": "pure",
"norm0": "sikil",
"pos": "V/i",
"epos": "V/i",
"base": "sikil-sikil",
"morph": "~"}
}
,
{
"node": "d",
"type": "nonx",
"ref": "P235673.43",
"strict": "1",
"extent": "1",
"scope": "line",
"state": "traces"}
,
{
"node": "d",
"subtype": "top",
"type": "surface",
"ref": "P235673.t.e..44",
"type": "top",
"label": "t.e."}
,
{
"node": "d",
"type": "line-start",
"ref": "P235673.45",
"n": "1",
"label": "t.e. 1"}
,
{
"node": "l",
"frag": "{d}nisaba",
"id": "P235673.l0791e",
"ref": "P235673.45.1",
"inst": "Nisaba[]DN",
"sig": "@dcclt%sux:{d}nisaba=Nisaba[1//1]DN'DN$Nisaba/{d}nisaba#~",
"f": {"lang": "sux",
"form": "{d}nisaba",
"cf": "Nisaba",
"gw": "1",
"sense": "1",
"norm0": "Nisaba",
"pos": "DN",
"epos": "DN",
"base": "{d}nisaba",
"morph": "~"}
}
,
{
"node": "d",
"type": "line-start",
"ref": "P235673.46",
"n": "2",
"label": "t.e. 2"}
,
{
"node": "l",
"frag": "munus",
"id": "P235673.l0791f",
"ref": "P235673.46.1",
"inst": "munus[woman]",
"sig": "@dcclt%sux:munus=munus[woman//woman]N'N$munus/munus#~",
"f": {"lang": "sux",
"form": "munus",
"cf": "munus",
"gw": "woman",
"sense": "woman",
"norm0": "munus",
"pos": "N",
"epos": "N",
"base": "munus",
"morph": "~"}
}
,
{
"node": "l",
"frag": "zid",
"id": "P235673.l07920",
"ref": "P235673.46.2",
"inst": "zid[right]",
"sig": "@dcclt%sux:zid=zid[right//right]V/i'V/i$zid/zid#~",
"f": {"lang": "sux",
"form": "zid",
"cf": "zid",
"gw": "right",
"sense": "right",
"norm0": "zid",
"pos": "V/i",
"epos": "V/i",
"base": "zid",
"morph": "~"}
}
,
{
"node": "d",
"type": "line-start",
"ref": "P235673.47",
"n": "3",
"label": "t.e. 3"}
,
{
"node": "l",
"frag": "munus",
"id": "P235673.l07921",
"ref": "P235673.47.1",
"inst": "munus[woman]",
"sig": "@dcclt%sux:munus=munus[woman//woman]N'N$munus/munus#~",
"f": {"lang": "sux",
"form": "munus",
"cf": "munus",
"gw": "woman",
"sense": "woman",
"norm0": "munus",
"pos": "N",
"epos": "N",
"base": "munus",
"morph": "~"}
}
,
{
"node": "l",
"frag": "sag₉-ga",
"id": "P235673.l07922",
"ref": "P235673.47.2",
"inst": "sag[good]",
"sig": "@dcclt%sux:sag₉-ga=sag[good//good]V/i'V/i$sag;a/sag₉+-ga=g.a#~;a",
"f": {"lang": "sux",
"form": "sag₉-ga",
"cf": "sag",
"gw": "good",
"sense": "good",
"norm0": "sag;a",
"pos": "V/i",
"epos": "V/i",
"base": "sag₉",
"cont": "-ga=g.a",
"morph": "~;a"}
}
,
{
"node": "d",
"type": "line-start",
"ref": "P235673.48",
"n": "4",
"label": "t.e. 4"}
,
{
"node": "l",
"frag": "⸢x⸣-BU-[...]",
"id": "P235673.l07923",
"ref": "P235673.48.1",
"inst": "PN",
"f": {"lang": "sux",
"form": "x-BU-x",
"pos": "PN"}
}
,
{
"node": "d",
"type": "line-start",
"ref": "P235673.49",
"n": "5",
"label": "t.e. 5"}
,
{
"node": "l",
"frag": "dub-[sar]",
"id": "P235673.l07924",
"ref": "P235673.49.1",
"inst": "dubsar[scribe]",
"sig": "@dcclt%sux:dub-sar=dubsar[scribe//scribe]N'N$dubsar/dub-sar#~",
"f": {"lang": "sux",
"form": "dub-sar",
"cf": "dubsar",
"gw": "scribe",
"sense": "scribe",
"norm0": "dubsar",
"pos": "N",
"epos": "N",
"base": "dub-sar",
"morph": "~"}
}
,
{
"node": "d",
"type": "line-start",
"ref": "P235673.50",
"n": "6",
"label": "t.e. 6"}
,
{
"node": "l",
"frag": "arad₂-[zu]",
"id": "P235673.l07925",
"ref": "P235673.50.1",
"inst": "arad[slave]",
"sig": "@dcclt%sux:arad₂-zu=arad[slave//slave, servant]N'N$arad,zu/arad₂#~,zu",
"f": {"lang": "sux",
"form": "arad₂-zu",
"cf": "arad",
"gw": "slave",
"sense": "slave, servant",
"norm0": "arad,zu",
"pos": "N",
"epos": "N",
"base": "arad₂",
"morph": "~,zu"}
}
,
{
"node": "d",
"type": "line-start",
"ref": "P235673.51",
"n": "7",
"label": "t.e. 7"}
,
{
"node": "l",
"frag": "NE-⸢NE⸣-[...]",
"id": "P235673.l07926",
"ref": "P235673.51.1",
"inst": "PN",
"f": {"lang": "sux",
"form": "NE-NE-x",
"pos": "PN"}
}
,
{
"node": "d",
"type": "line-start",
"ref": "P235673.52",
"n": "8",
"label": "t.e. 8"}
,
{
"node": "l",
"frag": "iš-[ṭu-ur]",
"id": "P235673.l07927",
"ref": "P235673.52.1",
"inst": "%akk:iš-ṭu-ur=",
"f": {"lang": "akk",
"form": "iš-ṭu-ur"}
}
]}
]}
]}
]}
