{
"type": "cdl",
  "source": "http://oracc.org/dcclt",
  "license": "This data is released under the CC0 license",
  "license-url": "https://creativecommons.org/publicdomain/zero/1.0/",
  "more-info": "http://oracc.org/doc/opendata/",
  "UTC-timestamp": "2017-05-19T18:24:54",
"project": "dcclt",
"textid": "P235800",
"cdl": [
{
"node": "c",
"type": "text",
"id": "P235800.U0",
"cdl": [
{
"node": "d",
"subtype": "tablet",
"type": "object",
"ref": "P235800.x793.1",
"type": "tablet",
"label": "x793"}
,
{
"node": "d",
"subtype": "obverse",
"type": "surface",
"ref": "P235800.o.2",
"type": "obverse",
"label": "o"}
,
{
"node": "c",
"type": "discourse",
"subtype": "body",
"id": "P235800.U1",
"cdl": [
{
"node": "c",
"type": "sentence",
"id": "P235800.U2",
"label": "o 1 - o 4",
"cdl": [
{
"node": "d",
"type": "line-start",
"ref": "P235800.3",
"n": "1",
"label": "o 1"}
,
{
"node": "l",
"frag": "muš",
"id": "P235800.l2118b",
"ref": "P235800.3.1",
"inst": "muš[snake]",
"sig": "@dcclt%sux:muš=muš[snake//snake]N'N$muš/muš#~",
"f": {"lang": "sux",
"form": "muš",
"cf": "muš",
"gw": "snake",
"sense": "snake",
"norm0": "muš",
"pos": "N",
"epos": "N",
"base": "muš",
"morph": "~"}
}
,
{
"node": "d",
"type": "line-start",
"ref": "P235800.4",
"n": "2",
"label": "o 2"}
,
{
"node": "l",
"frag": "muš",
"id": "P235800.l2118c",
"ref": "P235800.4.1",
"inst": "muš[snake]",
"sig": "@dcclt%sux:muš=muš[snake//snake]N'N$muš/muš#~",
"f": {"lang": "sux",
"form": "muš",
"cf": "muš",
"gw": "snake",
"sense": "snake",
"norm0": "muš",
"pos": "N",
"epos": "N",
"base": "muš",
"morph": "~"}
}
,
{
"node": "l",
"frag": "huš",
"id": "P235800.l2118d",
"ref": "P235800.4.2",
"inst": "huš[angry]",
"sig": "@dcclt%sux:huš=huš[reddish//(to be) furious, angry]V/i'V/i$huš/huš#~",
"f": {"lang": "sux",
"form": "huš",
"cf": "huš",
"gw": "reddish",
"sense": "(to be) furious, angry",
"norm0": "huš",
"pos": "V/i",
"epos": "V/i",
"base": "huš",
"morph": "~"}
}
,
{
"node": "d",
"type": "line-start",
"ref": "P235800.5",
"n": "3",
"label": "o 3"}
,
{
"node": "l",
"frag": "muš",
"id": "P235800.l2118e",
"ref": "P235800.5.1",
"inst": "muš[snake]",
"sig": "@dcclt%sux:muš=muš[snake//snake]N'N$muš/muš#~",
"f": {"lang": "sux",
"form": "muš",
"cf": "muš",
"gw": "snake",
"sense": "snake",
"norm0": "muš",
"pos": "N",
"epos": "N",
"base": "muš",
"morph": "~"}
}
,
{
"node": "l",
"frag": "ušum(GIR₂@g)",
"id": "P235800.l2118f",
"ref": "P235800.5.2",
"inst": "ušum[snake]",
"sig": "@dcclt%sux:ušum=ušum[snake//snake]N'N$ušum/ušum#~",
"f": {"lang": "sux",
"form": "ušum",
"cf": "ušum",
"gw": "snake",
"sense": "snake",
"norm0": "ušum",
"pos": "N",
"epos": "N",
"base": "ušum",
"morph": "~"}
}
,
{
"node": "d",
"type": "line-start",
"ref": "P235800.6",
"n": "4",
"label": "o 4"}
,
{
"node": "l",
"frag": "muš",
"id": "P235800.l21190",
"ref": "P235800.6.1",
"inst": "muš[snake]",
"sig": "@dcclt%sux:muš=muš[snake//snake]N'N$muš/muš#~",
"f": {"lang": "sux",
"form": "muš",
"cf": "muš",
"gw": "snake",
"sense": "snake",
"norm0": "muš",
"pos": "N",
"epos": "N",
"base": "muš",
"morph": "~"}
}
,
{
"node": "l",
"frag": "a",
"id": "P235800.l21191",
"ref": "P235800.6.2",
"inst": "a[water]",
"sig": "@dcclt%sux:a=a[water//water]N'N$a/a#~",
"f": {"lang": "sux",
"form": "a",
"cf": "a",
"gw": "water",
"sense": "water",
"norm0": "a",
"pos": "N",
"epos": "N",
"base": "a",
"morph": "~"}
}
]}
]}
]}
]}
