{
"type": "cdl",
  "source": "http://oracc.org/dcclt",
  "license": "This data is released under the CC0 license",
  "license-url": "https://creativecommons.org/publicdomain/zero/1.0/",
  "more-info": "http://oracc.org/doc/opendata/",
  "UTC-timestamp": "2017-05-19T18:25:01",
"project": "dcclt",
"textid": "P241948",
"cdl": [
{
"node": "c",
"type": "text",
"id": "P241948.U0",
"cdl": [
{
"node": "d",
"type": "object",
"ref": ""}
,
{
"node": "d",
"subtype": "obverse",
"type": "surface",
"ref": "P241948.o.1",
"type": "obverse",
"label": "o"}
,
{
"node": "d",
"subtype": "column 1o",
"type": "column",
"ref": "P241948.o.i.2",
"n": "1",
"label": "o i"}
,
{
"node": "d",
"type": "nonx",
"ref": "P241948.3",
"strict": "0",
"extent": "1",
"state": "other"}
,
{
"node": "c",
"type": "discourse",
"subtype": "body",
"id": "P241948.U1",
"cdl": [
{
"node": "c",
"type": "sentence",
"id": "P241948.U2",
"label": "o i 1 - r ii 9",
"cdl": [
{
"node": "d",
"type": "line-start",
"ref": "P241948.4",
"n": "1",
"label": "o i 1"}
,
{
"node": "l",
"frag": "da-da-tum",
"id": "P241948.l05634",
"ref": "P241948.4.1",
"inst": "%akk-x-earakk:da-da-tum=",
"f": {"lang": "akk-x-earakk",
"form": "da-da-tum"}
}
,
{
"node": "d",
"type": "line-start",
"ref": "P241948.5",
"n": "2",
"label": "o i 2"}
,
{
"node": "l",
"frag": "NI-me-ga-tum",
"id": "P241948.l05635",
"ref": "P241948.5.1",
"inst": "%akk-x-earakk:NI-me-ga-tum=",
"f": {"lang": "akk-x-earakk",
"form": "NI-me-ga-tum"}
}
,
{
"node": "d",
"type": "line-start",
"ref": "P241948.6",
"n": "3",
"label": "o i 3"}
,
{
"node": "l",
"frag": "ag-lum",
"id": "P241948.l05636",
"ref": "P241948.6.1",
"inst": "+agālu[donkey]N$aglum",
"sig": "@dcclt%akk-x-earakk:ag-lum=agālu[donkey//donkey]N'N$aglum",
"f": {"lang": "akk-x-earakk",
"form": "ag-lum",
"cf": "agālu",
"gw": "donkey",
"sense": "donkey",
"norm": "aglum",
"pos": "N",
"epos": "N"}
}
,
{
"node": "d",
"type": "line-start",
"ref": "P241948.7",
"n": "4",
"label": "o i 4"}
,
{
"node": "l",
"frag": "še₃-bar-ru₁₂",
"id": "P241948.l05637",
"ref": "P241948.7.1",
"inst": "+sappāru[wild ram]N$šibarru",
"sig": "@dcclt%akk-x-earakk:še₃-bar-ru₁₂=sappāru[wild ram//wild ram]N'N$šibarru",
"f": {"lang": "akk-x-earakk",
"form": "še₃-bar-ru₁₂",
"cf": "sappāru",
"gw": "wild ram",
"sense": "wild ram",
"norm": "šibarru",
"pos": "N",
"epos": "N"}
}
,
{
"node": "d",
"type": "line-start",
"ref": "P241948.8",
"n": "5",
"label": "o i 5"}
,
{
"node": "l",
"frag": "na-me-lum",
"id": "P241948.l05638",
"ref": "P241948.8.1",
"inst": "+nimru[leopard]N$namerum",
"sig": "@dcclt%akk-x-earakk:na-me-lum=nimru[leopard//leopard]N'N$namerum",
"f": {"lang": "akk-x-earakk",
"form": "na-me-lum",
"cf": "nimru",
"gw": "leopard",
"sense": "leopard",
"norm": "namerum",
"pos": "N",
"epos": "N"}
}
,
{
"node": "d",
"type": "line-start",
"ref": "P241948.9",
"n": "6",
"label": "o i 6"}
,
{
"node": "l",
"frag": "a-zu-um",
"id": "P241948.l05639",
"ref": "P241948.9.1",
"inst": "+asu[bear]N$azum",
"sig": "@dcclt%akk-x-earakk:a-zu-um=asu[bear//bear]N'N$azum",
"f": {"lang": "akk-x-earakk",
"form": "a-zu-um",
"cf": "asu",
"gw": "bear",
"sense": "bear",
"norm": "azum",
"pos": "N",
"epos": "N"}
}
,
{
"node": "d",
"type": "line-start",
"ref": "P241948.10",
"n": "7",
"label": "o i 7"}
,
{
"node": "l",
"frag": "mu-da-ne-num₂",
"id": "P241948.l0563a",
"ref": "P241948.10.1",
"inst": "+mindinu[tiger]N$mudanenum",
"sig": "@dcclt%akk-x-earakk:mu-da-ne-num₂=mindinu[tiger//tiger]N'N$mudanenum",
"f": {"lang": "akk-x-earakk",
"form": "mu-da-ne-num₂",
"cf": "mindinu",
"gw": "tiger",
"sense": "tiger",
"norm": "mudanenum",
"pos": "N",
"epos": "N"}
}
,
{
"node": "d",
"type": "line-start",
"ref": "P241948.11",
"n": "8",
"label": "o i 8"}
,
{
"node": "l",
"frag": "⸢anše-su⸣-su-um",
"id": "P241948.l0563b",
"ref": "P241948.11.1",
"inst": "%akk-x-earakk:anše-su-su-um=",
"f": {"lang": "akk-x-earakk",
"form": "anše-su-su-um"}
}
,
{
"node": "d",
"type": "line-start",
"ref": "P241948.12",
"n": "9",
"label": "o i 9"}
,
{
"node": "l",
"frag": "ga-da-um",
"id": "P241948.l0563c",
"ref": "P241948.12.1",
"inst": "%akk-x-earakk:ga-da-um=",
"f": {"lang": "akk-x-earakk",
"form": "ga-da-um"}
}
,
{
"node": "d",
"type": "nonw",
"ref": ""}
,
{
"node": "d",
"type": "line-start",
"ref": "P241948.13",
"n": "10",
"label": "o i 10"}
,
{
"node": "l",
"frag": "sa-na-ag-da-um",
"id": "P241948.l0563d",
"ref": "P241948.13.1",
"inst": "%akk-x-earakk:sa-na-ag-da-um=",
"f": {"lang": "akk-x-earakk",
"form": "sa-na-ag-da-um"}
}
,
{
"node": "d",
"type": "nonx",
"ref": "P241948.14",
"strict": "0",
"extent": "2",
"state": "other"}
,
{
"node": "d",
"type": "line-start",
"ref": "P241948.15",
"n": "11",
"label": "o i 11"}
,
{
"node": "l",
"frag": "u₃-na-[x]-⸢um⸣",
"id": "P241948.l0563e",
"ref": "P241948.15.1",
"inst": "%akk-x-earakk:u₃-na-x-um=",
"f": {"lang": "akk-x-earakk",
"form": "u₃-na-x-um"}
}
,
{
"node": "d",
"type": "nonw",
"ref": ""}
,
{
"node": "d",
"subtype": "column 2o",
"type": "column",
"ref": "P241948.o.ii.16",
"n": "2",
"label": "o ii"}
,
{
"node": "d",
"type": "line-start",
"ref": "P241948.17",
"n": "1",
"label": "o ii 1"}
,
{
"node": "l",
"frag": "aš-lu-gu₂",
"id": "P241948.l0563f",
"ref": "P241948.17.1",
"inst": "%akk-x-earakk:aš-lu-gu₂=",
"f": {"lang": "akk-x-earakk",
"form": "aš-lu-gu₂"}
}
,
{
"node": "l",
"frag": "mar-ru₁₂",
"id": "P241948.l05640",
"ref": "P241948.17.2",
"inst": "%akk-x-earakk:mar-ru₁₂=",
"f": {"lang": "akk-x-earakk",
"form": "mar-ru₁₂"}
}
,
{
"node": "l",
"frag": "AK",
"id": "P241948.l05641",
"ref": "P241948.17.3",
"inst": "%akk-x-earakk:AK=",
"f": {"lang": "akk-x-earakk",
"form": "AK"}
}
,
{
"node": "d",
"type": "nonw",
"ref": ""}
,
{
"node": "d",
"type": "line-start",
"ref": "P241948.18",
"n": "2",
"label": "o ii 2"}
,
{
"node": "l",
"frag": "zu-bu₃-gu₂-um",
"id": "P241948.l05642",
"ref": "P241948.18.1",
"inst": "%akk-x-earakk:zu-bu₃-gu₂-um=",
"f": {"lang": "akk-x-earakk",
"form": "zu-bu₃-gu₂-um"}
}
,
{
"node": "d",
"type": "line-start",
"ref": "P241948.19",
"n": "3",
"label": "o ii 3"}
,
{
"node": "l",
"frag": "gi-ba-sum",
"id": "P241948.l05643",
"ref": "P241948.19.1",
"inst": "%akk-x-earakk:gi-ba-sum=",
"f": {"lang": "akk-x-earakk",
"form": "gi-ba-sum"}
}
,
{
"node": "d",
"type": "line-start",
"ref": "P241948.20",
"n": "4",
"label": "o ii 4"}
,
{
"node": "l",
"frag": "šu-ga-tum",
"id": "P241948.l05644",
"ref": "P241948.20.1",
"inst": "%akk-x-earakk:šu-ga-tum=",
"f": {"lang": "akk-x-earakk",
"form": "šu-ga-tum"}
}
,
{
"node": "d",
"type": "line-start",
"ref": "P241948.21",
"n": "5",
"label": "o ii 5"}
,
{
"node": "l",
"frag": "u₃-šu-mu-um",
"id": "P241948.l05645",
"ref": "P241948.21.1",
"inst": "+ušummu[dormouse]N$ušummum",
"sig": "@dcclt%akk-x-earakk:u₃-šu-mu-um=ušummu[dormouse//dormouse]N'N$ušummum",
"f": {"lang": "akk-x-earakk",
"form": "u₃-šu-mu-um",
"cf": "ušummu",
"gw": "dormouse",
"sense": "dormouse",
"norm": "ušummum",
"pos": "N",
"epos": "N"}
}
,
{
"node": "d",
"type": "line-start",
"ref": "P241948.22",
"n": "6",
"label": "o ii 6"}
,
{
"node": "l",
"frag": "ha-ma-zi-ru₁₂-um",
"id": "P241948.l05646",
"ref": "P241948.22.1",
"inst": "%akk-x-earakk:ha-ma-zi-ru₁₂-um=",
"f": {"lang": "akk-x-earakk",
"form": "ha-ma-zi-ru₁₂-um"}
}
,
{
"node": "d",
"type": "nonw",
"ref": ""}
,
{
"node": "d",
"type": "line-start",
"ref": "P241948.23",
"n": "7",
"label": "o ii 7"}
,
{
"node": "l",
"frag": "la-ag-la-gum₂",
"id": "P241948.l05647",
"ref": "P241948.23.1",
"inst": "+laqlaqqu[stork//(a rodent)]N'N$laqlaqqum",
"sig": "@dcclt%akk-x-earakk:la-ag-la-gum₂=laqlaqqu[stork//(a rodent)]N'N$laqlaqqum",
"f": {"lang": "akk-x-earakk",
"form": "la-ag-la-gum₂",
"cf": "laqlaqqu",
"gw": "stork",
"sense": "(a rodent)",
"norm": "laqlaqqum",
"pos": "N",
"epos": "N"}
}
,
{
"node": "d",
"type": "line-start",
"ref": "P241948.24",
"n": "8",
"label": "o ii 8"}
,
{
"node": "l",
"frag": "u₉-ga-um",
"id": "P241948.l05648",
"ref": "P241948.24.1",
"inst": "%akk-x-earakk:u₉-ga-um=",
"f": {"lang": "akk-x-earakk",
"form": "u₉-ga-um"}
}
,
{
"node": "d",
"type": "line-start",
"ref": "P241948.25",
"n": "9",
"label": "o ii 9"}
,
{
"node": "l",
"frag": "ba-ar-tum",
"id": "P241948.l05649",
"ref": "P241948.25.1",
"inst": "%akk-x-earakk:ba-ar-tum=",
"f": {"lang": "akk-x-earakk",
"form": "ba-ar-tum"}
}
,
{
"node": "d",
"type": "line-start",
"ref": "P241948.26",
"n": "10",
"label": "o ii 10"}
,
{
"node": "l",
"frag": "si-hi-ra-um",
"id": "P241948.l0564a",
"ref": "P241948.26.1",
"inst": "%akk-x-earakk:si-hi-ra-um=",
"f": {"lang": "akk-x-earakk",
"form": "si-hi-ra-um"}
}
,
{
"node": "d",
"type": "line-start",
"ref": "P241948.27",
"n": "11",
"label": "o ii 11"}
,
{
"node": "l",
"frag": "a-ra-bu₃-um",
"id": "P241948.l0564b",
"ref": "P241948.27.1",
"inst": "+arrabu[dormouse]N$arrabum",
"sig": "@dcclt%akk-x-earakk:a-ra-bu₃-um=arrabu[dormouse//dormouse]N'N$arrabum",
"f": {"lang": "akk-x-earakk",
"form": "a-ra-bu₃-um",
"cf": "arrabu",
"gw": "dormouse",
"sense": "dormouse",
"norm": "arrabum",
"pos": "N",
"epos": "N"}
}
,
{
"node": "d",
"subtype": "column 3o",
"type": "column",
"ref": "P241948.o.iii.28",
"n": "3",
"label": "o iii"}
,
{
"node": "d",
"type": "line-start",
"ref": "P241948.29",
"n": "1",
"label": "o iii 1"}
,
{
"node": "l",
"frag": "|GUD×DIŠ|a",
"id": "P241948.l0564c",
"ref": "P241948.29.1",
"inst": "%akk-x-earakk:|GUD×DIŠ|-a=",
"f": {"lang": "akk-x-earakk",
"form": "|GUD×DIŠ|-a"}
}
,
{
"node": "d",
"type": "nonx",
"ref": "P241948.30",
"strict": "0",
"extent": "3",
"state": "other"}
,
{
"node": "d",
"type": "line-start",
"ref": "P241948.31",
"n": "2",
"label": "o iii 2"}
,
{
"node": "l",
"frag": "hu-da-um",
"id": "P241948.l0564d",
"ref": "P241948.31.1",
"inst": "%akk-x-earakk:hu-da-um=",
"f": {"lang": "akk-x-earakk",
"form": "hu-da-um"}
}
,
{
"node": "d",
"type": "line-start",
"ref": "P241948.32",
"n": "3",
"label": "o iii 3"}
,
{
"node": "l",
"frag": "za-ri₂",
"id": "P241948.l0564e",
"ref": "P241948.32.1",
"inst": "%akk-x-earakk:za-ri₂=",
"f": {"lang": "akk-x-earakk",
"form": "za-ri₂"}
}
,
{
"node": "l",
"frag": "me-BU-tum",
"id": "P241948.l0564f",
"ref": "P241948.32.2",
"inst": "%akk-x-earakk:me-BU-tum=",
"f": {"lang": "akk-x-earakk",
"form": "me-BU-tum"}
}
,
{
"node": "d",
"type": "line-start",
"ref": "P241948.33",
"n": "4",
"label": "o iii 4"}
,
{
"node": "l",
"frag": "hir₂-ba-um",
"id": "P241948.l05650",
"ref": "P241948.33.1",
"inst": "%akk-x-earakk:hir₂-ba-um=",
"f": {"lang": "akk-x-earakk",
"form": "hir₂-ba-um"}
}
,
{
"node": "d",
"type": "line-start",
"ref": "P241948.34",
"n": "5",
"label": "o iii 5"}
,
{
"node": "l",
"frag": "al₆-la-a-tum",
"id": "P241948.l05651",
"ref": "P241948.34.1",
"inst": "+alluttu[crab]N$allātum",
"sig": "@dcclt%akk-x-earakk:al₆-la-a-tum=alluttu[crab//crab]N'N$allātum",
"f": {"lang": "akk-x-earakk",
"form": "al₆-la-a-tum",
"cf": "alluttu",
"gw": "crab",
"sense": "crab",
"norm": "allātum",
"pos": "N",
"epos": "N"}
}
,
{
"node": "d",
"type": "line-start",
"ref": "P241948.35",
"n": "6",
"label": "o iii 6"}
,
{
"node": "l",
"frag": "MUŠ",
"id": "P241948.l05652",
"ref": "P241948.35.1",
"inst": "+ṣerru[snake]N$",
"sig": "@dcclt%akk-x-earakk:MUŠ=ṣerru[snake//snake]N'N$ṣerru",
"f": {"lang": "akk-x-earakk",
"form": "MUŠ",
"cf": "ṣerru",
"gw": "snake",
"sense": "snake",
"norm": "ṣerru",
"pos": "N",
"epos": "N"}
}
,
{
"node": "d",
"type": "line-start",
"ref": "P241948.36",
"n": "7",
"label": "o iii 7"}
,
{
"node": "l",
"frag": "MUŠ",
"id": "P241948.l05653",
"ref": "P241948.36.1",
"inst": "+ṣerru[snake]N$ṣēr",
"sig": "@dcclt%akk-x-earakk:MUŠ=ṣerru[snake//snake]N'N$ṣēr",
"f": {"lang": "akk-x-earakk",
"form": "MUŠ",
"cf": "ṣerru",
"gw": "snake",
"sense": "snake",
"norm": "ṣēr",
"pos": "N",
"epos": "N"}
}
,
{
"node": "l",
"frag": "2",
"id": "P241948.l05654",
"ref": "P241948.36.2",
"inst": "n",
"f": {"lang": "akk-x-earakk",
"form": "2",
"pos": "n"}
}
,
{
"node": "l",
"frag": "SAG",
"id": "P241948.l05655",
"ref": "P241948.36.3",
"inst": "X",
"f": {"lang": "akk-x-earakk",
"form": "SAG",
"pos": "X"}
}
,
{
"node": "d",
"type": "line-start",
"ref": "P241948.37",
"n": "8",
"label": "o iii 8"}
,
{
"node": "l",
"frag": "MUŠ",
"id": "P241948.l05656",
"ref": "P241948.37.1",
"inst": "ṣēr[snake]N",
"sig": "@dcclt%akk-x-earakk:MUŠ=ṣerru[snake//snake]N'N$ṣēr",
"f": {"lang": "akk-x-earakk",
"form": "MUŠ",
"cf": "ṣerru",
"gw": "snake",
"sense": "snake",
"norm": "ṣēr",
"pos": "N",
"epos": "N"}
}
,
{
"node": "l",
"frag": "gi-su-ri₂",
"id": "P241948.l05657",
"ref": "P241948.37.2",
"inst": "+gušūru[tree-trunk//beam]N'N$gisūri",
"sig": "@dcclt%akk-x-earakk:gi-su-ri₂=gušūru[tree-trunk//beam]N'N$gisūri",
"f": {"lang": "akk-x-earakk",
"form": "gi-su-ri₂",
"cf": "gušūru",
"gw": "tree-trunk",
"sense": "beam",
"norm": "gisūri",
"pos": "N",
"epos": "N"}
}
,
{
"node": "d",
"type": "line-start",
"ref": "P241948.38",
"n": "9",
"label": "o iii 9"}
,
{
"node": "l",
"frag": "ba-ša-nu-um",
"id": "P241948.l05658",
"ref": "P241948.38.1",
"inst": "+bašmu[(mythical) poisonous snake//horned viper]N'N$bašānum",
"sig": "@dcclt%akk-x-earakk:ba-ša-nu-um=bašmu[(mythical) poisonous snake//horned viper]N'N$bašānum",
"f": {"lang": "akk-x-earakk",
"form": "ba-ša-nu-um",
"cf": "bašmu",
"gw": "(mythical) poisonous snake",
"sense": "horned viper",
"norm": "bašānum",
"pos": "N",
"epos": "N"}
}
,
{
"node": "d",
"type": "line-start",
"ref": "P241948.39",
"n": "10",
"label": "o iii 10"}
,
{
"node": "l",
"frag": "še₃-ra-hu-um",
"id": "P241948.l05659",
"ref": "P241948.39.1",
"inst": "+nirāhu[(a kind of snake)]N$šerāhum",
"sig": "@dcclt%akk-x-earakk:še₃-ra-hu-um=nirāhu[(a kind of snake)//(a kind of snake)]N'N$šerāhum",
"f": {"lang": "akk-x-earakk",
"form": "še₃-ra-hu-um",
"cf": "nirāhu",
"gw": "(a kind of snake)",
"sense": "(a kind of snake)",
"norm": "šerāhum",
"pos": "N",
"epos": "N"}
}
,
{
"node": "d",
"type": "line-start",
"ref": "P241948.40",
"n": "11",
"label": "o iii 11"}
,
{
"node": "l",
"frag": "MUŠ",
"id": "P241948.l0565a",
"ref": "P241948.40.1",
"inst": "ṣēr[snake]N",
"sig": "@dcclt%akk-x-earakk:MUŠ=ṣerru[snake//snake]N'N$ṣēr",
"f": {"lang": "akk-x-earakk",
"form": "MUŠ",
"cf": "ṣerru",
"gw": "snake",
"sense": "snake",
"norm": "ṣēr",
"pos": "N",
"epos": "N"}
}
,
{
"node": "l",
"frag": "ar₃-ti",
"id": "P241948.l0565b",
"ref": "P241948.40.2",
"inst": "X",
"f": {"lang": "akk-x-earakk",
"form": "ar₃-ti",
"pos": "X"}
}
,
{
"node": "d",
"subtype": "column 4o",
"type": "column",
"ref": "P241948.o.iv.41",
"n": "4",
"label": "o iv"}
,
{
"node": "d",
"type": "line-start",
"ref": "P241948.42",
"n": "1",
"label": "o iv 1"}
,
{
"node": "l",
"frag": "MUŠ",
"id": "P241948.l0565c",
"ref": "P241948.42.1",
"inst": "ṣēr[snake]N",
"sig": "@dcclt%akk-x-earakk:MUŠ=ṣerru[snake//snake]N'N$ṣēr",
"f": {"lang": "akk-x-earakk",
"form": "MUŠ",
"cf": "ṣerru",
"gw": "snake",
"sense": "snake",
"norm": "ṣēr",
"pos": "N",
"epos": "N"}
}
,
{
"node": "l",
"frag": "gi-na-ri₂-im",
"id": "P241948.l0565d",
"ref": "P241948.42.2",
"inst": "+karānu[vine]N$kinārim",
"sig": "@dcclt%akk-x-earakk:gi-na-ri₂-im=karānu[vine//vine]N'N$kinārim",
"f": {"lang": "akk-x-earakk",
"form": "gi-na-ri₂-im",
"cf": "karānu",
"gw": "vine",
"sense": "vine",
"norm": "kinārim",
"pos": "N",
"epos": "N"}
}
,
{
"node": "d",
"type": "line-start",
"ref": "P241948.43",
"n": "2",
"label": "o iv 2"}
,
{
"node": "l",
"frag": "ṣi₂-ir-tum",
"id": "P241948.l0565e",
"ref": "P241948.43.1",
"inst": "%akk-x-earakk:ṣi₂-ir-tum=",
"f": {"lang": "akk-x-earakk",
"form": "ṣi₂-ir-tum"}
}
,
{
"node": "d",
"type": "line-start",
"ref": "P241948.44",
"n": "3",
"label": "o iv 3"}
,
{
"node": "l",
"frag": "MUŠ",
"id": "P241948.l0565f",
"ref": "P241948.44.1",
"inst": "ṣēr[snake]N",
"sig": "@dcclt%akk-x-earakk:MUŠ=ṣerru[snake//snake]N'N$ṣēr",
"f": {"lang": "akk-x-earakk",
"form": "MUŠ",
"cf": "ṣerru",
"gw": "snake",
"sense": "snake",
"norm": "ṣēr",
"pos": "N",
"epos": "N"}
}
,
{
"node": "l",
"frag": "A",
"id": "P241948.l05660",
"ref": "P241948.44.2",
"inst": "+mû[water]N$mê",
"sig": "@dcclt%akk-x-earakk:A=mû[water//water]N'N$mê",
"f": {"lang": "akk-x-earakk",
"form": "A",
"cf": "mû",
"gw": "water",
"sense": "water",
"norm": "mê",
"pos": "N",
"epos": "N"}
}
,
{
"node": "d",
"type": "line-start",
"ref": "P241948.45",
"n": "4",
"label": "o iv 4"}
,
{
"node": "l",
"frag": "GIDIM",
"id": "P241948.l05661",
"ref": "P241948.45.1",
"inst": "%akk-x-earakk:GIDIM=",
"f": {"lang": "akk-x-earakk",
"form": "GIDIM"}
}
,
{
"node": "d",
"type": "nonx",
"ref": "P241948.46",
"strict": "0",
"extent": "4",
"state": "other"}
,
{
"node": "d",
"type": "line-start",
"ref": "P241948.47",
"n": "5",
"label": "o iv 5"}
,
{
"node": "l",
"frag": "šarₓ(NE)ša-gu₂-ul-tum",
"id": "P241948.l05662",
"ref": "P241948.47.1",
"inst": "%akk-x-earakk:šarₓ(NE)-ša-gu₂-ul-tum=",
"f": {"lang": "akk-x-earakk",
"form": "šarₓ(NE)-ša-gu₂-ul-tum"}
}
,
{
"node": "d",
"type": "line-start",
"ref": "P241948.48",
"n": "6",
"label": "o iv 6"}
,
{
"node": "l",
"frag": "gur-gur",
"id": "P241948.l05663",
"ref": "P241948.48.1",
"inst": "+qurqurru[metal-worker//(an insect)]N'N$qurqur",
"sig": "@dcclt%akk-x-earakk:gur-gur=qurqurru[metal-worker//(an insect)]N'N$qurqur",
"f": {"lang": "akk-x-earakk",
"form": "gur-gur",
"cf": "qurqurru",
"gw": "metal-worker",
"sense": "(an insect)",
"norm": "qurqur",
"pos": "N",
"epos": "N"}
}
,
{
"node": "l",
"frag": "kaskal-tum",
"id": "P241948.l05664",
"ref": "P241948.48.2",
"inst": "X",
"f": {"lang": "akk-x-earakk",
"form": "kaskal-tum",
"pos": "X"}
}
,
{
"node": "d",
"type": "line-start",
"ref": "P241948.49",
"n": "7",
"label": "o iv 7"}
,
{
"node": "l",
"frag": "za-zu-um",
"id": "P241948.l05665",
"ref": "P241948.49.1",
"inst": "+sāsu[moth]N$",
"sig": "@dcclt%akk-x-earakk:za-zu-um=sāsu[moth//moth]N'N$sāsu",
"f": {"lang": "akk-x-earakk",
"form": "za-zu-um",
"cf": "sāsu",
"gw": "moth",
"sense": "moth",
"norm": "sāsu",
"pos": "N",
"epos": "N"}
}
,
{
"node": "d",
"type": "line-start",
"ref": "P241948.50",
"n": "8",
"label": "o iv 8"}
,
{
"node": "l",
"frag": "na-bu₃",
"id": "P241948.l05666",
"ref": "P241948.50.1",
"inst": "+nābu[insect eggs]N$",
"sig": "@dcclt%akk-x-earakk:na-bu₃=nābu[insect eggs//insect eggs]N'N$nābu",
"f": {"lang": "akk-x-earakk",
"form": "na-bu₃",
"cf": "nābu",
"gw": "insect eggs",
"sense": "insect eggs",
"norm": "nābu",
"pos": "N",
"epos": "N"}
}
,
{
"node": "d",
"type": "line-start",
"ref": "P241948.51",
"n": "9",
"label": "o iv 9"}
,
{
"node": "l",
"frag": "bur-ha-sum",
"id": "P241948.l05667",
"ref": "P241948.51.1",
"inst": "+peršaʾu[flea]N$burhašum",
"sig": "@dcclt%akk-x-earakk:bur-ha-sum=peršaʾu[flea//flea]N'N$burhašum",
"f": {"lang": "akk-x-earakk",
"form": "bur-ha-sum",
"cf": "peršaʾu",
"gw": "flea",
"sense": "flea",
"norm": "burhašum",
"pos": "N",
"epos": "N"}
}
,
{
"node": "d",
"type": "line-start",
"ref": "P241948.52",
"n": "10-11",
"label": "o iv 10-11"}
,
{
"node": "l",
"frag": "zu-zu-lu",
"id": "P241948.l05668",
"ref": "P241948.52.1",
"inst": "%akk-x-earakk:zu-zu-lu=",
"f": {"lang": "akk-x-earakk",
"form": "zu-zu-lu"}
}
,
{
"node": "l",
"frag": "a",
"id": "P241948.l05669",
"ref": "P241948.52.2",
"inst": "%akk-x-earakk:a=",
"f": {"lang": "akk-x-earakk",
"form": "a"}
}
,
{
"node": "d",
"type": "nonw",
"ref": ""}
,
{
"node": "d",
"type": "line-start",
"ref": "P241948.53",
"n": "12",
"label": "o iv 12"}
,
{
"node": "l",
"frag": "gul-zi-bi₂-tum",
"id": "P241948.l0566a",
"ref": "P241948.53.1",
"inst": "+kurṣiptu[butterfly]N$kurṣibitum",
"sig": "@dcclt%akk-x-earakk:gul-zi-bi₂-tum=kurṣiptu[butterfly//butterfly]N'N$kurṣibitum",
"f": {"lang": "akk-x-earakk",
"form": "gul-zi-bi₂-tum",
"cf": "kurṣiptu",
"gw": "butterfly",
"sense": "butterfly",
"norm": "kurṣibitum",
"pos": "N",
"epos": "N"}
}
,
{
"node": "d",
"type": "nonw",
"ref": ""}
,
{
"node": "d",
"subtype": "column 5o",
"type": "column",
"ref": "P241948.o.v.54",
"n": "5",
"label": "o v"}
,
{
"node": "d",
"type": "line-start",
"ref": "P241948.55",
"n": "1",
"label": "o v 1"}
,
{
"node": "l",
"frag": "ri₂-ma-tum",
"id": "P241948.l0566b",
"ref": "P241948.55.1",
"inst": "%akk-x-earakk:ri₂-ma-tum=",
"f": {"lang": "akk-x-earakk",
"form": "ri₂-ma-tum"}
}
,
{
"node": "d",
"type": "nonw",
"ref": ""}
,
{
"node": "d",
"type": "line-start",
"ref": "P241948.56",
"n": "2",
"label": "o v 2"}
,
{
"node": "l",
"frag": "še₃(TUG₂)-bu₃",
"id": "P241948.l0566c",
"ref": "P241948.56.1",
"inst": "%akk-x-earakk:še₃-bu₃=",
"f": {"lang": "akk-x-earakk",
"form": "še₃-bu₃"}
}
,
{
"node": "l",
"frag": "SAHAR",
"id": "P241948.l0566d",
"ref": "P241948.56.2",
"inst": "%akk-x-earakk:SAHAR=",
"f": {"lang": "akk-x-earakk",
"form": "SAHAR"}
}
,
{
"node": "d",
"type": "line-start",
"ref": "P241948.57",
"n": "3",
"label": "o v 3"}
,
{
"node": "l",
"frag": "še₃(TUG₂)-bu₃",
"id": "P241948.l0566e",
"ref": "P241948.57.1",
"inst": "%akk-x-earakk:še₃-bu₃=",
"f": {"lang": "akk-x-earakk",
"form": "še₃-bu₃"}
}
,
{
"node": "l",
"frag": "ti-ga-me",
"id": "P241948.l0566f",
"ref": "P241948.57.2",
"inst": "%akk-x-earakk:ti-ga-me=",
"f": {"lang": "akk-x-earakk",
"form": "ti-ga-me"}
}
,
{
"node": "d",
"type": "nonw",
"ref": ""}
,
{
"node": "d",
"type": "line-start",
"ref": "P241948.58",
"n": "4",
"label": "o v 4"}
,
{
"node": "l",
"frag": "na-iš",
"id": "P241948.l05670",
"ref": "P241948.58.1",
"inst": "+nīšu[(oath on the life)//living beings]N'N$naʾiš",
"sig": "@dcclt%akk-x-earakk:na-iš=nīšu[(oath on the life)//living beings]N'N$naʾiš",
"f": {"lang": "akk-x-earakk",
"form": "na-iš",
"cf": "nīšu",
"gw": "(oath on the life)",
"sense": "living beings",
"norm": "naʾiš",
"pos": "N",
"epos": "N"}
}
,
{
"node": "l",
"frag": "gar₃-ga-ri₂-im",
"id": "P241948.l05671",
"ref": "P241948.58.2",
"inst": "+qaqqaru[ground]N$qarqarim",
"sig": "@dcclt%akk-x-earakk:gar₃-ga-ri₂-im=qaqqaru[ground//ground]N'N$qarqarim",
"f": {"lang": "akk-x-earakk",
"form": "gar₃-ga-ri₂-im",
"cf": "qaqqaru",
"gw": "ground",
"sense": "ground",
"norm": "qarqarim",
"pos": "N",
"epos": "N"}
}
,
{
"node": "d",
"type": "nonw",
"ref": ""}
,
{
"node": "d",
"type": "line-start",
"ref": "P241948.59",
"n": "5",
"label": "o v 5"}
,
{
"node": "l",
"frag": "mu-num₂",
"id": "P241948.l05672",
"ref": "P241948.59.1",
"inst": "%akk-x-earakk:mu-num₂=",
"f": {"lang": "akk-x-earakk",
"form": "mu-num₂"}
}
,
{
"node": "d",
"type": "line-start",
"ref": "P241948.60",
"n": "6",
"label": "o v 6"}
,
{
"node": "l",
"frag": "mu-num₂",
"id": "P241948.l05673",
"ref": "P241948.60.1",
"inst": "%akk-x-earakk:mu-num₂=",
"f": {"lang": "akk-x-earakk",
"form": "mu-num₂"}
}
,
{
"node": "d",
"type": "nonw",
"ref": ""}
,
{
"node": "d",
"type": "line-start",
"ref": "P241948.61",
"n": "7",
"label": "o v 7"}
,
{
"node": "l",
"frag": "dur-ha-sum",
"id": "P241948.l05674",
"ref": "P241948.61.1",
"inst": "%akk-x-earakk:dur-ha-sum=",
"f": {"lang": "akk-x-earakk",
"form": "dur-ha-sum"}
}
,
{
"node": "d",
"subtype": "reverse",
"type": "surface",
"ref": "P241948.r.62",
"type": "reverse",
"label": "r"}
,
{
"node": "d",
"subtype": "column 1r",
"type": "column",
"ref": "P241948.r.i.63",
"n": "1",
"label": "r i"}
,
{
"node": "d",
"type": "line-start",
"ref": "P241948.64",
"n": "1",
"label": "r i 1"}
,
{
"node": "l",
"frag": "bi₂-zi-zi-na-um",
"id": "P241948.l05675",
"ref": "P241948.64.1",
"inst": "%akk-x-earakk:bi₂-zi-zi-na-um=",
"f": {"lang": "akk-x-earakk",
"form": "bi₂-zi-zi-na-um"}
}
,
{
"node": "d",
"type": "line-start",
"ref": "P241948.65",
"n": "2",
"label": "r i 2"}
,
{
"node": "l",
"frag": "zu-zu-ha-num₂",
"id": "P241948.l05676",
"ref": "P241948.65.1",
"inst": "%akk-x-earakk:zu-zu-ha-num₂=",
"f": {"lang": "akk-x-earakk",
"form": "zu-zu-ha-num₂"}
}
,
{
"node": "d",
"type": "line-start",
"ref": "P241948.66",
"n": "3",
"label": "r i 3"}
,
{
"node": "l",
"frag": "sa-a-tum",
"id": "P241948.l05677",
"ref": "P241948.66.1",
"inst": "%akk-x-earakk:sa-a-tum=",
"f": {"lang": "akk-x-earakk",
"form": "sa-a-tum"}
}
,
{
"node": "d",
"type": "line-start",
"ref": "P241948.67",
"n": "4",
"label": "r i 4"}
,
{
"node": "l",
"frag": "za-za-ru₁₂-um",
"id": "P241948.l05678",
"ref": "P241948.67.1",
"inst": "+ṣāṣiru[cricket]N$ṣāṣarum",
"sig": "@dcclt%akk-x-earakk:za-za-ru₁₂-um=ṣāṣiru[cricket//cricket]N'N$ṣāṣarum",
"f": {"lang": "akk-x-earakk",
"form": "za-za-ru₁₂-um",
"cf": "ṣāṣiru",
"gw": "cricket",
"sense": "cricket",
"norm": "ṣāṣarum",
"pos": "N",
"epos": "N"}
}
,
{
"node": "d",
"type": "line-start",
"ref": "P241948.68",
"n": "5",
"label": "r i 5"}
,
{
"node": "l",
"frag": "is-ga-bu₃-um",
"id": "P241948.l05679",
"ref": "P241948.68.1",
"inst": "+išqippu[earthworm]N$isqappum",
"sig": "@dcclt%akk-x-earakk:is-ga-bu₃-um=išqippu[earthworm//earthworm]N'N$isqappum",
"f": {"lang": "akk-x-earakk",
"form": "is-ga-bu₃-um",
"cf": "išqippu",
"gw": "earthworm",
"sense": "earthworm",
"norm": "isqappum",
"pos": "N",
"epos": "N"}
}
,
{
"node": "d",
"type": "line-start",
"ref": "P241948.69",
"n": "6",
"label": "r i 6"}
,
{
"node": "l",
"frag": "EN-u₉-um",
"id": "P241948.l0567a",
"ref": "P241948.69.1",
"inst": "%akk-x-earakk:EN-u₉-um=",
"f": {"lang": "akk-x-earakk",
"form": "EN-u₉-um"}
}
,
{
"node": "d",
"subtype": "column 2r",
"type": "column",
"ref": "P241948.r.ii.70",
"n": "2",
"label": "r ii"}
,
{
"node": "d",
"type": "line-start",
"ref": "P241948.71",
"n": "1",
"label": "r ii 1"}
,
{
"node": "l",
"frag": "u₉-bu₃-um",
"id": "P241948.l0567b",
"ref": "P241948.71.1",
"inst": "%akk-x-earakk:u₉-bu₃-um=",
"f": {"lang": "akk-x-earakk",
"form": "u₉-bu₃-um"}
}
,
{
"node": "d",
"type": "line-start",
"ref": "P241948.72",
"n": "2",
"label": "r ii 2"}
,
{
"node": "l",
"frag": "da-ri₂-idₓ(NI)",
"id": "P241948.l0567c",
"ref": "P241948.72.1",
"inst": "+tārītu[nurse]N$tārīt",
"sig": "@dcclt%akk-x-earakk:da-ri₂-idₓ(NI)=tārītu[nurse//nurse]N'N$tārīt",
"f": {"lang": "akk-x-earakk",
"form": "da-ri₂-idₓ(NI)",
"cf": "tārītu",
"gw": "nurse",
"sense": "nurse",
"norm": "tārīt",
"pos": "N",
"epos": "N"}
}
,
{
"node": "l",
"frag": "šu-ga-ga-bi₂",
"id": "P241948.l0567d",
"ref": "P241948.72.2",
"inst": "+zuqiqīpu[scorpion]N$šuqaqāpi",
"sig": "@dcclt%akk-x-earakk:šu-ga-ga-bi₂=zuqiqīpu[scorpion//scorpion]N'N$šuqaqāpi",
"f": {"lang": "akk-x-earakk",
"form": "šu-ga-ga-bi₂",
"cf": "zuqiqīpu",
"gw": "scorpion",
"sense": "scorpion",
"norm": "šuqaqāpi",
"pos": "N",
"epos": "N"}
}
,
{
"node": "d",
"type": "line-start",
"ref": "P241948.73",
"n": "3",
"label": "r ii 3"}
,
{
"node": "l",
"frag": "ama-ug₅-um",
"id": "P241948.l0567e",
"ref": "P241948.73.1",
"inst": "%akk-x-earakk:ama-ug₅-um=",
"f": {"lang": "akk-x-earakk",
"form": "ama-ug₅-um"}
}
,
{
"node": "d",
"type": "line-start",
"ref": "P241948.74",
"n": "4",
"label": "r ii 4"}
,
{
"node": "l",
"frag": "gu₂-li-lu-um",
"id": "P241948.l0567f",
"ref": "P241948.74.1",
"inst": "+kulīlu[dragonfly]N$kulīlum",
"sig": "@dcclt%akk-x-earakk:gu₂-li-lu-um=kulīlu[dragonfly//dragonfly]N'N$kulīlum",
"f": {"lang": "akk-x-earakk",
"form": "gu₂-li-lu-um",
"cf": "kulīlu",
"gw": "dragonfly",
"sense": "dragonfly",
"norm": "kulīlum",
"pos": "N",
"epos": "N"}
}
,
{
"node": "d",
"type": "line-start",
"ref": "P241948.75",
"n": "5",
"label": "r ii 5"}
,
{
"node": "l",
"frag": "a-za-ma-mi-tum",
"id": "P241948.l05680",
"ref": "P241948.75.1",
"inst": "%akk-x-earakk:a-za-ma-mi-tum=",
"f": {"lang": "akk-x-earakk",
"form": "a-za-ma-mi-tum"}
}
,
{
"node": "d",
"type": "line-start",
"ref": "P241948.76",
"n": "6",
"label": "r ii 6"}
,
{
"node": "l",
"frag": "me-sa",
"id": "P241948.l05681",
"ref": "P241948.76.1",
"inst": "%akk-x-earakk:me-sa=",
"f": {"lang": "akk-x-earakk",
"form": "me-sa"}
}
,
{
"node": "l",
"frag": "AK",
"id": "P241948.l05682",
"ref": "P241948.76.2",
"inst": "%akk-x-earakk:AK=",
"f": {"lang": "akk-x-earakk",
"form": "AK"}
}
,
{
"node": "d",
"type": "nonw",
"ref": ""}
,
{
"node": "d",
"type": "line-start",
"ref": "P241948.77",
"n": "7",
"label": "r ii 7"}
,
{
"node": "l",
"frag": "la-ma-an",
"id": "P241948.l05683",
"ref": "P241948.77.1",
"inst": "+lamattu[ant]N$lamān",
"sig": "@dcclt%akk-x-earakk:la-ma-an=lamattu[ant//ant]N'N$lamān",
"f": {"lang": "akk-x-earakk",
"form": "la-ma-an",
"cf": "lamattu",
"gw": "ant",
"sense": "ant",
"norm": "lamān",
"pos": "N",
"epos": "N"}
}
,
{
"node": "d",
"type": "line-start",
"ref": "P241948.78",
"n": "8",
"label": "r ii 8"}
,
{
"node": "l",
"frag": "BIR₅:SI",
"id": "P241948.l05684",
"ref": "P241948.78.1",
"inst": "%akk-x-earakk:BIR₅-SI=",
"f": {"lang": "akk-x-earakk",
"form": "BIR₅-SI"}
}
,
{
"node": "d",
"type": "nonw",
"ref": ""}
,
{
"node": "d",
"type": "line-start",
"ref": "P241948.79",
"n": "9",
"label": "r ii 9"}
,
{
"node": "l",
"frag": "si-na-mu-(um)",
"id": "P241948.l05685",
"ref": "P241948.79.1",
"inst": "%akk-x-earakk:si-na-mu-um=",
"f": {"lang": "akk-x-earakk",
"form": "si-na-mu-um"}
}
,
{
"node": "d",
"type": "nonw",
"ref": ""}
]}
]}
]}
]}
