{
"type": "cdl",
  "source": "http://oracc.org/dcclt",
  "license": "This data is released under the CC0 license",
  "license-url": "https://creativecommons.org/publicdomain/zero/1.0/",
  "more-info": "http://oracc.org/doc/opendata/",
  "UTC-timestamp": "2017-05-19T18:25:05",
"project": "dcclt",
"textid": "P247843",
"cdl": [
{
"node": "c",
"type": "text",
"id": "P247843.U0",
"cdl": [
{
"node": "d",
"subtype": "tablet",
"type": "object",
"ref": "P247843.x1708.1",
"type": "tablet",
"label": "x1708"}
,
{
"node": "d",
"subtype": "obverse",
"type": "surface",
"ref": "P247843.o.2",
"type": "obverse",
"label": "o"}
,
{
"node": "d",
"type": "nonx",
"ref": "P247843.3",
"strict": "0",
"extent": "beginning",
"state": "missing"}
,
{
"node": "c",
"type": "discourse",
"subtype": "body",
"id": "P247843.U1",
"cdl": [
{
"node": "c",
"type": "sentence",
"id": "P247843.U2",
"label": "o 1' - o 13'",
"cdl": [
{
"node": "d",
"type": "line-start",
"ref": "P247843.4",
"n": "1'",
"label": "o 1'"}
,
{
"node": "d",
"type": "cell-start"}
,
{
"node": "d",
"type": "field-start",
"subtype": "wp"}
,
{
"node": "l",
"frag": "[...]{⸢mušen⸣}",
"id": "P247843.l40817",
"ref": "P247843.4.1",
"inst": "u",
"f": {"lang": "sux",
"form": "x{mušen}",
"pos": "u"}
}
,
{
"node": "d",
"type": "field-end",
"subtype": "wp"}
,
{
"node": "d",
"type": "cell-end"}
,
{
"node": "d",
"type": "cell-start"}
,
{
"node": "d",
"type": "field-start",
"subtype": "eq"}
,
{
"node": "l",
"frag": "⸢x⸣-[...]",
"id": "P247843.l40818",
"ref": "P247843.4.2",
"inst": "u",
"f": {"lang": "akk",
"form": "x-x",
"pos": "u"}
}
,
{
"node": "d",
"type": "field-end",
"subtype": "eq"}
,
{
"node": "d",
"type": "cell-end"}
,
{
"node": "d",
"type": "line-start",
"ref": "P247843.5",
"n": "2'",
"label": "o 2'"}
,
{
"node": "d",
"type": "cell-start"}
,
{
"node": "d",
"type": "field-start",
"subtype": "wp"}
,
{
"node": "l",
"frag": "[...]-⸢x{mušen⸣}",
"id": "P247843.l40819",
"ref": "P247843.5.1",
"inst": "u",
"f": {"lang": "sux",
"form": "x-x{mušen}",
"pos": "u"}
}
,
{
"node": "d",
"type": "field-end",
"subtype": "wp"}
,
{
"node": "d",
"type": "cell-end"}
,
{
"node": "d",
"type": "cell-start"}
,
{
"node": "d",
"type": "field-start",
"subtype": "eq"}
,
{
"node": "l",
"frag": "⸢nam⸣-[rum]",
"id": "P247843.l4081a",
"ref": "P247843.5.2",
"inst": "namrum[bright]AJ",
"sig": "@dcclt%akk:nam-rum=nawru[bright//bright]AJ'AJ$namrum",
"f": {"lang": "akk",
"form": "nam-rum",
"cf": "nawru",
"gw": "bright",
"sense": "bright",
"norm": "namrum",
"pos": "AJ",
"epos": "AJ"}
}
,
{
"node": "d",
"type": "field-end",
"subtype": "eq"}
,
{
"node": "d",
"type": "cell-end"}
,
{
"node": "d",
"type": "line-start",
"ref": "P247843.6",
"n": "3'",
"label": "o 3'"}
,
{
"node": "d",
"type": "cell-start"}
,
{
"node": "d",
"type": "field-start",
"subtype": "wp"}
,
{
"node": "l",
"frag": "[...]-⸢x⸣{mušen}",
"id": "P247843.l4081b",
"ref": "P247843.6.1",
"inst": "u",
"f": {"lang": "sux",
"form": "x-x{mušen}",
"pos": "u"}
}
,
{
"node": "d",
"type": "field-end",
"subtype": "wp"}
,
{
"node": "d",
"type": "cell-end"}
,
{
"node": "d",
"type": "cell-start"}
,
{
"node": "d",
"type": "field-start",
"subtype": "eq"}
,
{
"node": "l",
"frag": "⸢DA⸣-[...]",
"id": "P247843.l4081c",
"ref": "P247843.6.2",
"inst": "u",
"f": {"lang": "akk",
"form": "DA-x",
"pos": "u"}
}
,
{
"node": "d",
"type": "field-end",
"subtype": "eq"}
,
{
"node": "d",
"type": "cell-end"}
,
{
"node": "d",
"type": "line-start",
"ref": "P247843.7",
"n": "4'",
"label": "o 4'"}
,
{
"node": "d",
"type": "cell-start"}
,
{
"node": "d",
"type": "field-start",
"subtype": "wp"}
,
{
"node": "l",
"frag": "[...]-⸢x⸣{mušen}",
"id": "P247843.l4081d",
"ref": "P247843.7.1",
"inst": "u",
"f": {"lang": "sux",
"form": "x-x{mušen}",
"pos": "u"}
}
,
{
"node": "d",
"type": "field-end",
"subtype": "wp"}
,
{
"node": "d",
"type": "cell-end"}
,
{
"node": "d",
"type": "cell-start"}
,
{
"node": "d",
"type": "field-start",
"subtype": "eq"}
,
{
"node": "l",
"frag": "i-⸢x⸣-[...]",
"id": "P247843.l4081e",
"ref": "P247843.7.2",
"inst": "u",
"f": {"lang": "akk",
"form": "i-x-x",
"pos": "u"}
}
,
{
"node": "d",
"type": "field-end",
"subtype": "eq"}
,
{
"node": "d",
"type": "cell-end"}
,
{
"node": "d",
"type": "nonx",
"ref": "P247843.8",
"strict": "1",
"extent": "1",
"scope": "line",
"state": "ruling"}
,
{
"node": "d",
"type": "line-start",
"ref": "P247843.9",
"n": "5'",
"label": "o 5'"}
,
{
"node": "d",
"type": "cell-start"}
,
{
"node": "d",
"type": "field-start",
"subtype": "wp"}
,
{
"node": "l",
"frag": "bibad(|ŠE.HU.TUR|){mušen}",
"id": "P247843.l4081f",
"ref": "P247843.9.1",
"inst": "bazbaz[a bird]N",
"sig": "@dcclt%sux:bibad(|ŠE.HU.TUR|){mušen}=bazbaz[bird//a bird]N'N$bazbaz/bibad(|ŠE.HU.TUR|){mušen}#~",
"f": {"lang": "sux",
"form": "bibad(|ŠE.HU.TUR|){mušen}",
"cf": "bazbaz",
"gw": "bird",
"sense": "a bird",
"norm0": "bazbaz",
"pos": "N",
"epos": "N",
"base": "bibad(|ŠE.HU.TUR|){mušen}",
"morph": "~"}
}
,
{
"node": "d",
"type": "field-end",
"subtype": "wp"}
,
{
"node": "d",
"type": "cell-end"}
,
{
"node": "d",
"type": "cell-start"}
,
{
"node": "d",
"type": "field-start",
"subtype": "eq"}
,
{
"node": "l",
"frag": "pa-⸢as⸣-[pa-su]",
"id": "P247843.l40820",
"ref": "P247843.9.2",
"inst": "paspasu[duck]N",
"sig": "@dcclt%akk:pa-as-pa-su=paspasu[duck//duck]N'N$paspasu",
"f": {"lang": "akk",
"form": "pa-as-pa-su",
"cf": "paspasu",
"gw": "duck",
"sense": "duck",
"norm": "paspasu",
"pos": "N",
"epos": "N"}
}
,
{
"node": "d",
"type": "field-end",
"subtype": "eq"}
,
{
"node": "d",
"type": "cell-end"}
,
{
"node": "d",
"type": "line-start",
"ref": "P247843.10",
"n": "6'",
"label": "o 6'"}
,
{
"node": "d",
"type": "cell-start"}
,
{
"node": "d",
"type": "field-start",
"subtype": "wp"}
,
{
"node": "l",
"frag": "⸢bibad⸣",
"id": "P247843.l40821",
"ref": "P247843.10.1",
"inst": "bazbaz[a bird]N",
"sig": "@dcclt%sux:bibad=bazbaz[bird//a bird]N'N$bazbaz/bibad#~",
"f": {"lang": "sux",
"form": "bibad",
"cf": "bazbaz",
"gw": "bird",
"sense": "a bird",
"norm0": "bazbaz",
"pos": "N",
"epos": "N",
"base": "bibad",
"morph": "~"}
}
,
{
"node": "l",
"frag": "tur{mušen}",
"id": "P247843.l40822",
"ref": "P247843.10.2",
"inst": "tur[(to be) small]V/i",
"sig": "@dcclt%sux:tur{mušen}=tur[small//(to be) small]V/i'V/i$tur/tur{mušen}#~",
"f": {"lang": "sux",
"form": "tur{mušen}",
"cf": "tur",
"gw": "small",
"sense": "(to be) small",
"norm0": "tur",
"pos": "V/i",
"epos": "V/i",
"base": "tur{mušen}",
"morph": "~"}
}
,
{
"node": "d",
"type": "field-end",
"subtype": "wp"}
,
{
"node": "d",
"type": "cell-end"}
,
{
"node": "d",
"type": "cell-start"}
,
{
"node": "d",
"type": "field-start",
"subtype": "eq"}
,
{
"node": "l",
"frag": "na-⸢ah⸣-[tum]",
"id": "P247843.l40823",
"ref": "P247843.10.3",
"inst": "+nahtu[small//young (bird)]N'N$nahtum",
"sig": "@dcclt%akk:na-ah-tum=nahtu[small//young (bird)]N'N$nahtum",
"f": {"lang": "akk",
"form": "na-ah-tum",
"cf": "nahtu",
"gw": "small",
"sense": "young (bird)",
"norm": "nahtum",
"pos": "N",
"epos": "N"}
}
,
{
"node": "d",
"type": "field-end",
"subtype": "eq"}
,
{
"node": "d",
"type": "cell-end"}
,
{
"node": "d",
"type": "nonx",
"ref": "P247843.11",
"strict": "1",
"extent": "1",
"scope": "line",
"state": "ruling"}
,
{
"node": "d",
"type": "line-start",
"ref": "P247843.12",
"n": "7'",
"label": "o 7'"}
,
{
"node": "d",
"type": "cell-start"}
,
{
"node": "d",
"type": "field-start",
"subtype": "wp"}
,
{
"node": "l",
"frag": "⸢bibad⸣{mušen}",
"id": "P247843.l40824",
"ref": "P247843.12.1",
"inst": "bazbaz[bird]N",
"sig": "@dcclt%sux:bibad{mušen}=bazbaz[bird//bird]N'N$bazbaz/bibad{mušen}#~",
"f": {"lang": "sux",
"form": "bibad{mušen}",
"cf": "bazbaz",
"gw": "bird",
"sense": "bird",
"norm0": "bazbaz",
"pos": "N",
"epos": "N",
"base": "bibad{mušen}",
"morph": "~"}
}
,
{
"node": "d",
"type": "field-end",
"subtype": "wp"}
,
{
"node": "d",
"type": "cell-end"}
,
{
"node": "d",
"type": "cell-start"}
,
{
"node": "d",
"type": "field-start",
"subtype": "eq"}
,
{
"node": "l",
"frag": "pa-⸢as⸣-[pa-su]",
"id": "P247843.l40825",
"ref": "P247843.12.2",
"inst": "paspasu[duck]N",
"sig": "@dcclt%akk:pa-as-pa-su=paspasu[duck//duck]N'N$paspasu",
"f": {"lang": "akk",
"form": "pa-as-pa-su",
"cf": "paspasu",
"gw": "duck",
"sense": "duck",
"norm": "paspasu",
"pos": "N",
"epos": "N"}
}
,
{
"node": "d",
"type": "field-end",
"subtype": "eq"}
,
{
"node": "d",
"type": "cell-end"}
,
{
"node": "d",
"type": "line-start",
"ref": "P247843.13",
"n": "8'",
"label": "o 8'"}
,
{
"node": "d",
"type": "cell-start"}
,
{
"node": "d",
"type": "field-start",
"subtype": "wp"}
,
{
"node": "l",
"frag": "[bibad",
"id": "P247843.l40826",
"ref": "P247843.13.1",
"inst": "bazbaz[a bird]N",
"sig": "@dcclt%sux:bibad=bazbaz[bird//a bird]N'N$bazbaz/bibad#~",
"f": {"lang": "sux",
"form": "bibad",
"cf": "bazbaz",
"gw": "bird",
"sense": "a bird",
"norm0": "bazbaz",
"pos": "N",
"epos": "N",
"base": "bibad",
"morph": "~"}
}
,
{
"node": "l",
"frag": "tur]{⸢mušen⸣}",
"id": "P247843.l40827",
"ref": "P247843.13.2",
"inst": "tur[(to be) small]V/i",
"sig": "@dcclt%sux:tur{mušen}=tur[small//(to be) small]V/i'V/i$tur/tur{mušen}#~",
"f": {"lang": "sux",
"form": "tur{mušen}",
"cf": "tur",
"gw": "small",
"sense": "(to be) small",
"norm0": "tur",
"pos": "V/i",
"epos": "V/i",
"base": "tur{mušen}",
"morph": "~"}
}
,
{
"node": "d",
"type": "field-end",
"subtype": "wp"}
,
{
"node": "d",
"type": "cell-end"}
,
{
"node": "d",
"type": "cell-start"}
,
{
"node": "d",
"type": "field-start",
"subtype": "eq"}
,
{
"node": "d",
"frag": ":",
"type": "nonw",
"ref": "P247843.13.3",
"lang": "akk",
"type": "punct",
"gdl_delim": " "}
,
{
"node": "l",
"frag": "na-⸢ah⸣-[tum]",
"id": "P247843.l40828",
"ref": "P247843.13.4",
"inst": "nahtum[young (bird)]'N",
"sig": "@dcclt%akk:na-ah-tum=nahtu[small//young (bird)]N'N$nahtum",
"f": {"lang": "akk",
"form": "na-ah-tum",
"cf": "nahtu",
"gw": "small",
"sense": "young (bird)",
"norm": "nahtum",
"pos": "N",
"epos": "N"}
}
,
{
"node": "d",
"type": "field-end",
"subtype": "eq"}
,
{
"node": "d",
"type": "cell-end"}
,
{
"node": "d",
"type": "nonx",
"ref": "P247843.14",
"strict": "1",
"extent": "1",
"scope": "line",
"state": "ruling"}
,
{
"node": "d",
"type": "line-start",
"ref": "P247843.15",
"n": "9'",
"label": "o 9'"}
,
{
"node": "d",
"type": "cell-start"}
,
{
"node": "d",
"type": "field-start",
"subtype": "wp"}
,
{
"node": "l",
"frag": "⸢bibad⸣{[mušen]}",
"id": "P247843.l40829",
"ref": "P247843.15.1",
"inst": "bazbaz[bird]N",
"sig": "@dcclt%sux:bibad{mušen}=bazbaz[bird//bird]N'N$bazbaz/bibad{mušen}#~",
"f": {"lang": "sux",
"form": "bibad{mušen}",
"cf": "bazbaz",
"gw": "bird",
"sense": "bird",
"norm0": "bazbaz",
"pos": "N",
"epos": "N",
"base": "bibad{mušen}",
"morph": "~"}
}
,
{
"node": "d",
"type": "field-end",
"subtype": "wp"}
,
{
"node": "d",
"type": "cell-end"}
,
{
"node": "d",
"type": "cell-start"}
,
{
"node": "d",
"type": "field-start",
"subtype": "eq"}
,
{
"node": "l",
"frag": "[...]",
"id": "P247843.l4082a",
"ref": "P247843.15.2",
"inst": "u",
"f": {"lang": "akk",
"form": "x",
"pos": "u"}
}
,
{
"node": "d",
"type": "field-end",
"subtype": "eq"}
,
{
"node": "d",
"type": "cell-end"}
,
{
"node": "d",
"type": "line-start",
"ref": "P247843.16",
"n": "10'",
"label": "o 10'"}
,
{
"node": "d",
"type": "cell-start"}
,
{
"node": "d",
"type": "field-start",
"subtype": "wp"}
,
{
"node": "l",
"frag": "bibad",
"id": "P247843.l4082b",
"ref": "P247843.16.1",
"inst": "bazbaz[a bird]N",
"sig": "@dcclt%sux:bibad=bazbaz[bird//a bird]N'N$bazbaz/bibad#~",
"f": {"lang": "sux",
"form": "bibad",
"cf": "bazbaz",
"gw": "bird",
"sense": "a bird",
"norm0": "bazbaz",
"pos": "N",
"epos": "N",
"base": "bibad",
"morph": "~"}
}
,
{
"node": "l",
"frag": "tur{⸢mušen⸣}",
"id": "P247843.l4082c",
"ref": "P247843.16.2",
"inst": "tur[(to be) small]V/i",
"sig": "@dcclt%sux:tur{mušen}=tur[small//(to be) small]V/i'V/i$tur/tur{mušen}#~",
"f": {"lang": "sux",
"form": "tur{mušen}",
"cf": "tur",
"gw": "small",
"sense": "(to be) small",
"norm0": "tur",
"pos": "V/i",
"epos": "V/i",
"base": "tur{mušen}",
"morph": "~"}
}
,
{
"node": "d",
"type": "field-end",
"subtype": "wp"}
,
{
"node": "d",
"type": "cell-end"}
,
{
"node": "d",
"type": "cell-start"}
,
{
"node": "d",
"type": "field-start",
"subtype": "eq"}
,
{
"node": "l",
"frag": "[...]",
"id": "P247843.l4082d",
"ref": "P247843.16.3",
"inst": "u",
"f": {"lang": "akk",
"form": "x",
"pos": "u"}
}
,
{
"node": "d",
"type": "field-end",
"subtype": "eq"}
,
{
"node": "d",
"type": "cell-end"}
,
{
"node": "d",
"type": "nonx",
"ref": "P247843.17",
"strict": "1",
"extent": "1",
"scope": "line",
"state": "ruling"}
,
{
"node": "d",
"type": "line-start",
"ref": "P247843.18",
"n": "11'",
"label": "o 11'"}
,
{
"node": "d",
"type": "cell-start"}
,
{
"node": "d",
"type": "field-start",
"subtype": "wp"}
,
{
"node": "l",
"frag": "bibad{mušen}",
"id": "P247843.l4082e",
"ref": "P247843.18.1",
"inst": "bazbaz[bird]N",
"sig": "@dcclt%sux:bibad{mušen}=bazbaz[bird//bird]N'N$bazbaz/bibad{mušen}#~",
"f": {"lang": "sux",
"form": "bibad{mušen}",
"cf": "bazbaz",
"gw": "bird",
"sense": "bird",
"norm0": "bazbaz",
"pos": "N",
"epos": "N",
"base": "bibad{mušen}",
"morph": "~"}
}
,
{
"node": "d",
"type": "field-end",
"subtype": "wp"}
,
{
"node": "d",
"type": "cell-end"}
,
{
"node": "d",
"type": "cell-start"}
,
{
"node": "d",
"type": "field-start",
"subtype": "eq"}
,
{
"node": "l",
"frag": "⸢pa⸣-[as-pa-su]",
"id": "P247843.l4082f",
"ref": "P247843.18.2",
"inst": "paspasu[duck]N",
"sig": "@dcclt%akk:pa-as-pa-su=paspasu[duck//duck]N'N$paspasu",
"f": {"lang": "akk",
"form": "pa-as-pa-su",
"cf": "paspasu",
"gw": "duck",
"sense": "duck",
"norm": "paspasu",
"pos": "N",
"epos": "N"}
}
,
{
"node": "d",
"type": "field-end",
"subtype": "eq"}
,
{
"node": "d",
"type": "cell-end"}
,
{
"node": "d",
"type": "line-start",
"ref": "P247843.19",
"n": "12'",
"label": "o 12'"}
,
{
"node": "d",
"type": "cell-start"}
,
{
"node": "d",
"type": "field-start",
"subtype": "wp"}
,
{
"node": "l",
"frag": "⸢bibad⸣",
"id": "P247843.l40830",
"ref": "P247843.19.1",
"inst": "bazbaz[a bird]N",
"sig": "@dcclt%sux:bibad=bazbaz[bird//a bird]N'N$bazbaz/bibad#~",
"f": {"lang": "sux",
"form": "bibad",
"cf": "bazbaz",
"gw": "bird",
"sense": "a bird",
"norm0": "bazbaz",
"pos": "N",
"epos": "N",
"base": "bibad",
"morph": "~"}
}
,
{
"node": "l",
"frag": "tur{⸢mušen⸣}",
"id": "P247843.l40831",
"ref": "P247843.19.2",
"inst": "tur[(to be) small]V/i",
"sig": "@dcclt%sux:tur{mušen}=tur[small//(to be) small]V/i'V/i$tur/tur{mušen}#~",
"f": {"lang": "sux",
"form": "tur{mušen}",
"cf": "tur",
"gw": "small",
"sense": "(to be) small",
"norm0": "tur",
"pos": "V/i",
"epos": "V/i",
"base": "tur{mušen}",
"morph": "~"}
}
,
{
"node": "d",
"type": "field-end",
"subtype": "wp"}
,
{
"node": "d",
"type": "cell-end"}
,
{
"node": "d",
"type": "cell-start"}
,
{
"node": "d",
"type": "field-start",
"subtype": "eq"}
,
{
"node": "l",
"frag": "⸢na⸣-[ah-tum]",
"id": "P247843.l40832",
"ref": "P247843.19.3",
"inst": "nahtum[young (bird)]'N",
"sig": "@dcclt%akk:na-ah-tum=nahtu[small//young (bird)]N'N$nahtum",
"f": {"lang": "akk",
"form": "na-ah-tum",
"cf": "nahtu",
"gw": "small",
"sense": "young (bird)",
"norm": "nahtum",
"pos": "N",
"epos": "N"}
}
,
{
"node": "d",
"type": "field-end",
"subtype": "eq"}
,
{
"node": "d",
"type": "cell-end"}
,
{
"node": "d",
"type": "nonx",
"ref": "P247843.20",
"strict": "1",
"extent": "1",
"scope": "line",
"state": "ruling"}
,
{
"node": "d",
"type": "line-start",
"ref": "P247843.21",
"n": "13'",
"label": "o 13'"}
,
{
"node": "d",
"type": "cell-start"}
,
{
"node": "d",
"type": "field-start",
"subtype": "wp"}
,
{
"node": "l",
"frag": "[...]{⸢mušen⸣}",
"id": "P247843.l40833",
"ref": "P247843.21.1",
"inst": "u",
"f": {"lang": "sux",
"form": "x{mušen}",
"pos": "u"}
}
,
{
"node": "d",
"type": "field-end",
"subtype": "wp"}
,
{
"node": "d",
"type": "cell-end"}
,
{
"node": "d",
"type": "cell-start"}
,
{
"node": "d",
"type": "field-start",
"subtype": "eq"}
,
{
"node": "l",
"frag": "[...]",
"id": "P247843.l40834",
"ref": "P247843.21.2",
"inst": "u",
"f": {"lang": "akk-x-stdbab",
"form": "x",
"pos": "u"}
}
,
{
"node": "d",
"type": "field-end",
"subtype": "eq"}
,
{
"node": "d",
"type": "cell-end"}
,
{
"node": "d",
"type": "nonx",
"ref": "P247843.22",
"strict": "0",
"extent": "rest",
"state": "missing"}
,
{
"node": "d",
"subtype": "reverse",
"type": "surface",
"ref": "P247843.r.23",
"type": "reverse",
"label": "r"}
,
{
"node": "d",
"type": "nonx",
"ref": "P247843.24",
"strict": "1",
"extent": "n",
"scope": "line",
"state": "missing"}
]}
]}
]}
]}
