{
"type": "cdl",
  "source": "http://oracc.org/dcclt",
  "license": "This data is released under the CC0 license",
  "license-url": "https://creativecommons.org/publicdomain/zero/1.0/",
  "more-info": "http://oracc.org/doc/opendata/",
  "UTC-timestamp": "2017-05-19T18:25:04",
"project": "dcclt",
"textid": "P247832",
"cdl": [
{
"node": "c",
"type": "text",
"id": "P247832.U0",
"cdl": [
{
"node": "d",
"subtype": "tablet",
"type": "object",
"ref": "P247832.x2156.1",
"type": "tablet",
"label": "x2156"}
,
{
"node": "d",
"subtype": "obverse",
"type": "surface",
"ref": "P247832.o.2",
"type": "obverse",
"label": "o"}
,
{
"node": "c",
"type": "discourse",
"subtype": "body",
"id": "P247832.U1",
"cdl": [
{
"node": "c",
"type": "sentence",
"id": "P247832.U2",
"label": "o 1 - r 11'",
"cdl": [
{
"node": "d",
"type": "line-start",
"ref": "P247832.3",
"n": "1",
"label": "o 1"}
,
{
"node": "d",
"type": "cell-start"}
,
{
"node": "d",
"type": "field-start",
"subtype": "wp"}
,
{
"node": "l",
"frag": "te₈-uš(HU)",
"id": "P247832.l51d4c",
"ref": "P247832.3.1",
"inst": "%sux:te₈-uš=",
"f": {"lang": "sux",
"form": "te₈-uš"}
}
,
{
"node": "l",
"frag": "AŠ-ur₄{mušen}",
"id": "P247832.l51d4d",
"ref": "P247832.3.2",
"inst": "%sux:AŠ-ur₄{mušen}=",
"f": {"lang": "sux",
"form": "AŠ-ur₄{mušen}"}
}
,
{
"node": "d",
"type": "field-end",
"subtype": "wp"}
,
{
"node": "d",
"type": "cell-end"}
,
{
"node": "d",
"type": "cell-start"}
,
{
"node": "d",
"type": "field-start",
"subtype": "eq"}
,
{
"node": "l",
"frag": "x",
"id": "P247832.l51d4e",
"ref": "P247832.3.3",
"inst": "%akk:x=",
"f": {"lang": "akk",
"form": "x"}
}
,
{
"node": "l",
"frag": "[...]-šu",
"id": "P247832.l51d4f",
"ref": "P247832.3.4",
"inst": "%akk:x-šu=",
"f": {"lang": "akk",
"form": "x-šu"}
}
,
{
"node": "d",
"type": "field-end",
"subtype": "eq"}
,
{
"node": "d",
"type": "cell-end"}
,
{
"node": "d",
"type": "line-start",
"ref": "P247832.4",
"n": "2",
"label": "o 2"}
,
{
"node": "d",
"type": "cell-start"}
,
{
"node": "d",
"type": "field-start",
"subtype": "wp"}
,
{
"node": "l",
"frag": "⸢te₈-uš(HU)",
"id": "P247832.l51d50",
"ref": "P247832.4.1",
"inst": "%sux:te₈-uš=",
"f": {"lang": "sux",
"form": "te₈-uš"}
}
,
{
"node": "l",
"frag": "gu⸣-la{mušen}",
"id": "P247832.l51d51",
"ref": "P247832.4.2",
"inst": "%sux:gu-la{mušen}=",
"f": {"lang": "sux",
"form": "gu-la{mušen}"}
}
,
{
"node": "d",
"type": "field-end",
"subtype": "wp"}
,
{
"node": "d",
"type": "cell-end"}
,
{
"node": "d",
"type": "cell-start"}
,
{
"node": "d",
"type": "field-start",
"subtype": "eq"}
,
{
"node": "l",
"frag": "na-ʾi-i-ru",
"id": "P247832.l51d52",
"ref": "P247832.4.3",
"inst": "%akk:na-ʾi-i-ru=",
"f": {"lang": "akk",
"form": "na-ʾi-i-ru"}
}
,
{
"node": "d",
"type": "field-end",
"subtype": "eq"}
,
{
"node": "d",
"type": "cell-end"}
,
{
"node": "d",
"type": "line-start",
"ref": "P247832.5",
"n": "3",
"label": "o 3"}
,
{
"node": "d",
"type": "cell-start"}
,
{
"node": "d",
"type": "field-start",
"subtype": "wp"}
,
{
"node": "l",
"frag": "[us]{mušen}",
"id": "P247832.l51d53",
"ref": "P247832.5.1",
"inst": "%sux:us{mušen}=",
"f": {"lang": "sux",
"form": "us{mušen}"}
}
,
{
"node": "d",
"type": "field-end",
"subtype": "wp"}
,
{
"node": "d",
"type": "cell-end"}
,
{
"node": "d",
"type": "cell-start"}
,
{
"node": "d",
"type": "field-start",
"subtype": "eq"}
,
{
"node": "l",
"frag": "u₂(KID)-su",
"id": "P247832.l51d54",
"ref": "P247832.5.2",
"inst": "%akk:u₂-su=",
"f": {"lang": "akk",
"form": "u₂-su"}
}
,
{
"node": "d",
"type": "field-end",
"subtype": "eq"}
,
{
"node": "d",
"type": "cell-end"}
,
{
"node": "d",
"type": "nonx",
"ref": "P247832.6",
"strict": "1",
"extent": "1",
"scope": "line",
"state": "ruling"}
,
{
"node": "d",
"type": "line-start",
"ref": "P247832.7",
"n": "4",
"label": "o 4"}
,
{
"node": "d",
"type": "cell-start"}
,
{
"node": "d",
"type": "field-start",
"subtype": "wp"}
,
{
"node": "l",
"frag": "[tug₂",
"id": "P247832.l51d55",
"ref": "P247832.7.1",
"inst": "%sux:tug₂=",
"f": {"lang": "sux",
"form": "tug₂"}
}
,
{
"node": "l",
"frag": "šu]",
"id": "P247832.l51d56",
"ref": "P247832.7.2",
"inst": "%sux:šu=",
"f": {"lang": "sux",
"form": "šu"}
}
,
{
"node": "l",
"frag": "⸢kud⸣-da",
"id": "P247832.l51d57",
"ref": "P247832.7.3",
"inst": "%sux:kud-da=",
"f": {"lang": "sux",
"form": "kud-da"}
}
,
{
"node": "d",
"type": "field-end",
"subtype": "wp"}
,
{
"node": "d",
"type": "cell-end"}
,
{
"node": "d",
"type": "cell-start"}
,
{
"node": "d",
"type": "field-start",
"subtype": "eq"}
,
{
"node": "l",
"frag": "šid-du",
"id": "P247832.l51d58",
"ref": "P247832.7.4",
"inst": "%akk:šid-du=",
"f": {"lang": "akk",
"form": "šid-du"}
}
,
{
"node": "d",
"type": "field-end",
"subtype": "eq"}
,
{
"node": "d",
"type": "cell-end"}
,
{
"node": "d",
"type": "line-start",
"ref": "P247832.8",
"n": "5",
"label": "o 5"}
,
{
"node": "d",
"type": "cell-start"}
,
{
"node": "d",
"type": "field-start",
"subtype": "wp"}
,
{
"node": "l",
"frag": "[tug₂]",
"id": "P247832.l51d59",
"ref": "P247832.8.1",
"inst": "%sux:tug₂=",
"f": {"lang": "sux",
"form": "tug₂"}
}
,
{
"node": "l",
"frag": "⸢kud⸣-kud-da",
"id": "P247832.l51d5a",
"ref": "P247832.8.2",
"inst": "%sux:kud-kud-da=",
"f": {"lang": "sux",
"form": "kud-kud-da"}
}
,
{
"node": "d",
"type": "field-end",
"subtype": "wp"}
,
{
"node": "d",
"type": "cell-end"}
,
{
"node": "d",
"type": "cell-start"}
,
{
"node": "d",
"type": "field-start",
"subtype": "eq"}
,
{
"node": "d",
"type": "nonw",
"ref": "P247832.8.3",
"lang": "akk",
"type": "surro"}
,
{
"node": "l",
"id": "P247832.l51d5b",
"ref": "P247832.8.4",
"inst": "%akk:šid-du=",
"f": {"lang": "akk",
"form": "šid-du"}
}
,
{
"node": "d",
"type": "field-end",
"subtype": "eq"}
,
{
"node": "d",
"type": "cell-end"}
,
{
"node": "d",
"type": "line-start",
"ref": "P247832.9",
"n": "6",
"label": "o 6"}
,
{
"node": "d",
"type": "cell-start"}
,
{
"node": "d",
"type": "field-start",
"subtype": "wp"}
,
{
"node": "l",
"frag": "[tug₂]",
"id": "P247832.l51d5c",
"ref": "P247832.9.1",
"inst": "%sux:tug₂=",
"f": {"lang": "sux",
"form": "tug₂"}
}
,
{
"node": "l",
"frag": "keš₂-da",
"id": "P247832.l51d5d",
"ref": "P247832.9.2",
"inst": "%sux:keš₂-da=",
"f": {"lang": "sux",
"form": "keš₂-da"}
}
,
{
"node": "l",
"frag": "du₃-a",
"id": "P247832.l51d5e",
"ref": "P247832.9.3",
"inst": "%sux:du₃-a=",
"f": {"lang": "sux",
"form": "du₃-a"}
}
,
{
"node": "d",
"type": "field-end",
"subtype": "wp"}
,
{
"node": "d",
"type": "cell-end"}
,
{
"node": "d",
"type": "cell-start"}
,
{
"node": "d",
"type": "field-start",
"subtype": "eq"}
,
{
"node": "l",
"frag": "ša₂",
"id": "P247832.l51d5f",
"ref": "P247832.9.4",
"inst": "%akk:ša₂=",
"f": {"lang": "akk",
"form": "ša₂"}
}
,
{
"node": "l",
"frag": "ina",
"id": "P247832.l51d60",
"ref": "P247832.9.5",
"inst": "%akk:ina=",
"f": {"lang": "akk",
"form": "ina"}
}
,
{
"node": "l",
"frag": "tap-piš-ti",
"id": "P247832.l51d61",
"ref": "P247832.9.6",
"inst": "%akk:tap-piš-ti=",
"f": {"lang": "akk",
"form": "tap-piš-ti"}
}
,
{
"node": "l",
"frag": "na-du-u",
"id": "P247832.l51d62",
"ref": "P247832.9.7",
"inst": "%akk:na-du-u=",
"f": {"lang": "akk",
"form": "na-du-u"}
}
,
{
"node": "d",
"type": "field-end",
"subtype": "eq"}
,
{
"node": "d",
"type": "cell-end"}
,
{
"node": "d",
"type": "nonx",
"ref": "P247832.10",
"strict": "1",
"extent": "1",
"scope": "line",
"state": "ruling"}
,
{
"node": "d",
"type": "line-start",
"ref": "P247832.11",
"n": "7",
"label": "o 7"}
,
{
"node": "d",
"type": "cell-start"}
,
{
"node": "d",
"type": "field-start",
"subtype": "wp"}
,
{
"node": "l",
"frag": "[a-šag₄]",
"id": "P247832.l51d63",
"ref": "P247832.11.1",
"inst": "%sux:a-šag₄=",
"f": {"lang": "sux",
"form": "a-šag₄"}
}
,
{
"node": "l",
"frag": "pa-rim₄",
"id": "P247832.l51d64",
"ref": "P247832.11.2",
"inst": "%sux:pa-rim₄=",
"f": {"lang": "sux",
"form": "pa-rim₄"}
}
,
{
"node": "d",
"type": "field-end",
"subtype": "wp"}
,
{
"node": "d",
"type": "cell-end"}
,
{
"node": "d",
"type": "cell-start"}
,
{
"node": "d",
"type": "field-start",
"subtype": "eq"}
,
{
"node": "l",
"frag": "na-ba-lu",
"id": "P247832.l51d65",
"ref": "P247832.11.3",
"inst": "%akk:na-ba-lu=",
"f": {"lang": "akk",
"form": "na-ba-lu"}
}
,
{
"node": "d",
"type": "field-end",
"subtype": "eq"}
,
{
"node": "d",
"type": "cell-end"}
,
{
"node": "d",
"type": "line-start",
"ref": "P247832.12",
"n": "8",
"label": "o 8"}
,
{
"node": "d",
"type": "cell-start"}
,
{
"node": "d",
"type": "field-start",
"subtype": "wp"}
,
{
"node": "l",
"frag": "[a]-⸢šag₄⸣",
"id": "P247832.l51d66",
"ref": "P247832.12.1",
"inst": "%sux:a-šag₄=",
"f": {"lang": "sux",
"form": "a-šag₄"}
}
,
{
"node": "l",
"frag": "aratta{ki}",
"id": "P247832.l51d67",
"ref": "P247832.12.2",
"inst": "%sux:aratta{ki}=",
"f": {"lang": "sux",
"form": "aratta{ki}"}
}
,
{
"node": "d",
"type": "field-end",
"subtype": "wp"}
,
{
"node": "d",
"type": "cell-end"}
,
{
"node": "d",
"type": "cell-start"}
,
{
"node": "d",
"type": "field-start",
"subtype": "eq"}
,
{
"node": "l",
"frag": "eq-lu",
"id": "P247832.l51d68",
"ref": "P247832.12.3",
"inst": "%akk:eq-lu=",
"f": {"lang": "akk",
"form": "eq-lu"}
}
,
{
"node": "l",
"frag": "a-rat(KAL)-te-e",
"id": "P247832.l51d69",
"ref": "P247832.12.4",
"inst": "%akk:a-rat-te-e=",
"f": {"lang": "akk",
"form": "a-rat-te-e"}
}
,
{
"node": "d",
"type": "field-end",
"subtype": "eq"}
,
{
"node": "d",
"type": "cell-end"}
,
{
"node": "d",
"type": "line-start",
"ref": "P247832.13",
"n": "9",
"label": "o 9"}
,
{
"node": "d",
"type": "cell-start"}
,
{
"node": "d",
"type": "field-start",
"subtype": "wp"}
,
{
"node": "l",
"frag": "[a]-⸢šag₄⸣",
"id": "P247832.l51d6a",
"ref": "P247832.13.1",
"inst": "%sux:a-šag₄=",
"f": {"lang": "sux",
"form": "a-šag₄"}
}
,
{
"node": "l",
"frag": "aratta{ki}",
"id": "P247832.l51d6b",
"ref": "P247832.13.2",
"inst": "%sux:aratta{ki}=",
"f": {"lang": "sux",
"form": "aratta{ki}"}
}
,
{
"node": "d",
"type": "field-end",
"subtype": "wp"}
,
{
"node": "d",
"type": "cell-end"}
,
{
"node": "d",
"type": "cell-start"}
,
{
"node": "d",
"type": "field-start",
"subtype": "eq"}
,
{
"node": "d",
"type": "nonw",
"ref": "P247832.13.3",
"lang": "akk",
"type": "surro"}
,
{
"node": "l",
"id": "P247832.l51d6c",
"ref": "P247832.13.4",
"inst": "%akk:eq-lu=",
"f": {"lang": "akk",
"form": "eq-lu"}
}
,
{
"node": "l",
"frag": "tam-li-e",
"id": "P247832.l51d6d",
"ref": "P247832.13.5",
"inst": "%akk:tam-li-e=",
"f": {"lang": "akk",
"form": "tam-li-e"}
}
,
{
"node": "d",
"type": "field-end",
"subtype": "eq"}
,
{
"node": "d",
"type": "cell-end"}
,
{
"node": "d",
"type": "nonx",
"ref": "P247832.14",
"strict": "1",
"extent": "1",
"scope": "line",
"state": "ruling"}
,
{
"node": "d",
"type": "line-start",
"ref": "P247832.15",
"n": "10",
"label": "o 10"}
,
{
"node": "d",
"type": "cell-start"}
,
{
"node": "d",
"type": "field-start",
"subtype": "wp"}
,
{
"node": "l",
"frag": "⸢e₂⸣",
"id": "P247832.l51d6e",
"ref": "P247832.15.1",
"inst": "%sux:e₂=",
"f": {"lang": "sux",
"form": "e₂"}
}
,
{
"node": "l",
"frag": "sa-bad",
"id": "P247832.l51d6f",
"ref": "P247832.15.2",
"inst": "%sux:sa-bad=",
"f": {"lang": "sux",
"form": "sa-bad"}
}
,
{
"node": "d",
"type": "field-end",
"subtype": "wp"}
,
{
"node": "d",
"type": "cell-end"}
,
{
"node": "d",
"type": "cell-start"}
,
{
"node": "d",
"type": "field-start",
"subtype": "eq"}
,
{
"node": "l",
"frag": "bi-it",
"id": "P247832.l51d70",
"ref": "P247832.15.3",
"inst": "%akk:bi-it=",
"f": {"lang": "akk",
"form": "bi-it"}
}
,
{
"node": "l",
"frag": "{d}gu-la",
"id": "P247832.l51d71",
"ref": "P247832.15.4",
"inst": "%akk:{d}gu-la=",
"f": {"lang": "akk",
"form": "{d}gu-la"}
}
,
{
"node": "d",
"type": "field-end",
"subtype": "eq"}
,
{
"node": "d",
"type": "cell-end"}
,
{
"node": "d",
"type": "line-start",
"ref": "P247832.16",
"n": "11",
"label": "o 11"}
,
{
"node": "d",
"type": "cell-start"}
,
{
"node": "d",
"type": "field-start",
"subtype": "wp"}
,
{
"node": "l",
"frag": "⸢e₂⸣",
"id": "P247832.l51d72",
"ref": "P247832.16.1",
"inst": "%sux:e₂=",
"f": {"lang": "sux",
"form": "e₂"}
}
,
{
"node": "l",
"frag": "lugal",
"id": "P247832.l51d73",
"ref": "P247832.16.2",
"inst": "%sux:lugal=",
"f": {"lang": "sux",
"form": "lugal"}
}
,
{
"node": "d",
"type": "field-end",
"subtype": "wp"}
,
{
"node": "d",
"type": "cell-end"}
,
{
"node": "d",
"type": "cell-start"}
,
{
"node": "d",
"type": "field-start",
"subtype": "eq"}
,
{
"node": "d",
"type": "nonw",
"ref": "P247832.16.3",
"lang": "akk",
"type": "surro"}
,
{
"node": "l",
"id": "P247832.l51d74",
"ref": "P247832.16.4",
"inst": "%akk:bi-it=",
"f": {"lang": "akk",
"form": "bi-it"}
}
,
{
"node": "l",
"frag": "šar-ri",
"id": "P247832.l51d75",
"ref": "P247832.16.5",
"inst": "%akk:šar-ri=",
"f": {"lang": "akk",
"form": "šar-ri"}
}
,
{
"node": "d",
"type": "field-end",
"subtype": "eq"}
,
{
"node": "d",
"type": "cell-end"}
,
{
"node": "d",
"type": "line-start",
"ref": "P247832.17",
"n": "12",
"label": "o 12"}
,
{
"node": "d",
"type": "cell-start"}
,
{
"node": "d",
"type": "field-start",
"subtype": "wp"}
,
{
"node": "l",
"frag": "⸢e₂⸣",
"id": "P247832.l51d76",
"ref": "P247832.17.1",
"inst": "%sux:e₂=",
"f": {"lang": "sux",
"form": "e₂"}
}
,
{
"node": "l",
"frag": "dumu-munus",
"id": "P247832.l51d77",
"ref": "P247832.17.2",
"inst": "%sux:dumu-munus=",
"f": {"lang": "sux",
"form": "dumu-munus"}
}
,
{
"node": "l",
"frag": "lugal",
"id": "P247832.l51d78",
"ref": "P247832.17.3",
"inst": "%sux:lugal=",
"f": {"lang": "sux",
"form": "lugal"}
}
,
{
"node": "d",
"type": "field-end",
"subtype": "wp"}
,
{
"node": "d",
"type": "cell-end"}
,
{
"node": "d",
"type": "cell-start"}
,
{
"node": "d",
"type": "field-start",
"subtype": "eq"}
,
{
"node": "d",
"type": "nonw",
"ref": "P247832.17.4",
"lang": "akk",
"type": "surro"}
,
{
"node": "l",
"id": "P247832.l51d79",
"ref": "P247832.17.5",
"inst": "%akk:bi-it=",
"f": {"lang": "akk",
"form": "bi-it"}
}
,
{
"node": "l",
"frag": "ma-rat-te",
"id": "P247832.l51d7a",
"ref": "P247832.17.6",
"inst": "%akk:ma-rat-te=",
"f": {"lang": "akk",
"form": "ma-rat-te"}
}
,
{
"node": "d",
"type": "nonw",
"ref": "P247832.17.7",
"lang": "akk",
"type": "surro"}
,
{
"node": "l",
"id": "P247832.l51d7b",
"ref": "P247832.17.8",
"inst": "%akk:šar-ri=",
"f": {"lang": "akk",
"form": "šar-ri"}
}
,
{
"node": "d",
"type": "field-end",
"subtype": "eq"}
,
{
"node": "d",
"type": "cell-end"}
,
{
"node": "d",
"type": "nonx",
"ref": "P247832.18",
"strict": "1",
"extent": "1",
"scope": "line",
"state": "ruling"}
,
{
"node": "d",
"type": "line-start",
"ref": "P247832.19",
"n": "13",
"label": "o 13"}
,
{
"node": "d",
"type": "cell-start"}
,
{
"node": "d",
"type": "field-start",
"subtype": "wp"}
,
{
"node": "l",
"frag": "⸢id₂⸣",
"id": "P247832.l51d7c",
"ref": "P247832.19.1",
"inst": "%sux:id₂=",
"f": {"lang": "sux",
"form": "id₂"}
}
,
{
"node": "l",
"frag": "mah",
"id": "P247832.l51d7d",
"ref": "P247832.19.2",
"inst": "%sux:mah=",
"f": {"lang": "sux",
"form": "mah"}
}
,
{
"node": "d",
"type": "field-end",
"subtype": "wp"}
,
{
"node": "d",
"type": "cell-end"}
,
{
"node": "d",
"type": "cell-start"}
,
{
"node": "d",
"type": "field-start",
"subtype": "eq"}
,
{
"node": "l",
"frag": "ṣi-ir-tu₂",
"id": "P247832.l51d7e",
"ref": "P247832.19.3",
"inst": "%akk:ṣi-ir-tu₂=",
"f": {"lang": "akk",
"form": "ṣi-ir-tu₂"}
}
,
{
"node": "d",
"type": "field-end",
"subtype": "eq"}
,
{
"node": "d",
"type": "cell-end"}
,
{
"node": "d",
"type": "line-start",
"ref": "P247832.20",
"n": "14",
"label": "o 14"}
,
{
"node": "d",
"type": "cell-start"}
,
{
"node": "d",
"type": "field-start",
"subtype": "wp"}
,
{
"node": "l",
"frag": "{⸢id₂⸣}idigna{i-di-ig}",
"id": "P247832.l51d7f",
"ref": "P247832.20.1",
"inst": "%sux:{id₂}idigna{+i-di-ig}=",
"f": {"lang": "sux",
"form": "{id₂}idigna{+i-di-ig}"}
}
,
{
"node": "d",
"type": "field-end",
"subtype": "wp"}
,
{
"node": "d",
"type": "cell-end"}
,
{
"node": "d",
"type": "cell-start"}
,
{
"node": "d",
"type": "field-start",
"subtype": "eq"}
,
{
"node": "l",
"frag": "i-di-ig-lat",
"id": "P247832.l51d80",
"ref": "P247832.20.2",
"inst": "%akk:i-di-ig-lat=",
"f": {"lang": "akk",
"form": "i-di-ig-lat"}
}
,
{
"node": "d",
"type": "field-end",
"subtype": "eq"}
,
{
"node": "d",
"type": "cell-end"}
,
{
"node": "d",
"type": "line-start",
"ref": "P247832.21",
"n": "15",
"label": "o 15"}
,
{
"node": "d",
"type": "cell-start"}
,
{
"node": "d",
"type": "field-start",
"subtype": "wp"}
,
{
"node": "l",
"frag": "{id₂}buranun",
"id": "P247832.l51d81",
"ref": "P247832.21.1",
"inst": "%sux:{id₂}buranun=",
"f": {"lang": "sux",
"form": "{id₂}buranun"}
}
,
{
"node": "d",
"type": "field-end",
"subtype": "wp"}
,
{
"node": "d",
"type": "cell-end"}
,
{
"node": "d",
"type": "cell-start"}
,
{
"node": "d",
"type": "field-start",
"subtype": "eq"}
,
{
"node": "l",
"frag": "⸢pu⸣-rat-te",
"id": "P247832.l51d82",
"ref": "P247832.21.2",
"inst": "%akk:pu-rat-te=",
"f": {"lang": "akk",
"form": "pu-rat-te"}
}
,
{
"node": "d",
"type": "field-end",
"subtype": "eq"}
,
{
"node": "d",
"type": "cell-end"}
,
{
"node": "d",
"type": "nonx",
"ref": "P247832.22",
"strict": "1",
"extent": "1",
"scope": "line",
"state": "ruling"}
,
{
"node": "d",
"type": "line-start",
"ref": "P247832.23",
"n": "16",
"label": "o 16"}
,
{
"node": "d",
"type": "cell-start"}
,
{
"node": "d",
"type": "field-start",
"subtype": "wp"}
,
{
"node": "l",
"frag": "[tu₇]",
"id": "P247832.l51d83",
"ref": "P247832.23.1",
"inst": "%sux:tu₇=",
"f": {"lang": "sux",
"form": "tu₇"}
}
,
{
"node": "l",
"frag": "a",
"id": "P247832.l51d84",
"ref": "P247832.23.2",
"inst": "%sux:a=",
"f": {"lang": "sux",
"form": "a"}
}
,
{
"node": "l",
"frag": "uzu",
"id": "P247832.l51d85",
"ref": "P247832.23.3",
"inst": "%sux:uzu=",
"f": {"lang": "sux",
"form": "uzu"}
}
,
{
"node": "d",
"type": "field-end",
"subtype": "wp"}
,
{
"node": "d",
"type": "cell-end"}
,
{
"node": "d",
"type": "cell-start"}
,
{
"node": "d",
"type": "field-start",
"subtype": "eq"}
,
{
"node": "l",
"frag": "⸢um-mar⸣",
"id": "P247832.l51d86",
"ref": "P247832.23.4",
"inst": "%akk:um-mar=",
"f": {"lang": "akk",
"form": "um-mar"}
}
,
{
"node": "l",
"frag": "me-e",
"id": "P247832.l51d87",
"ref": "P247832.23.5",
"inst": "%akk:me-e=",
"f": {"lang": "akk",
"form": "me-e"}
}
,
{
"node": "l",
"frag": "še-e-ri",
"id": "P247832.l51d88",
"ref": "P247832.23.6",
"inst": "%akk:še-e-ri=",
"f": {"lang": "akk",
"form": "še-e-ri"}
}
,
{
"node": "d",
"type": "field-end",
"subtype": "eq"}
,
{
"node": "d",
"type": "cell-end"}
,
{
"node": "d",
"type": "line-start",
"ref": "P247832.24",
"n": "17",
"label": "o 17"}
,
{
"node": "d",
"type": "cell-start"}
,
{
"node": "d",
"type": "field-start",
"subtype": "wp"}
,
{
"node": "l",
"frag": "[tu₇]",
"id": "P247832.l51d89",
"ref": "P247832.24.1",
"inst": "%sux:tu₇=",
"f": {"lang": "sux",
"form": "tu₇"}
}
,
{
"node": "l",
"frag": "a",
"id": "P247832.l51d8a",
"ref": "P247832.24.2",
"inst": "%sux:a=",
"f": {"lang": "sux",
"form": "a"}
}
,
{
"node": "l",
"frag": "gazi",
"id": "P247832.l51d8b",
"ref": "P247832.24.3",
"inst": "%sux:gazi=",
"f": {"lang": "sux",
"form": "gazi"}
}
,
{
"node": "d",
"type": "field-end",
"subtype": "wp"}
,
{
"node": "d",
"type": "cell-end"}
,
{
"node": "d",
"type": "cell-start"}
,
{
"node": "d",
"type": "field-start",
"subtype": "eq"}
,
{
"node": "l",
"frag": "[...]",
"id": "P247832.l51d8c",
"ref": "P247832.24.4",
"inst": "%akk:x=",
"f": {"lang": "akk",
"form": "x"}
}
,
{
"node": "d",
"type": "field-end",
"subtype": "eq"}
,
{
"node": "d",
"type": "cell-end"}
,
{
"node": "d",
"type": "line-start",
"ref": "P247832.25",
"n": "18",
"label": "o 18"}
,
{
"node": "d",
"type": "cell-start"}
,
{
"node": "d",
"type": "field-start",
"subtype": "wp"}
,
{
"node": "l",
"frag": "[...]",
"id": "P247832.l51d8d",
"ref": "P247832.25.1",
"inst": "%sux:x=",
"f": {"lang": "sux",
"form": "x"}
}
,
{
"node": "l",
"frag": "sa",
"id": "P247832.l51d8e",
"ref": "P247832.25.2",
"inst": "%sux:sa=",
"f": {"lang": "sux",
"form": "sa"}
}
,
{
"node": "l",
"frag": "[...]",
"id": "P247832.l51d8f",
"ref": "P247832.25.3",
"inst": "%sux:x=",
"f": {"lang": "sux",
"form": "x"}
}
,
{
"node": "d",
"type": "field-end",
"subtype": "wp"}
,
{
"node": "d",
"type": "cell-end"}
,
{
"node": "d",
"type": "cell-start"}
,
{
"node": "d",
"type": "field-start",
"subtype": "eq"}
,
{
"node": "l",
"frag": "[...]",
"id": "P247832.l51d90",
"ref": "P247832.25.4",
"inst": "%akk:x=",
"f": {"lang": "akk",
"form": "x"}
}
,
{
"node": "d",
"type": "field-end",
"subtype": "eq"}
,
{
"node": "d",
"type": "cell-end"}
,
{
"node": "d",
"subtype": "reverse",
"type": "surface",
"ref": "P247832.r.26",
"type": "reverse",
"label": "r"}
,
{
"node": "d",
"type": "line-start",
"ref": "P247832.27",
"n": "1'",
"label": "r 1'"}
,
{
"node": "l",
"frag": "[...]-ra-x",
"id": "P247832.l51d91",
"ref": "P247832.27.1",
"inst": "%sux:x-ra-x=",
"f": {"lang": "sux",
"form": "x-ra-x"}
}
,
{
"node": "l",
"frag": "[...]",
"id": "P247832.l51d92",
"ref": "P247832.27.2",
"inst": "%sux:x=",
"f": {"lang": "sux",
"form": "x"}
}
,
{
"node": "d",
"type": "line-start",
"ref": "P247832.28",
"n": "2'",
"label": "r 2'"}
,
{
"node": "l",
"frag": "[...]-ma-x",
"id": "P247832.l51d93",
"ref": "P247832.28.1",
"inst": "%sux:x-ma-x=",
"f": {"lang": "sux",
"form": "x-ma-x"}
}
,
{
"node": "l",
"frag": "[...]",
"id": "P247832.l51d94",
"ref": "P247832.28.2",
"inst": "%sux:x=",
"f": {"lang": "sux",
"form": "x"}
}
,
{
"node": "d",
"type": "nonx",
"ref": "P247832.29",
"strict": "1",
"extent": "1",
"scope": "line",
"state": "ruling"}
,
{
"node": "d",
"type": "line-start",
"ref": "P247832.30",
"n": "3'",
"label": "r 3'"}
,
{
"node": "d",
"type": "cell-start"}
,
{
"node": "d",
"type": "field-start",
"subtype": "wp"}
,
{
"node": "l",
"frag": "[mu]",
"id": "P247832.l51d95",
"ref": "P247832.30.1",
"inst": "mu[name]N",
"sig": "@dcclt%sux:mu=mu[name//name]N'N$mu/mu#~",
"f": {"lang": "sux",
"form": "mu",
"cf": "mu",
"gw": "name",
"sense": "name",
"norm0": "mu",
"pos": "N",
"epos": "N",
"base": "mu",
"morph": "~"}
}
,
{
"node": "d",
"type": "field-end",
"subtype": "wp"}
,
{
"node": "d",
"type": "cell-end"}
,
{
"node": "d",
"type": "cell-start"}
,
{
"node": "d",
"type": "field-start",
"subtype": "eq"}
,
{
"node": "l",
"frag": "ni-[šu]",
"id": "P247832.l51d96",
"ref": "P247832.30.2",
"inst": "nīšu[oath]N",
"sig": "@dcclt%akk:ni-šu=nīšu[life//oath]N'N$nīšu",
"f": {"lang": "akk",
"form": "ni-šu",
"cf": "nīšu",
"gw": "life",
"sense": "oath",
"norm": "nīšu",
"pos": "N",
"epos": "N"}
}
,
{
"node": "d",
"type": "field-end",
"subtype": "eq"}
,
{
"node": "d",
"type": "cell-end"}
,
{
"node": "d",
"type": "cell-start"}
,
{
"node": "d",
"type": "field-start",
"subtype": "eq"}
,
{
"node": "l",
"frag": "[ma-mi-tu]",
"id": "P247832.l51d97",
"ref": "P247832.30.3",
"inst": "māmītu[oath]N",
"sig": "@dcclt%akk:ma-mi-tu=māmītu[oath//oath]N'N$māmītu",
"f": {"lang": "akk",
"form": "ma-mi-tu",
"cf": "māmītu",
"gw": "oath",
"sense": "oath",
"norm": "māmītu",
"pos": "N",
"epos": "N"}
}
,
{
"node": "d",
"type": "field-end",
"subtype": "eq"}
,
{
"node": "d",
"type": "cell-end"}
,
{
"node": "d",
"type": "line-start",
"ref": "P247832.31",
"n": "4'",
"label": "r 4'"}
,
{
"node": "d",
"type": "cell-start"}
,
{
"node": "d",
"type": "field-start",
"subtype": "wp"}
,
{
"node": "l",
"frag": "[mu]",
"id": "P247832.l51d98",
"ref": "P247832.31.1",
"inst": "mu[year]",
"sig": "@dcclt%sux:mu=mu[year//year]N'N$mu/mu#~",
"f": {"lang": "sux",
"form": "mu",
"cf": "mu",
"gw": "year",
"sense": "year",
"norm0": "mu",
"pos": "N",
"epos": "N",
"base": "mu",
"morph": "~"}
}
,
{
"node": "l",
"frag": "⸢kur₂-še₃⸣",
"id": "P247832.l51d99",
"ref": "P247832.31.2",
"inst": "kur[change]",
"sig": "@dcclt%sux:kur₂-še₃=kur[different//to change]V/i'V/t$kur;*a,eše/kur₂#~;*a,eše",
"f": {"lang": "sux",
"form": "kur₂-še₃",
"cf": "kur",
"gw": "different",
"sense": "to change",
"norm0": "kur;*a,eše",
"pos": "V/i",
"epos": "V/t",
"base": "kur₂",
"morph": "~;*a,eše"}
}
,
{
"node": "d",
"type": "field-end",
"subtype": "wp"}
,
{
"node": "d",
"type": "cell-end"}
,
{
"node": "d",
"type": "cell-start"}
,
{
"node": "d",
"type": "field-start",
"subtype": "eq"}
,
{
"node": "l",
"frag": "a-na",
"id": "P247832.l51d9a",
"ref": "P247832.31.3",
"inst": "ana[to]PRP",
"sig": "@dcclt%akk:a-na=ana[to//to]PRP'PRP$ana",
"f": {"lang": "akk",
"form": "a-na",
"cf": "ana",
"gw": "to",
"sense": "to",
"norm": "ana",
"pos": "PRP",
"epos": "PRP"}
}
,
{
"node": "l",
"frag": "⸢ba-laṭ⸣",
"id": "P247832.l51d9b",
"ref": "P247832.31.4",
"inst": "balāṭ[lifetime]'N",
"sig": "@dcclt%akk:ba-laṭ=balāṭu[life//lifetime]N'N$balāṭ",
"f": {"lang": "akk",
"form": "ba-laṭ",
"cf": "balāṭu",
"gw": "life",
"sense": "lifetime",
"norm": "balāṭ",
"pos": "N",
"epos": "N"}
}
,
{
"node": "l",
"frag": "[...]",
"id": "P247832.l51d9c",
"ref": "P247832.31.5",
"inst": "u",
"f": {"lang": "akk",
"form": "x",
"pos": "u"}
}
,
{
"node": "d",
"type": "field-end",
"subtype": "eq"}
,
{
"node": "d",
"type": "cell-end"}
,
{
"node": "d",
"type": "line-start",
"ref": "P247832.32",
"n": "5'",
"label": "r 5'"}
,
{
"node": "d",
"type": "cell-start"}
,
{
"node": "d",
"type": "field-start",
"subtype": "wp"}
,
{
"node": "l",
"frag": "⸢pa₅⸣-šita₃",
"id": "P247832.l51d9d",
"ref": "P247832.32.1",
"inst": "paršita[water channel]",
"sig": "@dcclt%sux:pa₅-šita₃=paršita[channel//water channel]N'N$paršita/pa₅-šita₃#~",
"f": {"lang": "sux",
"form": "pa₅-šita₃",
"cf": "paršita",
"gw": "channel",
"sense": "water channel",
"norm0": "paršita",
"pos": "N",
"epos": "N",
"base": "pa₅-šita₃",
"morph": "~"}
}
,
{
"node": "d",
"type": "field-end",
"subtype": "wp"}
,
{
"node": "d",
"type": "cell-end"}
,
{
"node": "d",
"type": "cell-start"}
,
{
"node": "d",
"type": "field-start",
"subtype": "eq"}
,
{
"node": "l",
"frag": "mi-dir-tu₂",
"id": "P247832.l51d9e",
"ref": "P247832.32.2",
"inst": "midirtu[garden plot]N",
"sig": "@dcclt%akk:mi-dir-tu₂=midirtu[garden plot//garden plot]N'N$midirtu",
"f": {"lang": "akk",
"form": "mi-dir-tu₂",
"cf": "midirtu",
"gw": "garden plot",
"sense": "garden plot",
"norm": "midirtu",
"pos": "N",
"epos": "N"}
}
,
{
"node": "l",
"frag": "[...]",
"id": "P247832.l51d9f",
"ref": "P247832.32.3",
"inst": "u",
"f": {"lang": "akk",
"form": "x",
"pos": "u"}
}
,
{
"node": "d",
"type": "field-end",
"subtype": "eq"}
,
{
"node": "d",
"type": "cell-end"}
,
{
"node": "d",
"type": "nonx",
"ref": "P247832.33",
"strict": "1",
"extent": "1",
"scope": "line",
"state": "ruling"}
,
{
"node": "d",
"type": "line-start",
"ref": "P247832.34",
"n": "6'",
"label": "r 6'"}
,
{
"node": "d",
"type": "cell-start"}
,
{
"node": "l",
"frag": "{d}utu",
"id": "P247832.l51da0",
"ref": "P247832.34.1",
"inst": "%sux:{d}utu=",
"f": {"lang": "sux",
"form": "{d}utu"}
}
,
{
"node": "l",
"frag": "saŋ-kal",
"id": "P247832.l51da1",
"ref": "P247832.34.2",
"inst": "%sux:saŋ-kal=",
"f": {"lang": "sux",
"form": "saŋ-kal"}
}
,
{
"node": "l",
"frag": "diŋir-re-e-ne-⸢ke₄⸣",
"id": "P247832.l51da2",
"ref": "P247832.34.3",
"inst": "%sux:diŋir-re-e-ne-ke₄=",
"f": {"lang": "sux",
"form": "diŋir-re-e-ne-ke₄"}
}
,
{
"node": "l",
"frag": "[...]",
"id": "P247832.l51da3",
"ref": "P247832.34.4",
"inst": "%sux:x=",
"f": {"lang": "sux",
"form": "x"}
}
,
{
"node": "l",
"frag": "x",
"id": "P247832.l51da4",
"ref": "P247832.34.5",
"inst": "%sux:x=",
"f": {"lang": "sux",
"form": "x"}
}
,
{
"node": "l",
"frag": "x",
"id": "P247832.l51da5",
"ref": "P247832.34.6",
"inst": "%sux:x=",
"f": {"lang": "sux",
"form": "x"}
}
,
{
"node": "d",
"type": "cell-end"}
,
{
"node": "d",
"type": "line-start",
"ref": "P247832.35",
"n": "7'",
"label": "r 7'"}
,
{
"node": "d",
"type": "cell-start"}
,
{
"node": "l",
"frag": "a-na",
"id": "P247832.l51da6",
"ref": "P247832.35.1",
"inst": "%akk:a-na=",
"f": {"lang": "akk",
"form": "a-na"}
}
,
{
"node": "l",
"frag": "{d}ša₂-maš",
"id": "P247832.l51da7",
"ref": "P247832.35.2",
"inst": "%akk:{d}ša₂-maš=",
"f": {"lang": "akk",
"form": "{d}ša₂-maš"}
}
,
{
"node": "l",
"frag": "a-ša₂-red",
"id": "P247832.l51da8",
"ref": "P247832.35.3",
"inst": "%akk:a-ša₂-red=",
"f": {"lang": "akk",
"form": "a-ša₂-red"}
}
,
{
"node": "l",
"frag": "DINGIR-MEŠ",
"id": "P247832.l51da9",
"ref": "P247832.35.4",
"inst": "%akk:DINGIR-MEŠ=",
"f": {"lang": "akk",
"form": "DINGIR-MEŠ"}
}
,
{
"node": "l",
"frag": "[pi-qid]-su",
"id": "P247832.l51daa",
"ref": "P247832.35.5",
"inst": "%akk:pi-qid-su=",
"f": {"lang": "akk",
"form": "pi-qid-su"}
}
,
{
"node": "d",
"type": "cell-end"}
,
{
"node": "d",
"type": "nonx",
"ref": "P247832.36",
"strict": "1",
"extent": "1",
"scope": "line",
"state": "ruling"}
,
{
"node": "d",
"type": "line-start",
"ref": "P247832.37",
"n": "8'",
"label": "r 8'"}
,
{
"node": "l",
"frag": "[...]",
"id": "P247832.l51dab",
"ref": "P247832.37.1",
"inst": "%sux:x=",
"f": {"lang": "sux",
"form": "x"}
}
,
{
"node": "d",
"type": "line-start",
"ref": "P247832.38",
"n": "9'",
"label": "r 9'"}
,
{
"node": "l",
"frag": "[...]",
"id": "P247832.l51dac",
"ref": "P247832.38.1",
"inst": "%sux:x=",
"f": {"lang": "sux",
"form": "x"}
}
,
{
"node": "d",
"type": "nonx",
"ref": "P247832.39",
"strict": "1",
"extent": "1",
"scope": "line",
"state": "ruling"}
,
{
"node": "d",
"type": "line-start",
"ref": "P247832.40",
"n": "10'",
"label": "r 10'"}
,
{
"node": "d",
"type": "cell-start"}
,
{
"node": "l",
"frag": "DIŠ",
"id": "P247832.l51dad",
"ref": "P247832.40.1",
"inst": "%akk:DIŠ=",
"f": {"lang": "akk",
"form": "DIŠ"}
}
,
{
"node": "l",
"frag": "ina",
"id": "P247832.l51dae",
"ref": "P247832.40.2",
"inst": "%akk:ina=",
"f": {"lang": "akk",
"form": "ina"}
}
,
{
"node": "l",
"frag": "{iti}KIN",
"id": "P247832.l51daf",
"ref": "P247832.40.3",
"inst": "%akk:{iti}KIN=",
"f": {"lang": "akk",
"form": "{iti}KIN"}
}
,
{
"node": "l",
"frag": "UD",
"id": "P247832.l51db0",
"ref": "P247832.40.4",
"inst": "%akk:UD=",
"f": {"lang": "akk",
"form": "UD"}
}
,
{
"node": "l",
"frag": "15-KAM",
"id": "P247832.l51db1",
"ref": "P247832.40.5",
"inst": "%akk:15-KAM=",
"f": {"lang": "akk",
"form": "15-KAM"}
}
,
{
"node": "l",
"frag": "{mul}ŠU.PA",
"id": "P247832.l51db2",
"ref": "P247832.40.6",
"inst": "%akk:{mul}ŠU.PA=",
"f": {"lang": "akk",
"form": "{mul}ŠU.PA"}
}
,
{
"node": "l",
"frag": "{d}en-lil₂",
"id": "P247832.l51db3",
"ref": "P247832.40.7",
"inst": "%akk:{d}en-lil₂=",
"f": {"lang": "akk",
"form": "{d}en-lil₂"}
}
,
{
"node": "l",
"frag": "IGI{mar}",
"id": "P247832.l51db4",
"ref": "P247832.40.8",
"inst": "%akk:IGI{+mar}=",
"f": {"lang": "akk",
"form": "IGI{+mar}"}
}
,
{
"node": "d",
"type": "cell-end"}
,
{
"node": "d",
"type": "line-start",
"ref": "P247832.41",
"n": "11'",
"label": "r 11'"}
,
{
"node": "d",
"type": "cell-start"}
,
{
"node": "l",
"frag": "DIŠ",
"id": "P247832.l51db5",
"ref": "P247832.41.1",
"inst": "%akk:DIŠ=",
"f": {"lang": "akk",
"form": "DIŠ"}
}
,
{
"node": "l",
"frag": "ina",
"id": "P247832.l51db6",
"ref": "P247832.41.2",
"inst": "%akk:ina=",
"f": {"lang": "akk",
"form": "ina"}
}
,
{
"node": "l",
"frag": "{iti}KIN",
"id": "P247832.l51db7",
"ref": "P247832.41.3",
"inst": "%akk:{iti}KIN=",
"f": {"lang": "akk",
"form": "{iti}KIN"}
}
,
{
"node": "l",
"frag": "UD",
"id": "P247832.l51db8",
"ref": "P247832.41.4",
"inst": "%akk:UD=",
"f": {"lang": "akk",
"form": "UD"}
}
,
{
"node": "l",
"frag": "25-KAM",
"id": "P247832.l51db9",
"ref": "P247832.41.5",
"inst": "%akk:25-KAM=",
"f": {"lang": "akk",
"form": "25-KAM"}
}
,
{
"node": "l",
"frag": "{mul}AB.NAM",
"id": "P247832.l51dba",
"ref": "P247832.41.6",
"inst": "%akk:{mul}AB.NAM=",
"f": {"lang": "akk",
"form": "{mul}AB.NAM"}
}
,
{
"node": "l",
"frag": "IGI{mar}",
"id": "P247832.l51dbb",
"ref": "P247832.41.7",
"inst": "%akk:IGI{+mar}=",
"f": {"lang": "akk",
"form": "IGI{+mar}"}
}
,
{
"node": "d",
"type": "cell-end"}
]}
]}
]}
]}
