{
"type": "cdl",
  "source": "http://oracc.org/dcclt",
  "license": "This data is released under the CC0 license",
  "license-url": "https://creativecommons.org/publicdomain/zero/1.0/",
  "more-info": "http://oracc.org/doc/opendata/",
  "UTC-timestamp": "2017-05-19T18:25:08",
"project": "dcclt",
"textid": "P249373",
"cdl": [
{
"node": "c",
"type": "text",
"id": "P249373.U0",
"cdl": [
{
"node": "d",
"type": "object",
"ref": ""}
,
{
"node": "d",
"type": "surface",
"ref": ""}
,
{
"node": "c",
"type": "discourse",
"subtype": "body",
"id": "P249373.U1",
"cdl": [
{
"node": "c",
"type": "sentence",
"id": "P249373.U2",
"label": "1 - 3",
"cdl": [
{
"node": "d",
"type": "line-start",
"ref": "P249373.1",
"n": "1",
"label": "1"}
,
{
"node": "l",
"frag": "{ŋeš}hašhur",
"id": "P249373.l27754",
"ref": "P249373.1.1",
"inst": "hašhur[apple]",
"sig": "@dcclt%sux:{ŋeš}hašhur=hašhur[apple//apple (tree)]N'N$hašhur/{ŋeš}hašhur#~",
"f": {"lang": "sux",
"form": "{ŋeš}hašhur",
"cf": "hašhur",
"gw": "apple",
"sense": "apple (tree)",
"norm0": "hašhur",
"pos": "N",
"epos": "N",
"base": "{ŋeš}hašhur",
"morph": "~"}
}
,
{
"node": "d",
"type": "line-start",
"ref": "P249373.2",
"n": "2",
"label": "2"}
,
{
"node": "l",
"frag": "{ŋeš}hašhur",
"id": "P249373.l27755",
"ref": "P249373.2.1",
"inst": "hašhur[apple]",
"sig": "@dcclt%sux:{ŋeš}hašhur=hašhur[apple//apple (tree)]N'N$hašhur/{ŋeš}hašhur#~",
"f": {"lang": "sux",
"form": "{ŋeš}hašhur",
"cf": "hašhur",
"gw": "apple",
"sense": "apple (tree)",
"norm0": "hašhur",
"pos": "N",
"epos": "N",
"base": "{ŋeš}hašhur",
"morph": "~"}
}
,
{
"node": "l",
"frag": "duru₅",
"id": "P249373.l27756",
"ref": "P249373.2.2",
"inst": "duru[wet]",
"sig": "@dcclt%sux:duru₅=duru[wet//(to be) wet, irrigated, damp, fresh]V/i'V/i$duru/duru₅#~",
"f": {"lang": "sux",
"form": "duru₅",
"cf": "duru",
"gw": "wet",
"sense": "(to be) wet, irrigated, damp, fresh",
"norm0": "duru",
"pos": "V/i",
"epos": "V/i",
"base": "duru₅",
"morph": "~"}
}
,
{
"node": "d",
"type": "line-start",
"ref": "P249373.3",
"n": "3",
"label": "3"}
,
{
"node": "l",
"frag": "{ŋeš}hašhur",
"id": "P249373.l27757",
"ref": "P249373.3.1",
"inst": "hašhur[apple]",
"sig": "@dcclt%sux:{ŋeš}hašhur=hašhur[apple//apple (tree)]N'N$hašhur/{ŋeš}hašhur#~",
"f": {"lang": "sux",
"form": "{ŋeš}hašhur",
"cf": "hašhur",
"gw": "apple",
"sense": "apple (tree)",
"norm0": "hašhur",
"pos": "N",
"epos": "N",
"base": "{ŋeš}hašhur",
"morph": "~"}
}
,
{
"node": "l",
"frag": "e₃-a",
"id": "P249373.l27758",
"ref": "P249373.3.2",
"inst": "ah[dry]",
"sig": "@dcclt%sux:e₃-a=ah[dry//dry]V/i'V/i$ah;a/e₃#~;a",
"f": {"lang": "sux",
"form": "e₃-a",
"cf": "ah",
"gw": "dry",
"sense": "dry",
"norm0": "ah;a",
"pos": "V/i",
"epos": "V/i",
"base": "e₃",
"morph": "~;a"}
}
]}
]}
]}
]}
