{
"type": "cdl",
  "source": "http://oracc.org/dcclt",
  "license": "This data is released under the CC0 license",
  "license-url": "https://creativecommons.org/publicdomain/zero/1.0/",
  "more-info": "http://oracc.org/doc/opendata/",
  "UTC-timestamp": "2017-05-19T18:25:08",
"project": "dcclt",
"textid": "P249357",
"cdl": [
{
"node": "c",
"type": "text",
"id": "P249357.U0",
"cdl": [
{
"node": "d",
"subtype": "tablet",
"type": "object",
"ref": "P249357.x182.1",
"type": "tablet",
"label": "x182"}
,
{
"node": "d",
"subtype": "obverse",
"type": "surface",
"ref": "P249357.o.2",
"type": "obverse",
"label": "o"}
,
{
"node": "c",
"type": "discourse",
"subtype": "body",
"id": "P249357.U1",
"cdl": [
{
"node": "c",
"type": "sentence",
"id": "P249357.U2",
"label": "o 1 - o 3",
"cdl": [
{
"node": "d",
"type": "line-start",
"ref": "P249357.3",
"n": "1",
"label": "o 1"}
,
{
"node": "l",
"frag": "e₂",
"id": "P249357.l0a465",
"ref": "P249357.3.1",
"inst": "e[house]",
"sig": "@dcclt%sux:e₂=e[house//house]N'N$e/e₂#~",
"f": {"lang": "sux",
"form": "e₂",
"cf": "e",
"gw": "house",
"sense": "house",
"norm0": "e",
"pos": "N",
"epos": "N",
"base": "e₂",
"morph": "~"}
}
,
{
"node": "l",
"frag": "niŋ₂-gur₁₁",
"id": "P249357.l0a466",
"ref": "P249357.3.2",
"inst": "niŋgur[property]",
"sig": "@dcclt%sux:niŋ₂-gur₁₁=niŋgur[property//property]N'N$niŋgur/niŋ₂-gur₁₁#~",
"f": {"lang": "sux",
"form": "niŋ₂-gur₁₁",
"cf": "niŋgur",
"gw": "property",
"sense": "property",
"norm0": "niŋgur",
"pos": "N",
"epos": "N",
"base": "niŋ₂-gur₁₁",
"morph": "~"}
}
,
{
"node": "d",
"type": "line-start",
"ref": "P249357.4",
"n": "2",
"label": "o 2"}
,
{
"node": "l",
"frag": "e₂",
"id": "P249357.l0a467",
"ref": "P249357.4.1",
"inst": "e[house]",
"sig": "@dcclt%sux:e₂=e[house//house]N'N$e/e₂#~",
"f": {"lang": "sux",
"form": "e₂",
"cf": "e",
"gw": "house",
"sense": "house",
"norm0": "e",
"pos": "N",
"epos": "N",
"base": "e₂",
"morph": "~"}
}
,
{
"node": "l",
"frag": "ŋar-re",
"id": "P249357.l0a468",
"ref": "P249357.4.2",
"inst": "ŋar[place]",
"sig": "@dcclt%sux:ŋar-re=ŋar[place//place]V/t'V/t$ŋar;e/ŋar+-re=r.e#~;e",
"f": {"lang": "sux",
"form": "ŋar-re",
"cf": "ŋar",
"gw": "place",
"sense": "place",
"norm0": "ŋar;e",
"pos": "V/t",
"epos": "V/t",
"base": "ŋar",
"cont": "-re=r.e",
"morph": "~;e"}
}
,
{
"node": "d",
"type": "line-start",
"ref": "P249357.5",
"n": "3",
"label": "o 3"}
,
{
"node": "l",
"frag": "e₂",
"id": "P249357.l0a469",
"ref": "P249357.5.1",
"inst": "e[house]",
"sig": "@dcclt%sux:e₂=e[house//house]N'N$e/e₂#~",
"f": {"lang": "sux",
"form": "e₂",
"cf": "e",
"gw": "house",
"sense": "house",
"norm0": "e",
"pos": "N",
"epos": "N",
"base": "e₂",
"morph": "~"}
}
,
{
"node": "c",
"type": "phrase",
"tag": "phr",
"id": "P249357.U4",
"ref": "P249357.ls00000",
"cdl": [
{
"node": "l",
"frag": "ni₂",
"id": "P249357.l0a46a",
"ref": "P249357.5.2",
"inst": "ni[fear]",
"sig": "@dcclt%sux:ni₂=ni[fear//fear]N'N$ni/ni₂#~",
"f": {"lang": "sux",
"form": "ni₂",
"cf": "ni",
"gw": "fear",
"sense": "fear",
"norm0": "ni",
"pos": "N",
"epos": "N",
"base": "ni₂",
"morph": "~"}
}
,
{
"node": "l",
"frag": "gur₃-ru",
"id": "P249357.l0a46b",
"ref": "P249357.5.3",
"inst": "gur[lift]",
"sig": "@dcclt%sux:gur₃-ru=gur[lift//lift]V/t'V/t$gur/gur₃-ru#~",
"f": {"lang": "sux",
"form": "gur₃-ru",
"cf": "gur",
"gw": "lift",
"sense": "lift",
"norm0": "gur",
"pos": "V/t",
"epos": "V/t",
"base": "gur₃-ru",
"morph": "~"}
}
]}
]}
]}
]}
,
{
"linkbase": [{
"type": "linkset",
"xlink_title": "ni gur[clad//to be clad in awesome luminosity]V/t'V/t",
"id": "P249357.ls00000",
"xlink_type": "extended",
"xlink_role": "psu",
"sig": "{ni₂ gur₃-ru = ni[fear]N gur[lift]V/t += ni gur[clad//to be clad in awesome luminosity]V/t'V/t}::@dcclt%sux:ni₂=ni[fear//fear]N'N$ni/ni₂#~++@dcclt%sux:gur₃-ru=gur[lift//to lift, carry]V/t'V/t$gur/gur₃-ru#~",
"links": [
{
"type": "link",
"xlink_title": "ni",
"xlink_type": "locator",
"xlink_href": "#P249357.l0a46a",
"xlink_role": "elt"}
,
{
"type": "link",
"xlink_title": "gur",
"xlink_type": "locator",
"xlink_href": "#P249357.l0a46b",
"xlink_role": "elt"}
]}
]}
]}
