{
"type": "cdl",
  "source": "http://oracc.org/dcclt",
  "license": "This data is released under the CC0 license",
  "license-url": "https://creativecommons.org/publicdomain/zero/1.0/",
  "more-info": "http://oracc.org/doc/opendata/",
  "UTC-timestamp": "2017-05-19T18:25:09",
"project": "dcclt",
"textid": "P249388",
"cdl": [
{
"node": "c",
"type": "text",
"id": "P249388.U0",
"cdl": [
{
"node": "d",
"subtype": "tablet",
"type": "object",
"ref": "P249388.x635.1",
"type": "tablet",
"label": "x635"}
,
{
"node": "d",
"subtype": "obverse",
"type": "surface",
"ref": "P249388.o.2",
"type": "obverse",
"label": "o"}
,
{
"node": "c",
"type": "discourse",
"subtype": "body",
"id": "P249388.U1",
"cdl": [
{
"node": "c",
"type": "sentence",
"id": "P249388.U2",
"label": "o 1 - o 3",
"cdl": [
{
"node": "d",
"type": "line-start",
"ref": "P249388.3",
"n": "1",
"label": "o 1"}
,
{
"node": "l",
"frag": "gi-izi-la₂",
"id": "P249388.l1f173",
"ref": "P249388.3.1",
"inst": "giʾizila[torch]",
"sig": "@dcclt%sux:gi-izi-la₂=giʾizila[torch//torch]N'N$giʾizila/gi-izi-la₂#~",
"f": {"lang": "sux",
"form": "gi-izi-la₂",
"cf": "giʾizila",
"gw": "torch",
"sense": "torch",
"norm0": "giʾizila",
"pos": "N",
"epos": "N",
"base": "gi-izi-la₂",
"morph": "~"}
}
,
{
"node": "d",
"type": "line-start",
"ref": "P249388.4",
"n": "2",
"label": "o 2"}
,
{
"node": "l",
"frag": "{gi}ig",
"id": "P249388.l1f174",
"ref": "P249388.4.1",
"inst": "ig[door]",
"sig": "@dcclt%sux:{gi}ig=ig[door//door]N'N$ig/{gi}ig#~",
"f": {"lang": "sux",
"form": "{gi}ig",
"cf": "ig",
"gw": "door",
"sense": "door",
"norm0": "ig",
"pos": "N",
"epos": "N",
"base": "{gi}ig",
"morph": "~"}
}
,
{
"node": "l",
"frag": "gi-izi-la₂",
"id": "P249388.l1f175",
"ref": "P249388.4.2",
"inst": "giʾizila[torch]",
"sig": "@dcclt%sux:gi-izi-la₂=giʾizila[torch//torch]N'N$giʾizila/gi-izi-la₂#~",
"f": {"lang": "sux",
"form": "gi-izi-la₂",
"cf": "giʾizila",
"gw": "torch",
"sense": "torch",
"norm0": "giʾizila",
"pos": "N",
"epos": "N",
"base": "gi-izi-la₂",
"morph": "~"}
}
,
{
"node": "d",
"type": "line-start",
"ref": "P249388.5",
"n": "3",
"label": "o 3"}
,
{
"node": "l",
"frag": "gi-sal-la",
"id": "P249388.l1f176",
"ref": "P249388.5.1",
"inst": "gisal[screen]",
"sig": "@dcclt%sux:gi-sal-la=gisal[screen//reed screen]N'N$gisal,ak/gi-sal+-la=l.a#~,ak",
"f": {"lang": "sux",
"form": "gi-sal-la",
"cf": "gisal",
"gw": "screen",
"sense": "reed screen",
"norm0": "gisal,ak",
"pos": "N",
"epos": "N",
"base": "gi-sal",
"cont": "-la=l.a",
"morph": "~,ak"}
}
]}
]}
]}
]}
