{
"type": "cdl",
  "source": "http://oracc.org/dcclt",
  "license": "This data is released under the CC0 license",
  "license-url": "https://creativecommons.org/publicdomain/zero/1.0/",
  "more-info": "http://oracc.org/doc/opendata/",
  "UTC-timestamp": "2017-05-19T18:25:13",
"project": "dcclt",
"textid": "P251558",
"cdl": [
{
"node": "c",
"type": "text",
"id": "P251558.U0",
"cdl": [
{
"node": "d",
"subtype": "tablet",
"type": "object",
"ref": "P251558.x194.1",
"type": "tablet",
"label": "x194"}
,
{
"node": "d",
"type": "surface",
"ref": ""}
,
{
"node": "d",
"type": "nonx",
"ref": "P251558.2",
"strict": "0",
"extent": "1",
"state": "ruling"}
,
{
"node": "d",
"subtype": "obverse",
"type": "surface",
"ref": "P251558.o.3",
"type": "obverse",
"label": "o"}
,
{
"node": "c",
"type": "discourse",
"subtype": "body",
"id": "P251558.U1",
"cdl": [
{
"node": "c",
"type": "sentence",
"id": "P251558.U2",
"label": "o 1 - o 3",
"cdl": [
{
"node": "d",
"type": "line-start",
"ref": "P251558.4",
"n": "1",
"label": "o 1"}
,
{
"node": "l",
"frag": "niŋ₂-ŋu₁₀",
"id": "P251558.l0abc5",
"ref": "P251558.4.1",
"inst": "niŋ[something]N",
"sig": "@dcclt%sux:niŋ₂-ŋu₁₀=niŋ[thing//something]N'N$niŋ,ŋu/niŋ₂#~,ŋu",
"f": {"lang": "sux",
"form": "niŋ₂-ŋu₁₀",
"cf": "niŋ",
"gw": "thing",
"sense": "something",
"norm0": "niŋ,ŋu",
"pos": "N",
"epos": "N",
"base": "niŋ₂",
"morph": "~,ŋu"}
}
,
{
"node": "d",
"type": "line-start",
"ref": "P251558.5",
"n": "2",
"label": "o 2"}
,
{
"node": "l",
"frag": "niŋ₂-luh",
"id": "P251558.l0abc6",
"ref": "P251558.5.1",
"inst": "niŋluh[basin, wash-basin]N",
"sig": "@dcclt%sux:niŋ₂-luh=niŋluh[basin//basin, wash-basin]N'N$niŋluh/niŋ₂-luh#~",
"f": {"lang": "sux",
"form": "niŋ₂-luh",
"cf": "niŋluh",
"gw": "basin",
"sense": "basin, wash-basin",
"norm0": "niŋluh",
"pos": "N",
"epos": "N",
"base": "niŋ₂-luh",
"morph": "~"}
}
,
{
"node": "d",
"type": "line-start",
"ref": "P251558.6",
"n": "3",
"label": "o 3"}
,
{
"node": "l",
"frag": "niŋ₂-ama-ni",
"id": "P251558.l0abc7",
"ref": "P251558.6.1",
"inst": "+niŋamani[plant]N/niŋ₂-ama-ni#~",
"sig": "@dcclt%sux:niŋ₂-ama-ni=niŋamani[plant//plant]N'N$niŋamani/niŋ₂-ama-ni#~",
"f": {"lang": "sux",
"form": "niŋ₂-ama-ni",
"cf": "niŋamani",
"gw": "plant",
"sense": "plant",
"norm0": "niŋamani",
"pos": "N",
"epos": "N",
"base": "niŋ₂-ama-ni",
"morph": "~"}
}
,
{
"node": "d",
"subtype": "reverse",
"type": "surface",
"ref": "P251558.r.7",
"type": "reverse",
"label": "r"}
,
{
"node": "d",
"type": "nonx",
"ref": "P251558.8",
"strict": "0",
"state": "other"}
]}
]}
]}
]}
