{
"type": "cdl",
  "source": "http://oracc.org/dcclt",
  "license": "This data is released under the CC0 license",
  "license-url": "https://creativecommons.org/publicdomain/zero/1.0/",
  "more-info": "http://oracc.org/doc/opendata/",
  "UTC-timestamp": "2017-05-19T18:25:12",
"project": "dcclt",
"textid": "P251491",
"cdl": [
{
"node": "c",
"type": "text",
"id": "P251491.U0",
"cdl": [
{
"node": "d",
"type": "object",
"ref": ""}
,
{
"node": "d",
"subtype": "obverse",
"type": "surface",
"ref": "P251491.o.1",
"type": "obverse",
"label": "o"}
,
{
"node": "c",
"type": "discourse",
"subtype": "body",
"id": "P251491.U1",
"cdl": [
{
"node": "c",
"type": "sentence",
"id": "P251491.U2",
"label": "o 1 - o 3",
"cdl": [
{
"node": "d",
"type": "line-start",
"ref": "P251491.2",
"n": "1",
"label": "o 1"}
,
{
"node": "l",
"frag": "tug₂-mu-DUN₃-ra",
"id": "P251491.l1a8bd",
"ref": "P251491.2.1",
"inst": "tugmudura[garment]",
"sig": "@dcclt%sux:tug₂-mu-DUN₃-ra=tugmudura[mourning garment//mourning garment]N'N$tugmudura/tug₂-mu-DUN₃-ra#~",
"f": {"lang": "sux",
"form": "tug₂-mu-DUN₃-ra",
"cf": "tugmudura",
"gw": "mourning garment",
"sense": "mourning garment",
"norm0": "tugmudura",
"pos": "N",
"epos": "N",
"base": "tug₂-mu-DUN₃-ra",
"morph": "~"}
}
,
{
"node": "d",
"type": "line-start",
"ref": "P251491.3",
"n": "2",
"label": "o 2"}
,
{
"node": "l",
"frag": "tug₂",
"id": "P251491.l1a8be",
"ref": "P251491.3.1",
"inst": "tug[textile]",
"sig": "@dcclt%sux:tug₂=tug[textile//textile]N'N$tug/tug₂#~",
"f": {"lang": "sux",
"form": "tug₂",
"cf": "tug",
"gw": "textile",
"sense": "textile",
"norm0": "tug",
"pos": "N",
"epos": "N",
"base": "tug₂",
"morph": "~"}
}
,
{
"node": "l",
"frag": "a-tuₓ(|ŠE.NAGA×A|)",
"id": "P251491.l1a8bf",
"ref": "P251491.3.2",
"inst": "atua[washed]",
"sig": "@dcclt%sux:a-tuₓ(|ŠE.NAGA×A|)=atua[washed//washed]AJ'AJ$atua/a-tuₓ(|ŠE.NAGA×A|)#~",
"f": {"lang": "sux",
"form": "a-tuₓ(|ŠE.NAGA×A|)",
"cf": "atua",
"gw": "washed",
"sense": "washed",
"norm0": "atua",
"pos": "AJ",
"epos": "AJ",
"base": "a-tuₓ(|ŠE.NAGA×A|)",
"morph": "~"}
}
,
{
"node": "d",
"type": "line-start",
"ref": "P251491.4",
"n": "3",
"label": "o 3"}
,
{
"node": "l",
"frag": "⸢tug₂⸣",
"id": "P251491.l1a8c0",
"ref": "P251491.4.1",
"inst": "tug[textile]",
"sig": "@dcclt%sux:tug₂=tug[textile//textile]N'N$tug/tug₂#~",
"f": {"lang": "sux",
"form": "tug₂",
"cf": "tug",
"gw": "textile",
"sense": "textile",
"norm0": "tug",
"pos": "N",
"epos": "N",
"base": "tug₂",
"morph": "~"}
}
,
{
"node": "l",
"frag": "luh-ha",
"id": "P251491.l1a8c1",
"ref": "P251491.4.2",
"inst": "luh[clean]",
"sig": "@dcclt%sux:luh-ha=luh[clean//to clean, wash]V/t'V/t$luh;a/luh+-ha=h.a#~;a",
"f": {"lang": "sux",
"form": "luh-ha",
"cf": "luh",
"gw": "clean",
"sense": "to clean, wash",
"norm0": "luh;a",
"pos": "V/t",
"epos": "V/t",
"base": "luh",
"cont": "-ha=h.a",
"morph": "~;a"}
}
]}
]}
]}
]}
