{
"type": "cdl",
  "source": "http://oracc.org/dcclt",
  "license": "This data is released under the CC0 license",
  "license-url": "https://creativecommons.org/publicdomain/zero/1.0/",
  "more-info": "http://oracc.org/doc/opendata/",
  "UTC-timestamp": "2017-05-19T18:25:12",
"project": "dcclt",
"textid": "P251429",
"cdl": [
{
"node": "c",
"type": "text",
"id": "P251429.U0",
"cdl": [
{
"node": "d",
"type": "object",
"ref": ""}
,
{
"node": "d",
"type": "surface",
"ref": ""}
,
{
"node": "c",
"type": "discourse",
"subtype": "body",
"id": "P251429.U1",
"cdl": [
{
"node": "c",
"type": "sentence",
"id": "P251429.U2",
"label": "1 - 3",
"cdl": [
{
"node": "d",
"type": "line-start",
"ref": "P251429.1",
"n": "1",
"label": "1"}
,
{
"node": "l",
"frag": "{na₄}na-ru₂(NI)-a",
"id": "P251429.l23b67",
"ref": "P251429.1.1",
"inst": "narua[stele]",
"sig": "@dcclt%sux:{na₄}na-ru₂-a=narua[stele//stele]N'N$narua/{na₄}na-ru₂-a#~",
"f": {"lang": "sux",
"form": "{na₄}na-ru₂-a",
"cf": "narua",
"gw": "stele",
"sense": "stele",
"norm0": "narua",
"pos": "N",
"epos": "N",
"base": "{na₄}na-ru₂-a",
"morph": "~"}
}
,
{
"node": "d",
"type": "line-start",
"ref": "P251429.2",
"n": "2",
"label": "2"}
,
{
"node": "l",
"frag": "{na₄}na-me-a",
"id": "P251429.l23b68",
"ref": "P251429.2.1",
"inst": "X",
"f": {"lang": "sux",
"form": "{na₄}na-me-a",
"pos": "X"}
}
,
{
"node": "d",
"type": "line-start",
"ref": "P251429.3",
"n": "3",
"label": "3"}
,
{
"node": "l",
"frag": "{na₄}na",
"id": "P251429.l23b69",
"ref": "P251429.3.1",
"inst": "na[mortar]",
"sig": "@dcclt%sux:{na₄}na=na[pestle//mortar]N'N$na/{na₄}na#~",
"f": {"lang": "sux",
"form": "{na₄}na",
"cf": "na",
"gw": "pestle",
"sense": "mortar",
"norm0": "na",
"pos": "N",
"epos": "N",
"base": "{na₄}na",
"morph": "~"}
}
,
{
"node": "l",
"frag": "za-gin₃-na",
"id": "P251429.l23b6a",
"ref": "P251429.3.2",
"inst": "zagin[lapis]",
"sig": "@dcclt%sux:za-gin₃-na=zagin[lapis//lapis lazuli]N'N$zagin,ak/za-gin₃+-na=n.a#~,ak",
"f": {"lang": "sux",
"form": "za-gin₃-na",
"cf": "zagin",
"gw": "lapis",
"sense": "lapis lazuli",
"norm0": "zagin,ak",
"pos": "N",
"epos": "N",
"base": "za-gin₃",
"cont": "-na=n.a",
"morph": "~,ak"}
}
]}
]}
]}
]}
