{
"type": "cdl",
  "source": "http://oracc.org/dcclt",
  "license": "This data is released under the CC0 license",
  "license-url": "https://creativecommons.org/publicdomain/zero/1.0/",
  "more-info": "http://oracc.org/doc/opendata/",
  "UTC-timestamp": "2017-05-19T18:25:15",
"project": "dcclt",
"textid": "P253231",
"cdl": [
{
"node": "c",
"type": "text",
"id": "P253231.U0",
"cdl": [
{
"node": "d",
"type": "object",
"ref": ""}
,
{
"node": "d",
"subtype": "obverse",
"type": "surface",
"ref": "P253231.o.1",
"type": "obverse",
"label": "o"}
,
{
"node": "c",
"type": "discourse",
"subtype": "body",
"id": "P253231.U1",
"cdl": [
{
"node": "c",
"type": "sentence",
"id": "P253231.U2",
"label": "o 1 - r 4",
"cdl": [
{
"node": "d",
"type": "line-start",
"ref": "P253231.2",
"n": "1",
"label": "o 1"}
,
{
"node": "l",
"frag": "{gi}hal",
"id": "P253231.l1f105",
"ref": "P253231.2.1",
"inst": "hal[a basket]N",
"sig": "@dcclt%sux:{gi}hal=hal[basket//a basket]N'N$hal/{gi}hal#~",
"f": {"lang": "sux",
"form": "{gi}hal",
"cf": "hal",
"gw": "basket",
"sense": "a basket",
"norm0": "hal",
"pos": "N",
"epos": "N",
"base": "{gi}hal",
"morph": "~"}
}
,
{
"node": "d",
"type": "line-start",
"ref": "P253231.3",
"n": "2",
"label": "o 2"}
,
{
"node": "l",
"frag": "gi",
"id": "P253231.l1f106",
"ref": "P253231.3.1",
"inst": "gi[reed]N",
"sig": "@dcclt%sux:gi=gi[reed//reed]N'N$gi/gi#~",
"f": {"lang": "sux",
"form": "gi",
"cf": "gi",
"gw": "reed",
"sense": "reed",
"norm0": "gi",
"pos": "N",
"epos": "N",
"base": "gi",
"morph": "~"}
}
,
{
"node": "l",
"frag": "bala",
"id": "P253231.l1f107",
"ref": "P253231.3.2",
"inst": "bala[turn]V/t",
"sig": "@dcclt%sux:bala=bala[turn//turn]V/t'V/t$bala/bala#~",
"f": {"lang": "sux",
"form": "bala",
"cf": "bala",
"gw": "turn",
"sense": "turn",
"norm0": "bala",
"pos": "V/t",
"epos": "V/t",
"base": "bala",
"morph": "~"}
}
,
{
"node": "d",
"type": "nonw",
"ref": ""}
,
{
"node": "d",
"type": "line-start",
"ref": "P253231.4",
"n": "3",
"label": "o 3"}
,
{
"node": "l",
"frag": "gi",
"id": "P253231.l1f108",
"ref": "P253231.4.1",
"inst": "gi[reed]",
"sig": "@dcclt%sux:gi=gi[reed//reed]N'N$gi/gi#~",
"f": {"lang": "sux",
"form": "gi",
"cf": "gi",
"gw": "reed",
"sense": "reed",
"norm0": "gi",
"pos": "N",
"epos": "N",
"base": "gi",
"morph": "~"}
}
,
{
"node": "l",
"frag": "ki-kid",
"id": "P253231.l1f109",
"ref": "P253231.4.2",
"inst": "kikid[matted place]",
"sig": "@dcclt%sux:ki-kid=kikid[place//matted place]N'N$kikid/ki-kid#~",
"f": {"lang": "sux",
"form": "ki-kid",
"cf": "kikid",
"gw": "place",
"sense": "matted place",
"norm0": "kikid",
"pos": "N",
"epos": "N",
"base": "ki-kid",
"morph": "~"}
}
,
{
"node": "d",
"type": "nonw",
"ref": ""}
,
{
"node": "d",
"type": "line-start",
"ref": "P253231.5",
"n": "4",
"label": "o 4"}
,
{
"node": "l",
"frag": "gi-NE",
"id": "P253231.l1f10a",
"ref": "P253231.5.1",
"inst": "GI.NE[a type of reed]",
"sig": "@dcclt%sux:gi-NE=GI.NE[reed//a type of reed]N'N$GI.NE/GI-NE#~",
"f": {"lang": "sux",
"form": "gi-NE",
"cf": "GI.NE",
"gw": "reed",
"sense": "a type of reed",
"norm0": "GI.NE",
"pos": "N",
"epos": "N",
"base": "GI-NE",
"morph": "~"}
}
,
{
"node": "l",
"frag": "SILA₃",
"id": "P253231.l1f10b",
"ref": "P253231.5.2",
"inst": "u",
"f": {"lang": "sux",
"form": "$SILA₃",
"pos": "u"}
}
,
{
"node": "d",
"type": "line-start",
"ref": "P253231.6",
"n": "5",
"label": "o 5"}
,
{
"node": "l",
"frag": "gi-izi-la₂",
"id": "P253231.l1f10c",
"ref": "P253231.6.1",
"inst": "giʾizila[torch]N",
"sig": "@dcclt%sux:gi-izi-la₂=giʾizila[torch//torch]N'N$giʾizila/gi-izi-la₂#~",
"f": {"lang": "sux",
"form": "gi-izi-la₂",
"cf": "giʾizila",
"gw": "torch",
"sense": "torch",
"norm0": "giʾizila",
"pos": "N",
"epos": "N",
"base": "gi-izi-la₂",
"morph": "~"}
}
,
{
"node": "d",
"type": "line-start",
"ref": "P253231.7",
"n": "6",
"label": "o 6"}
,
{
"node": "l",
"frag": "{gi}dur",
"id": "P253231.l1f10d",
"ref": "P253231.7.1",
"inst": "dur[bond]",
"sig": "@dcclt%sux:{gi}dur=dur[bond//binding, knot, bond, tie]N'N$dur/{gi}dur#~",
"f": {"lang": "sux",
"form": "{gi}dur",
"cf": "dur",
"gw": "bond",
"sense": "binding, knot, bond, tie",
"norm0": "dur",
"pos": "N",
"epos": "N",
"base": "{gi}dur",
"morph": "~"}
}
,
{
"node": "d",
"type": "line-start",
"ref": "P253231.8",
"n": "7",
"label": "o 7"}
,
{
"node": "l",
"frag": "{gi}urin",
"id": "P253231.l1f10e",
"ref": "P253231.8.1",
"inst": "urin[standard]N",
"sig": "@dcclt%sux:{gi}urin=urin[standard//standard]N'N$urin/{gi}urin#~",
"f": {"lang": "sux",
"form": "{gi}urin",
"cf": "urin",
"gw": "standard",
"sense": "standard",
"norm0": "urin",
"pos": "N",
"epos": "N",
"base": "{gi}urin",
"morph": "~"}
}
,
{
"node": "d",
"type": "line-start",
"ref": "P253231.9",
"n": "8",
"label": "o 8"}
,
{
"node": "l",
"frag": "{gi}a-da-gur₂",
"id": "P253231.l1f10f",
"ref": "P253231.9.1",
"inst": "adagir[container]N/{gi}a-da-gur₂#~",
"sig": "@dcclt%sux:{gi}a-da-gur₂=adagir[container//container]N'N$adagir/{gi}a-da-gur₂#~",
"f": {"lang": "sux",
"form": "{gi}a-da-gur₂",
"cf": "adagir",
"gw": "container",
"sense": "container",
"norm0": "adagir",
"pos": "N",
"epos": "N",
"base": "{gi}a-da-gur₂",
"morph": "~"}
}
,
{
"node": "d",
"type": "line-start",
"ref": "P253231.10",
"n": "9",
"label": "o 9"}
,
{
"node": "l",
"frag": "gi",
"id": "P253231.l1f110",
"ref": "P253231.10.1",
"inst": "gi[reed]N",
"sig": "@dcclt%sux:gi=gi[reed//reed]N'N$gi/gi#~",
"f": {"lang": "sux",
"form": "gi",
"cf": "gi",
"gw": "reed",
"sense": "reed",
"norm0": "gi",
"pos": "N",
"epos": "N",
"base": "gi",
"morph": "~"}
}
,
{
"node": "l",
"frag": "ma₂-gan{ki}",
"id": "P253231.l1f111",
"ref": "P253231.10.2",
"inst": "Magan[1]GN",
"sig": "@dcclt%sux:ma₂-gan{ki}=Magan[1//1]GN'GN$Magan/ma₂-gan{ki}#~",
"f": {"lang": "sux",
"form": "ma₂-gan{ki}",
"cf": "Magan",
"gw": "1",
"sense": "1",
"norm0": "Magan",
"pos": "GN",
"epos": "GN",
"base": "ma₂-gan{ki}",
"morph": "~"}
}
,
{
"node": "d",
"type": "line-start",
"ref": "P253231.11",
"n": "10",
"label": "o 10"}
,
{
"node": "l",
"frag": "{gi}zu₂-kešda",
"id": "P253231.l1f112",
"ref": "P253231.11.1",
"inst": "ŋešzukešda[dam]N",
"sig": "@dcclt%sux:{gi}zu₂-kešda=ŋešzukešda[dam//dam]N'N$ŋešzukešda/{gi}zu₂-kešda#~",
"f": {"lang": "sux",
"form": "{gi}zu₂-kešda",
"cf": "ŋešzukešda",
"gw": "dam",
"sense": "dam",
"norm0": "ŋešzukešda",
"pos": "N",
"epos": "N",
"base": "{gi}zu₂-kešda",
"morph": "~"}
}
,
{
"node": "d",
"type": "line-start",
"ref": "P253231.12",
"n": "11",
"label": "o 11"}
,
{
"node": "l",
"frag": "gi",
"id": "P253231.l1f113",
"ref": "P253231.12.1",
"inst": "gi[reed]N",
"sig": "@dcclt%sux:gi=gi[reed//reed]N'N$gi/gi#~",
"f": {"lang": "sux",
"form": "gi",
"cf": "gi",
"gw": "reed",
"sense": "reed",
"norm0": "gi",
"pos": "N",
"epos": "N",
"base": "gi",
"morph": "~"}
}
,
{
"node": "l",
"frag": "dug₃-ga",
"id": "P253231.l1f114",
"ref": "P253231.12.2",
"inst": "dug[good]V/i",
"sig": "@dcclt%sux:dug₃-ga=dug[good//good]V/i'V/i$dug;a/dug₃+-ga=g.a#~;a",
"f": {"lang": "sux",
"form": "dug₃-ga",
"cf": "dug",
"gw": "good",
"sense": "good",
"norm0": "dug;a",
"pos": "V/i",
"epos": "V/i",
"base": "dug₃",
"cont": "-ga=g.a",
"morph": "~;a"}
}
,
{
"node": "d",
"type": "line-start",
"ref": "P253231.13",
"n": "12",
"label": "o 12"}
,
{
"node": "l",
"frag": "⸢dug⸣",
"id": "P253231.l1f115",
"ref": "P253231.13.1",
"inst": "dug[(clay) pot]N",
"sig": "@dcclt%sux:dug=dug[pot//(clay) pot]N'N$dug/dug#~",
"f": {"lang": "sux",
"form": "dug",
"cf": "dug",
"gw": "pot",
"sense": "(clay) pot",
"norm0": "dug",
"pos": "N",
"epos": "N",
"base": "dug",
"morph": "~"}
}
,
{
"node": "d",
"type": "line-start",
"ref": "P253231.14",
"n": "13",
"label": "o 13"}
,
{
"node": "l",
"frag": "dug",
"id": "P253231.l1f116",
"ref": "P253231.14.1",
"inst": "dug[(clay) pot]N",
"sig": "@dcclt%sux:dug=dug[pot//(clay) pot]N'N$dug/dug#~",
"f": {"lang": "sux",
"form": "dug",
"cf": "dug",
"gw": "pot",
"sense": "(clay) pot",
"norm0": "dug",
"pos": "N",
"epos": "N",
"base": "dug",
"morph": "~"}
}
,
{
"node": "l",
"frag": "gal",
"id": "P253231.l1f117",
"ref": "P253231.14.2",
"inst": "gal[(to be) big, great]V/i",
"sig": "@dcclt%sux:gal=gal[big//(to be) big, great]V/i'V/i$gal/gal#~",
"f": {"lang": "sux",
"form": "gal",
"cf": "gal",
"gw": "big",
"sense": "(to be) big, great",
"norm0": "gal",
"pos": "V/i",
"epos": "V/i",
"base": "gal",
"morph": "~"}
}
,
{
"node": "d",
"type": "line-start",
"ref": "P253231.15",
"n": "14",
"label": "o 14"}
,
{
"node": "l",
"frag": "{⸢dug⸣}sahar₂",
"id": "P253231.l1f118",
"ref": "P253231.15.1",
"inst": "sahar[a vessel]N",
"sig": "@dcclt%sux:{dug}sahar₂=sahar[vessel//a vessel]N'N$sahar/{dug}sahar₂#~",
"f": {"lang": "sux",
"form": "{dug}sahar₂",
"cf": "sahar",
"gw": "vessel",
"sense": "a vessel",
"norm0": "sahar",
"pos": "N",
"epos": "N",
"base": "{dug}sahar₂",
"morph": "~"}
}
,
{
"node": "d",
"subtype": "reverse",
"type": "surface",
"ref": "P253231.r.16",
"type": "reverse",
"label": "r"}
,
{
"node": "d",
"type": "line-start",
"ref": "P253231.17",
"n": "1",
"label": "r 1"}
,
{
"node": "l",
"frag": "[dug]",
"id": "P253231.l1f119",
"ref": "P253231.17.1",
"inst": "dug[(clay) pot]N",
"sig": "@dcclt%sux:dug=dug[pot//(clay) pot]N'N$dug/dug#~",
"f": {"lang": "sux",
"form": "dug",
"cf": "dug",
"gw": "pot",
"sense": "(clay) pot",
"norm0": "dug",
"pos": "N",
"epos": "N",
"base": "dug",
"morph": "~"}
}
,
{
"node": "l",
"frag": "a",
"id": "P253231.l1f11a",
"ref": "P253231.17.2",
"inst": "a[water]N",
"sig": "@dcclt%sux:a=a[water//water]N'N$a/a#~",
"f": {"lang": "sux",
"form": "a",
"cf": "a",
"gw": "water",
"sense": "water",
"norm0": "a",
"pos": "N",
"epos": "N",
"base": "a",
"morph": "~"}
}
,
{
"node": "l",
"frag": "naŋ",
"id": "P253231.l1f11b",
"ref": "P253231.17.3",
"inst": "naŋ[to drink]V/t",
"sig": "@dcclt%sux:naŋ=naŋ[drink//to drink]V/t'V/t$naŋ/naŋ#~",
"f": {"lang": "sux",
"form": "naŋ",
"cf": "naŋ",
"gw": "drink",
"sense": "to drink",
"norm0": "naŋ",
"pos": "V/t",
"epos": "V/t",
"base": "naŋ",
"morph": "~"}
}
,
{
"node": "d",
"type": "line-start",
"ref": "P253231.18",
"n": "2",
"label": "r 2"}
,
{
"node": "l",
"frag": "[dug",
"id": "P253231.l1f11c",
"ref": "P253231.18.1",
"inst": "dug[(clay) pot]N",
"sig": "@dcclt%sux:dug=dug[pot//(clay) pot]N'N$dug/dug#~",
"f": {"lang": "sux",
"form": "dug",
"cf": "dug",
"gw": "pot",
"sense": "(clay) pot",
"norm0": "dug",
"pos": "N",
"epos": "N",
"base": "dug",
"morph": "~"}
}
,
{
"node": "l",
"frag": "a]",
"id": "P253231.l1f11d",
"ref": "P253231.18.2",
"inst": "a[water]N",
"sig": "@dcclt%sux:a=a[water//water]N'N$a/a#~",
"f": {"lang": "sux",
"form": "a",
"cf": "a",
"gw": "water",
"sense": "water",
"norm0": "a",
"pos": "N",
"epos": "N",
"base": "a",
"morph": "~"}
}
,
{
"node": "l",
"frag": "naŋ",
"id": "P253231.l1f11e",
"ref": "P253231.18.3",
"inst": "naŋ[to drink]V/t",
"sig": "@dcclt%sux:naŋ=naŋ[drink//to drink]V/t'V/t$naŋ/naŋ#~",
"f": {"lang": "sux",
"form": "naŋ",
"cf": "naŋ",
"gw": "drink",
"sense": "to drink",
"norm0": "naŋ",
"pos": "V/t",
"epos": "V/t",
"base": "naŋ",
"morph": "~"}
}
,
{
"node": "l",
"frag": "mah",
"id": "P253231.l1f11f",
"ref": "P253231.18.4",
"inst": "mah[great]V/i",
"sig": "@dcclt%sux:mah=mah[great//great]V/i'V/i$mah/mah#~",
"f": {"lang": "sux",
"form": "mah",
"cf": "mah",
"gw": "great",
"sense": "great",
"norm0": "mah",
"pos": "V/i",
"epos": "V/i",
"base": "mah",
"morph": "~"}
}
,
{
"node": "d",
"type": "line-start",
"ref": "P253231.19",
"n": "3",
"label": "r 3"}
,
{
"node": "l",
"frag": "dug",
"id": "P253231.l1f120",
"ref": "P253231.19.1",
"inst": "dug[(clay) pot]N",
"sig": "@dcclt%sux:dug=dug[pot//(clay) pot]N'N$dug/dug#~",
"f": {"lang": "sux",
"form": "dug",
"cf": "dug",
"gw": "pot",
"sense": "(clay) pot",
"norm0": "dug",
"pos": "N",
"epos": "N",
"base": "dug",
"morph": "~"}
}
,
{
"node": "l",
"frag": "[a]",
"id": "P253231.l1f121",
"ref": "P253231.19.2",
"inst": "a[water]N",
"sig": "@dcclt%sux:a=a[water//water]N'N$a/a#~",
"f": {"lang": "sux",
"form": "a",
"cf": "a",
"gw": "water",
"sense": "water",
"norm0": "a",
"pos": "N",
"epos": "N",
"base": "a",
"morph": "~"}
}
,
{
"node": "l",
"frag": "⸢kum₂⸣-ma",
"id": "P253231.l1f122",
"ref": "P253231.19.3",
"inst": "kum[(to be) hot]V/i",
"sig": "@dcclt%sux:kum₂-ma=kum[hot//(to be) hot]V/i'V/i$kum;a/kum₂+-ma=m.a#~;a",
"f": {"lang": "sux",
"form": "kum₂-ma",
"cf": "kum",
"gw": "hot",
"sense": "(to be) hot",
"norm0": "kum;a",
"pos": "V/i",
"epos": "V/i",
"base": "kum₂",
"cont": "-ma=m.a",
"morph": "~;a"}
}
,
{
"node": "d",
"type": "line-start",
"ref": "P253231.20",
"n": "4",
"label": "r 4"}
,
{
"node": "l",
"frag": "dug",
"id": "P253231.l1f123",
"ref": "P253231.20.1",
"inst": "dug[(clay) pot]N",
"sig": "@dcclt%sux:dug=dug[pot//(clay) pot]N'N$dug/dug#~",
"f": {"lang": "sux",
"form": "dug",
"cf": "dug",
"gw": "pot",
"sense": "(clay) pot",
"norm0": "dug",
"pos": "N",
"epos": "N",
"base": "dug",
"morph": "~"}
}
,
{
"node": "l",
"frag": "⸢a⸣",
"id": "P253231.l1f124",
"ref": "P253231.20.2",
"inst": "a[water]N",
"sig": "@dcclt%sux:a=a[water//water]N'N$a/a#~",
"f": {"lang": "sux",
"form": "a",
"cf": "a",
"gw": "water",
"sense": "water",
"norm0": "a",
"pos": "N",
"epos": "N",
"base": "a",
"morph": "~"}
}
,
{
"node": "l",
"frag": "sed₄",
"id": "P253231.l1f125",
"ref": "P253231.20.3",
"inst": "sed[cold]V/i",
"sig": "@dcclt%sux:sed₄=sed[cold//cold]V/i'V/i$sed/sed₄#~",
"f": {"lang": "sux",
"form": "sed₄",
"cf": "sed",
"gw": "cold",
"sense": "cold",
"norm0": "sed",
"pos": "V/i",
"epos": "V/i",
"base": "sed₄",
"morph": "~"}
}
]}
]}
]}
]}
