{
"type": "cdl",
  "source": "http://oracc.org/dcclt",
  "license": "This data is released under the CC0 license",
  "license-url": "https://creativecommons.org/publicdomain/zero/1.0/",
  "more-info": "http://oracc.org/doc/opendata/",
  "UTC-timestamp": "2017-05-19T18:25:21",
"project": "dcclt",
"textid": "P253923",
"cdl": [
{
"node": "c",
"type": "text",
"id": "P253923.U0",
"cdl": [
{
"node": "d",
"subtype": "tablet",
"type": "object",
"ref": "P253923.x593.1",
"type": "tablet",
"label": "x593"}
,
{
"node": "d",
"subtype": "obverse",
"type": "surface",
"ref": "P253923.o.2",
"type": "obverse",
"label": "o"}
,
{
"node": "c",
"type": "discourse",
"subtype": "body",
"id": "P253923.U1",
"cdl": [
{
"node": "c",
"type": "sentence",
"id": "P253923.U2",
"label": "o 1 - o 4",
"cdl": [
{
"node": "d",
"type": "line-start",
"ref": "P253923.3",
"n": "1",
"label": "o 1"}
,
{
"node": "l",
"frag": "{⸢ŋeš}en₃-dur",
"id": "P253923.l1b761",
"ref": "P253923.3.1",
"inst": "endur[navel?, belly button?]N",
"sig": "@dcclt%sux:{ŋeš}en₃-dur=endur[navel?//navel?, belly button?]N'N$endur/{ŋeš}en₃-dur#~",
"f": {"lang": "sux",
"form": "{ŋeš}en₃-dur",
"cf": "endur",
"gw": "navel?",
"sense": "navel?, belly button?",
"norm0": "endur",
"pos": "N",
"epos": "N",
"base": "{ŋeš}en₃-dur",
"morph": "~"}
}
,
{
"node": "l",
"frag": "mar⸣-[gid₂-da]",
"id": "P253923.l1b762",
"ref": "P253923.3.2",
"inst": "margida[cart, wagon]N",
"sig": "@dcclt%sux:mar-gid₂-da=margida[cart//cart, wagon]N'N$margida/mar-gid₂-da#~",
"f": {"lang": "sux",
"form": "mar-gid₂-da",
"cf": "margida",
"gw": "cart",
"sense": "cart, wagon",
"norm0": "margida",
"pos": "N",
"epos": "N",
"base": "mar-gid₂-da",
"morph": "~"}
}
,
{
"node": "d",
"type": "line-start",
"ref": "P253923.4",
"n": "2",
"label": "o 2"}
,
{
"node": "l",
"frag": "{ŋeš}|KI.KAL|",
"id": "P253923.l1b763",
"ref": "P253923.4.1",
"inst": "KI.KAL[bottom]N",
"sig": "@dcclt%sux:{ŋeš}|KI.KAL|=KI.KAL[bottom//bottom]N'N$KI.KAL/{ŋeš}|KI.KAL|#~",
"f": {"lang": "sux",
"form": "{ŋeš}|KI.KAL|",
"cf": "KI.KAL",
"gw": "bottom",
"sense": "bottom",
"norm0": "KI.KAL",
"pos": "N",
"epos": "N",
"base": "{ŋeš}|KI.KAL|",
"morph": "~"}
}
,
{
"node": "l",
"frag": "mar-⸢gid₂⸣-[da]",
"id": "P253923.l1b764",
"ref": "P253923.4.2",
"inst": "margida[cart, wagon]N",
"sig": "@dcclt%sux:mar-gid₂-da=margida[cart//cart, wagon]N'N$margida/mar-gid₂-da#~",
"f": {"lang": "sux",
"form": "mar-gid₂-da",
"cf": "margida",
"gw": "cart",
"sense": "cart, wagon",
"norm0": "margida",
"pos": "N",
"epos": "N",
"base": "mar-gid₂-da",
"morph": "~"}
}
,
{
"node": "d",
"type": "line-start",
"ref": "P253923.5",
"n": "3",
"label": "o 3"}
,
{
"node": "l",
"frag": "{ŋeš}⸢ŋiri₃⸣-gub",
"id": "P253923.l1b765",
"ref": "P253923.5.1",
"inst": "ŋirigub[footstool]N",
"sig": "@dcclt%sux:{ŋeš}ŋiri₃-gub=ŋirigub[footstool//footstool]N'N$ŋirigub/{ŋeš}ŋiri₃-gub#~",
"f": {"lang": "sux",
"form": "{ŋeš}ŋiri₃-gub",
"cf": "ŋirigub",
"gw": "footstool",
"sense": "footstool",
"norm0": "ŋirigub",
"pos": "N",
"epos": "N",
"base": "{ŋeš}ŋiri₃-gub",
"morph": "~"}
}
,
{
"node": "l",
"frag": "mar-⸢gid₂;-da⸣",
"id": "P253923.l1b766",
"ref": "P253923.5.2",
"inst": "margida[cart, wagon]N",
"sig": "@dcclt%sux:mar-gid₂-da=margida[cart//cart, wagon]N'N$margida/mar-gid₂-da#~",
"f": {"lang": "sux",
"form": "mar-gid₂-da",
"cf": "margida",
"gw": "cart",
"sense": "cart, wagon",
"norm0": "margida",
"pos": "N",
"epos": "N",
"base": "mar-gid₂-da",
"morph": "~"}
}
,
{
"node": "d",
"type": "line-start",
"ref": "P253923.6",
"n": "4",
"label": "o 4"}
,
{
"node": "l",
"frag": "{ŋeš}⸢šudul₄",
"id": "P253923.l1b767",
"ref": "P253923.6.1",
"inst": "šudul[yoke, crossbeam]N",
"sig": "@dcclt%sux:{ŋeš}šudul₄=šudul[yoke//yoke]N'N$šudul/{ŋeš}šudul₄#~",
"f": {"lang": "sux",
"form": "{ŋeš}šudul₄",
"cf": "šudul",
"gw": "yoke",
"sense": "yoke",
"norm0": "šudul",
"pos": "N",
"epos": "N",
"base": "{ŋeš}šudul₄",
"morph": "~"}
}
,
{
"node": "l",
"frag": "mar⸣-gid₂-⸢da⸣",
"id": "P253923.l1b768",
"ref": "P253923.6.2",
"inst": "margida[cart, wagon]N",
"sig": "@dcclt%sux:mar-gid₂-da=margida[cart//cart, wagon]N'N$margida/mar-gid₂-da#~",
"f": {"lang": "sux",
"form": "mar-gid₂-da",
"cf": "margida",
"gw": "cart",
"sense": "cart, wagon",
"norm0": "margida",
"pos": "N",
"epos": "N",
"base": "mar-gid₂-da",
"morph": "~"}
}
,
{
"node": "d",
"subtype": "reverse",
"type": "surface",
"ref": "P253923.r.7",
"type": "reverse",
"label": "r"}
,
{
"node": "d",
"type": "nonx",
"ref": "P253923.8",
"strict": "0",
"state": "other"}
]}
]}
]}
]}
