{
"type": "cdl",
  "source": "http://oracc.org/dcclt",
  "license": "This data is released under the CC0 license",
  "license-url": "https://creativecommons.org/publicdomain/zero/1.0/",
  "more-info": "http://oracc.org/doc/opendata/",
  "UTC-timestamp": "2017-05-19T18:25:17",
"project": "dcclt",
"textid": "P253239",
"cdl": [
{
"node": "c",
"type": "text",
"id": "P253239.U0",
"cdl": [
{
"node": "d",
"subtype": "tablet",
"type": "object",
"ref": "P253239.x271.1",
"type": "tablet",
"label": "x271"}
,
{
"node": "d",
"subtype": "obverse",
"type": "surface",
"ref": "P253239.o.2",
"type": "obverse",
"label": "o"}
,
{
"node": "c",
"type": "discourse",
"subtype": "body",
"id": "P253239.U1",
"cdl": [
{
"node": "c",
"type": "sentence",
"id": "P253239.U2",
"label": "o 1 - r 11",
"cdl": [
{
"node": "d",
"type": "line-start",
"ref": "P253239.3",
"n": "1",
"label": "o 1"}
,
{
"node": "l",
"frag": "ša₃-tam",
"id": "P253239.l10e00",
"ref": "P253239.3.1",
"inst": "šatam[government auditor, an administrative official]N",
"sig": "@dcclt%sux:ša₃-tam=šatam[official//government auditor, an administrative official]N'N$šatam/ša₃-tam#~",
"f": {"lang": "sux",
"form": "ša₃-tam",
"cf": "šatam",
"gw": "official",
"sense": "government auditor, an administrative official",
"norm0": "šatam",
"pos": "N",
"epos": "N",
"base": "ša₃-tam",
"morph": "~"}
}
,
{
"node": "d",
"type": "line-start",
"ref": "P253239.4",
"n": "2",
"label": "o 2"}
,
{
"node": "l",
"frag": "abzu",
"id": "P253239.l10e01",
"ref": "P253239.4.1",
"inst": "abzu[water]N",
"sig": "@dcclt%sux:abzu=abzu[water//water]N'N$abzu/abzu#~",
"f": {"lang": "sux",
"form": "abzu",
"cf": "abzu",
"gw": "water",
"sense": "water",
"norm0": "abzu",
"pos": "N",
"epos": "N",
"base": "abzu",
"morph": "~"}
}
,
{
"node": "d",
"type": "nonw",
"ref": ""}
,
{
"node": "d",
"type": "line-start",
"ref": "P253239.5",
"n": "3",
"label": "o 3"}
,
{
"node": "l",
"frag": "nu-banda₃",
"id": "P253239.l10e02",
"ref": "P253239.5.1",
"inst": "nubanda[overseer, captain]N",
"sig": "@dcclt%sux:nu-banda₃=nubanda[overseer//overseer, captain]N'N$nubanda/nu-banda₃#~",
"f": {"lang": "sux",
"form": "nu-banda₃",
"cf": "nubanda",
"gw": "overseer",
"sense": "overseer, captain",
"norm0": "nubanda",
"pos": "N",
"epos": "N",
"base": "nu-banda₃",
"morph": "~"}
}
,
{
"node": "d",
"type": "line-start",
"ref": "P253239.6",
"n": "4",
"label": "o 4"}
,
{
"node": "l",
"frag": "šagina",
"id": "P253239.l10e03",
"ref": "P253239.6.1",
"inst": "šakkanak[general, governor-general]N",
"sig": "@dcclt%sux:šagina=šakkanak[general//general, governor-general]N'N$šakkanak/šagina#~",
"f": {"lang": "sux",
"form": "šagina",
"cf": "šakkanak",
"gw": "general",
"sense": "general, governor-general",
"norm0": "šakkanak",
"pos": "N",
"epos": "N",
"base": "šagina",
"morph": "~"}
}
,
{
"node": "d",
"type": "line-start",
"ref": "P253239.7",
"n": "5",
"label": "o 5"}
,
{
"node": "l",
"frag": "saŋŋa",
"id": "P253239.l10e04",
"ref": "P253239.7.1",
"inst": "saŋŋa[an official, the chief administrator of a temple household]N",
"sig": "@dcclt%sux:saŋŋa=saŋŋa[official//an official, the chief administrator of a temple household]N'N$saŋŋa/saŋŋa#~",
"f": {"lang": "sux",
"form": "saŋŋa",
"cf": "saŋŋa",
"gw": "official",
"sense": "an official, the chief administrator of a temple household",
"norm0": "saŋŋa",
"pos": "N",
"epos": "N",
"base": "saŋŋa",
"morph": "~"}
}
,
{
"node": "d",
"type": "line-start",
"ref": "P253239.8",
"n": "6",
"label": "o 6"}
,
{
"node": "l",
"frag": "šabra",
"id": "P253239.l10e05",
"ref": "P253239.8.1",
"inst": "šabra[chief administrator of a temple or other household]N",
"sig": "@dcclt%sux:šabra=šabra[administrator//chief administrator of a temple or other household]N'N$šabra/šabra#~",
"f": {"lang": "sux",
"form": "šabra",
"cf": "šabra",
"gw": "administrator",
"sense": "chief administrator of a temple or other household",
"norm0": "šabra",
"pos": "N",
"epos": "N",
"base": "šabra",
"morph": "~"}
}
,
{
"node": "d",
"type": "line-start",
"ref": "P253239.9",
"n": "7",
"label": "o 7"}
,
{
"node": "l",
"frag": "umbisaŋ",
"id": "P253239.l10e06",
"ref": "P253239.9.1",
"inst": "umbisaŋ[scribe]N",
"sig": "@dcclt%sux:umbisaŋ=umbisaŋ[scribe//scribe]N'N$umbisaŋ/umbisaŋ#~",
"f": {"lang": "sux",
"form": "umbisaŋ",
"cf": "umbisaŋ",
"gw": "scribe",
"sense": "scribe",
"norm0": "umbisaŋ",
"pos": "N",
"epos": "N",
"base": "umbisaŋ",
"morph": "~"}
}
,
{
"node": "d",
"type": "line-start",
"ref": "P253239.10",
"n": "8",
"label": "o 8"}
,
{
"node": "l",
"frag": "zadim",
"id": "P253239.l10e07",
"ref": "P253239.10.1",
"inst": "zadim[stone-cutter]N",
"sig": "@dcclt%sux:zadim=zadim[stone-cutter//stone-cutter]N'N$zadim/zadim#~",
"f": {"lang": "sux",
"form": "zadim",
"cf": "zadim",
"gw": "stone-cutter",
"sense": "stone-cutter",
"norm0": "zadim",
"pos": "N",
"epos": "N",
"base": "zadim",
"morph": "~"}
}
,
{
"node": "d",
"type": "line-start",
"ref": "P253239.11",
"n": "9",
"label": "o 9"}
,
{
"node": "l",
"frag": "⸢bur⸣-gul",
"id": "P253239.l10e08",
"ref": "P253239.11.1",
"inst": "burgul[stone-cutter]N",
"sig": "@dcclt%sux:bur-gul=burgul[stone-cutter//stone-cutter]N'N$burgul/bur-gul#~",
"f": {"lang": "sux",
"form": "bur-gul",
"cf": "burgul",
"gw": "stone-cutter",
"sense": "stone-cutter",
"norm0": "burgul",
"pos": "N",
"epos": "N",
"base": "bur-gul",
"morph": "~"}
}
,
{
"node": "d",
"type": "line-start",
"ref": "P253239.12",
"n": "10",
"label": "o 10"}
,
{
"node": "l",
"frag": "u₂-LAGAB",
"id": "P253239.l10e09",
"ref": "P253239.12.1",
"inst": "X",
"f": {"lang": "sux",
"form": "u₂-LAGAB",
"pos": "X"}
}
,
{
"node": "d",
"type": "line-start",
"ref": "P253239.13",
"n": "11",
"label": "o 11"}
,
{
"node": "l",
"frag": "mušen-du₃",
"id": "P253239.l10e0a",
"ref": "P253239.13.1",
"inst": "mušendu[bird-catcher]N",
"sig": "@dcclt%sux:mušen-du₃=mušendu[bird-catcher//bird-catcher]N'N$mušendu/mušen-du₃#~",
"f": {"lang": "sux",
"form": "mušen-du₃",
"cf": "mušendu",
"gw": "bird-catcher",
"sense": "bird-catcher",
"norm0": "mušendu",
"pos": "N",
"epos": "N",
"base": "mušen-du₃",
"morph": "~"}
}
,
{
"node": "d",
"type": "line-start",
"ref": "P253239.14",
"n": "12",
"label": "o 12"}
,
{
"node": "l",
"frag": "gal-du₃",
"id": "P253239.l10e0b",
"ref": "P253239.14.1",
"inst": "X",
"f": {"lang": "sux",
"form": "gal-du₃",
"pos": "X"}
}
,
{
"node": "d",
"type": "line-start",
"ref": "P253239.15",
"n": "13",
"label": "o 13"}
,
{
"node": "l",
"frag": "nu-{ŋeš}⸢kiri₆⸣",
"id": "P253239.l10e0c",
"ref": "P253239.15.1",
"inst": "nukirik[gardener, horticulturalist]N",
"sig": "@dcclt%sux:nu-{ŋeš}kiri₆=nukirik[gardener//gardener]N'N$nukirik/nu-{ŋeš}kiri₆#~",
"f": {"lang": "sux",
"form": "nu-{ŋeš}kiri₆",
"cf": "nukirik",
"gw": "gardener",
"sense": "gardener",
"norm0": "nukirik",
"pos": "N",
"epos": "N",
"base": "nu-{ŋeš}kiri₆",
"morph": "~"}
}
,
{
"node": "d",
"type": "line-start",
"ref": "P253239.16",
"n": "14",
"label": "o 14"}
,
{
"node": "l",
"frag": "kiri₃-dab",
"id": "P253239.l10e0d",
"ref": "P253239.16.1",
"inst": "kiridab[animal handler]N",
"sig": "@dcclt%sux:kiri₃-dab=kiridab[driver//animal handler]N'N$kiridab/kiri₃-dab#~",
"f": {"lang": "sux",
"form": "kiri₃-dab",
"cf": "kiridab",
"gw": "driver",
"sense": "animal handler",
"norm0": "kiridab",
"pos": "N",
"epos": "N",
"base": "kiri₃-dab",
"morph": "~"}
}
,
{
"node": "d",
"type": "line-start",
"ref": "P253239.17",
"n": "15",
"label": "o 15"}
,
{
"node": "l",
"frag": "lu₂",
"id": "P253239.l10e0e",
"ref": "P253239.17.1",
"inst": "lu[person]N",
"sig": "@dcclt%sux:lu₂=lu[person//person]N'N$lu/lu₂#~",
"f": {"lang": "sux",
"form": "lu₂",
"cf": "lu",
"gw": "person",
"sense": "person",
"norm0": "lu",
"pos": "N",
"epos": "N",
"base": "lu₂",
"morph": "~"}
}
,
{
"node": "l",
"frag": "ma-⸢x-x⸣",
"id": "P253239.l10e0f",
"ref": "P253239.17.2",
"inst": "u",
"f": {"lang": "sux",
"form": "ma-x-x",
"pos": "u"}
}
,
{
"node": "d",
"type": "line-start",
"ref": "P253239.18",
"n": "16",
"label": "o 16"}
,
{
"node": "l",
"frag": "ensi₂",
"id": "P253239.l10e10",
"ref": "P253239.18.1",
"inst": "ensik[governor]N",
"sig": "@dcclt%sux:ensi₂=ensik[ruler//governor]N'N$ensik/ensi₂#~",
"f": {"lang": "sux",
"form": "ensi₂",
"cf": "ensik",
"gw": "ruler",
"sense": "governor",
"norm0": "ensik",
"pos": "N",
"epos": "N",
"base": "ensi₂",
"morph": "~"}
}
,
{
"node": "d",
"subtype": "reverse",
"type": "surface",
"ref": "P253239.r.19",
"type": "reverse",
"label": "r"}
,
{
"node": "d",
"type": "line-start",
"ref": "P253239.20",
"n": "1",
"label": "r 1"}
,
{
"node": "l",
"frag": "kug-dim₂",
"id": "P253239.l10e11",
"ref": "P253239.20.1",
"inst": "kugdim[gold or silver smith]N",
"sig": "@dcclt%sux:kug-dim₂=kugdim[smith//gold or silver smith]N'N$kugdim/kug-dim₂#~",
"f": {"lang": "sux",
"form": "kug-dim₂",
"cf": "kugdim",
"gw": "smith",
"sense": "gold or silver smith",
"norm0": "kugdim",
"pos": "N",
"epos": "N",
"base": "kug-dim₂",
"morph": "~"}
}
,
{
"node": "d",
"type": "line-start",
"ref": "P253239.21",
"n": "2",
"label": "r 2"}
,
{
"node": "l",
"frag": "tibira",
"id": "P253239.l10e12",
"ref": "P253239.21.1",
"inst": "tibira[sculptor]N",
"sig": "@dcclt%sux:tibira=tibira[sculptor//sculptor]N'N$tibira/tibira#~",
"f": {"lang": "sux",
"form": "tibira",
"cf": "tibira",
"gw": "sculptor",
"sense": "sculptor",
"norm0": "tibira",
"pos": "N",
"epos": "N",
"base": "tibira",
"morph": "~"}
}
,
{
"node": "d",
"type": "line-start",
"ref": "P253239.22",
"n": "3",
"label": "r 3"}
,
{
"node": "l",
"frag": "ašgab",
"id": "P253239.l10e13",
"ref": "P253239.22.1",
"inst": "ašgab[leatherworker]N",
"sig": "@dcclt%sux:ašgab=ašgab[leatherworker//leatherworker]N'N$ašgab/ašgab#~",
"f": {"lang": "sux",
"form": "ašgab",
"cf": "ašgab",
"gw": "leatherworker",
"sense": "leatherworker",
"norm0": "ašgab",
"pos": "N",
"epos": "N",
"base": "ašgab",
"morph": "~"}
}
,
{
"node": "d",
"type": "line-start",
"ref": "P253239.23",
"n": "4",
"label": "r 4"}
,
{
"node": "l",
"frag": "lu₂",
"id": "P253239.l10e14",
"ref": "P253239.23.1",
"inst": "lu[person]N",
"sig": "@dcclt%sux:lu₂=lu[person//person]N'N$lu/lu₂#~",
"f": {"lang": "sux",
"form": "lu₂",
"cf": "lu",
"gw": "person",
"sense": "person",
"norm0": "lu",
"pos": "N",
"epos": "N",
"base": "lu₂",
"morph": "~"}
}
,
{
"node": "l",
"frag": "⸢azlag₂⸣",
"id": "P253239.l10e15",
"ref": "P253239.23.2",
"inst": "azlag[fuller]N",
"sig": "@dcclt%sux:azlag₂=azlag[fuller//fuller]N'N$azlag/azlag₂#~",
"f": {"lang": "sux",
"form": "azlag₂",
"cf": "azlag",
"gw": "fuller",
"sense": "fuller",
"norm0": "azlag",
"pos": "N",
"epos": "N",
"base": "azlag₂",
"morph": "~"}
}
,
{
"node": "d",
"type": "line-start",
"ref": "P253239.24",
"n": "5",
"label": "r 5"}
,
{
"node": "l",
"frag": "ad-KID",
"id": "P253239.l10e16",
"ref": "P253239.24.1",
"inst": "ad.KID[basket weaver]N",
"sig": "@dcclt%sux:ad-KID=ad.KID[weaver//basket weaver]N'N$ad.KID/ad-KID#~",
"f": {"lang": "sux",
"form": "ad-KID",
"cf": "ad.KID",
"gw": "weaver",
"sense": "basket weaver",
"norm0": "ad.KID",
"pos": "N",
"epos": "N",
"base": "ad-KID",
"morph": "~"}
}
,
{
"node": "d",
"type": "line-start",
"ref": "P253239.25",
"n": "6",
"label": "r 6"}
,
{
"node": "l",
"frag": "šu-du₈-⸢a⸣",
"id": "P253239.l10e17",
"ref": "P253239.25.1",
"inst": "šuduʾa[guarantee]",
"sig": "@dcclt%sux:šu-du₈-a=šuduʾa[guarantee//guarantee]N'N$šuduʾa/šu-du₈-a#~",
"f": {"lang": "sux",
"form": "šu-du₈-a",
"cf": "šuduʾa",
"gw": "guarantee",
"sense": "guarantee",
"norm0": "šuduʾa",
"pos": "N",
"epos": "N",
"base": "šu-du₈-a",
"morph": "~"}
}
,
{
"node": "d",
"type": "line-start",
"ref": "P253239.26",
"n": "7",
"label": "r 7"}
,
{
"node": "l",
"frag": "šim-mu₂",
"id": "P253239.l10e18",
"ref": "P253239.26.1",
"inst": "šimmu[perfumer]N",
"sig": "@dcclt%sux:šim-mu₂=šimmu[perfumer//perfumer]N'N$šimmu/šim-mu₂#~",
"f": {"lang": "sux",
"form": "šim-mu₂",
"cf": "šimmu",
"gw": "perfumer",
"sense": "perfumer",
"norm0": "šimmu",
"pos": "N",
"epos": "N",
"base": "šim-mu₂",
"morph": "~"}
}
,
{
"node": "d",
"type": "line-start",
"ref": "P253239.27",
"n": "8",
"label": "r 8"}
,
{
"node": "l",
"frag": "munu₄-mu₂",
"id": "P253239.l10e19",
"ref": "P253239.27.1",
"inst": "munumud[maltster]N",
"sig": "@dcclt%sux:munu₄-mu₂=munumud[maltster//maltster]N'N$munumud/munu₄-mud₆#~",
"f": {"lang": "sux",
"form": "munu₄-mu₂",
"cf": "munumud",
"gw": "maltster",
"sense": "maltster",
"norm0": "munumud",
"pos": "N",
"epos": "N",
"base": "munu₄-mud₆",
"morph": "~"}
}
,
{
"node": "d",
"type": "line-start",
"ref": "P253239.28",
"n": "9",
"label": "r 9"}
,
{
"node": "l",
"frag": "šu-i",
"id": "P253239.l10e1a",
"ref": "P253239.28.1",
"inst": "šuʾi[barber]N",
"sig": "@dcclt%sux:šu-i=šuʾi[barber//barber]N'N$šuʾi/šu-i#~",
"f": {"lang": "sux",
"form": "šu-i",
"cf": "šuʾi",
"gw": "barber",
"sense": "barber",
"norm0": "šuʾi",
"pos": "N",
"epos": "N",
"base": "šu-i",
"morph": "~"}
}
,
{
"node": "d",
"type": "line-start",
"ref": "P253239.29",
"n": "10",
"label": "r 10"}
,
{
"node": "l",
"frag": "a-zu",
"id": "P253239.l10e1b",
"ref": "P253239.29.1",
"inst": "azu[doctor]N",
"sig": "@dcclt%sux:a-zu=azu[doctor//doctor]N'N$azu/a-zu#~",
"f": {"lang": "sux",
"form": "a-zu",
"cf": "azu",
"gw": "doctor",
"sense": "doctor",
"norm0": "azu",
"pos": "N",
"epos": "N",
"base": "a-zu",
"morph": "~"}
}
,
{
"node": "d",
"type": "line-start",
"ref": "P253239.30",
"n": "11",
"label": "r 11"}
,
{
"node": "l",
"frag": "⸢nita⸣",
"id": "P253239.l10e1c",
"ref": "P253239.30.1",
"inst": "nita[male]N",
"sig": "@dcclt%sux:nita=nita[male//male]N'N$nita/nita#~",
"f": {"lang": "sux",
"form": "nita",
"cf": "nita",
"gw": "male",
"sense": "male",
"norm0": "nita",
"pos": "N",
"epos": "N",
"base": "nita",
"morph": "~"}
}
,
{
"node": "d",
"type": "line-start",
"ref": "P253239.31",
"n": "12",
"label": "r 12"}
,
{
"node": "d",
"type": "nonw",
"ref": ""}
,
{
"node": "d",
"type": "nonx",
"ref": "P253239.32",
"strict": "0",
"extent": "rest",
"state": "other"}
]}
]}
]}
]}
