{
"type": "cdl",
  "source": "http://oracc.org/dcclt",
  "license": "This data is released under the CC0 license",
  "license-url": "https://creativecommons.org/publicdomain/zero/1.0/",
  "more-info": "http://oracc.org/doc/opendata/",
  "UTC-timestamp": "2017-05-19T18:25:15",
"project": "dcclt",
"textid": "P253230",
"cdl": [
{
"node": "c",
"type": "text",
"id": "P253230.U0",
"cdl": [
{
"node": "d",
"subtype": "tablet",
"type": "object",
"ref": "P253230.x586.1",
"type": "tablet",
"label": "x586"}
,
{
"node": "d",
"type": "surface",
"ref": ""}
,
{
"node": "d",
"type": "nonx",
"ref": "P253230.2",
"strict": "0",
"extent": "1",
"state": "ruling"}
,
{
"node": "d",
"subtype": "obverse",
"type": "surface",
"ref": "P253230.o.3",
"type": "obverse",
"label": "o"}
,
{
"node": "d",
"subtype": "column 1o",
"type": "column",
"ref": "P253230.o.i.4",
"n": "1",
"label": "o i"}
,
{
"node": "c",
"type": "discourse",
"subtype": "body",
"id": "P253230.U1",
"cdl": [
{
"node": "c",
"type": "sentence",
"id": "P253230.U2",
"label": "o i 1 - t.e. 3",
"cdl": [
{
"node": "d",
"type": "line-start",
"ref": "P253230.5",
"n": "1",
"label": "o i 1"}
,
{
"node": "l",
"frag": "{[ŋeš]}apin",
"id": "P253230.l1b647",
"ref": "P253230.5.1",
"inst": "apin[(seed) plow]N",
"sig": "@dcclt%sux:{ŋeš}apin=apin[plow//(seed) plow]N'N$apin/{ŋeš}apin#~",
"f": {"lang": "sux",
"form": "{ŋeš}apin",
"cf": "apin",
"gw": "plow",
"sense": "(seed) plow",
"norm0": "apin",
"pos": "N",
"epos": "N",
"base": "{ŋeš}apin",
"morph": "~"}
}
,
{
"node": "l",
"frag": "šu",
"id": "P253230.l1b648",
"ref": "P253230.5.2",
"inst": "šu[hand]N",
"sig": "@dcclt%sux:šu=šu[hand//hand]N'N$šu/šu#~",
"f": {"lang": "sux",
"form": "šu",
"cf": "šu",
"gw": "hand",
"sense": "hand",
"norm0": "šu",
"pos": "N",
"epos": "N",
"base": "šu",
"morph": "~"}
}
,
{
"node": "d",
"type": "line-start",
"ref": "P253230.6",
"n": "2",
"label": "o i 2"}
,
{
"node": "l",
"frag": "{⸢ŋeš⸣}apin",
"id": "P253230.l1b649",
"ref": "P253230.6.1",
"inst": "apin[(seed) plow]N",
"sig": "@dcclt%sux:{ŋeš}apin=apin[plow//(seed) plow]N'N$apin/{ŋeš}apin#~",
"f": {"lang": "sux",
"form": "{ŋeš}apin",
"cf": "apin",
"gw": "plow",
"sense": "(seed) plow",
"norm0": "apin",
"pos": "N",
"epos": "N",
"base": "{ŋeš}apin",
"morph": "~"}
}
,
{
"node": "l",
"frag": "šu-du₇",
"id": "P253230.l1b64a",
"ref": "P253230.6.2",
"inst": "šudu[fully equipped, in full working order]AJ",
"sig": "@dcclt%sux:šu-du₇=šudu[equipped//fully equipped, in full working order]AJ'AJ$šudu/šu-du₇#~",
"f": {"lang": "sux",
"form": "šu-du₇",
"cf": "šudu",
"gw": "equipped",
"sense": "fully equipped, in full working order",
"norm0": "šudu",
"pos": "AJ",
"epos": "AJ",
"base": "šu-du₇",
"morph": "~"}
}
,
{
"node": "d",
"type": "line-start",
"ref": "P253230.7",
"n": "3",
"label": "o i 3"}
,
{
"node": "l",
"frag": "{⸢ŋeš⸣}apin",
"id": "P253230.l1b64b",
"ref": "P253230.7.1",
"inst": "apin[(seed) plow]N",
"sig": "@dcclt%sux:{ŋeš}apin=apin[plow//(seed) plow]N'N$apin/{ŋeš}apin#~",
"f": {"lang": "sux",
"form": "{ŋeš}apin",
"cf": "apin",
"gw": "plow",
"sense": "(seed) plow",
"norm0": "apin",
"pos": "N",
"epos": "N",
"base": "{ŋeš}apin",
"morph": "~"}
}
,
{
"node": "l",
"frag": "šu-nu-du₇",
"id": "P253230.l1b64c",
"ref": "P253230.7.2",
"inst": "šudu[fully equipped, in full working order]AJ",
"sig": "@dcclt%sux:šu-nu-du₇=šudu[equipped//fully equipped, in full working order]AJ'AJ$šudu/šu-nu-du₇#~",
"f": {"lang": "sux",
"form": "šu-nu-du₇",
"cf": "šudu",
"gw": "equipped",
"sense": "fully equipped, in full working order",
"norm0": "šudu",
"pos": "AJ",
"epos": "AJ",
"base": "šu-nu-du₇",
"morph": "~"}
}
,
{
"node": "d",
"type": "line-start",
"ref": "P253230.8",
"n": "4",
"label": "o i 4"}
,
{
"node": "l",
"frag": "{⸢ŋeš⸣}apin",
"id": "P253230.l1b64d",
"ref": "P253230.8.1",
"inst": "apin[(seed) plow]N",
"sig": "@dcclt%sux:{ŋeš}apin=apin[plow//(seed) plow]N'N$apin/{ŋeš}apin#~",
"f": {"lang": "sux",
"form": "{ŋeš}apin",
"cf": "apin",
"gw": "plow",
"sense": "(seed) plow",
"norm0": "apin",
"pos": "N",
"epos": "N",
"base": "{ŋeš}apin",
"morph": "~"}
}
,
{
"node": "l",
"frag": "dug₃-sig₁₈",
"id": "P253230.l1b64e",
"ref": "P253230.8.2",
"inst": "tugsaga[plow]N/dug₃-sig₁₈#~",
"sig": "@dcclt%sux:dug₃-sig₁₈=tugsaga[plow//plow]N'N$tugsaga/dug₃-sig₁₈#~",
"f": {"lang": "sux",
"form": "dug₃-sig₁₈",
"cf": "tugsaga",
"gw": "plow",
"sense": "plow",
"norm0": "tugsaga",
"pos": "N",
"epos": "N",
"base": "dug₃-sig₁₈",
"morph": "~"}
}
,
{
"node": "d",
"type": "line-start",
"ref": "P253230.9",
"n": "5",
"label": "o i 5"}
,
{
"node": "l",
"frag": "{⸢ŋeš⸣}apin",
"id": "P253230.l1b64f",
"ref": "P253230.9.1",
"inst": "apin[(seed) plow]N",
"sig": "@dcclt%sux:{ŋeš}apin=apin[plow//(seed) plow]N'N$apin/{ŋeš}apin#~",
"f": {"lang": "sux",
"form": "{ŋeš}apin",
"cf": "apin",
"gw": "plow",
"sense": "(seed) plow",
"norm0": "apin",
"pos": "N",
"epos": "N",
"base": "{ŋeš}apin",
"morph": "~"}
}
,
{
"node": "l",
"frag": "al-zi-ra",
"id": "P253230.l1b650",
"ref": "P253230.9.2",
"inst": "zir[break]V/t",
"sig": "@dcclt%sux:al-zi-ra=zir[break//break]V/t'V/t$al:zir;a/zi+-ra=r.a#al:~;a",
"f": {"lang": "sux",
"form": "al-zi-ra",
"cf": "zir",
"gw": "break",
"sense": "break",
"norm0": "al:zir;a",
"pos": "V/t",
"epos": "V/t",
"base": "zi",
"cont": "-ra=r.a",
"morph": "al:~;a"}
}
,
{
"node": "d",
"type": "nonx",
"ref": "P253230.10",
"strict": "0",
"extent": "n",
"scope": "obverse",
"state": "other"}
,
{
"node": "d",
"type": "line-start",
"ref": "P253230.11",
"n": "6",
"label": "o i 6"}
,
{
"node": "l",
"frag": "{⸢ŋeš⸣}apin",
"id": "P253230.l1b651",
"ref": "P253230.11.1",
"inst": "apin[(seed) plow]N",
"sig": "@dcclt%sux:{ŋeš}apin=apin[plow//(seed) plow]N'N$apin/{ŋeš}apin#~",
"f": {"lang": "sux",
"form": "{ŋeš}apin",
"cf": "apin",
"gw": "plow",
"sense": "(seed) plow",
"norm0": "apin",
"pos": "N",
"epos": "N",
"base": "{ŋeš}apin",
"morph": "~"}
}
,
{
"node": "l",
"frag": "šu",
"id": "P253230.l1b652",
"ref": "P253230.11.2",
"inst": "šu[hand]N",
"sig": "@dcclt%sux:šu=šu[hand//hand]N'N$šu/šu#~",
"f": {"lang": "sux",
"form": "šu",
"cf": "šu",
"gw": "hand",
"sense": "hand",
"norm0": "šu",
"pos": "N",
"epos": "N",
"base": "šu",
"morph": "~"}
}
,
{
"node": "d",
"type": "line-start",
"ref": "P253230.12",
"n": "7",
"label": "o i 7"}
,
{
"node": "l",
"frag": "{⸢ŋeš}apin⸣",
"id": "P253230.l1b653",
"ref": "P253230.12.1",
"inst": "apin[(seed) plow]N",
"sig": "@dcclt%sux:{ŋeš}apin=apin[plow//(seed) plow]N'N$apin/{ŋeš}apin#~",
"f": {"lang": "sux",
"form": "{ŋeš}apin",
"cf": "apin",
"gw": "plow",
"sense": "(seed) plow",
"norm0": "apin",
"pos": "N",
"epos": "N",
"base": "{ŋeš}apin",
"morph": "~"}
}
,
{
"node": "l",
"frag": "šu-du₇",
"id": "P253230.l1b654",
"ref": "P253230.12.2",
"inst": "šudu[equipped]AJ",
"sig": "@dcclt%sux:šu-du₇=šudu[equipped//equipped]AJ'AJ$šudu/šu-du₇#~",
"f": {"lang": "sux",
"form": "šu-du₇",
"cf": "šudu",
"gw": "equipped",
"sense": "equipped",
"norm0": "šudu",
"pos": "AJ",
"epos": "AJ",
"base": "šu-du₇",
"morph": "~"}
}
,
{
"node": "d",
"type": "line-start",
"ref": "P253230.13",
"n": "8",
"label": "o i 8"}
,
{
"node": "l",
"frag": "{⸢ŋeš⸣}apin",
"id": "P253230.l1b655",
"ref": "P253230.13.1",
"inst": "apin[(seed) plow]N",
"sig": "@dcclt%sux:{ŋeš}apin=apin[plow//(seed) plow]N'N$apin/{ŋeš}apin#~",
"f": {"lang": "sux",
"form": "{ŋeš}apin",
"cf": "apin",
"gw": "plow",
"sense": "(seed) plow",
"norm0": "apin",
"pos": "N",
"epos": "N",
"base": "{ŋeš}apin",
"morph": "~"}
}
,
{
"node": "l",
"frag": "šu-nu-du₇",
"id": "P253230.l1b656",
"ref": "P253230.13.2",
"inst": "šudu[equipped]AJ",
"sig": "@dcclt%sux:šu-nu-du₇=šudu[equipped//equipped]AJ'AJ$šudu/šu-nu-du₇#~",
"f": {"lang": "sux",
"form": "šu-nu-du₇",
"cf": "šudu",
"gw": "equipped",
"sense": "equipped",
"norm0": "šudu",
"pos": "AJ",
"epos": "AJ",
"base": "šu-nu-du₇",
"morph": "~"}
}
,
{
"node": "d",
"type": "line-start",
"ref": "P253230.14",
"n": "9",
"label": "o i 9"}
,
{
"node": "l",
"frag": "{⸢ŋeš⸣}apin",
"id": "P253230.l1b657",
"ref": "P253230.14.1",
"inst": "apin[(seed) plow]N",
"sig": "@dcclt%sux:{ŋeš}apin=apin[plow//(seed) plow]N'N$apin/{ŋeš}apin#~",
"f": {"lang": "sux",
"form": "{ŋeš}apin",
"cf": "apin",
"gw": "plow",
"sense": "(seed) plow",
"norm0": "apin",
"pos": "N",
"epos": "N",
"base": "{ŋeš}apin",
"morph": "~"}
}
,
{
"node": "l",
"frag": "dug₃-sig₁₈",
"id": "P253230.l1b658",
"ref": "P253230.14.2",
"inst": "tugsaga[a plow]N",
"sig": "@dcclt%sux:dug₃-sig₁₈=tugsaga[plow//a plow]N'N$tugsaga/dug₃-sig₁₈#~",
"f": {"lang": "sux",
"form": "dug₃-sig₁₈",
"cf": "tugsaga",
"gw": "plow",
"sense": "a plow",
"norm0": "tugsaga",
"pos": "N",
"epos": "N",
"base": "dug₃-sig₁₈",
"morph": "~"}
}
,
{
"node": "d",
"type": "line-start",
"ref": "P253230.15",
"n": "10",
"label": "o i 10"}
,
{
"node": "l",
"frag": "{⸢ŋeš⸣}apin",
"id": "P253230.l1b659",
"ref": "P253230.15.1",
"inst": "apin[(seed) plow]N",
"sig": "@dcclt%sux:{ŋeš}apin=apin[plow//(seed) plow]N'N$apin/{ŋeš}apin#~",
"f": {"lang": "sux",
"form": "{ŋeš}apin",
"cf": "apin",
"gw": "plow",
"sense": "(seed) plow",
"norm0": "apin",
"pos": "N",
"epos": "N",
"base": "{ŋeš}apin",
"morph": "~"}
}
,
{
"node": "l",
"frag": "al-⸢zi;-ra⸣",
"id": "P253230.l1b65a",
"ref": "P253230.15.2",
"inst": "zir[break]V/t",
"sig": "@dcclt%sux:al-zi-ra=zir[break//break]V/t'V/t$al:zir;a/zi+-ra=r.a#al:~;a",
"f": {"lang": "sux",
"form": "al-zi-ra",
"cf": "zir",
"gw": "break",
"sense": "break",
"norm0": "al:zir;a",
"pos": "V/t",
"epos": "V/t",
"base": "zi",
"cont": "-ra=r.a",
"morph": "al:~;a"}
}
,
{
"node": "d",
"type": "line-start",
"ref": "P253230.16",
"n": "11",
"label": "o i 11"}
,
{
"node": "l",
"frag": "{ŋeš}apin",
"id": "P253230.l1b65b",
"ref": "P253230.16.1",
"inst": "apin[(seed) plow]N",
"sig": "@dcclt%sux:{ŋeš}apin=apin[plow//(seed) plow]N'N$apin/{ŋeš}apin#~",
"f": {"lang": "sux",
"form": "{ŋeš}apin",
"cf": "apin",
"gw": "plow",
"sense": "(seed) plow",
"norm0": "apin",
"pos": "N",
"epos": "N",
"base": "{ŋeš}apin",
"morph": "~"}
}
,
{
"node": "l",
"frag": "⸢šu⸣",
"id": "P253230.l1b65c",
"ref": "P253230.16.2",
"inst": "šu[hand]N",
"sig": "@dcclt%sux:šu=šu[hand//hand]N'N$šu/šu#~",
"f": {"lang": "sux",
"form": "šu",
"cf": "šu",
"gw": "hand",
"sense": "hand",
"norm0": "šu",
"pos": "N",
"epos": "N",
"base": "šu",
"morph": "~"}
}
,
{
"node": "d",
"type": "line-start",
"ref": "P253230.17",
"n": "12",
"label": "o i 12"}
,
{
"node": "l",
"frag": "{ŋeš}apin",
"id": "P253230.l1b65d",
"ref": "P253230.17.1",
"inst": "apin[(seed) plow]N",
"sig": "@dcclt%sux:{ŋeš}apin=apin[plow//(seed) plow]N'N$apin/{ŋeš}apin#~",
"f": {"lang": "sux",
"form": "{ŋeš}apin",
"cf": "apin",
"gw": "plow",
"sense": "(seed) plow",
"norm0": "apin",
"pos": "N",
"epos": "N",
"base": "{ŋeš}apin",
"morph": "~"}
}
,
{
"node": "l",
"frag": "[šu]-du₇",
"id": "P253230.l1b65e",
"ref": "P253230.17.2",
"inst": "šudu[equipped]AJ",
"sig": "@dcclt%sux:šu-du₇=šudu[equipped//equipped]AJ'AJ$šudu/šu-du₇#~",
"f": {"lang": "sux",
"form": "šu-du₇",
"cf": "šudu",
"gw": "equipped",
"sense": "equipped",
"norm0": "šudu",
"pos": "AJ",
"epos": "AJ",
"base": "šu-du₇",
"morph": "~"}
}
,
{
"node": "d",
"type": "line-start",
"ref": "P253230.18",
"n": "13",
"label": "o i 13"}
,
{
"node": "l",
"frag": "{ŋeš}apin",
"id": "P253230.l1b65f",
"ref": "P253230.18.1",
"inst": "apin[(seed) plow]N",
"sig": "@dcclt%sux:{ŋeš}apin=apin[plow//(seed) plow]N'N$apin/{ŋeš}apin#~",
"f": {"lang": "sux",
"form": "{ŋeš}apin",
"cf": "apin",
"gw": "plow",
"sense": "(seed) plow",
"norm0": "apin",
"pos": "N",
"epos": "N",
"base": "{ŋeš}apin",
"morph": "~"}
}
,
{
"node": "l",
"frag": "šu-nu-du₇",
"id": "P253230.l1b660",
"ref": "P253230.18.2",
"inst": "šudu[equipped]AJ",
"sig": "@dcclt%sux:šu-nu-du₇=šudu[equipped//equipped]AJ'AJ$šudu/šu-nu-du₇#~",
"f": {"lang": "sux",
"form": "šu-nu-du₇",
"cf": "šudu",
"gw": "equipped",
"sense": "equipped",
"norm0": "šudu",
"pos": "AJ",
"epos": "AJ",
"base": "šu-nu-du₇",
"morph": "~"}
}
,
{
"node": "d",
"type": "line-start",
"ref": "P253230.19",
"n": "14",
"label": "o i 14"}
,
{
"node": "l",
"frag": "{ŋeš}apin",
"id": "P253230.l1b661",
"ref": "P253230.19.1",
"inst": "apin[(seed) plow]N",
"sig": "@dcclt%sux:{ŋeš}apin=apin[plow//(seed) plow]N'N$apin/{ŋeš}apin#~",
"f": {"lang": "sux",
"form": "{ŋeš}apin",
"cf": "apin",
"gw": "plow",
"sense": "(seed) plow",
"norm0": "apin",
"pos": "N",
"epos": "N",
"base": "{ŋeš}apin",
"morph": "~"}
}
,
{
"node": "l",
"frag": "dug₃-sig₁₈",
"id": "P253230.l1b662",
"ref": "P253230.19.2",
"inst": "tugsaga[a plow]N",
"sig": "@dcclt%sux:dug₃-sig₁₈=tugsaga[plow//a plow]N'N$tugsaga/dug₃-sig₁₈#~",
"f": {"lang": "sux",
"form": "dug₃-sig₁₈",
"cf": "tugsaga",
"gw": "plow",
"sense": "a plow",
"norm0": "tugsaga",
"pos": "N",
"epos": "N",
"base": "dug₃-sig₁₈",
"morph": "~"}
}
,
{
"node": "d",
"type": "line-start",
"ref": "P253230.20",
"n": "15",
"label": "o i 15"}
,
{
"node": "l",
"frag": "{⸢ŋeš⸣}apin",
"id": "P253230.l1b663",
"ref": "P253230.20.1",
"inst": "apin[(seed) plow]N",
"sig": "@dcclt%sux:{ŋeš}apin=apin[plow//(seed) plow]N'N$apin/{ŋeš}apin#~",
"f": {"lang": "sux",
"form": "{ŋeš}apin",
"cf": "apin",
"gw": "plow",
"sense": "(seed) plow",
"norm0": "apin",
"pos": "N",
"epos": "N",
"base": "{ŋeš}apin",
"morph": "~"}
}
,
{
"node": "l",
"frag": "al;-zi-⸢ra⸣",
"id": "P253230.l1b664",
"ref": "P253230.20.2",
"inst": "zir[break]V/t",
"sig": "@dcclt%sux:al-zi-ra=zir[break//break]V/t'V/t$al:zir;a/zi+-ra=r.a#al:~;a",
"f": {"lang": "sux",
"form": "al-zi-ra",
"cf": "zir",
"gw": "break",
"sense": "break",
"norm0": "al:zir;a",
"pos": "V/t",
"epos": "V/t",
"base": "zi",
"cont": "-ra=r.a",
"morph": "al:~;a"}
}
,
{
"node": "d",
"type": "line-start",
"ref": "P253230.21",
"n": "16",
"label": "o i 16"}
,
{
"node": "l",
"frag": "{ŋeš}⸢apin⸣",
"id": "P253230.l1b665",
"ref": "P253230.21.1",
"inst": "apin[(seed) plow]N",
"sig": "@dcclt%sux:{ŋeš}apin=apin[plow//(seed) plow]N'N$apin/{ŋeš}apin#~",
"f": {"lang": "sux",
"form": "{ŋeš}apin",
"cf": "apin",
"gw": "plow",
"sense": "(seed) plow",
"norm0": "apin",
"pos": "N",
"epos": "N",
"base": "{ŋeš}apin",
"morph": "~"}
}
,
{
"node": "l",
"frag": "šu",
"id": "P253230.l1b666",
"ref": "P253230.21.2",
"inst": "šu[hand]N",
"sig": "@dcclt%sux:šu=šu[hand//hand]N'N$šu/šu#~",
"f": {"lang": "sux",
"form": "šu",
"cf": "šu",
"gw": "hand",
"sense": "hand",
"norm0": "šu",
"pos": "N",
"epos": "N",
"base": "šu",
"morph": "~"}
}
,
{
"node": "d",
"subtype": "column 2o",
"type": "column",
"ref": "P253230.o.ii.22",
"n": "2",
"label": "o ii"}
,
{
"node": "d",
"type": "line-start",
"ref": "P253230.23",
"n": "1",
"label": "o ii 1"}
,
{
"node": "l",
"frag": "{ŋeš}apin",
"id": "P253230.l1b667",
"ref": "P253230.23.1",
"inst": "apin[(seed) plow]N",
"sig": "@dcclt%sux:{ŋeš}apin=apin[plow//(seed) plow]N'N$apin/{ŋeš}apin#~",
"f": {"lang": "sux",
"form": "{ŋeš}apin",
"cf": "apin",
"gw": "plow",
"sense": "(seed) plow",
"norm0": "apin",
"pos": "N",
"epos": "N",
"base": "{ŋeš}apin",
"morph": "~"}
}
,
{
"node": "l",
"frag": "[šu]",
"id": "P253230.l1b668",
"ref": "P253230.23.2",
"inst": "šu[hand]N",
"sig": "@dcclt%sux:šu=šu[hand//hand]N'N$šu/šu#~",
"f": {"lang": "sux",
"form": "šu",
"cf": "šu",
"gw": "hand",
"sense": "hand",
"norm0": "šu",
"pos": "N",
"epos": "N",
"base": "šu",
"morph": "~"}
}
,
{
"node": "d",
"type": "line-start",
"ref": "P253230.24",
"n": "2",
"label": "o ii 2"}
,
{
"node": "l",
"frag": "{ŋeš}apin",
"id": "P253230.l1b669",
"ref": "P253230.24.1",
"inst": "apin[(seed) plow]N",
"sig": "@dcclt%sux:{ŋeš}apin=apin[plow//(seed) plow]N'N$apin/{ŋeš}apin#~",
"f": {"lang": "sux",
"form": "{ŋeš}apin",
"cf": "apin",
"gw": "plow",
"sense": "(seed) plow",
"norm0": "apin",
"pos": "N",
"epos": "N",
"base": "{ŋeš}apin",
"morph": "~"}
}
,
{
"node": "l",
"frag": "⸢šu-du₇⸣",
"id": "P253230.l1b66a",
"ref": "P253230.24.2",
"inst": "šudu[equipped]AJ",
"sig": "@dcclt%sux:šu-du₇=šudu[equipped//equipped]AJ'AJ$šudu/šu-du₇#~",
"f": {"lang": "sux",
"form": "šu-du₇",
"cf": "šudu",
"gw": "equipped",
"sense": "equipped",
"norm0": "šudu",
"pos": "AJ",
"epos": "AJ",
"base": "šu-du₇",
"morph": "~"}
}
,
{
"node": "d",
"type": "line-start",
"ref": "P253230.25",
"n": "3",
"label": "o ii 3"}
,
{
"node": "l",
"frag": "{ŋeš}apin",
"id": "P253230.l1b66b",
"ref": "P253230.25.1",
"inst": "apin[(seed) plow]N",
"sig": "@dcclt%sux:{ŋeš}apin=apin[plow//(seed) plow]N'N$apin/{ŋeš}apin#~",
"f": {"lang": "sux",
"form": "{ŋeš}apin",
"cf": "apin",
"gw": "plow",
"sense": "(seed) plow",
"norm0": "apin",
"pos": "N",
"epos": "N",
"base": "{ŋeš}apin",
"morph": "~"}
}
,
{
"node": "l",
"frag": "šu-nu-⸢du₇⸣",
"id": "P253230.l1b66c",
"ref": "P253230.25.2",
"inst": "šudu[equipped]AJ",
"sig": "@dcclt%sux:šu-nu-du₇=šudu[equipped//equipped]AJ'AJ$šudu/šu-nu-du₇#~",
"f": {"lang": "sux",
"form": "šu-nu-du₇",
"cf": "šudu",
"gw": "equipped",
"sense": "equipped",
"norm0": "šudu",
"pos": "AJ",
"epos": "AJ",
"base": "šu-nu-du₇",
"morph": "~"}
}
,
{
"node": "d",
"type": "line-start",
"ref": "P253230.26",
"n": "4",
"label": "o ii 4"}
,
{
"node": "l",
"frag": "{ŋeš}apin",
"id": "P253230.l1b66d",
"ref": "P253230.26.1",
"inst": "apin[(seed) plow]N",
"sig": "@dcclt%sux:{ŋeš}apin=apin[plow//(seed) plow]N'N$apin/{ŋeš}apin#~",
"f": {"lang": "sux",
"form": "{ŋeš}apin",
"cf": "apin",
"gw": "plow",
"sense": "(seed) plow",
"norm0": "apin",
"pos": "N",
"epos": "N",
"base": "{ŋeš}apin",
"morph": "~"}
}
,
{
"node": "l",
"frag": "dug₃-sig₁₈",
"id": "P253230.l1b66e",
"ref": "P253230.26.2",
"inst": "tugsaga[a plow]N",
"sig": "@dcclt%sux:dug₃-sig₁₈=tugsaga[plow//a plow]N'N$tugsaga/dug₃-sig₁₈#~",
"f": {"lang": "sux",
"form": "dug₃-sig₁₈",
"cf": "tugsaga",
"gw": "plow",
"sense": "a plow",
"norm0": "tugsaga",
"pos": "N",
"epos": "N",
"base": "dug₃-sig₁₈",
"morph": "~"}
}
,
{
"node": "d",
"type": "line-start",
"ref": "P253230.27",
"n": "5",
"label": "o ii 5"}
,
{
"node": "l",
"frag": "{ŋeš}apin",
"id": "P253230.l1b66f",
"ref": "P253230.27.1",
"inst": "apin[(seed) plow]N",
"sig": "@dcclt%sux:{ŋeš}apin=apin[plow//(seed) plow]N'N$apin/{ŋeš}apin#~",
"f": {"lang": "sux",
"form": "{ŋeš}apin",
"cf": "apin",
"gw": "plow",
"sense": "(seed) plow",
"norm0": "apin",
"pos": "N",
"epos": "N",
"base": "{ŋeš}apin",
"morph": "~"}
}
,
{
"node": "l",
"frag": "al-⸢zi;-ra⸣",
"id": "P253230.l1b670",
"ref": "P253230.27.2",
"inst": "zir[break]V/t",
"sig": "@dcclt%sux:al-zi-ra=zir[break//break]V/t'V/t$al:zir;a/zi+-ra=r.a#al:~;a",
"f": {"lang": "sux",
"form": "al-zi-ra",
"cf": "zir",
"gw": "break",
"sense": "break",
"norm0": "al:zir;a",
"pos": "V/t",
"epos": "V/t",
"base": "zi",
"cont": "-ra=r.a",
"morph": "al:~;a"}
}
,
{
"node": "d",
"type": "line-start",
"ref": "P253230.28",
"n": "6",
"label": "o ii 6"}
,
{
"node": "l",
"frag": "{ŋeš}apin",
"id": "P253230.l1b671",
"ref": "P253230.28.1",
"inst": "apin[(seed) plow]N",
"sig": "@dcclt%sux:{ŋeš}apin=apin[plow//(seed) plow]N'N$apin/{ŋeš}apin#~",
"f": {"lang": "sux",
"form": "{ŋeš}apin",
"cf": "apin",
"gw": "plow",
"sense": "(seed) plow",
"norm0": "apin",
"pos": "N",
"epos": "N",
"base": "{ŋeš}apin",
"morph": "~"}
}
,
{
"node": "l",
"frag": "⸢šu⸣",
"id": "P253230.l1b672",
"ref": "P253230.28.2",
"inst": "šu[hand]N",
"sig": "@dcclt%sux:šu=šu[hand//hand]N'N$šu/šu#~",
"f": {"lang": "sux",
"form": "šu",
"cf": "šu",
"gw": "hand",
"sense": "hand",
"norm0": "šu",
"pos": "N",
"epos": "N",
"base": "šu",
"morph": "~"}
}
,
{
"node": "d",
"type": "line-start",
"ref": "P253230.29",
"n": "7",
"label": "o ii 7"}
,
{
"node": "l",
"frag": "{ŋeš}⸢apin",
"id": "P253230.l1b673",
"ref": "P253230.29.1",
"inst": "apin[(seed) plow]N",
"sig": "@dcclt%sux:{ŋeš}apin=apin[plow//(seed) plow]N'N$apin/{ŋeš}apin#~",
"f": {"lang": "sux",
"form": "{ŋeš}apin",
"cf": "apin",
"gw": "plow",
"sense": "(seed) plow",
"norm0": "apin",
"pos": "N",
"epos": "N",
"base": "{ŋeš}apin",
"morph": "~"}
}
,
{
"node": "l",
"frag": "šu-du₇⸣",
"id": "P253230.l1b674",
"ref": "P253230.29.2",
"inst": "šudu[equipped]AJ",
"sig": "@dcclt%sux:šu-du₇=šudu[equipped//equipped]AJ'AJ$šudu/šu-du₇#~",
"f": {"lang": "sux",
"form": "šu-du₇",
"cf": "šudu",
"gw": "equipped",
"sense": "equipped",
"norm0": "šudu",
"pos": "AJ",
"epos": "AJ",
"base": "šu-du₇",
"morph": "~"}
}
,
{
"node": "d",
"type": "line-start",
"ref": "P253230.30",
"n": "8",
"label": "o ii 8"}
,
{
"node": "l",
"frag": "{ŋeš}apin",
"id": "P253230.l1b675",
"ref": "P253230.30.1",
"inst": "apin[(seed) plow]N",
"sig": "@dcclt%sux:{ŋeš}apin=apin[plow//(seed) plow]N'N$apin/{ŋeš}apin#~",
"f": {"lang": "sux",
"form": "{ŋeš}apin",
"cf": "apin",
"gw": "plow",
"sense": "(seed) plow",
"norm0": "apin",
"pos": "N",
"epos": "N",
"base": "{ŋeš}apin",
"morph": "~"}
}
,
{
"node": "l",
"frag": "⸢šu-nu-du₇⸣",
"id": "P253230.l1b676",
"ref": "P253230.30.2",
"inst": "šudu[equipped]AJ",
"sig": "@dcclt%sux:šu-nu-du₇=šudu[equipped//equipped]AJ'AJ$šudu/šu-nu-du₇#~",
"f": {"lang": "sux",
"form": "šu-nu-du₇",
"cf": "šudu",
"gw": "equipped",
"sense": "equipped",
"norm0": "šudu",
"pos": "AJ",
"epos": "AJ",
"base": "šu-nu-du₇",
"morph": "~"}
}
,
{
"node": "d",
"type": "line-start",
"ref": "P253230.31",
"n": "9",
"label": "o ii 9"}
,
{
"node": "l",
"frag": "{ŋeš}apin",
"id": "P253230.l1b677",
"ref": "P253230.31.1",
"inst": "apin[(seed) plow]N",
"sig": "@dcclt%sux:{ŋeš}apin=apin[plow//(seed) plow]N'N$apin/{ŋeš}apin#~",
"f": {"lang": "sux",
"form": "{ŋeš}apin",
"cf": "apin",
"gw": "plow",
"sense": "(seed) plow",
"norm0": "apin",
"pos": "N",
"epos": "N",
"base": "{ŋeš}apin",
"morph": "~"}
}
,
{
"node": "l",
"frag": "dug₃-sig₁₈",
"id": "P253230.l1b678",
"ref": "P253230.31.2",
"inst": "tugsaga[a plow]N",
"sig": "@dcclt%sux:dug₃-sig₁₈=tugsaga[plow//a plow]N'N$tugsaga/dug₃-sig₁₈#~",
"f": {"lang": "sux",
"form": "dug₃-sig₁₈",
"cf": "tugsaga",
"gw": "plow",
"sense": "a plow",
"norm0": "tugsaga",
"pos": "N",
"epos": "N",
"base": "dug₃-sig₁₈",
"morph": "~"}
}
,
{
"node": "d",
"type": "line-start",
"ref": "P253230.32",
"n": "10",
"label": "o ii 10"}
,
{
"node": "l",
"frag": "{ŋeš}apin",
"id": "P253230.l1b679",
"ref": "P253230.32.1",
"inst": "apin[(seed) plow]N",
"sig": "@dcclt%sux:{ŋeš}apin=apin[plow//(seed) plow]N'N$apin/{ŋeš}apin#~",
"f": {"lang": "sux",
"form": "{ŋeš}apin",
"cf": "apin",
"gw": "plow",
"sense": "(seed) plow",
"norm0": "apin",
"pos": "N",
"epos": "N",
"base": "{ŋeš}apin",
"morph": "~"}
}
,
{
"node": "l",
"frag": "al-⸢zi;-ra⸣",
"id": "P253230.l1b67a",
"ref": "P253230.32.2",
"inst": "zir[break]V/t",
"sig": "@dcclt%sux:al-zi-ra=zir[break//break]V/t'V/t$al:zir;a/zi+-ra=r.a#al:~;a",
"f": {"lang": "sux",
"form": "al-zi-ra",
"cf": "zir",
"gw": "break",
"sense": "break",
"norm0": "al:zir;a",
"pos": "V/t",
"epos": "V/t",
"base": "zi",
"cont": "-ra=r.a",
"morph": "al:~;a"}
}
,
{
"node": "d",
"type": "line-start",
"ref": "P253230.33",
"n": "11",
"label": "o ii 11"}
,
{
"node": "l",
"frag": "{ŋeš}⸢apin",
"id": "P253230.l1b67b",
"ref": "P253230.33.1",
"inst": "apin[(seed) plow]N",
"sig": "@dcclt%sux:{ŋeš}apin=apin[plow//(seed) plow]N'N$apin/{ŋeš}apin#~",
"f": {"lang": "sux",
"form": "{ŋeš}apin",
"cf": "apin",
"gw": "plow",
"sense": "(seed) plow",
"norm0": "apin",
"pos": "N",
"epos": "N",
"base": "{ŋeš}apin",
"morph": "~"}
}
,
{
"node": "l",
"frag": "šu⸣",
"id": "P253230.l1b67c",
"ref": "P253230.33.2",
"inst": "šu[hand]N",
"sig": "@dcclt%sux:šu=šu[hand//hand]N'N$šu/šu#~",
"f": {"lang": "sux",
"form": "šu",
"cf": "šu",
"gw": "hand",
"sense": "hand",
"norm0": "šu",
"pos": "N",
"epos": "N",
"base": "šu",
"morph": "~"}
}
,
{
"node": "d",
"type": "line-start",
"ref": "P253230.34",
"n": "12",
"label": "o ii 12"}
,
{
"node": "l",
"frag": "{ŋeš}apin",
"id": "P253230.l1b67d",
"ref": "P253230.34.1",
"inst": "apin[(seed) plow]N",
"sig": "@dcclt%sux:{ŋeš}apin=apin[plow//(seed) plow]N'N$apin/{ŋeš}apin#~",
"f": {"lang": "sux",
"form": "{ŋeš}apin",
"cf": "apin",
"gw": "plow",
"sense": "(seed) plow",
"norm0": "apin",
"pos": "N",
"epos": "N",
"base": "{ŋeš}apin",
"morph": "~"}
}
,
{
"node": "l",
"frag": "⸢šu⸣-du₇",
"id": "P253230.l1b67e",
"ref": "P253230.34.2",
"inst": "šudu[equipped]AJ",
"sig": "@dcclt%sux:šu-du₇=šudu[equipped//equipped]AJ'AJ$šudu/šu-du₇#~",
"f": {"lang": "sux",
"form": "šu-du₇",
"cf": "šudu",
"gw": "equipped",
"sense": "equipped",
"norm0": "šudu",
"pos": "AJ",
"epos": "AJ",
"base": "šu-du₇",
"morph": "~"}
}
,
{
"node": "d",
"type": "line-start",
"ref": "P253230.35",
"n": "13",
"label": "o ii 13"}
,
{
"node": "l",
"frag": "{ŋeš}apin",
"id": "P253230.l1b67f",
"ref": "P253230.35.1",
"inst": "apin[(seed) plow]N",
"sig": "@dcclt%sux:{ŋeš}apin=apin[plow//(seed) plow]N'N$apin/{ŋeš}apin#~",
"f": {"lang": "sux",
"form": "{ŋeš}apin",
"cf": "apin",
"gw": "plow",
"sense": "(seed) plow",
"norm0": "apin",
"pos": "N",
"epos": "N",
"base": "{ŋeš}apin",
"morph": "~"}
}
,
{
"node": "l",
"frag": "šu-⸢nu-du₇⸣",
"id": "P253230.l1b680",
"ref": "P253230.35.2",
"inst": "šudu[equipped]AJ",
"sig": "@dcclt%sux:šu-nu-du₇=šudu[equipped//equipped]AJ'AJ$šudu/šu-nu-du₇#~",
"f": {"lang": "sux",
"form": "šu-nu-du₇",
"cf": "šudu",
"gw": "equipped",
"sense": "equipped",
"norm0": "šudu",
"pos": "AJ",
"epos": "AJ",
"base": "šu-nu-du₇",
"morph": "~"}
}
,
{
"node": "d",
"type": "line-start",
"ref": "P253230.36",
"n": "14",
"label": "o ii 14"}
,
{
"node": "l",
"frag": "{ŋeš}apin",
"id": "P253230.l1b681",
"ref": "P253230.36.1",
"inst": "apin[(seed) plow]N",
"sig": "@dcclt%sux:{ŋeš}apin=apin[plow//(seed) plow]N'N$apin/{ŋeš}apin#~",
"f": {"lang": "sux",
"form": "{ŋeš}apin",
"cf": "apin",
"gw": "plow",
"sense": "(seed) plow",
"norm0": "apin",
"pos": "N",
"epos": "N",
"base": "{ŋeš}apin",
"morph": "~"}
}
,
{
"node": "l",
"frag": "dug₃-sig₁₈",
"id": "P253230.l1b682",
"ref": "P253230.36.2",
"inst": "tugsaga[a plow]N",
"sig": "@dcclt%sux:dug₃-sig₁₈=tugsaga[plow//a plow]N'N$tugsaga/dug₃-sig₁₈#~",
"f": {"lang": "sux",
"form": "dug₃-sig₁₈",
"cf": "tugsaga",
"gw": "plow",
"sense": "a plow",
"norm0": "tugsaga",
"pos": "N",
"epos": "N",
"base": "dug₃-sig₁₈",
"morph": "~"}
}
,
{
"node": "d",
"type": "line-start",
"ref": "P253230.37",
"n": "15",
"label": "o ii 15"}
,
{
"node": "l",
"frag": "{ŋeš}apin",
"id": "P253230.l1b683",
"ref": "P253230.37.1",
"inst": "apin[(seed) plow]N",
"sig": "@dcclt%sux:{ŋeš}apin=apin[plow//(seed) plow]N'N$apin/{ŋeš}apin#~",
"f": {"lang": "sux",
"form": "{ŋeš}apin",
"cf": "apin",
"gw": "plow",
"sense": "(seed) plow",
"norm0": "apin",
"pos": "N",
"epos": "N",
"base": "{ŋeš}apin",
"morph": "~"}
}
,
{
"node": "l",
"frag": "al-⸢zi;-ra⸣",
"id": "P253230.l1b684",
"ref": "P253230.37.2",
"inst": "zir[break]V/t",
"sig": "@dcclt%sux:al-zi-ra=zir[break//break]V/t'V/t$al:zir;a/zi+-ra=r.a#al:~;a",
"f": {"lang": "sux",
"form": "al-zi-ra",
"cf": "zir",
"gw": "break",
"sense": "break",
"norm0": "al:zir;a",
"pos": "V/t",
"epos": "V/t",
"base": "zi",
"cont": "-ra=r.a",
"morph": "al:~;a"}
}
,
{
"node": "d",
"type": "line-start",
"ref": "P253230.38",
"n": "16",
"label": "o ii 16"}
,
{
"node": "l",
"frag": "{ŋeš}apin",
"id": "P253230.l1b685",
"ref": "P253230.38.1",
"inst": "apin[(seed) plow]N",
"sig": "@dcclt%sux:{ŋeš}apin=apin[plow//(seed) plow]N'N$apin/{ŋeš}apin#~",
"f": {"lang": "sux",
"form": "{ŋeš}apin",
"cf": "apin",
"gw": "plow",
"sense": "(seed) plow",
"norm0": "apin",
"pos": "N",
"epos": "N",
"base": "{ŋeš}apin",
"morph": "~"}
}
,
{
"node": "l",
"frag": "šu",
"id": "P253230.l1b686",
"ref": "P253230.38.2",
"inst": "šu[hand]N",
"sig": "@dcclt%sux:šu=šu[hand//hand]N'N$šu/šu#~",
"f": {"lang": "sux",
"form": "šu",
"cf": "šu",
"gw": "hand",
"sense": "hand",
"norm0": "šu",
"pos": "N",
"epos": "N",
"base": "šu",
"morph": "~"}
}
,
{
"node": "d",
"subtype": "bottom",
"type": "surface",
"ref": "P253230.b.e..39",
"type": "bottom",
"label": "b.e."}
,
{
"node": "d",
"type": "line-start",
"ref": "P253230.40",
"n": "1",
"label": "b.e. 1"}
,
{
"node": "l",
"frag": "⸢ni-x",
"id": "P253230.l1b687",
"ref": "P253230.40.1",
"inst": "u",
"f": {"lang": "akk-x-oldbab",
"form": "ni-x",
"pos": "u"}
}
,
{
"node": "l",
"frag": "x-x⸣",
"id": "P253230.l1b688",
"ref": "P253230.40.2",
"inst": "u",
"f": {"lang": "akk-x-oldbab",
"form": "x-x",
"pos": "u"}
}
,
{
"node": "l",
"frag": "qa₃-⸢ti⸣",
"id": "P253230.l1b689",
"ref": "P253230.40.3",
"inst": "qatû[ended]AJ$qati",
"sig": "@dcclt%akk-x-oldbab:qa₃-ti=qatû[ended//ended]AJ'AJ$qati",
"f": {"lang": "akk-x-oldbab",
"form": "qa₃-ti",
"cf": "qatû",
"gw": "ended",
"sense": "ended",
"norm": "qati",
"pos": "AJ",
"epos": "AJ"}
}
,
{
"node": "d",
"type": "nonw",
"ref": ""}
,
{
"node": "d",
"subtype": "reverse",
"type": "surface",
"ref": "P253230.r.41",
"type": "reverse",
"label": "r"}
,
{
"node": "d",
"subtype": "column 1r",
"type": "column",
"ref": "P253230.r.i.42",
"n": "1",
"label": "r i"}
,
{
"node": "d",
"type": "nonx",
"ref": "P253230.43",
"strict": "0",
"state": "illegible"}
,
{
"node": "d",
"subtype": "column 2r",
"type": "column",
"ref": "P253230.r.ii.44",
"n": "2",
"label": "r ii"}
,
{
"node": "d",
"type": "nonx",
"ref": "P253230.45",
"strict": "0",
"state": "illegible"}
,
{
"node": "d",
"subtype": "column 3r",
"type": "column",
"ref": "P253230.r.iii.46",
"n": "3",
"label": "r iii"}
,
{
"node": "d",
"type": "nonx",
"ref": "P253230.47",
"strict": "0",
"state": "illegible"}
,
{
"node": "d",
"subtype": "column 4r",
"type": "column",
"ref": "P253230.r.iv.48",
"n": "4",
"label": "r iv"}
,
{
"node": "d",
"type": "nonx",
"ref": "P253230.49",
"strict": "0",
"state": "illegible"}
,
{
"node": "d",
"subtype": "top",
"type": "surface",
"ref": "P253230.t.e..50",
"type": "top",
"label": "t.e."}
,
{
"node": "d",
"type": "line-start",
"ref": "P253230.51",
"n": "1",
"label": "t.e. 1"}
,
{
"node": "l",
"frag": "[x]-⸢x⸣-šu-tum",
"id": "P253230.l1b68a",
"ref": "P253230.51.1",
"inst": "u",
"f": {"lang": "sux",
"form": "x-x-šu-tum",
"pos": "u"}
}
,
{
"node": "d",
"type": "line-start",
"ref": "P253230.52",
"n": "2",
"label": "t.e. 2"}
,
{
"node": "l",
"frag": "[x]-⸢ri⸣-tum",
"id": "P253230.l1b68b",
"ref": "P253230.52.1",
"inst": "u",
"f": {"lang": "sux",
"form": "x-ri-tum",
"pos": "u"}
}
,
{
"node": "d",
"type": "line-start",
"ref": "P253230.53",
"n": "3",
"label": "t.e. 3"}
,
{
"node": "l",
"frag": "[x-x]-du-um",
"id": "P253230.l1b68c",
"ref": "P253230.53.1",
"inst": "u",
"f": {"lang": "sux",
"form": "x-x-du-um",
"pos": "u"}
}
]}
]}
]}
]}
