{
"type": "cdl",
  "source": "http://oracc.org/dcclt",
  "license": "This data is released under the CC0 license",
  "license-url": "https://creativecommons.org/publicdomain/zero/1.0/",
  "more-info": "http://oracc.org/doc/opendata/",
  "UTC-timestamp": "2017-05-19T18:25:20",
"project": "dcclt",
"textid": "P253887",
"cdl": [
{
"node": "c",
"type": "text",
"id": "P253887.U0",
"cdl": [
{
"node": "d",
"subtype": "tablet",
"type": "object",
"ref": "P253887.x592.1",
"type": "tablet",
"label": "x592"}
,
{
"node": "d",
"type": "surface",
"ref": ""}
,
{
"node": "d",
"type": "nonx",
"ref": "P253887.2",
"strict": "0",
"extent": "1",
"state": "ruling"}
,
{
"node": "d",
"subtype": "obverse",
"type": "surface",
"ref": "P253887.o.3",
"type": "obverse",
"label": "o"}
,
{
"node": "c",
"type": "discourse",
"subtype": "body",
"id": "P253887.U1",
"cdl": [
{
"node": "c",
"type": "sentence",
"id": "P253887.U2",
"label": "o 1 - r 3",
"cdl": [
{
"node": "d",
"type": "line-start",
"ref": "P253887.4",
"n": "1",
"label": "o 1"}
,
{
"node": "l",
"frag": "⸢ma₂",
"id": "P253887.l1b74f",
"ref": "P253887.4.1",
"inst": "ma[ship, boat]N",
"sig": "@dcclt%sux:ma₂=ma[ship//ship, boat]N'N$ma/ma₂#~",
"f": {"lang": "sux",
"form": "ma₂",
"cf": "ma",
"gw": "ship",
"sense": "ship, boat",
"norm0": "ma",
"pos": "N",
"epos": "N",
"base": "ma₂",
"morph": "~"}
}
,
{
"node": "l",
"frag": "u⸣",
"id": "P253887.l1b750",
"ref": "P253887.4.2",
"inst": "u[ten]NU",
"sig": "@dcclt%sux:u=u[ten//ten]NU'NU$u/u#~",
"f": {"lang": "sux",
"form": "u",
"cf": "u",
"gw": "ten",
"sense": "ten",
"norm0": "u",
"pos": "NU",
"epos": "NU",
"base": "u",
"morph": "~"}
}
,
{
"node": "l",
"frag": "gur",
"id": "P253887.l1b751",
"ref": "P253887.4.3",
"inst": "gur[unit]N",
"sig": "@dcclt%sux:gur=gur[unit//unit]N'N$gur/gur#~",
"f": {"lang": "sux",
"form": "gur",
"cf": "gur",
"gw": "unit",
"sense": "unit",
"norm0": "gur",
"pos": "N",
"epos": "N",
"base": "gur",
"morph": "~"}
}
,
{
"node": "d",
"type": "line-start",
"ref": "P253887.5",
"n": "2",
"label": "o 2"}
,
{
"node": "l",
"frag": "ma₂",
"id": "P253887.l1b752",
"ref": "P253887.5.1",
"inst": "ma[ship, boat]N",
"sig": "@dcclt%sux:ma₂=ma[ship//ship, boat]N'N$ma/ma₂#~",
"f": {"lang": "sux",
"form": "ma₂",
"cf": "ma",
"gw": "ship",
"sense": "ship, boat",
"norm0": "ma",
"pos": "N",
"epos": "N",
"base": "ma₂",
"morph": "~"}
}
,
{
"node": "l",
"frag": "niš",
"id": "P253887.l1b753",
"ref": "P253887.5.2",
"inst": "niš[twenty]NU",
"sig": "@dcclt%sux:niš=niš[twenty//twenty]NU'NU$niš/niš#~",
"f": {"lang": "sux",
"form": "niš",
"cf": "niš",
"gw": "twenty",
"sense": "twenty",
"norm0": "niš",
"pos": "NU",
"epos": "NU",
"base": "niš",
"morph": "~"}
}
,
{
"node": "l",
"frag": "gur",
"id": "P253887.l1b754",
"ref": "P253887.5.3",
"inst": "gur[unit]N",
"sig": "@dcclt%sux:gur=gur[unit//unit]N'N$gur/gur#~",
"f": {"lang": "sux",
"form": "gur",
"cf": "gur",
"gw": "unit",
"sense": "unit",
"norm0": "gur",
"pos": "N",
"epos": "N",
"base": "gur",
"morph": "~"}
}
,
{
"node": "d",
"type": "line-start",
"ref": "P253887.6",
"n": "3",
"label": "o 3"}
,
{
"node": "l",
"frag": "ma₂",
"id": "P253887.l1b755",
"ref": "P253887.6.1",
"inst": "ma[ship, boat]N",
"sig": "@dcclt%sux:ma₂=ma[ship//ship, boat]N'N$ma/ma₂#~",
"f": {"lang": "sux",
"form": "ma₂",
"cf": "ma",
"gw": "ship",
"sense": "ship, boat",
"norm0": "ma",
"pos": "N",
"epos": "N",
"base": "ma₂",
"morph": "~"}
}
,
{
"node": "l",
"frag": "⸢ŋeš₂⸣{mi-⸢iš⸣}",
"id": "P253887.l1b756",
"ref": "P253887.6.2",
"inst": "ŋeš[sixty]NU/ŋeš₂{+mi-iš?}#~",
"sig": "@dcclt%sux:ŋeš₂{+mi-iš}=ŋeš[sixty//sixty]NU'NU$ŋeš/ŋeš₂{+mi-iš?}#~",
"f": {"lang": "sux",
"form": "ŋeš₂{+mi-iš}",
"cf": "ŋeš",
"gw": "sixty",
"sense": "sixty",
"norm0": "ŋeš",
"pos": "NU",
"epos": "NU",
"base": "ŋeš₂{+mi-iš?}",
"morph": "~"}
}
,
{
"node": "l",
"frag": "gur",
"id": "P253887.l1b757",
"ref": "P253887.6.3",
"inst": "gur[unit]N",
"sig": "@dcclt%sux:gur=gur[unit//unit]N'N$gur/gur#~",
"f": {"lang": "sux",
"form": "gur",
"cf": "gur",
"gw": "unit",
"sense": "unit",
"norm0": "gur",
"pos": "N",
"epos": "N",
"base": "gur",
"morph": "~"}
}
,
{
"node": "d",
"subtype": "reverse",
"type": "surface",
"ref": "P253887.r.7",
"type": "reverse",
"label": "r"}
,
{
"node": "d",
"type": "nonx",
"ref": "P253887.8",
"strict": "0",
"extent": "0",
"scope": "obverse",
"state": "other"}
,
{
"node": "d",
"type": "line-start",
"ref": "P253887.9",
"n": "1",
"label": "r 1"}
,
{
"node": "l",
"frag": "ma₂",
"id": "P253887.l1b758",
"ref": "P253887.9.1",
"inst": "ma[ship, boat]N",
"sig": "@dcclt%sux:ma₂=ma[ship//ship, boat]N'N$ma/ma₂#~",
"f": {"lang": "sux",
"form": "ma₂",
"cf": "ma",
"gw": "ship",
"sense": "ship, boat",
"norm0": "ma",
"pos": "N",
"epos": "N",
"base": "ma₂",
"morph": "~"}
}
,
{
"node": "l",
"frag": "⸢u⸣",
"id": "P253887.l1b759",
"ref": "P253887.9.2",
"inst": "u[ten]NU",
"sig": "@dcclt%sux:u=u[ten//ten]NU'NU$u/u#~",
"f": {"lang": "sux",
"form": "u",
"cf": "u",
"gw": "ten",
"sense": "ten",
"norm0": "u",
"pos": "NU",
"epos": "NU",
"base": "u",
"morph": "~"}
}
,
{
"node": "l",
"frag": "gur",
"id": "P253887.l1b75a",
"ref": "P253887.9.3",
"inst": "gur[unit]N",
"sig": "@dcclt%sux:gur=gur[unit//unit]N'N$gur/gur#~",
"f": {"lang": "sux",
"form": "gur",
"cf": "gur",
"gw": "unit",
"sense": "unit",
"norm0": "gur",
"pos": "N",
"epos": "N",
"base": "gur",
"morph": "~"}
}
,
{
"node": "d",
"type": "line-start",
"ref": "P253887.10",
"n": "2",
"label": "r 2"}
,
{
"node": "l",
"frag": "ma₂",
"id": "P253887.l1b75b",
"ref": "P253887.10.1",
"inst": "ma[ship, boat]N",
"sig": "@dcclt%sux:ma₂=ma[ship//ship, boat]N'N$ma/ma₂#~",
"f": {"lang": "sux",
"form": "ma₂",
"cf": "ma",
"gw": "ship",
"sense": "ship, boat",
"norm0": "ma",
"pos": "N",
"epos": "N",
"base": "ma₂",
"morph": "~"}
}
,
{
"node": "l",
"frag": "niš",
"id": "P253887.l1b75c",
"ref": "P253887.10.2",
"inst": "niš[twenty]NU",
"sig": "@dcclt%sux:niš=niš[twenty//twenty]NU'NU$niš/niš#~",
"f": {"lang": "sux",
"form": "niš",
"cf": "niš",
"gw": "twenty",
"sense": "twenty",
"norm0": "niš",
"pos": "NU",
"epos": "NU",
"base": "niš",
"morph": "~"}
}
,
{
"node": "l",
"frag": "gur",
"id": "P253887.l1b75d",
"ref": "P253887.10.3",
"inst": "gur[unit]N",
"sig": "@dcclt%sux:gur=gur[unit//unit]N'N$gur/gur#~",
"f": {"lang": "sux",
"form": "gur",
"cf": "gur",
"gw": "unit",
"sense": "unit",
"norm0": "gur",
"pos": "N",
"epos": "N",
"base": "gur",
"morph": "~"}
}
,
{
"node": "d",
"type": "line-start",
"ref": "P253887.11",
"n": "3",
"label": "r 3"}
,
{
"node": "l",
"frag": "ma₂",
"id": "P253887.l1b75e",
"ref": "P253887.11.1",
"inst": "ma[ship, boat]N",
"sig": "@dcclt%sux:ma₂=ma[ship//ship, boat]N'N$ma/ma₂#~",
"f": {"lang": "sux",
"form": "ma₂",
"cf": "ma",
"gw": "ship",
"sense": "ship, boat",
"norm0": "ma",
"pos": "N",
"epos": "N",
"base": "ma₂",
"morph": "~"}
}
,
{
"node": "l",
"frag": "[...]",
"id": "P253887.l1b75f",
"ref": "P253887.11.2",
"inst": "u",
"f": {"lang": "sux",
"form": "x",
"pos": "u"}
}
,
{
"node": "l",
"frag": "⸢gur⸣",
"id": "P253887.l1b760",
"ref": "P253887.11.3",
"inst": "gur[unit]N",
"sig": "@dcclt%sux:gur=gur[unit//unit]N'N$gur/gur#~",
"f": {"lang": "sux",
"form": "gur",
"cf": "gur",
"gw": "unit",
"sense": "unit",
"norm0": "gur",
"pos": "N",
"epos": "N",
"base": "gur",
"morph": "~"}
}
]}
]}
]}
]}
