{
"type": "cdl",
  "source": "http://oracc.org/dcclt",
  "license": "This data is released under the CC0 license",
  "license-url": "https://creativecommons.org/publicdomain/zero/1.0/",
  "more-info": "http://oracc.org/doc/opendata/",
  "UTC-timestamp": "2017-05-19T18:25:21",
"project": "dcclt",
"textid": "P253917",
"cdl": [
{
"node": "c",
"type": "text",
"id": "P253917.U0",
"cdl": [
{
"node": "d",
"subtype": "tablet",
"type": "object",
"ref": "P253917.x195.1",
"type": "tablet",
"label": "x195"}
,
{
"node": "d",
"type": "surface",
"ref": ""}
,
{
"node": "d",
"type": "nonx",
"ref": "P253917.2",
"strict": "0",
"extent": "1",
"state": "ruling"}
,
{
"node": "d",
"subtype": "obverse",
"type": "surface",
"ref": "P253917.o.3",
"type": "obverse",
"label": "o"}
,
{
"node": "c",
"type": "discourse",
"subtype": "body",
"id": "P253917.U1",
"cdl": [
{
"node": "c",
"type": "sentence",
"id": "P253917.U2",
"label": "o 1 - r 3",
"cdl": [
{
"node": "d",
"type": "line-start",
"ref": "P253917.4",
"n": "1",
"label": "o 1"}
,
{
"node": "l",
"frag": "a-da-min₃",
"id": "P253917.l0abc8",
"ref": "P253917.4.1",
"inst": "adamin[contest, dispute, debate]N",
"sig": "@dcclt%sux:a-da-min₃=adamin[contest//contest, dispute, debate]N'N$adamin/a-da-min₃#~",
"f": {"lang": "sux",
"form": "a-da-min₃",
"cf": "adamin",
"gw": "contest",
"sense": "contest, dispute, debate",
"norm0": "adamin",
"pos": "N",
"epos": "N",
"base": "a-da-min₃",
"morph": "~"}
}
,
{
"node": "d",
"type": "nonw",
"ref": ""}
,
{
"node": "d",
"type": "line-start",
"ref": "P253917.5",
"n": "2",
"label": "o 2"}
,
{
"node": "l",
"frag": "a-⸢da⸣-[min]",
"id": "P253917.l0abc9",
"ref": "P253917.5.1",
"inst": "adamin[contest]",
"sig": "@dcclt%sux:a-da-min=adamin[contest//contest, dispute, debate]N'N$adamin/a-da-min#~",
"f": {"lang": "sux",
"form": "a-da-min",
"cf": "adamin",
"gw": "contest",
"sense": "contest, dispute, debate",
"norm0": "adamin",
"pos": "N",
"epos": "N",
"base": "a-da-min",
"morph": "~"}
}
,
{
"node": "d",
"type": "line-start",
"ref": "P253917.6",
"n": "3",
"label": "o 3"}
,
{
"node": "l",
"frag": "a-⸢da-min-na⸣",
"id": "P253917.l0abca",
"ref": "P253917.6.1",
"inst": "adamin[contest, dispute, debate]N/a-da-min-na#~",
"sig": "@dcclt%sux:a-da-min-na=adamin[contest//contest, dispute, debate]N'N$adamin/a-da-min-na#~",
"f": {"lang": "sux",
"form": "a-da-min-na",
"cf": "adamin",
"gw": "contest",
"sense": "contest, dispute, debate",
"norm0": "adamin",
"pos": "N",
"epos": "N",
"base": "a-da-min-na",
"morph": "~"}
}
,
{
"node": "d",
"subtype": "reverse",
"type": "surface",
"ref": "P253917.r.7",
"type": "reverse",
"label": "r"}
,
{
"node": "d",
"type": "line-start",
"ref": "P253917.8",
"n": "1",
"label": "r 1"}
,
{
"node": "l",
"frag": "a-⸢da⸣-[min₃]",
"id": "P253917.l0abcb",
"ref": "P253917.8.1",
"inst": "%sux:a-da-min₃=",
"f": {"lang": "sux",
"form": "a-da-min₃"}
}
,
{
"node": "d",
"type": "line-start",
"ref": "P253917.9",
"n": "2",
"label": "r 2"}
,
{
"node": "l",
"frag": "a-[da-x]",
"id": "P253917.l0abcc",
"ref": "P253917.9.1",
"inst": "%sux:a-da-x=",
"f": {"lang": "sux",
"form": "a-da-x"}
}
,
{
"node": "d",
"type": "line-start",
"ref": "P253917.10",
"n": "3",
"label": "r 3"}
,
{
"node": "l",
"frag": "a-⸢da⸣-[x]-⸢x⸣",
"id": "P253917.l0abcd",
"ref": "P253917.10.1",
"inst": "%sux:a-da-x-x=",
"f": {"lang": "sux",
"form": "a-da-x-x"}
}
]}
]}
]}
]}
