{
"type": "cdl",
  "source": "http://oracc.org/dcclt",
  "license": "This data is released under the CC0 license",
  "license-url": "https://creativecommons.org/publicdomain/zero/1.0/",
  "more-info": "http://oracc.org/doc/opendata/",
  "UTC-timestamp": "2017-05-19T18:25:21",
"project": "dcclt",
"textid": "P253919",
"cdl": [
{
"node": "c",
"type": "text",
"id": "P253919.U0",
"cdl": [
{
"node": "d",
"type": "object",
"ref": ""}
,
{
"node": "d",
"type": "surface",
"ref": ""}
,
{
"node": "c",
"type": "discourse",
"subtype": "body",
"id": "P253919.U1",
"cdl": [
{
"node": "c",
"type": "sentence",
"id": "P253919.U2",
"label": "1 - 3",
"cdl": [
{
"node": "d",
"type": "line-start",
"ref": "P253919.1",
"n": "1",
"label": "1"}
,
{
"node": "l",
"frag": "{[gi]}⸢pisaŋ⸣",
"id": "P253919.l1f15c",
"ref": "P253919.1.1",
"inst": "bisaŋ[basket]N",
"sig": "@dcclt%sux:{gi}pisaŋ=bisaŋ[basket//basket]N'N$bisaŋ/{gi}bisaŋ#~",
"f": {"lang": "sux",
"form": "{gi}pisaŋ",
"cf": "bisaŋ",
"gw": "basket",
"sense": "basket",
"norm0": "bisaŋ",
"pos": "N",
"epos": "N",
"base": "{gi}bisaŋ",
"morph": "~"}
}
,
{
"node": "l",
"frag": "kuš",
"id": "P253919.l1f15d",
"ref": "P253919.1.2",
"inst": "kuš[skin]N",
"sig": "@dcclt%sux:kuš=kuš[skin//skin]N'N$kuš/kuš#~",
"f": {"lang": "sux",
"form": "kuš",
"cf": "kuš",
"gw": "skin",
"sense": "skin",
"norm0": "kuš",
"pos": "N",
"epos": "N",
"base": "kuš",
"morph": "~"}
}
,
{
"node": "l",
"frag": "sig₉-⸢ga⸣",
"id": "P253919.l1f15e",
"ref": "P253919.1.3",
"inst": "sig[to line]V/t",
"sig": "@dcclt%sux:sig₉-ga=sig[put//to line]V/t'V/t$sig;a/sig₉+-ga=g.a#~;a",
"f": {"lang": "sux",
"form": "sig₉-ga",
"cf": "sig",
"gw": "put",
"sense": "to line",
"norm0": "sig;a",
"pos": "V/t",
"epos": "V/t",
"base": "sig₉",
"cont": "-ga=g.a",
"morph": "~;a"}
}
,
{
"node": "d",
"type": "line-start",
"ref": "P253919.2",
"n": "2",
"label": "2"}
,
{
"node": "l",
"frag": "{[gi]}⸢pisaŋ⸣",
"id": "P253919.l1f15f",
"ref": "P253919.2.1",
"inst": "bisaŋ[basket]N",
"sig": "@dcclt%sux:{gi}pisaŋ=bisaŋ[basket//basket]N'N$bisaŋ/{gi}bisaŋ#~",
"f": {"lang": "sux",
"form": "{gi}pisaŋ",
"cf": "bisaŋ",
"gw": "basket",
"sense": "basket",
"norm0": "bisaŋ",
"pos": "N",
"epos": "N",
"base": "{gi}bisaŋ",
"morph": "~"}
}
,
{
"node": "l",
"frag": "esir₂",
"id": "P253919.l1f160",
"ref": "P253919.2.2",
"inst": "esir[bitumen, pitch]N",
"sig": "@dcclt%sux:esir₂=esir[bitumen//bitumen]N'N$esir/esir₂#~",
"f": {"lang": "sux",
"form": "esir₂",
"cf": "esir",
"gw": "bitumen",
"sense": "bitumen",
"norm0": "esir",
"pos": "N",
"epos": "N",
"base": "esir₂",
"morph": "~"}
}
,
{
"node": "l",
"frag": "šub-ba",
"id": "P253919.l1f161",
"ref": "P253919.2.3",
"inst": "šub[to fall]V/t",
"sig": "@dcclt%sux:šub-ba=šub[fall//to fall]V/t'V/t$šub;a/šub+-ba=b.a#~;a",
"f": {"lang": "sux",
"form": "šub-ba",
"cf": "šub",
"gw": "fall",
"sense": "to fall",
"norm0": "šub;a",
"pos": "V/t",
"epos": "V/t",
"base": "šub",
"cont": "-ba=b.a",
"morph": "~;a"}
}
,
{
"node": "d",
"type": "line-start",
"ref": "P253919.3",
"n": "3",
"label": "3"}
,
{
"node": "l",
"frag": "{[gi]}pisaŋ",
"id": "P253919.l1f162",
"ref": "P253919.3.1",
"inst": "bisaŋ[basket]N",
"sig": "@dcclt%sux:{gi}pisaŋ=bisaŋ[basket//basket]N'N$bisaŋ/{gi}bisaŋ#~",
"f": {"lang": "sux",
"form": "{gi}pisaŋ",
"cf": "bisaŋ",
"gw": "basket",
"sense": "basket",
"norm0": "bisaŋ",
"pos": "N",
"epos": "N",
"base": "{gi}bisaŋ",
"morph": "~"}
}
,
{
"node": "c",
"type": "phrase",
"tag": "phr",
"id": "P253919.U4",
"ref": "P253919.ls00000",
"cdl": [
{
"node": "l",
"frag": "zu₂",
"id": "P253919.l1f163",
"ref": "P253919.3.2",
"inst": "zu[tooth]N",
"sig": "@dcclt%sux:zu₂=zu[tooth//tooth]N'N$zu/zu₂#~",
"f": {"lang": "sux",
"form": "zu₂",
"cf": "zu",
"gw": "tooth",
"sense": "tooth",
"norm0": "zu",
"pos": "N",
"epos": "N",
"base": "zu₂",
"morph": "~"}
}
,
{
"node": "l",
"frag": "keš₂",
"id": "P253919.l1f164",
"ref": "P253919.3.3",
"inst": "kešed[to bind]V/t",
"sig": "@dcclt%sux:keš₂=kešed[bind//to bind]V/t'V/t$kešed/keš₂#~",
"f": {"lang": "sux",
"form": "keš₂",
"cf": "kešed",
"gw": "bind",
"sense": "to bind",
"norm0": "kešed",
"pos": "V/t",
"epos": "V/t",
"base": "keš₂",
"morph": "~"}
}
]}
]}
]}
]}
,
{
"linkbase": [{
"type": "linkset",
"xlink_title": "zu kešed[assemble//to assemble, gather]V/t'V/t",
"id": "P253919.ls00000",
"xlink_type": "extended",
"xlink_role": "psu",
"sig": "{zu₂ keš₂ = zu[tooth]N kešed[bind]V/t += zu kešed[assemble//to assemble, gather]V/t'V/t}::@dcclt%sux:zu₂=zu[tooth//tooth]N'N$zu/zu₂#~++@dcclt%sux:keš₂=kešed[bind//to bind]V/t'V/t$kešed/keš₂#~",
"links": [
{
"type": "link",
"xlink_title": "zu",
"xlink_type": "locator",
"xlink_href": "#P253919.l1f163",
"xlink_role": "elt"}
,
{
"type": "link",
"xlink_title": "kešed",
"xlink_type": "locator",
"xlink_href": "#P253919.l1f164",
"xlink_role": "elt"}
]}
]}
]}
