{
"type": "cdl",
  "source": "http://oracc.org/dcclt",
  "license": "This data is released under the CC0 license",
  "license-url": "https://creativecommons.org/publicdomain/zero/1.0/",
  "more-info": "http://oracc.org/doc/opendata/",
  "UTC-timestamp": "2017-05-19T18:25:22",
"project": "dcclt",
"textid": "P254360",
"cdl": [
{
"node": "c",
"type": "text",
"id": "P254360.U0",
"cdl": [
{
"node": "d",
"subtype": "tablet",
"type": "object",
"ref": "P254360.x611.1",
"type": "tablet",
"label": "x611"}
,
{
"node": "d",
"subtype": "obverse",
"type": "surface",
"ref": "P254360.o.2",
"type": "obverse",
"label": "o"}
,
{
"node": "c",
"type": "discourse",
"subtype": "body",
"id": "P254360.U1",
"cdl": [
{
"node": "c",
"type": "sentence",
"id": "P254360.U2",
"label": "o 1 - o 3",
"cdl": [
{
"node": "d",
"type": "line-start",
"ref": "P254360.3",
"n": "1",
"label": "o 1"}
,
{
"node": "l",
"frag": "{ŋeš}e₂",
"id": "P254360.l1c1b7",
"ref": "P254360.3.1",
"inst": "e[cabin]N",
"sig": "@dcclt%sux:{ŋeš}e₂=e[house//cabin]N'N$e/{ŋeš}e₂#~",
"f": {"lang": "sux",
"form": "{ŋeš}e₂",
"cf": "e",
"gw": "house",
"sense": "cabin",
"norm0": "e",
"pos": "N",
"epos": "N",
"base": "{ŋeš}e₂",
"morph": "~"}
}
,
{
"node": "l",
"frag": "šudul₅",
"id": "P254360.l1c1b8",
"ref": "P254360.3.2",
"inst": "šudul[yoke]N/šudul₅#~",
"sig": "@dcclt%sux:šudul₅=šudul[yoke//yoke]N'N$šudul/šudul₅#~",
"f": {"lang": "sux",
"form": "šudul₅",
"cf": "šudul",
"gw": "yoke",
"sense": "yoke",
"norm0": "šudul",
"pos": "N",
"epos": "N",
"base": "šudul₅",
"morph": "~"}
}
,
{
"node": "l",
"frag": "apin",
"id": "P254360.l1c1b9",
"ref": "P254360.3.3",
"inst": "apin[(seed) plow]N",
"sig": "@dcclt%sux:apin=apin[plow//(seed) plow]N'N$apin/apin#~",
"f": {"lang": "sux",
"form": "apin",
"cf": "apin",
"gw": "plow",
"sense": "(seed) plow",
"norm0": "apin",
"pos": "N",
"epos": "N",
"base": "apin",
"morph": "~"}
}
,
{
"node": "d",
"type": "line-start",
"ref": "P254360.4",
"n": "2",
"label": "o 2"}
,
{
"node": "l",
"frag": "{ŋeš}gag",
"id": "P254360.l1c1ba",
"ref": "P254360.4.1",
"inst": "gag[peg, nail]N",
"sig": "@dcclt%sux:{ŋeš}gag=gag[nail//nail]N'N$gag/{ŋeš}gag#~",
"f": {"lang": "sux",
"form": "{ŋeš}gag",
"cf": "gag",
"gw": "nail",
"sense": "nail",
"norm0": "gag",
"pos": "N",
"epos": "N",
"base": "{ŋeš}gag",
"morph": "~"}
}
,
{
"node": "l",
"frag": "šudul₅",
"id": "P254360.l1c1bb",
"ref": "P254360.4.2",
"inst": "šudul[yoke]N",
"sig": "@dcclt%sux:šudul₅=šudul[yoke//yoke]N'N$šudul/šudul₅#~",
"f": {"lang": "sux",
"form": "šudul₅",
"cf": "šudul",
"gw": "yoke",
"sense": "yoke",
"norm0": "šudul",
"pos": "N",
"epos": "N",
"base": "šudul₅",
"morph": "~"}
}
,
{
"node": "l",
"frag": "apin",
"id": "P254360.l1c1bc",
"ref": "P254360.4.3",
"inst": "apin[(seed) plow]N",
"sig": "@dcclt%sux:apin=apin[plow//(seed) plow]N'N$apin/apin#~",
"f": {"lang": "sux",
"form": "apin",
"cf": "apin",
"gw": "plow",
"sense": "(seed) plow",
"norm0": "apin",
"pos": "N",
"epos": "N",
"base": "apin",
"morph": "~"}
}
,
{
"node": "d",
"type": "line-start",
"ref": "P254360.5",
"n": "3",
"label": "o 3"}
,
{
"node": "l",
"frag": "{ŋeš}saŋ-kul",
"id": "P254360.l1c1bd",
"ref": "P254360.5.1",
"inst": "saŋkul[bolt]N",
"sig": "@dcclt%sux:{ŋeš}saŋ-kul=saŋkul[bolt//bolt]N'N$saŋkul/{ŋeš}saŋ-kul#~",
"f": {"lang": "sux",
"form": "{ŋeš}saŋ-kul",
"cf": "saŋkul",
"gw": "bolt",
"sense": "bolt",
"norm0": "saŋkul",
"pos": "N",
"epos": "N",
"base": "{ŋeš}saŋ-kul",
"morph": "~"}
}
,
{
"node": "l",
"frag": "apin",
"id": "P254360.l1c1be",
"ref": "P254360.5.2",
"inst": "apin[(seed) plow]N",
"sig": "@dcclt%sux:apin=apin[plow//(seed) plow]N'N$apin/apin#~",
"f": {"lang": "sux",
"form": "apin",
"cf": "apin",
"gw": "plow",
"sense": "(seed) plow",
"norm0": "apin",
"pos": "N",
"epos": "N",
"base": "apin",
"morph": "~"}
}
]}
]}
]}
]}
