{
"type": "cdl",
  "source": "http://oracc.org/dcclt",
  "license": "This data is released under the CC0 license",
  "license-url": "https://creativecommons.org/publicdomain/zero/1.0/",
  "more-info": "http://oracc.org/doc/opendata/",
  "UTC-timestamp": "2017-05-19T18:25:23",
"project": "dcclt",
"textid": "P260819",
"cdl": [
{
"node": "c",
"type": "text",
"id": "P260819.U0",
"cdl": [
{
"node": "d",
"type": "object",
"ref": ""}
,
{
"node": "d",
"subtype": "obverse",
"type": "surface",
"ref": "P260819.o.1",
"type": "obverse",
"label": "o"}
,
{
"node": "d",
"type": "nonx",
"ref": "P260819.2",
"strict": "0",
"state": "other"}
,
{
"node": "d",
"subtype": "reverse",
"type": "surface",
"ref": "P260819.r.3",
"type": "reverse",
"label": "r"}
,
{
"node": "d",
"subtype": "column 1ar",
"type": "column",
"ref": "P260819.r.i.4",
"n": "1a",
"label": "r i"}
,
{
"node": "c",
"type": "discourse",
"subtype": "body",
"id": "P260819.U1",
"cdl": [
{
"node": "c",
"type": "sentence",
"id": "P260819.U2",
"label": "r i 1 - r ii 30",
"cdl": [
{
"node": "d",
"type": "line-start",
"ref": "P260819.5",
"n": "1",
"label": "r i 1"}
,
{
"node": "d",
"type": "cell-start"}
,
{
"node": "d",
"type": "field-start",
"subtype": "wp"}
,
{
"node": "l",
"frag": "su",
"id": "P260819.l40568",
"ref": "P260819.5.1",
"inst": "su[flesh]",
"sig": "@dcclt%sux:su=su[flesh//flesh]N'N$su/su#~",
"f": {"lang": "sux",
"form": "su",
"cf": "su",
"gw": "flesh",
"sense": "flesh",
"norm0": "su",
"pos": "N",
"epos": "N",
"base": "su",
"morph": "~"}
}
,
{
"node": "d",
"type": "field-end",
"subtype": "wp"}
,
{
"node": "d",
"type": "cell-end"}
,
{
"node": "d",
"type": "cell-start"}
,
{
"node": "d",
"type": "field-start",
"subtype": "eq"}
,
{
"node": "l",
"frag": "ši-i-ri",
"id": "P260819.l40569",
"ref": "P260819.5.2",
"inst": "šīru[flesh]N$šīri",
"sig": "@dcclt%akk:ši-i-ri=šīru[flesh//flesh]N'N$šīri",
"f": {"lang": "akk",
"form": "ši-i-ri",
"cf": "šīru",
"gw": "flesh",
"sense": "flesh",
"norm": "šīri",
"pos": "N",
"epos": "N"}
}
,
{
"node": "d",
"type": "field-end",
"subtype": "eq"}
,
{
"node": "d",
"type": "cell-end"}
,
{
"node": "d",
"type": "line-start",
"ref": "P260819.6",
"n": "2",
"label": "r i 2"}
,
{
"node": "d",
"type": "cell-start"}
,
{
"node": "d",
"type": "field-start",
"subtype": "wp"}
,
{
"node": "l",
"frag": "uzu",
"id": "P260819.l4056a",
"ref": "P260819.6.1",
"inst": "uzu[flesh]",
"sig": "@dcclt%sux:uzu=uzu[flesh//flesh]N'N$uzu/uzu#~",
"f": {"lang": "sux",
"form": "uzu",
"cf": "uzu",
"gw": "flesh",
"sense": "flesh",
"norm0": "uzu",
"pos": "N",
"epos": "N",
"base": "uzu",
"morph": "~"}
}
,
{
"node": "d",
"type": "field-end",
"subtype": "wp"}
,
{
"node": "d",
"type": "cell-end"}
,
{
"node": "d",
"type": "cell-start"}
,
{
"node": "d",
"type": "field-start",
"subtype": "eq"}
,
{
"node": "d",
"type": "nonw",
"ref": "P260819.6.2",
"lang": "akk",
"type": "surro"}
,
{
"node": "l",
"id": "P260819.l4056b",
"ref": "P260819.6.3",
"inst": "šīri[flesh]N",
"sig": "@dcclt%akk:ši-i-ri=šīru[flesh//flesh]N'N$šīri",
"f": {"lang": "akk",
"form": "ši-i-ri",
"cf": "šīru",
"gw": "flesh",
"sense": "flesh",
"norm": "šīri",
"pos": "N",
"epos": "N"}
}
,
{
"node": "d",
"type": "field-end",
"subtype": "eq"}
,
{
"node": "d",
"type": "cell-end"}
,
{
"node": "d",
"type": "line-start",
"ref": "P260819.7",
"n": "3",
"label": "r i 3"}
,
{
"node": "d",
"type": "cell-start"}
,
{
"node": "d",
"type": "field-start",
"subtype": "wp"}
,
{
"node": "l",
"frag": "{uzu}a-za-ad",
"id": "P260819.l4056c",
"ref": "P260819.7.1",
"inst": "azad[head]N",
"sig": "@dcclt%sux:{uzu}a-za-ad=azad[head//head]N'N$azad/{uzu}a-za-ad#~",
"f": {"lang": "sux",
"form": "{uzu}a-za-ad",
"cf": "azad",
"gw": "head",
"sense": "head",
"norm0": "azad",
"pos": "N",
"epos": "N",
"base": "{uzu}a-za-ad",
"morph": "~"}
}
,
{
"node": "d",
"type": "field-end",
"subtype": "wp"}
,
{
"node": "d",
"type": "cell-end"}
,
{
"node": "d",
"type": "cell-start"}
,
{
"node": "d",
"type": "field-start",
"subtype": "eq"}
,
{
"node": "l",
"frag": "qaq-qa-du",
"id": "P260819.l4056d",
"ref": "P260819.7.2",
"inst": "qaqqadu[head]N",
"sig": "@dcclt%akk:qaq-qa-du=qaqqadu[head//head]N'N$qaqqadu",
"f": {"lang": "akk",
"form": "qaq-qa-du",
"cf": "qaqqadu",
"gw": "head",
"sense": "head",
"norm": "qaqqadu",
"pos": "N",
"epos": "N"}
}
,
{
"node": "d",
"type": "field-end",
"subtype": "eq"}
,
{
"node": "d",
"type": "cell-end"}
,
{
"node": "d",
"type": "line-start",
"ref": "P260819.8",
"n": "4",
"label": "r i 4"}
,
{
"node": "d",
"type": "cell-start"}
,
{
"node": "d",
"type": "field-start",
"subtype": "wp"}
,
{
"node": "l",
"frag": "{uzu}saŋ",
"id": "P260819.l4056e",
"ref": "P260819.8.1",
"inst": "saŋ[head]",
"sig": "@dcclt%sux:{uzu}saŋ=saŋ[head//head]N'N$saŋ/{uzu}saŋ#~",
"f": {"lang": "sux",
"form": "{uzu}saŋ",
"cf": "saŋ",
"gw": "head",
"sense": "head",
"norm0": "saŋ",
"pos": "N",
"epos": "N",
"base": "{uzu}saŋ",
"morph": "~"}
}
,
{
"node": "d",
"type": "field-end",
"subtype": "wp"}
,
{
"node": "d",
"type": "cell-end"}
,
{
"node": "d",
"type": "cell-start"}
,
{
"node": "d",
"type": "field-start",
"subtype": "eq"}
,
{
"node": "d",
"type": "nonw",
"ref": "P260819.8.2",
"lang": "akk",
"type": "surro"}
,
{
"node": "l",
"id": "P260819.l4056f",
"ref": "P260819.8.3",
"inst": "qaqqadu[head]N",
"sig": "@dcclt%akk:qaq-qa-du=qaqqadu[head//head]N'N$qaqqadu",
"f": {"lang": "akk",
"form": "qaq-qa-du",
"cf": "qaqqadu",
"gw": "head",
"sense": "head",
"norm": "qaqqadu",
"pos": "N",
"epos": "N"}
}
,
{
"node": "d",
"type": "field-end",
"subtype": "eq"}
,
{
"node": "d",
"type": "cell-end"}
,
{
"node": "d",
"type": "line-start",
"ref": "P260819.9",
"n": "5",
"label": "r i 5"}
,
{
"node": "d",
"type": "cell-start"}
,
{
"node": "d",
"type": "field-start",
"subtype": "wp"}
,
{
"node": "l",
"frag": "{uzu}saŋ-du",
"id": "P260819.l40570",
"ref": "P260819.9.1",
"inst": "saŋdu[head]",
"sig": "@dcclt%sux:{uzu}saŋ-du=saŋdu[head//head]N'N$saŋdu/{uzu}saŋ-du#~",
"f": {"lang": "sux",
"form": "{uzu}saŋ-du",
"cf": "saŋdu",
"gw": "head",
"sense": "head",
"norm0": "saŋdu",
"pos": "N",
"epos": "N",
"base": "{uzu}saŋ-du",
"morph": "~"}
}
,
{
"node": "d",
"type": "field-end",
"subtype": "wp"}
,
{
"node": "d",
"type": "cell-end"}
,
{
"node": "d",
"type": "cell-start"}
,
{
"node": "d",
"type": "field-start",
"subtype": "eq"}
,
{
"node": "d",
"type": "nonw",
"ref": "P260819.9.2",
"lang": "akk",
"type": "surro"}
,
{
"node": "l",
"id": "P260819.l40571",
"ref": "P260819.9.3",
"inst": "qaqqadu[head]N",
"sig": "@dcclt%akk:qaq-qa-du=qaqqadu[head//head]N'N$qaqqadu",
"f": {"lang": "akk",
"form": "qaq-qa-du",
"cf": "qaqqadu",
"gw": "head",
"sense": "head",
"norm": "qaqqadu",
"pos": "N",
"epos": "N"}
}
,
{
"node": "d",
"type": "field-end",
"subtype": "eq"}
,
{
"node": "d",
"type": "cell-end"}
,
{
"node": "d",
"type": "line-start",
"ref": "P260819.10",
"n": "6",
"label": "r i 6"}
,
{
"node": "d",
"type": "cell-start"}
,
{
"node": "d",
"type": "field-start",
"subtype": "wp"}
,
{
"node": "l",
"frag": "{uzu}saŋ-du",
"id": "P260819.l40572",
"ref": "P260819.10.1",
"inst": "saŋdu[head]",
"sig": "@dcclt%sux:{uzu}saŋ-du=saŋdu[head//head]N'N$saŋdu/{uzu}saŋ-du#~",
"f": {"lang": "sux",
"form": "{uzu}saŋ-du",
"cf": "saŋdu",
"gw": "head",
"sense": "head",
"norm0": "saŋdu",
"pos": "N",
"epos": "N",
"base": "{uzu}saŋ-du",
"morph": "~"}
}
,
{
"node": "l",
"frag": "gur₂₁",
"id": "P260819.l40573",
"ref": "P260819.10.2",
"inst": "guruš[trim]",
"sig": "@dcclt%sux:gur₂₁=guruš[cut//to cut, fell, trim, peel off]V/t'V/t$guruš/gur₂₁#~",
"f": {"lang": "sux",
"form": "gur₂₁",
"cf": "guruš",
"gw": "cut",
"sense": "to cut, fell, trim, peel off",
"norm0": "guruš",
"pos": "V/t",
"epos": "V/t",
"base": "gur₂₁",
"morph": "~"}
}
,
{
"node": "d",
"type": "field-end",
"subtype": "wp"}
,
{
"node": "d",
"type": "cell-end"}
,
{
"node": "d",
"type": "cell-start"}
,
{
"node": "d",
"type": "field-start",
"subtype": "eq"}
,
{
"node": "l",
"frag": "qiš-tum",
"id": "P260819.l40574",
"ref": "P260819.10.3",
"inst": "qištu[forest//hair]N$qištum",
"sig": "@dcclt%akk:qiš-tum=qištu[forest//hair]N'N$qištum",
"f": {"lang": "akk",
"form": "qiš-tum",
"cf": "qištu",
"gw": "forest",
"sense": "hair",
"norm": "qištum",
"pos": "N",
"epos": "N"}
}
,
{
"node": "d",
"type": "nonw",
"ref": "P260819.10.4",
"lang": "akk",
"type": "surro"}
,
{
"node": "l",
"id": "P260819.l40575",
"ref": "P260819.10.5",
"inst": "qaqqadu[head]N",
"sig": "@dcclt%akk:qaq-qa-du=qaqqadu[head//head]N'N$qaqqadu",
"f": {"lang": "akk",
"form": "qaq-qa-du",
"cf": "qaqqadu",
"gw": "head",
"sense": "head",
"norm": "qaqqadu",
"pos": "N",
"epos": "N"}
}
,
{
"node": "d",
"type": "field-end",
"subtype": "eq"}
,
{
"node": "d",
"type": "cell-end"}
,
{
"node": "d",
"type": "line-start",
"ref": "P260819.11",
"n": "7",
"label": "r i 7"}
,
{
"node": "d",
"type": "cell-start"}
,
{
"node": "d",
"type": "field-start",
"subtype": "wp"}
,
{
"node": "l",
"frag": "{uzu}bar",
"id": "P260819.l40576",
"ref": "P260819.11.1",
"inst": "bar[outside]",
"sig": "@dcclt%sux:{uzu}bar=bar[outside//outside]V/t'N$bar/{uzu}bar#~",
"f": {"lang": "sux",
"form": "{uzu}bar",
"cf": "bar",
"gw": "outside",
"sense": "outside",
"norm0": "bar",
"pos": "V/t",
"epos": "N",
"base": "{uzu}bar",
"morph": "~"}
}
,
{
"node": "l",
"frag": "saŋ",
"id": "P260819.l40577",
"ref": "P260819.11.2",
"inst": "saŋ[head]",
"sig": "@dcclt%sux:saŋ=saŋ[head//head]N'N$saŋ/saŋ#~",
"f": {"lang": "sux",
"form": "saŋ",
"cf": "saŋ",
"gw": "head",
"sense": "head",
"norm0": "saŋ",
"pos": "N",
"epos": "N",
"base": "saŋ",
"morph": "~"}
}
,
{
"node": "d",
"type": "field-end",
"subtype": "wp"}
,
{
"node": "d",
"type": "cell-end"}
,
{
"node": "d",
"type": "cell-start"}
,
{
"node": "d",
"type": "field-start",
"subtype": "eq"}
,
{
"node": "d",
"type": "nonw",
"ref": "P260819.11.3",
"lang": "akk",
"type": "surro"}
,
{
"node": "l",
"id": "P260819.l40578",
"ref": "P260819.11.4",
"inst": "qištum[hair]N",
"sig": "@dcclt%akk:qiš-tum=qištu[forest//hair]N'N$qištum",
"f": {"lang": "akk",
"form": "qiš-tum",
"cf": "qištu",
"gw": "forest",
"sense": "hair",
"norm": "qištum",
"pos": "N",
"epos": "N"}
}
,
{
"node": "d",
"type": "nonw",
"ref": "P260819.11.5",
"lang": "akk",
"type": "surro"}
,
{
"node": "l",
"id": "P260819.l40579",
"ref": "P260819.11.6",
"inst": "qaqqadu[head]N",
"sig": "@dcclt%akk:qaq-qa-du=qaqqadu[head//head]N'N$qaqqadu",
"f": {"lang": "akk",
"form": "qaq-qa-du",
"cf": "qaqqadu",
"gw": "head",
"sense": "head",
"norm": "qaqqadu",
"pos": "N",
"epos": "N"}
}
,
{
"node": "d",
"type": "field-end",
"subtype": "eq"}
,
{
"node": "d",
"type": "cell-end"}
,
{
"node": "d",
"type": "line-start",
"ref": "P260819.12",
"n": "8",
"label": "r i 8"}
,
{
"node": "d",
"type": "cell-start"}
,
{
"node": "d",
"type": "field-start",
"subtype": "wp"}
,
{
"node": "l",
"frag": "{uzu}u₄-šu₂-uš",
"id": "P260819.l4057a",
"ref": "P260819.12.1",
"inst": "udšuš[daily]AJ",
"sig": "@dcclt%sux:{uzu}u₄-šu₂-uš=udšuš[daily//daily]AJ'AJ$udšuš/{uzu}u₄-šu₂-uš#~",
"f": {"lang": "sux",
"form": "{uzu}u₄-šu₂-uš",
"cf": "udšuš",
"gw": "daily",
"sense": "daily",
"norm0": "udšuš",
"pos": "AJ",
"epos": "AJ",
"base": "{uzu}u₄-šu₂-uš",
"morph": "~"}
}
,
{
"node": "d",
"type": "field-end",
"subtype": "wp"}
,
{
"node": "d",
"type": "cell-end"}
,
{
"node": "d",
"type": "cell-start"}
,
{
"node": "d",
"type": "field-start",
"subtype": "eq"}
,
{
"node": "d",
"type": "nonw",
"ref": "P260819.12.2",
"lang": "akk",
"type": "surro"}
,
{
"node": "l",
"id": "P260819.l4057b",
"ref": "P260819.12.3",
"inst": "qištum[hair]N",
"sig": "@dcclt%akk:qiš-tum=qištu[forest//hair]N'N$qištum",
"f": {"lang": "akk",
"form": "qiš-tum",
"cf": "qištu",
"gw": "forest",
"sense": "hair",
"norm": "qištum",
"pos": "N",
"epos": "N"}
}
,
{
"node": "d",
"type": "nonw",
"ref": "P260819.12.4",
"lang": "akk",
"type": "surro"}
,
{
"node": "l",
"id": "P260819.l4057c",
"ref": "P260819.12.5",
"inst": "qaqqadu[head]N",
"sig": "@dcclt%akk:qaq-qa-du=qaqqadu[head//head]N'N$qaqqadu",
"f": {"lang": "akk",
"form": "qaq-qa-du",
"cf": "qaqqadu",
"gw": "head",
"sense": "head",
"norm": "qaqqadu",
"pos": "N",
"epos": "N"}
}
,
{
"node": "d",
"type": "field-end",
"subtype": "eq"}
,
{
"node": "d",
"type": "cell-end"}
,
{
"node": "d",
"type": "line-start",
"ref": "P260819.13",
"n": "9",
"label": "r i 9"}
,
{
"node": "d",
"type": "cell-start"}
,
{
"node": "d",
"type": "field-start",
"subtype": "wp"}
,
{
"node": "l",
"frag": "{uzu}a-za-ad",
"id": "P260819.l4057d",
"ref": "P260819.13.1",
"inst": "azad[head]N",
"sig": "@dcclt%sux:{uzu}a-za-ad=azad[head//head]N'N$azad/{uzu}a-za-ad#~",
"f": {"lang": "sux",
"form": "{uzu}a-za-ad",
"cf": "azad",
"gw": "head",
"sense": "head",
"norm0": "azad",
"pos": "N",
"epos": "N",
"base": "{uzu}a-za-ad",
"morph": "~"}
}
,
{
"node": "d",
"type": "field-end",
"subtype": "wp"}
,
{
"node": "d",
"type": "cell-end"}
,
{
"node": "d",
"type": "cell-start"}
,
{
"node": "d",
"type": "field-start",
"subtype": "eq"}
,
{
"node": "l",
"frag": "bi-bi-e-nu",
"id": "P260819.l4057e",
"ref": "P260819.13.2",
"inst": "bibēnu[temple]N$",
"sig": "@dcclt%akk:bi-bi-e-nu=bibēnu[temple//temple]N'N$bibēnu",
"f": {"lang": "akk",
"form": "bi-bi-e-nu",
"cf": "bibēnu",
"gw": "temple",
"sense": "temple",
"norm": "bibēnu",
"pos": "N",
"epos": "N"}
}
,
{
"node": "d",
"type": "field-end",
"subtype": "eq"}
,
{
"node": "d",
"type": "cell-end"}
,
{
"node": "d",
"type": "line-start",
"ref": "P260819.14",
"n": "10",
"label": "r i 10"}
,
{
"node": "d",
"type": "cell-start"}
,
{
"node": "d",
"type": "field-start",
"subtype": "wp"}
,
{
"node": "l",
"frag": "{uzu}saŋ",
"id": "P260819.l4057f",
"ref": "P260819.14.1",
"inst": "saŋ[head]",
"sig": "@dcclt%sux:{uzu}saŋ=saŋ[head//head]N'N$saŋ/{uzu}saŋ#~",
"f": {"lang": "sux",
"form": "{uzu}saŋ",
"cf": "saŋ",
"gw": "head",
"sense": "head",
"norm0": "saŋ",
"pos": "N",
"epos": "N",
"base": "{uzu}saŋ",
"morph": "~"}
}
,
{
"node": "d",
"type": "field-end",
"subtype": "wp"}
,
{
"node": "d",
"type": "cell-end"}
,
{
"node": "d",
"type": "cell-start"}
,
{
"node": "d",
"type": "field-start",
"subtype": "eq"}
,
{
"node": "d",
"type": "nonw",
"ref": "P260819.14.2",
"lang": "akk",
"type": "surro"}
,
{
"node": "l",
"id": "P260819.l40580",
"ref": "P260819.14.3",
"inst": "bibēnu[temple]N",
"sig": "@dcclt%akk:bi-bi-e-nu=bibēnu[temple//temple]N'N$bibēnu",
"f": {"lang": "akk",
"form": "bi-bi-e-nu",
"cf": "bibēnu",
"gw": "temple",
"sense": "temple",
"norm": "bibēnu",
"pos": "N",
"epos": "N"}
}
,
{
"node": "d",
"type": "field-end",
"subtype": "eq"}
,
{
"node": "d",
"type": "cell-end"}
,
{
"node": "d",
"type": "line-start",
"ref": "P260819.15",
"n": "11",
"label": "r i 11"}
,
{
"node": "d",
"type": "cell-start"}
,
{
"node": "d",
"type": "field-start",
"subtype": "wp"}
,
{
"node": "l",
"frag": "{uzu}saŋ-ki",
"id": "P260819.l40581",
"ref": "P260819.15.1",
"inst": "saŋki[forehead]",
"sig": "@dcclt%sux:{uzu}saŋ-ki=saŋki[forehead//forehead, brow]N'N$saŋki/{uzu}saŋ-ki#~",
"f": {"lang": "sux",
"form": "{uzu}saŋ-ki",
"cf": "saŋki",
"gw": "forehead",
"sense": "forehead, brow",
"norm0": "saŋki",
"pos": "N",
"epos": "N",
"base": "{uzu}saŋ-ki",
"morph": "~"}
}
,
{
"node": "d",
"type": "field-end",
"subtype": "wp"}
,
{
"node": "d",
"type": "cell-end"}
,
{
"node": "d",
"type": "cell-start"}
,
{
"node": "d",
"type": "field-start",
"subtype": "eq"}
,
{
"node": "l",
"frag": "pu-⸢u₂⸣-tum",
"id": "P260819.l40582",
"ref": "P260819.15.2",
"inst": "pūtu[forehead]N$pūtum",
"sig": "@dcclt%akk:pu-u₂-tum=pūtu[forehead//forehead]N'N$pūtum",
"f": {"lang": "akk",
"form": "pu-u₂-tum",
"cf": "pūtu",
"gw": "forehead",
"sense": "forehead",
"norm": "pūtum",
"pos": "N",
"epos": "N"}
}
,
{
"node": "d",
"type": "field-end",
"subtype": "eq"}
,
{
"node": "d",
"type": "cell-end"}
,
{
"node": "d",
"type": "line-start",
"ref": "P260819.16",
"n": "12",
"label": "r i 12"}
,
{
"node": "d",
"type": "cell-start"}
,
{
"node": "d",
"type": "field-start",
"subtype": "wp"}
,
{
"node": "l",
"frag": "{uzu}saŋ-ki",
"id": "P260819.l40583",
"ref": "P260819.16.1",
"inst": "saŋki[forehead]",
"sig": "@dcclt%sux:{uzu}saŋ-ki=saŋki[forehead//forehead, brow]N'N$saŋki/{uzu}saŋ-ki#~",
"f": {"lang": "sux",
"form": "{uzu}saŋ-ki",
"cf": "saŋki",
"gw": "forehead",
"sense": "forehead, brow",
"norm0": "saŋki",
"pos": "N",
"epos": "N",
"base": "{uzu}saŋ-ki",
"morph": "~"}
}
,
{
"node": "d",
"type": "field-end",
"subtype": "wp"}
,
{
"node": "d",
"type": "cell-end"}
,
{
"node": "d",
"type": "cell-start"}
,
{
"node": "d",
"type": "field-start",
"subtype": "eq"}
,
{
"node": "l",
"frag": "nak-[kap]-tum",
"id": "P260819.l40584",
"ref": "P260819.16.2",
"inst": "nakkaptu[brow]N$nakkaptum",
"sig": "@dcclt%akk:nak-kap-tum=nakkaptu[brow//brow]N'N$nakkaptum",
"f": {"lang": "akk",
"form": "nak-kap-tum",
"cf": "nakkaptu",
"gw": "brow",
"sense": "brow",
"norm": "nakkaptum",
"pos": "N",
"epos": "N"}
}
,
{
"node": "d",
"type": "field-end",
"subtype": "eq"}
,
{
"node": "d",
"type": "cell-end"}
,
{
"node": "d",
"type": "line-start",
"ref": "P260819.17",
"n": "13",
"label": "r i 13"}
,
{
"node": "d",
"type": "cell-start"}
,
{
"node": "d",
"type": "field-start",
"subtype": "wp"}
,
{
"node": "l",
"frag": "{uzu}me-ze₂",
"id": "P260819.l40585",
"ref": "P260819.17.1",
"inst": "meze[jaw]",
"sig": "@dcclt%sux:{uzu}me-ze₂=meze[jaw//jaw, cheekbone]N'N$meze/{uzu}me-ze₂#~",
"f": {"lang": "sux",
"form": "{uzu}me-ze₂",
"cf": "meze",
"gw": "jaw",
"sense": "jaw, cheekbone",
"norm0": "meze",
"pos": "N",
"epos": "N",
"base": "{uzu}me-ze₂",
"morph": "~"}
}
,
{
"node": "d",
"type": "field-end",
"subtype": "wp"}
,
{
"node": "d",
"type": "cell-end"}
,
{
"node": "d",
"type": "cell-start"}
,
{
"node": "d",
"type": "field-start",
"subtype": "eq"}
,
{
"node": "l",
"frag": "i-si",
"id": "P260819.l40586",
"ref": "P260819.17.2",
"inst": "isu[jaw]N$isi",
"sig": "@dcclt%akk:i-si=isu[jaw//jaw]N'N$isi",
"f": {"lang": "akk",
"form": "i-si",
"cf": "isu",
"gw": "jaw",
"sense": "jaw",
"norm": "isi",
"pos": "N",
"epos": "N"}
}
,
{
"node": "d",
"type": "field-end",
"subtype": "eq"}
,
{
"node": "d",
"type": "cell-end"}
,
{
"node": "d",
"type": "line-start",
"ref": "P260819.18",
"n": "14",
"label": "r i 14"}
,
{
"node": "d",
"type": "cell-start"}
,
{
"node": "d",
"type": "field-start",
"subtype": "wp"}
,
{
"node": "l",
"frag": "{uzu}me-ze₂",
"id": "P260819.l40587",
"ref": "P260819.18.1",
"inst": "meze[jaw]",
"sig": "@dcclt%sux:{uzu}me-ze₂=meze[jaw//jaw, cheekbone]N'N$meze/{uzu}me-ze₂#~",
"f": {"lang": "sux",
"form": "{uzu}me-ze₂",
"cf": "meze",
"gw": "jaw",
"sense": "jaw, cheekbone",
"norm0": "meze",
"pos": "N",
"epos": "N",
"base": "{uzu}me-ze₂",
"morph": "~"}
}
,
{
"node": "l",
"frag": "gid₂-da",
"id": "P260819.l40588",
"ref": "P260819.18.2",
"inst": "gid[long]",
"sig": "@dcclt%sux:gid₂-da=gid[long//(to be) long]V/i'V/i$gid;a/gid₂+-da=d.a#~;a",
"f": {"lang": "sux",
"form": "gid₂-da",
"cf": "gid",
"gw": "long",
"sense": "(to be) long",
"norm0": "gid;a",
"pos": "V/i",
"epos": "V/i",
"base": "gid₂",
"cont": "-da=d.a",
"morph": "~;a"}
}
,
{
"node": "d",
"type": "field-end",
"subtype": "wp"}
,
{
"node": "d",
"type": "cell-end"}
,
{
"node": "d",
"type": "cell-start"}
,
{
"node": "d",
"type": "field-start",
"subtype": "eq"}
,
{
"node": "l",
"frag": "la-⸢hu⸣-u₂",
"id": "P260819.l40589",
"ref": "P260819.18.3",
"inst": "lahû[jaw(s)]N$",
"sig": "@dcclt%akk:la-hu-u₂=lahû[jaw(s)//jaw(s)]N'N$lahû",
"f": {"lang": "akk",
"form": "la-hu-u₂",
"cf": "lahû",
"gw": "jaw(s)",
"sense": "jaw(s)",
"norm": "lahû",
"pos": "N",
"epos": "N"}
}
,
{
"node": "d",
"type": "field-end",
"subtype": "eq"}
,
{
"node": "d",
"type": "cell-end"}
,
{
"node": "d",
"type": "line-start",
"ref": "P260819.19",
"n": "15",
"label": "r i 15"}
,
{
"node": "d",
"type": "cell-start"}
,
{
"node": "d",
"type": "field-start",
"subtype": "wp"}
,
{
"node": "l",
"frag": "{uzu}me-ze₂",
"id": "P260819.l4058a",
"ref": "P260819.19.1",
"inst": "meze[jaw]",
"sig": "@dcclt%sux:{uzu}me-ze₂=meze[jaw//jaw, cheekbone]N'N$meze/{uzu}me-ze₂#~",
"f": {"lang": "sux",
"form": "{uzu}me-ze₂",
"cf": "meze",
"gw": "jaw",
"sense": "jaw, cheekbone",
"norm0": "meze",
"pos": "N",
"epos": "N",
"base": "{uzu}me-ze₂",
"morph": "~"}
}
,
{
"node": "l",
"frag": "gu-da",
"id": "P260819.l4058b",
"ref": "P260819.19.2",
"inst": "kud[cut]",
"sig": "@dcclt%sux:gu-da=kud[cut//cut]V/t'V/t$kud;a/gu-d·a#~;a",
"f": {"lang": "sux",
"form": "gu-da",
"cf": "kud",
"gw": "cut",
"sense": "cut",
"norm0": "kud;a",
"pos": "V/t",
"epos": "V/t",
"base": "gu-d·a",
"morph": "~;a"}
}
,
{
"node": "d",
"type": "field-end",
"subtype": "wp"}
,
{
"node": "d",
"type": "cell-end"}
,
{
"node": "d",
"type": "cell-start"}
,
{
"node": "d",
"type": "field-start",
"subtype": "eq"}
,
{
"node": "l",
"frag": "la-aš₂-hu",
"id": "P260819.l4058c",
"ref": "P260819.19.3",
"inst": "lašhu[gums]N$",
"sig": "@dcclt%akk:la-aš₂-hu=lašhu[gums//gums]N'N$lašhu",
"f": {"lang": "akk",
"form": "la-aš₂-hu",
"cf": "lašhu",
"gw": "gums",
"sense": "gums",
"norm": "lašhu",
"pos": "N",
"epos": "N"}
}
,
{
"node": "d",
"type": "field-end",
"subtype": "eq"}
,
{
"node": "d",
"type": "cell-end"}
,
{
"node": "d",
"type": "line-start",
"ref": "P260819.20",
"n": "16",
"label": "r i 16"}
,
{
"node": "d",
"type": "cell-start"}
,
{
"node": "d",
"type": "field-start",
"subtype": "wp"}
,
{
"node": "l",
"frag": "{uzu}ze₂",
"id": "P260819.l4058d",
"ref": "P260819.20.1",
"inst": "ze[gall bladder]",
"sig": "@dcclt%sux:{uzu}ze₂=ze[gall bladder//gall bladder]N'N$ze/{uzu}ze₂#~",
"f": {"lang": "sux",
"form": "{uzu}ze₂",
"cf": "ze",
"gw": "gall bladder",
"sense": "gall bladder",
"norm0": "ze",
"pos": "N",
"epos": "N",
"base": "{uzu}ze₂",
"morph": "~"}
}
,
{
"node": "d",
"type": "field-end",
"subtype": "wp"}
,
{
"node": "d",
"type": "cell-end"}
,
{
"node": "d",
"type": "cell-start"}
,
{
"node": "d",
"type": "field-start",
"subtype": "eq"}
,
{
"node": "l",
"frag": "mar-tum",
"id": "P260819.l4058e",
"ref": "P260819.20.2",
"inst": "martu[gall bladder]N$martum",
"sig": "@dcclt%akk:mar-tum=martu[gall bladder//gall bladder]N'N$martum",
"f": {"lang": "akk",
"form": "mar-tum",
"cf": "martu",
"gw": "gall bladder",
"sense": "gall bladder",
"norm": "martum",
"pos": "N",
"epos": "N"}
}
,
{
"node": "d",
"type": "field-end",
"subtype": "eq"}
,
{
"node": "d",
"type": "cell-end"}
,
{
"node": "d",
"type": "line-start",
"ref": "P260819.21",
"n": "17",
"label": "r i 17"}
,
{
"node": "d",
"type": "cell-start"}
,
{
"node": "d",
"type": "field-start",
"subtype": "wp"}
,
{
"node": "l",
"frag": "{uzu}gar₃",
"id": "P260819.l4058f",
"ref": "P260819.21.1",
"inst": "gar[hairstyle]",
"sig": "@dcclt%sux:{uzu}gar₃=gar[hairstyle//a hairstyle]N'N$gar/{uzu}gar₃#~",
"f": {"lang": "sux",
"form": "{uzu}gar₃",
"cf": "gar",
"gw": "hairstyle",
"sense": "a hairstyle",
"norm0": "gar",
"pos": "N",
"epos": "N",
"base": "{uzu}gar₃",
"morph": "~"}
}
,
{
"node": "d",
"type": "field-end",
"subtype": "wp"}
,
{
"node": "d",
"type": "cell-end"}
,
{
"node": "d",
"type": "cell-start"}
,
{
"node": "d",
"type": "field-start",
"subtype": "eq"}
,
{
"node": "l",
"frag": "ab-bu-⸢ut⸣-[tum]",
"id": "P260819.l40590",
"ref": "P260819.21.2",
"inst": "abbuttu[(a hair style)]N$abbuttum",
"sig": "@dcclt%akk:ab-bu-ut-tum=abbuttu[(a hair style)//(a hair style)]N'N$abbuttum",
"f": {"lang": "akk",
"form": "ab-bu-ut-tum",
"cf": "abbuttu",
"gw": "(a hair style)",
"sense": "(a hair style)",
"norm": "abbuttum",
"pos": "N",
"epos": "N"}
}
,
{
"node": "d",
"type": "field-end",
"subtype": "eq"}
,
{
"node": "d",
"type": "cell-end"}
,
{
"node": "d",
"type": "line-start",
"ref": "P260819.22",
"n": "18",
"label": "r i 18"}
,
{
"node": "d",
"type": "cell-start"}
,
{
"node": "d",
"type": "field-start",
"subtype": "wp"}
,
{
"node": "l",
"frag": "{uzu}gu₂-bar",
"id": "P260819.l40591",
"ref": "P260819.22.1",
"inst": "gubar[nape]",
"sig": "@dcclt%sux:{uzu}gu₂-bar=gubar[nape//nape of the neck]N'N$gubar/{uzu}gu₂-bar#~",
"f": {"lang": "sux",
"form": "{uzu}gu₂-bar",
"cf": "gubar",
"gw": "nape",
"sense": "nape of the neck",
"norm0": "gubar",
"pos": "N",
"epos": "N",
"base": "{uzu}gu₂-bar",
"morph": "~"}
}
,
{
"node": "d",
"type": "field-end",
"subtype": "wp"}
,
{
"node": "d",
"type": "cell-end"}
,
{
"node": "d",
"type": "cell-start"}
,
{
"node": "d",
"type": "field-start",
"subtype": "eq"}
,
{
"node": "l",
"frag": "gu-[pa-ru]",
"id": "P260819.l40592",
"ref": "P260819.22.2",
"inst": "gupāru[neck]N$",
"sig": "@dcclt%akk:gu-pa-ru=gupāru[neck//neck]N'N$gupāru",
"f": {"lang": "akk",
"form": "gu-pa-ru",
"cf": "gupāru",
"gw": "neck",
"sense": "neck",
"norm": "gupāru",
"pos": "N",
"epos": "N"}
}
,
{
"node": "d",
"type": "field-end",
"subtype": "eq"}
,
{
"node": "d",
"type": "cell-end"}
,
{
"node": "d",
"type": "line-start",
"ref": "P260819.23",
"n": "19",
"label": "r i 19"}
,
{
"node": "d",
"type": "cell-start"}
,
{
"node": "d",
"type": "field-start",
"subtype": "wp"}
,
{
"node": "l",
"frag": "{uzu}tun₃-bar",
"id": "P260819.l40593",
"ref": "P260819.23.1",
"inst": "tunbar[moustache]",
"sig": "@dcclt%sux:{uzu}tun₃-bar=tunbar[moustache//moustache]N'N$tunbar/{uzu}tun₃-bar#~",
"f": {"lang": "sux",
"form": "{uzu}tun₃-bar",
"cf": "tunbar",
"gw": "moustache",
"sense": "moustache",
"norm0": "tunbar",
"pos": "N",
"epos": "N",
"base": "{uzu}tun₃-bar",
"morph": "~"}
}
,
{
"node": "d",
"type": "field-end",
"subtype": "wp"}
,
{
"node": "d",
"type": "cell-end"}
,
{
"node": "d",
"type": "cell-start"}
,
{
"node": "d",
"type": "field-start",
"subtype": "eq"}
,
{
"node": "l",
"frag": "sap-⸢sap⸣-[pu]",
"id": "P260819.l40594",
"ref": "P260819.23.2",
"inst": "sapsapu[moustache]N$sapsappu",
"sig": "@dcclt%akk:sap-sap-pu=sapsapu[moustache//moustache]N'N$sapsappu",
"f": {"lang": "akk",
"form": "sap-sap-pu",
"cf": "sapsapu",
"gw": "moustache",
"sense": "moustache",
"norm": "sapsappu",
"pos": "N",
"epos": "N"}
}
,
{
"node": "d",
"type": "field-end",
"subtype": "eq"}
,
{
"node": "d",
"type": "cell-end"}
,
{
"node": "d",
"type": "line-start",
"ref": "P260819.24",
"n": "20",
"label": "r i 20"}
,
{
"node": "d",
"type": "cell-start"}
,
{
"node": "d",
"type": "field-start",
"subtype": "wp"}
,
{
"node": "l",
"frag": "{uzu}kiri₃",
"id": "P260819.l40595",
"ref": "P260819.24.1",
"inst": "kiri[nose]",
"sig": "@dcclt%sux:{uzu}kiri₃=kiri[nose//nose]N'N$kiri/{uzu}kiri₃#~",
"f": {"lang": "sux",
"form": "{uzu}kiri₃",
"cf": "kiri",
"gw": "nose",
"sense": "nose",
"norm0": "kiri",
"pos": "N",
"epos": "N",
"base": "{uzu}kiri₃",
"morph": "~"}
}
,
{
"node": "d",
"type": "field-end",
"subtype": "wp"}
,
{
"node": "d",
"type": "cell-end"}
,
{
"node": "d",
"type": "cell-start"}
,
{
"node": "d",
"type": "field-start",
"subtype": "eq"}
,
{
"node": "l",
"frag": "ap-pu",
"id": "P260819.l40596",
"ref": "P260819.24.2",
"inst": "appu[nose]N",
"sig": "@dcclt%akk:ap-pu=appu[nose//nose]N'N$appu",
"f": {"lang": "akk",
"form": "ap-pu",
"cf": "appu",
"gw": "nose",
"sense": "nose",
"norm": "appu",
"pos": "N",
"epos": "N"}
}
,
{
"node": "d",
"type": "field-end",
"subtype": "eq"}
,
{
"node": "d",
"type": "cell-end"}
,
{
"node": "d",
"type": "line-start",
"ref": "P260819.25",
"n": "21",
"label": "r i 21"}
,
{
"node": "d",
"type": "cell-start"}
,
{
"node": "d",
"type": "field-start",
"subtype": "wp"}
,
{
"node": "l",
"frag": "{uzu}zu₂",
"id": "P260819.l40597",
"ref": "P260819.25.1",
"inst": "zu[tooth]",
"sig": "@dcclt%sux:{uzu}zu₂=zu[tooth//tooth]N'N$zu/{uzu}zu₂#~",
"f": {"lang": "sux",
"form": "{uzu}zu₂",
"cf": "zu",
"gw": "tooth",
"sense": "tooth",
"norm0": "zu",
"pos": "N",
"epos": "N",
"base": "{uzu}zu₂",
"morph": "~"}
}
,
{
"node": "d",
"type": "field-end",
"subtype": "wp"}
,
{
"node": "d",
"type": "cell-end"}
,
{
"node": "d",
"type": "cell-start"}
,
{
"node": "d",
"type": "field-start",
"subtype": "eq"}
,
{
"node": "l",
"frag": "šin-nu",
"id": "P260819.l40598",
"ref": "P260819.25.2",
"inst": "šinnu[tooth]N",
"sig": "@dcclt%akk:šin-nu=šinnu[tooth//tooth]N'N$šinnu",
"f": {"lang": "akk",
"form": "šin-nu",
"cf": "šinnu",
"gw": "tooth",
"sense": "tooth",
"norm": "šinnu",
"pos": "N",
"epos": "N"}
}
,
{
"node": "d",
"type": "field-end",
"subtype": "eq"}
,
{
"node": "d",
"type": "cell-end"}
,
{
"node": "d",
"type": "line-start",
"ref": "P260819.26",
"n": "22",
"label": "r i 22"}
,
{
"node": "d",
"type": "cell-start"}
,
{
"node": "d",
"type": "field-start",
"subtype": "wp"}
,
{
"node": "l",
"frag": "{uzu}ka",
"id": "P260819.l40599",
"ref": "P260819.26.1",
"inst": "kag[mouth]",
"sig": "@dcclt%sux:{uzu}ka=kag[mouth//mouth]N'N$kag/{uzu}ka#~",
"f": {"lang": "sux",
"form": "{uzu}ka",
"cf": "kag",
"gw": "mouth",
"sense": "mouth",
"norm0": "kag",
"pos": "N",
"epos": "N",
"base": "{uzu}ka",
"morph": "~"}
}
,
{
"node": "d",
"type": "field-end",
"subtype": "wp"}
,
{
"node": "d",
"type": "cell-end"}
,
{
"node": "d",
"type": "cell-start"}
,
{
"node": "d",
"type": "field-start",
"subtype": "eq"}
,
{
"node": "l",
"frag": "pu-u₂",
"id": "P260819.l4059a",
"ref": "P260819.26.2",
"inst": "pû[mouth]N",
"sig": "@dcclt%akk:pu-u₂=pû[mouth//mouth]N'N$pû",
"f": {"lang": "akk",
"form": "pu-u₂",
"cf": "pû",
"gw": "mouth",
"sense": "mouth",
"norm": "pû",
"pos": "N",
"epos": "N"}
}
,
{
"node": "d",
"type": "field-end",
"subtype": "eq"}
,
{
"node": "d",
"type": "cell-end"}
,
{
"node": "d",
"type": "line-start",
"ref": "P260819.27",
"n": "23",
"label": "r i 23"}
,
{
"node": "d",
"type": "cell-start"}
,
{
"node": "d",
"type": "field-start",
"subtype": "wp"}
,
{
"node": "l",
"frag": "{uzu}unu₂",
"id": "P260819.l4059b",
"ref": "P260819.27.1",
"inst": "unu[cheek]",
"sig": "@dcclt%sux:{uzu}unu₂=unu[cheek//upper cheek]N'N$unu/{uzu}unu₂#~",
"f": {"lang": "sux",
"form": "{uzu}unu₂",
"cf": "unu",
"gw": "cheek",
"sense": "upper cheek",
"norm0": "unu",
"pos": "N",
"epos": "N",
"base": "{uzu}unu₂",
"morph": "~"}
}
,
{
"node": "d",
"type": "field-end",
"subtype": "wp"}
,
{
"node": "d",
"type": "cell-end"}
,
{
"node": "d",
"type": "cell-start"}
,
{
"node": "d",
"type": "field-start",
"subtype": "eq"}
,
{
"node": "d",
"type": "nonw",
"ref": "P260819.27.2",
"lang": "akk",
"type": "surro"}
,
{
"node": "l",
"id": "P260819.l4059c",
"ref": "P260819.27.3",
"inst": "pû[mouth]N",
"sig": "@dcclt%akk:pu-u₂=pû[mouth//mouth]N'N$pû",
"f": {"lang": "akk",
"form": "pu-u₂",
"cf": "pû",
"gw": "mouth",
"sense": "mouth",
"norm": "pû",
"pos": "N",
"epos": "N"}
}
,
{
"node": "d",
"type": "field-end",
"subtype": "eq"}
,
{
"node": "d",
"type": "cell-end"}
,
{
"node": "d",
"type": "line-start",
"ref": "P260819.28",
"n": "24",
"label": "r i 24"}
,
{
"node": "d",
"type": "cell-start"}
,
{
"node": "d",
"type": "field-start",
"subtype": "wp"}
,
{
"node": "l",
"frag": "{uzu}murub₂",
"id": "P260819.l4059d",
"ref": "P260819.28.1",
"inst": "murub[middle//mouth]",
"sig": "@dcclt%sux:{uzu}murub₂=murub[middle//mouth]N'N$murub/{uzu}murub₂#~",
"f": {"lang": "sux",
"form": "{uzu}murub₂",
"cf": "murub",
"gw": "middle",
"sense": "mouth",
"norm0": "murub",
"pos": "N",
"epos": "N",
"base": "{uzu}murub₂",
"morph": "~"}
}
,
{
"node": "d",
"type": "field-end",
"subtype": "wp"}
,
{
"node": "d",
"type": "cell-end"}
,
{
"node": "d",
"type": "cell-start"}
,
{
"node": "d",
"type": "field-start",
"subtype": "eq"}
,
{
"node": "d",
"type": "nonw",
"ref": "P260819.28.2",
"lang": "akk",
"type": "surro"}
,
{
"node": "l",
"id": "P260819.l4059e",
"ref": "P260819.28.3",
"inst": "pû[mouth]N",
"sig": "@dcclt%akk:pu-u₂=pû[mouth//mouth]N'N$pû",
"f": {"lang": "akk",
"form": "pu-u₂",
"cf": "pû",
"gw": "mouth",
"sense": "mouth",
"norm": "pû",
"pos": "N",
"epos": "N"}
}
,
{
"node": "d",
"type": "nonw",
"ref": ""}
,
{
"node": "d",
"type": "field-end",
"subtype": "eq"}
,
{
"node": "d",
"type": "cell-end"}
,
{
"node": "d",
"type": "line-start",
"ref": "P260819.29",
"n": "25",
"label": "r i 25"}
,
{
"node": "d",
"type": "cell-start"}
,
{
"node": "d",
"type": "field-start",
"subtype": "wp"}
,
{
"node": "l",
"frag": "{uzu}murub₂",
"id": "P260819.l4059f",
"ref": "P260819.29.1",
"inst": "murub[buttocks]",
"sig": "@dcclt%sux:{uzu}murub₂=murub[middle//buttocks]N'N$murub/{uzu}murub₂#~",
"f": {"lang": "sux",
"form": "{uzu}murub₂",
"cf": "murub",
"gw": "middle",
"sense": "buttocks",
"norm0": "murub",
"pos": "N",
"epos": "N",
"base": "{uzu}murub₂",
"morph": "~"}
}
,
{
"node": "d",
"type": "field-end",
"subtype": "wp"}
,
{
"node": "d",
"type": "cell-end"}
,
{
"node": "d",
"type": "cell-start"}
,
{
"node": "d",
"type": "field-start",
"subtype": "eq"}
,
{
"node": "l",
"frag": "šu-uh-hu",
"id": "P260819.l405a0",
"ref": "P260819.29.2",
"inst": "šuhhu[buttock]N",
"sig": "@dcclt%akk:šu-uh-hu=šuhhu[buttock//buttock]N'N$šuhhu",
"f": {"lang": "akk",
"form": "šu-uh-hu",
"cf": "šuhhu",
"gw": "buttock",
"sense": "buttock",
"norm": "šuhhu",
"pos": "N",
"epos": "N"}
}
,
{
"node": "d",
"type": "field-end",
"subtype": "eq"}
,
{
"node": "d",
"type": "cell-end"}
,
{
"node": "d",
"type": "line-start",
"ref": "P260819.30",
"n": "26",
"label": "r i 26"}
,
{
"node": "d",
"type": "cell-start"}
,
{
"node": "d",
"type": "field-start",
"subtype": "wp"}
,
{
"node": "l",
"frag": "{uzu}murub₂",
"id": "P260819.l405a1",
"ref": "P260819.30.1",
"inst": "murub[buttocks]",
"sig": "@dcclt%sux:{uzu}murub₂=murub[middle//buttocks]N'N$murub/{uzu}murub₂#~",
"f": {"lang": "sux",
"form": "{uzu}murub₂",
"cf": "murub",
"gw": "middle",
"sense": "buttocks",
"norm0": "murub",
"pos": "N",
"epos": "N",
"base": "{uzu}murub₂",
"morph": "~"}
}
,
{
"node": "d",
"type": "field-end",
"subtype": "wp"}
,
{
"node": "d",
"type": "cell-end"}
,
{
"node": "d",
"type": "cell-start"}
,
{
"node": "d",
"type": "field-start",
"subtype": "eq"}
,
{
"node": "l",
"frag": "qin-na-tum",
"id": "P260819.l405a2",
"ref": "P260819.30.2",
"inst": "qinnatu[buttocks]N$qinnatum",
"sig": "@dcclt%akk:qin-na-tum=qinnatu[buttocks//buttocks]N'N$qinnatum",
"f": {"lang": "akk",
"form": "qin-na-tum",
"cf": "qinnatu",
"gw": "buttocks",
"sense": "buttocks",
"norm": "qinnatum",
"pos": "N",
"epos": "N"}
}
,
{
"node": "d",
"type": "field-end",
"subtype": "eq"}
,
{
"node": "d",
"type": "cell-end"}
,
{
"node": "d",
"type": "line-start",
"ref": "P260819.31",
"n": "27",
"label": "r i 27"}
,
{
"node": "d",
"type": "cell-start"}
,
{
"node": "d",
"type": "field-start",
"subtype": "wp"}
,
{
"node": "l",
"frag": "{[uzu}murub₂]",
"id": "P260819.l405a3",
"ref": "P260819.31.1",
"inst": "murub[chest]",
"sig": "@dcclt%sux:{uzu}murub₂=murub[middle//chest]N'N$murub/{uzu}murub₂#~",
"f": {"lang": "sux",
"form": "{uzu}murub₂",
"cf": "murub",
"gw": "middle",
"sense": "chest",
"norm0": "murub",
"pos": "N",
"epos": "N",
"base": "{uzu}murub₂",
"morph": "~"}
}
,
{
"node": "d",
"type": "field-end",
"subtype": "wp"}
,
{
"node": "d",
"type": "cell-end"}
,
{
"node": "d",
"type": "cell-start"}
,
{
"node": "d",
"type": "field-start",
"subtype": "eq"}
,
{
"node": "l",
"frag": "bir-ti",
"id": "P260819.l405a4",
"ref": "P260819.31.2",
"inst": "birti[between]PRP$",
"sig": "@dcclt%akk:bir-ti=birti[between//between]PRP'PRP$birti",
"f": {"lang": "akk",
"form": "bir-ti",
"cf": "birti",
"gw": "between",
"sense": "between",
"norm": "birti",
"pos": "PRP",
"epos": "PRP"}
}
,
{
"node": "l",
"frag": "a-hi",
"id": "P260819.l405a5",
"ref": "P260819.31.3",
"inst": "ahi[side]N",
"sig": "@dcclt%akk:a-hi=ahu[arm//side]N'N$ahi",
"f": {"lang": "akk",
"form": "a-hi",
"cf": "ahu",
"gw": "arm",
"sense": "side",
"norm": "ahi",
"pos": "N",
"epos": "N"}
}
,
{
"node": "d",
"type": "field-end",
"subtype": "eq"}
,
{
"node": "d",
"type": "cell-end"}
,
{
"node": "d",
"type": "line-start",
"ref": "P260819.32",
"n": "28",
"label": "r i 28"}
,
{
"node": "d",
"type": "cell-start"}
,
{
"node": "d",
"type": "field-start",
"subtype": "wp"}
,
{
"node": "l",
"frag": "{[uzu}murub₂]",
"id": "P260819.l405a6",
"ref": "P260819.32.1",
"inst": "murub[vulva]",
"sig": "@dcclt%sux:{uzu}murub₂=murub[middle//female genitals, vulva]N'N$murub/{uzu}murub₂#~",
"f": {"lang": "sux",
"form": "{uzu}murub₂",
"cf": "murub",
"gw": "middle",
"sense": "female genitals, vulva",
"norm0": "murub",
"pos": "N",
"epos": "N",
"base": "{uzu}murub₂",
"morph": "~"}
}
,
{
"node": "d",
"type": "field-end",
"subtype": "wp"}
,
{
"node": "d",
"type": "cell-end"}
,
{
"node": "d",
"type": "cell-start"}
,
{
"node": "d",
"type": "field-start",
"subtype": "eq"}
,
{
"node": "l",
"frag": "u₂-ru-u₂",
"id": "P260819.l405a7",
"ref": "P260819.32.2",
"inst": "ūru[(nakedness i.e.) pudenda]N$urû",
"sig": "@dcclt%akk:u₂-ru-u₂=ūru[(nakedness i.e.) pudenda//pudenda]N'N$urû",
"f": {"lang": "akk",
"form": "u₂-ru-u₂",
"cf": "ūru",
"gw": "(nakedness i.e.) pudenda",
"sense": "pudenda",
"norm": "urû",
"pos": "N",
"epos": "N"}
}
,
{
"node": "l",
"frag": "ša₂",
"id": "P260819.l405a8",
"ref": "P260819.32.3",
"inst": "ša[of]DET",
"sig": "@dcclt%akk:ša₂=ša[of//of]DET'DET$ša",
"f": {"lang": "akk",
"form": "ša₂",
"cf": "ša",
"gw": "of",
"sense": "of",
"norm": "ša",
"pos": "DET",
"epos": "DET"}
}
,
{
"node": "l",
"frag": "sin-niš-tum",
"id": "P260819.l405a9",
"ref": "P260819.32.4",
"inst": "sinništu[woman]N$sinništum",
"sig": "@dcclt%akk:sin-niš-tum=sinništu[woman//woman]N'N$sinništum",
"f": {"lang": "akk",
"form": "sin-niš-tum",
"cf": "sinništu",
"gw": "woman",
"sense": "woman",
"norm": "sinništum",
"pos": "N",
"epos": "N"}
}
,
{
"node": "d",
"type": "field-end",
"subtype": "eq"}
,
{
"node": "d",
"type": "cell-end"}
,
{
"node": "d",
"type": "line-start",
"ref": "P260819.33",
"n": "29",
"label": "r i 29"}
,
{
"node": "d",
"type": "cell-start"}
,
{
"node": "d",
"type": "field-start",
"subtype": "wp"}
,
{
"node": "l",
"frag": "{[uzu}eme]",
"id": "P260819.l405aa",
"ref": "P260819.33.1",
"inst": "eme[tongue]",
"sig": "@dcclt%sux:{uzu}eme=eme[tongue//tongue]N'N$eme/{uzu}eme#~",
"f": {"lang": "sux",
"form": "{uzu}eme",
"cf": "eme",
"gw": "tongue",
"sense": "tongue",
"norm0": "eme",
"pos": "N",
"epos": "N",
"base": "{uzu}eme",
"morph": "~"}
}
,
{
"node": "d",
"type": "field-end",
"subtype": "wp"}
,
{
"node": "d",
"type": "cell-end"}
,
{
"node": "d",
"type": "cell-start"}
,
{
"node": "d",
"type": "field-start",
"subtype": "eq"}
,
{
"node": "l",
"frag": "li-ša₂-nu",
"id": "P260819.l405ab",
"ref": "P260819.33.2",
"inst": "lišānu[tongue]N",
"sig": "@dcclt%akk:li-ša₂-nu=lišānu[tongue//tongue]N'N$lišānu",
"f": {"lang": "akk",
"form": "li-ša₂-nu",
"cf": "lišānu",
"gw": "tongue",
"sense": "tongue",
"norm": "lišānu",
"pos": "N",
"epos": "N"}
}
,
{
"node": "d",
"type": "field-end",
"subtype": "eq"}
,
{
"node": "d",
"type": "cell-end"}
,
{
"node": "d",
"type": "line-start",
"ref": "P260819.34",
"n": "30",
"label": "r i 30"}
,
{
"node": "d",
"type": "cell-start"}
,
{
"node": "d",
"type": "field-start",
"subtype": "wp"}
,
{
"node": "l",
"frag": "{[uzu}nundum]",
"id": "P260819.l405ac",
"ref": "P260819.34.1",
"inst": "nundum[lip]",
"sig": "@dcclt%sux:{uzu}nundum=nundum[lip//lip]N'N$nundum/{uzu}nundum#~",
"f": {"lang": "sux",
"form": "{uzu}nundum",
"cf": "nundum",
"gw": "lip",
"sense": "lip",
"norm0": "nundum",
"pos": "N",
"epos": "N",
"base": "{uzu}nundum",
"morph": "~"}
}
,
{
"node": "d",
"type": "field-end",
"subtype": "wp"}
,
{
"node": "d",
"type": "cell-end"}
,
{
"node": "d",
"type": "cell-start"}
,
{
"node": "d",
"type": "field-start",
"subtype": "eq"}
,
{
"node": "l",
"frag": "šap-tum",
"id": "P260819.l405ad",
"ref": "P260819.34.2",
"inst": "šaptu[lip]N$šaptum",
"sig": "@dcclt%akk:šap-tum=šaptu[lip//lip]N'N$šaptum",
"f": {"lang": "akk",
"form": "šap-tum",
"cf": "šaptu",
"gw": "lip",
"sense": "lip",
"norm": "šaptum",
"pos": "N",
"epos": "N"}
}
,
{
"node": "d",
"type": "field-end",
"subtype": "eq"}
,
{
"node": "d",
"type": "cell-end"}
,
{
"node": "d",
"subtype": "column 2r",
"type": "column",
"ref": "P260819.r.ii.35",
"n": "2",
"label": "r ii"}
,
{
"node": "d",
"type": "line-start",
"ref": "P260819.36",
"n": "1",
"label": "r ii 1"}
,
{
"node": "d",
"type": "cell-start"}
,
{
"node": "d",
"type": "field-start",
"subtype": "wp"}
,
{
"node": "l",
"frag": "{uzu}eme-u₅",
"id": "P260819.l405ae",
"ref": "P260819.36.1",
"inst": "emeʾu[palate]",
"sig": "@dcclt%sux:{uzu}eme-u₅=emeʾu[palate//palate]N'N$emeʾu/{uzu}eme-u₅#~",
"f": {"lang": "sux",
"form": "{uzu}eme-u₅",
"cf": "emeʾu",
"gw": "palate",
"sense": "palate",
"norm0": "emeʾu",
"pos": "N",
"epos": "N",
"base": "{uzu}eme-u₅",
"morph": "~"}
}
,
{
"node": "d",
"type": "field-end",
"subtype": "wp"}
,
{
"node": "d",
"type": "cell-end"}
,
{
"node": "d",
"type": "cell-start"}
,
{
"node": "d",
"type": "field-start",
"subtype": "eq"}
,
{
"node": "l",
"frag": "liq",
"id": "P260819.l405af",
"ref": "P260819.36.2",
"inst": "līqu[palate]N$līq",
"sig": "@dcclt%akk:liq=līqu[palate//palate]N'N$līq",
"f": {"lang": "akk",
"form": "liq",
"cf": "līqu",
"gw": "palate",
"sense": "palate",
"norm": "līq",
"pos": "N",
"epos": "N"}
}
,
{
"node": "l",
"frag": "pi-ʾi",
"id": "P260819.l405b0",
"ref": "P260819.36.3",
"inst": "pû[mouth]$pî",
"sig": "@dcclt%akk:pi-ʾi=pû[mouth//mouth]N'N$pî",
"f": {"lang": "akk",
"form": "pi-ʾi",
"cf": "pû",
"gw": "mouth",
"sense": "mouth",
"norm": "pî",
"pos": "N",
"epos": "N"}
}
,
{
"node": "d",
"type": "field-end",
"subtype": "eq"}
,
{
"node": "d",
"type": "cell-end"}
,
{
"node": "d",
"type": "line-start",
"ref": "P260819.37",
"n": "2",
"label": "r ii 2"}
,
{
"node": "d",
"type": "cell-start"}
,
{
"node": "d",
"type": "field-start",
"subtype": "wp"}
,
{
"node": "l",
"frag": "{uzu}eme-u₅",
"id": "P260819.l405b1",
"ref": "P260819.37.1",
"inst": "emeʾu[palate]",
"sig": "@dcclt%sux:{uzu}eme-u₅=emeʾu[palate//palate]N'N$emeʾu/{uzu}eme-u₅#~",
"f": {"lang": "sux",
"form": "{uzu}eme-u₅",
"cf": "emeʾu",
"gw": "palate",
"sense": "palate",
"norm0": "emeʾu",
"pos": "N",
"epos": "N",
"base": "{uzu}eme-u₅",
"morph": "~"}
}
,
{
"node": "l",
"frag": "⸢HI⸣-a",
"id": "P260819.l405b2",
"ref": "P260819.37.2",
"inst": "X",
"f": {"lang": "sux",
"form": "HI-a",
"pos": "X"}
}
,
{
"node": "d",
"type": "field-end",
"subtype": "wp"}
,
{
"node": "d",
"type": "cell-end"}
,
{
"node": "d",
"type": "cell-start"}
,
{
"node": "d",
"type": "field-start",
"subtype": "eq"}
,
{
"node": "l",
"frag": "nap-ša₂-ri",
"id": "P260819.l405b3",
"ref": "P260819.37.3",
"inst": "napšāri[throat]N",
"sig": "@dcclt%akk:nap-ša₂-ri=napšāru[(agricultural tool for treatment of grain)//throat]N'N$napšāri",
"f": {"lang": "akk",
"form": "nap-ša₂-ri",
"cf": "napšāru",
"gw": "(agricultural tool for treatment of grain)",
"sense": "throat",
"norm": "napšāri",
"pos": "N",
"epos": "N"}
}
,
{
"node": "d",
"type": "field-end",
"subtype": "eq"}
,
{
"node": "d",
"type": "cell-end"}
,
{
"node": "d",
"type": "line-start",
"ref": "P260819.38",
"n": "3",
"label": "r ii 3"}
,
{
"node": "d",
"type": "cell-start"}
,
{
"node": "d",
"type": "field-start",
"subtype": "wp"}
,
{
"node": "l",
"frag": "{uzu}ma-aʾ-la-a-tu₂",
"id": "P260819.l405b4",
"ref": "P260819.38.1",
"inst": "maʾlatu[root of the tongue]",
"sig": "@dcclt%sux:{uzu}ma-aʾ-la-a-tu₂=maʾlatu[root of the tongue//root of the tongue]N'N$maʾlatu/{uzu}ma-aʾ-la-a-tu₂#~",
"f": {"lang": "sux",
"form": "{uzu}ma-aʾ-la-a-tu₂",
"cf": "maʾlatu",
"gw": "root of the tongue",
"sense": "root of the tongue",
"norm0": "maʾlatu",
"pos": "N",
"epos": "N",
"base": "{uzu}ma-aʾ-la-a-tu₂",
"morph": "~"}
}
,
{
"node": "d",
"type": "field-end",
"subtype": "wp"}
,
{
"node": "d",
"type": "cell-end"}
,
{
"node": "d",
"type": "cell-start"}
,
{
"node": "d",
"type": "field-start",
"subtype": "eq"}
,
{
"node": "d",
"type": "nonw",
"ref": "P260819.38.2",
"lang": "akk",
"type": "surro"}
,
{
"node": "l",
"id": "P260819.l405b5",
"ref": "P260819.38.3",
"inst": "maʾlātu[root of the tongue]N$",
"sig": "@dcclt%akk:ma-aʾ-la-a-tu₂=maʾlātu[root of the tongue//root of the tongue]N'N$maʾlātu",
"f": {"lang": "akk",
"form": "ma-aʾ-la-a-tu₂",
"cf": "maʾlātu",
"gw": "root of the tongue",
"sense": "root of the tongue",
"norm": "maʾlātu",
"pos": "N",
"epos": "N"}
}
,
{
"node": "d",
"type": "field-end",
"subtype": "eq"}
,
{
"node": "d",
"type": "cell-end"}
,
{
"node": "d",
"type": "line-start",
"ref": "P260819.39",
"n": "4",
"label": "r ii 4"}
,
{
"node": "d",
"type": "cell-start"}
,
{
"node": "d",
"type": "field-start",
"subtype": "wp"}
,
{
"node": "l",
"frag": "{uzu}{me-li}ŋeli₃",
"id": "P260819.l405b6",
"ref": "P260819.39.1",
"inst": "ŋeli[throat]",
"sig": "@dcclt%sux:{uzu}{+me-li}ŋeli₃=ŋeli[throat//throat]N'N$ŋeli/{uzu}{+me-li}ŋeli₃#~",
"f": {"lang": "sux",
"form": "{uzu}{+me-li}ŋeli₃",
"cf": "ŋeli",
"gw": "throat",
"sense": "throat",
"norm0": "ŋeli",
"pos": "N",
"epos": "N",
"base": "{uzu}{+me-li}ŋeli₃",
"morph": "~"}
}
,
{
"node": "d",
"type": "field-end",
"subtype": "wp"}
,
{
"node": "d",
"type": "cell-end"}
,
{
"node": "d",
"type": "cell-start"}
,
{
"node": "d",
"type": "field-start",
"subtype": "eq"}
,
{
"node": "d",
"type": "nonw",
"ref": "P260819.39.2",
"lang": "akk",
"type": "surro"}
,
{
"node": "l",
"id": "P260819.l405b7",
"ref": "P260819.39.3",
"inst": "maʾlātu[root of the tongue]N",
"sig": "@dcclt%akk:ma-aʾ-la-a-tu₂=maʾlātu[root of the tongue//root of the tongue]N'N$maʾlātu",
"f": {"lang": "akk",
"form": "ma-aʾ-la-a-tu₂",
"cf": "maʾlātu",
"gw": "root of the tongue",
"sense": "root of the tongue",
"norm": "maʾlātu",
"pos": "N",
"epos": "N"}
}
,
{
"node": "d",
"type": "field-end",
"subtype": "eq"}
,
{
"node": "d",
"type": "cell-end"}
,
{
"node": "d",
"type": "line-start",
"ref": "P260819.40",
"n": "5",
"label": "r ii 5"}
,
{
"node": "d",
"type": "cell-start"}
,
{
"node": "d",
"type": "field-start",
"subtype": "wp"}
,
{
"node": "l",
"frag": "{uzu}ŋeli₃",
"id": "P260819.l405b8",
"ref": "P260819.40.1",
"inst": "ŋeli[throat]",
"sig": "@dcclt%sux:{uzu}ŋeli₃=ŋeli[throat//throat]N'N$ŋeli/{uzu}ŋeli₃#~",
"f": {"lang": "sux",
"form": "{uzu}ŋeli₃",
"cf": "ŋeli",
"gw": "throat",
"sense": "throat",
"norm0": "ŋeli",
"pos": "N",
"epos": "N",
"base": "{uzu}ŋeli₃",
"morph": "~"}
}
,
{
"node": "d",
"type": "field-end",
"subtype": "wp"}
,
{
"node": "d",
"type": "cell-end"}
,
{
"node": "d",
"type": "cell-start"}
,
{
"node": "d",
"type": "field-start",
"subtype": "eq"}
,
{
"node": "l",
"frag": "nim-lu-⸢u₂⸣",
"id": "P260819.l405b9",
"ref": "P260819.40.2",
"inst": "nemlû[throat]N$nimlû",
"sig": "@dcclt%akk:nim-lu-u₂=nemlû[throat//throat]N'N$nimlû",
"f": {"lang": "akk",
"form": "nim-lu-u₂",
"cf": "nemlû",
"gw": "throat",
"sense": "throat",
"norm": "nimlû",
"pos": "N",
"epos": "N"}
}
,
{
"node": "d",
"type": "field-end",
"subtype": "eq"}
,
{
"node": "d",
"type": "cell-end"}
,
{
"node": "d",
"type": "line-start",
"ref": "P260819.41",
"n": "6",
"label": "r ii 6"}
,
{
"node": "d",
"type": "cell-start"}
,
{
"node": "d",
"type": "field-start",
"subtype": "wp"}
,
{
"node": "l",
"frag": "{uzu}gu₂-har",
"id": "P260819.l405ba",
"ref": "P260819.41.1",
"inst": "gu₂.MUR[windpipe]",
"sig": "@dcclt%sux:{uzu}gu₂-har=gu₂.MUR[throat//throat, windpipe]N'N$gu₂.MUR/{uzu}gu₂-har#~",
"f": {"lang": "sux",
"form": "{uzu}gu₂-har",
"cf": "gu₂.MUR",
"gw": "throat",
"sense": "throat, windpipe",
"norm0": "gu₂.MUR",
"pos": "N",
"epos": "N",
"base": "{uzu}gu₂-har",
"morph": "~"}
}
,
{
"node": "d",
"type": "field-end",
"subtype": "wp"}
,
{
"node": "d",
"type": "cell-end"}
,
{
"node": "d",
"type": "cell-start"}
,
{
"node": "d",
"type": "field-start",
"subtype": "eq"}
,
{
"node": "l",
"frag": "ur-u₂-⸢du⸣",
"id": "P260819.l405bb",
"ref": "P260819.41.2",
"inst": "urʾudu[windpipe]N$",
"sig": "@dcclt%akk:ur-u₂-du=urʾudu[windpipe//windpipe]N'N$urʾudu",
"f": {"lang": "akk",
"form": "ur-u₂-du",
"cf": "urʾudu",
"gw": "windpipe",
"sense": "windpipe",
"norm": "urʾudu",
"pos": "N",
"epos": "N"}
}
,
{
"node": "d",
"type": "field-end",
"subtype": "eq"}
,
{
"node": "d",
"type": "cell-end"}
,
{
"node": "d",
"type": "line-start",
"ref": "P260819.42",
"n": "7",
"label": "r ii 7"}
,
{
"node": "d",
"type": "cell-start"}
,
{
"node": "d",
"type": "field-start",
"subtype": "wp"}
,
{
"node": "l",
"frag": "{uzu}saŋ",
"id": "P260819.l405bc",
"ref": "P260819.42.1",
"inst": "saŋ[head]",
"sig": "@dcclt%sux:{uzu}saŋ=saŋ[head//head]N'N$saŋ/{uzu}saŋ#~",
"f": {"lang": "sux",
"form": "{uzu}saŋ",
"cf": "saŋ",
"gw": "head",
"sense": "head",
"norm0": "saŋ",
"pos": "N",
"epos": "N",
"base": "{uzu}saŋ",
"morph": "~"}
}
,
{
"node": "l",
"frag": "gu₂-har",
"id": "P260819.l405bd",
"ref": "P260819.42.2",
"inst": "gu₂.MUR[windpipe]",
"sig": "@dcclt%sux:gu₂-har=gu₂.MUR[throat//throat, windpipe]N'N$gu₂.MUR/gu₂-har#~",
"f": {"lang": "sux",
"form": "gu₂-har",
"cf": "gu₂.MUR",
"gw": "throat",
"sense": "throat, windpipe",
"norm0": "gu₂.MUR",
"pos": "N",
"epos": "N",
"base": "gu₂-har",
"morph": "~"}
}
,
{
"node": "d",
"type": "field-end",
"subtype": "wp"}
,
{
"node": "d",
"type": "cell-end"}
,
{
"node": "d",
"type": "cell-start"}
,
{
"node": "d",
"type": "field-start",
"subtype": "eq"}
,
{
"node": "l",
"frag": "⸢qaq⸣-qa-du",
"id": "P260819.l405be",
"ref": "P260819.42.3",
"inst": "qaqqadu[head]N",
"sig": "@dcclt%akk:qaq-qa-du=qaqqadu[head//head]N'N$qaqqadu",
"f": {"lang": "akk",
"form": "qaq-qa-du",
"cf": "qaqqadu",
"gw": "head",
"sense": "head",
"norm": "qaqqadu",
"pos": "N",
"epos": "N"}
}
,
{
"node": "d",
"type": "nonw",
"ref": "P260819.42.4",
"lang": "akk",
"type": "surro"}
,
{
"node": "l",
"id": "P260819.l405bf",
"ref": "P260819.42.5",
"inst": "urʾudu[windpipe]N",
"sig": "@dcclt%akk:ur-u₂-du=urʾudu[windpipe//windpipe]N'N$urʾudu",
"f": {"lang": "akk",
"form": "ur-u₂-du",
"cf": "urʾudu",
"gw": "windpipe",
"sense": "windpipe",
"norm": "urʾudu",
"pos": "N",
"epos": "N"}
}
,
{
"node": "d",
"type": "field-end",
"subtype": "eq"}
,
{
"node": "d",
"type": "cell-end"}
,
{
"node": "d",
"type": "line-start",
"ref": "P260819.43",
"n": "8",
"label": "r ii 8"}
,
{
"node": "d",
"type": "cell-start"}
,
{
"node": "d",
"type": "field-start",
"subtype": "wp"}
,
{
"node": "l",
"frag": "{⸢uzu⸣}te",
"id": "P260819.l405c0",
"ref": "P260819.43.1",
"inst": "te[cheek]",
"sig": "@dcclt%sux:{uzu}te=te[cheek//cheek]N'N$te/{uzu}te#~",
"f": {"lang": "sux",
"form": "{uzu}te",
"cf": "te",
"gw": "cheek",
"sense": "cheek",
"norm0": "te",
"pos": "N",
"epos": "N",
"base": "{uzu}te",
"morph": "~"}
}
,
{
"node": "d",
"type": "field-end",
"subtype": "wp"}
,
{
"node": "d",
"type": "cell-end"}
,
{
"node": "d",
"type": "cell-start"}
,
{
"node": "d",
"type": "field-start",
"subtype": "eq"}
,
{
"node": "l",
"frag": "[le]-e-⸢tum⸣",
"id": "P260819.l405c1",
"ref": "P260819.43.2",
"inst": "lētum[cheek]N",
"sig": "@dcclt%akk:le-e-tum=lētu[cheek//cheek]N'N$lētum",
"f": {"lang": "akk",
"form": "le-e-tum",
"cf": "lētu",
"gw": "cheek",
"sense": "cheek",
"norm": "lētum",
"pos": "N",
"epos": "N"}
}
,
{
"node": "d",
"type": "field-end",
"subtype": "eq"}
,
{
"node": "d",
"type": "cell-end"}
,
{
"node": "d",
"type": "line-start",
"ref": "P260819.44",
"n": "9",
"label": "r ii 9"}
,
{
"node": "d",
"type": "cell-start"}
,
{
"node": "d",
"type": "field-start",
"subtype": "wp"}
,
{
"node": "l",
"frag": "{uzu}igi",
"id": "P260819.l405c2",
"ref": "P260819.44.1",
"inst": "igi[eye]",
"sig": "@dcclt%sux:{uzu}igi=igi[eye//eye]N'N$igi/{uzu}igi#~",
"f": {"lang": "sux",
"form": "{uzu}igi",
"cf": "igi",
"gw": "eye",
"sense": "eye",
"norm0": "igi",
"pos": "N",
"epos": "N",
"base": "{uzu}igi",
"morph": "~"}
}
,
{
"node": "d",
"type": "field-end",
"subtype": "wp"}
,
{
"node": "d",
"type": "cell-end"}
,
{
"node": "d",
"type": "cell-start"}
,
{
"node": "d",
"type": "field-start",
"subtype": "eq"}
,
{
"node": "l",
"frag": "i-ni",
"id": "P260819.l405c3",
"ref": "P260819.44.2",
"inst": "īni[eye]N",
"sig": "@dcclt%akk:i-ni=īnu[eye//eye]N'N$īni",
"f": {"lang": "akk",
"form": "i-ni",
"cf": "īnu",
"gw": "eye",
"sense": "eye",
"norm": "īni",
"pos": "N",
"epos": "N"}
}
,
{
"node": "d",
"type": "field-end",
"subtype": "eq"}
,
{
"node": "d",
"type": "cell-end"}
,
{
"node": "d",
"type": "line-start",
"ref": "P260819.45",
"n": "10",
"label": "r ii 10"}
,
{
"node": "d",
"type": "cell-start"}
,
{
"node": "d",
"type": "field-start",
"subtype": "wp"}
,
{
"node": "l",
"frag": "{⸢uzu⸣}igi",
"id": "P260819.l405c4",
"ref": "P260819.45.1",
"inst": "igi[eye]",
"sig": "@dcclt%sux:{uzu}igi=igi[eye//eye]N'N$igi/{uzu}igi#~",
"f": {"lang": "sux",
"form": "{uzu}igi",
"cf": "igi",
"gw": "eye",
"sense": "eye",
"norm0": "igi",
"pos": "N",
"epos": "N",
"base": "{uzu}igi",
"morph": "~"}
}
,
{
"node": "d",
"type": "field-end",
"subtype": "wp"}
,
{
"node": "d",
"type": "cell-end"}
,
{
"node": "d",
"type": "cell-start"}
,
{
"node": "d",
"type": "field-start",
"subtype": "eq"}
,
{
"node": "l",
"frag": "uz-nu",
"id": "P260819.l405c5",
"ref": "P260819.45.2",
"inst": "uznu[ear]N",
"sig": "@dcclt%akk:uz-nu=uznu[ear//ear]N'N$uznu",
"f": {"lang": "akk",
"form": "uz-nu",
"cf": "uznu",
"gw": "ear",
"sense": "ear",
"norm": "uznu",
"pos": "N",
"epos": "N"}
}
,
{
"node": "d",
"type": "field-end",
"subtype": "eq"}
,
{
"node": "d",
"type": "cell-end"}
,
{
"node": "d",
"type": "line-start",
"ref": "P260819.46",
"n": "11",
"label": "r ii 11"}
,
{
"node": "d",
"type": "cell-start"}
,
{
"node": "d",
"type": "field-start",
"subtype": "wp"}
,
{
"node": "l",
"frag": "{[uzu]}⸢ŋeštug",
"id": "P260819.l405c6",
"ref": "P260819.46.1",
"inst": "ŋeštug[ear]",
"sig": "@dcclt%sux:{uzu}ŋeštug=ŋeštug[ear//ear]N'N$ŋeštug/{uzu}ŋeštug#~",
"f": {"lang": "sux",
"form": "{uzu}ŋeštug",
"cf": "ŋeštug",
"gw": "ear",
"sense": "ear",
"norm0": "ŋeštug",
"pos": "N",
"epos": "N",
"base": "{uzu}ŋeštug",
"morph": "~"}
}
,
{
"node": "l",
"frag": "min⸣",
"id": "P260819.l405c7",
"ref": "P260819.46.2",
"inst": "min[two]",
"sig": "@dcclt%sux:min=min[two//two]NU'NU$min/min#~",
"f": {"lang": "sux",
"form": "min",
"cf": "min",
"gw": "two",
"sense": "two",
"norm0": "min",
"pos": "NU",
"epos": "NU",
"base": "min",
"morph": "~"}
}
,
{
"node": "d",
"type": "field-end",
"subtype": "wp"}
,
{
"node": "d",
"type": "cell-end"}
,
{
"node": "d",
"type": "cell-start"}
,
{
"node": "d",
"type": "field-start",
"subtype": "eq"}
,
{
"node": "d",
"type": "nonw",
"ref": "P260819.46.3",
"lang": "akk",
"type": "surro"}
,
{
"node": "l",
"id": "P260819.l405c8",
"ref": "P260819.46.4",
"inst": "uznu[ear]N",
"sig": "@dcclt%akk:uz-nu=uznu[ear//ear]N'N$uznu",
"f": {"lang": "akk",
"form": "uz-nu",
"cf": "uznu",
"gw": "ear",
"sense": "ear",
"norm": "uznu",
"pos": "N",
"epos": "N"}
}
,
{
"node": "d",
"type": "field-end",
"subtype": "eq"}
,
{
"node": "d",
"type": "cell-end"}
,
{
"node": "d",
"type": "line-start",
"ref": "P260819.47",
"n": "12",
"label": "r ii 12"}
,
{
"node": "d",
"type": "cell-start"}
,
{
"node": "d",
"type": "field-start",
"subtype": "wp"}
,
{
"node": "l",
"frag": "{uzu}⸢ŋeštug₂⸣",
"id": "P260819.l405c9",
"ref": "P260819.47.1",
"inst": "ŋeštug[ear]",
"sig": "@dcclt%sux:{uzu}ŋeštug₂=ŋeštug[ear//ear]N'N$ŋeštug/{uzu}ŋeštug₂#~",
"f": {"lang": "sux",
"form": "{uzu}ŋeštug₂",
"cf": "ŋeštug",
"gw": "ear",
"sense": "ear",
"norm0": "ŋeštug",
"pos": "N",
"epos": "N",
"base": "{uzu}ŋeštug₂",
"morph": "~"}
}
,
{
"node": "d",
"type": "field-end",
"subtype": "wp"}
,
{
"node": "d",
"type": "cell-end"}
,
{
"node": "d",
"type": "cell-start"}
,
{
"node": "d",
"type": "field-start",
"subtype": "eq"}
,
{
"node": "d",
"type": "nonw",
"ref": "P260819.47.2",
"lang": "akk",
"type": "surro"}
,
{
"node": "l",
"id": "P260819.l405ca",
"ref": "P260819.47.3",
"inst": "uznu[ear]N",
"sig": "@dcclt%akk:uz-nu=uznu[ear//ear]N'N$uznu",
"f": {"lang": "akk",
"form": "uz-nu",
"cf": "uznu",
"gw": "ear",
"sense": "ear",
"norm": "uznu",
"pos": "N",
"epos": "N"}
}
,
{
"node": "d",
"type": "field-end",
"subtype": "eq"}
,
{
"node": "d",
"type": "cell-end"}
,
{
"node": "d",
"type": "line-start",
"ref": "P260819.48",
"n": "13",
"label": "r ii 13"}
,
{
"node": "d",
"type": "cell-start"}
,
{
"node": "d",
"type": "field-start",
"subtype": "wp"}
,
{
"node": "l",
"frag": "{⸢uzu⸣}niŋ₂-[...]",
"id": "P260819.l405cb",
"ref": "P260819.48.1",
"inst": "u",
"f": {"lang": "sux",
"form": "{uzu}niŋ₂-x",
"pos": "u"}
}
,
{
"node": "d",
"type": "field-end",
"subtype": "wp"}
,
{
"node": "d",
"type": "cell-end"}
,
{
"node": "d",
"type": "cell-start"}
,
{
"node": "d",
"type": "field-start",
"subtype": "eq"}
,
{
"node": "d",
"type": "nonw",
"ref": "P260819.48.2",
"lang": "akk",
"type": "surro"}
,
{
"node": "l",
"id": "P260819.l405cc",
"ref": "P260819.48.3",
"inst": "uznu[ear]N",
"sig": "@dcclt%akk:uz-nu=uznu[ear//ear]N'N$uznu",
"f": {"lang": "akk",
"form": "uz-nu",
"cf": "uznu",
"gw": "ear",
"sense": "ear",
"norm": "uznu",
"pos": "N",
"epos": "N"}
}
,
{
"node": "d",
"type": "field-end",
"subtype": "eq"}
,
{
"node": "d",
"type": "cell-end"}
,
{
"node": "d",
"type": "line-start",
"ref": "P260819.49",
"n": "14",
"label": "r ii 14"}
,
{
"node": "d",
"type": "cell-start"}
,
{
"node": "d",
"type": "field-start",
"subtype": "wp"}
,
{
"node": "l",
"frag": "{⸢uzu⸣}[...]",
"id": "P260819.l405cd",
"ref": "P260819.49.1",
"inst": "u",
"f": {"lang": "sux",
"form": "{uzu}x",
"pos": "u"}
}
,
{
"node": "d",
"type": "field-end",
"subtype": "wp"}
,
{
"node": "d",
"type": "cell-end"}
,
{
"node": "d",
"type": "cell-start"}
,
{
"node": "d",
"type": "field-start",
"subtype": "eq"}
,
{
"node": "d",
"type": "nonw",
"ref": "P260819.49.2",
"lang": "akk",
"type": "surro"}
,
{
"node": "l",
"id": "P260819.l405ce",
"ref": "P260819.49.3",
"inst": "uznu[ear]N",
"sig": "@dcclt%akk:uz-nu=uznu[ear//ear]N'N$uznu",
"f": {"lang": "akk",
"form": "uz-nu",
"cf": "uznu",
"gw": "ear",
"sense": "ear",
"norm": "uznu",
"pos": "N",
"epos": "N"}
}
,
{
"node": "d",
"type": "field-end",
"subtype": "eq"}
,
{
"node": "d",
"type": "cell-end"}
,
{
"node": "d",
"type": "line-start",
"ref": "P260819.50",
"n": "15",
"label": "r ii 15"}
,
{
"node": "d",
"type": "cell-start"}
,
{
"node": "d",
"type": "field-start",
"subtype": "wp"}
,
{
"node": "l",
"frag": "{⸢uzu}sa⸣",
"id": "P260819.l405cf",
"ref": "P260819.50.1",
"inst": "X",
"f": {"lang": "sux",
"form": "{uzu}sa",
"pos": "X"}
}
,
{
"node": "d",
"type": "field-end",
"subtype": "wp"}
,
{
"node": "d",
"type": "cell-end"}
,
{
"node": "d",
"type": "cell-start"}
,
{
"node": "d",
"type": "field-start",
"subtype": "eq"}
,
{
"node": "d",
"type": "nonw",
"ref": "P260819.50.2",
"lang": "akk",
"type": "surro"}
,
{
"node": "l",
"id": "P260819.l405d0",
"ref": "P260819.50.3",
"inst": "uznu[ear]N",
"sig": "@dcclt%akk:uz-nu=uznu[ear//ear]N'N$uznu",
"f": {"lang": "akk",
"form": "uz-nu",
"cf": "uznu",
"gw": "ear",
"sense": "ear",
"norm": "uznu",
"pos": "N",
"epos": "N"}
}
,
{
"node": "d",
"type": "field-end",
"subtype": "eq"}
,
{
"node": "d",
"type": "cell-end"}
,
{
"node": "d",
"type": "line-start",
"ref": "P260819.51",
"n": "16",
"label": "r ii 16"}
,
{
"node": "d",
"type": "cell-start"}
,
{
"node": "d",
"type": "field-start",
"subtype": "wp"}
,
{
"node": "l",
"frag": "{⸢uzu⸣}u₂",
"id": "P260819.l405d1",
"ref": "P260819.51.1",
"inst": "X",
"f": {"lang": "sux",
"form": "{uzu}u₂",
"pos": "X"}
}
,
{
"node": "d",
"type": "field-end",
"subtype": "wp"}
,
{
"node": "d",
"type": "cell-end"}
,
{
"node": "d",
"type": "cell-start"}
,
{
"node": "d",
"type": "field-start",
"subtype": "eq"}
,
{
"node": "d",
"type": "nonw",
"ref": "P260819.51.2",
"lang": "akk",
"type": "surro"}
,
{
"node": "l",
"id": "P260819.l405d2",
"ref": "P260819.51.3",
"inst": "uznu[ear]N",
"sig": "@dcclt%akk:uz-nu=uznu[ear//ear]N'N$uznu",
"f": {"lang": "akk",
"form": "uz-nu",
"cf": "uznu",
"gw": "ear",
"sense": "ear",
"norm": "uznu",
"pos": "N",
"epos": "N"}
}
,
{
"node": "d",
"type": "field-end",
"subtype": "eq"}
,
{
"node": "d",
"type": "cell-end"}
,
{
"node": "d",
"type": "line-start",
"ref": "P260819.52",
"n": "17",
"label": "r ii 17"}
,
{
"node": "d",
"type": "cell-start"}
,
{
"node": "d",
"type": "field-start",
"subtype": "wp"}
,
{
"node": "l",
"frag": "{[uzu]}gi",
"id": "P260819.l405d3",
"ref": "P260819.52.1",
"inst": "gi[reed]",
"sig": "@dcclt%sux:{uzu}gi=gi[reed//reed]N'N$gi/{uzu}gi#~",
"f": {"lang": "sux",
"form": "{uzu}gi",
"cf": "gi",
"gw": "reed",
"sense": "reed",
"norm0": "gi",
"pos": "N",
"epos": "N",
"base": "{uzu}gi",
"morph": "~"}
}
,
{
"node": "d",
"type": "field-end",
"subtype": "wp"}
,
{
"node": "d",
"type": "cell-end"}
,
{
"node": "d",
"type": "cell-start"}
,
{
"node": "d",
"type": "field-start",
"subtype": "eq"}
,
{
"node": "d",
"type": "nonw",
"ref": "P260819.52.2",
"lang": "akk",
"type": "surro"}
,
{
"node": "l",
"id": "P260819.l405d4",
"ref": "P260819.52.3",
"inst": "uznu[ear]N",
"sig": "@dcclt%akk:uz-nu=uznu[ear//ear]N'N$uznu",
"f": {"lang": "akk",
"form": "uz-nu",
"cf": "uznu",
"gw": "ear",
"sense": "ear",
"norm": "uznu",
"pos": "N",
"epos": "N"}
}
,
{
"node": "d",
"type": "field-end",
"subtype": "eq"}
,
{
"node": "d",
"type": "cell-end"}
,
{
"node": "d",
"type": "line-start",
"ref": "P260819.53",
"n": "18",
"label": "r ii 18"}
,
{
"node": "d",
"type": "cell-start"}
,
{
"node": "d",
"type": "field-start",
"subtype": "wp"}
,
{
"node": "l",
"frag": "{[uzu]}{[gi]-e}ge₁₄",
"id": "P260819.l405d5",
"ref": "P260819.53.1",
"inst": "ge[stroke of the stylus]",
"sig": "@dcclt%sux:{uzu}{+gi-e}ge₁₄=ge[blow//stroke of the stylus]N'N$ge/{uzu}{+gi-e}ge₁₄#~",
"f": {"lang": "sux",
"form": "{uzu}{+gi-e}ge₁₄",
"cf": "ge",
"gw": "blow",
"sense": "stroke of the stylus",
"norm0": "ge",
"pos": "N",
"epos": "N",
"base": "{uzu}{+gi-e}ge₁₄",
"morph": "~"}
}
,
{
"node": "d",
"type": "field-end",
"subtype": "wp"}
,
{
"node": "d",
"type": "cell-end"}
,
{
"node": "d",
"type": "cell-start"}
,
{
"node": "d",
"type": "field-start",
"subtype": "eq"}
,
{
"node": "d",
"type": "nonw",
"ref": "P260819.53.2",
"lang": "akk",
"type": "surro"}
,
{
"node": "l",
"id": "P260819.l405d6",
"ref": "P260819.53.3",
"inst": "uznu[ear]N",
"sig": "@dcclt%akk:uz-nu=uznu[ear//ear]N'N$uznu",
"f": {"lang": "akk",
"form": "uz-nu",
"cf": "uznu",
"gw": "ear",
"sense": "ear",
"norm": "uznu",
"pos": "N",
"epos": "N"}
}
,
{
"node": "d",
"type": "field-end",
"subtype": "eq"}
,
{
"node": "d",
"type": "cell-end"}
,
{
"node": "d",
"type": "line-start",
"ref": "P260819.54",
"n": "19",
"label": "r ii 19"}
,
{
"node": "d",
"type": "cell-start"}
,
{
"node": "d",
"type": "field-start",
"subtype": "wp"}
,
{
"node": "l",
"frag": "{[uzu}za]-na",
"id": "P260819.l405d7",
"ref": "P260819.54.1",
"inst": "zana[ear]",
"sig": "@dcclt%sux:{uzu}za-na=zana[doll//part of the ear]N'N$zana/{uzu}za-na#~",
"f": {"lang": "sux",
"form": "{uzu}za-na",
"cf": "zana",
"gw": "doll",
"sense": "part of the ear",
"norm0": "zana",
"pos": "N",
"epos": "N",
"base": "{uzu}za-na",
"morph": "~"}
}
,
{
"node": "l",
"frag": "ŋeštug",
"id": "P260819.l405d8",
"ref": "P260819.54.2",
"inst": "ŋeštug[ear]",
"sig": "@dcclt%sux:ŋeštug=ŋeštug[ear//ear]N'N$ŋeštug/ŋeštug#~",
"f": {"lang": "sux",
"form": "ŋeštug",
"cf": "ŋeštug",
"gw": "ear",
"sense": "ear",
"norm0": "ŋeštug",
"pos": "N",
"epos": "N",
"base": "ŋeštug",
"morph": "~"}
}
,
{
"node": "l",
"frag": "min",
"id": "P260819.l405d9",
"ref": "P260819.54.3",
"inst": "min[two]",
"sig": "@dcclt%sux:min=min[two//two]NU'NU$min/min#~",
"f": {"lang": "sux",
"form": "min",
"cf": "min",
"gw": "two",
"sense": "two",
"norm0": "min",
"pos": "NU",
"epos": "NU",
"base": "min",
"morph": "~"}
}
,
{
"node": "d",
"type": "field-end",
"subtype": "wp"}
,
{
"node": "d",
"type": "cell-end"}
,
{
"node": "d",
"type": "cell-start"}
,
{
"node": "d",
"type": "field-start",
"subtype": "eq"}
,
{
"node": "l",
"frag": "har-ha-zi-in-ni",
"id": "P260819.l405da",
"ref": "P260819.54.4",
"inst": "harhazinnu[(outer) ear]N$harhazinni",
"sig": "@dcclt%akk:har-ha-zi-in-ni=harhazinnu[(outer) ear//(outer) ear]N'N$harhazinni",
"f": {"lang": "akk",
"form": "har-ha-zi-in-ni",
"cf": "harhazinnu",
"gw": "(outer) ear",
"sense": "(outer) ear",
"norm": "harhazinni",
"pos": "N",
"epos": "N"}
}
,
{
"node": "d",
"type": "field-end",
"subtype": "eq"}
,
{
"node": "d",
"type": "cell-end"}
,
{
"node": "d",
"type": "line-start",
"ref": "P260819.55",
"n": "20",
"label": "r ii 20"}
,
{
"node": "d",
"type": "cell-start"}
,
{
"node": "d",
"type": "field-start",
"subtype": "wp"}
,
{
"node": "l",
"frag": "{[uzu]}gu₂",
"id": "P260819.l405db",
"ref": "P260819.55.1",
"inst": "gu[neck]",
"sig": "@dcclt%sux:{uzu}gu₂=gu[neck//neck]N'N$gu/{uzu}gu₂#~",
"f": {"lang": "sux",
"form": "{uzu}gu₂",
"cf": "gu",
"gw": "neck",
"sense": "neck",
"norm0": "gu",
"pos": "N",
"epos": "N",
"base": "{uzu}gu₂",
"morph": "~"}
}
,
{
"node": "d",
"type": "field-end",
"subtype": "wp"}
,
{
"node": "d",
"type": "cell-end"}
,
{
"node": "d",
"type": "cell-start"}
,
{
"node": "d",
"type": "field-start",
"subtype": "eq"}
,
{
"node": "l",
"frag": "ki-ša₂-du",
"id": "P260819.l405dc",
"ref": "P260819.55.2",
"inst": "kišādu[neck]N",
"sig": "@dcclt%akk:ki-ša₂-du=kišādu[neck//neck]N'N$kišādu",
"f": {"lang": "akk",
"form": "ki-ša₂-du",
"cf": "kišādu",
"gw": "neck",
"sense": "neck",
"norm": "kišādu",
"pos": "N",
"epos": "N"}
}
,
{
"node": "d",
"type": "field-end",
"subtype": "eq"}
,
{
"node": "d",
"type": "cell-end"}
,
{
"node": "d",
"type": "line-start",
"ref": "P260819.56",
"n": "21",
"label": "r ii 21"}
,
{
"node": "d",
"type": "cell-start"}
,
{
"node": "d",
"type": "field-start",
"subtype": "wp"}
,
{
"node": "l",
"frag": "{⸢uzu⸣}gu₂-tal₂",
"id": "P260819.l405dd",
"ref": "P260819.56.1",
"inst": "gutar[back]",
"sig": "@dcclt%sux:{uzu}gu₂-tal₂=gutar[back//back]N'N$gutar/{uzu}gu₂-tal₂#~",
"f": {"lang": "sux",
"form": "{uzu}gu₂-tal₂",
"cf": "gutar",
"gw": "back",
"sense": "back",
"norm0": "gutar",
"pos": "N",
"epos": "N",
"base": "{uzu}gu₂-tal₂",
"morph": "~"}
}
,
{
"node": "d",
"type": "field-end",
"subtype": "wp"}
,
{
"node": "d",
"type": "cell-end"}
,
{
"node": "d",
"type": "cell-start"}
,
{
"node": "d",
"type": "field-start",
"subtype": "eq"}
,
{
"node": "l",
"frag": "ku-tal-lu",
"id": "P260819.l405de",
"ref": "P260819.56.2",
"inst": "kutallu[back]N$",
"sig": "@dcclt%akk:ku-tal-lu=kutallu[rear//back]N'N$kutallu",
"f": {"lang": "akk",
"form": "ku-tal-lu",
"cf": "kutallu",
"gw": "rear",
"sense": "back",
"norm": "kutallu",
"pos": "N",
"epos": "N"}
}
,
{
"node": "d",
"type": "field-end",
"subtype": "eq"}
,
{
"node": "d",
"type": "cell-end"}
,
{
"node": "d",
"type": "line-start",
"ref": "P260819.57",
"n": "22",
"label": "r ii 22"}
,
{
"node": "d",
"type": "cell-start"}
,
{
"node": "d",
"type": "field-start",
"subtype": "wp"}
,
{
"node": "l",
"frag": "{uzu}gu₂-tal₂",
"id": "P260819.l405df",
"ref": "P260819.57.1",
"inst": "gutar[back]",
"sig": "@dcclt%sux:{uzu}gu₂-tal₂=gutar[back//back]N'N$gutar/{uzu}gu₂-tal₂#~",
"f": {"lang": "sux",
"form": "{uzu}gu₂-tal₂",
"cf": "gutar",
"gw": "back",
"sense": "back",
"norm0": "gutar",
"pos": "N",
"epos": "N",
"base": "{uzu}gu₂-tal₂",
"morph": "~"}
}
,
{
"node": "d",
"type": "field-end",
"subtype": "wp"}
,
{
"node": "d",
"type": "cell-end"}
,
{
"node": "d",
"type": "cell-start"}
,
{
"node": "d",
"type": "field-start",
"subtype": "eq"}
,
{
"node": "l",
"frag": "e-ru-tum",
"id": "P260819.l405e0",
"ref": "P260819.57.2",
"inst": "erûtum[back]N",
"sig": "@dcclt%akk:e-ru-tum=erûtu[back//back]N'N$erûtum",
"f": {"lang": "akk",
"form": "e-ru-tum",
"cf": "erûtu",
"gw": "back",
"sense": "back",
"norm": "erûtum",
"pos": "N",
"epos": "N"}
}
,
{
"node": "d",
"type": "field-end",
"subtype": "eq"}
,
{
"node": "d",
"type": "cell-end"}
,
{
"node": "d",
"type": "line-start",
"ref": "P260819.58",
"n": "23",
"label": "r ii 23"}
,
{
"node": "d",
"type": "cell-start"}
,
{
"node": "d",
"type": "field-start",
"subtype": "wp"}
,
{
"node": "l",
"frag": "{uzu}gu₂-haš",
"id": "P260819.l405e1",
"ref": "P260819.58.1",
"inst": "guhaš[nape]",
"sig": "@dcclt%sux:{uzu}gu₂-haš=guhaš[nape//nape of the neck]N'N$guhaš/{uzu}gu₂-haš#~",
"f": {"lang": "sux",
"form": "{uzu}gu₂-haš",
"cf": "guhaš",
"gw": "nape",
"sense": "nape of the neck",
"norm0": "guhaš",
"pos": "N",
"epos": "N",
"base": "{uzu}gu₂-haš",
"morph": "~"}
}
,
{
"node": "d",
"type": "field-end",
"subtype": "wp"}
,
{
"node": "d",
"type": "cell-end"}
,
{
"node": "d",
"type": "cell-start"}
,
{
"node": "d",
"type": "field-start",
"subtype": "eq"}
,
{
"node": "d",
"type": "nonw",
"ref": "P260819.58.2",
"lang": "akk",
"type": "surro"}
,
{
"node": "l",
"id": "P260819.l405e2",
"ref": "P260819.58.3",
"inst": "erûtum[back]N",
"sig": "@dcclt%akk:e-ru-tum=erûtu[back//back]N'N$erûtum",
"f": {"lang": "akk",
"form": "e-ru-tum",
"cf": "erûtu",
"gw": "back",
"sense": "back",
"norm": "erûtum",
"pos": "N",
"epos": "N"}
}
,
{
"node": "d",
"type": "field-end",
"subtype": "eq"}
,
{
"node": "d",
"type": "cell-end"}
,
{
"node": "d",
"type": "line-start",
"ref": "P260819.59",
"n": "24",
"label": "r ii 24"}
,
{
"node": "d",
"type": "cell-start"}
,
{
"node": "d",
"type": "field-start",
"subtype": "wp"}
,
{
"node": "l",
"frag": "{uzu}gu₂-bal",
"id": "P260819.l405e3",
"ref": "P260819.59.1",
"inst": "gubar[nape]",
"sig": "@dcclt%sux:{uzu}gu₂-bal=gubar[nape//nape of the neck]N'N$gubar/{uzu}gu₂-bal#~",
"f": {"lang": "sux",
"form": "{uzu}gu₂-bal",
"cf": "gubar",
"gw": "nape",
"sense": "nape of the neck",
"norm0": "gubar",
"pos": "N",
"epos": "N",
"base": "{uzu}gu₂-bal",
"morph": "~"}
}
,
{
"node": "d",
"type": "field-end",
"subtype": "wp"}
,
{
"node": "d",
"type": "cell-end"}
,
{
"node": "d",
"type": "cell-start"}
,
{
"node": "d",
"type": "field-start",
"subtype": "eq"}
,
{
"node": "d",
"type": "nonw",
"ref": "P260819.59.2",
"lang": "akk",
"type": "surro"}
,
{
"node": "l",
"id": "P260819.l405e4",
"ref": "P260819.59.3",
"inst": "erûtum[back]N",
"sig": "@dcclt%akk:e-ru-tum=erûtu[back//back]N'N$erûtum",
"f": {"lang": "akk",
"form": "e-ru-tum",
"cf": "erûtu",
"gw": "back",
"sense": "back",
"norm": "erûtum",
"pos": "N",
"epos": "N"}
}
,
{
"node": "d",
"type": "field-end",
"subtype": "eq"}
,
{
"node": "d",
"type": "cell-end"}
,
{
"node": "d",
"type": "line-start",
"ref": "P260819.60",
"n": "25",
"label": "r ii 25"}
,
{
"node": "d",
"type": "cell-start"}
,
{
"node": "d",
"type": "field-start",
"subtype": "wp"}
,
{
"node": "l",
"frag": "{uzu}sa",
"id": "P260819.l405e5",
"ref": "P260819.60.1",
"inst": "sa[sinew]",
"sig": "@dcclt%sux:{uzu}sa=sa[sinew//sinew]N'N$sa/{uzu}sa#~",
"f": {"lang": "sux",
"form": "{uzu}sa",
"cf": "sa",
"gw": "sinew",
"sense": "sinew",
"norm0": "sa",
"pos": "N",
"epos": "N",
"base": "{uzu}sa",
"morph": "~"}
}
,
{
"node": "l",
"frag": "gu₂",
"id": "P260819.l405e6",
"ref": "P260819.60.2",
"inst": "gu[neck]",
"sig": "@dcclt%sux:gu₂=gu[neck//neck]N'N$gu/gu₂#~",
"f": {"lang": "sux",
"form": "gu₂",
"cf": "gu",
"gw": "neck",
"sense": "neck",
"norm0": "gu",
"pos": "N",
"epos": "N",
"base": "gu₂",
"morph": "~"}
}
,
{
"node": "d",
"type": "field-end",
"subtype": "wp"}
,
{
"node": "d",
"type": "cell-end"}
,
{
"node": "d",
"type": "cell-start"}
,
{
"node": "d",
"type": "field-start",
"subtype": "eq"}
,
{
"node": "l",
"frag": "da-da-nu",
"id": "P260819.l405e7",
"ref": "P260819.60.3",
"inst": "dâdānu[tendon of the neck]N$",
"sig": "@dcclt%akk:da-da-nu=dâdānu[tendon of the neck//tendon of the neck]N'N$dâdānu",
"f": {"lang": "akk",
"form": "da-da-nu",
"cf": "dâdānu",
"gw": "tendon of the neck",
"sense": "tendon of the neck",
"norm": "dâdānu",
"pos": "N",
"epos": "N"}
}
,
{
"node": "d",
"type": "field-end",
"subtype": "eq"}
,
{
"node": "d",
"type": "cell-end"}
,
{
"node": "d",
"type": "line-start",
"ref": "P260819.61",
"n": "26",
"label": "r ii 26"}
,
{
"node": "d",
"type": "cell-start"}
,
{
"node": "d",
"type": "field-start",
"subtype": "wp"}
,
{
"node": "l",
"frag": "{uzu}sa",
"id": "P260819.l405e8",
"ref": "P260819.61.1",
"inst": "sa[sinew]",
"sig": "@dcclt%sux:{uzu}sa=sa[sinew//sinew]N'N$sa/{uzu}sa#~",
"f": {"lang": "sux",
"form": "{uzu}sa",
"cf": "sa",
"gw": "sinew",
"sense": "sinew",
"norm0": "sa",
"pos": "N",
"epos": "N",
"base": "{uzu}sa",
"morph": "~"}
}
,
{
"node": "l",
"frag": "gu₂",
"id": "P260819.l405e9",
"ref": "P260819.61.2",
"inst": "gu[neck]",
"sig": "@dcclt%sux:gu₂=gu[neck//neck]N'N$gu/gu₂#~",
"f": {"lang": "sux",
"form": "gu₂",
"cf": "gu",
"gw": "neck",
"sense": "neck",
"norm0": "gu",
"pos": "N",
"epos": "N",
"base": "gu₂",
"morph": "~"}
}
,
{
"node": "d",
"type": "field-end",
"subtype": "wp"}
,
{
"node": "d",
"type": "cell-end"}
,
{
"node": "d",
"type": "cell-start"}
,
{
"node": "d",
"type": "field-start",
"subtype": "eq"}
,
{
"node": "l",
"frag": "la-ba-nu",
"id": "P260819.l405ea",
"ref": "P260819.61.3",
"inst": "labiānu[neck-(tendons)]N$labânu",
"sig": "@dcclt%akk:la-ba-nu=labiānu[neck-(tendons)//neck-(tendons)]N'N$labânu",
"f": {"lang": "akk",
"form": "la-ba-nu",
"cf": "labiānu",
"gw": "neck-(tendons)",
"sense": "neck-(tendons)",
"norm": "labânu",
"pos": "N",
"epos": "N"}
}
,
{
"node": "d",
"type": "field-end",
"subtype": "eq"}
,
{
"node": "d",
"type": "cell-end"}
,
{
"node": "d",
"type": "line-start",
"ref": "P260819.62",
"n": "27",
"label": "r ii 27"}
,
{
"node": "d",
"type": "cell-start"}
,
{
"node": "d",
"type": "field-start",
"subtype": "wp"}
,
{
"node": "l",
"frag": "{uzu}sa",
"id": "P260819.l405eb",
"ref": "P260819.62.1",
"inst": "sa[sinew]",
"sig": "@dcclt%sux:{uzu}sa=sa[sinew//sinew]N'N$sa/{uzu}sa#~",
"f": {"lang": "sux",
"form": "{uzu}sa",
"cf": "sa",
"gw": "sinew",
"sense": "sinew",
"norm0": "sa",
"pos": "N",
"epos": "N",
"base": "{uzu}sa",
"morph": "~"}
}
,
{
"node": "l",
"frag": "bal",
"id": "P260819.l405ec",
"ref": "P260819.62.2",
"inst": "bar[outside//back]",
"sig": "@dcclt%sux:bal=bar[outside//back, shoulder]V/t'N$bar/bal#~",
"f": {"lang": "sux",
"form": "bal",
"cf": "bar",
"gw": "outside",
"sense": "back, shoulder",
"norm0": "bar",
"pos": "V/t",
"epos": "N",
"base": "bal",
"morph": "~"}
}
,
{
"node": "d",
"type": "field-end",
"subtype": "wp"}
,
{
"node": "d",
"type": "cell-end"}
,
{
"node": "d",
"type": "cell-start"}
,
{
"node": "d",
"type": "field-start",
"subtype": "eq"}
,
{
"node": "d",
"type": "nonw",
"ref": "P260819.62.3",
"lang": "akk",
"type": "surro"}
,
{
"node": "l",
"id": "P260819.l405ed",
"ref": "P260819.62.4",
"inst": "labânu[neck-(tendons)]N",
"sig": "@dcclt%akk:la-ba-nu=labiānu[neck-(tendons)//neck-(tendons)]N'N$labânu",
"f": {"lang": "akk",
"form": "la-ba-nu",
"cf": "labiānu",
"gw": "neck-(tendons)",
"sense": "neck-(tendons)",
"norm": "labânu",
"pos": "N",
"epos": "N"}
}
,
{
"node": "d",
"type": "field-end",
"subtype": "eq"}
,
{
"node": "d",
"type": "cell-end"}
,
{
"node": "d",
"type": "line-start",
"ref": "P260819.63",
"n": "28",
"label": "r ii 28"}
,
{
"node": "d",
"type": "cell-start"}
,
{
"node": "d",
"type": "field-start",
"subtype": "wp"}
,
{
"node": "l",
"frag": "{uzu}gu₂-mur₇",
"id": "P260819.l405ee",
"ref": "P260819.63.1",
"inst": "gumur[spine]",
"sig": "@dcclt%sux:{uzu}gu₂-mur₇=gumur[spine//spine]N'N$gumur/{uzu}gu₂-mur₇#~",
"f": {"lang": "sux",
"form": "{uzu}gu₂-mur₇",
"cf": "gumur",
"gw": "spine",
"sense": "spine",
"norm0": "gumur",
"pos": "N",
"epos": "N",
"base": "{uzu}gu₂-mur₇",
"morph": "~"}
}
,
{
"node": "d",
"type": "field-end",
"subtype": "wp"}
,
{
"node": "d",
"type": "cell-end"}
,
{
"node": "d",
"type": "cell-start"}
,
{
"node": "d",
"type": "field-start",
"subtype": "eq"}
,
{
"node": "l",
"frag": "e-ṣe-[en-ṣe-ru]",
"id": "P260819.l405ef",
"ref": "P260819.63.2",
"inst": "eṣemṣēru[backbone]N$eṣenṣēru",
"sig": "@dcclt%akk:e-ṣe-en-ṣe-ru=eṣemṣēru[backbone//backbone]N'N$eṣenṣēru",
"f": {"lang": "akk",
"form": "e-ṣe-en-ṣe-ru",
"cf": "eṣemṣēru",
"gw": "backbone",
"sense": "backbone",
"norm": "eṣenṣēru",
"pos": "N",
"epos": "N"}
}
,
{
"node": "d",
"type": "field-end",
"subtype": "eq"}
,
{
"node": "d",
"type": "cell-end"}
,
{
"node": "d",
"type": "line-start",
"ref": "P260819.64",
"n": "29",
"label": "r ii 29"}
,
{
"node": "d",
"type": "cell-start"}
,
{
"node": "d",
"type": "field-start",
"subtype": "wp"}
,
{
"node": "l",
"frag": "{uzu}zu₂-kešda",
"id": "P260819.l405f0",
"ref": "P260819.64.1",
"inst": "zukešed[joint]",
"sig": "@dcclt%sux:{uzu}zu₂-kešda=zukešed[knot//joint]N'N$zukešed/{uzu}zu₂-kešda#~",
"f": {"lang": "sux",
"form": "{uzu}zu₂-kešda",
"cf": "zukešed",
"gw": "knot",
"sense": "joint",
"norm0": "zukešed",
"pos": "N",
"epos": "N",
"base": "{uzu}zu₂-kešda",
"morph": "~"}
}
,
{
"node": "l",
"frag": "gu₂-mur₇",
"id": "P260819.l405f1",
"ref": "P260819.64.2",
"inst": "gumur[spine]",
"sig": "@dcclt%sux:gu₂-mur₇=gumur[spine//spine]N'N$gumur/gu₂-mur₇#~",
"f": {"lang": "sux",
"form": "gu₂-mur₇",
"cf": "gumur",
"gw": "spine",
"sense": "spine",
"norm0": "gumur",
"pos": "N",
"epos": "N",
"base": "gu₂-mur₇",
"morph": "~"}
}
,
{
"node": "d",
"type": "field-end",
"subtype": "wp"}
,
{
"node": "d",
"type": "cell-end"}
,
{
"node": "d",
"type": "cell-start"}
,
{
"node": "d",
"type": "field-start",
"subtype": "eq"}
,
{
"node": "l",
"frag": "⸢ki⸣-[ṣir",
"id": "P260819.l405f2",
"ref": "P260819.64.3",
"inst": "kiṣir[knot//joint]N",
"sig": "@dcclt%akk:ki-ṣir=kiṣru[knot//joint]N'N$kiṣir",
"f": {"lang": "akk",
"form": "ki-ṣir",
"cf": "kiṣru",
"gw": "knot",
"sense": "joint",
"norm": "kiṣir",
"pos": "N",
"epos": "N"}
}
,
{
"node": "d",
"type": "nonw",
"ref": "P260819.64.4",
"lang": "akk",
"type": "surro"}
,
{
"node": "l",
"id": "P260819.l405f3",
"ref": "P260819.64.5",
"inst": "eṣenṣēru[backbone]",
"sig": "@dcclt%akk:e-ṣe-en-ṣe-ru=eṣemṣēru[backbone//backbone]N'N$eṣenṣēru",
"f": {"lang": "akk",
"form": "e-ṣe-en-ṣe-ru",
"cf": "eṣemṣēru",
"gw": "backbone",
"sense": "backbone",
"norm": "eṣenṣēru",
"pos": "N",
"epos": "N"}
}
,
{
"node": "d",
"type": "field-end",
"subtype": "eq"}
,
{
"node": "d",
"type": "cell-end"}
,
{
"node": "d",
"type": "line-start",
"ref": "P260819.65",
"n": "30",
"label": "r ii 30"}
,
{
"node": "d",
"type": "cell-start"}
,
{
"node": "d",
"type": "field-start",
"subtype": "wp"}
,
{
"node": "l",
"frag": "{uzu}zag-UDU",
"id": "P260819.l405f4",
"ref": "P260819.65.1",
"inst": "zag.UDU[shoulder]",
"sig": "@dcclt%sux:{uzu}zag-UDU=zag.UDU[shoulder//shoulder]N'N$zag.UDU/{uzu}zag-UDU#~",
"f": {"lang": "sux",
"form": "{uzu}zag-UDU",
"cf": "zag.UDU",
"gw": "shoulder",
"sense": "shoulder",
"norm0": "zag.UDU",
"pos": "N",
"epos": "N",
"base": "{uzu}zag-UDU",
"morph": "~"}
}
,
{
"node": "d",
"type": "field-end",
"subtype": "wp"}
,
{
"node": "d",
"type": "cell-end"}
,
{
"node": "d",
"type": "cell-start"}
,
{
"node": "d",
"type": "field-start",
"subtype": "eq"}
,
{
"node": "l",
"frag": "[...]",
"id": "P260819.l405f5",
"ref": "P260819.65.2",
"inst": "u",
"f": {"lang": "akk",
"form": "x",
"pos": "u"}
}
,
{
"node": "d",
"type": "field-end",
"subtype": "eq"}
,
{
"node": "d",
"type": "cell-end"}
]}
]}
]}
]}
