{
"type": "cdl",
  "source": "http://oracc.org/dcclt",
  "license": "This data is released under the CC0 license",
  "license-url": "https://creativecommons.org/publicdomain/zero/1.0/",
  "more-info": "http://oracc.org/doc/opendata/",
  "UTC-timestamp": "2017-05-19T18:25:23",
"project": "dcclt",
"textid": "P263111",
"cdl": [
{
"node": "c",
"type": "text",
"id": "P263111.U0",
"cdl": [
{
"node": "d",
"type": "object",
"ref": ""}
,
{
"node": "d",
"subtype": "obverse",
"type": "surface",
"ref": "P263111.o.1",
"type": "obverse",
"label": "o"}
,
{
"node": "c",
"type": "discourse",
"subtype": "body",
"id": "P263111.U1",
"cdl": [
{
"node": "c",
"type": "sentence",
"id": "P263111.U2",
"label": "o 1 - r 8'",
"cdl": [
{
"node": "d",
"type": "line-start",
"ref": "P263111.2",
"n": "1",
"label": "o 1"}
,
{
"node": "l",
"frag": "{[ŋeš}gur₂]",
"id": "P263111.l30dcf",
"ref": "P263111.2.1",
"inst": "gur[(circular) rim]N",
"sig": "@dcclt%sux:{ŋeš}gur₂=gur[rim//(circular) rim]N'N$gur/{ŋeš}gur₂#~",
"f": {"lang": "sux",
"form": "{ŋeš}gur₂",
"cf": "gur",
"gw": "rim",
"sense": "(circular) rim",
"norm0": "gur",
"pos": "N",
"epos": "N",
"base": "{ŋeš}gur₂",
"morph": "~"}
}
,
{
"node": "l",
"frag": "⸢balaŋ⸣",
"id": "P263111.l30dd0",
"ref": "P263111.2.2",
"inst": "balaŋ[a large drum or harp]N",
"sig": "@dcclt%sux:balaŋ=balaŋ[instrument//a large drum or harp]N'N$balaŋ/balaŋ#~",
"f": {"lang": "sux",
"form": "balaŋ",
"cf": "balaŋ",
"gw": "instrument",
"sense": "a large drum or harp",
"norm0": "balaŋ",
"pos": "N",
"epos": "N",
"base": "balaŋ",
"morph": "~"}
}
,
{
"node": "d",
"type": "line-start",
"ref": "P263111.3",
"n": "2",
"label": "o 2"}
,
{
"node": "l",
"frag": "{[ŋeš}gur₂]",
"id": "P263111.l30dd1",
"ref": "P263111.3.1",
"inst": "gur[(circular) rim]N",
"sig": "@dcclt%sux:{ŋeš}gur₂=gur[rim//(circular) rim]N'N$gur/{ŋeš}gur₂#~",
"f": {"lang": "sux",
"form": "{ŋeš}gur₂",
"cf": "gur",
"gw": "rim",
"sense": "(circular) rim",
"norm0": "gur",
"pos": "N",
"epos": "N",
"base": "{ŋeš}gur₂",
"morph": "~"}
}
,
{
"node": "l",
"frag": "balaŋ-di",
"id": "P263111.l30dd2",
"ref": "P263111.3.2",
"inst": "balaŋdi[a musical instrument]N",
"sig": "@dcclt%sux:balaŋ-di=balaŋdi[instrument//a musical instrument]N'N$balaŋdi/balaŋ-di#~",
"f": {"lang": "sux",
"form": "balaŋ-di",
"cf": "balaŋdi",
"gw": "instrument",
"sense": "a musical instrument",
"norm0": "balaŋdi",
"pos": "N",
"epos": "N",
"base": "balaŋ-di",
"morph": "~"}
}
,
{
"node": "d",
"type": "line-start",
"ref": "P263111.4",
"n": "3",
"label": "o 3"}
,
{
"node": "l",
"frag": "{[ŋeš}gur₂]",
"id": "P263111.l30dd3",
"ref": "P263111.4.1",
"inst": "gur[(circular) rim]N",
"sig": "@dcclt%sux:{ŋeš}gur₂=gur[rim//(circular) rim]N'N$gur/{ŋeš}gur₂#~",
"f": {"lang": "sux",
"form": "{ŋeš}gur₂",
"cf": "gur",
"gw": "rim",
"sense": "(circular) rim",
"norm0": "gur",
"pos": "N",
"epos": "N",
"base": "{ŋeš}gur₂",
"morph": "~"}
}
,
{
"node": "l",
"frag": "alal",
"id": "P263111.l30dd4",
"ref": "P263111.4.2",
"inst": "ala[drum]N",
"sig": "@dcclt%sux:alal=ala[drum//drum]N'N$ala/alal#~",
"f": {"lang": "sux",
"form": "alal",
"cf": "ala",
"gw": "drum",
"sense": "drum",
"norm0": "ala",
"pos": "N",
"epos": "N",
"base": "alal",
"morph": "~"}
}
,
{
"node": "d",
"type": "line-start",
"ref": "P263111.5",
"n": "4",
"label": "o 4"}
,
{
"node": "l",
"frag": "[ŋeš]-rin₂",
"id": "P263111.l30dd5",
"ref": "P263111.5.1",
"inst": "ŋešrin[scales]N",
"sig": "@dcclt%sux:ŋeš-rin₂=ŋešrin[scales//scales]N'N$ŋešrin/ŋeš-rin₂#~",
"f": {"lang": "sux",
"form": "ŋeš-rin₂",
"cf": "ŋešrin",
"gw": "scales",
"sense": "scales",
"norm0": "ŋešrin",
"pos": "N",
"epos": "N",
"base": "ŋeš-rin₂",
"morph": "~"}
}
,
{
"node": "d",
"type": "line-start",
"ref": "P263111.6",
"n": "5",
"label": "o 5"}
,
{
"node": "l",
"frag": "[ŋeš]-⸢rin₂⸣",
"id": "P263111.l30dd6",
"ref": "P263111.6.1",
"inst": "ŋešrin[scales]N",
"sig": "@dcclt%sux:ŋeš-rin₂=ŋešrin[scales//scales]N'N$ŋešrin/ŋeš-rin₂#~",
"f": {"lang": "sux",
"form": "ŋeš-rin₂",
"cf": "ŋešrin",
"gw": "scales",
"sense": "scales",
"norm0": "ŋešrin",
"pos": "N",
"epos": "N",
"base": "ŋeš-rin₂",
"morph": "~"}
}
,
{
"node": "l",
"frag": "tur-ra",
"id": "P263111.l30dd7",
"ref": "P263111.6.2",
"inst": "tur[(to be) small]V/i",
"sig": "@dcclt%sux:tur-ra=tur[small//(to be) small]V/i'V/i$tur;a/tur+-ra=r.a#~;a",
"f": {"lang": "sux",
"form": "tur-ra",
"cf": "tur",
"gw": "small",
"sense": "(to be) small",
"norm0": "tur;a",
"pos": "V/i",
"epos": "V/i",
"base": "tur",
"cont": "-ra=r.a",
"morph": "~;a"}
}
,
{
"node": "d",
"type": "line-start",
"ref": "P263111.7",
"n": "6",
"label": "o 6"}
,
{
"node": "l",
"frag": "[ŋeš-rin₂]",
"id": "P263111.l30dd8",
"ref": "P263111.7.1",
"inst": "ŋešrin[scales]N",
"sig": "@dcclt%sux:ŋeš-rin₂=ŋešrin[scales//scales]N'N$ŋešrin/ŋeš-rin₂#~",
"f": {"lang": "sux",
"form": "ŋeš-rin₂",
"cf": "ŋešrin",
"gw": "scales",
"sense": "scales",
"norm0": "ŋešrin",
"pos": "N",
"epos": "N",
"base": "ŋeš-rin₂",
"morph": "~"}
}
,
{
"node": "l",
"frag": "lul-a",
"id": "P263111.l30dd9",
"ref": "P263111.7.2",
"inst": "lul[false]",
"sig": "@dcclt%sux:lul-a=lul[false//false]V/i'V/i$lul;a/lul#~;a",
"f": {"lang": "sux",
"form": "lul-a",
"cf": "lul",
"gw": "false",
"sense": "false",
"norm0": "lul;a",
"pos": "V/i",
"epos": "V/i",
"base": "lul",
"morph": "~;a"}
}
,
{
"node": "d",
"type": "nonw",
"ref": ""}
,
{
"node": "d",
"type": "line-start",
"ref": "P263111.8",
"n": "7",
"label": "o 7"}
,
{
"node": "l",
"frag": "[ŋeš-rin₂]",
"id": "P263111.l30dda",
"ref": "P263111.8.1",
"inst": "ŋešrin[scales]N",
"sig": "@dcclt%sux:ŋeš-rin₂=ŋešrin[scales//scales]N'N$ŋešrin/ŋeš-rin₂#~",
"f": {"lang": "sux",
"form": "ŋeš-rin₂",
"cf": "ŋešrin",
"gw": "scales",
"sense": "scales",
"norm0": "ŋešrin",
"pos": "N",
"epos": "N",
"base": "ŋeš-rin₂",
"morph": "~"}
}
,
{
"node": "l",
"frag": "sal-la",
"id": "P263111.l30ddb",
"ref": "P263111.8.2",
"inst": "sal[(to be) thin, fine]V/i",
"sig": "@dcclt%sux:sal-la=sal[thin//(to be) thin, fine]V/i'V/i$sal;a/sal+-la=l.a#~;a",
"f": {"lang": "sux",
"form": "sal-la",
"cf": "sal",
"gw": "thin",
"sense": "(to be) thin, fine",
"norm0": "sal;a",
"pos": "V/i",
"epos": "V/i",
"base": "sal",
"cont": "-la=l.a",
"morph": "~;a"}
}
,
{
"node": "d",
"type": "line-start",
"ref": "P263111.9",
"n": "8",
"label": "o 8"}
,
{
"node": "l",
"frag": "[ŋeš-rin₂]",
"id": "P263111.l30ddc",
"ref": "P263111.9.1",
"inst": "ŋešrin[scales]N",
"sig": "@dcclt%sux:ŋeš-rin₂=ŋešrin[scales//scales]N'N$ŋešrin/ŋeš-rin₂#~",
"f": {"lang": "sux",
"form": "ŋeš-rin₂",
"cf": "ŋešrin",
"gw": "scales",
"sense": "scales",
"norm0": "ŋešrin",
"pos": "N",
"epos": "N",
"base": "ŋeš-rin₂",
"morph": "~"}
}
,
{
"node": "l",
"frag": "za₃-<<še₃>>-la₂",
"id": "P263111.l30ddd",
"ref": "P263111.9.2",
"inst": "zala[smashed]",
"sig": "@dcclt%sux:za₃-la₂=zala[smashed//smashed]N'N$zala/za₃-la₂#~",
"f": {"lang": "sux",
"form": "za₃-la₂",
"cf": "zala",
"gw": "smashed",
"sense": "smashed",
"norm0": "zala",
"pos": "N",
"epos": "N",
"base": "za₃-la₂",
"morph": "~"}
}
,
{
"node": "d",
"type": "nonw",
"ref": ""}
,
{
"node": "d",
"type": "line-start",
"ref": "P263111.10",
"n": "9",
"label": "o 9"}
,
{
"node": "l",
"frag": "[ŋeš-rin₂]",
"id": "P263111.l30dde",
"ref": "P263111.10.1",
"inst": "ŋešrin[scales]N",
"sig": "@dcclt%sux:ŋeš-rin₂=ŋešrin[scales//scales]N'N$ŋešrin/ŋeš-rin₂#~",
"f": {"lang": "sux",
"form": "ŋeš-rin₂",
"cf": "ŋešrin",
"gw": "scales",
"sense": "scales",
"norm0": "ŋešrin",
"pos": "N",
"epos": "N",
"base": "ŋeš-rin₂",
"morph": "~"}
}
,
{
"node": "l",
"frag": "aš",
"id": "P263111.l30ddf",
"ref": "P263111.10.2",
"inst": "aš[one]NU",
"sig": "@dcclt%sux:aš=aš[one//one]NU'NU$aš/aš#~",
"f": {"lang": "sux",
"form": "aš",
"cf": "aš",
"gw": "one",
"sense": "one",
"norm0": "aš",
"pos": "NU",
"epos": "NU",
"base": "aš",
"morph": "~"}
}
,
{
"node": "l",
"frag": "gun",
"id": "P263111.l30de0",
"ref": "P263111.10.3",
"inst": "gun[load]N",
"sig": "@dcclt%sux:gun=gun[load//load]N'N$gun/gun#~",
"f": {"lang": "sux",
"form": "gun",
"cf": "gun",
"gw": "load",
"sense": "load",
"norm0": "gun",
"pos": "N",
"epos": "N",
"base": "gun",
"morph": "~"}
}
,
{
"node": "d",
"type": "line-start",
"ref": "P263111.11",
"n": "10",
"label": "o 10"}
,
{
"node": "l",
"frag": "[ŋeš-rin₂]",
"id": "P263111.l30de1",
"ref": "P263111.11.1",
"inst": "ŋešrin[scales]N",
"sig": "@dcclt%sux:ŋeš-rin₂=ŋešrin[scales//scales]N'N$ŋešrin/ŋeš-rin₂#~",
"f": {"lang": "sux",
"form": "ŋeš-rin₂",
"cf": "ŋešrin",
"gw": "scales",
"sense": "scales",
"norm0": "ŋešrin",
"pos": "N",
"epos": "N",
"base": "ŋeš-rin₂",
"morph": "~"}
}
,
{
"node": "l",
"frag": "ma-na-la₂",
"id": "P263111.l30de2",
"ref": "P263111.11.2",
"inst": "manala[weighmaster]N",
"sig": "@dcclt%sux:ma-na-la₂=manala[weighmaster//weighmaster]N'N$manala/ma-na-la₂#~",
"f": {"lang": "sux",
"form": "ma-na-la₂",
"cf": "manala",
"gw": "weighmaster",
"sense": "weighmaster",
"norm0": "manala",
"pos": "N",
"epos": "N",
"base": "ma-na-la₂",
"morph": "~"}
}
,
{
"node": "d",
"type": "line-start",
"ref": "P263111.12",
"n": "11",
"label": "o 11"}
,
{
"node": "l",
"frag": "[...]",
"id": "P263111.l30de3",
"ref": "P263111.12.1",
"inst": "u",
"f": {"lang": "sux",
"form": "x",
"pos": "u"}
}
,
{
"node": "l",
"frag": "zi-ba-na",
"id": "P263111.l30de4",
"ref": "P263111.12.2",
"inst": "zibana[balance]N",
"sig": "@dcclt%sux:zi-ba-na=zibana[balance//part of a balance]N'N$zibana/zi-ba-na#~",
"f": {"lang": "sux",
"form": "zi-ba-na",
"cf": "zibana",
"gw": "balance",
"sense": "part of a balance",
"norm0": "zibana",
"pos": "N",
"epos": "N",
"base": "zi-ba-na",
"morph": "~"}
}
,
{
"node": "d",
"type": "line-start",
"ref": "P263111.13",
"n": "12",
"label": "o 12"}
,
{
"node": "l",
"frag": "[...",
"id": "P263111.l30de5",
"ref": "P263111.13.1",
"inst": "u",
"f": {"lang": "sux",
"form": "x",
"pos": "u"}
}
,
{
"node": "l",
"frag": "ŋeš]-rin₂",
"id": "P263111.l30de6",
"ref": "P263111.13.2",
"inst": "ŋešrin[scales]N",
"sig": "@dcclt%sux:ŋeš-rin₂=ŋešrin[scales//scales]N'N$ŋešrin/ŋeš-rin₂#~",
"f": {"lang": "sux",
"form": "ŋeš-rin₂",
"cf": "ŋešrin",
"gw": "scales",
"sense": "scales",
"norm0": "ŋešrin",
"pos": "N",
"epos": "N",
"base": "ŋeš-rin₂",
"morph": "~"}
}
,
{
"node": "d",
"type": "line-start",
"ref": "P263111.14",
"n": "13",
"label": "o 13"}
,
{
"node": "l",
"frag": "[...",
"id": "P263111.l30de7",
"ref": "P263111.14.1",
"inst": "u",
"f": {"lang": "sux",
"form": "x",
"pos": "u"}
}
,
{
"node": "l",
"frag": "ŋeš]-rin₂",
"id": "P263111.l30de8",
"ref": "P263111.14.2",
"inst": "ŋešrin[scales]N",
"sig": "@dcclt%sux:ŋeš-rin₂=ŋešrin[scales//scales]N'N$ŋešrin/ŋeš-rin₂#~",
"f": {"lang": "sux",
"form": "ŋeš-rin₂",
"cf": "ŋešrin",
"gw": "scales",
"sense": "scales",
"norm0": "ŋešrin",
"pos": "N",
"epos": "N",
"base": "ŋeš-rin₂",
"morph": "~"}
}
,
{
"node": "d",
"subtype": "reverse",
"type": "surface",
"ref": "P263111.r.15",
"type": "reverse",
"label": "r"}
,
{
"node": "d",
"type": "nonx",
"ref": "P263111.16",
"strict": "1",
"extent": "1",
"scope": "line",
"state": "traces"}
,
{
"node": "d",
"type": "line-start",
"ref": "P263111.17",
"n": "2'",
"label": "r 2'"}
,
{
"node": "l",
"frag": "[...]",
"id": "P263111.l30de9",
"ref": "P263111.17.1",
"inst": "u",
"f": {"lang": "sux",
"form": "x",
"pos": "u"}
}
,
{
"node": "l",
"frag": "AMAR/QUM",
"id": "P263111.l30dea",
"ref": "P263111.17.2",
"inst": "X",
"f": {"lang": "sux",
"form": "AMAR",
"pos": "X"}
}
,
{
"node": "d",
"type": "nonx",
"ref": "P263111.18",
"strict": "1",
"extent": "5",
"scope": "line",
"state": "traces"}
,
{
"node": "d",
"type": "line-start",
"ref": "P263111.19",
"n": "8'",
"label": "r 8'"}
,
{
"node": "l",
"frag": "[...]-si",
"id": "P263111.l30deb",
"ref": "P263111.19.1",
"inst": "si[to fill, load up]V/t",
"sig": "@dcclt%sux:x-si=si[fill//to fill, load up]V/t'V/t$x:si/si#x:~",
"f": {"lang": "sux",
"form": "x-si",
"cf": "si",
"gw": "fill",
"sense": "to fill, load up",
"norm0": "x:si",
"pos": "V/t",
"epos": "V/t",
"base": "si",
"morph": "x:~"}
}
,
{
"node": "d",
"type": "nonx",
"ref": "P263111.20",
"strict": "1",
"extent": "3",
"scope": "line",
"state": "traces"}
,
{
"node": "d",
"type": "nonx",
"ref": "P263111.21",
"strict": "1",
"extent": "rest",
"scope": "reverse",
"state": "missing"}
]}
]}
]}
]}
