{
"type": "cdl",
  "source": "http://oracc.org/dcclt",
  "license": "This data is released under the CC0 license",
  "license-url": "https://creativecommons.org/publicdomain/zero/1.0/",
  "more-info": "http://oracc.org/doc/opendata/",
  "UTC-timestamp": "2017-05-19T18:25:24",
"project": "dcclt",
"textid": "P266180",
"cdl": [
{
"node": "c",
"type": "text",
"id": "P266180.U0",
"cdl": [
{
"node": "d",
"type": "object",
"ref": ""}
,
{
"node": "d",
"subtype": "obverse",
"type": "surface",
"ref": "P266180.o.1",
"type": "obverse",
"label": "o"}
,
{
"node": "d",
"type": "nonx",
"ref": "P266180.2",
"strict": "0",
"state": "other"}
,
{
"node": "c",
"type": "discourse",
"subtype": "body",
"id": "P266180.U1",
"cdl": [
{
"node": "c",
"type": "sentence",
"id": "P266180.U2",
"label": "o 1 - o 2",
"cdl": [
{
"node": "d",
"type": "line-start",
"ref": "P266180.3",
"n": "1",
"label": "o 1"}
,
{
"node": "l",
"frag": "inim",
"id": "P266180.l18522",
"ref": "P266180.3.1",
"inst": "inim[word]",
"sig": "@dcclt%sux:inim=inim[word//word]N'N$inim/inim#~",
"f": {"lang": "sux",
"form": "inim",
"cf": "inim",
"gw": "word",
"sense": "word",
"norm0": "inim",
"pos": "N",
"epos": "N",
"base": "inim",
"morph": "~"}
}
,
{
"node": "l",
"frag": "zid",
"id": "P266180.l18523",
"ref": "P266180.3.2",
"inst": "zid[true]",
"sig": "@dcclt%sux:zid=zid[right//(to be) right, true, loyal]V/i'V/i$zid/zid#~",
"f": {"lang": "sux",
"form": "zid",
"cf": "zid",
"gw": "right",
"sense": "(to be) right, true, loyal",
"norm0": "zid",
"pos": "V/i",
"epos": "V/i",
"base": "zid",
"morph": "~"}
}
,
{
"node": "d",
"type": "line-start",
"ref": "P266180.4",
"n": "2",
"label": "o 2"}
,
{
"node": "l",
"frag": "inim",
"id": "P266180.l18524",
"ref": "P266180.4.1",
"inst": "inim[word]",
"sig": "@dcclt%sux:inim=inim[word//word]N'N$inim/inim#~",
"f": {"lang": "sux",
"form": "inim",
"cf": "inim",
"gw": "word",
"sense": "word",
"norm0": "inim",
"pos": "N",
"epos": "N",
"base": "inim",
"morph": "~"}
}
,
{
"node": "l",
"frag": "lul",
"id": "P266180.l18525",
"ref": "P266180.4.2",
"inst": "lul[false]",
"sig": "@dcclt%sux:lul=lul[false//false]V/i'V/i$lul/lul#~",
"f": {"lang": "sux",
"form": "lul",
"cf": "lul",
"gw": "false",
"sense": "false",
"norm0": "lul",
"pos": "V/i",
"epos": "V/i",
"base": "lul",
"morph": "~"}
}
]}
]}
]}
]}
