{
"type": "cdl",
  "source": "http://oracc.org/dcclt",
  "license": "This data is released under the CC0 license",
  "license-url": "https://creativecommons.org/publicdomain/zero/1.0/",
  "more-info": "http://oracc.org/doc/opendata/",
  "UTC-timestamp": "2017-05-19T18:25:24",
"project": "dcclt",
"textid": "P267027",
"cdl": [
{
"node": "c",
"type": "text",
"id": "P267027.U0",
"cdl": [
{
"node": "d",
"type": "object",
"ref": ""}
,
{
"node": "d",
"subtype": "obverse",
"type": "surface",
"ref": "P267027.o.1",
"type": "obverse",
"label": "o"}
,
{
"node": "d",
"subtype": "column 1o  frg.1",
"type": "column",
"ref": "P267027.o.i.frg.1.2",
"n": "1",
"label": "o i frg.1"}
,
{
"node": "d",
"type": "nonx",
"ref": "P267027.3",
"strict": "1",
"extent": "1",
"scope": "line",
"state": "traces"}
,
{
"node": "c",
"type": "discourse",
"subtype": "body",
"id": "P267027.U1",
"cdl": [
{
"node": "c",
"type": "sentence",
"id": "P267027.U2",
"label": "o i frg.1 2' - r i frg.3 13'",
"cdl": [
{
"node": "d",
"type": "line-start",
"ref": "P267027.4",
"n": "2'",
"label": "o i frg.1 2'"}
,
{
"node": "d",
"type": "cell-start"}
,
{
"node": "d",
"type": "field-start",
"subtype": "wp"}
,
{
"node": "l",
"frag": "{[u₂]}⸢hi⸣-ri₂-[in]",
"id": "P267027.l51339",
"ref": "P267027.4.1",
"inst": "hirim[grass]N",
"sig": "@dcclt%sux:{u₂}hi-ri₂-in=hirim[grass//a grass]N'N$hirim/{u₂}hi-ri₂-in#~",
"f": {"lang": "sux",
"form": "{u₂}hi-ri₂-in",
"cf": "hirim",
"gw": "grass",
"sense": "a grass",
"norm0": "hirim",
"pos": "N",
"epos": "N",
"base": "{u₂}hi-ri₂-in",
"morph": "~"}
}
,
{
"node": "d",
"type": "field-end",
"subtype": "wp"}
,
{
"node": "d",
"type": "cell-end"}
,
{
"node": "d",
"type": "cell-start"}
,
{
"node": "d",
"type": "field-start",
"subtype": "eq"}
,
{
"node": "l",
"frag": "[...]",
"id": "P267027.l5133a",
"ref": "P267027.4.2",
"inst": "u",
"f": {"lang": "akk",
"form": "x",
"pos": "u"}
}
,
{
"node": "d",
"type": "field-end",
"subtype": "eq"}
,
{
"node": "d",
"type": "cell-end"}
,
{
"node": "d",
"type": "line-start",
"ref": "P267027.5",
"n": "3'",
"label": "o i frg.1 3'"}
,
{
"node": "d",
"type": "cell-start"}
,
{
"node": "d",
"type": "field-start",
"subtype": "wp"}
,
{
"node": "l",
"frag": "{[u₂]}⸢urin⸣",
"id": "P267027.l5133b",
"ref": "P267027.5.1",
"inst": "urin[standard]N",
"sig": "@dcclt%sux:{u₂}urin=urin[standard//standard]N'N$urin/{u₂}urin#~",
"f": {"lang": "sux",
"form": "{u₂}urin",
"cf": "urin",
"gw": "standard",
"sense": "standard",
"norm0": "urin",
"pos": "N",
"epos": "N",
"base": "{u₂}urin",
"morph": "~"}
}
,
{
"node": "l",
"frag": "[gal]",
"id": "P267027.l5133c",
"ref": "P267027.5.2",
"inst": "gal[big]",
"sig": "@dcclt%sux:gal=gal[big//big]V/i'V/i$gal/gal#~",
"f": {"lang": "sux",
"form": "gal",
"cf": "gal",
"gw": "big",
"sense": "big",
"norm0": "gal",
"pos": "V/i",
"epos": "V/i",
"base": "gal",
"morph": "~"}
}
,
{
"node": "d",
"type": "field-end",
"subtype": "wp"}
,
{
"node": "d",
"type": "cell-end"}
,
{
"node": "d",
"type": "cell-start"}
,
{
"node": "d",
"type": "field-start",
"subtype": "eq"}
,
{
"node": "l",
"frag": "[...]",
"id": "P267027.l5133d",
"ref": "P267027.5.3",
"inst": "u",
"f": {"lang": "akk",
"form": "x",
"pos": "u"}
}
,
{
"node": "d",
"type": "field-end",
"subtype": "eq"}
,
{
"node": "d",
"type": "cell-end"}
,
{
"node": "d",
"type": "line-start",
"ref": "P267027.6",
"n": "4'",
"label": "o i frg.1 4'"}
,
{
"node": "d",
"type": "cell-start"}
,
{
"node": "d",
"type": "field-start",
"subtype": "wp"}
,
{
"node": "l",
"frag": "{[u₂]}⸢saŋ⸣",
"id": "P267027.l5133e",
"ref": "P267027.6.1",
"inst": "saŋ[head]N",
"sig": "@dcclt%sux:{u₂}saŋ=saŋ[head//head]N'N$saŋ/{u₂}saŋ#~",
"f": {"lang": "sux",
"form": "{u₂}saŋ",
"cf": "saŋ",
"gw": "head",
"sense": "head",
"norm0": "saŋ",
"pos": "N",
"epos": "N",
"base": "{u₂}saŋ",
"morph": "~"}
}
,
{
"node": "l",
"frag": "hirinₓ(IL₂)",
"id": "P267027.l5133f",
"ref": "P267027.6.2",
"inst": "hirim[grass]N",
"sig": "@dcclt%sux:hirinₓ(IL₂)=hirim[grass//a grass]N'N$hirim/hirinₓ(IL₂)#~",
"f": {"lang": "sux",
"form": "hirinₓ(IL₂)",
"cf": "hirim",
"gw": "grass",
"sense": "a grass",
"norm0": "hirim",
"pos": "N",
"epos": "N",
"base": "hirinₓ(IL₂)",
"morph": "~"}
}
,
{
"node": "d",
"type": "field-end",
"subtype": "wp"}
,
{
"node": "d",
"type": "cell-end"}
,
{
"node": "d",
"type": "cell-start"}
,
{
"node": "d",
"type": "field-start",
"subtype": "eq"}
,
{
"node": "l",
"frag": "[...]",
"id": "P267027.l51340",
"ref": "P267027.6.3",
"inst": "u",
"f": {"lang": "akk",
"form": "x",
"pos": "u"}
}
,
{
"node": "d",
"type": "field-end",
"subtype": "eq"}
,
{
"node": "d",
"type": "cell-end"}
,
{
"node": "d",
"type": "nonx",
"ref": "P267027.7",
"strict": "1",
"extent": "1",
"scope": "line",
"state": "traces"}
,
{
"node": "d",
"type": "line-start",
"ref": "P267027.8",
"n": "6'",
"label": "o i frg.1 6'"}
,
{
"node": "d",
"type": "cell-start"}
,
{
"node": "d",
"type": "field-start",
"subtype": "wp"}
,
{
"node": "l",
"frag": "{[u₂]}⸢rib⸣-[ba]",
"id": "P267027.l51341",
"ref": "P267027.8.1",
"inst": "ribba[plant]",
"sig": "@dcclt%sux:{u₂}rib-ba=ribba[plant//type of plant]N'N$ribba/{u₂}rib-ba#~",
"f": {"lang": "sux",
"form": "{u₂}rib-ba",
"cf": "ribba",
"gw": "plant",
"sense": "type of plant",
"norm0": "ribba",
"pos": "N",
"epos": "N",
"base": "{u₂}rib-ba",
"morph": "~"}
}
,
{
"node": "d",
"type": "field-end",
"subtype": "wp"}
,
{
"node": "d",
"type": "cell-end"}
,
{
"node": "d",
"type": "cell-start"}
,
{
"node": "d",
"type": "field-start",
"subtype": "eq"}
,
{
"node": "l",
"frag": "[...]",
"id": "P267027.l51342",
"ref": "P267027.8.2",
"inst": "u",
"f": {"lang": "akk",
"form": "x",
"pos": "u"}
}
,
{
"node": "d",
"type": "field-end",
"subtype": "eq"}
,
{
"node": "d",
"type": "cell-end"}
,
{
"node": "d",
"type": "line-start",
"ref": "P267027.9",
"n": "7'",
"label": "o i frg.1 7'"}
,
{
"node": "d",
"type": "cell-start"}
,
{
"node": "d",
"type": "field-start",
"subtype": "wp"}
,
{
"node": "l",
"frag": "{[u₂]}ŋiri₃-[...]",
"id": "P267027.l51343",
"ref": "P267027.9.1",
"inst": "u",
"f": {"lang": "sux",
"form": "{u₂}ŋiri₃-x",
"pos": "u"}
}
,
{
"node": "d",
"type": "field-end",
"subtype": "wp"}
,
{
"node": "d",
"type": "cell-end"}
,
{
"node": "d",
"type": "cell-start"}
,
{
"node": "d",
"type": "field-start",
"subtype": "eq"}
,
{
"node": "l",
"frag": "[...]",
"id": "P267027.l51344",
"ref": "P267027.9.2",
"inst": "u",
"f": {"lang": "akk",
"form": "x",
"pos": "u"}
}
,
{
"node": "d",
"type": "field-end",
"subtype": "eq"}
,
{
"node": "d",
"type": "cell-end"}
,
{
"node": "d",
"type": "line-start",
"ref": "P267027.10",
"n": "8'",
"label": "o i frg.1 8'"}
,
{
"node": "d",
"type": "cell-start"}
,
{
"node": "d",
"type": "field-start",
"subtype": "wp"}
,
{
"node": "l",
"frag": "{[u₂]}kul-[la]",
"id": "P267027.l51345",
"ref": "P267027.10.1",
"inst": "kul[plant]",
"sig": "@dcclt%sux:{u₂}kul-la=kul[plant//a plant, weed]N'N$kul/{u₂}kul-la#~",
"f": {"lang": "sux",
"form": "{u₂}kul-la",
"cf": "kul",
"gw": "plant",
"sense": "a plant, weed",
"norm0": "kul",
"pos": "N",
"epos": "N",
"base": "{u₂}kul-la",
"morph": "~"}
}
,
{
"node": "d",
"type": "field-end",
"subtype": "wp"}
,
{
"node": "d",
"type": "cell-end"}
,
{
"node": "d",
"type": "cell-start"}
,
{
"node": "d",
"type": "field-start",
"subtype": "eq"}
,
{
"node": "l",
"frag": "[...]",
"id": "P267027.l51346",
"ref": "P267027.10.2",
"inst": "u",
"f": {"lang": "akk",
"form": "x",
"pos": "u"}
}
,
{
"node": "d",
"type": "field-end",
"subtype": "eq"}
,
{
"node": "d",
"type": "cell-end"}
,
{
"node": "d",
"type": "line-start",
"ref": "P267027.11",
"n": "9'",
"label": "o i frg.1 9'"}
,
{
"node": "d",
"type": "cell-start"}
,
{
"node": "d",
"type": "field-start",
"subtype": "wp"}
,
{
"node": "l",
"frag": "{[u₂]}munzer(|KI.AN.ŠEŠ.KI|)",
"id": "P267027.l51347",
"ref": "P267027.11.1",
"inst": "munzer[licorice]",
"sig": "@dcclt%sux:{u₂}munzer(|KI.AN.ŠEŠ.KI|)=munzer[licorice//licorice]N'N$munzer/{u₂}munzer(|KI.AN.ŠEŠ.KI|)#~",
"f": {"lang": "sux",
"form": "{u₂}munzer(|KI.AN.ŠEŠ.KI|)",
"cf": "munzer",
"gw": "licorice",
"sense": "licorice",
"norm0": "munzer",
"pos": "N",
"epos": "N",
"base": "{u₂}munzer(|KI.AN.ŠEŠ.KI|)",
"morph": "~"}
}
,
{
"node": "d",
"type": "field-end",
"subtype": "wp"}
,
{
"node": "d",
"type": "cell-end"}
,
{
"node": "d",
"type": "cell-start"}
,
{
"node": "d",
"type": "field-start",
"subtype": "eq"}
,
{
"node": "l",
"frag": "[...]",
"id": "P267027.l51348",
"ref": "P267027.11.2",
"inst": "u",
"f": {"lang": "akk",
"form": "x",
"pos": "u"}
}
,
{
"node": "d",
"type": "field-end",
"subtype": "eq"}
,
{
"node": "d",
"type": "cell-end"}
,
{
"node": "d",
"type": "line-start",
"ref": "P267027.12",
"n": "10'",
"label": "o i frg.1 10'"}
,
{
"node": "d",
"type": "cell-start"}
,
{
"node": "d",
"type": "field-start",
"subtype": "wp"}
,
{
"node": "l",
"frag": "{[u₂]}munzer(|KI.AN.ŠEŠ.KI|)",
"id": "P267027.l51349",
"ref": "P267027.12.1",
"inst": "munzer[licorice]",
"sig": "@dcclt%sux:{u₂}munzer(|KI.AN.ŠEŠ.KI|)=munzer[licorice//licorice]N'N$munzer/{u₂}munzer(|KI.AN.ŠEŠ.KI|)#~",
"f": {"lang": "sux",
"form": "{u₂}munzer(|KI.AN.ŠEŠ.KI|)",
"cf": "munzer",
"gw": "licorice",
"sense": "licorice",
"norm0": "munzer",
"pos": "N",
"epos": "N",
"base": "{u₂}munzer(|KI.AN.ŠEŠ.KI|)",
"morph": "~"}
}
,
{
"node": "d",
"type": "field-end",
"subtype": "wp"}
,
{
"node": "d",
"type": "cell-end"}
,
{
"node": "d",
"type": "cell-start"}
,
{
"node": "d",
"type": "field-start",
"subtype": "eq"}
,
{
"node": "l",
"frag": "[...]",
"id": "P267027.l5134a",
"ref": "P267027.12.2",
"inst": "u",
"f": {"lang": "akk",
"form": "x",
"pos": "u"}
}
,
{
"node": "d",
"type": "field-end",
"subtype": "eq"}
,
{
"node": "d",
"type": "cell-end"}
,
{
"node": "d",
"type": "line-start",
"ref": "P267027.13",
"n": "11'",
"label": "o i frg.1 11'"}
,
{
"node": "d",
"type": "cell-start"}
,
{
"node": "d",
"type": "field-start",
"subtype": "wp"}
,
{
"node": "l",
"frag": "{[u₂]}mur-du-du",
"id": "P267027.l5134b",
"ref": "P267027.13.1",
"inst": "murdudu[plant]",
"sig": "@dcclt%sux:{u₂}mur-du-du=murdudu[plant//a plant]N'N$murdudu/{u₂}mur-du-du#~",
"f": {"lang": "sux",
"form": "{u₂}mur-du-du",
"cf": "murdudu",
"gw": "plant",
"sense": "a plant",
"norm0": "murdudu",
"pos": "N",
"epos": "N",
"base": "{u₂}mur-du-du",
"morph": "~"}
}
,
{
"node": "d",
"type": "field-end",
"subtype": "wp"}
,
{
"node": "d",
"type": "cell-end"}
,
{
"node": "d",
"type": "cell-start"}
,
{
"node": "d",
"type": "field-start",
"subtype": "eq"}
,
{
"node": "l",
"frag": "[...]",
"id": "P267027.l5134c",
"ref": "P267027.13.2",
"inst": "u",
"f": {"lang": "akk",
"form": "x",
"pos": "u"}
}
,
{
"node": "d",
"type": "field-end",
"subtype": "eq"}
,
{
"node": "d",
"type": "cell-end"}
,
{
"node": "d",
"type": "line-start",
"ref": "P267027.14",
"n": "12'",
"label": "o i frg.1 12'"}
,
{
"node": "d",
"type": "cell-start"}
,
{
"node": "d",
"type": "field-start",
"subtype": "wp"}
,
{
"node": "l",
"frag": "{[u₂]}aš-tal₂-[tal₂]",
"id": "P267027.l5134d",
"ref": "P267027.14.1",
"inst": "aštaltal[plant]",
"sig": "@dcclt%sux:{u₂}aš-tal₂-tal₂=aštaltal[plant//plant]N'N$aštaltal/{u₂}aš-tal₂-tal₂#~",
"f": {"lang": "sux",
"form": "{u₂}aš-tal₂-tal₂",
"cf": "aštaltal",
"gw": "plant",
"sense": "plant",
"norm0": "aštaltal",
"pos": "N",
"epos": "N",
"base": "{u₂}aš-tal₂-tal₂",
"morph": "~"}
}
,
{
"node": "d",
"type": "field-end",
"subtype": "wp"}
,
{
"node": "d",
"type": "cell-end"}
,
{
"node": "d",
"type": "cell-start"}
,
{
"node": "d",
"type": "field-start",
"subtype": "eq"}
,
{
"node": "l",
"frag": "[...]",
"id": "P267027.l5134e",
"ref": "P267027.14.2",
"inst": "u",
"f": {"lang": "akk",
"form": "x",
"pos": "u"}
}
,
{
"node": "d",
"type": "field-end",
"subtype": "eq"}
,
{
"node": "d",
"type": "cell-end"}
,
{
"node": "d",
"type": "line-start",
"ref": "P267027.15",
"n": "13'",
"label": "o i frg.1 13'"}
,
{
"node": "d",
"type": "cell-start"}
,
{
"node": "d",
"type": "field-start",
"subtype": "wp"}
,
{
"node": "l",
"frag": "[u₂]-{ŋeš}[hašhur]",
"id": "P267027.l5134f",
"ref": "P267027.15.1",
"inst": "uhašhurak[plant]N",
"sig": "@dcclt%sux:u₂-{ŋeš}hašhur=uhašhurak[plant//a plant]N'N$uhašhurak/u₂-{ŋeš}hašhur#~",
"f": {"lang": "sux",
"form": "u₂-{ŋeš}hašhur",
"cf": "uhašhurak",
"gw": "plant",
"sense": "a plant",
"norm0": "uhašhurak",
"pos": "N",
"epos": "N",
"base": "u₂-{ŋeš}hašhur",
"morph": "~"}
}
,
{
"node": "d",
"type": "field-end",
"subtype": "wp"}
,
{
"node": "d",
"type": "cell-end"}
,
{
"node": "d",
"type": "cell-start"}
,
{
"node": "d",
"type": "field-start",
"subtype": "eq"}
,
{
"node": "l",
"frag": "[...]",
"id": "P267027.l51350",
"ref": "P267027.15.2",
"inst": "u",
"f": {"lang": "akk",
"form": "x",
"pos": "u"}
}
,
{
"node": "d",
"type": "field-end",
"subtype": "eq"}
,
{
"node": "d",
"type": "cell-end"}
,
{
"node": "d",
"type": "line-start",
"ref": "P267027.16",
"n": "14'",
"label": "o i frg.1 14'"}
,
{
"node": "d",
"type": "cell-start"}
,
{
"node": "d",
"type": "field-start",
"subtype": "wp"}
,
{
"node": "l",
"frag": "{[u₂]}⸢am⸣-ha-[ra]",
"id": "P267027.l51351",
"ref": "P267027.16.1",
"inst": "amharu[plant]",
"sig": "@dcclt%sux:{u₂}am-ha-ra=amharu[plant//plant]N'N$amharu/{u₂}am-ha-ra#~",
"f": {"lang": "sux",
"form": "{u₂}am-ha-ra",
"cf": "amharu",
"gw": "plant",
"sense": "plant",
"norm0": "amharu",
"pos": "N",
"epos": "N",
"base": "{u₂}am-ha-ra",
"morph": "~"}
}
,
{
"node": "d",
"type": "field-end",
"subtype": "wp"}
,
{
"node": "d",
"type": "cell-end"}
,
{
"node": "d",
"type": "cell-start"}
,
{
"node": "d",
"type": "field-start",
"subtype": "eq"}
,
{
"node": "l",
"frag": "[...]",
"id": "P267027.l51352",
"ref": "P267027.16.2",
"inst": "u",
"f": {"lang": "akk",
"form": "x",
"pos": "u"}
}
,
{
"node": "d",
"type": "field-end",
"subtype": "eq"}
,
{
"node": "d",
"type": "cell-end"}
,
{
"node": "d",
"type": "nonx",
"ref": "P267027.17",
"strict": "0",
"extent": "n",
"scope": "line",
"state": "missing"}
,
{
"node": "d",
"type": "line-start",
"ref": "P267027.18",
"n": "1'",
"label": "o i frg.2 1'"}
,
{
"node": "d",
"type": "cell-start"}
,
{
"node": "d",
"type": "field-start",
"subtype": "wp"}
,
{
"node": "l",
"frag": "[...]-li",
"id": "P267027.l51353",
"ref": "P267027.18.1",
"inst": "u",
"f": {"lang": "sux",
"form": "x-li",
"pos": "u"}
}
,
{
"node": "d",
"type": "field-end",
"subtype": "wp"}
,
{
"node": "d",
"type": "cell-end"}
,
{
"node": "d",
"type": "cell-start"}
,
{
"node": "d",
"type": "field-start",
"subtype": "eq"}
,
{
"node": "l",
"frag": "[...]",
"id": "P267027.l51354",
"ref": "P267027.18.2",
"inst": "u",
"f": {"lang": "akk",
"form": "x",
"pos": "u"}
}
,
{
"node": "d",
"type": "field-end",
"subtype": "eq"}
,
{
"node": "d",
"type": "cell-end"}
,
{
"node": "d",
"type": "line-start",
"ref": "P267027.19",
"n": "2'",
"label": "o i frg.2 2'"}
,
{
"node": "d",
"type": "cell-start"}
,
{
"node": "d",
"type": "field-start",
"subtype": "wp"}
,
{
"node": "l",
"frag": "[...]-li",
"id": "P267027.l51355",
"ref": "P267027.19.1",
"inst": "u",
"f": {"lang": "sux",
"form": "x-li",
"pos": "u"}
}
,
{
"node": "d",
"type": "field-end",
"subtype": "wp"}
,
{
"node": "d",
"type": "cell-end"}
,
{
"node": "d",
"type": "cell-start"}
,
{
"node": "d",
"type": "field-start",
"subtype": "eq"}
,
{
"node": "l",
"frag": "[...]",
"id": "P267027.l51356",
"ref": "P267027.19.2",
"inst": "u",
"f": {"lang": "akk",
"form": "x",
"pos": "u"}
}
,
{
"node": "d",
"type": "field-end",
"subtype": "eq"}
,
{
"node": "d",
"type": "cell-end"}
,
{
"node": "d",
"type": "line-start",
"ref": "P267027.20",
"n": "3'",
"label": "o i frg.2 3'"}
,
{
"node": "d",
"type": "cell-start"}
,
{
"node": "d",
"type": "field-start",
"subtype": "wp"}
,
{
"node": "l",
"frag": "[...]-⸢TUM⸣",
"id": "P267027.l51357",
"ref": "P267027.20.1",
"inst": "u",
"f": {"lang": "sux",
"form": "x-TUM",
"pos": "u"}
}
,
{
"node": "d",
"type": "field-end",
"subtype": "wp"}
,
{
"node": "d",
"type": "cell-end"}
,
{
"node": "d",
"type": "cell-start"}
,
{
"node": "d",
"type": "field-start",
"subtype": "eq"}
,
{
"node": "l",
"frag": "[...]",
"id": "P267027.l51358",
"ref": "P267027.20.2",
"inst": "u",
"f": {"lang": "akk",
"form": "x",
"pos": "u"}
}
,
{
"node": "d",
"type": "field-end",
"subtype": "eq"}
,
{
"node": "d",
"type": "cell-end"}
,
{
"node": "d",
"subtype": "reverse",
"type": "surface",
"ref": "P267027.r.frg.2.21",
"type": "reverse",
"label": "r frg.2"}
,
{
"node": "d",
"subtype": "column 1r  frg.3",
"type": "column",
"ref": "P267027.r.i.frg.3.22",
"n": "1",
"label": "r i frg.3"}
,
{
"node": "d",
"type": "nonx",
"ref": "P267027.23",
"strict": "1",
"extent": "2",
"scope": "line",
"state": "traces"}
,
{
"node": "d",
"type": "line-start",
"ref": "P267027.24",
"n": "3'",
"label": "r i frg.3 3'"}
,
{
"node": "d",
"type": "cell-start"}
,
{
"node": "d",
"type": "field-start",
"subtype": "wp"}
,
{
"node": "l",
"frag": "[dim]-gi",
"id": "P267027.l51359",
"ref": "P267027.24.1",
"inst": "dimgi[plant]N",
"sig": "@dcclt%sux:dim-gi=dimgi[plant//a plant]N'N$dimgi/dim-gi#~",
"f": {"lang": "sux",
"form": "dim-gi",
"cf": "dimgi",
"gw": "plant",
"sense": "a plant",
"norm0": "dimgi",
"pos": "N",
"epos": "N",
"base": "dim-gi",
"morph": "~"}
}
,
{
"node": "d",
"type": "field-end",
"subtype": "wp"}
,
{
"node": "d",
"type": "cell-end"}
,
{
"node": "d",
"type": "cell-start"}
,
{
"node": "d",
"type": "field-start",
"subtype": "eq"}
,
{
"node": "l",
"frag": "ṣi-ip-pa-tum",
"id": "P267027.l5135a",
"ref": "P267027.24.2",
"inst": "ṣippatu[(a kind of reed)//(a vegetable)]N$ṣippatum",
"sig": "@dcclt%akk:ṣi-ip-pa-tum=ṣippatu[(a kind of reed)//(a vegetable)]N'N$ṣippatum",
"f": {"lang": "akk",
"form": "ṣi-ip-pa-tum",
"cf": "ṣippatu",
"gw": "(a kind of reed)",
"sense": "(a vegetable)",
"norm": "ṣippatum",
"pos": "N",
"epos": "N"}
}
,
{
"node": "d",
"type": "field-end",
"subtype": "eq"}
,
{
"node": "d",
"type": "cell-end"}
,
{
"node": "d",
"type": "line-start",
"ref": "P267027.25",
"n": "4'",
"label": "r i frg.3 4'"}
,
{
"node": "d",
"type": "cell-start"}
,
{
"node": "d",
"type": "field-start",
"subtype": "wp"}
,
{
"node": "l",
"frag": "[zi-ib-ba]-tum",
"id": "P267027.l5135b",
"ref": "P267027.25.1",
"inst": "zibatum[plant]N/zi-ib-ba-tum#~",
"sig": "@dcclt%sux:zi-ib-ba-tum=zibatum[plant//a plant]N'N$zibatum/zi-ib-ba-tum#~",
"f": {"lang": "sux",
"form": "zi-ib-ba-tum",
"cf": "zibatum",
"gw": "plant",
"sense": "a plant",
"norm0": "zibatum",
"pos": "N",
"epos": "N",
"base": "zi-ib-ba-tum",
"morph": "~"}
}
,
{
"node": "d",
"type": "field-end",
"subtype": "wp"}
,
{
"node": "d",
"type": "cell-end"}
,
{
"node": "d",
"type": "cell-start"}
,
{
"node": "d",
"type": "field-start",
"subtype": "eq"}
,
{
"node": "d",
"type": "nonw",
"ref": "P267027.25.2",
"lang": "akk",
"type": "surro"}
,
{
"node": "l",
"id": "P267027.l5135c",
"ref": "P267027.25.3",
"inst": "ṣippatum[(a vegetable)]N",
"sig": "@dcclt%akk:ṣi-ip-pa-tum=ṣippatu[(a kind of reed)//(a vegetable)]N'N$ṣippatum",
"f": {"lang": "akk",
"form": "ṣi-ip-pa-tum",
"cf": "ṣippatu",
"gw": "(a kind of reed)",
"sense": "(a vegetable)",
"norm": "ṣippatum",
"pos": "N",
"epos": "N"}
}
,
{
"node": "d",
"type": "field-end",
"subtype": "eq"}
,
{
"node": "d",
"type": "cell-end"}
,
{
"node": "d",
"type": "line-start",
"ref": "P267027.26",
"n": "5'",
"label": "r i frg.3 5'"}
,
{
"node": "d",
"type": "cell-start"}
,
{
"node": "d",
"type": "field-start",
"subtype": "wp"}
,
{
"node": "l",
"frag": "[...]-UŠ",
"id": "P267027.l5135d",
"ref": "P267027.26.1",
"inst": "u",
"f": {"lang": "sux",
"form": "x-UŠ",
"pos": "u"}
}
,
{
"node": "d",
"type": "field-end",
"subtype": "wp"}
,
{
"node": "d",
"type": "cell-end"}
,
{
"node": "d",
"type": "cell-start"}
,
{
"node": "d",
"type": "field-start",
"subtype": "eq"}
,
{
"node": "l",
"frag": "ŠU",
"id": "P267027.l5135e",
"ref": "P267027.26.2",
"inst": "u",
"f": {"lang": "akk",
"form": "ŠU",
"pos": "u"}
}
,
{
"node": "d",
"type": "field-end",
"subtype": "eq"}
,
{
"node": "d",
"type": "cell-end"}
,
{
"node": "d",
"type": "line-start",
"ref": "P267027.27",
"n": "6'",
"label": "r i frg.3 6'"}
,
{
"node": "d",
"type": "cell-start"}
,
{
"node": "d",
"type": "field-start",
"subtype": "wp"}
,
{
"node": "l",
"frag": "[...]-ŋeš",
"id": "P267027.l5135f",
"ref": "P267027.27.1",
"inst": "u",
"f": {"lang": "sux",
"form": "x-ŋeš",
"pos": "u"}
}
,
{
"node": "d",
"type": "field-end",
"subtype": "wp"}
,
{
"node": "d",
"type": "cell-end"}
,
{
"node": "d",
"type": "cell-start"}
,
{
"node": "d",
"type": "field-start",
"subtype": "eq"}
,
{
"node": "l",
"frag": "a-ku-ṣi-mu",
"id": "P267027.l51360",
"ref": "P267027.27.2",
"inst": "akuṣīmu[(a plant)]N$",
"sig": "@dcclt%akk:a-ku-ṣi-mu=akuṣīmu[(a plant)//(a plant)]N'N$akuṣīmu",
"f": {"lang": "akk",
"form": "a-ku-ṣi-mu",
"cf": "akuṣīmu",
"gw": "(a plant)",
"sense": "(a plant)",
"norm": "akuṣīmu",
"pos": "N",
"epos": "N"}
}
,
{
"node": "d",
"type": "field-end",
"subtype": "eq"}
,
{
"node": "d",
"type": "cell-end"}
,
{
"node": "d",
"type": "line-start",
"ref": "P267027.28",
"n": "7'",
"label": "r i frg.3 7'"}
,
{
"node": "d",
"type": "cell-start"}
,
{
"node": "d",
"type": "field-start",
"subtype": "wp"}
,
{
"node": "l",
"frag": "[maš-guru₅]-uš",
"id": "P267027.l51361",
"ref": "P267027.28.1",
"inst": "mašgurum[plant]N",
"sig": "@dcclt%sux:maš-guru₅-uš=mašgurum[plant//a plant]N'N$mašgurum/maš-guru₅-uš#~",
"f": {"lang": "sux",
"form": "maš-guru₅-uš",
"cf": "mašgurum",
"gw": "plant",
"sense": "a plant",
"norm0": "mašgurum",
"pos": "N",
"epos": "N",
"base": "maš-guru₅-uš",
"morph": "~"}
}
,
{
"node": "d",
"type": "field-end",
"subtype": "wp"}
,
{
"node": "d",
"type": "cell-end"}
,
{
"node": "d",
"type": "cell-start"}
,
{
"node": "d",
"type": "field-start",
"subtype": "eq"}
,
{
"node": "l",
"frag": "šar-ma-du",
"id": "P267027.l51362",
"ref": "P267027.28.2",
"inst": "šarmadu[(a medicinal plant)]N$",
"sig": "@dcclt%akk:šar-ma-du=šarmadu[(a medicinal plant)//(a medicinal plant)]N'N$šarmadu",
"f": {"lang": "akk",
"form": "šar-ma-du",
"cf": "šarmadu",
"gw": "(a medicinal plant)",
"sense": "(a medicinal plant)",
"norm": "šarmadu",
"pos": "N",
"epos": "N"}
}
,
{
"node": "d",
"type": "field-end",
"subtype": "eq"}
,
{
"node": "d",
"type": "cell-end"}
,
{
"node": "d",
"type": "line-start",
"ref": "P267027.29",
"n": "8'",
"label": "r i frg.3 8'"}
,
{
"node": "d",
"type": "cell-start"}
,
{
"node": "d",
"type": "field-start",
"subtype": "wp"}
,
{
"node": "l",
"frag": "[maš₂-gu]-⸢la⸣",
"id": "P267027.l51363",
"ref": "P267027.29.1",
"inst": "X",
"f": {"lang": "sux",
"form": "maš₂-gu-la",
"pos": "X"}
}
,
{
"node": "d",
"type": "field-end",
"subtype": "wp"}
,
{
"node": "d",
"type": "cell-end"}
,
{
"node": "d",
"type": "cell-start"}
,
{
"node": "d",
"type": "field-start",
"subtype": "eq"}
,
{
"node": "l",
"frag": "na-ga-ap-pu",
"id": "P267027.l51364",
"ref": "P267027.29.2",
"inst": "nagappu[sheaf//bundle]N$",
"sig": "@dcclt%akk:na-ga-ap-pu=nagappu[sheaf//bundle]N'N$nagappu",
"f": {"lang": "akk",
"form": "na-ga-ap-pu",
"cf": "nagappu",
"gw": "sheaf",
"sense": "bundle",
"norm": "nagappu",
"pos": "N",
"epos": "N"}
}
,
{
"node": "d",
"type": "field-end",
"subtype": "eq"}
,
{
"node": "d",
"type": "cell-end"}
,
{
"node": "d",
"type": "line-start",
"ref": "P267027.30",
"n": "9'",
"label": "r i frg.3 9'"}
,
{
"node": "d",
"type": "cell-start"}
,
{
"node": "d",
"type": "field-start",
"subtype": "wp"}
,
{
"node": "l",
"frag": "[maš₂-tur]-⸢ra⸣",
"id": "P267027.l51365",
"ref": "P267027.30.1",
"inst": "X",
"f": {"lang": "sux",
"form": "maš₂-tur-ra",
"pos": "X"}
}
,
{
"node": "d",
"type": "field-end",
"subtype": "wp"}
,
{
"node": "d",
"type": "cell-end"}
,
{
"node": "d",
"type": "cell-start"}
,
{
"node": "d",
"type": "field-start",
"subtype": "eq"}
,
{
"node": "d",
"type": "nonw",
"ref": "P267027.30.2",
"lang": "akk",
"type": "surro"}
,
{
"node": "l",
"id": "P267027.l51366",
"ref": "P267027.30.3",
"inst": "nagappu[bundle]N",
"sig": "@dcclt%akk:na-ga-ap-pu=nagappu[sheaf//bundle]N'N$nagappu",
"f": {"lang": "akk",
"form": "na-ga-ap-pu",
"cf": "nagappu",
"gw": "sheaf",
"sense": "bundle",
"norm": "nagappu",
"pos": "N",
"epos": "N"}
}
,
{
"node": "d",
"type": "field-end",
"subtype": "eq"}
,
{
"node": "d",
"type": "cell-end"}
,
{
"node": "d",
"type": "line-start",
"ref": "P267027.31",
"n": "10'",
"label": "r i frg.3 10'"}
,
{
"node": "d",
"type": "cell-start"}
,
{
"node": "d",
"type": "field-start",
"subtype": "wp"}
,
{
"node": "l",
"frag": "[maš]-maš",
"id": "P267027.l51367",
"ref": "P267027.31.1",
"inst": "u",
"f": {"lang": "sux",
"form": "maš-maš",
"pos": "u"}
}
,
{
"node": "d",
"type": "field-end",
"subtype": "wp"}
,
{
"node": "d",
"type": "cell-end"}
,
{
"node": "d",
"type": "cell-start"}
,
{
"node": "d",
"type": "field-start",
"subtype": "eq"}
,
{
"node": "l",
"frag": "ki-iš-[šu]",
"id": "P267027.l51368",
"ref": "P267027.31.2",
"inst": "kiššu[(reed-)bundle]N$",
"sig": "@dcclt%akk:ki-iš-šu=kiššu[(reed-)bundle//(reed-)bundle]N'N$kiššu",
"f": {"lang": "akk",
"form": "ki-iš-šu",
"cf": "kiššu",
"gw": "(reed-)bundle",
"sense": "(reed-)bundle",
"norm": "kiššu",
"pos": "N",
"epos": "N"}
}
,
{
"node": "d",
"type": "field-end",
"subtype": "eq"}
,
{
"node": "d",
"type": "cell-end"}
,
{
"node": "d",
"type": "nonx",
"ref": "P267027.32",
"strict": "1",
"extent": "2",
"scope": "line",
"state": "ruling"}
,
{
"node": "d",
"type": "line-start",
"ref": "P267027.33",
"n": "11'",
"label": "r i frg.3 11'"}
,
{
"node": "d",
"type": "cell-start"}
,
{
"node": "l",
"frag": "[...]-⸢si⸣",
"id": "P267027.l51369",
"ref": "P267027.33.1",
"inst": "u",
"f": {"lang": "akk",
"form": "x-si",
"pos": "u"}
}
,
{
"node": "l",
"frag": "7-AM₃",
"id": "P267027.l5136a",
"ref": "P267027.33.2",
"inst": "sebe[seven]NU",
"sig": "@dcclt%akk:7-AM₃=sebe[seven//seven]NU'NU$sebet",
"f": {"lang": "akk",
"form": "7-AM₃",
"cf": "sebe",
"gw": "seven",
"sense": "seven",
"norm": "sebet",
"pos": "NU",
"epos": "NU"}
}
,
{
"node": "l",
"frag": "MU",
"id": "P267027.l5136b",
"ref": "P267027.33.3",
"inst": "šumu[name//line]N$šumū",
"sig": "@dcclt%akk:MU=šumu[name//line]N'N$šumū",
"f": {"lang": "akk",
"form": "MU",
"cf": "šumu",
"gw": "name",
"sense": "line",
"norm": "šumū",
"pos": "N",
"epos": "N"}
}
,
{
"node": "l",
"frag": "ŠID-BI",
"id": "P267027.l5136c",
"ref": "P267027.33.4",
"inst": "manûtu[counted]AJ",
"sig": "@dcclt%akk:ŠID-BI=manû[counted//counted]AJ'AJ$manûtu",
"f": {"lang": "akk",
"form": "ŠID-BI",
"cf": "manû",
"gw": "counted",
"sense": "counted",
"norm": "manûtu",
"pos": "AJ",
"epos": "AJ"}
}
,
{
"node": "d",
"type": "cell-end"}
,
{
"node": "d",
"type": "line-start",
"ref": "P267027.34",
"n": "12'",
"label": "r i frg.3 12'"}
,
{
"node": "d",
"type": "cell-start"}
,
{
"node": "l",
"frag": "[...]-⸢KAM⸣.MA",
"id": "P267027.l5136d",
"ref": "P267027.34.1",
"inst": "u",
"f": {"lang": "akk",
"form": "x-KAM.MA",
"pos": "u"}
}
,
{
"node": "l",
"frag": "{⸢na₄⸣}ka-gi-na",
"id": "P267027.l5136e",
"ref": "P267027.34.2",
"inst": "kagina[haematite]",
"sig": "@dcclt%sux:{na₄}ka-gi-na=kagina[stone//haematite]N'N$kagina/{na₄}ka-gi-na#~",
"f": {"lang": "sux",
"form": "{na₄}ka-gi-na",
"cf": "kagina",
"gw": "stone",
"sense": "haematite",
"norm0": "kagina",
"pos": "N",
"epos": "N",
"base": "{na₄}ka-gi-na",
"morph": "~"}
}
,
{
"node": "l",
"frag": "[...]",
"id": "P267027.l5136f",
"ref": "P267027.34.3",
"inst": "u",
"f": {"lang": "sux",
"form": "x",
"pos": "u"}
}
,
{
"node": "d",
"type": "cell-end"}
,
{
"node": "d",
"type": "line-start",
"ref": "P267027.35",
"n": "13'",
"label": "r i frg.3 13'"}
,
{
"node": "d",
"type": "cell-start"}
,
{
"node": "l",
"frag": "[...]",
"id": "P267027.l51370",
"ref": "P267027.35.1",
"inst": "u",
"f": {"lang": "akk",
"form": "x",
"pos": "u"}
}
,
{
"node": "l",
"frag": "⸢ŠU⸣",
"id": "P267027.l51371",
"ref": "P267027.35.2",
"inst": "qāt[hand]N",
"sig": "@dcclt%akk:ŠU=qātu[hand//hand]N'N$qāt",
"f": {"lang": "akk",
"form": "ŠU",
"cf": "qātu",
"gw": "hand",
"sense": "hand",
"norm": "qāt",
"pos": "N",
"epos": "N"}
}
,
{
"node": "l",
"frag": "{m}{d}[EN].KI-⸢ib⸣-ni",
"id": "P267027.l51372",
"ref": "P267027.35.3",
"inst": "Ea-ibni[]PN$",
"sig": "@dcclt%akk:{m}{d}EN.KI-ib-ni=Ea-ibni[1//1]PN'PN$Ea-ibni",
"f": {"lang": "akk",
"form": "{m}{d}EN.KI-ib-ni",
"cf": "Ea-ibni",
"gw": "1",
"sense": "1",
"norm": "Ea-ibni",
"pos": "PN",
"epos": "PN"}
}
,
{
"node": "d",
"type": "cell-end"}
]}
]}
]}
]}
