{
"type": "cdl",
  "source": "http://oracc.org/dcclt",
  "license": "This data is released under the CC0 license",
  "license-url": "https://creativecommons.org/publicdomain/zero/1.0/",
  "more-info": "http://oracc.org/doc/opendata/",
  "UTC-timestamp": "2017-05-19T18:25:28",
"project": "dcclt",
"textid": "P271572",
"cdl": [
{
"node": "c",
"type": "text",
"id": "P271572.U0",
"cdl": [
{
"node": "d",
"subtype": "tablet",
"type": "object",
"ref": "P271572.x1491.1",
"type": "tablet",
"label": "x1491"}
,
{
"node": "d",
"subtype": "obverse?",
"type": "surface",
"ref": "P271572.o_.2",
"gdl_queried": "1",
"type": "obverse",
"label": "o?"}
,
{
"node": "d",
"type": "nonx",
"ref": "P271572.3",
"strict": "1",
"extent": "n",
"scope": "line",
"state": "missing"}
,
{
"node": "d",
"subtype": "reverse?",
"type": "surface",
"ref": "P271572.r_.4",
"gdl_queried": "1",
"type": "reverse",
"label": "r?"}
,
{
"node": "d",
"type": "nonx",
"ref": "P271572.5",
"strict": "1",
"extent": "beginning",
"scope": "column",
"state": "missing"}
,
{
"node": "c",
"type": "discourse",
"subtype": "body",
"id": "P271572.U1",
"cdl": [
{
"node": "c",
"type": "sentence",
"id": "P271572.U2",
"label": "r? 1' - r? 14'",
"cdl": [
{
"node": "d",
"type": "line-start",
"ref": "P271572.6",
"n": "1'",
"label": "r? 1'"}
,
{
"node": "d",
"type": "cell-start"}
,
{
"node": "d",
"type": "field-start",
"subtype": "wp"}
,
{
"node": "l",
"frag": "[...]",
"id": "P271572.l381ea",
"ref": "P271572.6.1",
"inst": "u",
"f": {"lang": "sux",
"form": "x",
"pos": "u"}
}
,
{
"node": "d",
"type": "field-end",
"subtype": "wp"}
,
{
"node": "d",
"type": "cell-end"}
,
{
"node": "d",
"type": "cell-start"}
,
{
"node": "d",
"type": "field-start",
"subtype": "eq"}
,
{
"node": "l",
"frag": "[...]-⸢x⸣",
"id": "P271572.l381eb",
"ref": "P271572.6.2",
"inst": "u",
"f": {"lang": "akk-x-mbperi",
"form": "x-x",
"pos": "u"}
}
,
{
"node": "d",
"type": "field-end",
"subtype": "eq"}
,
{
"node": "d",
"type": "cell-end"}
,
{
"node": "d",
"type": "nonx",
"ref": "P271572.7",
"strict": "1",
"extent": "1",
"scope": "line",
"state": "ruling"}
,
{
"node": "d",
"type": "line-start",
"ref": "P271572.8",
"n": "2'",
"label": "r? 2'"}
,
{
"node": "d",
"type": "cell-start"}
,
{
"node": "d",
"type": "field-start",
"subtype": "wp"}
,
{
"node": "l",
"frag": "[...]",
"id": "P271572.l381ec",
"ref": "P271572.8.1",
"inst": "u",
"f": {"lang": "sux",
"form": "x",
"pos": "u"}
}
,
{
"node": "d",
"type": "field-end",
"subtype": "wp"}
,
{
"node": "d",
"type": "cell-end"}
,
{
"node": "d",
"type": "cell-start"}
,
{
"node": "d",
"type": "field-start",
"subtype": "eq"}
,
{
"node": "l",
"frag": "[...]-hu-u",
"id": "P271572.l381ed",
"ref": "P271572.8.2",
"inst": "u",
"f": {"lang": "akk-x-mbperi",
"form": "x-hu-u",
"pos": "u"}
}
,
{
"node": "d",
"type": "field-end",
"subtype": "eq"}
,
{
"node": "d",
"type": "cell-end"}
,
{
"node": "d",
"type": "line-start",
"ref": "P271572.9",
"n": "3'",
"label": "r? 3'"}
,
{
"node": "d",
"type": "cell-start"}
,
{
"node": "d",
"type": "field-start",
"subtype": "wp"}
,
{
"node": "l",
"frag": "[...]",
"id": "P271572.l381ee",
"ref": "P271572.9.1",
"inst": "u",
"f": {"lang": "sux",
"form": "x",
"pos": "u"}
}
,
{
"node": "d",
"type": "field-end",
"subtype": "wp"}
,
{
"node": "d",
"type": "cell-end"}
,
{
"node": "d",
"type": "cell-start"}
,
{
"node": "d",
"type": "field-start",
"subtype": "eq"}
,
{
"node": "l",
"frag": "[...]-⸢ʾa⸣-a-du",
"id": "P271572.l381ef",
"ref": "P271572.9.2",
"inst": "u",
"f": {"lang": "akk-x-mbperi",
"form": "x-ʾa-a-du",
"pos": "u"}
}
,
{
"node": "d",
"type": "field-end",
"subtype": "eq"}
,
{
"node": "d",
"type": "cell-end"}
,
{
"node": "d",
"type": "line-start",
"ref": "P271572.10",
"n": "4'",
"label": "r? 4'"}
,
{
"node": "d",
"type": "cell-start"}
,
{
"node": "d",
"type": "field-start",
"subtype": "wp"}
,
{
"node": "l",
"frag": "[...]",
"id": "P271572.l381f0",
"ref": "P271572.10.1",
"inst": "u",
"f": {"lang": "sux",
"form": "x",
"pos": "u"}
}
,
{
"node": "d",
"type": "field-end",
"subtype": "wp"}
,
{
"node": "d",
"type": "cell-end"}
,
{
"node": "d",
"type": "cell-start"}
,
{
"node": "d",
"type": "field-start",
"subtype": "eq"}
,
{
"node": "l",
"frag": "[...]-a-ṣu",
"id": "P271572.l381f1",
"ref": "P271572.10.2",
"inst": "u",
"f": {"lang": "akk-x-mbperi",
"form": "x-a-ṣu",
"pos": "u"}
}
,
{
"node": "d",
"type": "field-end",
"subtype": "eq"}
,
{
"node": "d",
"type": "cell-end"}
,
{
"node": "d",
"type": "nonx",
"ref": "P271572.11",
"strict": "1",
"extent": "1",
"scope": "line",
"state": "ruling"}
,
{
"node": "d",
"type": "line-start",
"ref": "P271572.12",
"n": "5'",
"label": "r? 5'"}
,
{
"node": "d",
"type": "cell-start"}
,
{
"node": "d",
"type": "field-start",
"subtype": "wp"}
,
{
"node": "l",
"frag": "[...]",
"id": "P271572.l381f2",
"ref": "P271572.12.1",
"inst": "u",
"f": {"lang": "sux",
"form": "x",
"pos": "u"}
}
,
{
"node": "d",
"type": "field-end",
"subtype": "wp"}
,
{
"node": "d",
"type": "cell-end"}
,
{
"node": "d",
"type": "cell-start"}
,
{
"node": "d",
"type": "field-start",
"subtype": "eq"}
,
{
"node": "l",
"frag": "[...]-up-tum",
"id": "P271572.l381f3",
"ref": "P271572.12.2",
"inst": "u",
"f": {"lang": "akk-x-mbperi",
"form": "x-up-tum",
"pos": "u"}
}
,
{
"node": "d",
"type": "field-end",
"subtype": "eq"}
,
{
"node": "d",
"type": "cell-end"}
,
{
"node": "d",
"type": "line-start",
"ref": "P271572.13",
"n": "6'",
"label": "r? 6'"}
,
{
"node": "d",
"type": "cell-start"}
,
{
"node": "d",
"type": "field-start",
"subtype": "wp"}
,
{
"node": "l",
"frag": "[...]",
"id": "P271572.l381f4",
"ref": "P271572.13.1",
"inst": "u",
"f": {"lang": "sux",
"form": "x",
"pos": "u"}
}
,
{
"node": "d",
"type": "field-end",
"subtype": "wp"}
,
{
"node": "d",
"type": "cell-end"}
,
{
"node": "d",
"type": "cell-start"}
,
{
"node": "d",
"type": "field-start",
"subtype": "eq"}
,
{
"node": "l",
"frag": "ma-as-qa-rum",
"id": "P271572.l381f5",
"ref": "P271572.13.2",
"inst": "X",
"f": {"lang": "akk-x-mbperi",
"form": "ma-as-qa-rum",
"pos": "X"}
}
,
{
"node": "d",
"type": "nonw",
"ref": ""}
,
{
"node": "d",
"type": "field-end",
"subtype": "eq"}
,
{
"node": "d",
"type": "cell-end"}
,
{
"node": "d",
"type": "line-start",
"ref": "P271572.14",
"n": "7'",
"label": "r? 7'"}
,
{
"node": "d",
"type": "cell-start"}
,
{
"node": "d",
"type": "field-start",
"subtype": "wp"}
,
{
"node": "l",
"frag": "[...]",
"id": "P271572.l381f6",
"ref": "P271572.14.1",
"inst": "u",
"f": {"lang": "sux",
"form": "x",
"pos": "u"}
}
,
{
"node": "d",
"type": "field-end",
"subtype": "wp"}
,
{
"node": "d",
"type": "cell-end"}
,
{
"node": "d",
"type": "cell-start"}
,
{
"node": "d",
"type": "field-start",
"subtype": "eq"}
,
{
"node": "l",
"frag": "⸢ši⸣-mar",
"id": "P271572.l381f7",
"ref": "P271572.14.2",
"inst": "šimar[ring]N",
"sig": "@dcclt%akk-x-mbperi:ši-mar=semeru[ring//ring]N'N$šimar",
"f": {"lang": "akk-x-mbperi",
"form": "ši-mar",
"cf": "semeru",
"gw": "ring",
"sense": "ring",
"norm": "šimar",
"pos": "N",
"epos": "N"}
}
,
{
"node": "l",
"frag": "<(MIN)>",
"id": "P271572.l381f8",
"ref": "P271572.14.3",
"inst": "u",
"f": {"lang": "akk-x-mbperi",
"form": "MIN",
"pos": "u"}
}
,
{
"node": "d",
"type": "field-end",
"subtype": "eq"}
,
{
"node": "d",
"type": "cell-end"}
,
{
"node": "d",
"type": "line-start",
"ref": "P271572.15",
"n": "8'",
"label": "r? 8'"}
,
{
"node": "d",
"type": "cell-start"}
,
{
"node": "d",
"type": "field-start",
"subtype": "wp"}
,
{
"node": "l",
"frag": "[...]",
"id": "P271572.l381f9",
"ref": "P271572.15.1",
"inst": "u",
"f": {"lang": "sux",
"form": "x",
"pos": "u"}
}
,
{
"node": "d",
"type": "field-end",
"subtype": "wp"}
,
{
"node": "d",
"type": "cell-end"}
,
{
"node": "d",
"type": "cell-start"}
,
{
"node": "d",
"type": "field-start",
"subtype": "eq"}
,
{
"node": "l",
"frag": "[MIN]",
"id": "P271572.l381fa",
"ref": "P271572.15.2",
"inst": "u",
"f": {"lang": "akk-x-mbperi",
"form": "MIN",
"pos": "u"}
}
,
{
"node": "l",
"frag": "ku-ru-us-si",
"id": "P271572.l381fb",
"ref": "P271572.15.3",
"inst": "kurussi[strap]N",
"sig": "@dcclt%akk-x-mbperi:ku-ru-us-si=kurussu[strap//strap]N'N$kurussi",
"f": {"lang": "akk-x-mbperi",
"form": "ku-ru-us-si",
"cf": "kurussu",
"gw": "strap",
"sense": "strap",
"norm": "kurussi",
"pos": "N",
"epos": "N"}
}
,
{
"node": "d",
"type": "field-end",
"subtype": "eq"}
,
{
"node": "d",
"type": "cell-end"}
,
{
"node": "d",
"type": "nonx",
"ref": "P271572.16",
"strict": "1",
"extent": "1",
"scope": "line",
"state": "ruling"}
,
{
"node": "d",
"type": "line-start",
"ref": "P271572.17",
"n": "9'",
"label": "r? 9'"}
,
{
"node": "d",
"type": "cell-start"}
,
{
"node": "d",
"type": "field-start",
"subtype": "wp"}
,
{
"node": "l",
"frag": "[...]",
"id": "P271572.l381fc",
"ref": "P271572.17.1",
"inst": "u",
"f": {"lang": "sux",
"form": "x",
"pos": "u"}
}
,
{
"node": "d",
"type": "field-end",
"subtype": "wp"}
,
{
"node": "d",
"type": "cell-end"}
,
{
"node": "d",
"type": "cell-start"}
,
{
"node": "d",
"type": "field-start",
"subtype": "eq"}
,
{
"node": "l",
"frag": "šar-šar-ri-tum",
"id": "P271572.l381fd",
"ref": "P271572.17.2",
"inst": "šeršerratu[chain]N$šaršarritum",
"sig": "@dcclt%akk-x-mbperi:šar-šar-ri-tum=šeršerratu[chain//chain]N'N$šaršarritum",
"f": {"lang": "akk-x-mbperi",
"form": "šar-šar-ri-tum",
"cf": "šeršerratu",
"gw": "chain",
"sense": "chain",
"norm": "šaršarritum",
"pos": "N",
"epos": "N"}
}
,
{
"node": "d",
"type": "nonw",
"ref": ""}
,
{
"node": "d",
"type": "field-end",
"subtype": "eq"}
,
{
"node": "d",
"type": "cell-end"}
,
{
"node": "d",
"type": "line-start",
"ref": "P271572.18",
"n": "10'",
"label": "r? 10'"}
,
{
"node": "d",
"type": "cell-start"}
,
{
"node": "d",
"type": "field-start",
"subtype": "wp"}
,
{
"node": "l",
"frag": "[...]",
"id": "P271572.l381fe",
"ref": "P271572.18.1",
"inst": "u",
"f": {"lang": "sux",
"form": "x",
"pos": "u"}
}
,
{
"node": "d",
"type": "field-end",
"subtype": "wp"}
,
{
"node": "d",
"type": "cell-end"}
,
{
"node": "d",
"type": "cell-start"}
,
{
"node": "d",
"type": "field-start",
"subtype": "eq"}
,
{
"node": "l",
"frag": "⸢ši⸣-mar",
"id": "P271572.l381ff",
"ref": "P271572.18.2",
"inst": "šimar[ring]N",
"sig": "@dcclt%akk-x-mbperi:ši-mar=semeru[ring//ring]N'N$šimar",
"f": {"lang": "akk-x-mbperi",
"form": "ši-mar",
"cf": "semeru",
"gw": "ring",
"sense": "ring",
"norm": "šimar",
"pos": "N",
"epos": "N"}
}
,
{
"node": "l",
"frag": "šar-šar-[ri-ti]",
"id": "P271572.l38200",
"ref": "P271572.18.3",
"inst": "šeršerratu[chain]N$šaršarriti",
"sig": "@dcclt%akk-x-mbperi:šar-šar-ri-ti=šeršerratu[chain//chain]N'N$šaršarriti",
"f": {"lang": "akk-x-mbperi",
"form": "šar-šar-ri-ti",
"cf": "šeršerratu",
"gw": "chain",
"sense": "chain",
"norm": "šaršarriti",
"pos": "N",
"epos": "N"}
}
,
{
"node": "d",
"type": "nonw",
"ref": ""}
,
{
"node": "d",
"type": "field-end",
"subtype": "eq"}
,
{
"node": "d",
"type": "cell-end"}
,
{
"node": "d",
"type": "line-start",
"ref": "P271572.19",
"n": "11'",
"label": "r? 11'"}
,
{
"node": "d",
"type": "cell-start"}
,
{
"node": "d",
"type": "field-start",
"subtype": "wp"}
,
{
"node": "l",
"frag": "[...]",
"id": "P271572.l38201",
"ref": "P271572.19.1",
"inst": "u",
"f": {"lang": "sux",
"form": "x",
"pos": "u"}
}
,
{
"node": "d",
"type": "field-end",
"subtype": "wp"}
,
{
"node": "d",
"type": "cell-end"}
,
{
"node": "d",
"type": "cell-start"}
,
{
"node": "d",
"type": "field-start",
"subtype": "eq"}
,
{
"node": "l",
"frag": "⸢qa⸣-ri-tum",
"id": "P271572.l38202",
"ref": "P271572.19.2",
"inst": "X",
"f": {"lang": "akk-x-mbperi",
"form": "qa-ri-tum",
"pos": "X"}
}
,
{
"node": "d",
"type": "field-end",
"subtype": "eq"}
,
{
"node": "d",
"type": "cell-end"}
,
{
"node": "d",
"type": "nonx",
"ref": "P271572.20",
"strict": "1",
"extent": "1",
"scope": "line",
"state": "ruling"}
,
{
"node": "d",
"type": "line-start",
"ref": "P271572.21",
"n": "12'",
"label": "r? 12'"}
,
{
"node": "d",
"type": "cell-start"}
,
{
"node": "d",
"type": "field-start",
"subtype": "wp"}
,
{
"node": "l",
"frag": "[...]",
"id": "P271572.l38203",
"ref": "P271572.21.1",
"inst": "u",
"f": {"lang": "sux",
"form": "x",
"pos": "u"}
}
,
{
"node": "d",
"type": "field-end",
"subtype": "wp"}
,
{
"node": "d",
"type": "cell-end"}
,
{
"node": "d",
"type": "cell-start"}
,
{
"node": "d",
"type": "field-start",
"subtype": "eq"}
,
{
"node": "l",
"frag": "[x]-⸢x⸣-tap-pu",
"id": "P271572.l38204",
"ref": "P271572.21.2",
"inst": "u",
"f": {"lang": "akk-x-mbperi",
"form": "x-x-tap-pu",
"pos": "u"}
}
,
{
"node": "d",
"type": "field-end",
"subtype": "eq"}
,
{
"node": "d",
"type": "cell-end"}
,
{
"node": "d",
"type": "line-start",
"ref": "P271572.22",
"n": "13'",
"label": "r? 13'"}
,
{
"node": "d",
"type": "cell-start"}
,
{
"node": "d",
"type": "field-start",
"subtype": "wp"}
,
{
"node": "l",
"frag": "[...]",
"id": "P271572.l38205",
"ref": "P271572.22.1",
"inst": "u",
"f": {"lang": "sux",
"form": "x",
"pos": "u"}
}
,
{
"node": "d",
"type": "field-end",
"subtype": "wp"}
,
{
"node": "d",
"type": "cell-end"}
,
{
"node": "d",
"type": "cell-start"}
,
{
"node": "d",
"type": "field-start",
"subtype": "eq"}
,
{
"node": "l",
"frag": "[...]-⸢pu-u⸣",
"id": "P271572.l38206",
"ref": "P271572.22.2",
"inst": "u",
"f": {"lang": "akk-x-mbperi",
"form": "x-pu-u",
"pos": "u"}
}
,
{
"node": "d",
"type": "field-end",
"subtype": "eq"}
,
{
"node": "d",
"type": "cell-end"}
,
{
"node": "d",
"type": "line-start",
"ref": "P271572.23",
"n": "14'",
"label": "r? 14'"}
,
{
"node": "d",
"type": "cell-start"}
,
{
"node": "d",
"type": "field-start",
"subtype": "wp"}
,
{
"node": "l",
"frag": "[...]",
"id": "P271572.l38207",
"ref": "P271572.23.1",
"inst": "u",
"f": {"lang": "sux",
"form": "x",
"pos": "u"}
}
,
{
"node": "d",
"type": "field-end",
"subtype": "wp"}
,
{
"node": "d",
"type": "cell-end"}
,
{
"node": "d",
"type": "cell-start"}
,
{
"node": "d",
"type": "field-start",
"subtype": "eq"}
,
{
"node": "l",
"frag": "[...]-⸢x⸣",
"id": "P271572.l38208",
"ref": "P271572.23.2",
"inst": "u",
"f": {"lang": "akk-x-mbperi",
"form": "x-x",
"pos": "u"}
}
,
{
"node": "d",
"type": "field-end",
"subtype": "eq"}
,
{
"node": "d",
"type": "cell-end"}
,
{
"node": "d",
"type": "nonx",
"ref": "P271572.24",
"strict": "1",
"extent": "rest",
"scope": "column",
"state": "missing"}
]}
]}
]}
]}
