{
"type": "cdl",
  "source": "http://oracc.org/dcclt",
  "license": "This data is released under the CC0 license",
  "license-url": "https://creativecommons.org/publicdomain/zero/1.0/",
  "more-info": "http://oracc.org/doc/opendata/",
  "UTC-timestamp": "2017-05-19T18:25:30",
"project": "dcclt",
"textid": "P271766",
"cdl": [
{
"node": "c",
"type": "text",
"id": "P271766.U0",
"cdl": [
{
"node": "d",
"subtype": "tablet",
"type": "object",
"ref": "P271766.x1477.1",
"type": "tablet",
"label": "x1477"}
,
{
"node": "d",
"type": "surface",
"ref": ""}
,
{
"node": "d",
"subtype": "column 1'",
"type": "column",
"ref": "P271766.i_.2",
"n": "1",
"label": "i'"}
,
{
"node": "d",
"type": "nonx",
"ref": "P271766.3",
"strict": "0",
"extent": "beginning",
"state": "missing"}
,
{
"node": "c",
"type": "discourse",
"subtype": "body",
"id": "P271766.U1",
"cdl": [
{
"node": "c",
"type": "sentence",
"id": "P271766.U2",
"label": "i' 1' - ii' 12'",
"cdl": [
{
"node": "d",
"type": "line-start",
"ref": "P271766.4",
"n": "1'",
"label": "i' 1'"}
,
{
"node": "l",
"frag": "[utul₂]",
"id": "P271766.l37950",
"ref": "P271766.4.1",
"inst": "utul[tureen]",
"sig": "@dcclt%sux:utul₂=utul[tureen//tureen, large bowl]N'N$utul/utul₂#~",
"f": {"lang": "sux",
"form": "utul₂",
"cf": "utul",
"gw": "tureen",
"sense": "tureen, large bowl",
"norm0": "utul",
"pos": "N",
"epos": "N",
"base": "utul₂",
"morph": "~"}
}
,
{
"node": "l",
"frag": "⸢mar⸣-[tu]",
"id": "P271766.l37951",
"ref": "P271766.4.2",
"inst": "MAR.TU[westerner]",
"sig": "@dcclt%sux:mar-tu=MAR.TU[westerner//westerner]N'N$MAR.TU/MAR-TU#~",
"f": {"lang": "sux",
"form": "mar-tu",
"cf": "MAR.TU",
"gw": "westerner",
"sense": "westerner",
"norm0": "MAR.TU",
"pos": "N",
"epos": "N",
"base": "MAR-TU",
"morph": "~"}
}
,
{
"node": "d",
"type": "line-start",
"ref": "P271766.5",
"n": "2'",
"label": "i' 2'"}
,
{
"node": "l",
"frag": "[utul₂]",
"id": "P271766.l37952",
"ref": "P271766.5.1",
"inst": "utul[tureen]",
"sig": "@dcclt%sux:utul₂=utul[tureen//tureen, large bowl]N'N$utul/utul₂#~",
"f": {"lang": "sux",
"form": "utul₂",
"cf": "utul",
"gw": "tureen",
"sense": "tureen, large bowl",
"norm0": "utul",
"pos": "N",
"epos": "N",
"base": "utul₂",
"morph": "~"}
}
,
{
"node": "l",
"frag": "ar-za-an-[nu]",
"id": "P271766.l37953",
"ref": "P271766.5.2",
"inst": "arzana[groats]",
"sig": "@dcclt%sux:ar-za-an-nu=arzana[groats//groats]N'N$arzana/ar-za-an-nu#~",
"f": {"lang": "sux",
"form": "ar-za-an-nu",
"cf": "arzana",
"gw": "groats",
"sense": "groats",
"norm0": "arzana",
"pos": "N",
"epos": "N",
"base": "ar-za-an-nu",
"morph": "~"}
}
,
{
"node": "d",
"type": "line-start",
"ref": "P271766.6",
"n": "3'",
"label": "i' 3'"}
,
{
"node": "l",
"frag": "[utul₂]",
"id": "P271766.l37954",
"ref": "P271766.6.1",
"inst": "utul[tureen]",
"sig": "@dcclt%sux:utul₂=utul[tureen//tureen, large bowl]N'N$utul/utul₂#~",
"f": {"lang": "sux",
"form": "utul₂",
"cf": "utul",
"gw": "tureen",
"sense": "tureen, large bowl",
"norm0": "utul",
"pos": "N",
"epos": "N",
"base": "utul₂",
"morph": "~"}
}
,
{
"node": "l",
"frag": "u₄-sakar",
"id": "P271766.l37955",
"ref": "P271766.6.2",
"inst": "usakar[moon]",
"sig": "@dcclt%sux:u₄-sakar=usakar[moon//moon]N'N$usakar/u₄-sakar#~",
"f": {"lang": "sux",
"form": "u₄-sakar",
"cf": "usakar",
"gw": "moon",
"sense": "moon",
"norm0": "usakar",
"pos": "N",
"epos": "N",
"base": "u₄-sakar",
"morph": "~"}
}
,
{
"node": "d",
"type": "line-start",
"ref": "P271766.7",
"n": "4'",
"label": "i' 4'"}
,
{
"node": "l",
"frag": "[utul₂]",
"id": "P271766.l37956",
"ref": "P271766.7.1",
"inst": "utul[tureen]",
"sig": "@dcclt%sux:utul₂=utul[tureen//tureen, large bowl]N'N$utul/utul₂#~",
"f": {"lang": "sux",
"form": "utul₂",
"cf": "utul",
"gw": "tureen",
"sense": "tureen, large bowl",
"norm0": "utul",
"pos": "N",
"epos": "N",
"base": "utul₂",
"morph": "~"}
}
,
{
"node": "l",
"frag": "gibil",
"id": "P271766.l37957",
"ref": "P271766.7.2",
"inst": "gibil[new]",
"sig": "@dcclt%sux:gibil=gibil[new//new]V/i'V/i$gibil/gibil#~",
"f": {"lang": "sux",
"form": "gibil",
"cf": "gibil",
"gw": "new",
"sense": "new",
"norm0": "gibil",
"pos": "V/i",
"epos": "V/i",
"base": "gibil",
"morph": "~"}
}
,
{
"node": "d",
"type": "line-start",
"ref": "P271766.8",
"n": "5'",
"label": "i' 5'"}
,
{
"node": "l",
"frag": "[utul₂]",
"id": "P271766.l37958",
"ref": "P271766.8.1",
"inst": "utul[tureen]",
"sig": "@dcclt%sux:utul₂=utul[tureen//tureen, large bowl]N'N$utul/utul₂#~",
"f": {"lang": "sux",
"form": "utul₂",
"cf": "utul",
"gw": "tureen",
"sense": "tureen, large bowl",
"norm0": "utul",
"pos": "N",
"epos": "N",
"base": "utul₂",
"morph": "~"}
}
,
{
"node": "l",
"frag": "sumun",
"id": "P271766.l37959",
"ref": "P271766.8.2",
"inst": "sumun[old]",
"sig": "@dcclt%sux:sumun=sumun[old//old]V/i'V/i$sumun/sumun#~",
"f": {"lang": "sux",
"form": "sumun",
"cf": "sumun",
"gw": "old",
"sense": "old",
"norm0": "sumun",
"pos": "V/i",
"epos": "V/i",
"base": "sumun",
"morph": "~"}
}
,
{
"node": "d",
"type": "line-start",
"ref": "P271766.9",
"n": "6'",
"label": "i' 6'"}
,
{
"node": "l",
"frag": "[utul₂]",
"id": "P271766.l3795a",
"ref": "P271766.9.1",
"inst": "utul[tureen]",
"sig": "@dcclt%sux:utul₂=utul[tureen//tureen, large bowl]N'N$utul/utul₂#~",
"f": {"lang": "sux",
"form": "utul₂",
"cf": "utul",
"gw": "tureen",
"sense": "tureen, large bowl",
"norm0": "utul",
"pos": "N",
"epos": "N",
"base": "utul₂",
"morph": "~"}
}
,
{
"node": "l",
"frag": "libir",
"id": "P271766.l3795b",
"ref": "P271766.9.2",
"inst": "libir[old]",
"sig": "@dcclt%sux:libir=libir[old//(to be) old, long-lasting]V/i'V/i$libir/libir#~",
"f": {"lang": "sux",
"form": "libir",
"cf": "libir",
"gw": "old",
"sense": "(to be) old, long-lasting",
"norm0": "libir",
"pos": "V/i",
"epos": "V/i",
"base": "libir",
"morph": "~"}
}
,
{
"node": "d",
"type": "line-start",
"ref": "P271766.10",
"n": "7'",
"label": "i' 7'"}
,
{
"node": "l",
"frag": "[utul₂]",
"id": "P271766.l3795c",
"ref": "P271766.10.1",
"inst": "utul[tureen]",
"sig": "@dcclt%sux:utul₂=utul[tureen//tureen, large bowl]N'N$utul/utul₂#~",
"f": {"lang": "sux",
"form": "utul₂",
"cf": "utul",
"gw": "tureen",
"sense": "tureen, large bowl",
"norm0": "utul",
"pos": "N",
"epos": "N",
"base": "utul₂",
"morph": "~"}
}
,
{
"node": "l",
"frag": "šu-lal₂",
"id": "P271766.l3795d",
"ref": "P271766.10.2",
"inst": "šulal[soiled]",
"sig": "@dcclt%sux:šu-lal₂=šulal[defiled//soiled]AJ'AJ$šulal/šu-lal₂#~",
"f": {"lang": "sux",
"form": "šu-lal₂",
"cf": "šulal",
"gw": "defiled",
"sense": "soiled",
"norm0": "šulal",
"pos": "AJ",
"epos": "AJ",
"base": "šu-lal₂",
"morph": "~"}
}
,
{
"node": "d",
"type": "nonx",
"ref": "P271766.11",
"strict": "1",
"extent": "1",
"scope": "line",
"state": "ruling"}
,
{
"node": "d",
"type": "line-start",
"ref": "P271766.12",
"n": "8'",
"label": "i' 8'"}
,
{
"node": "l",
"frag": "urrub(KAL)",
"id": "P271766.l3795e",
"ref": "P271766.12.1",
"inst": "urrub[vessel]",
"sig": "@dcclt%sux:urrub(KAL)=urrub[vessel//a vessel]N'N$urrub/urrub(KAL)#~",
"f": {"lang": "sux",
"form": "urrub(KAL)",
"cf": "urrub",
"gw": "vessel",
"sense": "a vessel",
"norm0": "urrub",
"pos": "N",
"epos": "N",
"base": "urrub(KAL)",
"morph": "~"}
}
,
{
"node": "d",
"type": "line-start",
"ref": "P271766.13",
"n": "9'",
"label": "i' 9'"}
,
{
"node": "d",
"type": "nonw",
"ref": "P271766.13.1",
"lang": "sux",
"type": "surro"}
,
{
"node": "l",
"id": "P271766.l3795f",
"ref": "P271766.13.2",
"inst": "zurzub[vessel]",
"sig": "@dcclt%sux:zurzub₂(KAL)=zurzub[vessel//vessel]N'N$zurzub/zurzub₂(KAL)#~",
"f": {"lang": "sux",
"form": "zurzub₂(KAL)",
"cf": "zurzub",
"gw": "vessel",
"sense": "vessel",
"norm0": "zurzub",
"pos": "N",
"epos": "N",
"base": "zurzub₂(KAL)",
"morph": "~"}
}
,
{
"node": "d",
"type": "line-start",
"ref": "P271766.14",
"n": "10'",
"label": "i' 10'"}
,
{
"node": "d",
"type": "nonw",
"ref": "P271766.14.1",
"lang": "sux",
"type": "surro"}
,
{
"node": "l",
"id": "P271766.l37960",
"ref": "P271766.14.2",
"inst": "silim[vessel]",
"sig": "@dcclt%sux:silim₂=silim[vessel//vessel]N'N$silim/silim₂#~",
"f": {"lang": "sux",
"form": "silim₂",
"cf": "silim",
"gw": "vessel",
"sense": "vessel",
"norm0": "silim",
"pos": "N",
"epos": "N",
"base": "silim₂",
"morph": "~"}
}
,
{
"node": "d",
"type": "line-start",
"ref": "P271766.15",
"n": "11'",
"label": "i' 11'"}
,
{
"node": "l",
"frag": "⸢ubur(|[DAG].KISIM₅×U|)",
"id": "P271766.l37961",
"ref": "P271766.15.1",
"inst": "ubur[breast]",
"sig": "@dcclt%sux:ubur=ubur[breast//breast]N'N$ubur/ubur#~",
"f": {"lang": "sux",
"form": "ubur",
"cf": "ubur",
"gw": "breast",
"sense": "breast",
"norm0": "ubur",
"pos": "N",
"epos": "N",
"base": "ubur",
"morph": "~"}
}
,
{
"node": "l",
"frag": "min",
"id": "P271766.l37962",
"ref": "P271766.15.2",
"inst": "min[two]",
"sig": "@dcclt%sux:min=min[two//two]NU'NU$min/min#~",
"f": {"lang": "sux",
"form": "min",
"cf": "min",
"gw": "two",
"sense": "two",
"norm0": "min",
"pos": "NU",
"epos": "NU",
"base": "min",
"morph": "~"}
}
,
{
"node": "l",
"frag": "tab-ba",
"id": "P271766.l37963",
"ref": "P271766.15.3",
"inst": "tab[double]",
"sig": "@dcclt%sux:tab-ba=tab[double//double]V/t'V/t$tab;a/tab+-ba=b.a#~;a",
"f": {"lang": "sux",
"form": "tab-ba",
"cf": "tab",
"gw": "double",
"sense": "double",
"norm0": "tab;a",
"pos": "V/t",
"epos": "V/t",
"base": "tab",
"cont": "-ba=b.a",
"morph": "~;a"}
}
,
{
"node": "d",
"type": "line-start",
"ref": "P271766.16",
"n": "12'",
"label": "i' 12'"}
,
{
"node": "d",
"type": "nonw",
"ref": "P271766.16.1",
"lang": "sux",
"type": "surro"}
,
{
"node": "l",
"id": "P271766.l37964",
"ref": "P271766.16.2",
"inst": "ubur[breast]",
"sig": "@dcclt%sux:ubur=ubur[breast//breast]N'N$ubur/ubur#~",
"f": {"lang": "sux",
"form": "ubur",
"cf": "ubur",
"gw": "breast",
"sense": "breast",
"norm0": "ubur",
"pos": "N",
"epos": "N",
"base": "ubur",
"morph": "~"}
}
,
{
"node": "l",
"id": "P271766.l37965",
"ref": "P271766.16.3",
"inst": "min[two]",
"sig": "@dcclt%sux:min=min[two//two]NU'NU$min/min#~",
"f": {"lang": "sux",
"form": "min",
"cf": "min",
"gw": "two",
"sense": "two",
"norm0": "min",
"pos": "NU",
"epos": "NU",
"base": "min",
"morph": "~"}
}
,
{
"node": "l",
"id": "P271766.l37966",
"ref": "P271766.16.4",
"inst": "tab[double]",
"sig": "@dcclt%sux:tab-ba=tab[double//double]V/t'V/t$tab;a/tab+-ba=b.a#~;a",
"f": {"lang": "sux",
"form": "tab-ba",
"cf": "tab",
"gw": "double",
"sense": "double",
"norm0": "tab;a",
"pos": "V/t",
"epos": "V/t",
"base": "tab",
"cont": "-ba=b.a",
"morph": "~;a"}
}
,
{
"node": "d",
"type": "line-start",
"ref": "P271766.17",
"n": "13'",
"label": "i' 13'"}
,
{
"node": "l",
"frag": "[a",
"id": "P271766.l37967",
"ref": "P271766.17.1",
"inst": "a[water]",
"sig": "@dcclt%sux:a=a[water//water]N'N$a/a#~",
"f": {"lang": "sux",
"form": "a",
"cf": "a",
"gw": "water",
"sense": "water",
"norm0": "a",
"pos": "N",
"epos": "N",
"base": "a",
"morph": "~"}
}
,
{
"node": "l",
"frag": "kum₂]-⸢ma⸣",
"id": "P271766.l37968",
"ref": "P271766.17.2",
"inst": "kum[hot]",
"sig": "@dcclt%sux:kum₂-ma=kum[hot//(to be) hot]V/i'V/i$kum;a/kum₂+-ma=m.a#~;a",
"f": {"lang": "sux",
"form": "kum₂-ma",
"cf": "kum",
"gw": "hot",
"sense": "(to be) hot",
"norm0": "kum;a",
"pos": "V/i",
"epos": "V/i",
"base": "kum₂",
"cont": "-ma=m.a",
"morph": "~;a"}
}
,
{
"node": "d",
"type": "line-start",
"ref": "P271766.18",
"n": "14'",
"label": "i' 14'"}
,
{
"node": "l",
"frag": "[...]-⸢x⸣",
"id": "P271766.l37969",
"ref": "P271766.18.1",
"inst": "u",
"f": {"lang": "sux",
"form": "x-x",
"pos": "u"}
}
,
{
"node": "d",
"type": "line-start",
"ref": "P271766.19",
"n": "15'",
"label": "i' 15'"}
,
{
"node": "l",
"frag": "⸢titab₂⸣",
"id": "P271766.l3796a",
"ref": "P271766.19.1",
"inst": "titab[~beer]",
"sig": "@dcclt%sux:titab₂=titab[~beer//an ingredient in beer-making]N'N$titab/titab₂#~",
"f": {"lang": "sux",
"form": "titab₂",
"cf": "titab",
"gw": "~beer",
"sense": "an ingredient in beer-making",
"norm0": "titab",
"pos": "N",
"epos": "N",
"base": "titab₂",
"morph": "~"}
}
,
{
"node": "d",
"type": "nonx",
"ref": "P271766.20",
"strict": "0",
"extent": "rest",
"state": "missing"}
,
{
"node": "d",
"subtype": "column 2'",
"type": "column",
"ref": "P271766.ii_.21",
"n": "2",
"label": "ii'"}
,
{
"node": "d",
"type": "nonx",
"ref": "P271766.22",
"strict": "0",
"extent": "beginning",
"state": "missing"}
,
{
"node": "d",
"type": "line-start",
"ref": "P271766.23",
"n": "1'",
"label": "ii' 1'"}
,
{
"node": "d",
"type": "nonw",
"ref": "P271766.23.1",
"lang": "sux",
"type": "surro"}
,
{
"node": "l",
"id": "P271766.l3796b",
"ref": "P271766.23.2",
"inst": "sab[jar]",
"sig": "@dcclt%sux:sab=sab[jar//an oil jar]N'N$sab/sab#~",
"f": {"lang": "sux",
"form": "sab",
"cf": "sab",
"gw": "jar",
"sense": "an oil jar",
"norm0": "sab",
"pos": "N",
"epos": "N",
"base": "sab",
"morph": "~"}
}
,
{
"node": "l",
"frag": "i₃",
"id": "P271766.l3796c",
"ref": "P271766.23.3",
"inst": "i[oil]",
"sig": "@dcclt%sux:i₃=i[oil//oil]N'N$i/i₃#~",
"f": {"lang": "sux",
"form": "i₃",
"cf": "i",
"gw": "oil",
"sense": "oil",
"norm0": "i",
"pos": "N",
"epos": "N",
"base": "i₃",
"morph": "~"}
}
,
{
"node": "d",
"type": "line-start",
"ref": "P271766.24",
"n": "2'",
"label": "ii' 2'"}
,
{
"node": "d",
"type": "nonw",
"ref": "P271766.24.1",
"lang": "sux",
"type": "surro"}
,
{
"node": "l",
"id": "P271766.l3796d",
"ref": "P271766.24.2",
"inst": "sab[jar]",
"sig": "@dcclt%sux:sab=sab[jar//an oil jar]N'N$sab/sab#~",
"f": {"lang": "sux",
"form": "sab",
"cf": "sab",
"gw": "jar",
"sense": "an oil jar",
"norm0": "sab",
"pos": "N",
"epos": "N",
"base": "sab",
"morph": "~"}
}
,
{
"node": "l",
"frag": "i₃-⸢ŋeš⸣",
"id": "P271766.l3796e",
"ref": "P271766.24.3",
"inst": "iŋeš[oil]",
"sig": "@dcclt%sux:i₃-ŋeš=iŋeš[oil//oil]N'N$iŋeš/i₃-ŋeš#~",
"f": {"lang": "sux",
"form": "i₃-ŋeš",
"cf": "iŋeš",
"gw": "oil",
"sense": "oil",
"norm0": "iŋeš",
"pos": "N",
"epos": "N",
"base": "i₃-ŋeš",
"morph": "~"}
}
,
{
"node": "d",
"type": "line-start",
"ref": "P271766.25",
"n": "3'",
"label": "ii' 3'"}
,
{
"node": "d",
"type": "nonw",
"ref": "P271766.25.1",
"lang": "sux",
"type": "surro"}
,
{
"node": "l",
"id": "P271766.l3796f",
"ref": "P271766.25.2",
"inst": "sab[jar]",
"sig": "@dcclt%sux:sab=sab[jar//an oil jar]N'N$sab/sab#~",
"f": {"lang": "sux",
"form": "sab",
"cf": "sab",
"gw": "jar",
"sense": "an oil jar",
"norm0": "sab",
"pos": "N",
"epos": "N",
"base": "sab",
"morph": "~"}
}
,
{
"node": "l",
"frag": "i₃-nun-[na]",
"id": "P271766.l37970",
"ref": "P271766.25.3",
"inst": "inun[ghee]",
"sig": "@dcclt%sux:i₃-nun-na=inun[ghee//ghee, clarified butter]N'N$inun,ak/i₃-nun+-na=n.a#~,ak",
"f": {"lang": "sux",
"form": "i₃-nun-na",
"cf": "inun",
"gw": "ghee",
"sense": "ghee, clarified butter",
"norm0": "inun,ak",
"pos": "N",
"epos": "N",
"base": "i₃-nun",
"cont": "-na=n.a",
"morph": "~,ak"}
}
,
{
"node": "d",
"type": "line-start",
"ref": "P271766.26",
"n": "4'",
"label": "ii' 4'"}
,
{
"node": "d",
"type": "nonw",
"ref": "P271766.26.1",
"lang": "sux",
"type": "surro"}
,
{
"node": "l",
"id": "P271766.l37971",
"ref": "P271766.26.2",
"inst": "sab[jar]",
"sig": "@dcclt%sux:sab=sab[jar//an oil jar]N'N$sab/sab#~",
"f": {"lang": "sux",
"form": "sab",
"cf": "sab",
"gw": "jar",
"sense": "an oil jar",
"norm0": "sab",
"pos": "N",
"epos": "N",
"base": "sab",
"morph": "~"}
}
,
{
"node": "l",
"frag": "i₃",
"id": "P271766.l37972",
"ref": "P271766.26.3",
"inst": "i[oil]",
"sig": "@dcclt%sux:i₃=i[oil//oil]N'N$i/i₃#~",
"f": {"lang": "sux",
"form": "i₃",
"cf": "i",
"gw": "oil",
"sense": "oil",
"norm0": "i",
"pos": "N",
"epos": "N",
"base": "i₃",
"morph": "~"}
}
,
{
"node": "l",
"frag": "šah",
"id": "P271766.l37973",
"ref": "P271766.26.4",
"inst": "šah[pig]",
"sig": "@dcclt%sux:šah=šah[pig//pig]N'N$šah/šah#~",
"f": {"lang": "sux",
"form": "šah",
"cf": "šah",
"gw": "pig",
"sense": "pig",
"norm0": "šah",
"pos": "N",
"epos": "N",
"base": "šah",
"morph": "~"}
}
,
{
"node": "d",
"type": "line-start",
"ref": "P271766.27",
"n": "5'",
"label": "ii' 5'"}
,
{
"node": "d",
"type": "nonw",
"ref": "P271766.27.1",
"lang": "sux",
"type": "surro"}
,
{
"node": "l",
"id": "P271766.l37974",
"ref": "P271766.27.2",
"inst": "sab[jar]",
"sig": "@dcclt%sux:sab=sab[jar//an oil jar]N'N$sab/sab#~",
"f": {"lang": "sux",
"form": "sab",
"cf": "sab",
"gw": "jar",
"sense": "an oil jar",
"norm0": "sab",
"pos": "N",
"epos": "N",
"base": "sab",
"morph": "~"}
}
,
{
"node": "c",
"type": "phrase",
"tag": "phr",
"id": "P271766.U4",
"ref": "P271766.ls00000",
"cdl": [
{
"node": "l",
"frag": "i₃",
"id": "P271766.l37975",
"ref": "P271766.27.3",
"inst": "i[oil]",
"sig": "@dcclt%sux:i₃=i[oil//oil]N'N$i/i₃#~",
"f": {"lang": "sux",
"form": "i₃",
"cf": "i",
"gw": "oil",
"sense": "oil",
"norm0": "i",
"pos": "N",
"epos": "N",
"base": "i₃",
"morph": "~"}
}
,
{
"node": "l",
"frag": "dug₃-ga",
"id": "P271766.l37976",
"ref": "P271766.27.4",
"inst": "dug[good]",
"sig": "@dcclt%sux:dug₃-ga=dug[good//good]V/i'V/i$dug;a/dug₃+-ga=g.a#~;a",
"f": {"lang": "sux",
"form": "dug₃-ga",
"cf": "dug",
"gw": "good",
"sense": "good",
"norm0": "dug;a",
"pos": "V/i",
"epos": "V/i",
"base": "dug₃",
"cont": "-ga=g.a",
"morph": "~;a"}
}
]}
,
{
"node": "d",
"type": "line-start",
"ref": "P271766.28",
"n": "6'",
"label": "ii' 6'"}
,
{
"node": "d",
"type": "nonw",
"ref": "P271766.28.1",
"lang": "sux",
"type": "surro"}
,
{
"node": "l",
"id": "P271766.l37977",
"ref": "P271766.28.2",
"inst": "sab[jar]",
"sig": "@dcclt%sux:sab=sab[jar//an oil jar]N'N$sab/sab#~",
"f": {"lang": "sux",
"form": "sab",
"cf": "sab",
"gw": "jar",
"sense": "an oil jar",
"norm0": "sab",
"pos": "N",
"epos": "N",
"base": "sab",
"morph": "~"}
}
,
{
"node": "d",
"frag": "<<i₃>>",
"type": "nonw",
"ref": "P271766.28.3",
"lang": "sux",
"type": "excised",
"gdl_delim": " "}
,
{
"node": "l",
"frag": "ŋeštin-[na]",
"id": "P271766.l37978",
"ref": "P271766.28.4",
"inst": "ŋeštin[vine]",
"sig": "@dcclt%sux:ŋeštin-na=ŋeštin[vine//vine]N'N$ŋeštin,ak/ŋeštin+-na=n.a#~,ak",
"f": {"lang": "sux",
"form": "ŋeštin-na",
"cf": "ŋeštin",
"gw": "vine",
"sense": "vine",
"norm0": "ŋeštin,ak",
"pos": "N",
"epos": "N",
"base": "ŋeštin",
"cont": "-na=n.a",
"morph": "~,ak"}
}
,
{
"node": "d",
"type": "line-start",
"ref": "P271766.29",
"n": "7'",
"label": "ii' 7'"}
,
{
"node": "d",
"type": "nonw",
"ref": "P271766.29.1",
"lang": "sux",
"type": "surro"}
,
{
"node": "l",
"id": "P271766.l37979",
"ref": "P271766.29.2",
"inst": "sab[jar]",
"sig": "@dcclt%sux:sab=sab[jar//an oil jar]N'N$sab/sab#~",
"f": {"lang": "sux",
"form": "sab",
"cf": "sab",
"gw": "jar",
"sense": "an oil jar",
"norm0": "sab",
"pos": "N",
"epos": "N",
"base": "sab",
"morph": "~"}
}
,
{
"node": "l",
"frag": "lal₃",
"id": "P271766.l3797a",
"ref": "P271766.29.3",
"inst": "lal[syrup]",
"sig": "@dcclt%sux:lal₃=lal[syrup//syrup]N'N$lal/lal₃#~",
"f": {"lang": "sux",
"form": "lal₃",
"cf": "lal",
"gw": "syrup",
"sense": "syrup",
"norm0": "lal",
"pos": "N",
"epos": "N",
"base": "lal₃",
"morph": "~"}
}
,
{
"node": "d",
"type": "nonx",
"ref": "P271766.30",
"strict": "1",
"extent": "1",
"scope": "line",
"state": "ruling"}
,
{
"node": "d",
"type": "line-start",
"ref": "P271766.31",
"n": "8'",
"label": "ii' 8'"}
,
{
"node": "l",
"frag": "gir₉",
"id": "P271766.l3797b",
"ref": "P271766.31.1",
"inst": "gir[jar]",
"sig": "@dcclt%sux:gir₉=gir[jar//a large jar]N'N$gir/gir₉#~",
"f": {"lang": "sux",
"form": "gir₉",
"cf": "gir",
"gw": "jar",
"sense": "a large jar",
"norm0": "gir",
"pos": "N",
"epos": "N",
"base": "gir₉",
"morph": "~"}
}
,
{
"node": "d",
"type": "line-start",
"ref": "P271766.32",
"n": "9'",
"label": "ii' 9'"}
,
{
"node": "d",
"type": "nonw",
"ref": "P271766.32.1",
"lang": "sux",
"type": "surro"}
,
{
"node": "l",
"id": "P271766.l3797c",
"ref": "P271766.32.2",
"inst": "gir[jar]",
"sig": "@dcclt%sux:gir₉=gir[jar//a large jar]N'N$gir/gir₉#~",
"f": {"lang": "sux",
"form": "gir₉",
"cf": "gir",
"gw": "jar",
"sense": "a large jar",
"norm0": "gir",
"pos": "N",
"epos": "N",
"base": "gir₉",
"morph": "~"}
}
,
{
"node": "l",
"frag": "gal",
"id": "P271766.l3797d",
"ref": "P271766.32.3",
"inst": "gal[big]",
"sig": "@dcclt%sux:gal=gal[big//big]V/i'V/i$gal/gal#~",
"f": {"lang": "sux",
"form": "gal",
"cf": "gal",
"gw": "big",
"sense": "big",
"norm0": "gal",
"pos": "V/i",
"epos": "V/i",
"base": "gal",
"morph": "~"}
}
,
{
"node": "d",
"type": "line-start",
"ref": "P271766.33",
"n": "10'",
"label": "ii' 10'"}
,
{
"node": "d",
"type": "nonw",
"ref": "P271766.33.1",
"lang": "sux",
"type": "surro"}
,
{
"node": "l",
"id": "P271766.l3797e",
"ref": "P271766.33.2",
"inst": "gir[jar]",
"sig": "@dcclt%sux:gir₉=gir[jar//a large jar]N'N$gir/gir₉#~",
"f": {"lang": "sux",
"form": "gir₉",
"cf": "gir",
"gw": "jar",
"sense": "a large jar",
"norm0": "gir",
"pos": "N",
"epos": "N",
"base": "gir₉",
"morph": "~"}
}
,
{
"node": "l",
"frag": "tur",
"id": "P271766.l3797f",
"ref": "P271766.33.3",
"inst": "tur[small]",
"sig": "@dcclt%sux:tur=tur[small//small]V/i'V/i$tur/tur#~",
"f": {"lang": "sux",
"form": "tur",
"cf": "tur",
"gw": "small",
"sense": "small",
"norm0": "tur",
"pos": "V/i",
"epos": "V/i",
"base": "tur",
"morph": "~"}
}
,
{
"node": "d",
"type": "line-start",
"ref": "P271766.34",
"n": "11'",
"label": "ii' 11'"}
,
{
"node": "d",
"type": "nonw",
"ref": "P271766.34.1",
"lang": "sux",
"type": "surro"}
,
{
"node": "l",
"id": "P271766.l37980",
"ref": "P271766.34.2",
"inst": "gir[jar]",
"sig": "@dcclt%sux:gir₉=gir[jar//a large jar]N'N$gir/gir₉#~",
"f": {"lang": "sux",
"form": "gir₉",
"cf": "gir",
"gw": "jar",
"sense": "a large jar",
"norm0": "gir",
"pos": "N",
"epos": "N",
"base": "gir₉",
"morph": "~"}
}
,
{
"node": "l",
"frag": "⸢a⸣",
"id": "P271766.l37981",
"ref": "P271766.34.3",
"inst": "a[water]",
"sig": "@dcclt%sux:a=a[water//water]N'N$a/a#~",
"f": {"lang": "sux",
"form": "a",
"cf": "a",
"gw": "water",
"sense": "water",
"norm0": "a",
"pos": "N",
"epos": "N",
"base": "a",
"morph": "~"}
}
,
{
"node": "d",
"type": "line-start",
"ref": "P271766.35",
"n": "12'",
"label": "ii' 12'"}
,
{
"node": "d",
"type": "nonw",
"ref": "P271766.35.1",
"lang": "sux",
"type": "surro"}
,
{
"node": "l",
"id": "P271766.l37982",
"ref": "P271766.35.2",
"inst": "gir[jar]",
"sig": "@dcclt%sux:gir₉=gir[jar//a large jar]N'N$gir/gir₉#~",
"f": {"lang": "sux",
"form": "gir₉",
"cf": "gir",
"gw": "jar",
"sense": "a large jar",
"norm0": "gir",
"pos": "N",
"epos": "N",
"base": "gir₉",
"morph": "~"}
}
,
{
"node": "l",
"frag": "[...]",
"id": "P271766.l37983",
"ref": "P271766.35.3",
"inst": "u",
"f": {"lang": "sux",
"form": "x",
"pos": "u"}
}
,
{
"node": "d",
"type": "nonx",
"ref": "P271766.36",
"strict": "0",
"extent": "rest",
"state": "missing"}
]}
]}
]}
,
{
"linkbase": [{
"type": "linkset",
"xlink_title": "i duga[oil//aromatic oil or ointment]N'N",
"id": "P271766.ls00000",
"xlink_type": "extended",
"xlink_role": "psu",
"sig": "{i₃ dug₃-ga = i[oil]N dug[good]V/i += i duga[oil//aromatic oil or ointment]N'N}::@dcclt%sux:i₃=i[oil//oil]N'N$i/i₃#~++@dcclt%sux:dug₃-ga=dug[good//goodness, good (thing)]V/i'N$dug;a/dug₃+-ga=g.a#~;a",
"links": [
{
"type": "link",
"xlink_title": "i",
"xlink_type": "locator",
"xlink_href": "#P271766.l37975",
"xlink_role": "elt"}
,
{
"type": "link",
"xlink_title": "dug",
"xlink_type": "locator",
"xlink_href": "#P271766.l37976",
"xlink_role": "elt"}
]}
]}
]}
