{
"type": "cdl",
  "source": "http://oracc.org/dcclt",
  "license": "This data is released under the CC0 license",
  "license-url": "https://creativecommons.org/publicdomain/zero/1.0/",
  "more-info": "http://oracc.org/doc/opendata/",
  "UTC-timestamp": "2017-05-19T18:25:29",
"project": "dcclt",
"textid": "P271714",
"cdl": [
{
"node": "c",
"type": "text",
"id": "P271714.U0",
"cdl": [
{
"node": "d",
"subtype": "tablet",
"type": "object",
"ref": "P271714.x1499.1",
"type": "tablet",
"label": "x1499"}
,
{
"node": "d",
"subtype": "obverse",
"type": "surface",
"ref": "P271714.o.2",
"type": "obverse",
"label": "o"}
,
{
"node": "d",
"type": "nonx",
"ref": "P271714.3",
"strict": "0",
"extent": "74148",
"state": "other"}
,
{
"node": "d",
"subtype": "column 1o '",
"type": "column",
"ref": "P271714.o.i_.4",
"n": "1",
"label": "o i'"}
,
{
"node": "d",
"type": "nonx",
"ref": "P271714.5",
"strict": "0",
"extent": "beginning",
"state": "missing"}
,
{
"node": "c",
"type": "discourse",
"subtype": "body",
"id": "P271714.U1",
"cdl": [
{
"node": "c",
"type": "sentence",
"id": "P271714.U2",
"label": "o i' 1' - r ii' 13'",
"cdl": [
{
"node": "d",
"type": "line-start",
"ref": "P271714.6",
"n": "1'",
"label": "o i' 1'"}
,
{
"node": "d",
"type": "cell-start"}
,
{
"node": "d",
"type": "field-start",
"subtype": "wp"}
,
{
"node": "l",
"frag": "[...]",
"id": "P271714.l382ce",
"ref": "P271714.6.1",
"inst": "u",
"f": {"lang": "sux",
"form": "x",
"pos": "u"}
}
,
{
"node": "d",
"type": "field-end",
"subtype": "wp"}
,
{
"node": "d",
"type": "cell-end"}
,
{
"node": "d",
"type": "cell-start"}
,
{
"node": "d",
"type": "field-start",
"subtype": "eq"}
,
{
"node": "l",
"frag": "[...]",
"id": "P271714.l382cf",
"ref": "P271714.6.2",
"inst": "u",
"f": {"lang": "akk-x-mbperi",
"form": "x",
"pos": "u"}
}
,
{
"node": "d",
"type": "nonw",
"ref": ""}
,
{
"node": "d",
"type": "field-end",
"subtype": "eq"}
,
{
"node": "d",
"type": "cell-end"}
,
{
"node": "d",
"type": "line-start",
"ref": "P271714.7",
"n": "2'",
"label": "o i' 2'"}
,
{
"node": "d",
"type": "cell-start"}
,
{
"node": "d",
"type": "field-start",
"subtype": "wp"}
,
{
"node": "l",
"frag": "[...]",
"id": "P271714.l382d0",
"ref": "P271714.7.1",
"inst": "u",
"f": {"lang": "sux",
"form": "x",
"pos": "u"}
}
,
{
"node": "d",
"type": "field-end",
"subtype": "wp"}
,
{
"node": "d",
"type": "cell-end"}
,
{
"node": "d",
"type": "cell-start"}
,
{
"node": "d",
"type": "field-start",
"subtype": "eq"}
,
{
"node": "l",
"frag": "[...]",
"id": "P271714.l382d1",
"ref": "P271714.7.2",
"inst": "u",
"f": {"lang": "akk-x-mbperi",
"form": "x",
"pos": "u"}
}
,
{
"node": "d",
"type": "nonw",
"ref": ""}
,
{
"node": "d",
"type": "field-end",
"subtype": "eq"}
,
{
"node": "d",
"type": "cell-end"}
,
{
"node": "d",
"type": "line-start",
"ref": "P271714.8",
"n": "3'",
"label": "o i' 3'"}
,
{
"node": "d",
"type": "cell-start"}
,
{
"node": "d",
"type": "field-start",
"subtype": "wp"}
,
{
"node": "l",
"frag": "[...]",
"id": "P271714.l382d2",
"ref": "P271714.8.1",
"inst": "u",
"f": {"lang": "sux",
"form": "x",
"pos": "u"}
}
,
{
"node": "d",
"type": "field-end",
"subtype": "wp"}
,
{
"node": "d",
"type": "cell-end"}
,
{
"node": "d",
"type": "cell-start"}
,
{
"node": "d",
"type": "field-start",
"subtype": "eq"}
,
{
"node": "l",
"frag": "[...]",
"id": "P271714.l382d3",
"ref": "P271714.8.2",
"inst": "u",
"f": {"lang": "akk-x-mbperi",
"form": "x",
"pos": "u"}
}
,
{
"node": "d",
"type": "nonw",
"ref": ""}
,
{
"node": "d",
"type": "field-end",
"subtype": "eq"}
,
{
"node": "d",
"type": "cell-end"}
,
{
"node": "d",
"type": "nonx",
"ref": "P271714.9",
"strict": "0",
"extent": "n",
"scope": "line",
"state": "missing"}
,
{
"node": "d",
"type": "nonx",
"ref": "P271714.10",
"strict": "0",
"extent": "74154",
"state": "other"}
,
{
"node": "d",
"type": "line-start",
"ref": "P271714.11",
"n": "1''",
"label": "o i' 1''"}
,
{
"node": "d",
"type": "cell-start"}
,
{
"node": "d",
"type": "field-start",
"subtype": "wp"}
,
{
"node": "l",
"frag": "⸢urud⸣",
"id": "P271714.l382d4",
"ref": "P271714.11.1",
"inst": "urud[copper]",
"sig": "@dcclt%sux:urud=urud[copper//copper]N'N$urud/urud#~",
"f": {"lang": "sux",
"form": "urud",
"cf": "urud",
"gw": "copper",
"sense": "copper",
"norm0": "urud",
"pos": "N",
"epos": "N",
"base": "urud",
"morph": "~"}
}
,
{
"node": "l",
"frag": "[...]",
"id": "P271714.l382d5",
"ref": "P271714.11.2",
"inst": "u",
"f": {"lang": "sux",
"form": "x",
"pos": "u"}
}
,
{
"node": "d",
"type": "field-end",
"subtype": "wp"}
,
{
"node": "d",
"type": "cell-end"}
,
{
"node": "d",
"type": "cell-start"}
,
{
"node": "d",
"type": "field-start",
"subtype": "eq"}
,
{
"node": "l",
"frag": "[...]",
"id": "P271714.l382d6",
"ref": "P271714.11.3",
"inst": "u",
"f": {"lang": "akk-x-mbperi",
"form": "x",
"pos": "u"}
}
,
{
"node": "d",
"type": "field-end",
"subtype": "eq"}
,
{
"node": "d",
"type": "cell-end"}
,
{
"node": "d",
"type": "line-start",
"ref": "P271714.12",
"n": "2''",
"label": "o i' 2''"}
,
{
"node": "d",
"type": "cell-start"}
,
{
"node": "d",
"type": "field-start",
"subtype": "wp"}
,
{
"node": "l",
"frag": "urud",
"id": "P271714.l382d7",
"ref": "P271714.12.1",
"inst": "urud[copper]",
"sig": "@dcclt%sux:urud=urud[copper//copper]N'N$urud/urud#~",
"f": {"lang": "sux",
"form": "urud",
"cf": "urud",
"gw": "copper",
"sense": "copper",
"norm0": "urud",
"pos": "N",
"epos": "N",
"base": "urud",
"morph": "~"}
}
,
{
"node": "l",
"frag": "[...]",
"id": "P271714.l382d8",
"ref": "P271714.12.2",
"inst": "u",
"f": {"lang": "sux",
"form": "x",
"pos": "u"}
}
,
{
"node": "d",
"type": "field-end",
"subtype": "wp"}
,
{
"node": "d",
"type": "cell-end"}
,
{
"node": "d",
"type": "cell-start"}
,
{
"node": "d",
"type": "field-start",
"subtype": "eq"}
,
{
"node": "l",
"frag": "[...]",
"id": "P271714.l382d9",
"ref": "P271714.12.3",
"inst": "u",
"f": {"lang": "akk-x-mbperi",
"form": "x",
"pos": "u"}
}
,
{
"node": "d",
"type": "field-end",
"subtype": "eq"}
,
{
"node": "d",
"type": "cell-end"}
,
{
"node": "d",
"type": "line-start",
"ref": "P271714.13",
"n": "3''",
"label": "o i' 3''"}
,
{
"node": "d",
"type": "cell-start"}
,
{
"node": "d",
"type": "field-start",
"subtype": "wp"}
,
{
"node": "l",
"frag": "{urud}za-[...]",
"id": "P271714.l382da",
"ref": "P271714.13.1",
"inst": "u",
"f": {"lang": "sux",
"form": "{urud}za-x",
"pos": "u"}
}
,
{
"node": "d",
"type": "field-end",
"subtype": "wp"}
,
{
"node": "d",
"type": "cell-end"}
,
{
"node": "d",
"type": "cell-start"}
,
{
"node": "d",
"type": "field-start",
"subtype": "eq"}
,
{
"node": "l",
"frag": "[...]",
"id": "P271714.l382db",
"ref": "P271714.13.2",
"inst": "u",
"f": {"lang": "akk-x-mbperi",
"form": "x",
"pos": "u"}
}
,
{
"node": "d",
"type": "field-end",
"subtype": "eq"}
,
{
"node": "d",
"type": "cell-end"}
,
{
"node": "d",
"type": "line-start",
"ref": "P271714.14",
"n": "4''",
"label": "o i' 4''"}
,
{
"node": "d",
"type": "cell-start"}
,
{
"node": "d",
"type": "field-start",
"subtype": "wp"}
,
{
"node": "l",
"frag": "{urud}za-[...]",
"id": "P271714.l382dc",
"ref": "P271714.14.1",
"inst": "u",
"f": {"lang": "sux",
"form": "{urud}za-x",
"pos": "u"}
}
,
{
"node": "d",
"type": "field-end",
"subtype": "wp"}
,
{
"node": "d",
"type": "cell-end"}
,
{
"node": "d",
"type": "cell-start"}
,
{
"node": "d",
"type": "field-start",
"subtype": "eq"}
,
{
"node": "l",
"frag": "[...]",
"id": "P271714.l382dd",
"ref": "P271714.14.2",
"inst": "u",
"f": {"lang": "akk-x-mbperi",
"form": "x",
"pos": "u"}
}
,
{
"node": "d",
"type": "field-end",
"subtype": "eq"}
,
{
"node": "d",
"type": "cell-end"}
,
{
"node": "d",
"type": "nonx",
"ref": "P271714.15",
"strict": "1",
"extent": "1",
"scope": "line",
"state": "ruling"}
,
{
"node": "d",
"type": "line-start",
"ref": "P271714.16",
"n": "5''",
"label": "o i' 5''"}
,
{
"node": "d",
"type": "cell-start"}
,
{
"node": "d",
"type": "field-start",
"subtype": "wp"}
,
{
"node": "l",
"frag": "{urud}⸢si⸣-[...]",
"id": "P271714.l382de",
"ref": "P271714.16.1",
"inst": "u",
"f": {"lang": "sux",
"form": "{urud}si-x",
"pos": "u"}
}
,
{
"node": "d",
"type": "field-end",
"subtype": "wp"}
,
{
"node": "d",
"type": "cell-end"}
,
{
"node": "d",
"type": "cell-start"}
,
{
"node": "d",
"type": "field-start",
"subtype": "eq"}
,
{
"node": "l",
"frag": "[...]",
"id": "P271714.l382df",
"ref": "P271714.16.2",
"inst": "u",
"f": {"lang": "akk-x-mbperi",
"form": "x",
"pos": "u"}
}
,
{
"node": "d",
"type": "field-end",
"subtype": "eq"}
,
{
"node": "d",
"type": "cell-end"}
,
{
"node": "d",
"type": "line-start",
"ref": "P271714.17",
"n": "6''",
"label": "o i' 6''"}
,
{
"node": "d",
"type": "cell-start"}
,
{
"node": "d",
"type": "field-start",
"subtype": "wp"}
,
{
"node": "l",
"frag": "{urud}niŋ₂-[...]",
"id": "P271714.l382e0",
"ref": "P271714.17.1",
"inst": "u",
"f": {"lang": "sux",
"form": "{urud}niŋ₂-x",
"pos": "u"}
}
,
{
"node": "d",
"type": "field-end",
"subtype": "wp"}
,
{
"node": "d",
"type": "cell-end"}
,
{
"node": "d",
"type": "cell-start"}
,
{
"node": "d",
"type": "field-start",
"subtype": "eq"}
,
{
"node": "l",
"frag": "[...]",
"id": "P271714.l382e1",
"ref": "P271714.17.2",
"inst": "u",
"f": {"lang": "akk-x-mbperi",
"form": "x",
"pos": "u"}
}
,
{
"node": "d",
"type": "field-end",
"subtype": "eq"}
,
{
"node": "d",
"type": "cell-end"}
,
{
"node": "d",
"type": "nonx",
"ref": "P271714.18",
"strict": "1",
"extent": "1",
"scope": "line",
"state": "ruling"}
,
{
"node": "d",
"type": "line-start",
"ref": "P271714.19",
"n": "7''",
"label": "o i' 7''"}
,
{
"node": "d",
"type": "cell-start"}
,
{
"node": "d",
"type": "field-start",
"subtype": "wp"}
,
{
"node": "l",
"frag": "urud",
"id": "P271714.l382e2",
"ref": "P271714.19.1",
"inst": "urud[copper]",
"sig": "@dcclt%sux:urud=urud[copper//copper]N'N$urud/urud#~",
"f": {"lang": "sux",
"form": "urud",
"cf": "urud",
"gw": "copper",
"sense": "copper",
"norm0": "urud",
"pos": "N",
"epos": "N",
"base": "urud",
"morph": "~"}
}
,
{
"node": "l",
"frag": "[...]",
"id": "P271714.l382e3",
"ref": "P271714.19.2",
"inst": "u",
"f": {"lang": "sux",
"form": "x",
"pos": "u"}
}
,
{
"node": "d",
"type": "field-end",
"subtype": "wp"}
,
{
"node": "d",
"type": "cell-end"}
,
{
"node": "d",
"type": "cell-start"}
,
{
"node": "d",
"type": "field-start",
"subtype": "eq"}
,
{
"node": "l",
"frag": "[...]",
"id": "P271714.l382e4",
"ref": "P271714.19.3",
"inst": "u",
"f": {"lang": "akk-x-mbperi",
"form": "x",
"pos": "u"}
}
,
{
"node": "d",
"type": "field-end",
"subtype": "eq"}
,
{
"node": "d",
"type": "cell-end"}
,
{
"node": "d",
"type": "nonx",
"ref": "P271714.20",
"strict": "0",
"extent": "rest",
"state": "missing"}
,
{
"node": "d",
"subtype": "column 2o '",
"type": "column",
"ref": "P271714.o.ii_.21",
"n": "2",
"label": "o ii'"}
,
{
"node": "d",
"type": "nonx",
"ref": "P271714.22",
"strict": "0",
"extent": "74148",
"state": "other"}
,
{
"node": "d",
"type": "nonx",
"ref": "P271714.23",
"strict": "0",
"extent": "beginning",
"state": "missing"}
,
{
"node": "d",
"type": "line-start",
"ref": "P271714.24",
"n": "1'",
"label": "o ii' 1'"}
,
{
"node": "d",
"type": "cell-start"}
,
{
"node": "d",
"type": "field-start",
"subtype": "wp"}
,
{
"node": "l",
"frag": "⸢urud⸣",
"id": "P271714.l382e5",
"ref": "P271714.24.1",
"inst": "urud[copper]",
"sig": "@dcclt%sux:urud=urud[copper//copper]N'N$urud/urud#~",
"f": {"lang": "sux",
"form": "urud",
"cf": "urud",
"gw": "copper",
"sense": "copper",
"norm0": "urud",
"pos": "N",
"epos": "N",
"base": "urud",
"morph": "~"}
}
,
{
"node": "l",
"frag": "[...]",
"id": "P271714.l382e6",
"ref": "P271714.24.2",
"inst": "u",
"f": {"lang": "sux",
"form": "x",
"pos": "u"}
}
,
{
"node": "d",
"type": "field-end",
"subtype": "wp"}
,
{
"node": "d",
"type": "cell-end"}
,
{
"node": "d",
"type": "cell-start"}
,
{
"node": "d",
"type": "field-start",
"subtype": "eq"}
,
{
"node": "l",
"frag": "[...]",
"id": "P271714.l382e7",
"ref": "P271714.24.3",
"inst": "u",
"f": {"lang": "akk-x-mbperi",
"form": "x",
"pos": "u"}
}
,
{
"node": "d",
"type": "nonw",
"ref": ""}
,
{
"node": "d",
"type": "field-end",
"subtype": "eq"}
,
{
"node": "d",
"type": "cell-end"}
,
{
"node": "d",
"type": "nonx",
"ref": "P271714.25",
"strict": "1",
"extent": "1",
"scope": "line",
"state": "ruling"}
,
{
"node": "d",
"type": "line-start",
"ref": "P271714.26",
"n": "2'",
"label": "o ii' 2'"}
,
{
"node": "d",
"type": "cell-start"}
,
{
"node": "d",
"type": "field-start",
"subtype": "wp"}
,
{
"node": "l",
"frag": "{urud}⸢x⸣",
"id": "P271714.l382e8",
"ref": "P271714.26.1",
"inst": "u",
"f": {"lang": "sux",
"form": "{urud}x",
"pos": "u"}
}
,
{
"node": "l",
"frag": "[(...)]",
"id": "P271714.l382e9",
"ref": "P271714.26.2",
"inst": "u",
"f": {"lang": "sux",
"form": "x",
"pos": "u"}
}
,
{
"node": "d",
"type": "field-end",
"subtype": "wp"}
,
{
"node": "d",
"type": "cell-end"}
,
{
"node": "d",
"type": "cell-start"}
,
{
"node": "d",
"type": "field-start",
"subtype": "eq"}
,
{
"node": "l",
"frag": "[...]",
"id": "P271714.l382ea",
"ref": "P271714.26.3",
"inst": "u",
"f": {"lang": "akk-x-mbperi",
"form": "x",
"pos": "u"}
}
,
{
"node": "d",
"type": "field-end",
"subtype": "eq"}
,
{
"node": "d",
"type": "cell-end"}
,
{
"node": "d",
"type": "line-start",
"ref": "P271714.27",
"n": "3'",
"label": "o ii' 3'"}
,
{
"node": "d",
"type": "cell-start"}
,
{
"node": "d",
"type": "field-start",
"subtype": "wp"}
,
{
"node": "l",
"frag": "{urud}MIN",
"id": "P271714.l382eb",
"ref": "P271714.27.1",
"inst": "X",
"f": {"lang": "sux",
"form": "{urud}MIN",
"pos": "X"}
}
,
{
"node": "l",
"frag": "[(...)]",
"id": "P271714.l382ec",
"ref": "P271714.27.2",
"inst": "u",
"f": {"lang": "sux",
"form": "x",
"pos": "u"}
}
,
{
"node": "d",
"type": "field-end",
"subtype": "wp"}
,
{
"node": "d",
"type": "cell-end"}
,
{
"node": "d",
"type": "cell-start"}
,
{
"node": "d",
"type": "field-start",
"subtype": "eq"}
,
{
"node": "l",
"frag": "[...]",
"id": "P271714.l382ed",
"ref": "P271714.27.3",
"inst": "u",
"f": {"lang": "akk-x-mbperi",
"form": "x",
"pos": "u"}
}
,
{
"node": "d",
"type": "field-end",
"subtype": "eq"}
,
{
"node": "d",
"type": "cell-end"}
,
{
"node": "d",
"type": "line-start",
"ref": "P271714.28",
"n": "4'",
"label": "o ii' 4'"}
,
{
"node": "d",
"type": "cell-start"}
,
{
"node": "d",
"type": "field-start",
"subtype": "wp"}
,
{
"node": "l",
"frag": "{urud}MIN",
"id": "P271714.l382ee",
"ref": "P271714.28.1",
"inst": "X",
"f": {"lang": "sux",
"form": "{urud}MIN",
"pos": "X"}
}
,
{
"node": "l",
"frag": "[(...)]",
"id": "P271714.l382ef",
"ref": "P271714.28.2",
"inst": "u",
"f": {"lang": "sux",
"form": "x",
"pos": "u"}
}
,
{
"node": "d",
"type": "field-end",
"subtype": "wp"}
,
{
"node": "d",
"type": "cell-end"}
,
{
"node": "d",
"type": "cell-start"}
,
{
"node": "d",
"type": "field-start",
"subtype": "eq"}
,
{
"node": "l",
"frag": "[...]",
"id": "P271714.l382f0",
"ref": "P271714.28.3",
"inst": "u",
"f": {"lang": "akk-x-mbperi",
"form": "x",
"pos": "u"}
}
,
{
"node": "d",
"type": "field-end",
"subtype": "eq"}
,
{
"node": "d",
"type": "cell-end"}
,
{
"node": "d",
"type": "line-start",
"ref": "P271714.29",
"n": "5'",
"label": "o ii' 5'"}
,
{
"node": "d",
"type": "cell-start"}
,
{
"node": "d",
"type": "field-start",
"subtype": "wp"}
,
{
"node": "l",
"frag": "{⸢urud⸣}MIN",
"id": "P271714.l382f1",
"ref": "P271714.29.1",
"inst": "X",
"f": {"lang": "sux",
"form": "{urud}MIN",
"pos": "X"}
}
,
{
"node": "l",
"frag": "⸢tab⸣-[ba]",
"id": "P271714.l382f2",
"ref": "P271714.29.2",
"inst": "tab[double]",
"sig": "@dcclt%sux:tab-ba=tab[double//double]V/t'V/t$tab;a/tab+-ba=b.a#~;a",
"f": {"lang": "sux",
"form": "tab-ba",
"cf": "tab",
"gw": "double",
"sense": "double",
"norm0": "tab;a",
"pos": "V/t",
"epos": "V/t",
"base": "tab",
"cont": "-ba=b.a",
"morph": "~;a"}
}
,
{
"node": "d",
"type": "field-end",
"subtype": "wp"}
,
{
"node": "d",
"type": "cell-end"}
,
{
"node": "d",
"type": "cell-start"}
,
{
"node": "d",
"type": "field-start",
"subtype": "eq"}
,
{
"node": "l",
"frag": "[...]",
"id": "P271714.l382f3",
"ref": "P271714.29.3",
"inst": "u",
"f": {"lang": "akk-x-mbperi",
"form": "x",
"pos": "u"}
}
,
{
"node": "d",
"type": "field-end",
"subtype": "eq"}
,
{
"node": "d",
"type": "cell-end"}
,
{
"node": "d",
"type": "line-start",
"ref": "P271714.30",
"n": "6'",
"label": "o ii' 6'"}
,
{
"node": "d",
"type": "cell-start"}
,
{
"node": "d",
"type": "field-start",
"subtype": "wp"}
,
{
"node": "l",
"frag": "{[urud}MIN]",
"id": "P271714.l382f4",
"ref": "P271714.30.1",
"inst": "X",
"f": {"lang": "sux",
"form": "{urud}MIN",
"pos": "X"}
}
,
{
"node": "d",
"type": "nonw",
"ref": "P271714.30.2",
"lang": "sux",
"type": "surro"}
,
{
"node": "l",
"id": "P271714.l382f5",
"ref": "P271714.30.3",
"inst": "tab[double]",
"sig": "@dcclt%sux:tab-ba=tab[double//double]V/t'V/t$tab;a/tab+-ba=b.a#~;a",
"f": {"lang": "sux",
"form": "tab-ba",
"cf": "tab",
"gw": "double",
"sense": "double",
"norm0": "tab;a",
"pos": "V/t",
"epos": "V/t",
"base": "tab",
"cont": "-ba=b.a",
"morph": "~;a"}
}
,
{
"node": "l",
"frag": "[...]",
"id": "P271714.l382f6",
"ref": "P271714.30.4",
"inst": "u",
"f": {"lang": "sux",
"form": "x",
"pos": "u"}
}
,
{
"node": "d",
"type": "field-end",
"subtype": "wp"}
,
{
"node": "d",
"type": "cell-end"}
,
{
"node": "d",
"type": "cell-start"}
,
{
"node": "d",
"type": "field-start",
"subtype": "eq"}
,
{
"node": "l",
"frag": "[...]",
"id": "P271714.l382f7",
"ref": "P271714.30.5",
"inst": "u",
"f": {"lang": "akk-x-mbperi",
"form": "x",
"pos": "u"}
}
,
{
"node": "d",
"type": "field-end",
"subtype": "eq"}
,
{
"node": "d",
"type": "cell-end"}
,
{
"node": "d",
"type": "line-start",
"ref": "P271714.31",
"n": "7'",
"label": "o ii' 7'"}
,
{
"node": "d",
"type": "cell-start"}
,
{
"node": "d",
"type": "field-start",
"subtype": "wp"}
,
{
"node": "l",
"frag": "{[urud}MIN]",
"id": "P271714.l382f8",
"ref": "P271714.31.1",
"inst": "X",
"f": {"lang": "sux",
"form": "{urud}MIN",
"pos": "X"}
}
,
{
"node": "d",
"type": "nonw",
"ref": "P271714.31.2",
"lang": "sux",
"type": "surro"}
,
{
"node": "l",
"id": "P271714.l382f9",
"ref": "P271714.31.3",
"inst": "tab[double]",
"sig": "@dcclt%sux:tab-ba=tab[double//double]V/t'V/t$tab;a/tab+-ba=b.a#~;a",
"f": {"lang": "sux",
"form": "tab-ba",
"cf": "tab",
"gw": "double",
"sense": "double",
"norm0": "tab;a",
"pos": "V/t",
"epos": "V/t",
"base": "tab",
"cont": "-ba=b.a",
"morph": "~;a"}
}
,
{
"node": "l",
"frag": "[...]",
"id": "P271714.l382fa",
"ref": "P271714.31.4",
"inst": "u",
"f": {"lang": "sux",
"form": "x",
"pos": "u"}
}
,
{
"node": "d",
"type": "field-end",
"subtype": "wp"}
,
{
"node": "d",
"type": "cell-end"}
,
{
"node": "d",
"type": "cell-start"}
,
{
"node": "d",
"type": "field-start",
"subtype": "eq"}
,
{
"node": "l",
"frag": "[...]",
"id": "P271714.l382fb",
"ref": "P271714.31.5",
"inst": "u",
"f": {"lang": "akk-x-mbperi",
"form": "x",
"pos": "u"}
}
,
{
"node": "d",
"type": "field-end",
"subtype": "eq"}
,
{
"node": "d",
"type": "cell-end"}
,
{
"node": "d",
"type": "nonx",
"ref": "P271714.32",
"strict": "0",
"extent": "rest",
"state": "missing"}
,
{
"node": "d",
"subtype": "reverse",
"type": "surface",
"ref": "P271714.r.33",
"type": "reverse",
"label": "r"}
,
{
"node": "d",
"subtype": "column 1r '",
"type": "column",
"ref": "P271714.r.i_.34",
"n": "1",
"label": "r i'"}
,
{
"node": "d",
"type": "nonx",
"ref": "P271714.35",
"strict": "0",
"extent": "74172",
"state": "other"}
,
{
"node": "d",
"type": "nonx",
"ref": "P271714.36",
"strict": "0",
"extent": "beginning",
"state": "missing"}
,
{
"node": "d",
"type": "line-start",
"ref": "P271714.37",
"n": "1'",
"label": "r i' 1'"}
,
{
"node": "d",
"type": "cell-start"}
,
{
"node": "d",
"type": "field-start",
"subtype": "wp"}
,
{
"node": "l",
"frag": "[...]-⸢x⸣{{<min([zabar])>}}",
"id": "P271714.l382fc",
"ref": "P271714.37.1",
"inst": "u",
"f": {"lang": "sux",
"form": "x-x{zabar}",
"pos": "u"}
}
,
{
"node": "d",
"type": "field-end",
"subtype": "wp"}
,
{
"node": "d",
"type": "cell-end"}
,
{
"node": "d",
"type": "cell-start"}
,
{
"node": "d",
"type": "field-start",
"subtype": "eq"}
,
{
"node": "l",
"frag": "[...]",
"id": "P271714.l382fd",
"ref": "P271714.37.2",
"inst": "u",
"f": {"lang": "akk-x-mbperi",
"form": "x",
"pos": "u"}
}
,
{
"node": "d",
"type": "field-end",
"subtype": "eq"}
,
{
"node": "d",
"type": "cell-end"}
,
{
"node": "d",
"type": "line-start",
"ref": "P271714.38",
"n": "2'",
"label": "r i' 2'"}
,
{
"node": "d",
"type": "cell-start"}
,
{
"node": "d",
"type": "field-start",
"subtype": "wp"}
,
{
"node": "l",
"frag": "[x]-⸢x⸣-ša{{<min([zabar])>}}",
"id": "P271714.l382fe",
"ref": "P271714.38.1",
"inst": "u",
"f": {"lang": "sux",
"form": "x-x-ša{zabar}",
"pos": "u"}
}
,
{
"node": "d",
"type": "field-end",
"subtype": "wp"}
,
{
"node": "d",
"type": "cell-end"}
,
{
"node": "d",
"type": "cell-start"}
,
{
"node": "d",
"type": "field-start",
"subtype": "eq"}
,
{
"node": "d",
"frag": ":\"",
"type": "nonw",
"ref": "P271714.38.2",
"lang": "akk-x-mbperi",
"type": "punct",
"gdl_delim": " "}
,
{
"node": "l",
"frag": "za-[...]",
"id": "P271714.l382ff",
"ref": "P271714.38.3",
"inst": "u",
"f": {"lang": "akk-x-mbperi",
"form": "za-x",
"pos": "u"}
}
,
{
"node": "d",
"type": "field-end",
"subtype": "eq"}
,
{
"node": "d",
"type": "cell-end"}
,
{
"node": "d",
"type": "line-start",
"ref": "P271714.39",
"n": "3'",
"label": "r i' 3'"}
,
{
"node": "d",
"type": "cell-start"}
,
{
"node": "d",
"type": "field-start",
"subtype": "wp"}
,
{
"node": "l",
"frag": "[hub₂]-⸢be₂⸣{{<min([zabar])>}}",
"id": "P271714.l38300",
"ref": "P271714.39.1",
"inst": "hubi[acrobat]",
"sig": "@dcclt%sux:hub₂-be₂{zabar}=hubi[acrobat//acrobat]N'N$hubi/hub₂-be₂{zabar}#~",
"f": {"lang": "sux",
"form": "hub₂-be₂{zabar}",
"cf": "hubi",
"gw": "acrobat",
"sense": "acrobat",
"norm0": "hubi",
"pos": "N",
"epos": "N",
"base": "hub₂-be₂{zabar}",
"morph": "~"}
}
,
{
"node": "d",
"type": "field-end",
"subtype": "wp"}
,
{
"node": "d",
"type": "cell-end"}
,
{
"node": "d",
"type": "cell-start"}
,
{
"node": "d",
"type": "field-start",
"subtype": "eq"}
,
{
"node": "d",
"frag": ":\"",
"type": "nonw",
"ref": "P271714.39.2",
"lang": "akk-x-mbperi",
"type": "punct",
"gdl_delim": " "}
,
{
"node": "l",
"frag": "hu-up-⸢pu⸣-[u]",
"id": "P271714.l38301",
"ref": "P271714.39.3",
"inst": "huppû[(cultic dancer)]N$",
"sig": "@dcclt%akk-x-mbperi:hu-up-pu-u=huppû[(cultic dancer)//(cultic dancer)]N'N$huppû",
"f": {"lang": "akk-x-mbperi",
"form": "hu-up-pu-u",
"cf": "huppû",
"gw": "(cultic dancer)",
"sense": "(cultic dancer)",
"norm": "huppû",
"pos": "N",
"epos": "N"}
}
,
{
"node": "d",
"type": "field-end",
"subtype": "eq"}
,
{
"node": "d",
"type": "cell-end"}
,
{
"node": "d",
"type": "line-start",
"ref": "P271714.40",
"n": "4'",
"label": "r i' 4'"}
,
{
"node": "d",
"type": "cell-start"}
,
{
"node": "d",
"type": "field-start",
"subtype": "wp"}
,
{
"node": "l",
"frag": "[da]-bi-hu{{<min([zabar])>}}",
"id": "P271714.l38302",
"ref": "P271714.40.1",
"inst": "dabihum[slaughterer]",
"sig": "@dcclt%sux:da-bi-hu{zabar}=dabihum[slaughterer//slaughterer]N'N$dabihum/da-bi-hu{zabar}#~",
"f": {"lang": "sux",
"form": "da-bi-hu{zabar}",
"cf": "dabihum",
"gw": "slaughterer",
"sense": "slaughterer",
"norm0": "dabihum",
"pos": "N",
"epos": "N",
"base": "da-bi-hu{zabar}",
"morph": "~"}
}
,
{
"node": "d",
"type": "field-end",
"subtype": "wp"}
,
{
"node": "d",
"type": "cell-end"}
,
{
"node": "d",
"type": "cell-start"}
,
{
"node": "d",
"type": "field-start",
"subtype": "eq"}
,
{
"node": "d",
"frag": ":\"",
"type": "nonw",
"ref": "P271714.40.2",
"lang": "akk-x-mbperi",
"type": "punct",
"gdl_delim": " "}
,
{
"node": "l",
"frag": "ṭa-bi-⸢hu⸣",
"id": "P271714.l38303",
"ref": "P271714.40.3",
"inst": "ṭābihu[slaughterer]N$",
"sig": "@dcclt%akk-x-mbperi:ṭa-bi-hu=ṭābihu[slaughterer//slaughterer]N'N$ṭābihu",
"f": {"lang": "akk-x-mbperi",
"form": "ṭa-bi-hu",
"cf": "ṭābihu",
"gw": "slaughterer",
"sense": "slaughterer",
"norm": "ṭābihu",
"pos": "N",
"epos": "N"}
}
,
{
"node": "d",
"type": "field-end",
"subtype": "eq"}
,
{
"node": "d",
"type": "cell-end"}
,
{
"node": "d",
"type": "nonx",
"ref": "P271714.41",
"strict": "1",
"extent": "1",
"scope": "line",
"state": "ruling"}
,
{
"node": "d",
"type": "nonx",
"ref": "P271714.42",
"strict": "0",
"extent": "74148",
"state": "other"}
,
{
"node": "d",
"type": "line-start",
"ref": "P271714.43",
"n": "5'",
"label": "r i' 5'"}
,
{
"node": "d",
"type": "cell-start"}
,
{
"node": "d",
"type": "field-start",
"subtype": "wp"}
,
{
"node": "l",
"frag": "niŋ₂-⸢ŋeštug⸣{{<min([zabar])>}}",
"id": "P271714.l38304",
"ref": "P271714.43.1",
"inst": "niŋŋeštug[earring]",
"sig": "@dcclt%sux:niŋ₂-ŋeštug{zabar}=niŋŋeštug[earring//earring]N'N$niŋŋeštug/niŋ₂-ŋeštug{zabar}#~",
"f": {"lang": "sux",
"form": "niŋ₂-ŋeštug{zabar}",
"cf": "niŋŋeštug",
"gw": "earring",
"sense": "earring",
"norm0": "niŋŋeštug",
"pos": "N",
"epos": "N",
"base": "niŋ₂-ŋeštug{zabar}",
"morph": "~"}
}
,
{
"node": "d",
"type": "field-end",
"subtype": "wp"}
,
{
"node": "d",
"type": "cell-end"}
,
{
"node": "d",
"type": "cell-start"}
,
{
"node": "d",
"type": "field-start",
"subtype": "eq"}
,
{
"node": "d",
"frag": ":\"",
"type": "nonw",
"ref": "P271714.43.2",
"lang": "akk-x-mbperi",
"type": "punct",
"gdl_delim": " "}
,
{
"node": "l",
"frag": "u₂-zu-⸢un⸣-[tu]",
"id": "P271714.l38305",
"ref": "P271714.43.3",
"inst": "uzuntu[ring]N$",
"sig": "@dcclt%akk-x-mbperi:u₂-zu-un-tu=uzuntu[ring//ring]N'N$uzuntu",
"f": {"lang": "akk-x-mbperi",
"form": "u₂-zu-un-tu",
"cf": "uzuntu",
"gw": "ring",
"sense": "ring",
"norm": "uzuntu",
"pos": "N",
"epos": "N"}
}
,
{
"node": "d",
"type": "field-end",
"subtype": "eq"}
,
{
"node": "d",
"type": "cell-end"}
,
{
"node": "d",
"type": "line-start",
"ref": "P271714.44",
"n": "6'",
"label": "r i' 6'"}
,
{
"node": "d",
"type": "cell-start"}
,
{
"node": "d",
"type": "field-start",
"subtype": "wp"}
,
{
"node": "l",
"frag": "niŋ₂-⸢ŋeštug⸣{{<min([zabar])>}}",
"id": "P271714.l38306",
"ref": "P271714.44.1",
"inst": "niŋŋeštug[earring]",
"sig": "@dcclt%sux:niŋ₂-ŋeštug{zabar}=niŋŋeštug[earring//earring]N'N$niŋŋeštug/niŋ₂-ŋeštug{zabar}#~",
"f": {"lang": "sux",
"form": "niŋ₂-ŋeštug{zabar}",
"cf": "niŋŋeštug",
"gw": "earring",
"sense": "earring",
"norm0": "niŋŋeštug",
"pos": "N",
"epos": "N",
"base": "niŋ₂-ŋeštug{zabar}",
"morph": "~"}
}
,
{
"node": "d",
"type": "field-end",
"subtype": "wp"}
,
{
"node": "d",
"type": "cell-end"}
,
{
"node": "d",
"type": "cell-start"}
,
{
"node": "d",
"type": "field-start",
"subtype": "eq"}
,
{
"node": "d",
"frag": ":\"",
"type": "nonw",
"ref": "P271714.44.2",
"lang": "akk-x-mbperi",
"type": "punct",
"gdl_delim": " "}
,
{
"node": "l",
"frag": "ka-li-⸢tu⸣",
"id": "P271714.l38307",
"ref": "P271714.44.3",
"inst": "kālītu[(wooden part of a chariot)//(ornamental item)]N$",
"sig": "@dcclt%akk-x-mbperi:ka-li-tu=kālītu[(wooden part of a chariot)//(ornamental item)]N'N$kālītu",
"f": {"lang": "akk-x-mbperi",
"form": "ka-li-tu",
"cf": "kālītu",
"gw": "(wooden part of a chariot)",
"sense": "(ornamental item)",
"norm": "kālītu",
"pos": "N",
"epos": "N"}
}
,
{
"node": "d",
"type": "field-end",
"subtype": "eq"}
,
{
"node": "d",
"type": "cell-end"}
,
{
"node": "d",
"type": "line-start",
"ref": "P271714.45",
"n": "7'",
"label": "r i' 7'"}
,
{
"node": "d",
"type": "cell-start"}
,
{
"node": "d",
"type": "field-start",
"subtype": "wp"}
,
{
"node": "l",
"frag": "niŋ₂-ŋeštug{{<min([zabar])>}}",
"id": "P271714.l38308",
"ref": "P271714.45.1",
"inst": "niŋŋeštug[earring]",
"sig": "@dcclt%sux:niŋ₂-ŋeštug{zabar}=niŋŋeštug[earring//earring]N'N$niŋŋeštug/niŋ₂-ŋeštug{zabar}#~",
"f": {"lang": "sux",
"form": "niŋ₂-ŋeštug{zabar}",
"cf": "niŋŋeštug",
"gw": "earring",
"sense": "earring",
"norm0": "niŋŋeštug",
"pos": "N",
"epos": "N",
"base": "niŋ₂-ŋeštug{zabar}",
"morph": "~"}
}
,
{
"node": "d",
"type": "field-end",
"subtype": "wp"}
,
{
"node": "d",
"type": "cell-end"}
,
{
"node": "d",
"type": "cell-start"}
,
{
"node": "d",
"type": "field-start",
"subtype": "eq"}
,
{
"node": "d",
"frag": ":\"",
"type": "nonw",
"ref": "P271714.45.2",
"lang": "akk-x-mbperi",
"type": "punct",
"gdl_delim": " "}
,
{
"node": "l",
"frag": "ta-ŠI-[x]",
"id": "P271714.l38309",
"ref": "P271714.45.3",
"inst": "u",
"f": {"lang": "akk-x-mbperi",
"form": "ta-ŠI-x",
"pos": "u"}
}
,
{
"node": "d",
"type": "nonw",
"ref": ""}
,
{
"node": "d",
"type": "field-end",
"subtype": "eq"}
,
{
"node": "d",
"type": "cell-end"}
,
{
"node": "d",
"type": "nonx",
"ref": "P271714.46",
"strict": "1",
"extent": "1",
"scope": "line",
"state": "ruling"}
,
{
"node": "d",
"type": "line-start",
"ref": "P271714.47",
"n": "8'",
"label": "r i' 8'"}
,
{
"node": "d",
"type": "cell-start"}
,
{
"node": "d",
"type": "field-start",
"subtype": "wp"}
,
{
"node": "l",
"frag": "niŋ₂",
"id": "P271714.l3830a",
"ref": "P271714.47.1",
"inst": "niŋ[thing]",
"sig": "@dcclt%sux:niŋ₂=niŋ[thing//thing]N'N$niŋ/niŋ₂#~",
"f": {"lang": "sux",
"form": "niŋ₂",
"cf": "niŋ",
"gw": "thing",
"sense": "thing",
"norm0": "niŋ",
"pos": "N",
"epos": "N",
"base": "niŋ₂",
"morph": "~"}
}
,
{
"node": "l",
"frag": "za-na{{<⸢min⸣([zabar])>}}",
"id": "P271714.l3830b",
"ref": "P271714.47.2",
"inst": "zana[part of the ear]",
"sig": "@dcclt%sux:za-na{zabar}=zana[doll//part of the ear]N'N$zana/za-na{zabar}#~",
"f": {"lang": "sux",
"form": "za-na{zabar}",
"cf": "zana",
"gw": "doll",
"sense": "part of the ear",
"norm0": "zana",
"pos": "N",
"epos": "N",
"base": "za-na{zabar}",
"morph": "~"}
}
,
{
"node": "d",
"type": "field-end",
"subtype": "wp"}
,
{
"node": "d",
"type": "cell-end"}
,
{
"node": "d",
"type": "cell-start"}
,
{
"node": "d",
"type": "field-start",
"subtype": "eq"}
,
{
"node": "d",
"frag": ":\"",
"type": "nonw",
"ref": "P271714.47.3",
"lang": "akk-x-mbperi",
"type": "punct",
"gdl_delim": " "}
,
{
"node": "l",
"frag": "nig₂-za-nu-[u]",
"id": "P271714.l3830c",
"ref": "P271714.47.4",
"inst": "nigzanû[ear ornament]N$",
"sig": "@dcclt%akk-x-mbperi:nig₂-za-nu-u=nigzanû[ear ornament//ear ornament]N'N$nigzanû",
"f": {"lang": "akk-x-mbperi",
"form": "nig₂-za-nu-u",
"cf": "nigzanû",
"gw": "ear ornament",
"sense": "ear ornament",
"norm": "nigzanû",
"pos": "N",
"epos": "N"}
}
,
{
"node": "d",
"type": "field-end",
"subtype": "eq"}
,
{
"node": "d",
"type": "cell-end"}
,
{
"node": "d",
"type": "line-start",
"ref": "P271714.48",
"n": "9'",
"label": "r i' 9'"}
,
{
"node": "d",
"type": "cell-start"}
,
{
"node": "d",
"type": "field-start",
"subtype": "wp"}
,
{
"node": "l",
"frag": "šu-uš-ŋar-⸢ra⸣{{<min([zabar])>}}",
"id": "P271714.l3830d",
"ref": "P271714.48.1",
"inst": "šušŋar[vessel]",
"sig": "@dcclt%sux:šu-uš-ŋar-ra{zabar}=šušŋar[vessel//vessel]N'N$šušŋar/šu-uš-ŋar-ra{zabar}#~",
"f": {"lang": "sux",
"form": "šu-uš-ŋar-ra{zabar}",
"cf": "šušŋar",
"gw": "vessel",
"sense": "vessel",
"norm0": "šušŋar",
"pos": "N",
"epos": "N",
"base": "šu-uš-ŋar-ra{zabar}",
"morph": "~"}
}
,
{
"node": "d",
"type": "field-end",
"subtype": "wp"}
,
{
"node": "d",
"type": "cell-end"}
,
{
"node": "d",
"type": "cell-start"}
,
{
"node": "d",
"type": "field-start",
"subtype": "eq"}
,
{
"node": "d",
"frag": ":\"",
"type": "nonw",
"ref": "P271714.48.2",
"lang": "akk-x-mbperi",
"type": "punct",
"gdl_delim": " "}
,
{
"node": "l",
"frag": "šu-⸢uš⸣-[ma-ru-u]",
"id": "P271714.l3830e",
"ref": "P271714.48.3",
"inst": "šušmarû[basin]N$",
"sig": "@dcclt%akk-x-mbperi:šu-uš-ma-ru-u=šušmarû[basin//basin]N'N$šušmarû",
"f": {"lang": "akk-x-mbperi",
"form": "šu-uš-ma-ru-u",
"cf": "šušmarû",
"gw": "basin",
"sense": "basin",
"norm": "šušmarû",
"pos": "N",
"epos": "N"}
}
,
{
"node": "d",
"type": "field-end",
"subtype": "eq"}
,
{
"node": "d",
"type": "cell-end"}
,
{
"node": "d",
"type": "line-start",
"ref": "P271714.49",
"n": "10'",
"label": "r i' 10'"}
,
{
"node": "d",
"type": "cell-start"}
,
{
"node": "d",
"type": "field-start",
"subtype": "wp"}
,
{
"node": "l",
"frag": "šu-še₃-la₂{{<[min(zabar])>}}",
"id": "P271714.l3830f",
"ref": "P271714.49.1",
"inst": "šušala[vessel]",
"sig": "@dcclt%sux:šu-še₃-la₂{zabar}=šušala[vessel//vessel]N'N$šušala/šu-še₃-la₂{zabar}#~",
"f": {"lang": "sux",
"form": "šu-še₃-la₂{zabar}",
"cf": "šušala",
"gw": "vessel",
"sense": "vessel",
"norm0": "šušala",
"pos": "N",
"epos": "N",
"base": "šu-še₃-la₂{zabar}",
"morph": "~"}
}
,
{
"node": "d",
"type": "field-end",
"subtype": "wp"}
,
{
"node": "d",
"type": "cell-end"}
,
{
"node": "d",
"type": "cell-start"}
,
{
"node": "d",
"type": "field-start",
"subtype": "eq"}
,
{
"node": "d",
"frag": ":\"",
"type": "nonw",
"ref": "P271714.49.2",
"lang": "akk-x-mbperi",
"type": "punct",
"gdl_delim": " "}
,
{
"node": "l",
"frag": "⸢nam⸣-[ṣi-ir-tu]",
"id": "P271714.l38310",
"ref": "P271714.49.3",
"inst": "namṣartu[storage vessel]N$namṣirtu",
"sig": "@dcclt%akk-x-mbperi:nam-ṣi-ir-tu=namṣartu[storage vessel//storage vessel]N'N$namṣirtu",
"f": {"lang": "akk-x-mbperi",
"form": "nam-ṣi-ir-tu",
"cf": "namṣartu",
"gw": "storage vessel",
"sense": "storage vessel",
"norm": "namṣirtu",
"pos": "N",
"epos": "N"}
}
,
{
"node": "d",
"type": "field-end",
"subtype": "eq"}
,
{
"node": "d",
"type": "cell-end"}
,
{
"node": "d",
"type": "line-start",
"ref": "P271714.50",
"n": "11'",
"label": "r i' 11'"}
,
{
"node": "d",
"type": "cell-start"}
,
{
"node": "d",
"type": "field-start",
"subtype": "wp"}
,
{
"node": "l",
"frag": "zag-šu-še₃-[la₂{{<min(zabar])>}}",
"id": "P271714.l38311",
"ref": "P271714.50.1",
"inst": "zagšela[container]",
"sig": "@dcclt%sux:zag-šu-še₃-la₂{zabar}=zagšela[container//container]N'N$zagšela/zag-šu-še₃-la₂{zabar}#~",
"f": {"lang": "sux",
"form": "zag-šu-še₃-la₂{zabar}",
"cf": "zagšela",
"gw": "container",
"sense": "container",
"norm0": "zagšela",
"pos": "N",
"epos": "N",
"base": "zag-šu-še₃-la₂{zabar}",
"morph": "~"}
}
,
{
"node": "d",
"type": "field-end",
"subtype": "wp"}
,
{
"node": "d",
"type": "cell-end"}
,
{
"node": "d",
"type": "cell-start"}
,
{
"node": "d",
"type": "field-start",
"subtype": "eq"}
,
{
"node": "l",
"frag": "[...]",
"id": "P271714.l38312",
"ref": "P271714.50.2",
"inst": "u",
"f": {"lang": "akk-x-mbperi",
"form": "x",
"pos": "u"}
}
,
{
"node": "d",
"type": "field-end",
"subtype": "eq"}
,
{
"node": "d",
"type": "cell-end"}
,
{
"node": "d",
"type": "nonx",
"ref": "P271714.51",
"strict": "1",
"extent": "1",
"scope": "line",
"state": "ruling"}
,
{
"node": "d",
"type": "line-start",
"ref": "P271714.52",
"n": "12'",
"label": "r i' 12'"}
,
{
"node": "d",
"type": "cell-start"}
,
{
"node": "d",
"type": "field-start",
"subtype": "wp"}
,
{
"node": "l",
"frag": "lilis(|AB₂×GAN₂|){li-⸢li⸣-[is]}{{<[min(zabar])>}}",
"id": "P271714.l38313",
"ref": "P271714.52.1",
"inst": "lilis[instrument]",
"sig": "@dcclt%sux:lilis{+li-li-is}{zabar}=lilis[instrument//instrument]N'N$lilis/lilis{+li-li-is}{zabar}#~",
"f": {"lang": "sux",
"form": "lilis{+li-li-is}{zabar}",
"cf": "lilis",
"gw": "instrument",
"sense": "instrument",
"norm0": "lilis",
"pos": "N",
"epos": "N",
"base": "lilis{+li-li-is}{zabar}",
"morph": "~"}
}
,
{
"node": "d",
"type": "field-end",
"subtype": "wp"}
,
{
"node": "d",
"type": "cell-end"}
,
{
"node": "d",
"type": "cell-start"}
,
{
"node": "d",
"type": "field-start",
"subtype": "eq"}
,
{
"node": "l",
"frag": "[...]",
"id": "P271714.l38314",
"ref": "P271714.52.2",
"inst": "u",
"f": {"lang": "akk-x-mbperi",
"form": "x",
"pos": "u"}
}
,
{
"node": "d",
"type": "field-end",
"subtype": "eq"}
,
{
"node": "d",
"type": "cell-end"}
,
{
"node": "d",
"type": "line-start",
"ref": "P271714.53",
"n": "13'",
"label": "r i' 13'"}
,
{
"node": "d",
"type": "cell-start"}
,
{
"node": "d",
"type": "field-start",
"subtype": "wp"}
,
{
"node": "l",
"frag": "[šem₅]{ši-im}{{<[min(zabar])>}}",
"id": "P271714.l38315",
"ref": "P271714.53.1",
"inst": "šem[drum]",
"sig": "@dcclt%sux:šem₅{+ši-im}{zabar}=šem[drum//drum]N'N$šem/šem₅{+ši-im}{zabar}#~",
"f": {"lang": "sux",
"form": "šem₅{+ši-im}{zabar}",
"cf": "šem",
"gw": "drum",
"sense": "drum",
"norm0": "šem",
"pos": "N",
"epos": "N",
"base": "šem₅{+ši-im}{zabar}",
"morph": "~"}
}
,
{
"node": "d",
"type": "field-end",
"subtype": "wp"}
,
{
"node": "d",
"type": "cell-end"}
,
{
"node": "d",
"type": "cell-start"}
,
{
"node": "d",
"type": "field-start",
"subtype": "eq"}
,
{
"node": "l",
"frag": "[...]",
"id": "P271714.l38316",
"ref": "P271714.53.2",
"inst": "u",
"f": {"lang": "akk-x-mbperi",
"form": "x",
"pos": "u"}
}
,
{
"node": "d",
"type": "field-end",
"subtype": "eq"}
,
{
"node": "d",
"type": "cell-end"}
,
{
"node": "d",
"type": "line-start",
"ref": "P271714.54",
"n": "14'",
"label": "r i' 14'"}
,
{
"node": "d",
"type": "cell-start"}
,
{
"node": "d",
"type": "field-start",
"subtype": "wp"}
,
{
"node": "l",
"frag": "[šem₅]{⸢si-im⸣}{{<[min(zabar])>}}",
"id": "P271714.l38317",
"ref": "P271714.54.1",
"inst": "šem[drum]",
"sig": "@dcclt%sux:šem₅{+si-im}{zabar}=šem[drum//drum]N'N$šem/šem₅{+si-im}{zabar}#~",
"f": {"lang": "sux",
"form": "šem₅{+si-im}{zabar}",
"cf": "šem",
"gw": "drum",
"sense": "drum",
"norm0": "šem",
"pos": "N",
"epos": "N",
"base": "šem₅{+si-im}{zabar}",
"morph": "~"}
}
,
{
"node": "d",
"type": "field-end",
"subtype": "wp"}
,
{
"node": "d",
"type": "cell-end"}
,
{
"node": "d",
"type": "cell-start"}
,
{
"node": "d",
"type": "field-start",
"subtype": "eq"}
,
{
"node": "l",
"frag": "[...]",
"id": "P271714.l38318",
"ref": "P271714.54.2",
"inst": "u",
"f": {"lang": "akk-x-mbperi",
"form": "x",
"pos": "u"}
}
,
{
"node": "d",
"type": "field-end",
"subtype": "eq"}
,
{
"node": "d",
"type": "cell-end"}
,
{
"node": "d",
"type": "nonx",
"ref": "P271714.55",
"strict": "0",
"extent": "rest",
"state": "missing"}
,
{
"node": "d",
"subtype": "column 2r '",
"type": "column",
"ref": "P271714.r.ii_.56",
"n": "2",
"label": "r ii'"}
,
{
"node": "d",
"type": "nonx",
"ref": "P271714.57",
"strict": "0",
"extent": "74148",
"state": "other"}
,
{
"node": "d",
"type": "nonx",
"ref": "P271714.58",
"strict": "0",
"extent": "beginning",
"state": "missing"}
,
{
"node": "d",
"type": "line-start",
"ref": "P271714.59",
"n": "1'",
"label": "r ii' 1'"}
,
{
"node": "l",
"frag": "[...]",
"id": "P271714.l38319",
"ref": "P271714.59.1",
"inst": "u",
"f": {"lang": "sux",
"form": "x",
"pos": "u"}
}
,
{
"node": "d",
"frag": ":\"",
"type": "nonw",
"ref": "P271714.59.2",
"lang": "sux",
"type": "punct",
"gdl_delim": " "}
,
{
"node": "l",
"frag": "⸢nig₂⸣-[za-nu-u]",
"id": "P271714.l3831a",
"ref": "P271714.59.3",
"inst": "nigzanû[ear ornament]N",
"sig": "@dcclt%akk-x-mbperi:nig₂-za-nu-u=nigzanû[ear ornament//ear ornament]N'N$nigzanû",
"f": {"lang": "akk-x-mbperi",
"form": "nig₂-za-nu-u",
"cf": "nigzanû",
"gw": "ear ornament",
"sense": "ear ornament",
"norm": "nigzanû",
"pos": "N",
"epos": "N"}
}
,
{
"node": "d",
"type": "line-start",
"ref": "P271714.60",
"n": "2'",
"label": "r ii' 2'"}
,
{
"node": "l",
"frag": "[...]",
"id": "P271714.l3831b",
"ref": "P271714.60.1",
"inst": "u",
"f": {"lang": "sux",
"form": "x",
"pos": "u"}
}
,
{
"node": "d",
"frag": ":\"",
"type": "nonw",
"ref": "P271714.60.2",
"lang": "sux",
"type": "punct",
"gdl_delim": " "}
,
{
"node": "l",
"frag": "šu-⸢uš⸣-[ma-ru-u]",
"id": "P271714.l3831c",
"ref": "P271714.60.3",
"inst": "šušmarû[basin]N",
"sig": "@dcclt%akk-x-mbperi:šu-uš-ma-ru-u=šušmarû[basin//basin]N'N$šušmarû",
"f": {"lang": "akk-x-mbperi",
"form": "šu-uš-ma-ru-u",
"cf": "šušmarû",
"gw": "basin",
"sense": "basin",
"norm": "šušmarû",
"pos": "N",
"epos": "N"}
}
,
{
"node": "d",
"type": "nonx",
"ref": "P271714.61",
"strict": "1",
"extent": "1",
"scope": "line",
"state": "ruling"}
,
{
"node": "d",
"type": "line-start",
"ref": "P271714.62",
"n": "3'",
"label": "r ii' 3'"}
,
{
"node": "d",
"type": "cell-start"}
,
{
"node": "d",
"type": "field-start",
"subtype": "wp"}
,
{
"node": "l",
"frag": "⸢šu-še₃-la₂{{<min⸣([kug-sig₁₇])>}}",
"id": "P271714.l3831d",
"ref": "P271714.62.1",
"inst": "šušala[vessel]",
"sig": "@dcclt%sux:šu-še₃-la₂{kug-sig₁₇}=šušala[vessel//vessel]N'N$šušala/šu-še₃-la₂{kug-sig₁₇}#~",
"f": {"lang": "sux",
"form": "šu-še₃-la₂{kug-sig₁₇}",
"cf": "šušala",
"gw": "vessel",
"sense": "vessel",
"norm0": "šušala",
"pos": "N",
"epos": "N",
"base": "šu-še₃-la₂{kug-sig₁₇}",
"morph": "~"}
}
,
{
"node": "d",
"type": "field-end",
"subtype": "wp"}
,
{
"node": "d",
"type": "cell-end"}
,
{
"node": "d",
"type": "cell-start"}
,
{
"node": "d",
"type": "field-start",
"subtype": "eq"}
,
{
"node": "l",
"frag": "nam-ṣi-⸢ir⸣-[tu]",
"id": "P271714.l3831e",
"ref": "P271714.62.2",
"inst": "namṣartu[storage vessel]N",
"sig": "@dcclt%akk-x-mbperi:nam-ṣi-ir-tu=namṣartu[storage vessel//storage vessel]N'N$namṣirtu",
"f": {"lang": "akk-x-mbperi",
"form": "nam-ṣi-ir-tu",
"cf": "namṣartu",
"gw": "storage vessel",
"sense": "storage vessel",
"norm": "namṣirtu",
"pos": "N",
"epos": "N"}
}
,
{
"node": "d",
"type": "field-end",
"subtype": "eq"}
,
{
"node": "d",
"type": "cell-end"}
,
{
"node": "d",
"type": "nonx",
"ref": "P271714.63",
"strict": "0",
"extent": "74148",
"state": "other"}
,
{
"node": "d",
"type": "line-start",
"ref": "P271714.64",
"n": "4'",
"label": "r ii' 4'"}
,
{
"node": "d",
"type": "cell-start"}
,
{
"node": "d",
"type": "field-start",
"subtype": "wp"}
,
{
"node": "l",
"frag": "zag-⸢šu-še₃-la₂{{<min⸣([kug-sig₁₇])>}}",
"id": "P271714.l3831f",
"ref": "P271714.64.1",
"inst": "zagšela[container]",
"sig": "@dcclt%sux:zag-šu-še₃-la₂{kug-sig₁₇}=zagšela[container//container]N'N$zagšela/zag-šu-še₃-la₂{kug-sig₁₇}#~",
"f": {"lang": "sux",
"form": "zag-šu-še₃-la₂{kug-sig₁₇}",
"cf": "zagšela",
"gw": "container",
"sense": "container",
"norm0": "zagšela",
"pos": "N",
"epos": "N",
"base": "zag-šu-še₃-la₂{kug-sig₁₇}",
"morph": "~"}
}
,
{
"node": "d",
"type": "field-end",
"subtype": "wp"}
,
{
"node": "d",
"type": "cell-end"}
,
{
"node": "d",
"type": "cell-start"}
,
{
"node": "d",
"type": "field-start",
"subtype": "eq"}
,
{
"node": "l",
"frag": "⸢mu⸣-qar-ri-ir-⸢tum⸣",
"id": "P271714.l38320",
"ref": "P271714.64.2",
"inst": "muqarrirtu[one who rolls//a kind of container]N$muqarrirtum",
"sig": "@dcclt%akk-x-mbperi:mu-qar-ri-ir-tum=muqarrirtu[one who rolls//a kind of container]N'N$muqarrirtum",
"f": {"lang": "akk-x-mbperi",
"form": "mu-qar-ri-ir-tum",
"cf": "muqarrirtu",
"gw": "one who rolls",
"sense": "a kind of container",
"norm": "muqarrirtum",
"pos": "N",
"epos": "N"}
}
,
{
"node": "d",
"type": "field-end",
"subtype": "eq"}
,
{
"node": "d",
"type": "cell-end"}
,
{
"node": "d",
"type": "nonx",
"ref": "P271714.65",
"strict": "1",
"extent": "1",
"scope": "line",
"state": "ruling"}
,
{
"node": "d",
"type": "line-start",
"ref": "P271714.66",
"n": "5'",
"label": "r ii' 5'"}
,
{
"node": "d",
"type": "cell-start"}
,
{
"node": "d",
"type": "field-start",
"subtype": "pr"}
,
{
"node": "l",
"frag": "{⸢li⸣-[li-is]}[lilis{{<min(kug-sig₁₇])>}}",
"id": "P271714.l38321",
"ref": "P271714.66.1",
"inst": "lilis[instrument]",
"sig": "@dcclt%sux:{+li-li-is}lilis{kug-sig₁₇}=lilis[instrument//instrument]N'N$lilis/{+li-li-is}lilis{kug-sig₁₇}#~",
"f": {"lang": "sux",
"form": "{+li-li-is}lilis{kug-sig₁₇}",
"cf": "lilis",
"gw": "instrument",
"sense": "instrument",
"norm0": "lilis",
"pos": "N",
"epos": "N",
"base": "{+li-li-is}lilis{kug-sig₁₇}",
"morph": "~"}
}
,
{
"node": "d",
"type": "field-end",
"subtype": "pr"}
,
{
"node": "d",
"type": "cell-end"}
,
{
"node": "d",
"type": "cell-start"}
,
{
"node": "d",
"type": "field-start",
"subtype": "eq"}
,
{
"node": "l",
"frag": "[li]-⸢li⸣-is-su",
"id": "P271714.l38322",
"ref": "P271714.66.2",
"inst": "lilissu[kettledrum]N$",
"sig": "@dcclt%akk-x-mbperi:li-li-is-su=lilissu[kettledrum//kettledrum]N'N$lilissu",
"f": {"lang": "akk-x-mbperi",
"form": "li-li-is-su",
"cf": "lilissu",
"gw": "kettledrum",
"sense": "kettledrum",
"norm": "lilissu",
"pos": "N",
"epos": "N"}
}
,
{
"node": "d",
"type": "field-end",
"subtype": "eq"}
,
{
"node": "d",
"type": "cell-end"}
,
{
"node": "d",
"type": "line-start",
"ref": "P271714.67",
"n": "6'",
"label": "r ii' 6'"}
,
{
"node": "d",
"type": "cell-start"}
,
{
"node": "d",
"type": "field-start",
"subtype": "wp"}
,
{
"node": "l",
"frag": "<niŋ₂>-⸢bun₂⸣-[na{{<min(kug-sig₁₇])>}}",
"id": "P271714.l38323",
"ref": "P271714.67.1",
"inst": "niŋbuna[turtle]",
"sig": "@dcclt%sux:niŋ₂-bun₂-na{kug-sig₁₇}=niŋbuna[turtle//turtle]N'N$niŋbuna/niŋ₂-bun₂-na{kug-sig₁₇}#~",
"f": {"lang": "sux",
"form": "niŋ₂-bun₂-na{kug-sig₁₇}",
"cf": "niŋbuna",
"gw": "turtle",
"sense": "turtle",
"norm0": "niŋbuna",
"pos": "N",
"epos": "N",
"base": "niŋ₂-bun₂-na{kug-sig₁₇}",
"morph": "~"}
}
,
{
"node": "d",
"type": "field-end",
"subtype": "wp"}
,
{
"node": "d",
"type": "cell-end"}
,
{
"node": "d",
"type": "cell-start"}
,
{
"node": "d",
"type": "field-start",
"subtype": "eq"}
,
{
"node": "l",
"frag": "[še]-⸢le⸣-ep-pu",
"id": "P271714.l38324",
"ref": "P271714.67.2",
"inst": "šeleppû[turtle]N$",
"sig": "@dcclt%akk-x-mbperi:še-le-ep-pu=šeleppû[turtle//turtle]N'N$šeleppû",
"f": {"lang": "akk-x-mbperi",
"form": "še-le-ep-pu",
"cf": "šeleppû",
"gw": "turtle",
"sense": "turtle",
"norm": "šeleppû",
"pos": "N",
"epos": "N"}
}
,
{
"node": "d",
"type": "field-end",
"subtype": "eq"}
,
{
"node": "d",
"type": "cell-end"}
,
{
"node": "d",
"type": "line-start",
"ref": "P271714.68",
"n": "7'",
"label": "r ii' 7'"}
,
{
"node": "d",
"type": "cell-start"}
,
{
"node": "d",
"type": "field-start",
"subtype": "wp"}
,
{
"node": "l",
"frag": "[...]",
"id": "P271714.l38325",
"ref": "P271714.68.1",
"inst": "u",
"f": {"lang": "sux",
"form": "x",
"pos": "u"}
}
,
{
"node": "d",
"type": "field-end",
"subtype": "wp"}
,
{
"node": "d",
"type": "cell-end"}
,
{
"node": "d",
"type": "cell-start"}
,
{
"node": "d",
"type": "field-start",
"subtype": "eq"}
,
{
"node": "l",
"frag": "[qul]-mu-u",
"id": "P271714.l38326",
"ref": "P271714.68.2",
"inst": "qulmû[ax]N$",
"sig": "@dcclt%akk-x-mbperi:qul-mu-u=qulmû[ax//ax]N'N$qulmû",
"f": {"lang": "akk-x-mbperi",
"form": "qul-mu-u",
"cf": "qulmû",
"gw": "ax",
"sense": "ax",
"norm": "qulmû",
"pos": "N",
"epos": "N"}
}
,
{
"node": "d",
"type": "field-end",
"subtype": "eq"}
,
{
"node": "d",
"type": "cell-end"}
,
{
"node": "d",
"type": "line-start",
"ref": "P271714.69",
"n": "8'",
"label": "r ii' 8'"}
,
{
"node": "d",
"type": "cell-start"}
,
{
"node": "d",
"type": "field-start",
"subtype": "wp"}
,
{
"node": "l",
"frag": "[...]",
"id": "P271714.l38327",
"ref": "P271714.69.1",
"inst": "u",
"f": {"lang": "sux",
"form": "x",
"pos": "u"}
}
,
{
"node": "d",
"type": "field-end",
"subtype": "wp"}
,
{
"node": "d",
"type": "cell-end"}
,
{
"node": "d",
"type": "cell-start"}
,
{
"node": "d",
"type": "field-start",
"subtype": "eq"}
,
{
"node": "l",
"frag": "[kal]-⸢ma⸣-ak-rum",
"id": "P271714.l38328",
"ref": "P271714.69.2",
"inst": "kalmakru[(kind of) battle ax]N$kalmakrum",
"sig": "@dcclt%akk-x-mbperi:kal-ma-ak-rum=kalmakru[(kind of) battle ax//(kind of) battle ax]N'N$kalmakrum",
"f": {"lang": "akk-x-mbperi",
"form": "kal-ma-ak-rum",
"cf": "kalmakru",
"gw": "(kind of) battle ax",
"sense": "(kind of) battle ax",
"norm": "kalmakrum",
"pos": "N",
"epos": "N"}
}
,
{
"node": "d",
"type": "field-end",
"subtype": "eq"}
,
{
"node": "d",
"type": "cell-end"}
,
{
"node": "d",
"type": "line-start",
"ref": "P271714.70",
"n": "9'",
"label": "r ii' 9'"}
,
{
"node": "d",
"type": "cell-start"}
,
{
"node": "d",
"type": "field-start",
"subtype": "wp"}
,
{
"node": "l",
"frag": "[...]",
"id": "P271714.l38329",
"ref": "P271714.70.1",
"inst": "u",
"f": {"lang": "sux",
"form": "x",
"pos": "u"}
}
,
{
"node": "d",
"type": "field-end",
"subtype": "wp"}
,
{
"node": "d",
"type": "cell-end"}
,
{
"node": "d",
"type": "cell-start"}
,
{
"node": "d",
"type": "field-start",
"subtype": "eq"}
,
{
"node": "l",
"frag": "[ṣa-al]-mu",
"id": "P271714.l3832a",
"ref": "P271714.70.2",
"inst": "ṣalmu[figure]N$",
"sig": "@dcclt%akk-x-mbperi:ṣa-al-mu=ṣalmu[figure//figure]N'N$ṣalmu",
"f": {"lang": "akk-x-mbperi",
"form": "ṣa-al-mu",
"cf": "ṣalmu",
"gw": "figure",
"sense": "figure",
"norm": "ṣalmu",
"pos": "N",
"epos": "N"}
}
,
{
"node": "d",
"type": "field-end",
"subtype": "eq"}
,
{
"node": "d",
"type": "cell-end"}
,
{
"node": "d",
"type": "line-start",
"ref": "P271714.71",
"n": "10'",
"label": "r ii' 10'"}
,
{
"node": "d",
"type": "cell-start"}
,
{
"node": "d",
"type": "field-start",
"subtype": "wp"}
,
{
"node": "l",
"frag": "[...]",
"id": "P271714.l3832b",
"ref": "P271714.71.1",
"inst": "u",
"f": {"lang": "sux",
"form": "x",
"pos": "u"}
}
,
{
"node": "d",
"type": "field-end",
"subtype": "wp"}
,
{
"node": "d",
"type": "cell-end"}
,
{
"node": "d",
"type": "cell-start"}
,
{
"node": "d",
"type": "field-start",
"subtype": "eq"}
,
{
"node": "l",
"frag": "[la]-⸢ma⸣-as-su",
"id": "P271714.l3832c",
"ref": "P271714.71.2",
"inst": "lamassu[(female) tutelary deity]N$",
"sig": "@dcclt%akk-x-mbperi:la-ma-as-su=lamassu[(female) tutelary deity//(female) tutelary deity]N'N$lamassu",
"f": {"lang": "akk-x-mbperi",
"form": "la-ma-as-su",
"cf": "lamassu",
"gw": "(female) tutelary deity",
"sense": "(female) tutelary deity",
"norm": "lamassu",
"pos": "N",
"epos": "N"}
}
,
{
"node": "d",
"type": "field-end",
"subtype": "eq"}
,
{
"node": "d",
"type": "cell-end"}
,
{
"node": "d",
"type": "line-start",
"ref": "P271714.72",
"n": "11'",
"label": "r ii' 11'"}
,
{
"node": "d",
"type": "cell-start"}
,
{
"node": "d",
"type": "field-start",
"subtype": "wp"}
,
{
"node": "l",
"frag": "[...]",
"id": "P271714.l3832d",
"ref": "P271714.72.1",
"inst": "u",
"f": {"lang": "sux",
"form": "x",
"pos": "u"}
}
,
{
"node": "d",
"type": "field-end",
"subtype": "wp"}
,
{
"node": "d",
"type": "cell-end"}
,
{
"node": "d",
"type": "cell-start"}
,
{
"node": "d",
"type": "field-start",
"subtype": "eq"}
,
{
"node": "l",
"frag": "[ki-gal]-lu",
"id": "P271714.l3832e",
"ref": "P271714.72.2",
"inst": "kigallu[socle]N$",
"sig": "@dcclt%akk-x-mbperi:ki-gal-lu=kigallu[socle//socle]N'N$kigallu",
"f": {"lang": "akk-x-mbperi",
"form": "ki-gal-lu",
"cf": "kigallu",
"gw": "socle",
"sense": "socle",
"norm": "kigallu",
"pos": "N",
"epos": "N"}
}
,
{
"node": "d",
"type": "field-end",
"subtype": "eq"}
,
{
"node": "d",
"type": "cell-end"}
,
{
"node": "d",
"type": "line-start",
"ref": "P271714.73",
"n": "12'",
"label": "r ii' 12'"}
,
{
"node": "d",
"type": "cell-start"}
,
{
"node": "d",
"type": "field-start",
"subtype": "wp"}
,
{
"node": "l",
"frag": "[...]",
"id": "P271714.l3832f",
"ref": "P271714.73.1",
"inst": "u",
"f": {"lang": "sux",
"form": "x",
"pos": "u"}
}
,
{
"node": "d",
"type": "field-end",
"subtype": "wp"}
,
{
"node": "d",
"type": "cell-end"}
,
{
"node": "d",
"type": "cell-start"}
,
{
"node": "d",
"type": "field-start",
"subtype": "eq"}
,
{
"node": "l",
"frag": "[us₂]-⸢qa⸣-rum",
"id": "P271714.l38330",
"ref": "P271714.73.2",
"inst": "uskāru[crescent (moon)]N$usqāru",
"sig": "@dcclt%akk-x-mbperi:us₂-qa-rum=uskāru[crescent (moon)//crescent (moon)]N'N$usqāru",
"f": {"lang": "akk-x-mbperi",
"form": "us₂-qa-rum",
"cf": "uskāru",
"gw": "crescent (moon)",
"sense": "crescent (moon)",
"norm": "usqāru",
"pos": "N",
"epos": "N"}
}
,
{
"node": "d",
"type": "field-end",
"subtype": "eq"}
,
{
"node": "d",
"type": "cell-end"}
,
{
"node": "d",
"type": "line-start",
"ref": "P271714.74",
"n": "13'",
"label": "r ii' 13'"}
,
{
"node": "d",
"type": "cell-start"}
,
{
"node": "d",
"type": "field-start",
"subtype": "wp"}
,
{
"node": "l",
"frag": "[...]",
"id": "P271714.l38331",
"ref": "P271714.74.1",
"inst": "u",
"f": {"lang": "sux",
"form": "x",
"pos": "u"}
}
,
{
"node": "d",
"type": "field-end",
"subtype": "wp"}
,
{
"node": "d",
"type": "cell-end"}
,
{
"node": "d",
"type": "cell-start"}
,
{
"node": "d",
"type": "field-start",
"subtype": "eq"}
,
{
"node": "l",
"frag": "[ba]-⸢ri-ru⸣",
"id": "P271714.l38332",
"ref": "P271714.74.2",
"inst": "barīru[radiance]N",
"sig": "@dcclt%akk-x-mbperi:ba-ri-ru=barīru[radiance//radiance]N'N$barīru",
"f": {"lang": "akk-x-mbperi",
"form": "ba-ri-ru",
"cf": "barīru",
"gw": "radiance",
"sense": "radiance",
"norm": "barīru",
"pos": "N",
"epos": "N"}
}
,
{
"node": "d",
"type": "field-end",
"subtype": "eq"}
,
{
"node": "d",
"type": "cell-end"}
,
{
"node": "d",
"type": "nonx",
"ref": "P271714.75",
"strict": "0",
"extent": "rest",
"state": "missing"}
]}
]}
]}
]}
