{
"type": "cdl",
  "source": "http://oracc.org/dcclt",
  "license": "This data is released under the CC0 license",
  "license-url": "https://creativecommons.org/publicdomain/zero/1.0/",
  "more-info": "http://oracc.org/doc/opendata/",
  "UTC-timestamp": "2017-05-19T18:25:28",
"project": "dcclt",
"textid": "P271519",
"cdl": [
{
"node": "c",
"type": "text",
"id": "P271519.U0",
"cdl": [
{
"node": "d",
"subtype": "tablet",
"type": "object",
"ref": "P271519.x1452.1",
"type": "tablet",
"label": "x1452"}
,
{
"node": "d",
"subtype": "obverse",
"type": "surface",
"ref": "P271519.o.2",
"type": "obverse",
"label": "o"}
,
{
"node": "d",
"subtype": "column 1o '",
"type": "column",
"ref": "P271519.o.i_.3",
"n": "1",
"label": "o i'"}
,
{
"node": "d",
"type": "nonx",
"ref": "P271519.4",
"strict": "1",
"extent": "end",
"scope": "line",
"state": "blank"}
,
{
"node": "d",
"type": "nonx",
"ref": "P271519.5",
"strict": "1",
"extent": "1",
"scope": "line",
"state": "ruling"}
,
{
"node": "d",
"type": "nonx",
"ref": "P271519.6",
"strict": "1",
"extent": "end",
"scope": "line",
"state": "blank"}
,
{
"node": "d",
"type": "nonx",
"ref": "P271519.7",
"strict": "0",
"extent": "rest",
"state": "missing"}
,
{
"node": "d",
"subtype": "column 2o '",
"type": "column",
"ref": "P271519.o.ii_.8",
"n": "2",
"label": "o ii'"}
,
{
"node": "c",
"type": "discourse",
"subtype": "body",
"id": "P271519.U1",
"cdl": [
{
"node": "c",
"type": "sentence",
"id": "P271519.U2",
"label": "o ii' 1 - o ii' 6",
"cdl": [
{
"node": "d",
"type": "line-start",
"ref": "P271519.9",
"n": "1",
"label": "o ii' 1"}
,
{
"node": "d",
"type": "cell-start"}
,
{
"node": "d",
"type": "field-start",
"subtype": "wp"}
,
{
"node": "l",
"frag": "{li-iš-ša}{ŋeš}⸢šu₂⸣-[a]",
"id": "P271519.l369a8",
"ref": "P271519.9.1",
"inst": "šuʾa[stool]N/{+li-iš-ša}{ŋeš}šu₂-a#~",
"sig": "@dcclt%sux:{+li-iš-ša}{ŋeš}šu₂-a=šuʾa[stool//stool]N'N$šuʾa/{+li-iš-ša}{ŋeš}šu₂-a#~",
"f": {"lang": "sux",
"form": "{+li-iš-ša}{ŋeš}šu₂-a",
"cf": "šuʾa",
"gw": "stool",
"sense": "stool",
"norm0": "šuʾa",
"pos": "N",
"epos": "N",
"base": "{+li-iš-ša}{ŋeš}šu₂-a",
"morph": "~"}
}
,
{
"node": "d",
"type": "field-end",
"subtype": "wp"}
,
{
"node": "d",
"type": "cell-end"}
,
{
"node": "d",
"type": "cell-start"}
,
{
"node": "d",
"type": "field-start",
"subtype": "eq"}
,
{
"node": "l",
"frag": "[...]",
"id": "P271519.l369a9",
"ref": "P271519.9.2",
"inst": "u",
"f": {"lang": "akk-x-mbperi",
"form": "x",
"pos": "u"}
}
,
{
"node": "d",
"type": "nonw",
"ref": ""}
,
{
"node": "d",
"type": "field-end",
"subtype": "eq"}
,
{
"node": "d",
"type": "cell-end"}
,
{
"node": "d",
"type": "line-start",
"ref": "P271519.10",
"n": "2",
"label": "o ii' 2"}
,
{
"node": "d",
"type": "cell-start"}
,
{
"node": "d",
"type": "field-start",
"subtype": "wp"}
,
{
"node": "l",
"frag": "{ŋeš}šu₂-a",
"id": "P271519.l369aa",
"ref": "P271519.10.1",
"inst": "šuʾa[stool]N",
"sig": "@dcclt%sux:{ŋeš}šu₂-a=šuʾa[stool//stool]N'N$šuʾa/{ŋeš}šu₂-a#~",
"f": {"lang": "sux",
"form": "{ŋeš}šu₂-a",
"cf": "šuʾa",
"gw": "stool",
"sense": "stool",
"norm0": "šuʾa",
"pos": "N",
"epos": "N",
"base": "{ŋeš}šu₂-a",
"morph": "~"}
}
,
{
"node": "l",
"frag": "du₁₀-⸢us₂⸣-[sa]",
"id": "P271519.l369ab",
"ref": "P271519.10.2",
"inst": "dus[bathroom]N",
"sig": "@dcclt%sux:du₁₀-us₂-sa=dus[bathroom//bathroom]N'N$dus,ak/du₁₀-us₂+-sa=s.a#~,ak",
"f": {"lang": "sux",
"form": "du₁₀-us₂-sa",
"cf": "dus",
"gw": "bathroom",
"sense": "bathroom",
"norm0": "dus,ak",
"pos": "N",
"epos": "N",
"base": "du₁₀-us₂",
"cont": "-sa=s.a",
"morph": "~,ak"}
}
,
{
"node": "d",
"type": "field-end",
"subtype": "wp"}
,
{
"node": "d",
"type": "cell-end"}
,
{
"node": "d",
"type": "cell-start"}
,
{
"node": "d",
"type": "field-start",
"subtype": "eq"}
,
{
"node": "l",
"frag": "[...]",
"id": "P271519.l369ac",
"ref": "P271519.10.3",
"inst": "u",
"f": {"lang": "akk-x-mbperi",
"form": "x",
"pos": "u"}
}
,
{
"node": "d",
"type": "field-end",
"subtype": "eq"}
,
{
"node": "d",
"type": "cell-end"}
,
{
"node": "d",
"type": "line-start",
"ref": "P271519.11",
"n": "3",
"label": "o ii' 3"}
,
{
"node": "d",
"type": "cell-start"}
,
{
"node": "d",
"type": "field-start",
"subtype": "wp"}
,
{
"node": "l",
"frag": "{ŋeš}šu₂-a",
"id": "P271519.l369ad",
"ref": "P271519.11.1",
"inst": "šuʾa[stool]N",
"sig": "@dcclt%sux:{ŋeš}šu₂-a=šuʾa[stool//stool]N'N$šuʾa/{ŋeš}šu₂-a#~",
"f": {"lang": "sux",
"form": "{ŋeš}šu₂-a",
"cf": "šuʾa",
"gw": "stool",
"sense": "stool",
"norm0": "šuʾa",
"pos": "N",
"epos": "N",
"base": "{ŋeš}šu₂-a",
"morph": "~"}
}
,
{
"node": "l",
"frag": "šu",
"id": "P271519.l369ae",
"ref": "P271519.11.2",
"inst": "šu[hand]N",
"sig": "@dcclt%sux:šu=šu[hand//hand]N'N$šu/šu#~",
"f": {"lang": "sux",
"form": "šu",
"cf": "šu",
"gw": "hand",
"sense": "hand",
"norm0": "šu",
"pos": "N",
"epos": "N",
"base": "šu",
"morph": "~"}
}
,
{
"node": "d",
"type": "field-end",
"subtype": "wp"}
,
{
"node": "d",
"type": "cell-end"}
,
{
"node": "d",
"type": "cell-start"}
,
{
"node": "d",
"type": "field-start",
"subtype": "eq"}
,
{
"node": "l",
"frag": "[...]",
"id": "P271519.l369af",
"ref": "P271519.11.3",
"inst": "u",
"f": {"lang": "akk-x-mbperi",
"form": "x",
"pos": "u"}
}
,
{
"node": "d",
"type": "nonw",
"ref": ""}
,
{
"node": "d",
"type": "field-end",
"subtype": "eq"}
,
{
"node": "d",
"type": "cell-end"}
,
{
"node": "d",
"type": "line-start",
"ref": "P271519.12",
"n": "4",
"label": "o ii' 4"}
,
{
"node": "d",
"type": "cell-start"}
,
{
"node": "d",
"type": "field-start",
"subtype": "wp"}
,
{
"node": "l",
"frag": "{ŋeš}šu₂-a",
"id": "P271519.l369b0",
"ref": "P271519.12.1",
"inst": "šuʾa[stool]N",
"sig": "@dcclt%sux:{ŋeš}šu₂-a=šuʾa[stool//stool]N'N$šuʾa/{ŋeš}šu₂-a#~",
"f": {"lang": "sux",
"form": "{ŋeš}šu₂-a",
"cf": "šuʾa",
"gw": "stool",
"sense": "stool",
"norm0": "šuʾa",
"pos": "N",
"epos": "N",
"base": "{ŋeš}šu₂-a",
"morph": "~"}
}
,
{
"node": "l",
"frag": "⸢šu⸣-[i]",
"id": "P271519.l369b1",
"ref": "P271519.12.2",
"inst": "šuʾi[barber]N",
"sig": "@dcclt%sux:šu-i=šuʾi[barber//barber]N'N$šuʾi/šu-i#~",
"f": {"lang": "sux",
"form": "šu-i",
"cf": "šuʾi",
"gw": "barber",
"sense": "barber",
"norm0": "šuʾi",
"pos": "N",
"epos": "N",
"base": "šu-i",
"morph": "~"}
}
,
{
"node": "d",
"type": "field-end",
"subtype": "wp"}
,
{
"node": "d",
"type": "cell-end"}
,
{
"node": "d",
"type": "cell-start"}
,
{
"node": "d",
"type": "field-start",
"subtype": "eq"}
,
{
"node": "l",
"frag": "[...]",
"id": "P271519.l369b2",
"ref": "P271519.12.3",
"inst": "u",
"f": {"lang": "akk-x-mbperi",
"form": "x",
"pos": "u"}
}
,
{
"node": "d",
"type": "field-end",
"subtype": "eq"}
,
{
"node": "d",
"type": "cell-end"}
,
{
"node": "d",
"type": "line-start",
"ref": "P271519.13",
"n": "5",
"label": "o ii' 5"}
,
{
"node": "d",
"type": "cell-start"}
,
{
"node": "d",
"type": "field-start",
"subtype": "wp"}
,
{
"node": "l",
"frag": "{ŋeš}šu₂-a",
"id": "P271519.l369b3",
"ref": "P271519.13.1",
"inst": "šuʾa[stool]N",
"sig": "@dcclt%sux:{ŋeš}šu₂-a=šuʾa[stool//stool]N'N$šuʾa/{ŋeš}šu₂-a#~",
"f": {"lang": "sux",
"form": "{ŋeš}šu₂-a",
"cf": "šuʾa",
"gw": "stool",
"sense": "stool",
"norm0": "šuʾa",
"pos": "N",
"epos": "N",
"base": "{ŋeš}šu₂-a",
"morph": "~"}
}
,
{
"node": "l",
"frag": "⸢kaskal⸣-[la]",
"id": "P271519.l369b4",
"ref": "P271519.13.2",
"inst": "kaskal[way, road]N",
"sig": "@dcclt%sux:kaskal-la=kaskal[way//way, road]N'N$kaskal,ak/kaskal+-la=l.a#~,ak",
"f": {"lang": "sux",
"form": "kaskal-la",
"cf": "kaskal",
"gw": "way",
"sense": "way, road",
"norm0": "kaskal,ak",
"pos": "N",
"epos": "N",
"base": "kaskal",
"cont": "-la=l.a",
"morph": "~,ak"}
}
,
{
"node": "d",
"type": "field-end",
"subtype": "wp"}
,
{
"node": "d",
"type": "cell-end"}
,
{
"node": "d",
"type": "cell-start"}
,
{
"node": "d",
"type": "field-start",
"subtype": "eq"}
,
{
"node": "l",
"frag": "[...]",
"id": "P271519.l369b5",
"ref": "P271519.13.3",
"inst": "u",
"f": {"lang": "akk-x-mbperi",
"form": "x",
"pos": "u"}
}
,
{
"node": "d",
"type": "field-end",
"subtype": "eq"}
,
{
"node": "d",
"type": "cell-end"}
,
{
"node": "d",
"type": "line-start",
"ref": "P271519.14",
"n": "6",
"label": "o ii' 6"}
,
{
"node": "d",
"type": "cell-start"}
,
{
"node": "d",
"type": "field-start",
"subtype": "wp"}
,
{
"node": "l",
"frag": "{⸢ŋeš}šu₂-a⸣",
"id": "P271519.l369b6",
"ref": "P271519.14.1",
"inst": "šuʾa[stool]N",
"sig": "@dcclt%sux:{ŋeš}šu₂-a=šuʾa[stool//stool]N'N$šuʾa/{ŋeš}šu₂-a#~",
"f": {"lang": "sux",
"form": "{ŋeš}šu₂-a",
"cf": "šuʾa",
"gw": "stool",
"sense": "stool",
"norm0": "šuʾa",
"pos": "N",
"epos": "N",
"base": "{ŋeš}šu₂-a",
"morph": "~"}
}
,
{
"node": "l",
"frag": "[...]",
"id": "P271519.l369b7",
"ref": "P271519.14.2",
"inst": "u",
"f": {"lang": "sux",
"form": "x",
"pos": "u"}
}
,
{
"node": "d",
"type": "field-end",
"subtype": "wp"}
,
{
"node": "d",
"type": "cell-end"}
,
{
"node": "d",
"type": "cell-start"}
,
{
"node": "d",
"type": "field-start",
"subtype": "eq"}
,
{
"node": "l",
"frag": "[...]",
"id": "P271519.l369b8",
"ref": "P271519.14.3",
"inst": "u",
"f": {"lang": "akk-x-mbperi",
"form": "x",
"pos": "u"}
}
,
{
"node": "d",
"type": "field-end",
"subtype": "eq"}
,
{
"node": "d",
"type": "cell-end"}
,
{
"node": "d",
"type": "nonx",
"ref": "P271519.15",
"strict": "0",
"extent": "rest",
"state": "missing"}
,
{
"node": "d",
"subtype": "reverse",
"type": "surface",
"ref": "P271519.r.16",
"type": "reverse",
"label": "r"}
,
{
"node": "d",
"type": "nonx",
"ref": "P271519.17",
"strict": "1",
"extent": "n",
"scope": "line",
"state": "missing"}
]}
]}
]}
]}
