{
"type": "cdl",
  "source": "http://oracc.org/dcclt",
  "license": "This data is released under the CC0 license",
  "license-url": "https://creativecommons.org/publicdomain/zero/1.0/",
  "more-info": "http://oracc.org/doc/opendata/",
  "UTC-timestamp": "2017-05-19T18:25:28",
"project": "dcclt",
"textid": "P271622",
"cdl": [
{
"node": "c",
"type": "text",
"id": "P271622.U0",
"cdl": [
{
"node": "d",
"subtype": "tablet",
"type": "object",
"ref": "P271622.x1177.1",
"type": "tablet",
"label": "x1177"}
,
{
"node": "d",
"subtype": "obverse",
"type": "surface",
"ref": "P271622.o.2",
"type": "obverse",
"label": "o"}
,
{
"node": "d",
"type": "nonx",
"ref": "P271622.3",
"strict": "1",
"extent": "n",
"scope": "column",
"state": "missing"}
,
{
"node": "d",
"subtype": "column 1o '",
"type": "column",
"ref": "P271622.o.i_.4",
"n": "1",
"label": "o i'"}
,
{
"node": "d",
"type": "nonx",
"ref": "P271622.5",
"strict": "0",
"extent": "74128",
"state": "other"}
,
{
"node": "d",
"type": "nonx",
"ref": "P271622.6",
"strict": "1",
"extent": "beginning",
"scope": "column",
"state": "missing"}
,
{
"node": "c",
"type": "discourse",
"subtype": "body",
"id": "P271622.U1",
"cdl": [
{
"node": "c",
"type": "sentence",
"id": "P271622.U2",
"label": "o i' 1' - r ii 14'",
"cdl": [
{
"node": "d",
"type": "line-start",
"ref": "P271622.7",
"n": "1'",
"label": "o i' 1'"}
,
{
"node": "d",
"type": "cell-start"}
,
{
"node": "d",
"type": "field-start",
"subtype": "sv"}
,
{
"node": "d",
"type": "field-end",
"subtype": "sv"}
,
{
"node": "d",
"type": "cell-end"}
,
{
"node": "d",
"type": "cell-start"}
,
{
"node": "d",
"type": "field-start",
"subtype": "pr"}
,
{
"node": "l",
"frag": "[...]",
"id": "P271622.l2c449",
"ref": "P271622.7.1",
"inst": "%sux:x=",
"f": {"lang": "sux",
"form": "x"}
}
,
{
"node": "d",
"type": "field-end",
"subtype": "pr"}
,
{
"node": "d",
"type": "cell-end"}
,
{
"node": "d",
"type": "cell-start"}
,
{
"node": "d",
"type": "field-start",
"subtype": "sg"}
,
{
"node": "l",
"frag": "[...]",
"id": "P271622.l2c44a",
"ref": "P271622.7.2",
"inst": "%sux:x=",
"f": {"lang": "sux",
"form": "x"}
}
,
{
"node": "d",
"type": "field-end",
"subtype": "sg"}
,
{
"node": "d",
"type": "cell-end"}
,
{
"node": "d",
"type": "cell-start"}
,
{
"node": "d",
"type": "field-start",
"subtype": "eq"}
,
{
"node": "l",
"frag": "[x]-la-⸢x⸣-[x]",
"id": "P271622.l2c44b",
"ref": "P271622.7.3",
"inst": "%akk-x-mbperi:x-la-x-x=",
"f": {"lang": "akk-x-mbperi",
"form": "x-la-x-x"}
}
,
{
"node": "d",
"type": "field-end",
"subtype": "eq"}
,
{
"node": "d",
"type": "cell-end"}
,
{
"node": "d",
"type": "line-start",
"ref": "P271622.8",
"n": "2'",
"label": "o i' 2'"}
,
{
"node": "d",
"type": "cell-start"}
,
{
"node": "d",
"type": "field-start",
"subtype": "sv"}
,
{
"node": "d",
"type": "field-end",
"subtype": "sv"}
,
{
"node": "d",
"type": "cell-end"}
,
{
"node": "d",
"type": "cell-start"}
,
{
"node": "d",
"type": "field-start",
"subtype": "pr"}
,
{
"node": "l",
"frag": "[...]",
"id": "P271622.l2c44c",
"ref": "P271622.8.1",
"inst": "%sux:x=",
"f": {"lang": "sux",
"form": "x"}
}
,
{
"node": "d",
"type": "field-end",
"subtype": "pr"}
,
{
"node": "d",
"type": "cell-end"}
,
{
"node": "d",
"type": "cell-start"}
,
{
"node": "d",
"type": "field-start",
"subtype": "sg"}
,
{
"node": "l",
"frag": "[...]",
"id": "P271622.l2c44d",
"ref": "P271622.8.2",
"inst": "%sux:x=",
"f": {"lang": "sux",
"form": "x"}
}
,
{
"node": "d",
"type": "field-end",
"subtype": "sg"}
,
{
"node": "d",
"type": "cell-end"}
,
{
"node": "d",
"type": "cell-start"}
,
{
"node": "d",
"type": "field-start",
"subtype": "eq"}
,
{
"node": "l",
"frag": "[x]-ni-[x]",
"id": "P271622.l2c44e",
"ref": "P271622.8.3",
"inst": "%akk-x-mbperi:x-ni-x=",
"f": {"lang": "akk-x-mbperi",
"form": "x-ni-x"}
}
,
{
"node": "d",
"type": "field-end",
"subtype": "eq"}
,
{
"node": "d",
"type": "cell-end"}
,
{
"node": "d",
"type": "nonx",
"ref": "P271622.9",
"strict": "1",
"extent": "1",
"scope": "line",
"state": "ruling"}
,
{
"node": "d",
"type": "line-start",
"ref": "P271622.10",
"n": "3'",
"label": "o i' 3'"}
,
{
"node": "d",
"type": "cell-start"}
,
{
"node": "d",
"type": "field-start",
"subtype": "sv"}
,
{
"node": "l",
"frag": "azugna",
"id": "P271622.l2c44f",
"ref": "P271622.10.1",
"inst": "%sux:azugna=",
"f": {"lang": "sux",
"form": "azugna"}
}
,
{
"node": "d",
"type": "field-end",
"subtype": "sv"}
,
{
"node": "d",
"type": "cell-end"}
,
{
"node": "d",
"type": "cell-start"}
,
{
"node": "d",
"type": "field-start",
"subtype": "pr"}
,
{
"node": "l",
"frag": "[...]",
"id": "P271622.l2c450",
"ref": "P271622.10.2",
"inst": "%sux:x=",
"f": {"lang": "sux",
"form": "x"}
}
,
{
"node": "d",
"type": "field-end",
"subtype": "pr"}
,
{
"node": "d",
"type": "cell-end"}
,
{
"node": "d",
"type": "cell-start"}
,
{
"node": "d",
"type": "field-start",
"subtype": "sg"}
,
{
"node": "l",
"frag": "[...]",
"id": "P271622.l2c451",
"ref": "P271622.10.3",
"inst": "%sux:x=",
"f": {"lang": "sux",
"form": "x"}
}
,
{
"node": "d",
"type": "field-end",
"subtype": "sg"}
,
{
"node": "d",
"type": "cell-end"}
,
{
"node": "d",
"type": "cell-start"}
,
{
"node": "d",
"type": "field-start",
"subtype": "eq"}
,
{
"node": "l",
"frag": "[a]-⸢zu⸣-pi₂-rum",
"id": "P271622.l2c452",
"ref": "P271622.10.4",
"inst": "%akk-x-mbperi:a-zu-pi₂-rum=",
"f": {"lang": "akk-x-mbperi",
"form": "a-zu-pi₂-rum"}
}
,
{
"node": "d",
"type": "field-end",
"subtype": "eq"}
,
{
"node": "d",
"type": "cell-end"}
,
{
"node": "d",
"type": "nonx",
"ref": "P271622.11",
"strict": "1",
"extent": "1",
"scope": "line",
"state": "ruling"}
,
{
"node": "d",
"type": "line-start",
"ref": "P271622.12",
"n": "4'",
"label": "o i' 4'"}
,
{
"node": "d",
"type": "cell-start"}
,
{
"node": "d",
"type": "field-start",
"subtype": "sv"}
,
{
"node": "l",
"frag": "gamun",
"id": "P271622.l2c453",
"ref": "P271622.12.1",
"inst": "%sux:gamun=",
"f": {"lang": "sux",
"form": "gamun"}
}
,
{
"node": "d",
"type": "field-end",
"subtype": "sv"}
,
{
"node": "d",
"type": "cell-end"}
,
{
"node": "d",
"type": "cell-start"}
,
{
"node": "d",
"type": "field-start",
"subtype": "pr"}
,
{
"node": "l",
"frag": "[...]",
"id": "P271622.l2c454",
"ref": "P271622.12.2",
"inst": "%sux:x=",
"f": {"lang": "sux",
"form": "x"}
}
,
{
"node": "d",
"type": "field-end",
"subtype": "pr"}
,
{
"node": "d",
"type": "cell-end"}
,
{
"node": "d",
"type": "cell-start"}
,
{
"node": "d",
"type": "field-start",
"subtype": "sg"}
,
{
"node": "l",
"frag": "[...]",
"id": "P271622.l2c455",
"ref": "P271622.12.3",
"inst": "%sux:x=",
"f": {"lang": "sux",
"form": "x"}
}
,
{
"node": "d",
"type": "field-end",
"subtype": "sg"}
,
{
"node": "d",
"type": "cell-end"}
,
{
"node": "d",
"type": "cell-start"}
,
{
"node": "d",
"type": "field-start",
"subtype": "eq"}
,
{
"node": "l",
"frag": "⸢ka⸣-mu-nu",
"id": "P271622.l2c456",
"ref": "P271622.12.4",
"inst": "%akk-x-mbperi:ka-mu-nu=",
"f": {"lang": "akk-x-mbperi",
"form": "ka-mu-nu"}
}
,
{
"node": "d",
"type": "field-end",
"subtype": "eq"}
,
{
"node": "d",
"type": "cell-end"}
,
{
"node": "d",
"type": "nonx",
"ref": "P271622.13",
"strict": "1",
"extent": "1",
"scope": "line",
"state": "ruling"}
,
{
"node": "d",
"type": "line-start",
"ref": "P271622.14",
"n": "5'",
"label": "o i' 5'"}
,
{
"node": "d",
"type": "cell-start"}
,
{
"node": "d",
"type": "field-start",
"subtype": "sv"}
,
{
"node": "l",
"frag": "sullim",
"id": "P271622.l2c457",
"ref": "P271622.14.1",
"inst": "%sux:sullim=",
"f": {"lang": "sux",
"form": "sullim"}
}
,
{
"node": "d",
"type": "field-end",
"subtype": "sv"}
,
{
"node": "d",
"type": "cell-end"}
,
{
"node": "d",
"type": "cell-start"}
,
{
"node": "d",
"type": "field-start",
"subtype": "pr"}
,
{
"node": "l",
"frag": "[...]",
"id": "P271622.l2c458",
"ref": "P271622.14.2",
"inst": "%sux:x=",
"f": {"lang": "sux",
"form": "x"}
}
,
{
"node": "d",
"type": "field-end",
"subtype": "pr"}
,
{
"node": "d",
"type": "cell-end"}
,
{
"node": "d",
"type": "cell-start"}
,
{
"node": "d",
"type": "field-start",
"subtype": "sg"}
,
{
"node": "l",
"frag": "[...]",
"id": "P271622.l2c459",
"ref": "P271622.14.3",
"inst": "%sux:x=",
"f": {"lang": "sux",
"form": "x"}
}
,
{
"node": "d",
"type": "field-end",
"subtype": "sg"}
,
{
"node": "d",
"type": "cell-end"}
,
{
"node": "d",
"type": "cell-start"}
,
{
"node": "d",
"type": "field-start",
"subtype": "eq"}
,
{
"node": "l",
"frag": "[ša-ba]-li-il-tum",
"id": "P271622.l2c45a",
"ref": "P271622.14.4",
"inst": "%akk-x-mbperi:ša-ba-li-il-tum=",
"f": {"lang": "akk-x-mbperi",
"form": "ša-ba-li-il-tum"}
}
,
{
"node": "d",
"type": "field-end",
"subtype": "eq"}
,
{
"node": "d",
"type": "cell-end"}
,
{
"node": "d",
"type": "nonx",
"ref": "P271622.15",
"strict": "1",
"extent": "1",
"scope": "line",
"state": "ruling"}
,
{
"node": "d",
"type": "line-start",
"ref": "P271622.16",
"n": "6'",
"label": "o i' 6'"}
,
{
"node": "d",
"type": "cell-start"}
,
{
"node": "d",
"type": "field-start",
"subtype": "sv"}
,
{
"node": "d",
"type": "field-end",
"subtype": "sv"}
,
{
"node": "d",
"type": "cell-end"}
,
{
"node": "d",
"type": "cell-start"}
,
{
"node": "d",
"type": "field-start",
"subtype": "pr"}
,
{
"node": "l",
"frag": "[...]",
"id": "P271622.l2c45b",
"ref": "P271622.16.1",
"inst": "%sux:x=",
"f": {"lang": "sux",
"form": "x"}
}
,
{
"node": "d",
"type": "field-end",
"subtype": "pr"}
,
{
"node": "d",
"type": "cell-end"}
,
{
"node": "d",
"type": "cell-start"}
,
{
"node": "d",
"type": "field-start",
"subtype": "sg"}
,
{
"node": "l",
"frag": "[...]",
"id": "P271622.l2c45c",
"ref": "P271622.16.2",
"inst": "%sux:x=",
"f": {"lang": "sux",
"form": "x"}
}
,
{
"node": "d",
"type": "field-end",
"subtype": "sg"}
,
{
"node": "d",
"type": "cell-end"}
,
{
"node": "d",
"type": "cell-start"}
,
{
"node": "d",
"type": "field-start",
"subtype": "eq"}
,
{
"node": "l",
"frag": "[qut]-ru-u",
"id": "P271622.l2c45d",
"ref": "P271622.16.3",
"inst": "%akk-x-mbperi:qut-ru-u=",
"f": {"lang": "akk-x-mbperi",
"form": "qut-ru-u"}
}
,
{
"node": "d",
"type": "field-end",
"subtype": "eq"}
,
{
"node": "d",
"type": "cell-end"}
,
{
"node": "d",
"type": "nonx",
"ref": "P271622.17",
"strict": "1",
"extent": "1",
"scope": "line",
"state": "ruling"}
,
{
"node": "d",
"type": "line-start",
"ref": "P271622.18",
"n": "7'",
"label": "o i' 7'"}
,
{
"node": "d",
"type": "cell-start"}
,
{
"node": "d",
"type": "field-start",
"subtype": "sv"}
,
{
"node": "d",
"type": "field-end",
"subtype": "sv"}
,
{
"node": "d",
"type": "cell-end"}
,
{
"node": "d",
"type": "cell-start"}
,
{
"node": "d",
"type": "field-start",
"subtype": "pr"}
,
{
"node": "l",
"frag": "[...]",
"id": "P271622.l2c45e",
"ref": "P271622.18.1",
"inst": "%sux:x=",
"f": {"lang": "sux",
"form": "x"}
}
,
{
"node": "d",
"type": "field-end",
"subtype": "pr"}
,
{
"node": "d",
"type": "cell-end"}
,
{
"node": "d",
"type": "cell-start"}
,
{
"node": "d",
"type": "field-start",
"subtype": "sg"}
,
{
"node": "l",
"frag": "[...]",
"id": "P271622.l2c45f",
"ref": "P271622.18.2",
"inst": "%sux:x=",
"f": {"lang": "sux",
"form": "x"}
}
,
{
"node": "d",
"type": "field-end",
"subtype": "sg"}
,
{
"node": "d",
"type": "cell-end"}
,
{
"node": "d",
"type": "cell-start"}
,
{
"node": "d",
"type": "field-start",
"subtype": "eq"}
,
{
"node": "l",
"frag": "⸢ša⸣-ad-lum",
"id": "P271622.l2c460",
"ref": "P271622.18.3",
"inst": "%akk-x-mbperi:ša-ad-lum=",
"f": {"lang": "akk-x-mbperi",
"form": "ša-ad-lum"}
}
,
{
"node": "d",
"type": "field-end",
"subtype": "eq"}
,
{
"node": "d",
"type": "cell-end"}
,
{
"node": "d",
"type": "line-start",
"ref": "P271622.19",
"n": "8'",
"label": "o i' 8'"}
,
{
"node": "d",
"type": "cell-start"}
,
{
"node": "d",
"type": "field-start",
"subtype": "sv"}
,
{
"node": "d",
"type": "field-end",
"subtype": "sv"}
,
{
"node": "d",
"type": "cell-end"}
,
{
"node": "d",
"type": "cell-start"}
,
{
"node": "d",
"type": "field-start",
"subtype": "pr"}
,
{
"node": "l",
"frag": "[...]",
"id": "P271622.l2c461",
"ref": "P271622.19.1",
"inst": "%sux:x=",
"f": {"lang": "sux",
"form": "x"}
}
,
{
"node": "d",
"type": "field-end",
"subtype": "pr"}
,
{
"node": "d",
"type": "cell-end"}
,
{
"node": "d",
"type": "cell-start"}
,
{
"node": "d",
"type": "field-start",
"subtype": "sg"}
,
{
"node": "l",
"frag": "[...]",
"id": "P271622.l2c462",
"ref": "P271622.19.2",
"inst": "%sux:x=",
"f": {"lang": "sux",
"form": "x"}
}
,
{
"node": "d",
"type": "field-end",
"subtype": "sg"}
,
{
"node": "d",
"type": "cell-end"}
,
{
"node": "d",
"type": "cell-start"}
,
{
"node": "d",
"type": "field-start",
"subtype": "eq"}
,
{
"node": "l",
"frag": "⸢im⸣-ka-lu-lum",
"id": "P271622.l2c463",
"ref": "P271622.19.3",
"inst": "%akk-x-mbperi:im-ka-lu-lum=",
"f": {"lang": "akk-x-mbperi",
"form": "im-ka-lu-lum"}
}
,
{
"node": "d",
"type": "field-end",
"subtype": "eq"}
,
{
"node": "d",
"type": "cell-end"}
,
{
"node": "d",
"type": "nonx",
"ref": "P271622.20",
"strict": "1",
"extent": "1",
"scope": "line",
"state": "ruling"}
,
{
"node": "d",
"type": "line-start",
"ref": "P271622.21",
"n": "9'",
"label": "o i' 9'"}
,
{
"node": "d",
"type": "cell-start"}
,
{
"node": "d",
"type": "field-start",
"subtype": "sv"}
,
{
"node": "l",
"frag": "muthum",
"id": "P271622.l2c464",
"ref": "P271622.21.1",
"inst": "%sux:muthum=",
"f": {"lang": "sux",
"form": "muthum"}
}
,
{
"node": "d",
"type": "field-end",
"subtype": "sv"}
,
{
"node": "d",
"type": "cell-end"}
,
{
"node": "d",
"type": "cell-start"}
,
{
"node": "d",
"type": "field-start",
"subtype": "pr"}
,
{
"node": "l",
"frag": "[...]",
"id": "P271622.l2c465",
"ref": "P271622.21.2",
"inst": "%sux:x=",
"f": {"lang": "sux",
"form": "x"}
}
,
{
"node": "d",
"type": "field-end",
"subtype": "pr"}
,
{
"node": "d",
"type": "cell-end"}
,
{
"node": "d",
"type": "cell-start"}
,
{
"node": "d",
"type": "field-start",
"subtype": "sg"}
,
{
"node": "l",
"frag": "[...]",
"id": "P271622.l2c466",
"ref": "P271622.21.3",
"inst": "%sux:x=",
"f": {"lang": "sux",
"form": "x"}
}
,
{
"node": "d",
"type": "field-end",
"subtype": "sg"}
,
{
"node": "d",
"type": "cell-end"}
,
{
"node": "d",
"type": "cell-start"}
,
{
"node": "d",
"type": "field-start",
"subtype": "eq"}
,
{
"node": "l",
"frag": "mut-hu-um-mu",
"id": "P271622.l2c467",
"ref": "P271622.21.4",
"inst": "%akk-x-mbperi:mut-hu-um-mu=",
"f": {"lang": "akk-x-mbperi",
"form": "mut-hu-um-mu"}
}
,
{
"node": "d",
"type": "field-end",
"subtype": "eq"}
,
{
"node": "d",
"type": "cell-end"}
,
{
"node": "d",
"type": "nonx",
"ref": "P271622.22",
"strict": "1",
"extent": "1",
"scope": "line",
"state": "ruling"}
,
{
"node": "d",
"type": "line-start",
"ref": "P271622.23",
"n": "10'",
"label": "o i' 10'"}
,
{
"node": "d",
"type": "cell-start"}
,
{
"node": "d",
"type": "field-start",
"subtype": "sv"}
,
{
"node": "l",
"frag": "sas",
"id": "P271622.l2c468",
"ref": "P271622.23.1",
"inst": "%sux:sas=",
"f": {"lang": "sux",
"form": "sas"}
}
,
{
"node": "d",
"type": "field-end",
"subtype": "sv"}
,
{
"node": "d",
"type": "cell-end"}
,
{
"node": "d",
"type": "cell-start"}
,
{
"node": "d",
"type": "field-start",
"subtype": "pr"}
,
{
"node": "l",
"frag": "[...]",
"id": "P271622.l2c469",
"ref": "P271622.23.2",
"inst": "%sux:x=",
"f": {"lang": "sux",
"form": "x"}
}
,
{
"node": "d",
"type": "field-end",
"subtype": "pr"}
,
{
"node": "d",
"type": "cell-end"}
,
{
"node": "d",
"type": "cell-start"}
,
{
"node": "d",
"type": "field-start",
"subtype": "sg"}
,
{
"node": "l",
"frag": "[...]",
"id": "P271622.l2c46a",
"ref": "P271622.23.3",
"inst": "%sux:x=",
"f": {"lang": "sux",
"form": "x"}
}
,
{
"node": "d",
"type": "field-end",
"subtype": "sg"}
,
{
"node": "d",
"type": "cell-end"}
,
{
"node": "d",
"type": "cell-start"}
,
{
"node": "d",
"type": "field-start",
"subtype": "eq"}
,
{
"node": "l",
"frag": "si-is-sa-tum",
"id": "P271622.l2c46b",
"ref": "P271622.23.4",
"inst": "%akk-x-mbperi:si-is-sa-tum=",
"f": {"lang": "akk-x-mbperi",
"form": "si-is-sa-tum"}
}
,
{
"node": "d",
"type": "field-end",
"subtype": "eq"}
,
{
"node": "d",
"type": "cell-end"}
,
{
"node": "d",
"type": "nonx",
"ref": "P271622.24",
"strict": "1",
"extent": "1",
"scope": "line",
"state": "ruling"}
,
{
"node": "d",
"type": "line-start",
"ref": "P271622.25",
"n": "11'",
"label": "o i' 11'"}
,
{
"node": "d",
"type": "cell-start"}
,
{
"node": "d",
"type": "field-start",
"subtype": "sv"}
,
{
"node": "l",
"frag": "hirim",
"id": "P271622.l2c46c",
"ref": "P271622.25.1",
"inst": "%sux:hirim=",
"f": {"lang": "sux",
"form": "hirim"}
}
,
{
"node": "d",
"type": "field-end",
"subtype": "sv"}
,
{
"node": "d",
"type": "cell-end"}
,
{
"node": "d",
"type": "cell-start"}
,
{
"node": "d",
"type": "field-start",
"subtype": "pr"}
,
{
"node": "l",
"frag": "[...]",
"id": "P271622.l2c46d",
"ref": "P271622.25.2",
"inst": "%sux:x=",
"f": {"lang": "sux",
"form": "x"}
}
,
{
"node": "d",
"type": "field-end",
"subtype": "pr"}
,
{
"node": "d",
"type": "cell-end"}
,
{
"node": "d",
"type": "cell-start"}
,
{
"node": "d",
"type": "field-start",
"subtype": "sg"}
,
{
"node": "l",
"frag": "[...]",
"id": "P271622.l2c46e",
"ref": "P271622.25.3",
"inst": "%sux:x=",
"f": {"lang": "sux",
"form": "x"}
}
,
{
"node": "d",
"type": "field-end",
"subtype": "sg"}
,
{
"node": "d",
"type": "cell-end"}
,
{
"node": "d",
"type": "cell-start"}
,
{
"node": "d",
"type": "field-start",
"subtype": "eq"}
,
{
"node": "l",
"frag": "la-ar-du",
"id": "P271622.l2c46f",
"ref": "P271622.25.4",
"inst": "%akk-x-mbperi:la-ar-du=",
"f": {"lang": "akk-x-mbperi",
"form": "la-ar-du"}
}
,
{
"node": "d",
"type": "field-end",
"subtype": "eq"}
,
{
"node": "d",
"type": "cell-end"}
,
{
"node": "d",
"type": "nonx",
"ref": "P271622.26",
"strict": "1",
"extent": "1",
"scope": "line",
"state": "ruling"}
,
{
"node": "d",
"type": "line-start",
"ref": "P271622.27",
"n": "12'",
"label": "o i' 12'"}
,
{
"node": "d",
"type": "cell-start"}
,
{
"node": "d",
"type": "field-start",
"subtype": "sv"}
,
{
"node": "l",
"frag": "munzer",
"id": "P271622.l2c470",
"ref": "P271622.27.1",
"inst": "%sux:munzer=",
"f": {"lang": "sux",
"form": "munzer"}
}
,
{
"node": "d",
"type": "field-end",
"subtype": "sv"}
,
{
"node": "d",
"type": "cell-end"}
,
{
"node": "d",
"type": "cell-start"}
,
{
"node": "d",
"type": "field-start",
"subtype": "pr"}
,
{
"node": "l",
"frag": "[...]",
"id": "P271622.l2c471",
"ref": "P271622.27.2",
"inst": "%sux:x=",
"f": {"lang": "sux",
"form": "x"}
}
,
{
"node": "d",
"type": "field-end",
"subtype": "pr"}
,
{
"node": "d",
"type": "cell-end"}
,
{
"node": "d",
"type": "cell-start"}
,
{
"node": "d",
"type": "field-start",
"subtype": "sg"}
,
{
"node": "l",
"frag": "[...]",
"id": "P271622.l2c472",
"ref": "P271622.27.3",
"inst": "%sux:x=",
"f": {"lang": "sux",
"form": "x"}
}
,
{
"node": "d",
"type": "field-end",
"subtype": "sg"}
,
{
"node": "d",
"type": "cell-end"}
,
{
"node": "d",
"type": "cell-start"}
,
{
"node": "d",
"type": "field-start",
"subtype": "eq"}
,
{
"node": "l",
"frag": "[a]-⸢ṣu⸣-zu-tu",
"id": "P271622.l2c473",
"ref": "P271622.27.4",
"inst": "%akk-x-mbperi:a-ṣu-zu-tu=",
"f": {"lang": "akk-x-mbperi",
"form": "a-ṣu-zu-tu"}
}
,
{
"node": "d",
"type": "nonw",
"ref": ""}
,
{
"node": "d",
"type": "field-end",
"subtype": "eq"}
,
{
"node": "d",
"type": "cell-end"}
,
{
"node": "d",
"type": "nonx",
"ref": "P271622.28",
"strict": "1",
"extent": "1",
"scope": "line",
"state": "ruling"}
,
{
"node": "d",
"type": "line-start",
"ref": "P271622.29",
"n": "13'",
"label": "o i' 13'"}
,
{
"node": "d",
"type": "cell-start"}
,
{
"node": "d",
"type": "field-start",
"subtype": "sv"}
,
{
"node": "l",
"frag": "gud₃",
"id": "P271622.l2c474",
"ref": "P271622.29.1",
"inst": "%sux:gud₃=",
"f": {"lang": "sux",
"form": "gud₃"}
}
,
{
"node": "d",
"type": "field-end",
"subtype": "sv"}
,
{
"node": "d",
"type": "cell-end"}
,
{
"node": "d",
"type": "cell-start"}
,
{
"node": "d",
"type": "field-start",
"subtype": "pr"}
,
{
"node": "l",
"frag": "[...]",
"id": "P271622.l2c475",
"ref": "P271622.29.2",
"inst": "%sux:x=",
"f": {"lang": "sux",
"form": "x"}
}
,
{
"node": "d",
"type": "field-end",
"subtype": "pr"}
,
{
"node": "d",
"type": "cell-end"}
,
{
"node": "d",
"type": "cell-start"}
,
{
"node": "d",
"type": "field-start",
"subtype": "sg"}
,
{
"node": "l",
"frag": "|[U₂.KI.SUM.GA]|",
"id": "P271622.l2c476",
"ref": "P271622.29.3",
"inst": "%sux:|U₂.KI.SUM.GA|=",
"f": {"lang": "sux",
"form": "|U₂.KI.SUM.GA|"}
}
,
{
"node": "d",
"type": "field-end",
"subtype": "sg"}
,
{
"node": "d",
"type": "cell-end"}
,
{
"node": "d",
"type": "cell-start"}
,
{
"node": "d",
"type": "field-start",
"subtype": "eq"}
,
{
"node": "l",
"frag": "⸢qi⸣-nu-u",
"id": "P271622.l2c477",
"ref": "P271622.29.4",
"inst": "%akk-x-mbperi:qi-nu-u=",
"f": {"lang": "akk-x-mbperi",
"form": "qi-nu-u"}
}
,
{
"node": "d",
"type": "field-end",
"subtype": "eq"}
,
{
"node": "d",
"type": "cell-end"}
,
{
"node": "d",
"type": "line-start",
"ref": "P271622.30",
"n": "14'",
"label": "o i' 14'"}
,
{
"node": "d",
"type": "cell-start"}
,
{
"node": "d",
"type": "field-start",
"subtype": "sv"}
,
{
"node": "l",
"frag": "gud₃",
"id": "P271622.l2c478",
"ref": "P271622.30.1",
"inst": "%sux:gud₃=",
"f": {"lang": "sux",
"form": "gud₃"}
}
,
{
"node": "d",
"type": "field-end",
"subtype": "sv"}
,
{
"node": "d",
"type": "cell-end"}
,
{
"node": "d",
"type": "cell-start"}
,
{
"node": "d",
"type": "field-start",
"subtype": "pr"}
,
{
"node": "l",
"frag": "[...]",
"id": "P271622.l2c479",
"ref": "P271622.30.2",
"inst": "%sux:x=",
"f": {"lang": "sux",
"form": "x"}
}
,
{
"node": "d",
"type": "field-end",
"subtype": "pr"}
,
{
"node": "d",
"type": "cell-end"}
,
{
"node": "d",
"type": "cell-start"}
,
{
"node": "d",
"type": "field-start",
"subtype": "sg"}
,
{
"node": "l",
"frag": "[...]",
"id": "P271622.l2c47a",
"ref": "P271622.30.3",
"inst": "%sux:x=",
"f": {"lang": "sux",
"form": "x"}
}
,
{
"node": "d",
"type": "field-end",
"subtype": "sg"}
,
{
"node": "d",
"type": "cell-end"}
,
{
"node": "d",
"type": "cell-start"}
,
{
"node": "d",
"type": "field-start",
"subtype": "eq"}
,
{
"node": "l",
"frag": "[hi]-i-lum",
"id": "P271622.l2c47b",
"ref": "P271622.30.4",
"inst": "%akk-x-mbperi:hi-i-lum=",
"f": {"lang": "akk-x-mbperi",
"form": "hi-i-lum"}
}
,
{
"node": "d",
"type": "field-end",
"subtype": "eq"}
,
{
"node": "d",
"type": "cell-end"}
,
{
"node": "d",
"type": "line-start",
"ref": "P271622.31",
"n": "15'",
"label": "o i' 15'"}
,
{
"node": "d",
"type": "cell-start"}
,
{
"node": "d",
"type": "field-start",
"subtype": "sv"}
,
{
"node": "l",
"frag": "gud₃",
"id": "P271622.l2c47c",
"ref": "P271622.31.1",
"inst": "%sux:gud₃=",
"f": {"lang": "sux",
"form": "gud₃"}
}
,
{
"node": "d",
"type": "field-end",
"subtype": "sv"}
,
{
"node": "d",
"type": "cell-end"}
,
{
"node": "d",
"type": "cell-start"}
,
{
"node": "d",
"type": "field-start",
"subtype": "pr"}
,
{
"node": "l",
"frag": "[...]",
"id": "P271622.l2c47d",
"ref": "P271622.31.2",
"inst": "%sux:x=",
"f": {"lang": "sux",
"form": "x"}
}
,
{
"node": "d",
"type": "field-end",
"subtype": "pr"}
,
{
"node": "d",
"type": "cell-end"}
,
{
"node": "d",
"type": "cell-start"}
,
{
"node": "d",
"type": "field-start",
"subtype": "sg"}
,
{
"node": "l",
"frag": "[...]",
"id": "P271622.l2c47e",
"ref": "P271622.31.3",
"inst": "%sux:x=",
"f": {"lang": "sux",
"form": "x"}
}
,
{
"node": "d",
"type": "field-end",
"subtype": "sg"}
,
{
"node": "d",
"type": "cell-end"}
,
{
"node": "d",
"type": "cell-start"}
,
{
"node": "d",
"type": "field-start",
"subtype": "eq"}
,
{
"node": "l",
"frag": "⸢ku⸣-ma-ṣu",
"id": "P271622.l2c47f",
"ref": "P271622.31.4",
"inst": "%akk-x-mbperi:ku-ma-ṣu=",
"f": {"lang": "akk-x-mbperi",
"form": "ku-ma-ṣu"}
}
,
{
"node": "d",
"type": "field-end",
"subtype": "eq"}
,
{
"node": "d",
"type": "cell-end"}
,
{
"node": "d",
"type": "line-start",
"ref": "P271622.32",
"n": "16'",
"label": "o i' 16'"}
,
{
"node": "d",
"type": "cell-start"}
,
{
"node": "d",
"type": "field-start",
"subtype": "sv"}
,
{
"node": "l",
"frag": "gud₃",
"id": "P271622.l2c480",
"ref": "P271622.32.1",
"inst": "%sux:gud₃=",
"f": {"lang": "sux",
"form": "gud₃"}
}
,
{
"node": "d",
"type": "field-end",
"subtype": "sv"}
,
{
"node": "d",
"type": "cell-end"}
,
{
"node": "d",
"type": "cell-start"}
,
{
"node": "d",
"type": "field-start",
"subtype": "pr"}
,
{
"node": "l",
"frag": "[...]",
"id": "P271622.l2c481",
"ref": "P271622.32.2",
"inst": "%sux:x=",
"f": {"lang": "sux",
"form": "x"}
}
,
{
"node": "d",
"type": "field-end",
"subtype": "pr"}
,
{
"node": "d",
"type": "cell-end"}
,
{
"node": "d",
"type": "cell-start"}
,
{
"node": "d",
"type": "field-start",
"subtype": "sg"}
,
{
"node": "l",
"frag": "[...]",
"id": "P271622.l2c482",
"ref": "P271622.32.3",
"inst": "%sux:x=",
"f": {"lang": "sux",
"form": "x"}
}
,
{
"node": "d",
"type": "field-end",
"subtype": "sg"}
,
{
"node": "d",
"type": "cell-end"}
,
{
"node": "d",
"type": "cell-start"}
,
{
"node": "d",
"type": "field-start",
"subtype": "eq"}
,
{
"node": "l",
"frag": "⸢ku⸣-ša-[ru]",
"id": "P271622.l2c483",
"ref": "P271622.32.4",
"inst": "%akk-x-mbperi:ku-ša-ru=",
"f": {"lang": "akk-x-mbperi",
"form": "ku-ša-ru"}
}
,
{
"node": "d",
"type": "field-end",
"subtype": "eq"}
,
{
"node": "d",
"type": "cell-end"}
,
{
"node": "d",
"subtype": "reverse",
"type": "surface",
"ref": "P271622.r.33",
"type": "reverse",
"label": "r"}
,
{
"node": "d",
"subtype": "column 1r",
"type": "column",
"ref": "P271622.r.i.34",
"n": "1",
"label": "r i"}
,
{
"node": "d",
"type": "nonx",
"ref": "P271622.35",
"strict": "0",
"extent": "74165",
"state": "other"}
,
{
"node": "d",
"type": "line-start",
"ref": "P271622.36",
"n": "1",
"label": "r i 1"}
,
{
"node": "d",
"type": "cell-start"}
,
{
"node": "d",
"type": "field-start",
"subtype": "sv"}
,
{
"node": "l",
"frag": "gud₃",
"id": "P271622.l2c484",
"ref": "P271622.36.1",
"inst": "%sux:gud₃=",
"f": {"lang": "sux",
"form": "gud₃"}
}
,
{
"node": "d",
"type": "field-end",
"subtype": "sv"}
,
{
"node": "d",
"type": "cell-end"}
,
{
"node": "d",
"type": "cell-start"}
,
{
"node": "d",
"type": "field-start",
"subtype": "pr"}
,
{
"node": "l",
"frag": "[...]",
"id": "P271622.l2c485",
"ref": "P271622.36.2",
"inst": "%sux:x=",
"f": {"lang": "sux",
"form": "x"}
}
,
{
"node": "d",
"type": "field-end",
"subtype": "pr"}
,
{
"node": "d",
"type": "cell-end"}
,
{
"node": "d",
"type": "cell-start"}
,
{
"node": "d",
"type": "field-start",
"subtype": "sg"}
,
{
"node": "l",
"frag": "|U₂.KI.SUM.GA|",
"id": "P271622.l2c486",
"ref": "P271622.36.3",
"inst": "%sux:|U₂.KI.SUM.GA|=",
"f": {"lang": "sux",
"form": "|U₂.KI.SUM.GA|"}
}
,
{
"node": "d",
"type": "field-end",
"subtype": "sg"}
,
{
"node": "d",
"type": "cell-end"}
,
{
"node": "d",
"type": "cell-start"}
,
{
"node": "d",
"type": "field-start",
"subtype": "eq"}
,
{
"node": "l",
"frag": "hi-⸢i⸣-lum",
"id": "P271622.l2c487",
"ref": "P271622.36.4",
"inst": "%akk-x-mbperi:hi-i-lum=",
"f": {"lang": "akk-x-mbperi",
"form": "hi-i-lum"}
}
,
{
"node": "d",
"type": "field-end",
"subtype": "eq"}
,
{
"node": "d",
"type": "cell-end"}
,
{
"node": "d",
"type": "nonx",
"ref": "P271622.37",
"strict": "1",
"extent": "1",
"scope": "line",
"state": "ruling"}
,
{
"node": "d",
"type": "line-start",
"ref": "P271622.38",
"n": "2",
"label": "r i 2"}
,
{
"node": "d",
"type": "cell-start"}
,
{
"node": "d",
"type": "field-start",
"subtype": "sv"}
,
{
"node": "l",
"frag": "gud₃",
"id": "P271622.l2c488",
"ref": "P271622.38.1",
"inst": "%sux:gud₃=",
"f": {"lang": "sux",
"form": "gud₃"}
}
,
{
"node": "d",
"type": "field-end",
"subtype": "sv"}
,
{
"node": "d",
"type": "cell-end"}
,
{
"node": "d",
"type": "cell-start"}
,
{
"node": "d",
"type": "field-start",
"subtype": "pr"}
,
{
"node": "l",
"frag": "[...]",
"id": "P271622.l2c489",
"ref": "P271622.38.2",
"inst": "%sux:x=",
"f": {"lang": "sux",
"form": "x"}
}
,
{
"node": "d",
"type": "field-end",
"subtype": "pr"}
,
{
"node": "d",
"type": "cell-end"}
,
{
"node": "d",
"type": "cell-start"}
,
{
"node": "d",
"type": "field-start",
"subtype": "sg"}
,
{
"node": "l",
"frag": "|U₂.KI.SUM.GA|",
"id": "P271622.l2c48a",
"ref": "P271622.38.3",
"inst": "%sux:|U₂.KI.SUM.GA|=",
"f": {"lang": "sux",
"form": "|U₂.KI.SUM.GA|"}
}
,
{
"node": "d",
"type": "field-end",
"subtype": "sg"}
,
{
"node": "d",
"type": "cell-end"}
,
{
"node": "d",
"type": "cell-start"}
,
{
"node": "d",
"type": "field-start",
"subtype": "eq"}
,
{
"node": "d",
"type": "nonw",
"ref": ""}
,
{
"node": "d",
"type": "field-end",
"subtype": "eq"}
,
{
"node": "d",
"type": "cell-end"}
,
{
"node": "d",
"type": "nonx",
"ref": "P271622.39",
"strict": "1",
"extent": "1",
"scope": "line",
"state": "ruling"}
,
{
"node": "d",
"type": "line-start",
"ref": "P271622.40",
"n": "3",
"label": "r i 3"}
,
{
"node": "d",
"type": "cell-start"}
,
{
"node": "d",
"type": "field-start",
"subtype": "sv"}
,
{
"node": "d",
"type": "field-end",
"subtype": "sv"}
,
{
"node": "d",
"type": "cell-end"}
,
{
"node": "d",
"type": "cell-start"}
,
{
"node": "d",
"type": "field-start",
"subtype": "pr"}
,
{
"node": "l",
"frag": "[...]-⸢al⸣",
"id": "P271622.l2c48b",
"ref": "P271622.40.1",
"inst": "%sux:x-al=",
"f": {"lang": "sux",
"form": "x-al"}
}
,
{
"node": "d",
"type": "field-end",
"subtype": "pr"}
,
{
"node": "d",
"type": "cell-end"}
,
{
"node": "d",
"type": "cell-start"}
,
{
"node": "d",
"type": "field-start",
"subtype": "sg"}
,
{
"node": "l",
"frag": "|U₂.GIŠ.MI|",
"id": "P271622.l2c48c",
"ref": "P271622.40.2",
"inst": "%sux:|U₂.GIŠ.MI|=",
"f": {"lang": "sux",
"form": "|U₂.GIŠ.MI|"}
}
,
{
"node": "d",
"type": "field-end",
"subtype": "sg"}
,
{
"node": "d",
"type": "cell-end"}
,
{
"node": "d",
"type": "cell-start"}
,
{
"node": "d",
"type": "field-start",
"subtype": "eq"}
,
{
"node": "l",
"frag": "[ṣi]-il-lum",
"id": "P271622.l2c48d",
"ref": "P271622.40.3",
"inst": "%akk-x-mbperi:ṣi-il-lum=",
"f": {"lang": "akk-x-mbperi",
"form": "ṣi-il-lum"}
}
,
{
"node": "d",
"type": "field-end",
"subtype": "eq"}
,
{
"node": "d",
"type": "cell-end"}
,
{
"node": "d",
"type": "line-start",
"ref": "P271622.41",
"n": "4",
"label": "r i 4"}
,
{
"node": "d",
"type": "cell-start"}
,
{
"node": "d",
"type": "field-start",
"subtype": "sv"}
,
{
"node": "d",
"type": "field-end",
"subtype": "sv"}
,
{
"node": "d",
"type": "cell-end"}
,
{
"node": "d",
"type": "cell-start"}
,
{
"node": "d",
"type": "field-start",
"subtype": "pr"}
,
{
"node": "d",
"type": "nonw",
"ref": ""}
,
{
"node": "d",
"type": "field-end",
"subtype": "pr"}
,
{
"node": "d",
"type": "cell-end"}
,
{
"node": "d",
"type": "cell-start"}
,
{
"node": "d",
"type": "field-start",
"subtype": "sg"}
,
{
"node": "l",
"frag": "|U₂.GIŠ.MI|",
"id": "P271622.l2c48e",
"ref": "P271622.41.1",
"inst": "%sux:|U₂.GIŠ.MI|=",
"f": {"lang": "sux",
"form": "|U₂.GIŠ.MI|"}
}
,
{
"node": "d",
"type": "field-end",
"subtype": "sg"}
,
{
"node": "d",
"type": "cell-end"}
,
{
"node": "d",
"type": "cell-start"}
,
{
"node": "d",
"type": "field-start",
"subtype": "eq"}
,
{
"node": "l",
"frag": "⸢hi-i⸣-lum",
"id": "P271622.l2c48f",
"ref": "P271622.41.2",
"inst": "%akk-x-mbperi:hi-i-lum=",
"f": {"lang": "akk-x-mbperi",
"form": "hi-i-lum"}
}
,
{
"node": "d",
"type": "field-end",
"subtype": "eq"}
,
{
"node": "d",
"type": "cell-end"}
,
{
"node": "d",
"type": "line-start",
"ref": "P271622.42",
"n": "5",
"label": "r i 5"}
,
{
"node": "d",
"type": "cell-start"}
,
{
"node": "d",
"type": "field-start",
"subtype": "sv"}
,
{
"node": "d",
"type": "field-end",
"subtype": "sv"}
,
{
"node": "d",
"type": "cell-end"}
,
{
"node": "d",
"type": "cell-start"}
,
{
"node": "d",
"type": "field-start",
"subtype": "pr"}
,
{
"node": "d",
"type": "nonw",
"ref": ""}
,
{
"node": "d",
"type": "field-end",
"subtype": "pr"}
,
{
"node": "d",
"type": "cell-end"}
,
{
"node": "d",
"type": "cell-start"}
,
{
"node": "d",
"type": "field-start",
"subtype": "sg"}
,
{
"node": "l",
"frag": "|U₂.GIŠ.MI|",
"id": "P271622.l2c490",
"ref": "P271622.42.1",
"inst": "%sux:|U₂.GIŠ.MI|=",
"f": {"lang": "sux",
"form": "|U₂.GIŠ.MI|"}
}
,
{
"node": "d",
"type": "field-end",
"subtype": "sg"}
,
{
"node": "d",
"type": "cell-end"}
,
{
"node": "d",
"type": "cell-start"}
,
{
"node": "d",
"type": "field-start",
"subtype": "eq"}
,
{
"node": "l",
"frag": "[ku-ma]-ṣu",
"id": "P271622.l2c491",
"ref": "P271622.42.2",
"inst": "%akk-x-mbperi:ku-ma-ṣu=",
"f": {"lang": "akk-x-mbperi",
"form": "ku-ma-ṣu"}
}
,
{
"node": "d",
"type": "field-end",
"subtype": "eq"}
,
{
"node": "d",
"type": "cell-end"}
,
{
"node": "d",
"type": "line-start",
"ref": "P271622.43",
"n": "6",
"label": "r i 6"}
,
{
"node": "d",
"type": "cell-start"}
,
{
"node": "d",
"type": "field-start",
"subtype": "sv"}
,
{
"node": "d",
"type": "field-end",
"subtype": "sv"}
,
{
"node": "d",
"type": "cell-end"}
,
{
"node": "d",
"type": "cell-start"}
,
{
"node": "d",
"type": "field-start",
"subtype": "pr"}
,
{
"node": "d",
"type": "nonw",
"ref": ""}
,
{
"node": "d",
"type": "field-end",
"subtype": "pr"}
,
{
"node": "d",
"type": "cell-end"}
,
{
"node": "d",
"type": "cell-start"}
,
{
"node": "d",
"type": "field-start",
"subtype": "sg"}
,
{
"node": "l",
"frag": "|U₂.GIŠ.MI|",
"id": "P271622.l2c492",
"ref": "P271622.43.1",
"inst": "%sux:|U₂.GIŠ.MI|=",
"f": {"lang": "sux",
"form": "|U₂.GIŠ.MI|"}
}
,
{
"node": "d",
"type": "field-end",
"subtype": "sg"}
,
{
"node": "d",
"type": "cell-end"}
,
{
"node": "d",
"type": "cell-start"}
,
{
"node": "d",
"type": "field-start",
"subtype": "eq"}
,
{
"node": "l",
"frag": "[...]",
"id": "P271622.l2c493",
"ref": "P271622.43.2",
"inst": "%akk-x-mbperi:x=",
"f": {"lang": "akk-x-mbperi",
"form": "x"}
}
,
{
"node": "d",
"type": "field-end",
"subtype": "eq"}
,
{
"node": "d",
"type": "cell-end"}
,
{
"node": "d",
"type": "line-start",
"ref": "P271622.44",
"n": "7",
"label": "r i 7"}
,
{
"node": "d",
"type": "cell-start"}
,
{
"node": "d",
"type": "field-start",
"subtype": "sv"}
,
{
"node": "d",
"type": "field-end",
"subtype": "sv"}
,
{
"node": "d",
"type": "cell-end"}
,
{
"node": "d",
"type": "cell-start"}
,
{
"node": "d",
"type": "field-start",
"subtype": "pr"}
,
{
"node": "d",
"type": "nonw",
"ref": ""}
,
{
"node": "d",
"type": "field-end",
"subtype": "pr"}
,
{
"node": "d",
"type": "cell-end"}
,
{
"node": "d",
"type": "cell-start"}
,
{
"node": "d",
"type": "field-start",
"subtype": "sg"}
,
{
"node": "l",
"frag": "|U₂.GIŠ.MI|",
"id": "P271622.l2c494",
"ref": "P271622.44.1",
"inst": "%sux:|U₂.GIŠ.MI|=",
"f": {"lang": "sux",
"form": "|U₂.GIŠ.MI|"}
}
,
{
"node": "d",
"type": "field-end",
"subtype": "sg"}
,
{
"node": "d",
"type": "cell-end"}
,
{
"node": "d",
"type": "cell-start"}
,
{
"node": "d",
"type": "field-start",
"subtype": "eq"}
,
{
"node": "l",
"frag": "[...]",
"id": "P271622.l2c495",
"ref": "P271622.44.2",
"inst": "%akk-x-mbperi:x=",
"f": {"lang": "akk-x-mbperi",
"form": "x"}
}
,
{
"node": "d",
"type": "field-end",
"subtype": "eq"}
,
{
"node": "d",
"type": "cell-end"}
,
{
"node": "d",
"type": "line-start",
"ref": "P271622.45",
"n": "8",
"label": "r i 8"}
,
{
"node": "d",
"type": "cell-start"}
,
{
"node": "d",
"type": "field-start",
"subtype": "sv"}
,
{
"node": "d",
"type": "field-end",
"subtype": "sv"}
,
{
"node": "d",
"type": "cell-end"}
,
{
"node": "d",
"type": "cell-start"}
,
{
"node": "d",
"type": "field-start",
"subtype": "pr"}
,
{
"node": "l",
"frag": "[...]",
"id": "P271622.l2c496",
"ref": "P271622.45.1",
"inst": "%sux:x=",
"f": {"lang": "sux",
"form": "x"}
}
,
{
"node": "d",
"type": "field-end",
"subtype": "pr"}
,
{
"node": "d",
"type": "cell-end"}
,
{
"node": "d",
"type": "cell-start"}
,
{
"node": "d",
"type": "field-start",
"subtype": "sg"}
,
{
"node": "l",
"frag": "|U₂.GIŠ.MI|",
"id": "P271622.l2c497",
"ref": "P271622.45.2",
"inst": "%sux:|U₂.GIŠ.MI|=",
"f": {"lang": "sux",
"form": "|U₂.GIŠ.MI|"}
}
,
{
"node": "d",
"type": "field-end",
"subtype": "sg"}
,
{
"node": "d",
"type": "cell-end"}
,
{
"node": "d",
"type": "cell-start"}
,
{
"node": "d",
"type": "field-start",
"subtype": "eq"}
,
{
"node": "l",
"frag": "[...]",
"id": "P271622.l2c498",
"ref": "P271622.45.3",
"inst": "%akk-x-mbperi:x=",
"f": {"lang": "akk-x-mbperi",
"form": "x"}
}
,
{
"node": "d",
"type": "nonw",
"ref": ""}
,
{
"node": "d",
"type": "field-end",
"subtype": "eq"}
,
{
"node": "d",
"type": "cell-end"}
,
{
"node": "d",
"type": "nonx",
"ref": "P271622.46",
"strict": "1",
"extent": "3-5",
"scope": "line",
"state": "missing"}
,
{
"node": "d",
"type": "line-start",
"ref": "P271622.47",
"n": "1'",
"label": "r i 1'"}
,
{
"node": "d",
"type": "cell-start"}
,
{
"node": "d",
"type": "field-start",
"subtype": "sv"}
,
{
"node": "l",
"frag": "uga",
"id": "P271622.l2c499",
"ref": "P271622.47.1",
"inst": "%sux:uga=",
"f": {"lang": "sux",
"form": "uga"}
}
,
{
"node": "d",
"type": "field-end",
"subtype": "sv"}
,
{
"node": "d",
"type": "cell-end"}
,
{
"node": "d",
"type": "cell-start"}
,
{
"node": "d",
"type": "field-start",
"subtype": "pr"}
,
{
"node": "l",
"frag": "u₂-⸢ga⸣",
"id": "P271622.l2c49a",
"ref": "P271622.47.2",
"inst": "%sux:u₂-ga=",
"f": {"lang": "sux",
"form": "u₂-ga"}
}
,
{
"node": "d",
"type": "field-end",
"subtype": "pr"}
,
{
"node": "d",
"type": "cell-end"}
,
{
"node": "d",
"type": "cell-start"}
,
{
"node": "d",
"type": "field-start",
"subtype": "sg"}
,
{
"node": "l",
"frag": "|U₂.[NAGA.GA]|{[mušen]}",
"id": "P271622.l2c49b",
"ref": "P271622.47.3",
"inst": "%sux:|U₂.NAGA.GA|{mušen}=",
"f": {"lang": "sux",
"form": "|U₂.NAGA.GA|{mušen}"}
}
,
{
"node": "d",
"type": "field-end",
"subtype": "sg"}
,
{
"node": "d",
"type": "cell-end"}
,
{
"node": "d",
"type": "cell-start"}
,
{
"node": "d",
"type": "field-start",
"subtype": "eq"}
,
{
"node": "l",
"frag": "[...]",
"id": "P271622.l2c49c",
"ref": "P271622.47.4",
"inst": "%akk-x-mbperi:x=",
"f": {"lang": "akk-x-mbperi",
"form": "x"}
}
,
{
"node": "d",
"type": "field-end",
"subtype": "eq"}
,
{
"node": "d",
"type": "cell-end"}
,
{
"node": "d",
"type": "nonx",
"ref": "P271622.48",
"strict": "1",
"extent": "1",
"scope": "line",
"state": "ruling"}
,
{
"node": "d",
"type": "line-start",
"ref": "P271622.49",
"n": "2'",
"label": "r i 2'"}
,
{
"node": "d",
"type": "cell-start"}
,
{
"node": "d",
"type": "field-start",
"subtype": "sv"}
,
{
"node": "l",
"frag": "buruₓ(|U₂.NAGA.GA|)",
"id": "P271622.l2c49d",
"ref": "P271622.49.1",
"inst": "%sux:buruₓ(|U₂.NAGA.GA|)=",
"f": {"lang": "sux",
"form": "buruₓ(|U₂.NAGA.GA|)"}
}
,
{
"node": "d",
"type": "field-end",
"subtype": "sv"}
,
{
"node": "d",
"type": "cell-end"}
,
{
"node": "d",
"type": "cell-start"}
,
{
"node": "d",
"type": "field-start",
"subtype": "pr"}
,
{
"node": "l",
"frag": "bu-ru",
"id": "P271622.l2c49e",
"ref": "P271622.49.2",
"inst": "%sux:bu-ru=",
"f": {"lang": "sux",
"form": "bu-ru"}
}
,
{
"node": "d",
"type": "field-end",
"subtype": "pr"}
,
{
"node": "d",
"type": "cell-end"}
,
{
"node": "d",
"type": "cell-start"}
,
{
"node": "d",
"type": "field-start",
"subtype": "sg"}
,
{
"node": "l",
"frag": "|U₂.NAGA.[GA]|{[mušen]}",
"id": "P271622.l2c49f",
"ref": "P271622.49.3",
"inst": "%sux:|U₂.NAGA.GA|{mušen}=",
"f": {"lang": "sux",
"form": "|U₂.NAGA.GA|{mušen}"}
}
,
{
"node": "d",
"type": "field-end",
"subtype": "sg"}
,
{
"node": "d",
"type": "cell-end"}
,
{
"node": "d",
"type": "cell-start"}
,
{
"node": "d",
"type": "field-start",
"subtype": "eq"}
,
{
"node": "l",
"frag": "[...]",
"id": "P271622.l2c4a0",
"ref": "P271622.49.4",
"inst": "%akk-x-mbperi:x=",
"f": {"lang": "akk-x-mbperi",
"form": "x"}
}
,
{
"node": "d",
"type": "field-end",
"subtype": "eq"}
,
{
"node": "d",
"type": "cell-end"}
,
{
"node": "d",
"type": "nonx",
"ref": "P271622.50",
"strict": "1",
"extent": "1",
"scope": "line",
"state": "ruling"}
,
{
"node": "d",
"type": "line-start",
"ref": "P271622.51",
"n": "3'",
"label": "r i 3'"}
,
{
"node": "d",
"type": "cell-start"}
,
{
"node": "d",
"type": "field-start",
"subtype": "sv"}
,
{
"node": "l",
"frag": "muzug₂",
"id": "P271622.l2c4a1",
"ref": "P271622.51.1",
"inst": "%sux:muzug₂=",
"f": {"lang": "sux",
"form": "muzug₂"}
}
,
{
"node": "d",
"type": "field-end",
"subtype": "sv"}
,
{
"node": "d",
"type": "cell-end"}
,
{
"node": "d",
"type": "cell-start"}
,
{
"node": "d",
"type": "field-start",
"subtype": "pr"}
,
{
"node": "l",
"frag": "mu-su-ug",
"id": "P271622.l2c4a2",
"ref": "P271622.51.2",
"inst": "%sux:mu-su-ug=",
"f": {"lang": "sux",
"form": "mu-su-ug"}
}
,
{
"node": "d",
"type": "field-end",
"subtype": "pr"}
,
{
"node": "d",
"type": "cell-end"}
,
{
"node": "d",
"type": "cell-start"}
,
{
"node": "d",
"type": "field-start",
"subtype": "sg"}
,
{
"node": "l",
"frag": "|U₂.KA|",
"id": "P271622.l2c4a3",
"ref": "P271622.51.3",
"inst": "%sux:|U₂.KA|=",
"f": {"lang": "sux",
"form": "|U₂.KA|"}
}
,
{
"node": "d",
"type": "field-end",
"subtype": "sg"}
,
{
"node": "d",
"type": "cell-end"}
,
{
"node": "d",
"type": "cell-start"}
,
{
"node": "d",
"type": "field-start",
"subtype": "eq"}
,
{
"node": "l",
"frag": "[...]",
"id": "P271622.l2c4a4",
"ref": "P271622.51.4",
"inst": "%akk-x-mbperi:x=",
"f": {"lang": "akk-x-mbperi",
"form": "x"}
}
,
{
"node": "d",
"type": "field-end",
"subtype": "eq"}
,
{
"node": "d",
"type": "cell-end"}
,
{
"node": "d",
"type": "nonx",
"ref": "P271622.52",
"strict": "1",
"extent": "1",
"scope": "line",
"state": "ruling"}
,
{
"node": "d",
"type": "line-start",
"ref": "P271622.53",
"n": "4'",
"label": "r i 4'"}
,
{
"node": "d",
"type": "cell-start"}
,
{
"node": "d",
"type": "field-start",
"subtype": "sv"}
,
{
"node": "l",
"frag": "muzug",
"id": "P271622.l2c4a5",
"ref": "P271622.53.1",
"inst": "%sux:muzug=",
"f": {"lang": "sux",
"form": "muzug"}
}
,
{
"node": "d",
"type": "field-end",
"subtype": "sv"}
,
{
"node": "d",
"type": "cell-end"}
,
{
"node": "d",
"type": "cell-start"}
,
{
"node": "d",
"type": "field-start",
"subtype": "pr"}
,
{
"node": "d",
"type": "nonw",
"ref": "P271622.53.2",
"lang": "sux",
"type": "surro"}
,
{
"node": "l",
"id": "P271622.l2c4a6",
"ref": "P271622.53.3",
"inst": "%sux:mu-su-ug=",
"f": {"lang": "sux",
"form": "mu-su-ug"}
}
,
{
"node": "d",
"type": "field-end",
"subtype": "pr"}
,
{
"node": "d",
"type": "cell-end"}
,
{
"node": "d",
"type": "cell-start"}
,
{
"node": "d",
"type": "field-start",
"subtype": "sg"}
,
{
"node": "l",
"frag": "|U₂.SAG|",
"id": "P271622.l2c4a7",
"ref": "P271622.53.4",
"inst": "%sux:|U₂.SAG|=",
"f": {"lang": "sux",
"form": "|U₂.SAG|"}
}
,
{
"node": "d",
"type": "field-end",
"subtype": "sg"}
,
{
"node": "d",
"type": "cell-end"}
,
{
"node": "d",
"type": "cell-start"}
,
{
"node": "d",
"type": "field-start",
"subtype": "eq"}
,
{
"node": "l",
"frag": "[...]",
"id": "P271622.l2c4a8",
"ref": "P271622.53.5",
"inst": "%akk-x-mbperi:x=",
"f": {"lang": "akk-x-mbperi",
"form": "x"}
}
,
{
"node": "d",
"type": "field-end",
"subtype": "eq"}
,
{
"node": "d",
"type": "cell-end"}
,
{
"node": "d",
"type": "nonx",
"ref": "P271622.54",
"strict": "1",
"extent": "1",
"scope": "line",
"state": "ruling"}
,
{
"node": "d",
"type": "line-start",
"ref": "P271622.55",
"n": "5'",
"label": "r i 5'"}
,
{
"node": "d",
"type": "cell-start"}
,
{
"node": "d",
"type": "field-start",
"subtype": "sv"}
,
{
"node": "l",
"frag": "muzug₄",
"id": "P271622.l2c4a9",
"ref": "P271622.55.1",
"inst": "%sux:muzug₄=",
"f": {"lang": "sux",
"form": "muzug₄"}
}
,
{
"node": "d",
"type": "field-end",
"subtype": "sv"}
,
{
"node": "d",
"type": "cell-end"}
,
{
"node": "d",
"type": "cell-start"}
,
{
"node": "d",
"type": "field-start",
"subtype": "pr"}
,
{
"node": "d",
"type": "nonw",
"ref": "P271622.55.2",
"lang": "sux",
"type": "surro"}
,
{
"node": "l",
"id": "P271622.l2c4aa",
"ref": "P271622.55.3",
"inst": "%sux:mu-su-ug=",
"f": {"lang": "sux",
"form": "mu-su-ug"}
}
,
{
"node": "d",
"type": "field-end",
"subtype": "pr"}
,
{
"node": "d",
"type": "cell-end"}
,
{
"node": "d",
"type": "cell-start"}
,
{
"node": "d",
"type": "field-start",
"subtype": "sg"}
,
{
"node": "l",
"frag": "|U₂.KUR.SAL.TUK|{⸢dal-mu⸣-[un]}",
"id": "P271622.l2c4ab",
"ref": "P271622.55.4",
"inst": "%sux:|U₂.KUR.SAL.TUK|{+dal-mu-un}=",
"f": {"lang": "sux",
"form": "|U₂.KUR.SAL.TUK|{+dal-mu-un}"}
}
,
{
"node": "d",
"type": "field-end",
"subtype": "sg"}
,
{
"node": "d",
"type": "cell-end"}
,
{
"node": "d",
"type": "cell-start"}
,
{
"node": "d",
"type": "field-start",
"subtype": "eq"}
,
{
"node": "l",
"frag": "[...]",
"id": "P271622.l2c4ac",
"ref": "P271622.55.5",
"inst": "%akk-x-mbperi:x=",
"f": {"lang": "akk-x-mbperi",
"form": "x"}
}
,
{
"node": "d",
"type": "nonw",
"ref": ""}
,
{
"node": "d",
"type": "field-end",
"subtype": "eq"}
,
{
"node": "d",
"type": "cell-end"}
,
{
"node": "d",
"type": "nonx",
"ref": "P271622.56",
"strict": "1",
"extent": "1",
"scope": "line",
"state": "ruling"}
,
{
"node": "d",
"type": "line-start",
"ref": "P271622.57",
"n": "6'",
"label": "r i 6'"}
,
{
"node": "d",
"type": "cell-start"}
,
{
"node": "d",
"type": "field-start",
"subtype": "sv"}
,
{
"node": "l",
"frag": "namruₓ(|U₂.ZA.MUŠ₃|)",
"id": "P271622.l2c4ad",
"ref": "P271622.57.1",
"inst": "%sux:namruₓ(|U₂.ZA.MUŠ₃|)=",
"f": {"lang": "sux",
"form": "namruₓ(|U₂.ZA.MUŠ₃|)"}
}
,
{
"node": "d",
"type": "field-end",
"subtype": "sv"}
,
{
"node": "d",
"type": "cell-end"}
,
{
"node": "d",
"type": "cell-start"}
,
{
"node": "d",
"type": "field-start",
"subtype": "pr"}
,
{
"node": "l",
"frag": "nam-ru",
"id": "P271622.l2c4ae",
"ref": "P271622.57.2",
"inst": "%sux:nam-ru=",
"f": {"lang": "sux",
"form": "nam-ru"}
}
,
{
"node": "d",
"type": "field-end",
"subtype": "pr"}
,
{
"node": "d",
"type": "cell-end"}
,
{
"node": "d",
"type": "cell-start"}
,
{
"node": "d",
"type": "field-start",
"subtype": "sg"}
,
{
"node": "l",
"frag": "|U₂.ZA.MUŠ₃|",
"id": "P271622.l2c4af",
"ref": "P271622.57.3",
"inst": "%sux:|U₂.ZA.MUŠ₃|=",
"f": {"lang": "sux",
"form": "|U₂.ZA.MUŠ₃|"}
}
,
{
"node": "d",
"type": "field-end",
"subtype": "sg"}
,
{
"node": "d",
"type": "cell-end"}
,
{
"node": "d",
"type": "cell-start"}
,
{
"node": "d",
"type": "field-start",
"subtype": "eq"}
,
{
"node": "l",
"frag": "[...]",
"id": "P271622.l2c4b0",
"ref": "P271622.57.4",
"inst": "%akk-x-mbperi:x=",
"f": {"lang": "akk-x-mbperi",
"form": "x"}
}
,
{
"node": "d",
"type": "field-end",
"subtype": "eq"}
,
{
"node": "d",
"type": "cell-end"}
,
{
"node": "d",
"type": "nonx",
"ref": "P271622.58",
"strict": "1",
"extent": "1",
"scope": "line",
"state": "ruling"}
,
{
"node": "d",
"type": "line-start",
"ref": "P271622.59",
"n": "7'",
"label": "r i 7'"}
,
{
"node": "d",
"type": "cell-start"}
,
{
"node": "d",
"type": "field-start",
"subtype": "sv"}
,
{
"node": "d",
"type": "field-end",
"subtype": "sv"}
,
{
"node": "d",
"type": "cell-end"}
,
{
"node": "d",
"type": "cell-start"}
,
{
"node": "d",
"type": "field-start",
"subtype": "pr"}
,
{
"node": "l",
"frag": "[x]-⸢x-x⸣",
"id": "P271622.l2c4b1",
"ref": "P271622.59.1",
"inst": "%sux:x-x-x=",
"f": {"lang": "sux",
"form": "x-x-x"}
}
,
{
"node": "d",
"type": "field-end",
"subtype": "pr"}
,
{
"node": "d",
"type": "cell-end"}
,
{
"node": "d",
"type": "cell-start"}
,
{
"node": "d",
"type": "field-start",
"subtype": "sg"}
,
{
"node": "l",
"frag": "[...]",
"id": "P271622.l2c4b2",
"ref": "P271622.59.2",
"inst": "%sux:x=",
"f": {"lang": "sux",
"form": "x"}
}
,
{
"node": "d",
"type": "field-end",
"subtype": "sg"}
,
{
"node": "d",
"type": "cell-end"}
,
{
"node": "d",
"type": "cell-start"}
,
{
"node": "d",
"type": "field-start",
"subtype": "eq"}
,
{
"node": "l",
"frag": "[...]",
"id": "P271622.l2c4b3",
"ref": "P271622.59.3",
"inst": "%akk-x-mbperi:x=",
"f": {"lang": "akk-x-mbperi",
"form": "x"}
}
,
{
"node": "d",
"type": "nonw",
"ref": ""}
,
{
"node": "d",
"type": "field-end",
"subtype": "eq"}
,
{
"node": "d",
"type": "cell-end"}
,
{
"node": "d",
"subtype": "column 2r",
"type": "column",
"ref": "P271622.r.ii.60",
"n": "2",
"label": "r ii"}
,
{
"node": "d",
"type": "nonx",
"ref": "P271622.61",
"strict": "0",
"extent": "74160",
"state": "other"}
,
{
"node": "d",
"type": "nonx",
"ref": "P271622.62",
"strict": "1",
"extent": "beginning",
"scope": "column",
"state": "missing"}
,
{
"node": "d",
"type": "line-start",
"ref": "P271622.63",
"n": "1'",
"label": "r ii 1'"}
,
{
"node": "d",
"type": "cell-start"}
,
{
"node": "d",
"type": "field-start",
"subtype": "sv"}
,
{
"node": "d",
"type": "field-end",
"subtype": "sv"}
,
{
"node": "d",
"type": "cell-end"}
,
{
"node": "d",
"type": "cell-start"}
,
{
"node": "d",
"type": "field-start",
"subtype": "pr"}
,
{
"node": "l",
"frag": "[...]",
"id": "P271622.l2c4b4",
"ref": "P271622.63.1",
"inst": "%sux:x=",
"f": {"lang": "sux",
"form": "x"}
}
,
{
"node": "d",
"type": "field-end",
"subtype": "pr"}
,
{
"node": "d",
"type": "cell-end"}
,
{
"node": "d",
"type": "cell-start"}
,
{
"node": "d",
"type": "field-start",
"subtype": "sg"}
,
{
"node": "l",
"frag": "|GIŠ.GURUN|",
"id": "P271622.l2c4b5",
"ref": "P271622.63.2",
"inst": "%sux:|GIŠ.GURUN|=",
"f": {"lang": "sux",
"form": "|GIŠ.GURUN|"}
}
,
{
"node": "d",
"type": "field-end",
"subtype": "sg"}
,
{
"node": "d",
"type": "cell-end"}
,
{
"node": "d",
"type": "cell-start"}
,
{
"node": "d",
"type": "field-start",
"subtype": "eq"}
,
{
"node": "l",
"frag": "[...]",
"id": "P271622.l2c4b6",
"ref": "P271622.63.3",
"inst": "%akk-x-mbperi:x=",
"f": {"lang": "akk-x-mbperi",
"form": "x"}
}
,
{
"node": "d",
"type": "field-end",
"subtype": "eq"}
,
{
"node": "d",
"type": "cell-end"}
,
{
"node": "d",
"type": "nonx",
"ref": "P271622.64",
"strict": "1",
"extent": "1",
"scope": "line",
"state": "ruling"}
,
{
"node": "d",
"type": "line-start",
"ref": "P271622.65",
"n": "2'",
"label": "r ii 2'"}
,
{
"node": "d",
"type": "cell-start"}
,
{
"node": "d",
"type": "field-start",
"subtype": "sv"}
,
{
"node": "l",
"frag": "mudul",
"id": "P271622.l2c4b7",
"ref": "P271622.65.1",
"inst": "%sux:mudul=",
"f": {"lang": "sux",
"form": "mudul"}
}
,
{
"node": "d",
"type": "field-end",
"subtype": "sv"}
,
{
"node": "d",
"type": "cell-end"}
,
{
"node": "d",
"type": "cell-start"}
,
{
"node": "d",
"type": "field-start",
"subtype": "pr"}
,
{
"node": "l",
"frag": "[mu]-du-[ul]",
"id": "P271622.l2c4b8",
"ref": "P271622.65.2",
"inst": "%sux:mu-du-ul=",
"f": {"lang": "sux",
"form": "mu-du-ul"}
}
,
{
"node": "d",
"type": "field-end",
"subtype": "pr"}
,
{
"node": "d",
"type": "cell-end"}
,
{
"node": "d",
"type": "cell-start"}
,
{
"node": "d",
"type": "field-start",
"subtype": "sg"}
,
{
"node": "l",
"frag": "|GIŠ.BU|",
"id": "P271622.l2c4b9",
"ref": "P271622.65.3",
"inst": "%sux:|GIŠ.BU|=",
"f": {"lang": "sux",
"form": "|GIŠ.BU|"}
}
,
{
"node": "d",
"type": "field-end",
"subtype": "sg"}
,
{
"node": "d",
"type": "cell-end"}
,
{
"node": "d",
"type": "cell-start"}
,
{
"node": "d",
"type": "field-start",
"subtype": "eq"}
,
{
"node": "l",
"frag": "⸢x⸣-[...]",
"id": "P271622.l2c4ba",
"ref": "P271622.65.4",
"inst": "%akk-x-mbperi:x-x=",
"f": {"lang": "akk-x-mbperi",
"form": "x-x"}
}
,
{
"node": "d",
"type": "field-end",
"subtype": "eq"}
,
{
"node": "d",
"type": "cell-end"}
,
{
"node": "d",
"type": "nonx",
"ref": "P271622.66",
"strict": "1",
"extent": "1",
"scope": "line",
"state": "ruling"}
,
{
"node": "d",
"type": "line-start",
"ref": "P271622.67",
"n": "3'",
"label": "r ii 3'"}
,
{
"node": "d",
"type": "cell-start"}
,
{
"node": "d",
"type": "field-start",
"subtype": "sv"}
,
{
"node": "l",
"frag": "madla",
"id": "P271622.l2c4bb",
"ref": "P271622.67.1",
"inst": "%sux:madla=",
"f": {"lang": "sux",
"form": "madla"}
}
,
{
"node": "d",
"type": "field-end",
"subtype": "sv"}
,
{
"node": "d",
"type": "cell-end"}
,
{
"node": "d",
"type": "cell-start"}
,
{
"node": "d",
"type": "field-start",
"subtype": "pr"}
,
{
"node": "l",
"frag": "[ma]-ad-⸢la⸣",
"id": "P271622.l2c4bc",
"ref": "P271622.67.2",
"inst": "%sux:ma-ad-la=",
"f": {"lang": "sux",
"form": "ma-ad-la"}
}
,
{
"node": "d",
"type": "field-end",
"subtype": "pr"}
,
{
"node": "d",
"type": "cell-end"}
,
{
"node": "d",
"type": "cell-start"}
,
{
"node": "d",
"type": "field-start",
"subtype": "sg"}
,
{
"node": "l",
"frag": "|GIŠ.BU|",
"id": "P271622.l2c4bd",
"ref": "P271622.67.3",
"inst": "%sux:|GIŠ.BU|=",
"f": {"lang": "sux",
"form": "|GIŠ.BU|"}
}
,
{
"node": "d",
"type": "field-end",
"subtype": "sg"}
,
{
"node": "d",
"type": "cell-end"}
,
{
"node": "d",
"type": "cell-start"}
,
{
"node": "d",
"type": "field-start",
"subtype": "eq"}
,
{
"node": "l",
"frag": "MIN",
"id": "P271622.l2c4be",
"ref": "P271622.67.4",
"inst": "%akk-x-mbperi:MIN=",
"f": {"lang": "akk-x-mbperi",
"form": "MIN"}
}
,
{
"node": "d",
"type": "field-end",
"subtype": "eq"}
,
{
"node": "d",
"type": "cell-end"}
,
{
"node": "d",
"type": "nonx",
"ref": "P271622.68",
"strict": "1",
"extent": "1",
"scope": "line",
"state": "ruling"}
,
{
"node": "d",
"type": "line-start",
"ref": "P271622.69",
"n": "4'",
"label": "r ii 4'"}
,
{
"node": "d",
"type": "cell-start"}
,
{
"node": "d",
"type": "field-start",
"subtype": "sv"}
,
{
"node": "l",
"frag": "malla",
"id": "P271622.l2c4bf",
"ref": "P271622.69.1",
"inst": "%sux:malla=",
"f": {"lang": "sux",
"form": "malla"}
}
,
{
"node": "d",
"type": "field-end",
"subtype": "sv"}
,
{
"node": "d",
"type": "cell-end"}
,
{
"node": "d",
"type": "cell-start"}
,
{
"node": "d",
"type": "field-start",
"subtype": "pr"}
,
{
"node": "l",
"frag": "[ma]-la",
"id": "P271622.l2c4c0",
"ref": "P271622.69.2",
"inst": "%sux:ma-la=",
"f": {"lang": "sux",
"form": "ma-la"}
}
,
{
"node": "d",
"type": "field-end",
"subtype": "pr"}
,
{
"node": "d",
"type": "cell-end"}
,
{
"node": "d",
"type": "cell-start"}
,
{
"node": "d",
"type": "field-start",
"subtype": "sg"}
,
{
"node": "l",
"frag": "|GIŠ.BU|",
"id": "P271622.l2c4c1",
"ref": "P271622.69.3",
"inst": "%sux:|GIŠ.BU|=",
"f": {"lang": "sux",
"form": "|GIŠ.BU|"}
}
,
{
"node": "d",
"type": "field-end",
"subtype": "sg"}
,
{
"node": "d",
"type": "cell-end"}
,
{
"node": "d",
"type": "cell-start"}
,
{
"node": "d",
"type": "field-start",
"subtype": "eq"}
,
{
"node": "l",
"frag": "⸢GIŠ.BU⸣{[lu]}",
"id": "P271622.l2c4c2",
"ref": "P271622.69.4",
"inst": "%akk-x-mbperi:GIŠ.BU{+lu}=",
"f": {"lang": "akk-x-mbperi",
"form": "GIŠ.BU{+lu}"}
}
,
{
"node": "d",
"type": "field-end",
"subtype": "eq"}
,
{
"node": "d",
"type": "cell-end"}
,
{
"node": "d",
"type": "nonx",
"ref": "P271622.70",
"strict": "1",
"extent": "1",
"scope": "line",
"state": "ruling"}
,
{
"node": "d",
"type": "line-start",
"ref": "P271622.71",
"n": "5'",
"label": "r ii 5'"}
,
{
"node": "d",
"type": "cell-start"}
,
{
"node": "d",
"type": "field-start",
"subtype": "sv"}
,
{
"node": "l",
"frag": "{ŋeš}malla",
"id": "P271622.l2c4c3",
"ref": "P271622.71.1",
"inst": "%sux:{ŋeš}malla=",
"f": {"lang": "sux",
"form": "{ŋeš}malla"}
}
,
{
"node": "d",
"type": "field-end",
"subtype": "sv"}
,
{
"node": "d",
"type": "cell-end"}
,
{
"node": "d",
"type": "cell-start"}
,
{
"node": "d",
"type": "field-start",
"subtype": "pr"}
,
{
"node": "l",
"frag": "[ŋeš]-ma-la",
"id": "P271622.l2c4c4",
"ref": "P271622.71.2",
"inst": "%sux:ŋeš-ma-la=",
"f": {"lang": "sux",
"form": "ŋeš-ma-la"}
}
,
{
"node": "d",
"type": "field-end",
"subtype": "pr"}
,
{
"node": "d",
"type": "cell-end"}
,
{
"node": "d",
"type": "cell-start"}
,
{
"node": "d",
"type": "field-start",
"subtype": "sg"}
,
{
"node": "l",
"frag": "|GIŠ.BU|",
"id": "P271622.l2c4c5",
"ref": "P271622.71.3",
"inst": "%sux:|GIŠ.BU|=",
"f": {"lang": "sux",
"form": "|GIŠ.BU|"}
}
,
{
"node": "d",
"type": "field-end",
"subtype": "sg"}
,
{
"node": "d",
"type": "cell-end"}
,
{
"node": "d",
"type": "cell-start"}
,
{
"node": "d",
"type": "field-start",
"subtype": "eq"}
,
{
"node": "l",
"frag": "ma-la-[lu]",
"id": "P271622.l2c4c6",
"ref": "P271622.71.4",
"inst": "%akk-x-mbperi:ma-la-lu=",
"f": {"lang": "akk-x-mbperi",
"form": "ma-la-lu"}
}
,
{
"node": "d",
"type": "field-end",
"subtype": "eq"}
,
{
"node": "d",
"type": "cell-end"}
,
{
"node": "d",
"type": "nonx",
"ref": "P271622.72",
"strict": "1",
"extent": "1",
"scope": "line",
"state": "ruling"}
,
{
"node": "d",
"type": "line-start",
"ref": "P271622.73",
"n": "6'",
"label": "r ii 6'"}
,
{
"node": "d",
"type": "cell-start"}
,
{
"node": "d",
"type": "field-start",
"subtype": "sv"}
,
{
"node": "l",
"frag": "alaₓ(|GIŠ.BU|)",
"id": "P271622.l2c4c7",
"ref": "P271622.73.1",
"inst": "%sux:alaₓ(|GIŠ.BU|)=",
"f": {"lang": "sux",
"form": "alaₓ(|GIŠ.BU|)"}
}
,
{
"node": "d",
"type": "field-end",
"subtype": "sv"}
,
{
"node": "d",
"type": "cell-end"}
,
{
"node": "d",
"type": "cell-start"}
,
{
"node": "d",
"type": "field-start",
"subtype": "pr"}
,
{
"node": "l",
"frag": "[a]-la",
"id": "P271622.l2c4c8",
"ref": "P271622.73.2",
"inst": "%sux:a-la=",
"f": {"lang": "sux",
"form": "a-la"}
}
,
{
"node": "d",
"type": "field-end",
"subtype": "pr"}
,
{
"node": "d",
"type": "cell-end"}
,
{
"node": "d",
"type": "cell-start"}
,
{
"node": "d",
"type": "field-start",
"subtype": "sg"}
,
{
"node": "l",
"frag": "|GIŠ.BU|",
"id": "P271622.l2c4c9",
"ref": "P271622.73.3",
"inst": "%sux:|GIŠ.BU|=",
"f": {"lang": "sux",
"form": "|GIŠ.BU|"}
}
,
{
"node": "d",
"type": "field-end",
"subtype": "sg"}
,
{
"node": "d",
"type": "cell-end"}
,
{
"node": "d",
"type": "cell-start"}
,
{
"node": "d",
"type": "field-start",
"subtype": "eq"}
,
{
"node": "l",
"frag": "a-la-[lu]",
"id": "P271622.l2c4ca",
"ref": "P271622.73.4",
"inst": "%akk-x-mbperi:a-la-lu=",
"f": {"lang": "akk-x-mbperi",
"form": "a-la-lu"}
}
,
{
"node": "d",
"type": "field-end",
"subtype": "eq"}
,
{
"node": "d",
"type": "cell-end"}
,
{
"node": "d",
"type": "nonx",
"ref": "P271622.74",
"strict": "1",
"extent": "1",
"scope": "line",
"state": "ruling"}
,
{
"node": "d",
"type": "line-start",
"ref": "P271622.75",
"n": "7'",
"label": "r ii 7'"}
,
{
"node": "d",
"type": "cell-start"}
,
{
"node": "d",
"type": "field-start",
"subtype": "sv"}
,
{
"node": "l",
"frag": "gazinbu",
"id": "P271622.l2c4cb",
"ref": "P271622.75.1",
"inst": "%sux:gazinbu=",
"f": {"lang": "sux",
"form": "gazinbu"}
}
,
{
"node": "d",
"type": "field-end",
"subtype": "sv"}
,
{
"node": "d",
"type": "cell-end"}
,
{
"node": "d",
"type": "cell-start"}
,
{
"node": "d",
"type": "field-start",
"subtype": "pr"}
,
{
"node": "l",
"frag": "[ga-zum]-bi",
"id": "P271622.l2c4cc",
"ref": "P271622.75.2",
"inst": "%sux:ga-zum-bi=",
"f": {"lang": "sux",
"form": "ga-zum-bi"}
}
,
{
"node": "d",
"type": "field-end",
"subtype": "pr"}
,
{
"node": "d",
"type": "cell-end"}
,
{
"node": "d",
"type": "cell-start"}
,
{
"node": "d",
"type": "field-start",
"subtype": "sg"}
,
{
"node": "l",
"frag": "|GIŠ.BU|",
"id": "P271622.l2c4cd",
"ref": "P271622.75.3",
"inst": "%sux:|GIŠ.BU|=",
"f": {"lang": "sux",
"form": "|GIŠ.BU|"}
}
,
{
"node": "d",
"type": "field-end",
"subtype": "sg"}
,
{
"node": "d",
"type": "cell-end"}
,
{
"node": "d",
"type": "cell-start"}
,
{
"node": "d",
"type": "field-start",
"subtype": "eq"}
,
{
"node": "l",
"frag": "ga-ši-[šu]",
"id": "P271622.l2c4ce",
"ref": "P271622.75.4",
"inst": "%akk-x-mbperi:ga-ši-šu=",
"f": {"lang": "akk-x-mbperi",
"form": "ga-ši-šu"}
}
,
{
"node": "d",
"type": "field-end",
"subtype": "eq"}
,
{
"node": "d",
"type": "cell-end"}
,
{
"node": "d",
"type": "nonx",
"ref": "P271622.76",
"strict": "1",
"extent": "1",
"scope": "line",
"state": "ruling"}
,
{
"node": "d",
"type": "line-start",
"ref": "P271622.77",
"n": "8'",
"label": "r ii 8'"}
,
{
"node": "d",
"type": "cell-start"}
,
{
"node": "d",
"type": "field-start",
"subtype": "sv"}
,
{
"node": "l",
"frag": "{ŋeš}gazinbu",
"id": "P271622.l2c4cf",
"ref": "P271622.77.1",
"inst": "%sux:{ŋeš}gazinbu=",
"f": {"lang": "sux",
"form": "{ŋeš}gazinbu"}
}
,
{
"node": "d",
"type": "field-end",
"subtype": "sv"}
,
{
"node": "d",
"type": "cell-end"}
,
{
"node": "d",
"type": "cell-start"}
,
{
"node": "d",
"type": "field-start",
"subtype": "pr"}
,
{
"node": "l",
"frag": "[ŋeš]-⸢ga⸣-zum-bi",
"id": "P271622.l2c4d0",
"ref": "P271622.77.2",
"inst": "%sux:ŋeš-ga-zum-bi=",
"f": {"lang": "sux",
"form": "ŋeš-ga-zum-bi"}
}
,
{
"node": "d",
"type": "field-end",
"subtype": "pr"}
,
{
"node": "d",
"type": "cell-end"}
,
{
"node": "d",
"type": "cell-start"}
,
{
"node": "d",
"type": "field-start",
"subtype": "sg"}
,
{
"node": "l",
"frag": "|GIŠ.BU|",
"id": "P271622.l2c4d1",
"ref": "P271622.77.3",
"inst": "%sux:|GIŠ.BU|=",
"f": {"lang": "sux",
"form": "|GIŠ.BU|"}
}
,
{
"node": "d",
"type": "field-end",
"subtype": "sg"}
,
{
"node": "d",
"type": "cell-end"}
,
{
"node": "d",
"type": "cell-start"}
,
{
"node": "d",
"type": "field-start",
"subtype": "eq"}
,
{
"node": "l",
"frag": "ga-⸢az-ma⸣-[nu]",
"id": "P271622.l2c4d2",
"ref": "P271622.77.4",
"inst": "%akk-x-mbperi:ga-az-ma-nu=",
"f": {"lang": "akk-x-mbperi",
"form": "ga-az-ma-nu"}
}
,
{
"node": "d",
"type": "field-end",
"subtype": "eq"}
,
{
"node": "d",
"type": "cell-end"}
,
{
"node": "d",
"type": "nonx",
"ref": "P271622.78",
"strict": "1",
"extent": "1",
"scope": "line",
"state": "ruling"}
,
{
"node": "d",
"type": "line-start",
"ref": "P271622.79",
"n": "9'",
"label": "r ii 9'"}
,
{
"node": "d",
"type": "cell-start"}
,
{
"node": "d",
"type": "field-start",
"subtype": "sv"}
,
{
"node": "l",
"frag": "irₓ(|GIŠ.URI|)",
"id": "P271622.l2c4d3",
"ref": "P271622.79.1",
"inst": "%sux:irₓ(|GIŠ.URI|)=",
"f": {"lang": "sux",
"form": "irₓ(|GIŠ.URI|)"}
}
,
{
"node": "d",
"type": "field-end",
"subtype": "sv"}
,
{
"node": "d",
"type": "cell-end"}
,
{
"node": "d",
"type": "cell-start"}
,
{
"node": "d",
"type": "field-start",
"subtype": "pr"}
,
{
"node": "l",
"frag": "⸢i-ir⸣",
"id": "P271622.l2c4d4",
"ref": "P271622.79.2",
"inst": "%sux:i-ir=",
"f": {"lang": "sux",
"form": "i-ir"}
}
,
{
"node": "d",
"type": "field-end",
"subtype": "pr"}
,
{
"node": "d",
"type": "cell-end"}
,
{
"node": "d",
"type": "cell-start"}
,
{
"node": "d",
"type": "field-start",
"subtype": "sg"}
,
{
"node": "l",
"frag": "|GIŠ.URI|",
"id": "P271622.l2c4d5",
"ref": "P271622.79.3",
"inst": "%sux:|GIŠ.URI|=",
"f": {"lang": "sux",
"form": "|GIŠ.URI|"}
}
,
{
"node": "d",
"type": "field-end",
"subtype": "sg"}
,
{
"node": "d",
"type": "cell-end"}
,
{
"node": "d",
"type": "cell-start"}
,
{
"node": "d",
"type": "field-start",
"subtype": "eq"}
,
{
"node": "l",
"frag": "ap-pa-[tan]",
"id": "P271622.l2c4d6",
"ref": "P271622.79.4",
"inst": "%akk-x-mbperi:ap-pa-tan=",
"f": {"lang": "akk-x-mbperi",
"form": "ap-pa-tan"}
}
,
{
"node": "d",
"type": "field-end",
"subtype": "eq"}
,
{
"node": "d",
"type": "cell-end"}
,
{
"node": "d",
"type": "line-start",
"ref": "P271622.80",
"n": "10'",
"label": "r ii 10'"}
,
{
"node": "d",
"type": "cell-start"}
,
{
"node": "d",
"type": "field-start",
"subtype": "sv"}
,
{
"node": "l",
"frag": "irₓ(|GIŠ.URI|)",
"id": "P271622.l2c4d7",
"ref": "P271622.80.1",
"inst": "%sux:irₓ(|GIŠ.URI|)=",
"f": {"lang": "sux",
"form": "irₓ(|GIŠ.URI|)"}
}
,
{
"node": "d",
"type": "field-end",
"subtype": "sv"}
,
{
"node": "d",
"type": "cell-end"}
,
{
"node": "d",
"type": "cell-start"}
,
{
"node": "d",
"type": "field-start",
"subtype": "pr"}
,
{
"node": "l",
"frag": "<(i-ir)>",
"id": "P271622.l2c4d8",
"ref": "P271622.80.2",
"inst": "%sux:i-ir=",
"f": {"lang": "sux",
"form": "i-ir"}
}
,
{
"node": "d",
"type": "field-end",
"subtype": "pr"}
,
{
"node": "d",
"type": "cell-end"}
,
{
"node": "d",
"type": "cell-start"}
,
{
"node": "d",
"type": "field-start",
"subtype": "sg"}
,
{
"node": "l",
"frag": "|GIŠ.URI|",
"id": "P271622.l2c4d9",
"ref": "P271622.80.3",
"inst": "%sux:|GIŠ.URI|=",
"f": {"lang": "sux",
"form": "|GIŠ.URI|"}
}
,
{
"node": "d",
"type": "field-end",
"subtype": "sg"}
,
{
"node": "d",
"type": "cell-end"}
,
{
"node": "d",
"type": "cell-start"}
,
{
"node": "d",
"type": "field-start",
"subtype": "eq"}
,
{
"node": "l",
"frag": "ṣi-ni-[tan]",
"id": "P271622.l2c4da",
"ref": "P271622.80.4",
"inst": "%akk-x-mbperi:ṣi-ni-tan=",
"f": {"lang": "akk-x-mbperi",
"form": "ṣi-ni-tan"}
}
,
{
"node": "d",
"type": "field-end",
"subtype": "eq"}
,
{
"node": "d",
"type": "cell-end"}
,
{
"node": "d",
"type": "line-start",
"ref": "P271622.81",
"n": "11'",
"label": "r ii 11'"}
,
{
"node": "d",
"type": "cell-start"}
,
{
"node": "d",
"type": "field-start",
"subtype": "sv"}
,
{
"node": "l",
"frag": "irₓ(|GIŠ.URI|)",
"id": "P271622.l2c4db",
"ref": "P271622.81.1",
"inst": "%sux:irₓ(|GIŠ.URI|)=",
"f": {"lang": "sux",
"form": "irₓ(|GIŠ.URI|)"}
}
,
{
"node": "d",
"type": "field-end",
"subtype": "sv"}
,
{
"node": "d",
"type": "cell-end"}
,
{
"node": "d",
"type": "cell-start"}
,
{
"node": "d",
"type": "field-start",
"subtype": "pr"}
,
{
"node": "l",
"frag": "<(i-ir)>",
"id": "P271622.l2c4dc",
"ref": "P271622.81.2",
"inst": "%sux:i-ir=",
"f": {"lang": "sux",
"form": "i-ir"}
}
,
{
"node": "d",
"type": "field-end",
"subtype": "pr"}
,
{
"node": "d",
"type": "cell-end"}
,
{
"node": "d",
"type": "cell-start"}
,
{
"node": "d",
"type": "field-start",
"subtype": "sg"}
,
{
"node": "l",
"frag": "|GIŠ.URI|",
"id": "P271622.l2c4dd",
"ref": "P271622.81.3",
"inst": "%sux:|GIŠ.URI|=",
"f": {"lang": "sux",
"form": "|GIŠ.URI|"}
}
,
{
"node": "d",
"type": "field-end",
"subtype": "sg"}
,
{
"node": "d",
"type": "cell-end"}
,
{
"node": "d",
"type": "cell-start"}
,
{
"node": "d",
"type": "field-start",
"subtype": "eq"}
,
{
"node": "l",
"frag": "ṣi-ri-[tan]",
"id": "P271622.l2c4de",
"ref": "P271622.81.4",
"inst": "%akk-x-mbperi:ṣi-ri-tan=",
"f": {"lang": "akk-x-mbperi",
"form": "ṣi-ri-tan"}
}
,
{
"node": "d",
"type": "field-end",
"subtype": "eq"}
,
{
"node": "d",
"type": "cell-end"}
,
{
"node": "d",
"type": "nonx",
"ref": "P271622.82",
"strict": "1",
"extent": "1",
"scope": "line",
"state": "ruling"}
,
{
"node": "d",
"type": "line-start",
"ref": "P271622.83",
"n": "12'",
"label": "r ii 12'"}
,
{
"node": "d",
"type": "cell-start"}
,
{
"node": "d",
"type": "field-start",
"subtype": "sv"}
,
{
"node": "l",
"frag": "gibil₂",
"id": "P271622.l2c4df",
"ref": "P271622.83.1",
"inst": "%sux:gibil₂=",
"f": {"lang": "sux",
"form": "gibil₂"}
}
,
{
"node": "d",
"type": "field-end",
"subtype": "sv"}
,
{
"node": "d",
"type": "cell-end"}
,
{
"node": "d",
"type": "cell-start"}
,
{
"node": "d",
"type": "field-start",
"subtype": "pr"}
,
{
"node": "l",
"frag": "gi-bi-il",
"id": "P271622.l2c4e0",
"ref": "P271622.83.2",
"inst": "%sux:gi-bi-il=",
"f": {"lang": "sux",
"form": "gi-bi-il"}
}
,
{
"node": "d",
"type": "field-end",
"subtype": "pr"}
,
{
"node": "d",
"type": "cell-end"}
,
{
"node": "d",
"type": "cell-start"}
,
{
"node": "d",
"type": "field-start",
"subtype": "sg"}
,
{
"node": "l",
"frag": "|GIŠ.ŠU₂.ZIB|",
"id": "P271622.l2c4e1",
"ref": "P271622.83.3",
"inst": "%sux:|GIŠ.ŠU₂.ZIB|=",
"f": {"lang": "sux",
"form": "|GIŠ.ŠU₂.ZIB|"}
}
,
{
"node": "d",
"type": "field-end",
"subtype": "sg"}
,
{
"node": "d",
"type": "cell-end"}
,
{
"node": "d",
"type": "cell-start"}
,
{
"node": "d",
"type": "field-start",
"subtype": "eq"}
,
{
"node": "l",
"frag": "⸢gi-bil₂-lu⸣",
"id": "P271622.l2c4e2",
"ref": "P271622.83.4",
"inst": "%akk-x-mbperi:gi-bil₂-lu=",
"f": {"lang": "akk-x-mbperi",
"form": "gi-bil₂-lu"}
}
,
{
"node": "d",
"type": "nonw",
"ref": ""}
,
{
"node": "d",
"type": "field-end",
"subtype": "eq"}
,
{
"node": "d",
"type": "cell-end"}
,
{
"node": "d",
"type": "line-start",
"ref": "P271622.84",
"n": "13'",
"label": "r ii 13'"}
,
{
"node": "d",
"type": "cell-start"}
,
{
"node": "d",
"type": "field-start",
"subtype": "sv"}
,
{
"node": "l",
"frag": "gibil₂",
"id": "P271622.l2c4e3",
"ref": "P271622.84.1",
"inst": "%sux:gibil₂=",
"f": {"lang": "sux",
"form": "gibil₂"}
}
,
{
"node": "d",
"type": "field-end",
"subtype": "sv"}
,
{
"node": "d",
"type": "cell-end"}
,
{
"node": "d",
"type": "cell-start"}
,
{
"node": "d",
"type": "field-start",
"subtype": "pr"}
,
{
"node": "l",
"frag": "<(gi-bi-il)>",
"id": "P271622.l2c4e4",
"ref": "P271622.84.2",
"inst": "%sux:gi-bi-il=",
"f": {"lang": "sux",
"form": "gi-bi-il"}
}
,
{
"node": "d",
"type": "field-end",
"subtype": "pr"}
,
{
"node": "d",
"type": "cell-end"}
,
{
"node": "d",
"type": "cell-start"}
,
{
"node": "d",
"type": "field-start",
"subtype": "sg"}
,
{
"node": "l",
"frag": "|GIŠ.ŠU₂.ZIB|",
"id": "P271622.l2c4e5",
"ref": "P271622.84.3",
"inst": "%sux:|GIŠ.ŠU₂.ZIB|=",
"f": {"lang": "sux",
"form": "|GIŠ.ŠU₂.ZIB|"}
}
,
{
"node": "d",
"type": "field-end",
"subtype": "sg"}
,
{
"node": "d",
"type": "cell-end"}
,
{
"node": "d",
"type": "cell-start"}
,
{
"node": "d",
"type": "field-start",
"subtype": "eq"}
,
{
"node": "l",
"frag": "[...]",
"id": "P271622.l2c4e6",
"ref": "P271622.84.4",
"inst": "%akk-x-mbperi:x=",
"f": {"lang": "akk-x-mbperi",
"form": "x"}
}
,
{
"node": "d",
"type": "field-end",
"subtype": "eq"}
,
{
"node": "d",
"type": "cell-end"}
,
{
"node": "d",
"type": "nonx",
"ref": "P271622.85",
"strict": "1",
"extent": "1",
"scope": "line",
"state": "ruling"}
,
{
"node": "d",
"type": "line-start",
"ref": "P271622.86",
"n": "14'",
"label": "r ii 14'"}
,
{
"node": "d",
"type": "cell-start"}
,
{
"node": "d",
"type": "field-start",
"subtype": "sv"}
,
{
"node": "l",
"frag": "ŋušur",
"id": "P271622.l2c4e7",
"ref": "P271622.86.1",
"inst": "%sux:ŋušur=",
"f": {"lang": "sux",
"form": "ŋušur"}
}
,
{
"node": "d",
"type": "field-end",
"subtype": "sv"}
,
{
"node": "d",
"type": "cell-end"}
,
{
"node": "d",
"type": "cell-start"}
,
{
"node": "d",
"type": "field-start",
"subtype": "pr"}
,
{
"node": "l",
"frag": "gu-šu-ur",
"id": "P271622.l2c4e8",
"ref": "P271622.86.2",
"inst": "%sux:gu-šu-ur=",
"f": {"lang": "sux",
"form": "gu-šu-ur"}
}
,
{
"node": "d",
"type": "field-end",
"subtype": "pr"}
,
{
"node": "d",
"type": "cell-end"}
,
{
"node": "d",
"type": "cell-start"}
,
{
"node": "d",
"type": "field-start",
"subtype": "sg"}
,
{
"node": "l",
"frag": "|[GIŠ.UR₃]|",
"id": "P271622.l2c4e9",
"ref": "P271622.86.3",
"inst": "%sux:|GIŠ.UR₃|=",
"f": {"lang": "sux",
"form": "|GIŠ.UR₃|"}
}
,
{
"node": "d",
"type": "field-end",
"subtype": "sg"}
,
{
"node": "d",
"type": "cell-end"}
,
{
"node": "d",
"type": "cell-start"}
,
{
"node": "d",
"type": "field-start",
"subtype": "eq"}
,
{
"node": "l",
"frag": "[...]",
"id": "P271622.l2c4ea",
"ref": "P271622.86.4",
"inst": "%akk-x-mbperi:x=",
"f": {"lang": "akk-x-mbperi",
"form": "x"}
}
,
{
"node": "d",
"type": "field-end",
"subtype": "eq"}
,
{
"node": "d",
"type": "cell-end"}
,
{
"node": "d",
"type": "nonx",
"ref": "P271622.87",
"strict": "1",
"extent": "rest",
"scope": "column",
"state": "missing"}
]}
]}
]}
]}
