{
"type": "cdl",
  "source": "http://oracc.org/dcclt",
  "license": "This data is released under the CC0 license",
  "license-url": "https://creativecommons.org/publicdomain/zero/1.0/",
  "more-info": "http://oracc.org/doc/opendata/",
  "UTC-timestamp": "2017-05-19T18:25:30",
"project": "dcclt",
"textid": "P271789",
"cdl": [
{
"node": "c",
"type": "text",
"id": "P271789.U0",
"cdl": [
{
"node": "d",
"subtype": "tablet",
"type": "object",
"ref": "P271789.x1473.1",
"type": "tablet",
"label": "x1473"}
,
{
"node": "d",
"subtype": "obverse",
"type": "surface",
"ref": "P271789.o.2",
"type": "obverse",
"label": "o"}
,
{
"node": "d",
"subtype": "column 1o '",
"type": "column",
"ref": "P271789.o.i_.3",
"n": "1",
"label": "o i'"}
,
{
"node": "d",
"type": "nonx",
"ref": "P271789.4",
"strict": "0",
"extent": "beginning",
"state": "missing"}
,
{
"node": "c",
"type": "discourse",
"subtype": "body",
"id": "P271789.U1",
"cdl": [
{
"node": "c",
"type": "sentence",
"id": "P271789.U2",
"label": "o i' 1' - o ii' 11'",
"cdl": [
{
"node": "d",
"type": "line-start",
"ref": "P271789.5",
"n": "1'",
"label": "o i' 1'"}
,
{
"node": "d",
"type": "cell-start"}
,
{
"node": "d",
"type": "field-start",
"subtype": "wp"}
,
{
"node": "l",
"frag": "[...]",
"id": "P271789.l378f1",
"ref": "P271789.5.1",
"inst": "u",
"f": {"lang": "sux",
"form": "x",
"pos": "u"}
}
,
{
"node": "d",
"type": "field-end",
"subtype": "wp"}
,
{
"node": "d",
"type": "cell-end"}
,
{
"node": "d",
"type": "cell-start"}
,
{
"node": "d",
"type": "field-start",
"subtype": "eq"}
,
{
"node": "l",
"frag": "[...]",
"id": "P271789.l378f2",
"ref": "P271789.5.2",
"inst": "u",
"f": {"lang": "akk-x-mbperi",
"form": "x",
"pos": "u"}
}
,
{
"node": "d",
"type": "field-end",
"subtype": "eq"}
,
{
"node": "d",
"type": "cell-end"}
,
{
"node": "d",
"type": "line-start",
"ref": "P271789.6",
"n": "2'",
"label": "o i' 2'"}
,
{
"node": "d",
"type": "cell-start"}
,
{
"node": "d",
"type": "field-start",
"subtype": "wp"}
,
{
"node": "l",
"frag": "[...]",
"id": "P271789.l378f3",
"ref": "P271789.6.1",
"inst": "u",
"f": {"lang": "sux",
"form": "x",
"pos": "u"}
}
,
{
"node": "d",
"type": "field-end",
"subtype": "wp"}
,
{
"node": "d",
"type": "cell-end"}
,
{
"node": "d",
"type": "cell-start"}
,
{
"node": "d",
"type": "field-start",
"subtype": "eq"}
,
{
"node": "l",
"frag": "[...]",
"id": "P271789.l378f4",
"ref": "P271789.6.2",
"inst": "u",
"f": {"lang": "akk-x-mbperi",
"form": "x",
"pos": "u"}
}
,
{
"node": "d",
"type": "field-end",
"subtype": "eq"}
,
{
"node": "d",
"type": "cell-end"}
,
{
"node": "d",
"type": "line-start",
"ref": "P271789.7",
"n": "3'",
"label": "o i' 3'"}
,
{
"node": "d",
"type": "cell-start"}
,
{
"node": "d",
"type": "field-start",
"subtype": "wp"}
,
{
"node": "l",
"frag": "[...]",
"id": "P271789.l378f5",
"ref": "P271789.7.1",
"inst": "u",
"f": {"lang": "sux",
"form": "x",
"pos": "u"}
}
,
{
"node": "d",
"type": "field-end",
"subtype": "wp"}
,
{
"node": "d",
"type": "cell-end"}
,
{
"node": "d",
"type": "cell-start"}
,
{
"node": "d",
"type": "field-start",
"subtype": "eq"}
,
{
"node": "l",
"frag": "[...]-⸢ra⸣-ti",
"id": "P271789.l378f6",
"ref": "P271789.7.2",
"inst": "u",
"f": {"lang": "akk-x-mbperi",
"form": "x-ra-ti",
"pos": "u"}
}
,
{
"node": "l",
"frag": "KID",
"id": "P271789.l378f7",
"ref": "P271789.7.3",
"inst": "X",
"f": {"lang": "akk-x-mbperi",
"form": "KID",
"pos": "X"}
}
,
{
"node": "l",
"frag": "MA₂",
"id": "P271789.l378f8",
"ref": "P271789.7.4",
"inst": "eleppi[ship]N",
"sig": "@dcclt%akk-x-mbperi:MA₂=eleppu[ship//ship]N'N$eleppi",
"f": {"lang": "akk-x-mbperi",
"form": "MA₂",
"cf": "eleppu",
"gw": "ship",
"sense": "ship",
"norm": "eleppi",
"pos": "N",
"epos": "N"}
}
,
{
"node": "d",
"type": "field-end",
"subtype": "eq"}
,
{
"node": "d",
"type": "cell-end"}
,
{
"node": "d",
"type": "nonx",
"ref": "P271789.8",
"strict": "1",
"extent": "1",
"scope": "line",
"state": "ruling"}
,
{
"node": "d",
"type": "line-start",
"ref": "P271789.9",
"n": "4'",
"label": "o i' 4'"}
,
{
"node": "d",
"type": "cell-start"}
,
{
"node": "d",
"type": "field-start",
"subtype": "wp"}
,
{
"node": "l",
"frag": "[...]",
"id": "P271789.l378f9",
"ref": "P271789.9.1",
"inst": "u",
"f": {"lang": "sux",
"form": "x",
"pos": "u"}
}
,
{
"node": "d",
"type": "field-end",
"subtype": "wp"}
,
{
"node": "d",
"type": "cell-end"}
,
{
"node": "d",
"type": "cell-start"}
,
{
"node": "d",
"type": "field-start",
"subtype": "eq"}
,
{
"node": "l",
"frag": "[pi₂-it]-⸢tu⸣-u",
"id": "P271789.l378fa",
"ref": "P271789.9.2",
"inst": "X",
"f": {"lang": "akk-x-mbperi",
"form": "pi₂-it-tu-u",
"pos": "X"}
}
,
{
"node": "d",
"type": "field-end",
"subtype": "eq"}
,
{
"node": "d",
"type": "cell-end"}
,
{
"node": "d",
"type": "line-start",
"ref": "P271789.10",
"n": "5'",
"label": "o i' 5'"}
,
{
"node": "d",
"type": "cell-start"}
,
{
"node": "d",
"type": "field-start",
"subtype": "wp"}
,
{
"node": "l",
"frag": "[...]",
"id": "P271789.l378fb",
"ref": "P271789.10.1",
"inst": "u",
"f": {"lang": "sux",
"form": "x",
"pos": "u"}
}
,
{
"node": "d",
"type": "field-end",
"subtype": "wp"}
,
{
"node": "d",
"type": "cell-end"}
,
{
"node": "d",
"type": "cell-start"}
,
{
"node": "d",
"type": "field-start",
"subtype": "eq"}
,
{
"node": "l",
"frag": "[...]",
"id": "P271789.l378fc",
"ref": "P271789.10.2",
"inst": "u",
"f": {"lang": "akk-x-mbperi",
"form": "x",
"pos": "u"}
}
,
{
"node": "d",
"type": "field-end",
"subtype": "eq"}
,
{
"node": "d",
"type": "cell-end"}
,
{
"node": "d",
"type": "line-start",
"ref": "P271789.11",
"n": "6'",
"label": "o i' 6'"}
,
{
"node": "d",
"type": "cell-start"}
,
{
"node": "d",
"type": "field-start",
"subtype": "wp"}
,
{
"node": "l",
"frag": "[...]",
"id": "P271789.l378fd",
"ref": "P271789.11.1",
"inst": "u",
"f": {"lang": "sux",
"form": "x",
"pos": "u"}
}
,
{
"node": "d",
"type": "field-end",
"subtype": "wp"}
,
{
"node": "d",
"type": "cell-end"}
,
{
"node": "d",
"type": "cell-start"}
,
{
"node": "d",
"type": "field-start",
"subtype": "eq"}
,
{
"node": "l",
"frag": "[...]",
"id": "P271789.l378fe",
"ref": "P271789.11.2",
"inst": "u",
"f": {"lang": "akk-x-mbperi",
"form": "x",
"pos": "u"}
}
,
{
"node": "d",
"type": "field-end",
"subtype": "eq"}
,
{
"node": "d",
"type": "cell-end"}
,
{
"node": "d",
"type": "nonx",
"ref": "P271789.12",
"strict": "0",
"extent": "rest",
"state": "missing"}
,
{
"node": "d",
"subtype": "column 2o '",
"type": "column",
"ref": "P271789.o.ii_.13",
"n": "2",
"label": "o ii'"}
,
{
"node": "d",
"type": "nonx",
"ref": "P271789.14",
"strict": "0",
"extent": "beginning",
"state": "missing"}
,
{
"node": "d",
"type": "line-start",
"ref": "P271789.15",
"n": "1'",
"label": "o ii' 1'"}
,
{
"node": "d",
"type": "cell-start"}
,
{
"node": "d",
"type": "field-start",
"subtype": "wp"}
,
{
"node": "l",
"frag": "[bun₂]",
"id": "P271789.l378ff",
"ref": "P271789.15.1",
"inst": "bun[bellows]",
"sig": "@dcclt%sux:bun₂=bun[bellows//bellows]N'N$bun/bun₂#~",
"f": {"lang": "sux",
"form": "bun₂",
"cf": "bun",
"gw": "bellows",
"sense": "bellows",
"norm0": "bun",
"pos": "N",
"epos": "N",
"base": "bun₂",
"morph": "~"}
}
,
{
"node": "d",
"type": "field-end",
"subtype": "wp"}
,
{
"node": "d",
"type": "cell-end"}
,
{
"node": "d",
"type": "cell-start"}
,
{
"node": "d",
"type": "field-start",
"subtype": "eq"}
,
{
"node": "d",
"frag": ":\"",
"type": "nonw",
"ref": "P271789.15.2",
"lang": "akk-x-mbperi",
"type": "punct",
"gdl_delim": " "}
,
{
"node": "l",
"frag": "⸢na⸣-ap-⸢pa⸣-[hu]",
"id": "P271789.l37900",
"ref": "P271789.15.3",
"inst": "nappahtu[bellows]N$nappahu",
"sig": "@dcclt%akk-x-mbperi:na-ap-pa-hu=nappahtu[bellows//bellows]N'N$nappahu",
"f": {"lang": "akk-x-mbperi",
"form": "na-ap-pa-hu",
"cf": "nappahtu",
"gw": "bellows",
"sense": "bellows",
"norm": "nappahu",
"pos": "N",
"epos": "N"}
}
,
{
"node": "d",
"type": "field-end",
"subtype": "eq"}
,
{
"node": "d",
"type": "cell-end"}
,
{
"node": "d",
"type": "line-start",
"ref": "P271789.16",
"n": "2'",
"label": "o ii' 2'"}
,
{
"node": "d",
"type": "cell-start"}
,
{
"node": "d",
"type": "field-start",
"subtype": "wp"}
,
{
"node": "l",
"frag": "[bun₂",
"id": "P271789.l37901",
"ref": "P271789.16.1",
"inst": "bun[bellows]N",
"sig": "@dcclt%sux:bun₂=bun[bellows//bellows]N'N$bun/bun₂#~",
"f": {"lang": "sux",
"form": "bun₂",
"cf": "bun",
"gw": "bellows",
"sense": "bellows",
"norm0": "bun",
"pos": "N",
"epos": "N",
"base": "bun₂",
"morph": "~"}
}
,
{
"node": "l",
"frag": "šu]",
"id": "P271789.l37902",
"ref": "P271789.16.2",
"inst": "šu[hand]N",
"sig": "@dcclt%sux:šu=šu[hand//hand]N'N$šu/šu#~",
"f": {"lang": "sux",
"form": "šu",
"cf": "šu",
"gw": "hand",
"sense": "hand",
"norm0": "šu",
"pos": "N",
"epos": "N",
"base": "šu",
"morph": "~"}
}
,
{
"node": "d",
"type": "field-end",
"subtype": "wp"}
,
{
"node": "d",
"type": "cell-end"}
,
{
"node": "d",
"type": "cell-start"}
,
{
"node": "d",
"type": "field-start",
"subtype": "eq"}
,
{
"node": "d",
"frag": ":\"",
"type": "nonw",
"ref": "P271789.16.3",
"lang": "akk-x-mbperi",
"type": "punct",
"gdl_delim": " "}
,
{
"node": "l",
"frag": "nap-pa-ah",
"id": "P271789.l37903",
"ref": "P271789.16.4",
"inst": "nappahtu[bellows]N$nappah",
"sig": "@dcclt%akk-x-mbperi:nap-pa-ah=nappahtu[bellows//bellows]N'N$nappah",
"f": {"lang": "akk-x-mbperi",
"form": "nap-pa-ah",
"cf": "nappahtu",
"gw": "bellows",
"sense": "bellows",
"norm": "nappah",
"pos": "N",
"epos": "N"}
}
,
{
"node": "l",
"frag": "[ŠU]",
"id": "P271789.l37904",
"ref": "P271789.16.5",
"inst": "qāti[hand]N",
"sig": "@dcclt%akk-x-mbperi:ŠU=qātu[hand//hand]N'N$qāti",
"f": {"lang": "akk-x-mbperi",
"form": "ŠU",
"cf": "qātu",
"gw": "hand",
"sense": "hand",
"norm": "qāti",
"pos": "N",
"epos": "N"}
}
,
{
"node": "d",
"type": "field-end",
"subtype": "eq"}
,
{
"node": "d",
"type": "cell-end"}
,
{
"node": "d",
"type": "line-start",
"ref": "P271789.17",
"n": "3'",
"label": "o ii' 3'"}
,
{
"node": "d",
"type": "cell-start"}
,
{
"node": "d",
"type": "field-start",
"subtype": "wp"}
,
{
"node": "l",
"frag": "[bun₂]",
"id": "P271789.l37905",
"ref": "P271789.17.1",
"inst": "bun[bellows]N",
"sig": "@dcclt%sux:bun₂=bun[bellows//bellows]N'N$bun/bun₂#~",
"f": {"lang": "sux",
"form": "bun₂",
"cf": "bun",
"gw": "bellows",
"sense": "bellows",
"norm0": "bun",
"pos": "N",
"epos": "N",
"base": "bun₂",
"morph": "~"}
}
,
{
"node": "l",
"frag": "⸢ŋiri₃⸣",
"id": "P271789.l37906",
"ref": "P271789.17.2",
"inst": "ŋiri[foot]N",
"sig": "@dcclt%sux:ŋiri₃=ŋiri[foot//foot]N'N$ŋiri/ŋiri₃#~",
"f": {"lang": "sux",
"form": "ŋiri₃",
"cf": "ŋiri",
"gw": "foot",
"sense": "foot",
"norm0": "ŋiri",
"pos": "N",
"epos": "N",
"base": "ŋiri₃",
"morph": "~"}
}
,
{
"node": "d",
"type": "field-end",
"subtype": "wp"}
,
{
"node": "d",
"type": "cell-end"}
,
{
"node": "d",
"type": "cell-start"}
,
{
"node": "d",
"type": "field-start",
"subtype": "eq"}
,
{
"node": "d",
"frag": ":\"",
"type": "nonw",
"ref": "P271789.17.3",
"lang": "akk-x-mbperi",
"type": "punct",
"gdl_delim": " "}
,
{
"node": "d",
"type": "nonw",
"ref": "P271789.17.4",
"lang": "akk-x-mbperi",
"type": "surro"}
,
{
"node": "l",
"id": "P271789.l37907",
"ref": "P271789.17.5",
"inst": "nappah[bellows]N",
"sig": "@dcclt%akk-x-mbperi:nap-pa-ah=nappahtu[bellows//bellows]N'N$nappah",
"f": {"lang": "akk-x-mbperi",
"form": "nap-pa-ah",
"cf": "nappahtu",
"gw": "bellows",
"sense": "bellows",
"norm": "nappah",
"pos": "N",
"epos": "N"}
}
,
{
"node": "l",
"frag": "GIR₃",
"id": "P271789.l37908",
"ref": "P271789.17.6",
"inst": "šēpi[foot]N",
"sig": "@dcclt%akk-x-mbperi:GIR₃=šēpu[foot//foot]N'N$šēpi",
"f": {"lang": "akk-x-mbperi",
"form": "GIR₃",
"cf": "šēpu",
"gw": "foot",
"sense": "foot",
"norm": "šēpi",
"pos": "N",
"epos": "N"}
}
,
{
"node": "d",
"type": "field-end",
"subtype": "eq"}
,
{
"node": "d",
"type": "cell-end"}
,
{
"node": "d",
"type": "nonx",
"ref": "P271789.18",
"strict": "1",
"extent": "1",
"scope": "line",
"state": "ruling"}
,
{
"node": "d",
"type": "line-start",
"ref": "P271789.19",
"n": "4'",
"label": "o ii' 4'"}
,
{
"node": "d",
"type": "cell-start"}
,
{
"node": "d",
"type": "field-start",
"subtype": "wp"}
,
{
"node": "l",
"frag": "ul",
"id": "P271789.l37909",
"ref": "P271789.19.1",
"inst": "u",
"f": {"lang": "sux",
"form": "ul",
"pos": "u"}
}
,
{
"node": "d",
"type": "field-end",
"subtype": "wp"}
,
{
"node": "d",
"type": "cell-end"}
,
{
"node": "d",
"type": "cell-start"}
,
{
"node": "d",
"type": "field-start",
"subtype": "eq"}
,
{
"node": "d",
"frag": ":\"",
"type": "nonw",
"ref": "P271789.19.2",
"lang": "akk-x-mbperi",
"type": "punct",
"gdl_delim": " "}
,
{
"node": "l",
"frag": "ha-mu",
"id": "P271789.l3790a",
"ref": "P271789.19.3",
"inst": "hāmū[chaff//rubbish]N'N$hāmū",
"sig": "@dcclt%akk-x-mbperi:ha-mu=hāmū[chaff//rubbish]N'N$hāmū",
"f": {"lang": "akk-x-mbperi",
"form": "ha-mu",
"cf": "hāmū",
"gw": "chaff",
"sense": "rubbish",
"norm": "hāmū",
"pos": "N",
"epos": "N"}
}
,
{
"node": "d",
"type": "field-end",
"subtype": "eq"}
,
{
"node": "d",
"type": "cell-end"}
,
{
"node": "d",
"type": "line-start",
"ref": "P271789.20",
"n": "5'",
"label": "o ii' 5'"}
,
{
"node": "d",
"type": "cell-start"}
,
{
"node": "d",
"type": "field-start",
"subtype": "wp"}
,
{
"node": "l",
"frag": "gan",
"id": "P271789.l3790b",
"ref": "P271789.20.1",
"inst": "gigan[twig]N/gan#~",
"sig": "@dcclt%sux:gan=gigan[twig//twig]N'N$gigan/gan#~",
"f": {"lang": "sux",
"form": "gan",
"cf": "gigan",
"gw": "twig",
"sense": "twig",
"norm0": "gigan",
"pos": "N",
"epos": "N",
"base": "gan",
"morph": "~"}
}
,
{
"node": "d",
"type": "field-end",
"subtype": "wp"}
,
{
"node": "d",
"type": "cell-end"}
,
{
"node": "d",
"type": "cell-start"}
,
{
"node": "d",
"type": "field-start",
"subtype": "eq"}
,
{
"node": "d",
"frag": ":\"",
"type": "nonw",
"ref": "P271789.20.2",
"lang": "akk-x-mbperi",
"type": "punct",
"gdl_delim": " "}
,
{
"node": "l",
"frag": "hu-ṣa-bu",
"id": "P271789.l3790c",
"ref": "P271789.20.3",
"inst": "huṣābu[twig]N",
"sig": "@dcclt%akk-x-mbperi:hu-ṣa-bu=huṣābu[twig//twig]N'N$huṣābu",
"f": {"lang": "akk-x-mbperi",
"form": "hu-ṣa-bu",
"cf": "huṣābu",
"gw": "twig",
"sense": "twig",
"norm": "huṣābu",
"pos": "N",
"epos": "N"}
}
,
{
"node": "d",
"type": "field-end",
"subtype": "eq"}
,
{
"node": "d",
"type": "cell-end"}
,
{
"node": "d",
"type": "line-start",
"ref": "P271789.21",
"n": "6'",
"label": "o ii' 6'"}
,
{
"node": "d",
"type": "cell-start"}
,
{
"node": "d",
"type": "field-start",
"subtype": "wp"}
,
{
"node": "l",
"frag": "an-bar",
"id": "P271789.l3790d",
"ref": "P271789.21.1",
"inst": "enbar[reed]N/an-bar#~",
"sig": "@dcclt%sux:an-bar=enbar[reed//reed]N'N$enbar/an-bar#~",
"f": {"lang": "sux",
"form": "an-bar",
"cf": "enbar",
"gw": "reed",
"sense": "reed",
"norm0": "enbar",
"pos": "N",
"epos": "N",
"base": "an-bar",
"morph": "~"}
}
,
{
"node": "d",
"type": "field-end",
"subtype": "wp"}
,
{
"node": "d",
"type": "cell-end"}
,
{
"node": "d",
"type": "cell-start"}
,
{
"node": "d",
"type": "field-start",
"subtype": "eq"}
,
{
"node": "d",
"frag": ":\"",
"type": "nonw",
"ref": "P271789.21.2",
"lang": "akk-x-mbperi",
"type": "punct",
"gdl_delim": " "}
,
{
"node": "l",
"frag": "qu-li-ip-[tu]",
"id": "P271789.l3790e",
"ref": "P271789.21.3",
"inst": "quliptu[skin of scales//cortex of reed]N'N$",
"sig": "@dcclt%akk-x-mbperi:qu-li-ip-tu=quliptu[skin of scales//cortex of reed]N'N$quliptu",
"f": {"lang": "akk-x-mbperi",
"form": "qu-li-ip-tu",
"cf": "quliptu",
"gw": "skin of scales",
"sense": "cortex of reed",
"norm": "quliptu",
"pos": "N",
"epos": "N"}
}
,
{
"node": "d",
"type": "field-end",
"subtype": "eq"}
,
{
"node": "d",
"type": "cell-end"}
,
{
"node": "d",
"type": "line-start",
"ref": "P271789.22",
"n": "7'",
"label": "o ii' 7'"}
,
{
"node": "d",
"type": "cell-start"}
,
{
"node": "d",
"type": "field-start",
"subtype": "wp"}
,
{
"node": "l",
"frag": "NE",
"id": "P271789.l3790f",
"ref": "P271789.22.1",
"inst": "NE[a designation of reeds]AJ",
"sig": "@dcclt%sux:NE=NE[~reed//a designation of reeds]AJ'AJ$NE/NE#~",
"f": {"lang": "sux",
"form": "NE",
"cf": "NE",
"gw": "~reed",
"sense": "a designation of reeds",
"norm0": "NE",
"pos": "AJ",
"epos": "AJ",
"base": "NE",
"morph": "~"}
}
,
{
"node": "d",
"type": "field-end",
"subtype": "wp"}
,
{
"node": "d",
"type": "cell-end"}
,
{
"node": "d",
"type": "cell-start"}
,
{
"node": "d",
"type": "field-start",
"subtype": "eq"}
,
{
"node": "d",
"frag": ":\"",
"type": "nonw",
"ref": "P271789.22.2",
"lang": "akk-x-mbperi",
"type": "punct",
"gdl_delim": " "}
,
{
"node": "l",
"frag": "lu-ṭu-u",
"id": "P271789.l37910",
"ref": "P271789.22.3",
"inst": "luṭû[(a dagger)//(sharp part of a reed)]N'N$",
"sig": "@dcclt%akk-x-mbperi:lu-ṭu-u=luṭû[(a dagger)//(sharp part of a reed)]N'N$luṭû",
"f": {"lang": "akk-x-mbperi",
"form": "lu-ṭu-u",
"cf": "luṭû",
"gw": "(a dagger)",
"sense": "(sharp part of a reed)",
"norm": "luṭû",
"pos": "N",
"epos": "N"}
}
,
{
"node": "d",
"type": "field-end",
"subtype": "eq"}
,
{
"node": "d",
"type": "cell-end"}
,
{
"node": "d",
"type": "line-start",
"ref": "P271789.23",
"n": "8'",
"label": "o ii' 8'"}
,
{
"node": "d",
"type": "cell-start"}
,
{
"node": "d",
"type": "field-start",
"subtype": "wp"}
,
{
"node": "l",
"frag": "NE",
"id": "P271789.l37911",
"ref": "P271789.23.1",
"inst": "NE[a designation of reeds]AJ",
"sig": "@dcclt%sux:NE=NE[~reed//a designation of reeds]AJ'AJ$NE/NE#~",
"f": {"lang": "sux",
"form": "NE",
"cf": "NE",
"gw": "~reed",
"sense": "a designation of reeds",
"norm0": "NE",
"pos": "AJ",
"epos": "AJ",
"base": "NE",
"morph": "~"}
}
,
{
"node": "d",
"type": "field-end",
"subtype": "wp"}
,
{
"node": "d",
"type": "cell-end"}
,
{
"node": "d",
"type": "cell-start"}
,
{
"node": "d",
"type": "field-start",
"subtype": "eq"}
,
{
"node": "d",
"frag": ":\"",
"type": "nonw",
"ref": "P271789.23.2",
"lang": "akk-x-mbperi",
"type": "punct",
"gdl_delim": " "}
,
{
"node": "l",
"frag": "ta-aš-šu",
"id": "P271789.l37912",
"ref": "P271789.23.3",
"inst": "X",
"f": {"lang": "akk-x-mbperi",
"form": "ta-aš-šu",
"pos": "X"}
}
,
{
"node": "d",
"type": "field-end",
"subtype": "eq"}
,
{
"node": "d",
"type": "cell-end"}
,
{
"node": "d",
"type": "cell-start"}
,
{
"node": "d",
"type": "field-start",
"subtype": "eq"}
,
{
"node": "d",
"frag": ":\"",
"type": "nonw",
"ref": "P271789.23.4",
"lang": "akk-x-mbperi",
"type": "punct",
"gdl_delim": " "}
,
{
"node": "l",
"frag": "[...]",
"id": "P271789.l37913",
"ref": "P271789.23.5",
"inst": "u",
"f": {"lang": "akk-x-mbperi",
"form": "x",
"pos": "u"}
}
,
{
"node": "d",
"type": "field-end",
"subtype": "eq"}
,
{
"node": "d",
"type": "cell-end"}
,
{
"node": "d",
"type": "line-start",
"ref": "P271789.24",
"n": "9'",
"label": "o ii' 9'"}
,
{
"node": "d",
"type": "cell-start"}
,
{
"node": "d",
"type": "field-start",
"subtype": "wp"}
,
{
"node": "l",
"frag": "šu-uš-saga₁₁",
"id": "P271789.l37914",
"ref": "P271789.24.1",
"inst": "usaga[bundle]N/šu-uš-saga₁₁#~",
"sig": "@dcclt%sux:šu-uš-saga₁₁=usaga[bundle//bundle]N'N$usaga/šu-uš-saga₁₁#~",
"f": {"lang": "sux",
"form": "šu-uš-saga₁₁",
"cf": "usaga",
"gw": "bundle",
"sense": "bundle",
"norm0": "usaga",
"pos": "N",
"epos": "N",
"base": "šu-uš-saga₁₁",
"morph": "~"}
}
,
{
"node": "d",
"type": "field-end",
"subtype": "wp"}
,
{
"node": "d",
"type": "cell-end"}
,
{
"node": "d",
"type": "cell-start"}
,
{
"node": "d",
"type": "field-start",
"subtype": "eq"}
,
{
"node": "d",
"frag": ":\"",
"type": "nonw",
"ref": "P271789.24.2",
"lang": "akk-x-mbperi",
"type": "punct",
"gdl_delim": " "}
,
{
"node": "l",
"frag": "šu-ru",
"id": "P271789.l37915",
"ref": "P271789.24.3",
"inst": "šūru[(a type of) ditch//reed bundle for reinforcement]N'N$",
"sig": "@dcclt%akk-x-mbperi:šu-ru=šūru[(a type of) ditch//reed bundle for reinforcement]N'N$šūru",
"f": {"lang": "akk-x-mbperi",
"form": "šu-ru",
"cf": "šūru",
"gw": "(a type of) ditch",
"sense": "reed bundle for reinforcement",
"norm": "šūru",
"pos": "N",
"epos": "N"}
}
,
{
"node": "d",
"type": "nonw",
"ref": ""}
,
{
"node": "d",
"type": "field-end",
"subtype": "eq"}
,
{
"node": "d",
"type": "cell-end"}
,
{
"node": "d",
"type": "line-start",
"ref": "P271789.25",
"n": "10'",
"label": "o ii' 10'"}
,
{
"node": "d",
"type": "cell-start"}
,
{
"node": "d",
"type": "field-start",
"subtype": "wp"}
,
{
"node": "l",
"frag": "šu-uš-saga₁₁",
"id": "P271789.l37916",
"ref": "P271789.25.1",
"inst": "usaga[bundle]",
"sig": "@dcclt%sux:šu-uš-saga₁₁=usaga[bundle//bundle]N'N$usaga/šu-uš-saga₁₁#~",
"f": {"lang": "sux",
"form": "šu-uš-saga₁₁",
"cf": "usaga",
"gw": "bundle",
"sense": "bundle",
"norm0": "usaga",
"pos": "N",
"epos": "N",
"base": "šu-uš-saga₁₁",
"morph": "~"}
}
,
{
"node": "d",
"type": "field-end",
"subtype": "wp"}
,
{
"node": "d",
"type": "cell-end"}
,
{
"node": "d",
"type": "cell-start"}
,
{
"node": "d",
"type": "field-start",
"subtype": "eq"}
,
{
"node": "d",
"frag": ":\"",
"type": "nonw",
"ref": "P271789.25.2",
"lang": "akk-x-mbperi",
"type": "punct",
"gdl_delim": " "}
,
{
"node": "l",
"frag": "hi-im-⸢ma⸣-[tu]",
"id": "P271789.l37917",
"ref": "P271789.25.3",
"inst": "himmatu[collected materials//rubbish]N'N$",
"sig": "@dcclt%akk-x-mbperi:hi-im-ma-tu=himmatu[collected materials//rubbish]N'N$himmatu",
"f": {"lang": "akk-x-mbperi",
"form": "hi-im-ma-tu",
"cf": "himmatu",
"gw": "collected materials",
"sense": "rubbish",
"norm": "himmatu",
"pos": "N",
"epos": "N"}
}
,
{
"node": "d",
"type": "field-end",
"subtype": "eq"}
,
{
"node": "d",
"type": "cell-end"}
,
{
"node": "d",
"type": "line-start",
"ref": "P271789.26",
"n": "11'",
"label": "o ii' 11'"}
,
{
"node": "d",
"type": "cell-start"}
,
{
"node": "d",
"type": "field-start",
"subtype": "wp"}
,
{
"node": "l",
"frag": "ub-⸢zal⸣",
"id": "P271789.l37918",
"ref": "P271789.26.1",
"inst": "ubzal[reeds]N/ub-zal#~",
"sig": "@dcclt%sux:ub-zal=ubzal[reeds//reeds]N'N$ubzal/ub-zal#~",
"f": {"lang": "sux",
"form": "ub-zal",
"cf": "ubzal",
"gw": "reeds",
"sense": "reeds",
"norm0": "ubzal",
"pos": "N",
"epos": "N",
"base": "ub-zal",
"morph": "~"}
}
,
{
"node": "d",
"type": "field-end",
"subtype": "wp"}
,
{
"node": "d",
"type": "cell-end"}
,
{
"node": "d",
"type": "cell-start"}
,
{
"node": "d",
"type": "field-start",
"subtype": "eq"}
,
{
"node": "d",
"frag": ":\"",
"type": "nonw",
"ref": "P271789.26.2",
"lang": "akk-x-mbperi",
"type": "punct",
"gdl_delim": " "}
,
{
"node": "l",
"frag": "⸢tu₃⸣-[bu-uq-tu]",
"id": "P271789.l37919",
"ref": "P271789.26.3",
"inst": "tubuqtu[corner]N$",
"sig": "@dcclt%akk-x-mbperi:tu₃-bu-uq-tu=tubuqtu[corner//corner]N'N$tubuqtu",
"f": {"lang": "akk-x-mbperi",
"form": "tu₃-bu-uq-tu",
"cf": "tubuqtu",
"gw": "corner",
"sense": "corner",
"norm": "tubuqtu",
"pos": "N",
"epos": "N"}
}
,
{
"node": "d",
"type": "field-end",
"subtype": "eq"}
,
{
"node": "d",
"type": "cell-end"}
,
{
"node": "d",
"type": "nonx",
"ref": "P271789.27",
"strict": "0",
"extent": "rest",
"state": "missing"}
,
{
"node": "d",
"subtype": "reverse",
"type": "surface",
"ref": "P271789.r.28",
"type": "reverse",
"label": "r"}
,
{
"node": "d",
"type": "nonx",
"ref": "P271789.29",
"strict": "1",
"extent": "n",
"scope": "line",
"state": "missing"}
]}
]}
]}
]}
