{
"type": "cdl",
  "source": "http://oracc.org/dcclt",
  "license": "This data is released under the CC0 license",
  "license-url": "https://creativecommons.org/publicdomain/zero/1.0/",
  "more-info": "http://oracc.org/doc/opendata/",
  "UTC-timestamp": "2017-05-19T18:25:36",
"project": "dcclt",
"textid": "P273812",
"cdl": [
{
"node": "c",
"type": "text",
"id": "P273812.U0",
"cdl": [
{
"node": "d",
"type": "object",
"ref": ""}
,
{
"node": "d",
"subtype": "obverse",
"type": "surface",
"ref": "P273812.o.1",
"type": "obverse",
"label": "o"}
,
{
"node": "c",
"type": "discourse",
"subtype": "body",
"id": "P273812.U1",
"cdl": [
{
"node": "c",
"type": "sentence",
"id": "P273812.U2",
"label": "o 1 - o 3",
"cdl": [
{
"node": "d",
"type": "line-start",
"ref": "P273812.2",
"n": "1",
"label": "o 1"}
,
{
"node": "l",
"frag": "lu₂",
"id": "P273812.l10877",
"ref": "P273812.2.1",
"inst": "lu[person]",
"sig": "@dcclt%sux:lu₂=lu[person//person]N'N$lu/lu₂#~",
"f": {"lang": "sux",
"form": "lu₂",
"cf": "lu",
"gw": "person",
"sense": "person",
"norm0": "lu",
"pos": "N",
"epos": "N",
"base": "lu₂",
"morph": "~"}
}
,
{
"node": "d",
"type": "line-start",
"ref": "P273812.3",
"n": "2",
"label": "o 2"}
,
{
"node": "l",
"frag": "lugal",
"id": "P273812.l10878",
"ref": "P273812.3.1",
"inst": "lugal[king]",
"sig": "@dcclt%sux:lugal=lugal[king//king]N'N$lugal/lugal#~",
"f": {"lang": "sux",
"form": "lugal",
"cf": "lugal",
"gw": "king",
"sense": "king",
"norm0": "lugal",
"pos": "N",
"epos": "N",
"base": "lugal",
"morph": "~"}
}
,
{
"node": "d",
"type": "line-start",
"ref": "P273812.4",
"n": "3",
"label": "o 3"}
,
{
"node": "l",
"frag": "dumu",
"id": "P273812.l10879",
"ref": "P273812.4.1",
"inst": "dumu[child]",
"sig": "@dcclt%sux:dumu=dumu[child//child]N'N$dumu/dumu#~",
"f": {"lang": "sux",
"form": "dumu",
"cf": "dumu",
"gw": "child",
"sense": "child",
"norm0": "dumu",
"pos": "N",
"epos": "N",
"base": "dumu",
"morph": "~"}
}
,
{
"node": "l",
"frag": "lugal",
"id": "P273812.l1087a",
"ref": "P273812.4.2",
"inst": "lugal[king]",
"sig": "@dcclt%sux:lugal=lugal[king//king]N'N$lugal/lugal#~",
"f": {"lang": "sux",
"form": "lugal",
"cf": "lugal",
"gw": "king",
"sense": "king",
"norm0": "lugal",
"pos": "N",
"epos": "N",
"base": "lugal",
"morph": "~"}
}
]}
]}
]}
]}
