{
"type": "cdl",
  "source": "http://oracc.org/dcclt",
  "license": "This data is released under the CC0 license",
  "license-url": "https://creativecommons.org/publicdomain/zero/1.0/",
  "more-info": "http://oracc.org/doc/opendata/",
  "UTC-timestamp": "2017-05-19T18:25:39",
"project": "dcclt",
"textid": "P274518",
"cdl": [
{
"node": "c",
"type": "text",
"id": "P274518.U0",
"cdl": [
{
"node": "d",
"subtype": "tablet",
"type": "object",
"ref": "P274518.x1717.1",
"type": "tablet",
"label": "x1717"}
,
{
"node": "d",
"type": "surface",
"ref": ""}
,
{
"node": "d",
"type": "nonx",
"ref": "P274518.2",
"strict": "0",
"extent": "beginning",
"state": "missing"}
,
{
"node": "c",
"type": "discourse",
"subtype": "body",
"id": "P274518.U1",
"cdl": [
{
"node": "c",
"type": "sentence",
"id": "P274518.U2",
"label": "1' - 19'",
"cdl": [
{
"node": "d",
"type": "line-start",
"ref": "P274518.3",
"n": "1'",
"label": "1'"}
,
{
"node": "d",
"type": "cell-start"}
,
{
"node": "d",
"type": "field-start",
"subtype": "sv"}
,
{
"node": "d",
"type": "field-end",
"subtype": "sv"}
,
{
"node": "d",
"type": "cell-end"}
,
{
"node": "d",
"type": "cell-start"}
,
{
"node": "d",
"type": "field-start",
"subtype": "pr"}
,
{
"node": "d",
"type": "field-end",
"subtype": "pr"}
,
{
"node": "d",
"type": "cell-end"}
,
{
"node": "d",
"type": "cell-start"}
,
{
"node": "d",
"type": "field-start",
"subtype": "sg"}
,
{
"node": "l",
"frag": "[...]",
"id": "P274518.l40c88",
"ref": "P274518.3.1",
"inst": "%sux:x=",
"f": {"lang": "sux",
"form": "x"}
}
,
{
"node": "d",
"type": "field-end",
"subtype": "sg"}
,
{
"node": "d",
"type": "cell-end"}
,
{
"node": "d",
"type": "cell-start"}
,
{
"node": "d",
"type": "field-start",
"subtype": "sn"}
,
{
"node": "l",
"frag": "ga-[...]",
"id": "P274518.l40c89",
"ref": "P274518.3.2",
"inst": "u",
"f": {"lang": "akk",
"form": "ga-x",
"pos": "u"}
}
,
{
"node": "d",
"type": "field-end",
"subtype": "sn"}
,
{
"node": "d",
"type": "cell-end"}
,
{
"node": "d",
"type": "cell-start"}
,
{
"node": "d",
"type": "field-start",
"subtype": "eq"}
,
{
"node": "l",
"frag": "[...]",
"id": "P274518.l40c8a",
"ref": "P274518.3.3",
"inst": "u",
"f": {"lang": "akk",
"form": "x",
"pos": "u"}
}
,
{
"node": "d",
"type": "field-end",
"subtype": "eq"}
,
{
"node": "d",
"type": "cell-end"}
,
{
"node": "d",
"type": "line-start",
"ref": "P274518.4",
"n": "2'",
"label": "2'"}
,
{
"node": "d",
"type": "cell-start"}
,
{
"node": "d",
"type": "field-start",
"subtype": "sv"}
,
{
"node": "d",
"type": "field-end",
"subtype": "sv"}
,
{
"node": "d",
"type": "cell-end"}
,
{
"node": "d",
"type": "cell-start"}
,
{
"node": "d",
"type": "field-start",
"subtype": "pr"}
,
{
"node": "d",
"type": "field-end",
"subtype": "pr"}
,
{
"node": "d",
"type": "cell-end"}
,
{
"node": "d",
"type": "cell-start"}
,
{
"node": "d",
"type": "field-start",
"subtype": "sg"}
,
{
"node": "l",
"frag": "|[GA.X.X].NE|",
"id": "P274518.l40c8b",
"ref": "P274518.4.1",
"inst": "%sux:|GA.X.X.NE|=",
"f": {"lang": "sux",
"form": "|GA.X.X.NE|"}
}
,
{
"node": "d",
"type": "field-end",
"subtype": "sg"}
,
{
"node": "d",
"type": "cell-end"}
,
{
"node": "d",
"type": "cell-start"}
,
{
"node": "d",
"type": "field-start",
"subtype": "sn"}
,
{
"node": "l",
"frag": "ga",
"id": "P274518.l40c8c",
"ref": "P274518.4.2",
"inst": "ga[the sign GA]N",
"sig": "@dcclt%akk:ga=gagû[the sign GA//the sign GA]N'N$ga",
"f": {"lang": "akk",
"form": "ga",
"cf": "gagû",
"gw": "the sign GA",
"sense": "the sign GA",
"norm": "ga",
"pos": "N",
"epos": "N"}
}
,
{
"node": "l",
"frag": "raš",
"id": "P274518.l40c8d",
"ref": "P274518.4.3",
"inst": "+raš[the sign KASKAL]N$",
"sig": "@dcclt%akk:raš=raš[the sign KASKAL//the sign KASKAL]N'N$raš",
"f": {"lang": "akk",
"form": "raš",
"cf": "raš",
"gw": "the sign KASKAL",
"sense": "the sign KASKAL",
"norm": "raš",
"pos": "N",
"epos": "N"}
}
,
{
"node": "l",
"frag": "kal",
"id": "P274518.l40c8e",
"ref": "P274518.4.4",
"inst": "+kal[the sign KAL]N$",
"sig": "@dcclt%akk:kal=kal[the sign KAL//the sign KAL]N'N$kal",
"f": {"lang": "akk",
"form": "kal",
"cf": "kal",
"gw": "the sign KAL",
"sense": "the sign KAL",
"norm": "kal",
"pos": "N",
"epos": "N"}
}
,
{
"node": "l",
"frag": "i-⸢za-ku⸣",
"id": "P274518.l40c8f",
"ref": "P274518.4.5",
"inst": "+izû[the sign NE]N$izakku",
"sig": "@dcclt%akk:i-za-ku=izû[the sign NE//the sign NE]N'N$izakku",
"f": {"lang": "akk",
"form": "i-za-ku",
"cf": "izû",
"gw": "the sign NE",
"sense": "the sign NE",
"norm": "izakku",
"pos": "N",
"epos": "N"}
}
,
{
"node": "d",
"type": "field-end",
"subtype": "sn"}
,
{
"node": "d",
"type": "cell-end"}
,
{
"node": "d",
"type": "cell-start"}
,
{
"node": "d",
"type": "field-start",
"subtype": "eq"}
,
{
"node": "l",
"frag": "[...]",
"id": "P274518.l40c90",
"ref": "P274518.4.6",
"inst": "u",
"f": {"lang": "akk",
"form": "x",
"pos": "u"}
}
,
{
"node": "d",
"type": "field-end",
"subtype": "eq"}
,
{
"node": "d",
"type": "cell-end"}
,
{
"node": "d",
"type": "line-start",
"ref": "P274518.5",
"n": "3'",
"label": "3'"}
,
{
"node": "d",
"type": "cell-start"}
,
{
"node": "d",
"type": "field-start",
"subtype": "sv"}
,
{
"node": "d",
"type": "field-end",
"subtype": "sv"}
,
{
"node": "d",
"type": "cell-end"}
,
{
"node": "d",
"type": "cell-start"}
,
{
"node": "d",
"type": "field-start",
"subtype": "pr"}
,
{
"node": "d",
"type": "field-end",
"subtype": "pr"}
,
{
"node": "d",
"type": "cell-end"}
,
{
"node": "d",
"type": "cell-start"}
,
{
"node": "d",
"type": "field-start",
"subtype": "sg"}
,
{
"node": "l",
"frag": "|GA.KA×GU.SAR|",
"id": "P274518.l40c91",
"ref": "P274518.5.1",
"inst": "%sux:|GA.KA×GU.SAR|=",
"f": {"lang": "sux",
"form": "|GA.KA×GU.SAR|"}
}
,
{
"node": "d",
"type": "field-end",
"subtype": "sg"}
,
{
"node": "d",
"type": "cell-end"}
,
{
"node": "d",
"type": "cell-start"}
,
{
"node": "d",
"type": "field-start",
"subtype": "sn"}
,
{
"node": "l",
"frag": "ga",
"id": "P274518.l40c92",
"ref": "P274518.5.2",
"inst": "ga[the sign GA]N",
"sig": "@dcclt%akk:ga=gagû[the sign GA//the sign GA]N'N$ga",
"f": {"lang": "akk",
"form": "ga",
"cf": "gagû",
"gw": "the sign GA",
"sense": "the sign GA",
"norm": "ga",
"pos": "N",
"epos": "N"}
}
,
{
"node": "l",
"frag": "ša₂",
"id": "P274518.l40c93",
"ref": "P274518.5.3",
"inst": "ša[of]DET",
"sig": "@dcclt%akk:ša₂=ša[of//of]DET'DET$ša",
"f": {"lang": "akk",
"form": "ša₂",
"cf": "ša",
"gw": "of",
"sense": "of",
"norm": "ša",
"pos": "DET",
"epos": "DET"}
}
,
{
"node": "l",
"frag": "ka-ka-ku",
"id": "P274518.l40c94",
"ref": "P274518.5.4",
"inst": "+kāgu[the sign KA]N$kakakku",
"sig": "@dcclt%akk:ka-ka-ku=kāgu[the sign KA//the sign KA]N'N$kakakku",
"f": {"lang": "akk",
"form": "ka-ka-ku",
"cf": "kāgu",
"gw": "the sign KA",
"sense": "the sign KA",
"norm": "kakakku",
"pos": "N",
"epos": "N"}
}
,
{
"node": "l",
"frag": "gu-⸢ga⸣",
"id": "P274518.l40c95",
"ref": "P274518.5.5",
"inst": "gugâ[the sign GU]N",
"sig": "@dcclt%akk:gu-ga=gugû[the sign GU//the sign GU]N'N$gugâ",
"f": {"lang": "akk",
"form": "gu-ga",
"cf": "gugû",
"gw": "the sign GU",
"sense": "the sign GU",
"norm": "gugâ",
"pos": "N",
"epos": "N"}
}
,
{
"node": "l",
"frag": "i-gub",
"id": "P274518.l40c96",
"ref": "P274518.5.6",
"inst": "igub[inscribed sign]AJ",
"sig": "@dcclt%akk:i-gub=igub[inscribed sign//inscribed sign]AJ'AJ$igub",
"f": {"lang": "akk",
"form": "i-gub",
"cf": "igub",
"gw": "inscribed sign",
"sense": "inscribed sign",
"norm": "igub",
"pos": "AJ",
"epos": "AJ"}
}
,
{
"node": "l",
"frag": "ni-si-gu-u",
"id": "P274518.l40c97",
"ref": "P274518.5.7",
"inst": "nisigû[the sign SAR]N",
"sig": "@dcclt%akk:ni-si-gu-u=nisigû[the sign SAR//the sign SAR]N'N$nisigû",
"f": {"lang": "akk",
"form": "ni-si-gu-u",
"cf": "nisigû",
"gw": "the sign SAR",
"sense": "the sign SAR",
"norm": "nisigû",
"pos": "N",
"epos": "N"}
}
,
{
"node": "d",
"type": "field-end",
"subtype": "sn"}
,
{
"node": "d",
"type": "cell-end"}
,
{
"node": "d",
"type": "cell-start"}
,
{
"node": "d",
"type": "field-start",
"subtype": "eq"}
,
{
"node": "l",
"frag": "[...]",
"id": "P274518.l40c98",
"ref": "P274518.5.8",
"inst": "u",
"f": {"lang": "akk",
"form": "x",
"pos": "u"}
}
,
{
"node": "d",
"type": "field-end",
"subtype": "eq"}
,
{
"node": "d",
"type": "cell-end"}
,
{
"node": "d",
"type": "line-start",
"ref": "P274518.6",
"n": "4'",
"label": "4'"}
,
{
"node": "d",
"type": "cell-start"}
,
{
"node": "d",
"type": "field-start",
"subtype": "sv"}
,
{
"node": "l",
"frag": "mud",
"id": "P274518.l40c99",
"ref": "P274518.6.1",
"inst": "mud[tube]N",
"sig": "@dcclt%sux:mud=mud[tube//tube]N'N$mud/mud#~",
"f": {"lang": "sux",
"form": "mud",
"cf": "mud",
"gw": "tube",
"sense": "tube",
"norm0": "mud",
"pos": "N",
"epos": "N",
"base": "mud",
"morph": "~"}
}
,
{
"node": "d",
"type": "field-end",
"subtype": "sv"}
,
{
"node": "d",
"type": "cell-end"}
,
{
"node": "d",
"type": "cell-start"}
,
{
"node": "d",
"type": "field-start",
"subtype": "pr"}
,
{
"node": "d",
"type": "field-end",
"subtype": "pr"}
,
{
"node": "d",
"type": "cell-end"}
,
{
"node": "d",
"type": "cell-start"}
,
{
"node": "d",
"type": "field-start",
"subtype": "sg"}
,
{
"node": "l",
"frag": "|HU.HI|",
"id": "P274518.l40c9a",
"ref": "P274518.6.2",
"inst": "%sux:|HU.HI|=",
"f": {"lang": "sux",
"form": "|HU.HI|"}
}
,
{
"node": "d",
"type": "field-end",
"subtype": "sg"}
,
{
"node": "d",
"type": "cell-end"}
,
{
"node": "d",
"type": "cell-start"}
,
{
"node": "d",
"type": "field-start",
"subtype": "sn"}
,
{
"node": "l",
"frag": "mu-ši-en",
"id": "P274518.l40c9b",
"ref": "P274518.6.3",
"inst": "+mušennû[the sign HU]N$mušen",
"sig": "@dcclt%akk:mu-ši-en=mušennû[the sign HU//the sign HU]N'N$mušen",
"f": {"lang": "akk",
"form": "mu-ši-en",
"cf": "mušennû",
"gw": "the sign HU",
"sense": "the sign HU",
"norm": "mušen",
"pos": "N",
"epos": "N"}
}
,
{
"node": "l",
"frag": "du-gu-u₂",
"id": "P274518.l40c9c",
"ref": "P274518.6.4",
"inst": "dugû[the sign HI]N",
"sig": "@dcclt%akk:du-gu-u₂=dūgu[the sign HI//the sign HI]N'N$dugû",
"f": {"lang": "akk",
"form": "du-gu-u₂",
"cf": "dūgu",
"gw": "the sign HI",
"sense": "the sign HI",
"norm": "dugû",
"pos": "N",
"epos": "N"}
}
,
{
"node": "d",
"type": "field-end",
"subtype": "sn"}
,
{
"node": "d",
"type": "cell-end"}
,
{
"node": "d",
"type": "cell-start"}
,
{
"node": "d",
"type": "field-start",
"subtype": "eq"}
,
{
"node": "l",
"frag": "[...]",
"id": "P274518.l40c9d",
"ref": "P274518.6.5",
"inst": "u",
"f": {"lang": "akk",
"form": "x",
"pos": "u"}
}
,
{
"node": "d",
"type": "field-end",
"subtype": "eq"}
,
{
"node": "d",
"type": "cell-end"}
,
{
"node": "d",
"type": "nonx",
"ref": "P274518.7",
"strict": "0",
"extent": "9",
"scope": "line",
"state": "missing"}
,
{
"node": "d",
"type": "line-start",
"ref": "P274518.8",
"n": "14'",
"label": "14'"}
,
{
"node": "d",
"type": "cell-start"}
,
{
"node": "d",
"type": "field-start",
"subtype": "sv"}
,
{
"node": "l",
"frag": "mušen-du₃",
"id": "P274518.l40c9e",
"ref": "P274518.8.1",
"inst": "mušendu[bird-catcher]",
"sig": "@dcclt%sux:mušen-du₃=mušendu[bird-catcher//bird-catcher]N'N$mušendu/mušen-du₃#~",
"f": {"lang": "sux",
"form": "mušen-du₃",
"cf": "mušendu",
"gw": "bird-catcher",
"sense": "bird-catcher",
"norm0": "mušendu",
"pos": "N",
"epos": "N",
"base": "mušen-du₃",
"morph": "~"}
}
,
{
"node": "d",
"type": "field-end",
"subtype": "sv"}
,
{
"node": "d",
"type": "cell-end"}
,
{
"node": "d",
"type": "cell-start"}
,
{
"node": "d",
"type": "field-start",
"subtype": "pr"}
,
{
"node": "l",
"frag": "[u₂]-⸢sa⸣-an-du",
"id": "P274518.l40c9f",
"ref": "P274518.8.2",
"inst": "%sux:u₂-sa-an-du=",
"f": {"lang": "sux",
"form": "u₂-sa-an-du"}
}
,
{
"node": "d",
"type": "field-end",
"subtype": "pr"}
,
{
"node": "d",
"type": "cell-end"}
,
{
"node": "d",
"type": "cell-start"}
,
{
"node": "d",
"type": "field-start",
"subtype": "sg"}
,
{
"node": "l",
"frag": "|HU.KAK|",
"id": "P274518.l40ca0",
"ref": "P274518.8.3",
"inst": "%sux:|HU.KAK|=",
"f": {"lang": "sux",
"form": "|HU.KAK|"}
}
,
{
"node": "d",
"type": "field-end",
"subtype": "sg"}
,
{
"node": "d",
"type": "cell-end"}
,
{
"node": "d",
"type": "cell-start"}
,
{
"node": "d",
"type": "field-start",
"subtype": "sn"}
,
{
"node": "l",
"frag": "mu-ši-en",
"id": "P274518.l40ca1",
"ref": "P274518.8.4",
"inst": "mušen[the sign HU]N",
"sig": "@dcclt%akk:mu-ši-en=mušennû[the sign HU//the sign HU]N'N$mušen",
"f": {"lang": "akk",
"form": "mu-ši-en",
"cf": "mušennû",
"gw": "the sign HU",
"sense": "the sign HU",
"norm": "mušen",
"pos": "N",
"epos": "N"}
}
,
{
"node": "l",
"frag": "qaq-qa-ku",
"id": "P274518.l40ca2",
"ref": "P274518.8.5",
"inst": "qaqqakku[the sign KAK]N",
"sig": "@dcclt%akk:qaq-qa-ku=gaqqu[the sign KAK//the sign KAK]N'N$qaqqakku",
"f": {"lang": "akk",
"form": "qaq-qa-ku",
"cf": "gaqqu",
"gw": "the sign KAK",
"sense": "the sign KAK",
"norm": "qaqqakku",
"pos": "N",
"epos": "N"}
}
,
{
"node": "d",
"type": "field-end",
"subtype": "sn"}
,
{
"node": "d",
"type": "cell-end"}
,
{
"node": "d",
"type": "cell-start"}
,
{
"node": "d",
"type": "field-start",
"subtype": "eq"}
,
{
"node": "l",
"frag": "[...]",
"id": "P274518.l40ca3",
"ref": "P274518.8.6",
"inst": "u",
"f": {"lang": "akk",
"form": "x",
"pos": "u"}
}
,
{
"node": "d",
"type": "field-end",
"subtype": "eq"}
,
{
"node": "d",
"type": "cell-end"}
,
{
"node": "d",
"type": "line-start",
"ref": "P274518.9",
"n": "15'",
"label": "15'"}
,
{
"node": "d",
"type": "cell-start"}
,
{
"node": "d",
"type": "field-start",
"subtype": "sv"}
,
{
"node": "d",
"type": "field-end",
"subtype": "sv"}
,
{
"node": "d",
"type": "cell-end"}
,
{
"node": "d",
"type": "cell-start"}
,
{
"node": "d",
"type": "field-start",
"subtype": "pr"}
,
{
"node": "l",
"frag": "[...]",
"id": "P274518.l40ca4",
"ref": "P274518.9.1",
"inst": "%sux:x=",
"f": {"lang": "sux",
"form": "x"}
}
,
{
"node": "l",
"frag": "ta-al",
"id": "P274518.l40ca5",
"ref": "P274518.9.2",
"inst": "%sux:ta-al=",
"f": {"lang": "sux",
"form": "ta-al"}
}
,
{
"node": "d",
"type": "field-end",
"subtype": "pr"}
,
{
"node": "d",
"type": "cell-end"}
,
{
"node": "d",
"type": "cell-start"}
,
{
"node": "d",
"type": "field-start",
"subtype": "sg"}
,
{
"node": "l",
"frag": "|RI.RI|",
"id": "P274518.l40ca6",
"ref": "P274518.9.3",
"inst": "%sux:|RI.RI|=",
"f": {"lang": "sux",
"form": "|RI.RI|"}
}
,
{
"node": "d",
"type": "field-end",
"subtype": "sg"}
,
{
"node": "d",
"type": "cell-end"}
,
{
"node": "d",
"type": "cell-start"}
,
{
"node": "d",
"type": "field-start",
"subtype": "sn"}
,
{
"node": "l",
"frag": "ta-al",
"id": "P274518.l40ca7",
"ref": "P274518.9.4",
"inst": "+tallu[the sign RI]N$tal",
"sig": "@dcclt%akk:ta-al=tallu[the sign RI//the sign RI]N'N$tal",
"f": {"lang": "akk",
"form": "ta-al",
"cf": "tallu",
"gw": "the sign RI",
"sense": "the sign RI",
"norm": "tal",
"pos": "N",
"epos": "N"}
}
,
{
"node": "l",
"frag": "min-na-bi",
"id": "P274518.l40ca8",
"ref": "P274518.9.5",
"inst": "minnabi[sign two times]AJ",
"sig": "@dcclt%akk:min-na-bi=minnabu[sign two times//sign two times]AJ'AJ$minnabi",
"f": {"lang": "akk",
"form": "min-na-bi",
"cf": "minnabu",
"gw": "sign two times",
"sense": "sign two times",
"norm": "minnabi",
"pos": "AJ",
"epos": "AJ"}
}
,
{
"node": "d",
"type": "field-end",
"subtype": "sn"}
,
{
"node": "d",
"type": "cell-end"}
,
{
"node": "d",
"type": "cell-start"}
,
{
"node": "d",
"type": "field-start",
"subtype": "eq"}
,
{
"node": "l",
"frag": "[...]",
"id": "P274518.l40ca9",
"ref": "P274518.9.6",
"inst": "u",
"f": {"lang": "akk",
"form": "x",
"pos": "u"}
}
,
{
"node": "d",
"type": "field-end",
"subtype": "eq"}
,
{
"node": "d",
"type": "cell-end"}
,
{
"node": "d",
"type": "line-start",
"ref": "P274518.10",
"n": "16'",
"label": "16'"}
,
{
"node": "d",
"type": "cell-start"}
,
{
"node": "d",
"type": "field-start",
"subtype": "sv"}
,
{
"node": "d",
"type": "field-end",
"subtype": "sv"}
,
{
"node": "d",
"type": "cell-end"}
,
{
"node": "d",
"type": "cell-start"}
,
{
"node": "d",
"type": "field-start",
"subtype": "pr"}
,
{
"node": "l",
"frag": "[...]",
"id": "P274518.l40caa",
"ref": "P274518.10.1",
"inst": "%sux:x=",
"f": {"lang": "sux",
"form": "x"}
}
,
{
"node": "d",
"type": "field-end",
"subtype": "pr"}
,
{
"node": "d",
"type": "cell-end"}
,
{
"node": "d",
"type": "cell-start"}
,
{
"node": "d",
"type": "field-start",
"subtype": "sg"}
,
{
"node": "l",
"frag": "|HU.HU|",
"id": "P274518.l40cab",
"ref": "P274518.10.2",
"inst": "%sux:|HU.HU|=",
"f": {"lang": "sux",
"form": "|HU.HU|"}
}
,
{
"node": "d",
"type": "field-end",
"subtype": "sg"}
,
{
"node": "d",
"type": "cell-end"}
,
{
"node": "d",
"type": "cell-start"}
,
{
"node": "d",
"type": "field-start",
"subtype": "sn"}
,
{
"node": "l",
"frag": "mu-ši-en",
"id": "P274518.l40cac",
"ref": "P274518.10.3",
"inst": "mušen[the sign HU]N",
"sig": "@dcclt%akk:mu-ši-en=mušennû[the sign HU//the sign HU]N'N$mušen",
"f": {"lang": "akk",
"form": "mu-ši-en",
"cf": "mušennû",
"gw": "the sign HU",
"sense": "the sign HU",
"norm": "mušen",
"pos": "N",
"epos": "N"}
}
,
{
"node": "l",
"frag": "min-na-bi",
"id": "P274518.l40cad",
"ref": "P274518.10.4",
"inst": "minnabi[sign two times]AJ",
"sig": "@dcclt%akk:min-na-bi=minnabu[sign two times//sign two times]AJ'AJ$minnabi",
"f": {"lang": "akk",
"form": "min-na-bi",
"cf": "minnabu",
"gw": "sign two times",
"sense": "sign two times",
"norm": "minnabi",
"pos": "AJ",
"epos": "AJ"}
}
,
{
"node": "d",
"type": "field-end",
"subtype": "sn"}
,
{
"node": "d",
"type": "cell-end"}
,
{
"node": "d",
"type": "cell-start"}
,
{
"node": "d",
"type": "field-start",
"subtype": "eq"}
,
{
"node": "l",
"frag": "[...]",
"id": "P274518.l40cae",
"ref": "P274518.10.5",
"inst": "u",
"f": {"lang": "akk",
"form": "x",
"pos": "u"}
}
,
{
"node": "d",
"type": "field-end",
"subtype": "eq"}
,
{
"node": "d",
"type": "cell-end"}
,
{
"node": "d",
"type": "line-start",
"ref": "P274518.11",
"n": "17'",
"label": "17'"}
,
{
"node": "d",
"type": "cell-start"}
,
{
"node": "d",
"type": "field-start",
"subtype": "sv"}
,
{
"node": "d",
"type": "field-end",
"subtype": "sv"}
,
{
"node": "d",
"type": "cell-end"}
,
{
"node": "d",
"type": "cell-start"}
,
{
"node": "d",
"type": "field-start",
"subtype": "pr"}
,
{
"node": "l",
"frag": "[...]",
"id": "P274518.l40caf",
"ref": "P274518.11.1",
"inst": "%sux:x=",
"f": {"lang": "sux",
"form": "x"}
}
,
{
"node": "d",
"type": "field-end",
"subtype": "pr"}
,
{
"node": "d",
"type": "cell-end"}
,
{
"node": "d",
"type": "cell-start"}
,
{
"node": "d",
"type": "field-start",
"subtype": "sg"}
,
{
"node": "l",
"frag": "[...]",
"id": "P274518.l40cb0",
"ref": "P274518.11.2",
"inst": "%sux:x=",
"f": {"lang": "sux",
"form": "x"}
}
,
{
"node": "d",
"type": "field-end",
"subtype": "sg"}
,
{
"node": "d",
"type": "cell-end"}
,
{
"node": "d",
"type": "cell-start"}
,
{
"node": "d",
"type": "field-start",
"subtype": "sn"}
,
{
"node": "l",
"frag": "<(mu-ši-en",
"id": "P274518.l40cb1",
"ref": "P274518.11.3",
"inst": "mušen[the sign HU]N",
"sig": "@dcclt%akk:mu-ši-en=mušennû[the sign HU//the sign HU]N'N$mušen",
"f": {"lang": "akk",
"form": "mu-ši-en",
"cf": "mušennû",
"gw": "the sign HU",
"sense": "the sign HU",
"norm": "mušen",
"pos": "N",
"epos": "N"}
}
,
{
"node": "l",
"frag": "min-na-bi)>",
"id": "P274518.l40cb2",
"ref": "P274518.11.4",
"inst": "minnabi[sign two times]AJ",
"sig": "@dcclt%akk:min-na-bi=minnabu[sign two times//sign two times]AJ'AJ$minnabi",
"f": {"lang": "akk",
"form": "min-na-bi",
"cf": "minnabu",
"gw": "sign two times",
"sense": "sign two times",
"norm": "minnabi",
"pos": "AJ",
"epos": "AJ"}
}
,
{
"node": "d",
"type": "field-end",
"subtype": "sn"}
,
{
"node": "d",
"type": "cell-end"}
,
{
"node": "d",
"type": "cell-start"}
,
{
"node": "d",
"type": "field-start",
"subtype": "eq"}
,
{
"node": "l",
"frag": "[...]",
"id": "P274518.l40cb3",
"ref": "P274518.11.5",
"inst": "u",
"f": {"lang": "akk",
"form": "x",
"pos": "u"}
}
,
{
"node": "d",
"type": "field-end",
"subtype": "eq"}
,
{
"node": "d",
"type": "cell-end"}
,
{
"node": "d",
"type": "line-start",
"ref": "P274518.12",
"n": "18'",
"label": "18'"}
,
{
"node": "d",
"type": "cell-start"}
,
{
"node": "d",
"type": "field-start",
"subtype": "sv"}
,
{
"node": "d",
"type": "field-end",
"subtype": "sv"}
,
{
"node": "d",
"type": "cell-end"}
,
{
"node": "d",
"type": "cell-start"}
,
{
"node": "d",
"type": "field-start",
"subtype": "pr"}
,
{
"node": "l",
"frag": "[...]",
"id": "P274518.l40cb4",
"ref": "P274518.12.1",
"inst": "%sux:x=",
"f": {"lang": "sux",
"form": "x"}
}
,
{
"node": "d",
"type": "field-end",
"subtype": "pr"}
,
{
"node": "d",
"type": "cell-end"}
,
{
"node": "d",
"type": "cell-start"}
,
{
"node": "d",
"type": "field-start",
"subtype": "sg"}
,
{
"node": "l",
"frag": "|[HU].NA₂|",
"id": "P274518.l40cb5",
"ref": "P274518.12.2",
"inst": "%sux:|HU.NA₂|=",
"f": {"lang": "sux",
"form": "|HU.NA₂|"}
}
,
{
"node": "d",
"type": "field-end",
"subtype": "sg"}
,
{
"node": "d",
"type": "cell-end"}
,
{
"node": "d",
"type": "cell-start"}
,
{
"node": "d",
"type": "field-start",
"subtype": "sn"}
,
{
"node": "d",
"type": "nonw",
"ref": "P274518.12.3",
"lang": "akk",
"type": "surro"}
,
{
"node": "l",
"id": "P274518.l40cb6",
"ref": "P274518.12.4",
"inst": "mušen[the sign HU]N",
"sig": "@dcclt%akk:mu-ši-en=mušennû[the sign HU//the sign HU]N'N$mušen",
"f": {"lang": "akk",
"form": "mu-ši-en",
"cf": "mušennû",
"gw": "the sign HU",
"sense": "the sign HU",
"norm": "mušen",
"pos": "N",
"epos": "N"}
}
,
{
"node": "l",
"frag": "nu-u₂",
"id": "P274518.l40cb7",
"ref": "P274518.12.5",
"inst": "+nunû[the sign NA₂]N$nû",
"sig": "@dcclt%akk:nu-u₂=nunû[the sign NA₂//the sign NA₂]N'N$nû",
"f": {"lang": "akk",
"form": "nu-u₂",
"cf": "nunû",
"gw": "the sign NA₂",
"sense": "the sign NA₂",
"norm": "nû",
"pos": "N",
"epos": "N"}
}
,
{
"node": "d",
"type": "field-end",
"subtype": "sn"}
,
{
"node": "d",
"type": "cell-end"}
,
{
"node": "d",
"type": "cell-start"}
,
{
"node": "d",
"type": "field-start",
"subtype": "eq"}
,
{
"node": "l",
"frag": "[...]",
"id": "P274518.l40cb8",
"ref": "P274518.12.6",
"inst": "u",
"f": {"lang": "akk",
"form": "x",
"pos": "u"}
}
,
{
"node": "d",
"type": "field-end",
"subtype": "eq"}
,
{
"node": "d",
"type": "cell-end"}
,
{
"node": "d",
"type": "line-start",
"ref": "P274518.13",
"n": "19'",
"label": "19'"}
,
{
"node": "d",
"type": "cell-start"}
,
{
"node": "d",
"type": "field-start",
"subtype": "sv"}
,
{
"node": "d",
"type": "field-end",
"subtype": "sv"}
,
{
"node": "d",
"type": "cell-end"}
,
{
"node": "d",
"type": "cell-start"}
,
{
"node": "d",
"type": "field-start",
"subtype": "pr"}
,
{
"node": "l",
"frag": "[...]",
"id": "P274518.l40cb9",
"ref": "P274518.13.1",
"inst": "%sux:x=",
"f": {"lang": "sux",
"form": "x"}
}
,
{
"node": "d",
"type": "field-end",
"subtype": "pr"}
,
{
"node": "d",
"type": "cell-end"}
,
{
"node": "d",
"type": "cell-start"}
,
{
"node": "d",
"type": "field-start",
"subtype": "sg"}
,
{
"node": "l",
"frag": "[...]",
"id": "P274518.l40cba",
"ref": "P274518.13.2",
"inst": "%sux:x=",
"f": {"lang": "sux",
"form": "x"}
}
,
{
"node": "d",
"type": "field-end",
"subtype": "sg"}
,
{
"node": "d",
"type": "cell-end"}
,
{
"node": "d",
"type": "cell-start"}
,
{
"node": "d",
"type": "field-start",
"subtype": "sn"}
,
{
"node": "l",
"frag": "<(mu-ši-en",
"id": "P274518.l40cbb",
"ref": "P274518.13.3",
"inst": "mušen[the sign HU]N",
"sig": "@dcclt%akk:mu-ši-en=mušennû[the sign HU//the sign HU]N'N$mušen",
"f": {"lang": "akk",
"form": "mu-ši-en",
"cf": "mušennû",
"gw": "the sign HU",
"sense": "the sign HU",
"norm": "mušen",
"pos": "N",
"epos": "N"}
}
,
{
"node": "l",
"frag": "nu-u₂)>",
"id": "P274518.l40cbc",
"ref": "P274518.13.4",
"inst": "nû[the sign NA₂]N",
"sig": "@dcclt%akk:nu-u₂=nunû[the sign NA₂//the sign NA₂]N'N$nû",
"f": {"lang": "akk",
"form": "nu-u₂",
"cf": "nunû",
"gw": "the sign NA₂",
"sense": "the sign NA₂",
"norm": "nû",
"pos": "N",
"epos": "N"}
}
,
{
"node": "d",
"type": "field-end",
"subtype": "sn"}
,
{
"node": "d",
"type": "cell-end"}
,
{
"node": "d",
"type": "cell-start"}
,
{
"node": "d",
"type": "field-start",
"subtype": "eq"}
,
{
"node": "l",
"frag": "[...]",
"id": "P274518.l40cbd",
"ref": "P274518.13.5",
"inst": "u",
"f": {"lang": "akk",
"form": "x",
"pos": "u"}
}
,
{
"node": "d",
"type": "field-end",
"subtype": "eq"}
,
{
"node": "d",
"type": "cell-end"}
,
{
"node": "d",
"type": "nonx",
"ref": "P274518.14",
"strict": "0",
"extent": "rest",
"state": "missing"}
]}
]}
]}
]}
