{
"type": "cdl",
  "source": "http://oracc.org/dcclt",
  "license": "This data is released under the CC0 license",
  "license-url": "https://creativecommons.org/publicdomain/zero/1.0/",
  "more-info": "http://oracc.org/doc/opendata/",
  "UTC-timestamp": "2017-05-19T18:25:44",
"project": "dcclt",
"textid": "P283540",
"cdl": [
{
"node": "c",
"type": "text",
"id": "P283540.U0",
"cdl": [
{
"node": "d",
"subtype": "tablet",
"type": "object",
"ref": "P283540.x1588.1",
"type": "tablet",
"label": "x1588"}
,
{
"node": "d",
"subtype": "obverse",
"type": "surface",
"ref": "P283540.o.2",
"type": "obverse",
"label": "o"}
,
{
"node": "c",
"type": "discourse",
"subtype": "body",
"id": "P283540.U1",
"cdl": [
{
"node": "c",
"type": "sentence",
"id": "P283540.U2",
"label": "o 1 - r 32",
"cdl": [
{
"node": "d",
"type": "line-start",
"ref": "P283540.3",
"n": "1",
"label": "o 1"}
,
{
"node": "d",
"type": "cell-start"}
,
{
"node": "d",
"type": "field-start",
"subtype": "wp"}
,
{
"node": "l",
"frag": "⸢ku₁₀{ku}{ku⸣}ku₁₀",
"id": "P283540.l3cc76",
"ref": "P283540.3.1",
"inst": "%sux:ku₁₀{+ku}-{+ku}ku₁₀=",
"f": {"lang": "sux",
"form": "ku₁₀{+ku}-{+ku}ku₁₀"}
}
,
{
"node": "d",
"type": "field-end",
"subtype": "wp"}
,
{
"node": "d",
"type": "cell-end"}
,
{
"node": "d",
"type": "cell-start"}
,
{
"node": "d",
"type": "field-start",
"subtype": "eq"}
,
{
"node": "l",
"frag": "e-⸢ṭu-tu⸣",
"id": "P283540.l3cc77",
"ref": "P283540.3.2",
"inst": "%akk-x-stdbab:e-ṭu-tu=",
"f": {"lang": "akk-x-stdbab",
"form": "e-ṭu-tu"}
}
,
{
"node": "d",
"type": "field-end",
"subtype": "eq"}
,
{
"node": "d",
"type": "cell-end"}
,
{
"node": "d",
"type": "line-start",
"ref": "P283540.4",
"n": "2",
"label": "o 2"}
,
{
"node": "d",
"type": "cell-start"}
,
{
"node": "d",
"type": "field-start",
"subtype": "wp"}
,
{
"node": "l",
"frag": "⸢ku₁₀⸣-ku₁₀",
"id": "P283540.l3cc78",
"ref": "P283540.4.1",
"inst": "%sux:ku₁₀-ku₁₀=",
"f": {"lang": "sux",
"form": "ku₁₀-ku₁₀"}
}
,
{
"node": "d",
"type": "field-end",
"subtype": "wp"}
,
{
"node": "d",
"type": "cell-end"}
,
{
"node": "d",
"type": "cell-start"}
,
{
"node": "d",
"type": "field-start",
"subtype": "eq"}
,
{
"node": "l",
"frag": "ek-le-⸢tu⸣",
"id": "P283540.l3cc79",
"ref": "P283540.4.2",
"inst": "%akk-x-stdbab:ek-le-tu=",
"f": {"lang": "akk-x-stdbab",
"form": "ek-le-tu"}
}
,
{
"node": "d",
"type": "field-end",
"subtype": "eq"}
,
{
"node": "d",
"type": "cell-end"}
,
{
"node": "d",
"type": "line-start",
"ref": "P283540.5",
"n": "3",
"label": "o 3"}
,
{
"node": "d",
"type": "cell-start"}
,
{
"node": "d",
"type": "field-start",
"subtype": "wp"}
,
{
"node": "l",
"frag": "ku₁₀-ku₁₀",
"id": "P283540.l3cc7a",
"ref": "P283540.5.1",
"inst": "%sux:ku₁₀-ku₁₀=",
"f": {"lang": "sux",
"form": "ku₁₀-ku₁₀"}
}
,
{
"node": "d",
"type": "field-end",
"subtype": "wp"}
,
{
"node": "d",
"type": "cell-end"}
,
{
"node": "d",
"type": "cell-start"}
,
{
"node": "d",
"type": "field-start",
"subtype": "eq"}
,
{
"node": "l",
"frag": "ra-ʾa-mu",
"id": "P283540.l3cc7b",
"ref": "P283540.5.2",
"inst": "%akk-x-stdbab:ra-ʾa-mu=",
"f": {"lang": "akk-x-stdbab",
"form": "ra-ʾa-mu"}
}
,
{
"node": "d",
"type": "field-end",
"subtype": "eq"}
,
{
"node": "d",
"type": "cell-end"}
,
{
"node": "d",
"type": "line-start",
"ref": "P283540.6",
"n": "4",
"label": "o 4"}
,
{
"node": "d",
"type": "cell-start"}
,
{
"node": "d",
"type": "field-start",
"subtype": "wp"}
,
{
"node": "l",
"frag": "ku₁₀-ku₁₀",
"id": "P283540.l3cc7c",
"ref": "P283540.6.1",
"inst": "%sux:ku₁₀-ku₁₀=",
"f": {"lang": "sux",
"form": "ku₁₀-ku₁₀"}
}
,
{
"node": "d",
"type": "field-end",
"subtype": "wp"}
,
{
"node": "d",
"type": "cell-end"}
,
{
"node": "d",
"type": "cell-start"}
,
{
"node": "d",
"type": "field-start",
"subtype": "eq"}
,
{
"node": "l",
"frag": "du-⸢ʾu⸣-mu",
"id": "P283540.l3cc7d",
"ref": "P283540.6.2",
"inst": "%akk-x-stdbab:du-ʾu-mu=",
"f": {"lang": "akk-x-stdbab",
"form": "du-ʾu-mu"}
}
,
{
"node": "d",
"type": "field-end",
"subtype": "eq"}
,
{
"node": "d",
"type": "cell-end"}
,
{
"node": "d",
"type": "line-start",
"ref": "P283540.7",
"n": "5",
"label": "o 5"}
,
{
"node": "d",
"type": "cell-start"}
,
{
"node": "d",
"type": "field-start",
"subtype": "wp"}
,
{
"node": "l",
"frag": "⸢ku₁₀-ku₁₀⸣",
"id": "P283540.l3cc7e",
"ref": "P283540.7.1",
"inst": "%sux:ku₁₀-ku₁₀=",
"f": {"lang": "sux",
"form": "ku₁₀-ku₁₀"}
}
,
{
"node": "l",
"frag": "zalag₂(ERIN₂)⸢še₃⸣",
"id": "P283540.l3cc7f",
"ref": "P283540.7.2",
"inst": "%sux:zalag₂(ERIN₂)-še₃=",
"f": {"lang": "sux",
"form": "zalag₂(ERIN₂)-še₃"}
}
,
{
"node": "l",
"frag": "ŋar",
"id": "P283540.l3cc80",
"ref": "P283540.7.3",
"inst": "%sux:ŋar=",
"f": {"lang": "sux",
"form": "ŋar"}
}
,
{
"node": "d",
"type": "field-end",
"subtype": "wp"}
,
{
"node": "d",
"type": "cell-end"}
,
{
"node": "d",
"type": "cell-start"}
,
{
"node": "d",
"type": "field-start",
"subtype": "eq"}
,
{
"node": "l",
"frag": "⸢ek-le-tu₂⸣",
"id": "P283540.l3cc81",
"ref": "P283540.7.4",
"inst": "%akk-x-stdbab:ek-le-tu₂=",
"f": {"lang": "akk-x-stdbab",
"form": "ek-le-tu₂"}
}
,
{
"node": "l",
"frag": "nu-mu-rum",
"id": "P283540.l3cc82",
"ref": "P283540.7.5",
"inst": "%akk-x-stdbab:nu-mu-rum=",
"f": {"lang": "akk-x-stdbab",
"form": "nu-mu-rum"}
}
,
{
"node": "d",
"type": "field-end",
"subtype": "eq"}
,
{
"node": "d",
"type": "cell-end"}
,
{
"node": "d",
"type": "line-start",
"ref": "P283540.8",
"n": "6",
"label": "o 6"}
,
{
"node": "d",
"type": "cell-start"}
,
{
"node": "d",
"type": "field-start",
"subtype": "wp"}
,
{
"node": "l",
"frag": "⸢ku₁₀-ku₁₀",
"id": "P283540.l3cc83",
"ref": "P283540.8.1",
"inst": "%sux:ku₁₀-ku₁₀=",
"f": {"lang": "sux",
"form": "ku₁₀-ku₁₀"}
}
,
{
"node": "l",
"frag": "zalag₂-še₃",
"id": "P283540.l3cc84",
"ref": "P283540.8.2",
"inst": "%sux:zalag₂-še₃=",
"f": {"lang": "sux",
"form": "zalag₂-še₃"}
}
,
{
"node": "l",
"frag": "zal⸣",
"id": "P283540.l3cc85",
"ref": "P283540.8.3",
"inst": "%sux:zal=",
"f": {"lang": "sux",
"form": "zal"}
}
,
{
"node": "d",
"type": "field-end",
"subtype": "wp"}
,
{
"node": "d",
"type": "cell-end"}
,
{
"node": "d",
"type": "cell-start"}
,
{
"node": "d",
"type": "field-start",
"subtype": "eq"}
,
{
"node": "d",
"type": "nonw",
"ref": "P283540.8.4",
"lang": "akk-x-stdbab",
"type": "surro"}
,
{
"node": "l",
"id": "P283540.l3cc86",
"ref": "P283540.8.5",
"inst": "%akk-x-stdbab:ek-le-tu₂=",
"f": {"lang": "akk-x-stdbab",
"form": "ek-le-tu₂"}
}
,
{
"node": "l",
"frag": "⸢a⸣-[na",
"id": "P283540.l3cc87",
"ref": "P283540.8.6",
"inst": "%akk-x-stdbab:a-na=",
"f": {"lang": "akk-x-stdbab",
"form": "a-na"}
}
,
{
"node": "l",
"frag": "nu]-ri",
"id": "P283540.l3cc88",
"ref": "P283540.8.7",
"inst": "%akk-x-stdbab:nu-ri=",
"f": {"lang": "akk-x-stdbab",
"form": "nu-ri"}
}
,
{
"node": "d",
"type": "nonw",
"ref": "P283540.8.8",
"lang": "akk-x-stdbab",
"type": "surro"}
,
{
"node": "l",
"id": "P283540.l3cc89",
"ref": "P283540.8.9",
"inst": "%akk-x-stdbab:nu-mu-rum=",
"f": {"lang": "akk-x-stdbab",
"form": "nu-mu-rum"}
}
,
{
"node": "d",
"type": "field-end",
"subtype": "eq"}
,
{
"node": "d",
"type": "cell-end"}
,
{
"node": "d",
"type": "nonx",
"ref": "P283540.9",
"strict": "1",
"extent": "1",
"scope": "line",
"state": "ruling"}
,
{
"node": "d",
"type": "line-start",
"ref": "P283540.10",
"n": "7",
"label": "o 7"}
,
{
"node": "d",
"type": "cell-start"}
,
{
"node": "d",
"type": "field-start",
"subtype": "wp"}
,
{
"node": "l",
"frag": "{ur}ur₄",
"id": "P283540.l3cc8a",
"ref": "P283540.10.1",
"inst": "%sux:{+ur}ur₄=",
"f": {"lang": "sux",
"form": "{+ur}ur₄"}
}
,
{
"node": "d",
"type": "field-end",
"subtype": "wp"}
,
{
"node": "d",
"type": "cell-end"}
,
{
"node": "d",
"type": "cell-start"}
,
{
"node": "d",
"type": "field-start",
"subtype": "eq"}
,
{
"node": "l",
"frag": "ha-⸢ma⸣-mu",
"id": "P283540.l3cc8b",
"ref": "P283540.10.2",
"inst": "%akk-x-stdbab:ha-ma-mu=",
"f": {"lang": "akk-x-stdbab",
"form": "ha-ma-mu"}
}
,
{
"node": "d",
"type": "field-end",
"subtype": "eq"}
,
{
"node": "d",
"type": "cell-end"}
,
{
"node": "d",
"type": "line-start",
"ref": "P283540.11",
"n": "8",
"label": "o 8"}
,
{
"node": "d",
"type": "cell-start"}
,
{
"node": "d",
"type": "field-start",
"subtype": "wp"}
,
{
"node": "l",
"frag": "⸢ur₄⸣",
"id": "P283540.l3cc8c",
"ref": "P283540.11.1",
"inst": "%sux:ur₄=",
"f": {"lang": "sux",
"form": "ur₄"}
}
,
{
"node": "d",
"type": "field-end",
"subtype": "wp"}
,
{
"node": "d",
"type": "cell-end"}
,
{
"node": "d",
"type": "cell-start"}
,
{
"node": "d",
"type": "field-start",
"subtype": "eq"}
,
{
"node": "l",
"frag": "ha{⸢a}ša⸣-šu",
"id": "P283540.l3cc8d",
"ref": "P283540.11.2",
"inst": "%akk-x-stdbab:ha{+a}-ša-šu=",
"f": {"lang": "akk-x-stdbab",
"form": "ha{+a}-ša-šu"}
}
,
{
"node": "d",
"type": "field-end",
"subtype": "eq"}
,
{
"node": "d",
"type": "cell-end"}
,
{
"node": "d",
"type": "line-start",
"ref": "P283540.12",
"n": "9",
"label": "o 9"}
,
{
"node": "d",
"type": "cell-start"}
,
{
"node": "d",
"type": "field-start",
"subtype": "wp"}
,
{
"node": "l",
"frag": "⸢ur₄⸣",
"id": "P283540.l3cc8e",
"ref": "P283540.12.1",
"inst": "%sux:ur₄=",
"f": {"lang": "sux",
"form": "ur₄"}
}
,
{
"node": "d",
"type": "field-end",
"subtype": "wp"}
,
{
"node": "d",
"type": "cell-end"}
,
{
"node": "d",
"type": "cell-start"}
,
{
"node": "d",
"type": "field-start",
"subtype": "eq"}
,
{
"node": "l",
"frag": "šu-par₂-ru₃-⸢rum⸣",
"id": "P283540.l3cc8f",
"ref": "P283540.12.2",
"inst": "%akk-x-stdbab:šu-par₂-ru₃-rum=",
"f": {"lang": "akk-x-stdbab",
"form": "šu-par₂-ru₃-rum"}
}
,
{
"node": "d",
"type": "field-end",
"subtype": "eq"}
,
{
"node": "d",
"type": "cell-end"}
,
{
"node": "d",
"type": "line-start",
"ref": "P283540.13",
"n": "10",
"label": "o 10"}
,
{
"node": "d",
"type": "cell-start"}
,
{
"node": "d",
"type": "field-start",
"subtype": "wp"}
,
{
"node": "l",
"frag": "⸢ur₄⸣",
"id": "P283540.l3cc90",
"ref": "P283540.13.1",
"inst": "%sux:ur₄=",
"f": {"lang": "sux",
"form": "ur₄"}
}
,
{
"node": "d",
"type": "field-end",
"subtype": "wp"}
,
{
"node": "d",
"type": "cell-end"}
,
{
"node": "d",
"type": "cell-start"}
,
{
"node": "d",
"type": "field-start",
"subtype": "eq"}
,
{
"node": "l",
"frag": "a-ra-⸢rum⸣",
"id": "P283540.l3cc91",
"ref": "P283540.13.2",
"inst": "%akk-x-stdbab:a-ra-rum=",
"f": {"lang": "akk-x-stdbab",
"form": "a-ra-rum"}
}
,
{
"node": "d",
"type": "field-end",
"subtype": "eq"}
,
{
"node": "d",
"type": "cell-end"}
,
{
"node": "d",
"type": "line-start",
"ref": "P283540.14",
"n": "11",
"label": "o 11"}
,
{
"node": "d",
"type": "cell-start"}
,
{
"node": "d",
"type": "field-start",
"subtype": "wp"}
,
{
"node": "l",
"frag": "⸢ur₄⸣",
"id": "P283540.l3cc92",
"ref": "P283540.14.1",
"inst": "%sux:ur₄=",
"f": {"lang": "sux",
"form": "ur₄"}
}
,
{
"node": "d",
"type": "field-end",
"subtype": "wp"}
,
{
"node": "d",
"type": "cell-end"}
,
{
"node": "d",
"type": "cell-start"}
,
{
"node": "d",
"type": "field-start",
"subtype": "eq"}
,
{
"node": "l",
"frag": "ba-qa-⸢mu⸣",
"id": "P283540.l3cc93",
"ref": "P283540.14.2",
"inst": "%akk-x-stdbab:ba-qa-mu=",
"f": {"lang": "akk-x-stdbab",
"form": "ba-qa-mu"}
}
,
{
"node": "d",
"type": "field-end",
"subtype": "eq"}
,
{
"node": "d",
"type": "cell-end"}
,
{
"node": "d",
"type": "line-start",
"ref": "P283540.15",
"n": "12",
"label": "o 12"}
,
{
"node": "d",
"type": "cell-start"}
,
{
"node": "d",
"type": "field-start",
"subtype": "wp"}
,
{
"node": "l",
"frag": "ur₄-⸢ur₄⸣",
"id": "P283540.l3cc94",
"ref": "P283540.15.1",
"inst": "%sux:ur₄-ur₄=",
"f": {"lang": "sux",
"form": "ur₄-ur₄"}
}
,
{
"node": "d",
"type": "field-end",
"subtype": "wp"}
,
{
"node": "d",
"type": "cell-end"}
,
{
"node": "d",
"type": "cell-start"}
,
{
"node": "d",
"type": "field-start",
"subtype": "eq"}
,
{
"node": "l",
"frag": "ba-ra-rum",
"id": "P283540.l3cc95",
"ref": "P283540.15.2",
"inst": "%akk-x-stdbab:ba-ra-rum=",
"f": {"lang": "akk-x-stdbab",
"form": "ba-ra-rum"}
}
,
{
"node": "d",
"type": "field-end",
"subtype": "eq"}
,
{
"node": "d",
"type": "cell-end"}
,
{
"node": "d",
"type": "line-start",
"ref": "P283540.16",
"n": "13",
"label": "o 13"}
,
{
"node": "d",
"type": "cell-start"}
,
{
"node": "d",
"type": "field-start",
"subtype": "wp"}
,
{
"node": "l",
"frag": "ur₄-⸢ur₄⸣",
"id": "P283540.l3cc96",
"ref": "P283540.16.1",
"inst": "%sux:ur₄-ur₄=",
"f": {"lang": "sux",
"form": "ur₄-ur₄"}
}
,
{
"node": "d",
"type": "field-end",
"subtype": "wp"}
,
{
"node": "d",
"type": "cell-end"}
,
{
"node": "d",
"type": "cell-start"}
,
{
"node": "d",
"type": "field-start",
"subtype": "eq"}
,
{
"node": "l",
"frag": "⸢e-be⸣-rum",
"id": "P283540.l3cc97",
"ref": "P283540.16.2",
"inst": "%akk-x-stdbab:e-be-rum=",
"f": {"lang": "akk-x-stdbab",
"form": "e-be-rum"}
}
,
{
"node": "d",
"type": "field-end",
"subtype": "eq"}
,
{
"node": "d",
"type": "cell-end"}
,
{
"node": "d",
"type": "nonx",
"ref": "P283540.17",
"strict": "1",
"extent": "1",
"scope": "line",
"state": "ruling"}
,
{
"node": "d",
"type": "line-start",
"ref": "P283540.18",
"n": "14",
"label": "o 14"}
,
{
"node": "d",
"type": "cell-start"}
,
{
"node": "d",
"type": "field-start",
"subtype": "wp"}
,
{
"node": "l",
"frag": "ur₄",
"id": "P283540.l3cc98",
"ref": "P283540.18.1",
"inst": "%sux:ur₄=",
"f": {"lang": "sux",
"form": "ur₄"}
}
,
{
"node": "l",
"frag": "⸢x⸣-[x]",
"id": "P283540.l3cc99",
"ref": "P283540.18.2",
"inst": "%sux:x-x=",
"f": {"lang": "sux",
"form": "x-x"}
}
,
{
"node": "d",
"type": "field-end",
"subtype": "wp"}
,
{
"node": "d",
"type": "cell-end"}
,
{
"node": "d",
"type": "cell-start"}
,
{
"node": "d",
"type": "field-start",
"subtype": "eq"}
,
{
"node": "l",
"frag": "[...]",
"id": "P283540.l3cc9a",
"ref": "P283540.18.3",
"inst": "%akk-x-stdbab:x=",
"f": {"lang": "akk-x-stdbab",
"form": "x"}
}
,
{
"node": "l",
"frag": "⸢x",
"id": "P283540.l3cc9b",
"ref": "P283540.18.4",
"inst": "%akk-x-stdbab:x=",
"f": {"lang": "akk-x-stdbab",
"form": "x"}
}
,
{
"node": "l",
"frag": "x⸣",
"id": "P283540.l3cc9c",
"ref": "P283540.18.5",
"inst": "%akk-x-stdbab:x=",
"f": {"lang": "akk-x-stdbab",
"form": "x"}
}
,
{
"node": "d",
"type": "field-end",
"subtype": "eq"}
,
{
"node": "d",
"type": "cell-end"}
,
{
"node": "d",
"type": "line-start",
"ref": "P283540.19",
"n": "15",
"label": "o 15"}
,
{
"node": "d",
"type": "cell-start"}
,
{
"node": "d",
"type": "field-start",
"subtype": "wp"}
,
{
"node": "l",
"frag": "⸢ur₄⸣",
"id": "P283540.l3cc9d",
"ref": "P283540.19.1",
"inst": "%sux:ur₄=",
"f": {"lang": "sux",
"form": "ur₄"}
}
,
{
"node": "l",
"frag": "[...]",
"id": "P283540.l3cc9e",
"ref": "P283540.19.2",
"inst": "%sux:x=",
"f": {"lang": "sux",
"form": "x"}
}
,
{
"node": "d",
"type": "field-end",
"subtype": "wp"}
,
{
"node": "d",
"type": "cell-end"}
,
{
"node": "d",
"type": "cell-start"}
,
{
"node": "d",
"type": "field-start",
"subtype": "eq"}
,
{
"node": "l",
"frag": "[...]",
"id": "P283540.l3cc9f",
"ref": "P283540.19.3",
"inst": "%akk-x-stdbab:x=",
"f": {"lang": "akk-x-stdbab",
"form": "x"}
}
,
{
"node": "d",
"type": "field-end",
"subtype": "eq"}
,
{
"node": "d",
"type": "cell-end"}
,
{
"node": "d",
"type": "line-start",
"ref": "P283540.20",
"n": "16",
"label": "o 16"}
,
{
"node": "d",
"type": "cell-start"}
,
{
"node": "d",
"type": "field-start",
"subtype": "wp"}
,
{
"node": "l",
"frag": "⸢ur₄⸣",
"id": "P283540.l3cca0",
"ref": "P283540.20.1",
"inst": "%sux:ur₄=",
"f": {"lang": "sux",
"form": "ur₄"}
}
,
{
"node": "l",
"frag": "[...]",
"id": "P283540.l3cca1",
"ref": "P283540.20.2",
"inst": "%sux:x=",
"f": {"lang": "sux",
"form": "x"}
}
,
{
"node": "d",
"type": "field-end",
"subtype": "wp"}
,
{
"node": "d",
"type": "cell-end"}
,
{
"node": "d",
"type": "cell-start"}
,
{
"node": "d",
"type": "field-start",
"subtype": "eq"}
,
{
"node": "l",
"frag": "[...]",
"id": "P283540.l3cca2",
"ref": "P283540.20.3",
"inst": "%akk-x-stdbab:x=",
"f": {"lang": "akk-x-stdbab",
"form": "x"}
}
,
{
"node": "d",
"type": "field-end",
"subtype": "eq"}
,
{
"node": "d",
"type": "cell-end"}
,
{
"node": "d",
"type": "nonx",
"ref": "P283540.21",
"strict": "1",
"extent": "10",
"scope": "line",
"state": "missing"}
,
{
"node": "d",
"type": "line-start",
"ref": "P283540.22",
"n": "27",
"label": "o 27"}
,
{
"node": "d",
"type": "cell-start"}
,
{
"node": "d",
"type": "field-start",
"subtype": "wp"}
,
{
"node": "l",
"frag": "[...]",
"id": "P283540.l3cca3",
"ref": "P283540.22.1",
"inst": "%sux:x=",
"f": {"lang": "sux",
"form": "x"}
}
,
{
"node": "d",
"type": "field-end",
"subtype": "wp"}
,
{
"node": "d",
"type": "cell-end"}
,
{
"node": "d",
"type": "cell-start"}
,
{
"node": "d",
"type": "field-start",
"subtype": "eq"}
,
{
"node": "l",
"frag": "[x]",
"id": "P283540.l3cca4",
"ref": "P283540.22.2",
"inst": "%akk-x-stdbab:x=",
"f": {"lang": "akk-x-stdbab",
"form": "x"}
}
,
{
"node": "l",
"frag": "⸢x",
"id": "P283540.l3cca5",
"ref": "P283540.22.3",
"inst": "%akk-x-stdbab:x=",
"f": {"lang": "akk-x-stdbab",
"form": "x"}
}
,
{
"node": "l",
"frag": "x⸣",
"id": "P283540.l3cca6",
"ref": "P283540.22.4",
"inst": "%akk-x-stdbab:x=",
"f": {"lang": "akk-x-stdbab",
"form": "x"}
}
,
{
"node": "l",
"frag": "[x]",
"id": "P283540.l3cca7",
"ref": "P283540.22.5",
"inst": "%akk-x-stdbab:x=",
"f": {"lang": "akk-x-stdbab",
"form": "x"}
}
,
{
"node": "d",
"type": "field-end",
"subtype": "eq"}
,
{
"node": "d",
"type": "cell-end"}
,
{
"node": "d",
"type": "line-start",
"ref": "P283540.23",
"n": "28",
"label": "o 28"}
,
{
"node": "d",
"type": "cell-start"}
,
{
"node": "d",
"type": "field-start",
"subtype": "wp"}
,
{
"node": "l",
"frag": "[...]",
"id": "P283540.l3cca8",
"ref": "P283540.23.1",
"inst": "%sux:x=",
"f": {"lang": "sux",
"form": "x"}
}
,
{
"node": "d",
"type": "field-end",
"subtype": "wp"}
,
{
"node": "d",
"type": "cell-end"}
,
{
"node": "d",
"type": "cell-start"}
,
{
"node": "d",
"type": "field-start",
"subtype": "eq"}
,
{
"node": "l",
"frag": "[ki]-⸢in-si-gu⸣",
"id": "P283540.l3cca9",
"ref": "P283540.23.2",
"inst": "%akk-x-stdbab:ki-in-si-gu=",
"f": {"lang": "akk-x-stdbab",
"form": "ki-in-si-gu"}
}
,
{
"node": "d",
"type": "field-end",
"subtype": "eq"}
,
{
"node": "d",
"type": "cell-end"}
,
{
"node": "d",
"type": "line-start",
"ref": "P283540.24",
"n": "29",
"label": "o 29"}
,
{
"node": "d",
"type": "cell-start"}
,
{
"node": "d",
"type": "field-start",
"subtype": "wp"}
,
{
"node": "l",
"frag": "[...]",
"id": "P283540.l3ccaa",
"ref": "P283540.24.1",
"inst": "%sux:x=",
"f": {"lang": "sux",
"form": "x"}
}
,
{
"node": "d",
"type": "field-end",
"subtype": "wp"}
,
{
"node": "d",
"type": "cell-end"}
,
{
"node": "d",
"type": "cell-start"}
,
{
"node": "d",
"type": "field-start",
"subtype": "eq"}
,
{
"node": "l",
"frag": "[ki]-⸢in⸣-si-gu",
"id": "P283540.l3ccab",
"ref": "P283540.24.2",
"inst": "%akk-x-stdbab:ki-in-si-gu=",
"f": {"lang": "akk-x-stdbab",
"form": "ki-in-si-gu"}
}
,
{
"node": "l",
"frag": "par₂-su",
"id": "P283540.l3ccac",
"ref": "P283540.24.3",
"inst": "%akk-x-stdbab:par₂-su=",
"f": {"lang": "akk-x-stdbab",
"form": "par₂-su"}
}
,
{
"node": "d",
"type": "field-end",
"subtype": "eq"}
,
{
"node": "d",
"type": "cell-end"}
,
{
"node": "d",
"type": "line-start",
"ref": "P283540.25",
"n": "30",
"label": "o 30"}
,
{
"node": "d",
"type": "cell-start"}
,
{
"node": "d",
"type": "field-start",
"subtype": "wp"}
,
{
"node": "l",
"frag": "[...]",
"id": "P283540.l3ccad",
"ref": "P283540.25.1",
"inst": "%sux:x=",
"f": {"lang": "sux",
"form": "x"}
}
,
{
"node": "d",
"type": "field-end",
"subtype": "wp"}
,
{
"node": "d",
"type": "cell-end"}
,
{
"node": "d",
"type": "cell-start"}
,
{
"node": "d",
"type": "field-start",
"subtype": "eq"}
,
{
"node": "d",
"type": "nonw",
"ref": "P283540.25.2",
"lang": "akk-x-stdbab",
"type": "surro"}
,
{
"node": "l",
"id": "P283540.l3ccae",
"ref": "P283540.25.3",
"inst": "%akk-x-stdbab:ki-in-si-gu=",
"f": {"lang": "akk-x-stdbab",
"form": "ki-in-si-gu"}
}
,
{
"node": "l",
"frag": "pa-ra-⸢su⸣",
"id": "P283540.l3ccaf",
"ref": "P283540.25.4",
"inst": "%akk-x-stdbab:pa-ra-su=",
"f": {"lang": "akk-x-stdbab",
"form": "pa-ra-su"}
}
,
{
"node": "d",
"type": "field-end",
"subtype": "eq"}
,
{
"node": "d",
"type": "cell-end"}
,
{
"node": "d",
"subtype": "reverse",
"type": "surface",
"ref": "P283540.r.26",
"type": "reverse",
"label": "r"}
,
{
"node": "d",
"type": "line-start",
"ref": "P283540.27",
"n": "1",
"label": "r 1"}
,
{
"node": "d",
"type": "cell-start"}
,
{
"node": "d",
"type": "field-start",
"subtype": "wp"}
,
{
"node": "l",
"frag": "[...]",
"id": "P283540.l3ccb0",
"ref": "P283540.27.1",
"inst": "%sux:x=",
"f": {"lang": "sux",
"form": "x"}
}
,
{
"node": "d",
"type": "field-end",
"subtype": "wp"}
,
{
"node": "d",
"type": "cell-end"}
,
{
"node": "d",
"type": "cell-start"}
,
{
"node": "d",
"type": "field-start",
"subtype": "eq"}
,
{
"node": "l",
"frag": "⸢ša⸣",
"id": "P283540.l3ccb1",
"ref": "P283540.27.2",
"inst": "%akk-x-stdbab:ša=",
"f": {"lang": "akk-x-stdbab",
"form": "ša"}
}
,
{
"node": "l",
"frag": "i-na",
"id": "P283540.l3ccb2",
"ref": "P283540.27.3",
"inst": "%akk-x-stdbab:i-na=",
"f": {"lang": "akk-x-stdbab",
"form": "i-na"}
}
,
{
"node": "l",
"frag": "⸢pa-ra⸣-su",
"id": "P283540.l3ccb3",
"ref": "P283540.27.4",
"inst": "%akk-x-stdbab:pa-ra-su=",
"f": {"lang": "akk-x-stdbab",
"form": "pa-ra-su"}
}
,
{
"node": "l",
"frag": "DU",
"id": "P283540.l3ccb4",
"ref": "P283540.27.5",
"inst": "%akk-x-stdbab:DU=",
"f": {"lang": "akk-x-stdbab",
"form": "DU"}
}
,
{
"node": "d",
"type": "field-end",
"subtype": "eq"}
,
{
"node": "d",
"type": "cell-end"}
,
{
"node": "d",
"type": "line-start",
"ref": "P283540.28",
"n": "2",
"label": "r 2"}
,
{
"node": "d",
"type": "cell-start"}
,
{
"node": "d",
"type": "field-start",
"subtype": "wp"}
,
{
"node": "l",
"frag": "[...",
"id": "P283540.l3ccb5",
"ref": "P283540.28.1",
"inst": "%sux:x=",
"f": {"lang": "sux",
"form": "x"}
}
,
{
"node": "l",
"frag": "gub]-⸢ba⸣",
"id": "P283540.l3ccb6",
"ref": "P283540.28.2",
"inst": "%sux:gub-ba=",
"f": {"lang": "sux",
"form": "gub-ba"}
}
,
{
"node": "d",
"type": "field-end",
"subtype": "wp"}
,
{
"node": "d",
"type": "cell-end"}
,
{
"node": "d",
"type": "cell-start"}
,
{
"node": "d",
"type": "field-start",
"subtype": "eq"}
,
{
"node": "l",
"frag": "ŠU-u₂",
"id": "P283540.l3ccb7",
"ref": "P283540.28.3",
"inst": "%akk-x-stdbab:ŠU-u₂=",
"f": {"lang": "akk-x-stdbab",
"form": "ŠU-u₂"}
}
,
{
"node": "d",
"type": "field-end",
"subtype": "eq"}
,
{
"node": "d",
"type": "cell-end"}
,
{
"node": "d",
"type": "nonx",
"ref": "P283540.29",
"strict": "1",
"extent": "1",
"scope": "line",
"state": "ruling"}
,
{
"node": "d",
"type": "line-start",
"ref": "P283540.30",
"n": "3",
"label": "r 3"}
,
{
"node": "d",
"type": "cell-start"}
,
{
"node": "d",
"type": "field-start",
"subtype": "wp"}
,
{
"node": "l",
"frag": "kiŋ₂",
"id": "P283540.l3ccb8",
"ref": "P283540.30.1",
"inst": "%sux:kiŋ₂=",
"f": {"lang": "sux",
"form": "kiŋ₂"}
}
,
{
"node": "d",
"type": "field-end",
"subtype": "wp"}
,
{
"node": "d",
"type": "cell-end"}
,
{
"node": "d",
"type": "cell-start"}
,
{
"node": "d",
"type": "field-start",
"subtype": "eq"}
,
{
"node": "l",
"frag": "šip-rum",
"id": "P283540.l3ccb9",
"ref": "P283540.30.2",
"inst": "%akk-x-stdbab:šip-rum=",
"f": {"lang": "akk-x-stdbab",
"form": "šip-rum"}
}
,
{
"node": "d",
"type": "field-end",
"subtype": "eq"}
,
{
"node": "d",
"type": "cell-end"}
,
{
"node": "d",
"type": "line-start",
"ref": "P283540.31",
"n": "4",
"label": "r 4"}
,
{
"node": "d",
"type": "cell-start"}
,
{
"node": "d",
"type": "field-start",
"subtype": "wp"}
,
{
"node": "l",
"frag": "[...]",
"id": "P283540.l3ccba",
"ref": "P283540.31.1",
"inst": "%sux:x=",
"f": {"lang": "sux",
"form": "x"}
}
,
{
"node": "l",
"frag": "⸢ak⸣-a",
"id": "P283540.l3ccbb",
"ref": "P283540.31.2",
"inst": "%sux:ak-a=",
"f": {"lang": "sux",
"form": "ak-a"}
}
,
{
"node": "d",
"type": "field-end",
"subtype": "wp"}
,
{
"node": "d",
"type": "cell-end"}
,
{
"node": "d",
"type": "cell-start"}
,
{
"node": "d",
"type": "field-start",
"subtype": "eq"}
,
{
"node": "d",
"type": "nonw",
"ref": "P283540.31.3",
"lang": "akk-x-stdbab",
"type": "surro"}
,
{
"node": "l",
"id": "P283540.l3ccbc",
"ref": "P283540.31.4",
"inst": "%akk-x-stdbab:šip-rum=",
"f": {"lang": "akk-x-stdbab",
"form": "šip-rum"}
}
,
{
"node": "l",
"frag": "ep-šu",
"id": "P283540.l3ccbd",
"ref": "P283540.31.5",
"inst": "%akk-x-stdbab:ep-šu=",
"f": {"lang": "akk-x-stdbab",
"form": "ep-šu"}
}
,
{
"node": "d",
"type": "field-end",
"subtype": "eq"}
,
{
"node": "d",
"type": "cell-end"}
,
{
"node": "d",
"type": "line-start",
"ref": "P283540.32",
"n": "5",
"label": "r 5"}
,
{
"node": "d",
"type": "cell-start"}
,
{
"node": "d",
"type": "field-start",
"subtype": "wp"}
,
{
"node": "l",
"frag": "[...",
"id": "P283540.l3ccbe",
"ref": "P283540.32.1",
"inst": "%sux:x=",
"f": {"lang": "sux",
"form": "x"}
}
,
{
"node": "l",
"frag": "til]-⸢la⸣",
"id": "P283540.l3ccbf",
"ref": "P283540.32.2",
"inst": "%sux:til-la=",
"f": {"lang": "sux",
"form": "til-la"}
}
,
{
"node": "d",
"type": "field-end",
"subtype": "wp"}
,
{
"node": "d",
"type": "cell-end"}
,
{
"node": "d",
"type": "cell-start"}
,
{
"node": "d",
"type": "field-start",
"subtype": "eq"}
,
{
"node": "l",
"frag": "ŠU-u₂",
"id": "P283540.l3ccc0",
"ref": "P283540.32.3",
"inst": "%akk-x-stdbab:ŠU-u₂=",
"f": {"lang": "akk-x-stdbab",
"form": "ŠU-u₂"}
}
,
{
"node": "d",
"type": "field-end",
"subtype": "eq"}
,
{
"node": "d",
"type": "cell-end"}
,
{
"node": "d",
"type": "line-start",
"ref": "P283540.33",
"n": "6",
"label": "r 6"}
,
{
"node": "d",
"type": "cell-start"}
,
{
"node": "d",
"type": "field-start",
"subtype": "wp"}
,
{
"node": "l",
"frag": "[...",
"id": "P283540.l3ccc1",
"ref": "P283540.33.1",
"inst": "%sux:x=",
"f": {"lang": "sux",
"form": "x"}
}
,
{
"node": "l",
"frag": "til]-⸢la⸣",
"id": "P283540.l3ccc2",
"ref": "P283540.33.2",
"inst": "%sux:til-la=",
"f": {"lang": "sux",
"form": "til-la"}
}
,
{
"node": "d",
"type": "field-end",
"subtype": "wp"}
,
{
"node": "d",
"type": "cell-end"}
,
{
"node": "d",
"type": "cell-start"}
,
{
"node": "d",
"type": "field-start",
"subtype": "eq"}
,
{
"node": "l",
"frag": "šip-rum",
"id": "P283540.l3ccc3",
"ref": "P283540.33.3",
"inst": "%akk-x-stdbab:šip-rum=",
"f": {"lang": "akk-x-stdbab",
"form": "šip-rum"}
}
,
{
"node": "l",
"frag": "gam-ru",
"id": "P283540.l3ccc4",
"ref": "P283540.33.4",
"inst": "%akk-x-stdbab:gam-ru=",
"f": {"lang": "akk-x-stdbab",
"form": "gam-ru"}
}
,
{
"node": "d",
"type": "field-end",
"subtype": "eq"}
,
{
"node": "d",
"type": "cell-end"}
,
{
"node": "d",
"type": "line-start",
"ref": "P283540.34",
"n": "7",
"label": "r 7"}
,
{
"node": "d",
"type": "cell-start"}
,
{
"node": "d",
"type": "field-start",
"subtype": "wp"}
,
{
"node": "l",
"frag": "[...]",
"id": "P283540.l3ccc5",
"ref": "P283540.34.1",
"inst": "%sux:x=",
"f": {"lang": "sux",
"form": "x"}
}
,
{
"node": "d",
"type": "field-end",
"subtype": "wp"}
,
{
"node": "d",
"type": "cell-end"}
,
{
"node": "d",
"type": "cell-start"}
,
{
"node": "d",
"type": "field-start",
"subtype": "eq"}
,
{
"node": "d",
"type": "nonw",
"ref": "P283540.34.2",
"lang": "akk-x-stdbab",
"type": "surro"}
,
{
"node": "l",
"id": "P283540.l3ccc6",
"ref": "P283540.34.3",
"inst": "%akk-x-stdbab:šip-rum=",
"f": {"lang": "akk-x-stdbab",
"form": "šip-rum"}
}
,
{
"node": "l",
"frag": "la-a",
"id": "P283540.l3ccc7",
"ref": "P283540.34.4",
"inst": "%akk-x-stdbab:la-a=",
"f": {"lang": "akk-x-stdbab",
"form": "la-a"}
}
,
{
"node": "d",
"type": "nonw",
"ref": "P283540.34.5",
"lang": "akk-x-stdbab",
"type": "surro"}
,
{
"node": "l",
"id": "P283540.l3ccc8",
"ref": "P283540.34.6",
"inst": "%akk-x-stdbab:gam-ru=",
"f": {"lang": "akk-x-stdbab",
"form": "gam-ru"}
}
,
{
"node": "d",
"type": "field-end",
"subtype": "eq"}
,
{
"node": "d",
"type": "cell-end"}
,
{
"node": "d",
"type": "line-start",
"ref": "P283540.35",
"n": "8",
"label": "r 8"}
,
{
"node": "d",
"type": "cell-start"}
,
{
"node": "d",
"type": "field-start",
"subtype": "wp"}
,
{
"node": "l",
"frag": "[...]",
"id": "P283540.l3ccc9",
"ref": "P283540.35.1",
"inst": "%sux:x=",
"f": {"lang": "sux",
"form": "x"}
}
,
{
"node": "d",
"type": "field-end",
"subtype": "wp"}
,
{
"node": "d",
"type": "cell-end"}
,
{
"node": "d",
"type": "cell-start"}
,
{
"node": "d",
"type": "field-start",
"subtype": "eq"}
,
{
"node": "l",
"frag": "⸢ŠU-u₂⸣",
"id": "P283540.l3ccca",
"ref": "P283540.35.2",
"inst": "%akk-x-stdbab:ŠU-u₂=",
"f": {"lang": "akk-x-stdbab",
"form": "ŠU-u₂"}
}
,
{
"node": "d",
"type": "field-end",
"subtype": "eq"}
,
{
"node": "d",
"type": "cell-end"}
,
{
"node": "d",
"type": "line-start",
"ref": "P283540.36",
"n": "9",
"label": "r 9"}
,
{
"node": "d",
"type": "cell-start"}
,
{
"node": "d",
"type": "field-start",
"subtype": "wp"}
,
{
"node": "l",
"frag": "[...]",
"id": "P283540.l3cccb",
"ref": "P283540.36.1",
"inst": "%sux:x=",
"f": {"lang": "sux",
"form": "x"}
}
,
{
"node": "d",
"type": "field-end",
"subtype": "wp"}
,
{
"node": "d",
"type": "cell-end"}
,
{
"node": "d",
"type": "cell-start"}
,
{
"node": "d",
"type": "field-start",
"subtype": "eq"}
,
{
"node": "l",
"frag": "⸢x-la⸣-pu",
"id": "P283540.l3cccc",
"ref": "P283540.36.2",
"inst": "%akk-x-stdbab:x-la-pu=",
"f": {"lang": "akk-x-stdbab",
"form": "x-la-pu"}
}
,
{
"node": "d",
"type": "field-end",
"subtype": "eq"}
,
{
"node": "d",
"type": "cell-end"}
,
{
"node": "d",
"type": "line-start",
"ref": "P283540.37",
"n": "10",
"label": "r 10"}
,
{
"node": "d",
"type": "cell-start"}
,
{
"node": "d",
"type": "field-start",
"subtype": "wp"}
,
{
"node": "l",
"frag": "[...]",
"id": "P283540.l3cccd",
"ref": "P283540.37.1",
"inst": "%sux:x=",
"f": {"lang": "sux",
"form": "x"}
}
,
{
"node": "d",
"type": "field-end",
"subtype": "wp"}
,
{
"node": "d",
"type": "cell-end"}
,
{
"node": "d",
"type": "cell-start"}
,
{
"node": "d",
"type": "field-start",
"subtype": "eq"}
,
{
"node": "l",
"frag": "⸢e⸣-ši-rum",
"id": "P283540.l3ccce",
"ref": "P283540.37.2",
"inst": "%akk-x-stdbab:e-ši-rum=",
"f": {"lang": "akk-x-stdbab",
"form": "e-ši-rum"}
}
,
{
"node": "d",
"type": "field-end",
"subtype": "eq"}
,
{
"node": "d",
"type": "cell-end"}
,
{
"node": "d",
"type": "line-start",
"ref": "P283540.38",
"n": "11",
"label": "r 11"}
,
{
"node": "d",
"type": "cell-start"}
,
{
"node": "d",
"type": "field-start",
"subtype": "wp"}
,
{
"node": "l",
"frag": "[...]",
"id": "P283540.l3cccf",
"ref": "P283540.38.1",
"inst": "%sux:x=",
"f": {"lang": "sux",
"form": "x"}
}
,
{
"node": "d",
"type": "field-end",
"subtype": "wp"}
,
{
"node": "d",
"type": "cell-end"}
,
{
"node": "d",
"type": "cell-start"}
,
{
"node": "d",
"type": "field-start",
"subtype": "eq"}
,
{
"node": "l",
"frag": "⸢uš⸣-šu-rum",
"id": "P283540.l3ccd0",
"ref": "P283540.38.2",
"inst": "%akk-x-stdbab:uš-šu-rum=",
"f": {"lang": "akk-x-stdbab",
"form": "uš-šu-rum"}
}
,
{
"node": "d",
"type": "field-end",
"subtype": "eq"}
,
{
"node": "d",
"type": "cell-end"}
,
{
"node": "d",
"type": "line-start",
"ref": "P283540.39",
"n": "12",
"label": "r 12"}
,
{
"node": "d",
"type": "cell-start"}
,
{
"node": "d",
"type": "field-start",
"subtype": "wp"}
,
{
"node": "l",
"frag": "[...]",
"id": "P283540.l3ccd1",
"ref": "P283540.39.1",
"inst": "%sux:x=",
"f": {"lang": "sux",
"form": "x"}
}
,
{
"node": "d",
"type": "field-end",
"subtype": "wp"}
,
{
"node": "d",
"type": "cell-end"}
,
{
"node": "d",
"type": "cell-start"}
,
{
"node": "d",
"type": "field-start",
"subtype": "eq"}
,
{
"node": "l",
"frag": "[...]",
"id": "P283540.l3ccd2",
"ref": "P283540.39.2",
"inst": "%akk-x-stdbab:x=",
"f": {"lang": "akk-x-stdbab",
"form": "x"}
}
,
{
"node": "l",
"frag": "ša₂",
"id": "P283540.l3ccd3",
"ref": "P283540.39.3",
"inst": "%akk-x-stdbab:ša₂=",
"f": {"lang": "akk-x-stdbab",
"form": "ša₂"}
}
,
{
"node": "l",
"frag": "SAG.⸢DU⸣",
"id": "P283540.l3ccd4",
"ref": "P283540.39.4",
"inst": "%akk-x-stdbab:SAG.DU=",
"f": {"lang": "akk-x-stdbab",
"form": "SAG.DU"}
}
,
{
"node": "d",
"type": "field-end",
"subtype": "eq"}
,
{
"node": "d",
"type": "cell-end"}
,
{
"node": "d",
"type": "nonx",
"ref": "P283540.40",
"strict": "1",
"extent": "1",
"scope": "line",
"state": "ruling"}
,
{
"node": "d",
"type": "line-start",
"ref": "P283540.41",
"n": "13",
"label": "r 13"}
,
{
"node": "d",
"type": "cell-start"}
,
{
"node": "d",
"type": "field-start",
"subtype": "wp"}
,
{
"node": "l",
"frag": "[...]",
"id": "P283540.l3ccd5",
"ref": "P283540.41.1",
"inst": "%sux:x=",
"f": {"lang": "sux",
"form": "x"}
}
,
{
"node": "d",
"type": "field-end",
"subtype": "wp"}
,
{
"node": "d",
"type": "cell-end"}
,
{
"node": "d",
"type": "cell-start"}
,
{
"node": "d",
"type": "field-start",
"subtype": "eq"}
,
{
"node": "l",
"frag": "[...]-⸢du⸣",
"id": "P283540.l3ccd6",
"ref": "P283540.41.2",
"inst": "%akk-x-stdbab:x-du=",
"f": {"lang": "akk-x-stdbab",
"form": "x-du"}
}
,
{
"node": "d",
"type": "field-end",
"subtype": "eq"}
,
{
"node": "d",
"type": "cell-end"}
,
{
"node": "d",
"type": "nonx",
"ref": "P283540.42",
"strict": "1",
"extent": "1",
"scope": "line",
"state": "missing"}
,
{
"node": "d",
"type": "line-start",
"ref": "P283540.43",
"n": "15",
"label": "r 15"}
,
{
"node": "d",
"type": "cell-start"}
,
{
"node": "d",
"type": "field-start",
"subtype": "wp"}
,
{
"node": "l",
"frag": "⸢kiŋ₂⸣-[kiŋ₂]",
"id": "P283540.l3ccd7",
"ref": "P283540.43.1",
"inst": "%sux:kiŋ₂-kiŋ₂=",
"f": {"lang": "sux",
"form": "kiŋ₂-kiŋ₂"}
}
,
{
"node": "d",
"type": "field-end",
"subtype": "wp"}
,
{
"node": "d",
"type": "cell-end"}
,
{
"node": "d",
"type": "cell-start"}
,
{
"node": "d",
"type": "field-start",
"subtype": "eq"}
,
{
"node": "l",
"frag": "[...]",
"id": "P283540.l3ccd8",
"ref": "P283540.43.2",
"inst": "%akk-x-stdbab:x=",
"f": {"lang": "akk-x-stdbab",
"form": "x"}
}
,
{
"node": "d",
"type": "field-end",
"subtype": "eq"}
,
{
"node": "d",
"type": "cell-end"}
,
{
"node": "d",
"type": "line-start",
"ref": "P283540.44",
"n": "16",
"label": "r 16"}
,
{
"node": "d",
"type": "cell-start"}
,
{
"node": "d",
"type": "field-start",
"subtype": "wp"}
,
{
"node": "l",
"frag": "⸢kiŋ₂⸣-[kiŋ₂]",
"id": "P283540.l3ccd9",
"ref": "P283540.44.1",
"inst": "%sux:kiŋ₂-kiŋ₂=",
"f": {"lang": "sux",
"form": "kiŋ₂-kiŋ₂"}
}
,
{
"node": "d",
"type": "field-end",
"subtype": "wp"}
,
{
"node": "d",
"type": "cell-end"}
,
{
"node": "d",
"type": "cell-start"}
,
{
"node": "d",
"type": "field-start",
"subtype": "eq"}
,
{
"node": "l",
"frag": "[...]",
"id": "P283540.l3ccda",
"ref": "P283540.44.2",
"inst": "%akk-x-stdbab:x=",
"f": {"lang": "akk-x-stdbab",
"form": "x"}
}
,
{
"node": "d",
"type": "field-end",
"subtype": "eq"}
,
{
"node": "d",
"type": "cell-end"}
,
{
"node": "d",
"type": "line-start",
"ref": "P283540.45",
"n": "17",
"label": "r 17"}
,
{
"node": "d",
"type": "cell-start"}
,
{
"node": "d",
"type": "field-start",
"subtype": "wp"}
,
{
"node": "l",
"frag": "⸢kiŋ₂-kiŋ₂⸣",
"id": "P283540.l3ccdb",
"ref": "P283540.45.1",
"inst": "%sux:kiŋ₂-kiŋ₂=",
"f": {"lang": "sux",
"form": "kiŋ₂-kiŋ₂"}
}
,
{
"node": "d",
"type": "field-end",
"subtype": "wp"}
,
{
"node": "d",
"type": "cell-end"}
,
{
"node": "d",
"type": "cell-start"}
,
{
"node": "d",
"type": "field-start",
"subtype": "eq"}
,
{
"node": "l",
"frag": "⸢x⸣-[...]",
"id": "P283540.l3ccdc",
"ref": "P283540.45.2",
"inst": "%akk-x-stdbab:x-x=",
"f": {"lang": "akk-x-stdbab",
"form": "x-x"}
}
,
{
"node": "d",
"type": "field-end",
"subtype": "eq"}
,
{
"node": "d",
"type": "cell-end"}
,
{
"node": "d",
"type": "line-start",
"ref": "P283540.46",
"n": "18",
"label": "r 18"}
,
{
"node": "d",
"type": "cell-start"}
,
{
"node": "d",
"type": "field-start",
"subtype": "wp"}
,
{
"node": "l",
"frag": "⸢kiŋ₂⸣-kiŋ₂",
"id": "P283540.l3ccdd",
"ref": "P283540.46.1",
"inst": "%sux:kiŋ₂-kiŋ₂=",
"f": {"lang": "sux",
"form": "kiŋ₂-kiŋ₂"}
}
,
{
"node": "d",
"type": "field-end",
"subtype": "wp"}
,
{
"node": "d",
"type": "cell-end"}
,
{
"node": "d",
"type": "cell-start"}
,
{
"node": "d",
"type": "field-start",
"subtype": "eq"}
,
{
"node": "l",
"frag": "nap-[...]",
"id": "P283540.l3ccde",
"ref": "P283540.46.2",
"inst": "%akk-x-stdbab:nap-x=",
"f": {"lang": "akk-x-stdbab",
"form": "nap-x"}
}
,
{
"node": "d",
"type": "field-end",
"subtype": "eq"}
,
{
"node": "d",
"type": "cell-end"}
,
{
"node": "d",
"type": "line-start",
"ref": "P283540.47",
"n": "19",
"label": "r 19"}
,
{
"node": "d",
"type": "cell-start"}
,
{
"node": "d",
"type": "field-start",
"subtype": "wp"}
,
{
"node": "l",
"frag": "kiŋ₂",
"id": "P283540.l3ccdf",
"ref": "P283540.47.1",
"inst": "%sux:kiŋ₂=",
"f": {"lang": "sux",
"form": "kiŋ₂"}
}
,
{
"node": "d",
"type": "field-end",
"subtype": "wp"}
,
{
"node": "d",
"type": "cell-end"}
,
{
"node": "d",
"type": "cell-start"}
,
{
"node": "d",
"type": "field-start",
"subtype": "eq"}
,
{
"node": "l",
"frag": "⸢ter⸣-[tu]",
"id": "P283540.l3cce0",
"ref": "P283540.47.2",
"inst": "%akk-x-stdbab:ter-tu=",
"f": {"lang": "akk-x-stdbab",
"form": "ter-tu"}
}
,
{
"node": "d",
"type": "field-end",
"subtype": "eq"}
,
{
"node": "d",
"type": "cell-end"}
,
{
"node": "d",
"type": "line-start",
"ref": "P283540.48",
"n": "20",
"label": "r 20"}
,
{
"node": "d",
"type": "cell-start"}
,
{
"node": "d",
"type": "field-start",
"subtype": "wp"}
,
{
"node": "l",
"frag": "kiŋ₂-gi₄-a",
"id": "P283540.l3cce1",
"ref": "P283540.48.1",
"inst": "%sux:kiŋ₂-gi₄-a=",
"f": {"lang": "sux",
"form": "kiŋ₂-gi₄-a"}
}
,
{
"node": "d",
"type": "field-end",
"subtype": "wp"}
,
{
"node": "d",
"type": "cell-end"}
,
{
"node": "d",
"type": "cell-start"}
,
{
"node": "d",
"type": "field-start",
"subtype": "eq"}
,
{
"node": "d",
"type": "nonw",
"ref": "P283540.48.2",
"lang": "akk-x-stdbab",
"type": "surro"}
,
{
"node": "l",
"id": "P283540.l3cce2",
"ref": "P283540.48.3",
"inst": "%akk-x-stdbab:ter-tu=",
"f": {"lang": "akk-x-stdbab",
"form": "ter-tu"}
}
,
{
"node": "d",
"type": "field-end",
"subtype": "eq"}
,
{
"node": "d",
"type": "cell-end"}
,
{
"node": "d",
"type": "line-start",
"ref": "P283540.49",
"n": "21",
"label": "r 21"}
,
{
"node": "d",
"type": "cell-start"}
,
{
"node": "d",
"type": "field-start",
"subtype": "wp"}
,
{
"node": "l",
"frag": "⸢kiŋ₂⸣",
"id": "P283540.l3cce3",
"ref": "P283540.49.1",
"inst": "%sux:kiŋ₂=",
"f": {"lang": "sux",
"form": "kiŋ₂"}
}
,
{
"node": "l",
"frag": "gal",
"id": "P283540.l3cce4",
"ref": "P283540.49.2",
"inst": "%sux:gal=",
"f": {"lang": "sux",
"form": "gal"}
}
,
{
"node": "d",
"type": "field-end",
"subtype": "wp"}
,
{
"node": "d",
"type": "cell-end"}
,
{
"node": "d",
"type": "cell-start"}
,
{
"node": "d",
"type": "field-start",
"subtype": "eq"}
,
{
"node": "l",
"frag": "ra-bu-[u₂]",
"id": "P283540.l3cce5",
"ref": "P283540.49.3",
"inst": "%akk-x-stdbab:ra-bu-u₂=",
"f": {"lang": "akk-x-stdbab",
"form": "ra-bu-u₂"}
}
,
{
"node": "d",
"type": "field-end",
"subtype": "eq"}
,
{
"node": "d",
"type": "cell-end"}
,
{
"node": "d",
"type": "line-start",
"ref": "P283540.50",
"n": "22",
"label": "r 22"}
,
{
"node": "d",
"type": "cell-start"}
,
{
"node": "d",
"type": "field-start",
"subtype": "wp"}
,
{
"node": "l",
"frag": "⸢kiŋ₂⸣",
"id": "P283540.l3cce6",
"ref": "P283540.50.1",
"inst": "%sux:kiŋ₂=",
"f": {"lang": "sux",
"form": "kiŋ₂"}
}
,
{
"node": "l",
"frag": "gal-gal(|MA.BAR|)",
"id": "P283540.l3cce7",
"ref": "P283540.50.2",
"inst": "%sux:gal-gal(|MA.BAR|)=",
"f": {"lang": "sux",
"form": "gal-gal(|MA.BAR|)"}
}
,
{
"node": "d",
"type": "field-end",
"subtype": "wp"}
,
{
"node": "d",
"type": "cell-end"}
,
{
"node": "d",
"type": "cell-start"}
,
{
"node": "d",
"type": "field-start",
"subtype": "eq"}
,
{
"node": "l",
"frag": "ra-ab-bu-[tu]",
"id": "P283540.l3cce8",
"ref": "P283540.50.3",
"inst": "%akk-x-stdbab:ra-ab-bu-tu=",
"f": {"lang": "akk-x-stdbab",
"form": "ra-ab-bu-tu"}
}
,
{
"node": "d",
"type": "field-end",
"subtype": "eq"}
,
{
"node": "d",
"type": "cell-end"}
,
{
"node": "d",
"type": "nonx",
"ref": "P283540.51",
"strict": "1",
"extent": "1",
"scope": "line",
"state": "ruling"}
,
{
"node": "d",
"type": "line-start",
"ref": "P283540.52",
"n": "23",
"label": "r 23"}
,
{
"node": "d",
"type": "cell-start"}
,
{
"node": "d",
"type": "field-start",
"subtype": "wp"}
,
{
"node": "l",
"frag": "kiŋ₂-gal",
"id": "P283540.l3cce9",
"ref": "P283540.52.1",
"inst": "kingal[official]N",
"sig": "@dcclt%sux:kiŋ₂-gal=kingal[official//official]N'N$kingal/kin-gal#~",
"f": {"lang": "sux",
"form": "kiŋ₂-gal",
"cf": "kingal",
"gw": "official",
"sense": "official",
"norm0": "kingal",
"pos": "N",
"epos": "N",
"base": "kin-gal",
"morph": "~"}
}
,
{
"node": "d",
"type": "field-end",
"subtype": "wp"}
,
{
"node": "d",
"type": "cell-end"}
,
{
"node": "d",
"type": "cell-start"}
,
{
"node": "d",
"type": "field-start",
"subtype": "eq"}
,
{
"node": "l",
"frag": "mu-er-rum",
"id": "P283540.l3ccea",
"ref": "P283540.52.2",
"inst": "muʾerru[leader (of an assembly)]N$muʾerrum",
"sig": "@dcclt%akk-x-stdbab:mu-er-rum=muʾerru[leader (of an assembly)//leader (of an assembly)]N'N$muʾerrum",
"f": {"lang": "akk-x-stdbab",
"form": "mu-er-rum",
"cf": "muʾerru",
"gw": "leader (of an assembly)",
"sense": "leader (of an assembly)",
"norm": "muʾerrum",
"pos": "N",
"epos": "N"}
}
,
{
"node": "d",
"type": "field-end",
"subtype": "eq"}
,
{
"node": "d",
"type": "cell-end"}
,
{
"node": "d",
"type": "line-start",
"ref": "P283540.53",
"n": "24",
"label": "r 24"}
,
{
"node": "d",
"type": "cell-start"}
,
{
"node": "d",
"type": "field-start",
"subtype": "wp"}
,
{
"node": "l",
"frag": "kiŋ₂-gal-ud-da",
"id": "P283540.l3cceb",
"ref": "P283540.53.1",
"inst": "Kiŋgaluda[demon]",
"sig": "@dcclt%sux:kiŋ₂-gal-ud-da=Kiŋgaluda[1//a storm demon]DN'DN$Kiŋgaluda/kiŋ₂-gal-ud-da#~",
"f": {"lang": "sux",
"form": "kiŋ₂-gal-ud-da",
"cf": "Kiŋgaluda",
"gw": "1",
"sense": "a storm demon",
"norm0": "Kiŋgaluda",
"pos": "DN",
"epos": "DN",
"base": "kiŋ₂-gal-ud-da",
"morph": "~"}
}
,
{
"node": "d",
"type": "field-end",
"subtype": "wp"}
,
{
"node": "d",
"type": "cell-end"}
,
{
"node": "d",
"type": "cell-start"}
,
{
"node": "d",
"type": "field-start",
"subtype": "eq"}
,
{
"node": "l",
"frag": "mu-ut-ti-lu",
"id": "P283540.l3ccec",
"ref": "P283540.53.2",
"inst": "muttellû[that roams around]N$",
"sig": "@dcclt%akk-x-stdbab:mu-ut-ti-lu=muttellû[that roams around//that roams around]N'N$muttellû",
"f": {"lang": "akk-x-stdbab",
"form": "mu-ut-ti-lu",
"cf": "muttellû",
"gw": "that roams around",
"sense": "that roams around",
"norm": "muttellû",
"pos": "N",
"epos": "N"}
}
,
{
"node": "d",
"type": "field-end",
"subtype": "eq"}
,
{
"node": "d",
"type": "cell-end"}
,
{
"node": "d",
"type": "line-start",
"ref": "P283540.54",
"n": "25",
"label": "r 25"}
,
{
"node": "d",
"type": "cell-start"}
,
{
"node": "d",
"type": "field-start",
"subtype": "wp"}
,
{
"node": "l",
"frag": "⸢kiŋ₂⸣",
"id": "P283540.l3cced",
"ref": "P283540.54.1",
"inst": "%sux:kiŋ₂=",
"f": {"lang": "sux",
"form": "kiŋ₂"}
}
,
{
"node": "l",
"frag": "gi₄",
"id": "P283540.l3ccee",
"ref": "P283540.54.2",
"inst": "%sux:gi₄=",
"f": {"lang": "sux",
"form": "gi₄"}
}
,
{
"node": "d",
"type": "field-end",
"subtype": "wp"}
,
{
"node": "d",
"type": "cell-end"}
,
{
"node": "d",
"type": "cell-start"}
,
{
"node": "d",
"type": "field-start",
"subtype": "eq"}
,
{
"node": "l",
"frag": "⸢ša⸣-pa-rum",
"id": "P283540.l3ccef",
"ref": "P283540.54.3",
"inst": "%akk-x-stdbab:ša-pa-rum=",
"f": {"lang": "akk-x-stdbab",
"form": "ša-pa-rum"}
}
,
{
"node": "d",
"type": "field-end",
"subtype": "eq"}
,
{
"node": "d",
"type": "cell-end"}
,
{
"node": "d",
"type": "line-start",
"ref": "P283540.55",
"n": "26",
"label": "r 26"}
,
{
"node": "d",
"type": "cell-start"}
,
{
"node": "d",
"type": "field-start",
"subtype": "wp"}
,
{
"node": "l",
"frag": "⸢kiŋ₂⸣",
"id": "P283540.l3ccf0",
"ref": "P283540.55.1",
"inst": "%sux:kiŋ₂=",
"f": {"lang": "sux",
"form": "kiŋ₂"}
}
,
{
"node": "l",
"frag": "gi₄",
"id": "P283540.l3ccf1",
"ref": "P283540.55.2",
"inst": "%sux:gi₄=",
"f": {"lang": "sux",
"form": "gi₄"}
}
,
{
"node": "d",
"type": "field-end",
"subtype": "wp"}
,
{
"node": "d",
"type": "cell-end"}
,
{
"node": "d",
"type": "cell-start"}
,
{
"node": "d",
"type": "field-start",
"subtype": "eq"}
,
{
"node": "l",
"frag": "uh-hu-rum",
"id": "P283540.l3ccf2",
"ref": "P283540.55.3",
"inst": "%akk-x-stdbab:uh-hu-rum=",
"f": {"lang": "akk-x-stdbab",
"form": "uh-hu-rum"}
}
,
{
"node": "d",
"type": "field-end",
"subtype": "eq"}
,
{
"node": "d",
"type": "cell-end"}
,
{
"node": "d",
"type": "line-start",
"ref": "P283540.56",
"n": "27",
"label": "r 27"}
,
{
"node": "d",
"type": "cell-start"}
,
{
"node": "d",
"type": "field-start",
"subtype": "wp"}
,
{
"node": "l",
"frag": "⸢kiŋ₂⸣-gi₄",
"id": "P283540.l3ccf3",
"ref": "P283540.56.1",
"inst": "%sux:kiŋ₂-gi₄=",
"f": {"lang": "sux",
"form": "kiŋ₂-gi₄"}
}
,
{
"node": "d",
"type": "field-end",
"subtype": "wp"}
,
{
"node": "d",
"type": "cell-end"}
,
{
"node": "d",
"type": "cell-start"}
,
{
"node": "d",
"type": "field-start",
"subtype": "eq"}
,
{
"node": "l",
"frag": "ip-pi-rum",
"id": "P283540.l3ccf4",
"ref": "P283540.56.2",
"inst": "%akk-x-stdbab:ip-pi-rum=",
"f": {"lang": "akk-x-stdbab",
"form": "ip-pi-rum"}
}
,
{
"node": "d",
"type": "field-end",
"subtype": "eq"}
,
{
"node": "d",
"type": "cell-end"}
,
{
"node": "d",
"type": "line-start",
"ref": "P283540.57",
"n": "28",
"label": "r 28"}
,
{
"node": "d",
"type": "cell-start"}
,
{
"node": "d",
"type": "field-start",
"subtype": "wp"}
,
{
"node": "l",
"frag": "⸢kiŋ₂⸣",
"id": "P283540.l3ccf5",
"ref": "P283540.57.1",
"inst": "%sux:kiŋ₂=",
"f": {"lang": "sux",
"form": "kiŋ₂"}
}
,
{
"node": "l",
"frag": "gi₄-a",
"id": "P283540.l3ccf6",
"ref": "P283540.57.2",
"inst": "%sux:gi₄-a=",
"f": {"lang": "sux",
"form": "gi₄-a"}
}
,
{
"node": "d",
"type": "field-end",
"subtype": "wp"}
,
{
"node": "d",
"type": "cell-end"}
,
{
"node": "d",
"type": "cell-start"}
,
{
"node": "d",
"type": "field-start",
"subtype": "eq"}
,
{
"node": "l",
"frag": "a-mu-u₂",
"id": "P283540.l3ccf7",
"ref": "P283540.57.3",
"inst": "%akk-x-stdbab:a-mu-u₂=",
"f": {"lang": "akk-x-stdbab",
"form": "a-mu-u₂"}
}
,
{
"node": "d",
"type": "field-end",
"subtype": "eq"}
,
{
"node": "d",
"type": "cell-end"}
,
{
"node": "d",
"type": "line-start",
"ref": "P283540.58",
"n": "29",
"label": "r 29"}
,
{
"node": "d",
"type": "cell-start"}
,
{
"node": "d",
"type": "field-start",
"subtype": "wp"}
,
{
"node": "l",
"frag": "kiŋ₂-gi₄-a",
"id": "P283540.l3ccf8",
"ref": "P283540.58.1",
"inst": "%sux:kiŋ₂-gi₄-a=",
"f": {"lang": "sux",
"form": "kiŋ₂-gi₄-a"}
}
,
{
"node": "d",
"type": "field-end",
"subtype": "wp"}
,
{
"node": "d",
"type": "cell-end"}
,
{
"node": "d",
"type": "cell-start"}
,
{
"node": "d",
"type": "field-start",
"subtype": "eq"}
,
{
"node": "l",
"frag": "ter-tu",
"id": "P283540.l3ccf9",
"ref": "P283540.58.2",
"inst": "%akk-x-stdbab:ter-tu=",
"f": {"lang": "akk-x-stdbab",
"form": "ter-tu"}
}
,
{
"node": "d",
"type": "field-end",
"subtype": "eq"}
,
{
"node": "d",
"type": "cell-end"}
,
{
"node": "d",
"type": "line-start",
"ref": "P283540.59",
"n": "30",
"label": "r 30"}
,
{
"node": "d",
"type": "cell-start"}
,
{
"node": "d",
"type": "field-start",
"subtype": "wp"}
,
{
"node": "l",
"frag": "kiŋ₂",
"id": "P283540.l3ccfa",
"ref": "P283540.59.1",
"inst": "%sux:kiŋ₂=",
"f": {"lang": "sux",
"form": "kiŋ₂"}
}
,
{
"node": "l",
"frag": "gi₄-a",
"id": "P283540.l3ccfb",
"ref": "P283540.59.2",
"inst": "%sux:gi₄-a=",
"f": {"lang": "sux",
"form": "gi₄-a"}
}
,
{
"node": "d",
"type": "field-end",
"subtype": "wp"}
,
{
"node": "d",
"type": "cell-end"}
,
{
"node": "d",
"type": "cell-start"}
,
{
"node": "d",
"type": "field-start",
"subtype": "eq"}
,
{
"node": "l",
"frag": "ša₂-pa-rum",
"id": "P283540.l3ccfc",
"ref": "P283540.59.3",
"inst": "%akk-x-stdbab:ša₂-pa-rum=",
"f": {"lang": "akk-x-stdbab",
"form": "ša₂-pa-rum"}
}
,
{
"node": "d",
"type": "field-end",
"subtype": "eq"}
,
{
"node": "d",
"type": "cell-end"}
,
{
"node": "d",
"type": "line-start",
"ref": "P283540.60",
"n": "31",
"label": "r 31"}
,
{
"node": "d",
"type": "cell-start"}
,
{
"node": "d",
"type": "field-start",
"subtype": "wp"}
,
{
"node": "l",
"frag": "saŋ",
"id": "P283540.l3ccfd",
"ref": "P283540.60.1",
"inst": "%sux:saŋ=",
"f": {"lang": "sux",
"form": "saŋ"}
}
,
{
"node": "l",
"frag": "kiŋ₂",
"id": "P283540.l3ccfe",
"ref": "P283540.60.2",
"inst": "%sux:kiŋ₂=",
"f": {"lang": "sux",
"form": "kiŋ₂"}
}
,
{
"node": "d",
"type": "field-end",
"subtype": "wp"}
,
{
"node": "d",
"type": "cell-end"}
,
{
"node": "d",
"type": "cell-start"}
,
{
"node": "d",
"type": "field-start",
"subtype": "eq"}
,
{
"node": "l",
"frag": "se-e-rum",
"id": "P283540.l3ccff",
"ref": "P283540.60.3",
"inst": "%akk-x-stdbab:se-e-rum=",
"f": {"lang": "akk-x-stdbab",
"form": "se-e-rum"}
}
,
{
"node": "d",
"type": "field-end",
"subtype": "eq"}
,
{
"node": "d",
"type": "cell-end"}
,
{
"node": "d",
"type": "nonx",
"ref": "P283540.61",
"strict": "1",
"extent": "1",
"scope": "line",
"state": "ruling"}
,
{
"node": "d",
"type": "line-start",
"ref": "P283540.62",
"n": "32",
"label": "r 32"}
,
{
"node": "l",
"frag": "⸢ŠU⸣",
"id": "P283540.l3cd00",
"ref": "P283540.62.1",
"inst": "%akk-x-stdbab:ŠU=",
"f": {"lang": "akk-x-stdbab",
"form": "ŠU"}
}
,
{
"node": "l",
"frag": "{m}gab-bu-⸢A₂-DAH-ra-x-x⸣",
"id": "P283540.l3cd01",
"ref": "P283540.62.2",
"inst": "%akk-x-stdbab:{m}gab-bu-A₂-DAH-ra-x-x=",
"f": {"lang": "akk-x-stdbab",
"form": "{m}gab-bu-A₂-DAH-ra-x-x"}
}
]}
]}
]}
]}
