{
"type": "cdl",
  "source": "http://oracc.org/dcclt",
  "license": "This data is released under the CC0 license",
  "license-url": "https://creativecommons.org/publicdomain/zero/1.0/",
  "more-info": "http://oracc.org/doc/opendata/",
  "UTC-timestamp": "2017-05-19T18:25:46",
"project": "dcclt",
"textid": "P296528",
"cdl": [
{
"node": "c",
"type": "text",
"id": "P296528.U0",
"cdl": [
{
"node": "d",
"type": "object",
"ref": ""}
,
{
"node": "d",
"subtype": "obverse",
"type": "surface",
"ref": "P296528.o.1",
"type": "obverse",
"label": "o"}
,
{
"node": "c",
"type": "discourse",
"subtype": "body",
"id": "P296528.U1",
"cdl": [
{
"node": "c",
"type": "sentence",
"id": "P296528.U2",
"label": "o 1 - r vi 10'",
"cdl": [
{
"node": "d",
"type": "line-start",
"ref": "P296528.2",
"n": "1",
"label": "o 1"}
,
{
"node": "l",
"frag": "{ŋeš}IGI-TUR",
"id": "P296528.l1b86f",
"ref": "P296528.2.1",
"inst": "X",
"f": {"lang": "sux",
"form": "{ŋeš}IGI-TUR",
"pos": "X"}
}
,
{
"node": "d",
"type": "line-start",
"ref": "P296528.3",
"n": "2",
"label": "o 2"}
,
{
"node": "l",
"frag": "{ŋeš}ligima",
"id": "P296528.l1b870",
"ref": "P296528.3.1",
"inst": "ligima[shoot, sapling]N",
"sig": "@dcclt%sux:{ŋeš}ligima=ligima[shoot//shoot, sapling]N'N$ligima/{ŋeš}ligima#~",
"f": {"lang": "sux",
"form": "{ŋeš}ligima",
"cf": "ligima",
"gw": "shoot",
"sense": "shoot, sapling",
"norm0": "ligima",
"pos": "N",
"epos": "N",
"base": "{ŋeš}ligima",
"morph": "~"}
}
,
{
"node": "d",
"type": "line-start",
"ref": "P296528.4",
"n": "3",
"label": "o 3"}
,
{
"node": "l",
"frag": "{ŋeš}ŋešnimbar",
"id": "P296528.l1b871",
"ref": "P296528.4.1",
"inst": "ŋešnimbar[date palm]N",
"sig": "@dcclt%sux:{ŋeš}ŋešnimbar=ŋešnimbar[palm//date palm]N'N$ŋešnimbar/{ŋeš}ŋešnimbar#~",
"f": {"lang": "sux",
"form": "{ŋeš}ŋešnimbar",
"cf": "ŋešnimbar",
"gw": "palm",
"sense": "date palm",
"norm0": "ŋešnimbar",
"pos": "N",
"epos": "N",
"base": "{ŋeš}ŋešnimbar",
"morph": "~"}
}
,
{
"node": "d",
"type": "line-start",
"ref": "P296528.5",
"n": "4",
"label": "o 4"}
,
{
"node": "l",
"frag": "{ŋeš}ŋešnimbar",
"id": "P296528.l1b872",
"ref": "P296528.5.1",
"inst": "ŋešnimbar[date palm]N",
"sig": "@dcclt%sux:{ŋeš}ŋešnimbar=ŋešnimbar[palm//date palm]N'N$ŋešnimbar/{ŋeš}ŋešnimbar#~",
"f": {"lang": "sux",
"form": "{ŋeš}ŋešnimbar",
"cf": "ŋešnimbar",
"gw": "palm",
"sense": "date palm",
"norm0": "ŋešnimbar",
"pos": "N",
"epos": "N",
"base": "{ŋeš}ŋešnimbar",
"morph": "~"}
}
,
{
"node": "l",
"frag": "suhušₓ(TUR)",
"id": "P296528.l1b873",
"ref": "P296528.5.2",
"inst": "suhuš[date palm offshoot]N",
"sig": "@dcclt%sux:suhušₓ(TUR)=suhuš[offshoot//date palm offshoot]N'N$suhuš/suhušₓ(TUR)#~",
"f": {"lang": "sux",
"form": "suhušₓ(TUR)",
"cf": "suhuš",
"gw": "offshoot",
"sense": "date palm offshoot",
"norm0": "suhuš",
"pos": "N",
"epos": "N",
"base": "suhušₓ(TUR)",
"morph": "~"}
}
,
{
"node": "d",
"type": "line-start",
"ref": "P296528.6",
"n": "5",
"label": "o 5"}
,
{
"node": "l",
"frag": "{[ŋeš]}⸢ŋešnimbar⸣",
"id": "P296528.l1b874",
"ref": "P296528.6.1",
"inst": "ŋešnimbar[date palm]N",
"sig": "@dcclt%sux:{ŋeš}ŋešnimbar=ŋešnimbar[palm//date palm]N'N$ŋešnimbar/{ŋeš}ŋešnimbar#~",
"f": {"lang": "sux",
"form": "{ŋeš}ŋešnimbar",
"cf": "ŋešnimbar",
"gw": "palm",
"sense": "date palm",
"norm0": "ŋešnimbar",
"pos": "N",
"epos": "N",
"base": "{ŋeš}ŋešnimbar",
"morph": "~"}
}
,
{
"node": "l",
"frag": "tur",
"id": "P296528.l1b875",
"ref": "P296528.6.2",
"inst": "tur[small]V/i",
"sig": "@dcclt%sux:tur=tur[small//small]V/i'V/i$tur/tur#~",
"f": {"lang": "sux",
"form": "tur",
"cf": "tur",
"gw": "small",
"sense": "small",
"norm0": "tur",
"pos": "V/i",
"epos": "V/i",
"base": "tur",
"morph": "~"}
}
,
{
"node": "d",
"type": "nonx",
"ref": "P296528.7",
"strict": "1",
"extent": "rest",
"scope": "column",
"state": "missing"}
,
{
"node": "d",
"subtype": "column 2o",
"type": "column",
"ref": "P296528.o.ii.8",
"n": "2",
"label": "o ii"}
,
{
"node": "d",
"type": "nonx",
"ref": "P296528.9",
"strict": "0",
"extent": "1",
"scope": "column",
"state": "other"}
,
{
"node": "d",
"subtype": "reverse",
"type": "surface",
"ref": "P296528.r.10",
"type": "reverse",
"label": "r"}
,
{
"node": "d",
"type": "nonx",
"ref": "P296528.11",
"strict": "1",
"extent": "4",
"scope": "column",
"state": "missing"}
,
{
"node": "d",
"subtype": "column 5r",
"type": "column",
"ref": "P296528.r.v.12",
"n": "5",
"label": "r v"}
,
{
"node": "d",
"type": "nonx",
"ref": "P296528.13",
"strict": "1",
"extent": "beginning",
"scope": "column",
"state": "missing"}
,
{
"node": "d",
"type": "line-start",
"ref": "P296528.14",
"n": "1'",
"label": "r v 1'"}
,
{
"node": "l",
"frag": "{ŋeš}ur-nu-[um]",
"id": "P296528.l1b876",
"ref": "P296528.14.1",
"inst": "urnum[a cedar]N",
"sig": "@dcclt%sux:{ŋeš}ur-nu-um=urnum[cedar//a cedar]N'N$urnum/{ŋeš}ur-nu-um#~",
"f": {"lang": "sux",
"form": "{ŋeš}ur-nu-um",
"cf": "urnum",
"gw": "cedar",
"sense": "a cedar",
"norm0": "urnum",
"pos": "N",
"epos": "N",
"base": "{ŋeš}ur-nu-um",
"morph": "~"}
}
,
{
"node": "d",
"type": "line-start",
"ref": "P296528.15",
"n": "2'",
"label": "r v 2'"}
,
{
"node": "l",
"frag": "{ŋeš}ti-a-ru-um",
"id": "P296528.l1b877",
"ref": "P296528.15.1",
"inst": "tiʾarum[a tree]N",
"sig": "@dcclt%sux:{ŋeš}ti-a-ru-um=tiʾarum[tree//a tree]N'N$tiʾarum/{ŋeš}ti-a-ru-um#~",
"f": {"lang": "sux",
"form": "{ŋeš}ti-a-ru-um",
"cf": "tiʾarum",
"gw": "tree",
"sense": "a tree",
"norm0": "tiʾarum",
"pos": "N",
"epos": "N",
"base": "{ŋeš}ti-a-ru-um",
"morph": "~"}
}
,
{
"node": "d",
"type": "line-start",
"ref": "P296528.16",
"n": "3'",
"label": "r v 3'"}
,
{
"node": "l",
"frag": "{ŋeš}i-ri-a-nu-um",
"id": "P296528.l1b878",
"ref": "P296528.16.1",
"inst": "ilianum[a tree]N",
"sig": "@dcclt%sux:{ŋeš}i-ri-a-nu-um=ilianum[tree//a tree]N'N$ilianum/{ŋeš}i-ri-a-nu-um#~",
"f": {"lang": "sux",
"form": "{ŋeš}i-ri-a-nu-um",
"cf": "ilianum",
"gw": "tree",
"sense": "a tree",
"norm0": "ilianum",
"pos": "N",
"epos": "N",
"base": "{ŋeš}i-ri-a-nu-um",
"morph": "~"}
}
,
{
"node": "d",
"type": "line-start",
"ref": "P296528.17",
"n": "4'",
"label": "r v 4'"}
,
{
"node": "l",
"frag": "{ŋeš}ur-zi-num₂",
"id": "P296528.l1b879",
"ref": "P296528.17.1",
"inst": "urzinum[tree]N",
"sig": "@dcclt%sux:{ŋeš}ur-zi-num₂=urzinum[tree//tree]N'N$urzinum/{ŋeš}ur-zi-num₂#~",
"f": {"lang": "sux",
"form": "{ŋeš}ur-zi-num₂",
"cf": "urzinum",
"gw": "tree",
"sense": "tree",
"norm0": "urzinum",
"pos": "N",
"epos": "N",
"base": "{ŋeš}ur-zi-num₂",
"morph": "~"}
}
,
{
"node": "d",
"type": "line-start",
"ref": "P296528.18",
"n": "5'",
"label": "r v 5'"}
,
{
"node": "l",
"frag": "{ŋeš}isimu₃{mu₂}",
"id": "P296528.l1b87a",
"ref": "P296528.18.1",
"inst": "isimu[stalk, sprout, shoot]N",
"sig": "@dcclt%sux:{ŋeš}isimu₃{+mu₂}=isimu[sprout//sprout]N'N$isimu/{ŋeš}isimu₃{+mu₂}#~",
"f": {"lang": "sux",
"form": "{ŋeš}isimu₃{+mu₂}",
"cf": "isimu",
"gw": "sprout",
"sense": "sprout",
"norm0": "isimu",
"pos": "N",
"epos": "N",
"base": "{ŋeš}isimu₃{+mu₂}",
"morph": "~"}
}
,
{
"node": "d",
"type": "line-start",
"ref": "P296528.19",
"n": "6'",
"label": "r v 6'"}
,
{
"node": "l",
"frag": "{ŋeš}IGI-TUR",
"id": "P296528.l1b87b",
"ref": "P296528.19.1",
"inst": "X",
"f": {"lang": "sux",
"form": "{ŋeš}IGI-TUR",
"pos": "X"}
}
,
{
"node": "d",
"type": "line-start",
"ref": "P296528.20",
"n": "7'",
"label": "r v 7'"}
,
{
"node": "l",
"frag": "{ŋeš}ligima",
"id": "P296528.l1b87c",
"ref": "P296528.20.1",
"inst": "ligima[shoot, sapling]N",
"sig": "@dcclt%sux:{ŋeš}ligima=ligima[shoot//shoot, sapling]N'N$ligima/{ŋeš}ligima#~",
"f": {"lang": "sux",
"form": "{ŋeš}ligima",
"cf": "ligima",
"gw": "shoot",
"sense": "shoot, sapling",
"norm0": "ligima",
"pos": "N",
"epos": "N",
"base": "{ŋeš}ligima",
"morph": "~"}
}
,
{
"node": "d",
"type": "line-start",
"ref": "P296528.21",
"n": "8'",
"label": "r v 8'"}
,
{
"node": "l",
"frag": "{ŋeš}⸢ŋešnimbar⸣",
"id": "P296528.l1b87d",
"ref": "P296528.21.1",
"inst": "ŋešnimbar[date palm]N",
"sig": "@dcclt%sux:{ŋeš}ŋešnimbar=ŋešnimbar[palm//date palm]N'N$ŋešnimbar/{ŋeš}ŋešnimbar#~",
"f": {"lang": "sux",
"form": "{ŋeš}ŋešnimbar",
"cf": "ŋešnimbar",
"gw": "palm",
"sense": "date palm",
"norm0": "ŋešnimbar",
"pos": "N",
"epos": "N",
"base": "{ŋeš}ŋešnimbar",
"morph": "~"}
}
,
{
"node": "d",
"type": "line-start",
"ref": "P296528.22",
"n": "9'",
"label": "r v 9'"}
,
{
"node": "l",
"frag": "{ŋeš}ŋešnimbar",
"id": "P296528.l1b87e",
"ref": "P296528.22.1",
"inst": "ŋešnimbar[date palm]N",
"sig": "@dcclt%sux:{ŋeš}ŋešnimbar=ŋešnimbar[palm//date palm]N'N$ŋešnimbar/{ŋeš}ŋešnimbar#~",
"f": {"lang": "sux",
"form": "{ŋeš}ŋešnimbar",
"cf": "ŋešnimbar",
"gw": "palm",
"sense": "date palm",
"norm0": "ŋešnimbar",
"pos": "N",
"epos": "N",
"base": "{ŋeš}ŋešnimbar",
"morph": "~"}
}
,
{
"node": "l",
"frag": "suhušₓ(TUR)",
"id": "P296528.l1b87f",
"ref": "P296528.22.2",
"inst": "suhuš[date palm offshoot]N",
"sig": "@dcclt%sux:suhušₓ(TUR)=suhuš[offshoot//date palm offshoot]N'N$suhuš/suhušₓ(TUR)#~",
"f": {"lang": "sux",
"form": "suhušₓ(TUR)",
"cf": "suhuš",
"gw": "offshoot",
"sense": "date palm offshoot",
"norm0": "suhuš",
"pos": "N",
"epos": "N",
"base": "suhušₓ(TUR)",
"morph": "~"}
}
,
{
"node": "d",
"type": "line-start",
"ref": "P296528.23",
"n": "10'",
"label": "r v 10'"}
,
{
"node": "l",
"frag": "{ŋeš}ŋešnimbar",
"id": "P296528.l1b880",
"ref": "P296528.23.1",
"inst": "ŋešnimbar[date palm]N",
"sig": "@dcclt%sux:{ŋeš}ŋešnimbar=ŋešnimbar[palm//date palm]N'N$ŋešnimbar/{ŋeš}ŋešnimbar#~",
"f": {"lang": "sux",
"form": "{ŋeš}ŋešnimbar",
"cf": "ŋešnimbar",
"gw": "palm",
"sense": "date palm",
"norm0": "ŋešnimbar",
"pos": "N",
"epos": "N",
"base": "{ŋeš}ŋešnimbar",
"morph": "~"}
}
,
{
"node": "l",
"frag": "[tur]",
"id": "P296528.l1b881",
"ref": "P296528.23.2",
"inst": "tur[small]V/i",
"sig": "@dcclt%sux:tur=tur[small//small]V/i'V/i$tur/tur#~",
"f": {"lang": "sux",
"form": "tur",
"cf": "tur",
"gw": "small",
"sense": "small",
"norm0": "tur",
"pos": "V/i",
"epos": "V/i",
"base": "tur",
"morph": "~"}
}
,
{
"node": "d",
"subtype": "column 6r",
"type": "column",
"ref": "P296528.r.vi.24",
"n": "6",
"label": "r vi"}
,
{
"node": "d",
"type": "nonx",
"ref": "P296528.25",
"strict": "1",
"extent": "beginning",
"scope": "column",
"state": "missing"}
,
{
"node": "d",
"type": "line-start",
"ref": "P296528.26",
"n": "1'",
"label": "r vi 1'"}
,
{
"node": "l",
"frag": "6",
"id": "P296528.l1b882",
"ref": "P296528.26.1",
"inst": "n",
"f": {"lang": "sux",
"form": "6",
"pos": "n"}
}
,
{
"node": "l",
"frag": "še",
"id": "P296528.l1b883",
"ref": "P296528.26.2",
"inst": "še[barley]N",
"sig": "@dcclt%sux:še=še[barley//barley]N'N$še/še#~",
"f": {"lang": "sux",
"form": "še",
"cf": "še",
"gw": "barley",
"sense": "barley",
"norm0": "še",
"pos": "N",
"epos": "N",
"base": "še",
"morph": "~"}
}
,
{
"node": "l",
"frag": "kug-babbar",
"id": "P296528.l1b884",
"ref": "P296528.26.3",
"inst": "kugbabbar[silver]N",
"sig": "@dcclt%sux:kug-babbar=kugbabbar[silver//silver]N'N$kugbabbar/kug-babbar#~",
"f": {"lang": "sux",
"form": "kug-babbar",
"cf": "kugbabbar",
"gw": "silver",
"sense": "silver",
"norm0": "kugbabbar",
"pos": "N",
"epos": "N",
"base": "kug-babbar",
"morph": "~"}
}
,
{
"node": "d",
"type": "line-start",
"ref": "P296528.27",
"n": "2'",
"label": "r vi 2'"}
,
{
"node": "l",
"frag": "7",
"id": "P296528.l1b885",
"ref": "P296528.27.1",
"inst": "n",
"f": {"lang": "sux",
"form": "7",
"pos": "n"}
}
,
{
"node": "l",
"frag": "še",
"id": "P296528.l1b886",
"ref": "P296528.27.2",
"inst": "še[barley]N",
"sig": "@dcclt%sux:še=še[barley//barley]N'N$še/še#~",
"f": {"lang": "sux",
"form": "še",
"cf": "še",
"gw": "barley",
"sense": "barley",
"norm0": "še",
"pos": "N",
"epos": "N",
"base": "še",
"morph": "~"}
}
,
{
"node": "l",
"frag": "kug-babbar",
"id": "P296528.l1b887",
"ref": "P296528.27.3",
"inst": "kugbabbar[silver]N",
"sig": "@dcclt%sux:kug-babbar=kugbabbar[silver//silver]N'N$kugbabbar/kug-babbar#~",
"f": {"lang": "sux",
"form": "kug-babbar",
"cf": "kugbabbar",
"gw": "silver",
"sense": "silver",
"norm0": "kugbabbar",
"pos": "N",
"epos": "N",
"base": "kug-babbar",
"morph": "~"}
}
,
{
"node": "d",
"type": "line-start",
"ref": "P296528.28",
"n": "3'",
"label": "r vi 3'"}
,
{
"node": "l",
"frag": "8",
"id": "P296528.l1b888",
"ref": "P296528.28.1",
"inst": "n",
"f": {"lang": "sux",
"form": "8",
"pos": "n"}
}
,
{
"node": "l",
"frag": "še",
"id": "P296528.l1b889",
"ref": "P296528.28.2",
"inst": "še[barley]N",
"sig": "@dcclt%sux:še=še[barley//barley]N'N$še/še#~",
"f": {"lang": "sux",
"form": "še",
"cf": "še",
"gw": "barley",
"sense": "barley",
"norm0": "še",
"pos": "N",
"epos": "N",
"base": "še",
"morph": "~"}
}
,
{
"node": "l",
"frag": "kug-babbar",
"id": "P296528.l1b88a",
"ref": "P296528.28.3",
"inst": "kugbabbar[silver]N",
"sig": "@dcclt%sux:kug-babbar=kugbabbar[silver//silver]N'N$kugbabbar/kug-babbar#~",
"f": {"lang": "sux",
"form": "kug-babbar",
"cf": "kugbabbar",
"gw": "silver",
"sense": "silver",
"norm0": "kugbabbar",
"pos": "N",
"epos": "N",
"base": "kug-babbar",
"morph": "~"}
}
,
{
"node": "d",
"type": "line-start",
"ref": "P296528.29",
"n": "4'",
"label": "r vi 4'"}
,
{
"node": "l",
"frag": "9",
"id": "P296528.l1b88b",
"ref": "P296528.29.1",
"inst": "n",
"f": {"lang": "sux",
"form": "9",
"pos": "n"}
}
,
{
"node": "l",
"frag": "še",
"id": "P296528.l1b88c",
"ref": "P296528.29.2",
"inst": "še[barley]N",
"sig": "@dcclt%sux:še=še[barley//barley]N'N$še/še#~",
"f": {"lang": "sux",
"form": "še",
"cf": "še",
"gw": "barley",
"sense": "barley",
"norm0": "še",
"pos": "N",
"epos": "N",
"base": "še",
"morph": "~"}
}
,
{
"node": "l",
"frag": "kug-babbar",
"id": "P296528.l1b88d",
"ref": "P296528.29.3",
"inst": "kugbabbar[silver]N",
"sig": "@dcclt%sux:kug-babbar=kugbabbar[silver//silver]N'N$kugbabbar/kug-babbar#~",
"f": {"lang": "sux",
"form": "kug-babbar",
"cf": "kugbabbar",
"gw": "silver",
"sense": "silver",
"norm0": "kugbabbar",
"pos": "N",
"epos": "N",
"base": "kug-babbar",
"morph": "~"}
}
,
{
"node": "d",
"type": "line-start",
"ref": "P296528.30",
"n": "5'",
"label": "r vi 5'"}
,
{
"node": "l",
"frag": "10",
"id": "P296528.l1b88e",
"ref": "P296528.30.1",
"inst": "n",
"f": {"lang": "sux",
"form": "10",
"pos": "n"}
}
,
{
"node": "l",
"frag": "še",
"id": "P296528.l1b88f",
"ref": "P296528.30.2",
"inst": "še[barley]N",
"sig": "@dcclt%sux:še=še[barley//barley]N'N$še/še#~",
"f": {"lang": "sux",
"form": "še",
"cf": "še",
"gw": "barley",
"sense": "barley",
"norm0": "še",
"pos": "N",
"epos": "N",
"base": "še",
"morph": "~"}
}
,
{
"node": "l",
"frag": "kug-babbar",
"id": "P296528.l1b890",
"ref": "P296528.30.3",
"inst": "kugbabbar[silver]N",
"sig": "@dcclt%sux:kug-babbar=kugbabbar[silver//silver]N'N$kugbabbar/kug-babbar#~",
"f": {"lang": "sux",
"form": "kug-babbar",
"cf": "kugbabbar",
"gw": "silver",
"sense": "silver",
"norm0": "kugbabbar",
"pos": "N",
"epos": "N",
"base": "kug-babbar",
"morph": "~"}
}
,
{
"node": "d",
"type": "line-start",
"ref": "P296528.31",
"n": "6'",
"label": "r vi 6'"}
,
{
"node": "l",
"frag": "11",
"id": "P296528.l1b891",
"ref": "P296528.31.1",
"inst": "n",
"f": {"lang": "sux",
"form": "11",
"pos": "n"}
}
,
{
"node": "l",
"frag": "še",
"id": "P296528.l1b892",
"ref": "P296528.31.2",
"inst": "še[barley]N",
"sig": "@dcclt%sux:še=še[barley//barley]N'N$še/še#~",
"f": {"lang": "sux",
"form": "še",
"cf": "še",
"gw": "barley",
"sense": "barley",
"norm0": "še",
"pos": "N",
"epos": "N",
"base": "še",
"morph": "~"}
}
,
{
"node": "l",
"frag": "kug-babbar",
"id": "P296528.l1b893",
"ref": "P296528.31.3",
"inst": "kugbabbar[silver]N",
"sig": "@dcclt%sux:kug-babbar=kugbabbar[silver//silver]N'N$kugbabbar/kug-babbar#~",
"f": {"lang": "sux",
"form": "kug-babbar",
"cf": "kugbabbar",
"gw": "silver",
"sense": "silver",
"norm0": "kugbabbar",
"pos": "N",
"epos": "N",
"base": "kug-babbar",
"morph": "~"}
}
,
{
"node": "d",
"type": "line-start",
"ref": "P296528.32",
"n": "7'",
"label": "r vi 7'"}
,
{
"node": "l",
"frag": "12",
"id": "P296528.l1b894",
"ref": "P296528.32.1",
"inst": "n",
"f": {"lang": "sux",
"form": "12",
"pos": "n"}
}
,
{
"node": "l",
"frag": "še",
"id": "P296528.l1b895",
"ref": "P296528.32.2",
"inst": "še[barley]N",
"sig": "@dcclt%sux:še=še[barley//barley]N'N$še/še#~",
"f": {"lang": "sux",
"form": "še",
"cf": "še",
"gw": "barley",
"sense": "barley",
"norm0": "še",
"pos": "N",
"epos": "N",
"base": "še",
"morph": "~"}
}
,
{
"node": "l",
"frag": "kug-babbar",
"id": "P296528.l1b896",
"ref": "P296528.32.3",
"inst": "kugbabbar[silver]N",
"sig": "@dcclt%sux:kug-babbar=kugbabbar[silver//silver]N'N$kugbabbar/kug-babbar#~",
"f": {"lang": "sux",
"form": "kug-babbar",
"cf": "kugbabbar",
"gw": "silver",
"sense": "silver",
"norm0": "kugbabbar",
"pos": "N",
"epos": "N",
"base": "kug-babbar",
"morph": "~"}
}
,
{
"node": "d",
"type": "line-start",
"ref": "P296528.33",
"n": "8'",
"label": "r vi 8'"}
,
{
"node": "l",
"frag": "13",
"id": "P296528.l1b897",
"ref": "P296528.33.1",
"inst": "n",
"f": {"lang": "sux",
"form": "13",
"pos": "n"}
}
,
{
"node": "l",
"frag": "še",
"id": "P296528.l1b898",
"ref": "P296528.33.2",
"inst": "še[barley]N",
"sig": "@dcclt%sux:še=še[barley//barley]N'N$še/še#~",
"f": {"lang": "sux",
"form": "še",
"cf": "še",
"gw": "barley",
"sense": "barley",
"norm0": "še",
"pos": "N",
"epos": "N",
"base": "še",
"morph": "~"}
}
,
{
"node": "l",
"frag": "kug-babbar",
"id": "P296528.l1b899",
"ref": "P296528.33.3",
"inst": "kugbabbar[silver]N",
"sig": "@dcclt%sux:kug-babbar=kugbabbar[silver//silver]N'N$kugbabbar/kug-babbar#~",
"f": {"lang": "sux",
"form": "kug-babbar",
"cf": "kugbabbar",
"gw": "silver",
"sense": "silver",
"norm0": "kugbabbar",
"pos": "N",
"epos": "N",
"base": "kug-babbar",
"morph": "~"}
}
,
{
"node": "d",
"type": "line-start",
"ref": "P296528.34",
"n": "9'",
"label": "r vi 9'"}
,
{
"node": "l",
"frag": "14",
"id": "P296528.l1b89a",
"ref": "P296528.34.1",
"inst": "n",
"f": {"lang": "sux",
"form": "14",
"pos": "n"}
}
,
{
"node": "l",
"frag": "še",
"id": "P296528.l1b89b",
"ref": "P296528.34.2",
"inst": "še[barley]N",
"sig": "@dcclt%sux:še=še[barley//barley]N'N$še/še#~",
"f": {"lang": "sux",
"form": "še",
"cf": "še",
"gw": "barley",
"sense": "barley",
"norm0": "še",
"pos": "N",
"epos": "N",
"base": "še",
"morph": "~"}
}
,
{
"node": "l",
"frag": "kug-babbar",
"id": "P296528.l1b89c",
"ref": "P296528.34.3",
"inst": "kugbabbar[silver]N",
"sig": "@dcclt%sux:kug-babbar=kugbabbar[silver//silver]N'N$kugbabbar/kug-babbar#~",
"f": {"lang": "sux",
"form": "kug-babbar",
"cf": "kugbabbar",
"gw": "silver",
"sense": "silver",
"norm0": "kugbabbar",
"pos": "N",
"epos": "N",
"base": "kug-babbar",
"morph": "~"}
}
,
{
"node": "d",
"type": "line-start",
"ref": "P296528.35",
"n": "10'",
"label": "r vi 10'"}
,
{
"node": "l",
"frag": "15",
"id": "P296528.l1b89d",
"ref": "P296528.35.1",
"inst": "n",
"f": {"lang": "sux",
"form": "15",
"pos": "n"}
}
,
{
"node": "l",
"frag": "še",
"id": "P296528.l1b89e",
"ref": "P296528.35.2",
"inst": "še[barley]N",
"sig": "@dcclt%sux:še=še[barley//barley]N'N$še/še#~",
"f": {"lang": "sux",
"form": "še",
"cf": "še",
"gw": "barley",
"sense": "barley",
"norm0": "še",
"pos": "N",
"epos": "N",
"base": "še",
"morph": "~"}
}
,
{
"node": "l",
"frag": "kug-babbar",
"id": "P296528.l1b89f",
"ref": "P296528.35.3",
"inst": "kugbabbar[silver]N",
"sig": "@dcclt%sux:kug-babbar=kugbabbar[silver//silver]N'N$kugbabbar/kug-babbar#~",
"f": {"lang": "sux",
"form": "kug-babbar",
"cf": "kugbabbar",
"gw": "silver",
"sense": "silver",
"norm0": "kugbabbar",
"pos": "N",
"epos": "N",
"base": "kug-babbar",
"morph": "~"}
}
]}
]}
]}
]}
