{
"type": "cdl",
  "source": "http://oracc.org/dcclt",
  "license": "This data is released under the CC0 license",
  "license-url": "https://creativecommons.org/publicdomain/zero/1.0/",
  "more-info": "http://oracc.org/doc/opendata/",
  "UTC-timestamp": "2017-05-19T18:25:47",
"project": "dcclt",
"textid": "P297194",
"cdl": [
{
"node": "c",
"type": "text",
"id": "P297194.U0",
"cdl": [
{
"node": "d",
"type": "object",
"ref": ""}
,
{
"node": "d",
"subtype": "obverse",
"type": "surface",
"ref": "P297194.o.1",
"type": "obverse",
"label": "o"}
,
{
"node": "c",
"type": "discourse",
"subtype": "body",
"id": "P297194.U1",
"cdl": [
{
"node": "c",
"type": "sentence",
"id": "P297194.U2",
"label": "o 1 - o 6",
"cdl": [
{
"node": "d",
"type": "line-start",
"ref": "P297194.2",
"n": "1",
"label": "o 1"}
,
{
"node": "l",
"frag": "{[ŋeš]}lam",
"id": "P297194.l1bb2e",
"ref": "P297194.2.1",
"inst": "lam[a nut-bearing tree]N",
"sig": "@dcclt%sux:{ŋeš}lam=lam[tree//a nut-bearing tree]N'N$lam/{ŋeš}lam#~",
"f": {"lang": "sux",
"form": "{ŋeš}lam",
"cf": "lam",
"gw": "tree",
"sense": "a nut-bearing tree",
"norm0": "lam",
"pos": "N",
"epos": "N",
"base": "{ŋeš}lam",
"morph": "~"}
}
,
{
"node": "d",
"type": "line-start",
"ref": "P297194.3",
"n": "2",
"label": "o 2"}
,
{
"node": "l",
"frag": "{ŋeš}lam",
"id": "P297194.l1bb2f",
"ref": "P297194.3.1",
"inst": "lam[a nut-bearing tree]N",
"sig": "@dcclt%sux:{ŋeš}lam=lam[tree//a nut-bearing tree]N'N$lam/{ŋeš}lam#~",
"f": {"lang": "sux",
"form": "{ŋeš}lam",
"cf": "lam",
"gw": "tree",
"sense": "a nut-bearing tree",
"norm0": "lam",
"pos": "N",
"epos": "N",
"base": "{ŋeš}lam",
"morph": "~"}
}
,
{
"node": "d",
"type": "nonw",
"ref": ""}
,
{
"node": "d",
"type": "line-start",
"ref": "P297194.4",
"n": "3",
"label": "o 3"}
,
{
"node": "l",
"frag": "{ŋeš}u₃-suh₅",
"id": "P297194.l1bb30",
"ref": "P297194.4.1",
"inst": "usuh[a tree]N",
"sig": "@dcclt%sux:{ŋeš}u₃-suh₅=usuh[tree//a tree]N'N$usuh/{ŋeš}u₃-suh₅#~",
"f": {"lang": "sux",
"form": "{ŋeš}u₃-suh₅",
"cf": "usuh",
"gw": "tree",
"sense": "a tree",
"norm0": "usuh",
"pos": "N",
"epos": "N",
"base": "{ŋeš}u₃-suh₅",
"morph": "~"}
}
,
{
"node": "d",
"type": "line-start",
"ref": "P297194.5",
"n": "4",
"label": "o 4"}
,
{
"node": "l",
"frag": "{ŋeš}še",
"id": "P297194.l1bb31",
"ref": "P297194.5.1",
"inst": "še[(conifer) cone]N",
"sig": "@dcclt%sux:{ŋeš}še=še[cone//(conifer) cone]N'N$še/{ŋeš}še#~",
"f": {"lang": "sux",
"form": "{ŋeš}še",
"cf": "še",
"gw": "cone",
"sense": "(conifer) cone",
"norm0": "še",
"pos": "N",
"epos": "N",
"base": "{ŋeš}še",
"morph": "~"}
}
,
{
"node": "l",
"frag": "u₃-suh₅",
"id": "P297194.l1bb32",
"ref": "P297194.5.2",
"inst": "usuh[a tree]N",
"sig": "@dcclt%sux:u₃-suh₅=usuh[tree//a tree]N'N$usuh/u₃-suh₅#~",
"f": {"lang": "sux",
"form": "u₃-suh₅",
"cf": "usuh",
"gw": "tree",
"sense": "a tree",
"norm0": "usuh",
"pos": "N",
"epos": "N",
"base": "u₃-suh₅",
"morph": "~"}
}
,
{
"node": "d",
"type": "line-start",
"ref": "P297194.6",
"n": "5",
"label": "o 5"}
,
{
"node": "l",
"frag": "{ŋeš}pa",
"id": "P297194.l1bb33",
"ref": "P297194.6.1",
"inst": "pa[branch, frond]N",
"sig": "@dcclt%sux:{ŋeš}pa=pa[branch//branch]N'N$pa/{ŋeš}pa#~",
"f": {"lang": "sux",
"form": "{ŋeš}pa",
"cf": "pa",
"gw": "branch",
"sense": "branch",
"norm0": "pa",
"pos": "N",
"epos": "N",
"base": "{ŋeš}pa",
"morph": "~"}
}
,
{
"node": "l",
"frag": "u₃-suh₅",
"id": "P297194.l1bb34",
"ref": "P297194.6.2",
"inst": "usuh[a tree]N",
"sig": "@dcclt%sux:u₃-suh₅=usuh[tree//a tree]N'N$usuh/u₃-suh₅#~",
"f": {"lang": "sux",
"form": "u₃-suh₅",
"cf": "usuh",
"gw": "tree",
"sense": "a tree",
"norm0": "usuh",
"pos": "N",
"epos": "N",
"base": "u₃-suh₅",
"morph": "~"}
}
,
{
"node": "d",
"type": "line-start",
"ref": "P297194.7",
"n": "6",
"label": "o 6"}
,
{
"node": "l",
"frag": "{ŋeš}numun",
"id": "P297194.l1bb35",
"ref": "P297194.7.1",
"inst": "numun[seed]N",
"sig": "@dcclt%sux:{ŋeš}numun=numun[seed//seed]N'N$numun/{ŋeš}numun#~",
"f": {"lang": "sux",
"form": "{ŋeš}numun",
"cf": "numun",
"gw": "seed",
"sense": "seed",
"norm0": "numun",
"pos": "N",
"epos": "N",
"base": "{ŋeš}numun",
"morph": "~"}
}
,
{
"node": "l",
"frag": "u₃-suh₅",
"id": "P297194.l1bb36",
"ref": "P297194.7.2",
"inst": "usuh[a tree]N",
"sig": "@dcclt%sux:u₃-suh₅=usuh[tree//a tree]N'N$usuh/u₃-suh₅#~",
"f": {"lang": "sux",
"form": "u₃-suh₅",
"cf": "usuh",
"gw": "tree",
"sense": "a tree",
"norm0": "usuh",
"pos": "N",
"epos": "N",
"base": "u₃-suh₅",
"morph": "~"}
}
]}
]}
]}
]}
