{
"type": "cdl",
  "source": "http://oracc.org/dcclt",
  "license": "This data is released under the CC0 license",
  "license-url": "https://creativecommons.org/publicdomain/zero/1.0/",
  "more-info": "http://oracc.org/doc/opendata/",
  "UTC-timestamp": "2017-05-19T18:25:47",
"project": "dcclt",
"textid": "P297210",
"cdl": [
{
"node": "c",
"type": "text",
"id": "P297210.U0",
"cdl": [
{
"node": "d",
"subtype": "tablet",
"type": "object",
"ref": "P297210.x1720.1",
"type": "tablet",
"label": "x1720"}
,
{
"node": "d",
"type": "surface",
"ref": ""}
,
{
"node": "d",
"subtype": "column 1'",
"type": "column",
"ref": "P297210.i_.2",
"n": "1",
"label": "i'"}
,
{
"node": "d",
"type": "nonx",
"ref": "P297210.3",
"strict": "0",
"extent": "beginning",
"state": "missing"}
,
{
"node": "c",
"type": "discourse",
"subtype": "body",
"id": "P297210.U1",
"cdl": [
{
"node": "c",
"type": "sentence",
"id": "P297210.U2",
"label": "i' 1' - ii' 17'",
"cdl": [
{
"node": "d",
"type": "line-start",
"ref": "P297210.4",
"n": "1'",
"label": "i' 1'"}
,
{
"node": "d",
"type": "cell-start"}
,
{
"node": "d",
"type": "field-start",
"subtype": "sv"}
,
{
"node": "d",
"type": "field-end",
"subtype": "sv"}
,
{
"node": "d",
"type": "cell-end"}
,
{
"node": "d",
"type": "cell-start"}
,
{
"node": "d",
"type": "field-start",
"subtype": "pr"}
,
{
"node": "l",
"frag": "[...]",
"id": "P297210.l4119e",
"ref": "P297210.4.1",
"inst": "%sux:x=",
"f": {"lang": "sux",
"form": "x"}
}
,
{
"node": "d",
"type": "field-end",
"subtype": "pr"}
,
{
"node": "d",
"type": "cell-end"}
,
{
"node": "d",
"type": "cell-start"}
,
{
"node": "d",
"type": "field-start",
"subtype": "sg"}
,
{
"node": "l",
"frag": "[...]",
"id": "P297210.l4119f",
"ref": "P297210.4.2",
"inst": "%sux:x=",
"f": {"lang": "sux",
"form": "x"}
}
,
{
"node": "d",
"type": "field-end",
"subtype": "sg"}
,
{
"node": "d",
"type": "cell-end"}
,
{
"node": "d",
"type": "cell-start"}
,
{
"node": "d",
"type": "field-start",
"subtype": "eq"}
,
{
"node": "l",
"frag": "[x]-⸢x⸣",
"id": "P297210.l411a0",
"ref": "P297210.4.3",
"inst": "u",
"f": {"lang": "akk",
"form": "x-x",
"pos": "u"}
}
,
{
"node": "l",
"frag": "[...]",
"id": "P297210.l411a1",
"ref": "P297210.4.4",
"inst": "u",
"f": {"lang": "akk",
"form": "x",
"pos": "u"}
}
,
{
"node": "d",
"type": "field-end",
"subtype": "eq"}
,
{
"node": "d",
"type": "cell-end"}
,
{
"node": "d",
"type": "line-start",
"ref": "P297210.5",
"n": "2'",
"label": "i' 2'"}
,
{
"node": "d",
"type": "cell-start"}
,
{
"node": "d",
"type": "field-start",
"subtype": "sv"}
,
{
"node": "d",
"type": "field-end",
"subtype": "sv"}
,
{
"node": "d",
"type": "cell-end"}
,
{
"node": "d",
"type": "cell-start"}
,
{
"node": "d",
"type": "field-start",
"subtype": "pr"}
,
{
"node": "l",
"frag": "[...]",
"id": "P297210.l411a2",
"ref": "P297210.5.1",
"inst": "%sux:x=",
"f": {"lang": "sux",
"form": "x"}
}
,
{
"node": "d",
"type": "field-end",
"subtype": "pr"}
,
{
"node": "d",
"type": "cell-end"}
,
{
"node": "d",
"type": "cell-start"}
,
{
"node": "d",
"type": "field-start",
"subtype": "sg"}
,
{
"node": "l",
"frag": "[...]",
"id": "P297210.l411a3",
"ref": "P297210.5.2",
"inst": "%sux:x=",
"f": {"lang": "sux",
"form": "x"}
}
,
{
"node": "d",
"type": "field-end",
"subtype": "sg"}
,
{
"node": "d",
"type": "cell-end"}
,
{
"node": "d",
"type": "cell-start"}
,
{
"node": "d",
"type": "field-start",
"subtype": "eq"}
,
{
"node": "l",
"frag": "[x]-⸢x⸣",
"id": "P297210.l411a4",
"ref": "P297210.5.3",
"inst": "u",
"f": {"lang": "akk",
"form": "x-x",
"pos": "u"}
}
,
{
"node": "l",
"frag": "ṣi-[...]",
"id": "P297210.l411a5",
"ref": "P297210.5.4",
"inst": "u",
"f": {"lang": "akk",
"form": "ṣi-x",
"pos": "u"}
}
,
{
"node": "d",
"type": "field-end",
"subtype": "eq"}
,
{
"node": "d",
"type": "cell-end"}
,
{
"node": "d",
"type": "line-start",
"ref": "P297210.6",
"n": "3'",
"label": "i' 3'"}
,
{
"node": "d",
"type": "cell-start"}
,
{
"node": "d",
"type": "field-start",
"subtype": "sv"}
,
{
"node": "d",
"type": "field-end",
"subtype": "sv"}
,
{
"node": "d",
"type": "cell-end"}
,
{
"node": "d",
"type": "cell-start"}
,
{
"node": "d",
"type": "field-start",
"subtype": "pr"}
,
{
"node": "l",
"frag": "[...]",
"id": "P297210.l411a6",
"ref": "P297210.6.1",
"inst": "%sux:x=",
"f": {"lang": "sux",
"form": "x"}
}
,
{
"node": "d",
"type": "field-end",
"subtype": "pr"}
,
{
"node": "d",
"type": "cell-end"}
,
{
"node": "d",
"type": "cell-start"}
,
{
"node": "d",
"type": "field-start",
"subtype": "sg"}
,
{
"node": "l",
"frag": "[...]",
"id": "P297210.l411a7",
"ref": "P297210.6.2",
"inst": "%sux:x=",
"f": {"lang": "sux",
"form": "x"}
}
,
{
"node": "d",
"type": "field-end",
"subtype": "sg"}
,
{
"node": "d",
"type": "cell-end"}
,
{
"node": "d",
"type": "cell-start"}
,
{
"node": "d",
"type": "field-start",
"subtype": "eq"}
,
{
"node": "l",
"frag": "⸢kur⸣",
"id": "P297210.l411a8",
"ref": "P297210.6.3",
"inst": "kur[(a measure of dry capacity)]N",
"sig": "@dcclt%akk:kur=kurru[(a measure of dry capacity)//(a measure of dry capacity)]N'N$kur",
"f": {"lang": "akk",
"form": "kur",
"cf": "kurru",
"gw": "(a measure of dry capacity)",
"sense": "(a measure of dry capacity)",
"norm": "kur",
"pos": "N",
"epos": "N"}
}
,
{
"node": "l",
"frag": "ti-ib-nu",
"id": "P297210.l411a9",
"ref": "P297210.6.4",
"inst": "tibnu[straw]N",
"sig": "@dcclt%akk:ti-ib-nu=tibnu[straw//straw]N'N$tibnu",
"f": {"lang": "akk",
"form": "ti-ib-nu",
"cf": "tibnu",
"gw": "straw",
"sense": "straw",
"norm": "tibnu",
"pos": "N",
"epos": "N"}
}
,
{
"node": "d",
"type": "field-end",
"subtype": "eq"}
,
{
"node": "d",
"type": "cell-end"}
,
{
"node": "d",
"type": "line-start",
"ref": "P297210.7",
"n": "3'a",
"label": "i' 3'a"}
,
{
"node": "d",
"type": "cell-start"}
,
{
"node": "d",
"type": "field-start",
"subtype": "sv"}
,
{
"node": "d",
"type": "field-end",
"subtype": "sv"}
,
{
"node": "d",
"type": "cell-end"}
,
{
"node": "d",
"type": "cell-start"}
,
{
"node": "d",
"type": "field-start",
"subtype": "pr"}
,
{
"node": "l",
"frag": "<([...])>",
"id": "P297210.l411aa",
"ref": "P297210.7.1",
"inst": "%sux:x=",
"f": {"lang": "sux",
"form": "x"}
}
,
{
"node": "d",
"type": "field-end",
"subtype": "pr"}
,
{
"node": "d",
"type": "cell-end"}
,
{
"node": "d",
"type": "cell-start"}
,
{
"node": "d",
"type": "field-start",
"subtype": "sg"}
,
{
"node": "l",
"frag": "<([...])>",
"id": "P297210.l411ab",
"ref": "P297210.7.2",
"inst": "%sux:x=",
"f": {"lang": "sux",
"form": "x"}
}
,
{
"node": "d",
"type": "field-end",
"subtype": "sg"}
,
{
"node": "d",
"type": "cell-end"}
,
{
"node": "d",
"type": "cell-start"}
,
{
"node": "d",
"type": "field-start",
"subtype": "eq"}
,
{
"node": "d",
"frag": ":",
"type": "nonw",
"ref": "P297210.7.3",
"lang": "akk",
"type": "punct",
"gdl_delim": " "}
,
{
"node": "l",
"frag": "kun-⸢kun⸣-[nu]",
"id": "P297210.l411ac",
"ref": "P297210.7.4",
"inst": "+kunkunnu[(meaning unknown)]N$",
"sig": "@dcclt%akk:kun-kun-nu=kunkunnu[(meaning unknown)//(meaning unknown)]N'N$kunkunnu",
"f": {"lang": "akk",
"form": "kun-kun-nu",
"cf": "kunkunnu",
"gw": "(meaning unknown)",
"sense": "(meaning unknown)",
"norm": "kunkunnu",
"pos": "N",
"epos": "N"}
}
,
{
"node": "d",
"type": "field-end",
"subtype": "eq"}
,
{
"node": "d",
"type": "cell-end"}
,
{
"node": "d",
"type": "line-start",
"ref": "P297210.8",
"n": "4'",
"label": "i' 4'"}
,
{
"node": "d",
"type": "cell-start"}
,
{
"node": "d",
"type": "field-start",
"subtype": "sv"}
,
{
"node": "d",
"type": "field-end",
"subtype": "sv"}
,
{
"node": "d",
"type": "cell-end"}
,
{
"node": "d",
"type": "cell-start"}
,
{
"node": "d",
"type": "field-start",
"subtype": "pr"}
,
{
"node": "l",
"frag": "[...]",
"id": "P297210.l411ad",
"ref": "P297210.8.1",
"inst": "%sux:x=",
"f": {"lang": "sux",
"form": "x"}
}
,
{
"node": "d",
"type": "field-end",
"subtype": "pr"}
,
{
"node": "d",
"type": "cell-end"}
,
{
"node": "d",
"type": "cell-start"}
,
{
"node": "d",
"type": "field-start",
"subtype": "sg"}
,
{
"node": "l",
"frag": "[...]",
"id": "P297210.l411ae",
"ref": "P297210.8.2",
"inst": "%sux:x=",
"f": {"lang": "sux",
"form": "x"}
}
,
{
"node": "d",
"type": "field-end",
"subtype": "sg"}
,
{
"node": "d",
"type": "cell-end"}
,
{
"node": "d",
"type": "cell-start"}
,
{
"node": "d",
"type": "field-start",
"subtype": "eq"}
,
{
"node": "l",
"frag": "ir-tum",
"id": "P297210.l411af",
"ref": "P297210.8.3",
"inst": "+irtu[breast//chest]N'N$irtum",
"sig": "@dcclt%akk:ir-tum=irtu[breast//chest]N'N$irtum",
"f": {"lang": "akk",
"form": "ir-tum",
"cf": "irtu",
"gw": "breast",
"sense": "chest",
"norm": "irtum",
"pos": "N",
"epos": "N"}
}
,
{
"node": "d",
"type": "field-end",
"subtype": "eq"}
,
{
"node": "d",
"type": "cell-end"}
,
{
"node": "d",
"type": "line-start",
"ref": "P297210.9",
"n": "4'a",
"label": "i' 4'a"}
,
{
"node": "d",
"type": "cell-start"}
,
{
"node": "d",
"type": "field-start",
"subtype": "sv"}
,
{
"node": "d",
"type": "field-end",
"subtype": "sv"}
,
{
"node": "d",
"type": "cell-end"}
,
{
"node": "d",
"type": "cell-start"}
,
{
"node": "d",
"type": "field-start",
"subtype": "pr"}
,
{
"node": "l",
"frag": "<([...])>",
"id": "P297210.l411b0",
"ref": "P297210.9.1",
"inst": "%sux:x=",
"f": {"lang": "sux",
"form": "x"}
}
,
{
"node": "d",
"type": "field-end",
"subtype": "pr"}
,
{
"node": "d",
"type": "cell-end"}
,
{
"node": "d",
"type": "cell-start"}
,
{
"node": "d",
"type": "field-start",
"subtype": "sg"}
,
{
"node": "l",
"frag": "<([...])>",
"id": "P297210.l411b1",
"ref": "P297210.9.2",
"inst": "%sux:x=",
"f": {"lang": "sux",
"form": "x"}
}
,
{
"node": "d",
"type": "field-end",
"subtype": "sg"}
,
{
"node": "d",
"type": "cell-end"}
,
{
"node": "d",
"type": "cell-start"}
,
{
"node": "d",
"type": "field-start",
"subtype": "eq"}
,
{
"node": "d",
"frag": ":",
"type": "nonw",
"ref": "P297210.9.3",
"lang": "akk",
"type": "punct",
"gdl_delim": " "}
,
{
"node": "l",
"frag": "i-dir-⸢tum⸣",
"id": "P297210.l411b2",
"ref": "P297210.9.4",
"inst": "idirtum[misery]N",
"sig": "@dcclt%akk:i-dir-tum=idirtu[misery//misery]N'N$idirtum",
"f": {"lang": "akk",
"form": "i-dir-tum",
"cf": "idirtu",
"gw": "misery",
"sense": "misery",
"norm": "idirtum",
"pos": "N",
"epos": "N"}
}
,
{
"node": "d",
"type": "field-end",
"subtype": "eq"}
,
{
"node": "d",
"type": "cell-end"}
,
{
"node": "d",
"type": "line-start",
"ref": "P297210.10",
"n": "5'",
"label": "i' 5'"}
,
{
"node": "d",
"type": "cell-start"}
,
{
"node": "d",
"type": "field-start",
"subtype": "sv"}
,
{
"node": "d",
"type": "field-end",
"subtype": "sv"}
,
{
"node": "d",
"type": "cell-end"}
,
{
"node": "d",
"type": "cell-start"}
,
{
"node": "d",
"type": "field-start",
"subtype": "pr"}
,
{
"node": "l",
"frag": "[...]",
"id": "P297210.l411b3",
"ref": "P297210.10.1",
"inst": "%sux:x=",
"f": {"lang": "sux",
"form": "x"}
}
,
{
"node": "d",
"type": "field-end",
"subtype": "pr"}
,
{
"node": "d",
"type": "cell-end"}
,
{
"node": "d",
"type": "cell-start"}
,
{
"node": "d",
"type": "field-start",
"subtype": "sg"}
,
{
"node": "l",
"frag": "[...]",
"id": "P297210.l411b4",
"ref": "P297210.10.2",
"inst": "%sux:x=",
"f": {"lang": "sux",
"form": "x"}
}
,
{
"node": "d",
"type": "field-end",
"subtype": "sg"}
,
{
"node": "d",
"type": "cell-end"}
,
{
"node": "d",
"type": "cell-start"}
,
{
"node": "d",
"type": "field-start",
"subtype": "eq"}
,
{
"node": "l",
"frag": "ni-iz-mat",
"id": "P297210.l411b5",
"ref": "P297210.10.3",
"inst": "+nizmatu[desire]N$nizmat",
"sig": "@dcclt%akk:ni-iz-mat=nizmatu[desire//desire]N'N$nizmat",
"f": {"lang": "akk",
"form": "ni-iz-mat",
"cf": "nizmatu",
"gw": "desire",
"sense": "desire",
"norm": "nizmat",
"pos": "N",
"epos": "N"}
}
,
{
"node": "d",
"type": "field-end",
"subtype": "eq"}
,
{
"node": "d",
"type": "cell-end"}
,
{
"node": "d",
"type": "line-start",
"ref": "P297210.11",
"n": "5'a",
"label": "i' 5'a"}
,
{
"node": "d",
"type": "cell-start"}
,
{
"node": "d",
"type": "field-start",
"subtype": "sv"}
,
{
"node": "d",
"type": "field-end",
"subtype": "sv"}
,
{
"node": "d",
"type": "cell-end"}
,
{
"node": "d",
"type": "cell-start"}
,
{
"node": "d",
"type": "field-start",
"subtype": "pr"}
,
{
"node": "l",
"frag": "<([...])>",
"id": "P297210.l411b6",
"ref": "P297210.11.1",
"inst": "%sux:x=",
"f": {"lang": "sux",
"form": "x"}
}
,
{
"node": "d",
"type": "field-end",
"subtype": "pr"}
,
{
"node": "d",
"type": "cell-end"}
,
{
"node": "d",
"type": "cell-start"}
,
{
"node": "d",
"type": "field-start",
"subtype": "sg"}
,
{
"node": "l",
"frag": "<([...])>",
"id": "P297210.l411b7",
"ref": "P297210.11.2",
"inst": "%sux:x=",
"f": {"lang": "sux",
"form": "x"}
}
,
{
"node": "d",
"type": "field-end",
"subtype": "sg"}
,
{
"node": "d",
"type": "cell-end"}
,
{
"node": "d",
"type": "cell-start"}
,
{
"node": "d",
"type": "field-start",
"subtype": "eq"}
,
{
"node": "d",
"frag": ":",
"type": "nonw",
"ref": "P297210.11.3",
"lang": "akk",
"type": "punct",
"gdl_delim": " "}
,
{
"node": "l",
"frag": "ta-zi-⸢im⸣-tum",
"id": "P297210.l411b8",
"ref": "P297210.11.4",
"inst": "+tazzimtu[complaint]N$",
"sig": "@dcclt%akk:ta-zi-im-tum=tazzimtu[complaint//complaint]N'N$tazzimtu",
"f": {"lang": "akk",
"form": "ta-zi-im-tum",
"cf": "tazzimtu",
"gw": "complaint",
"sense": "complaint",
"norm": "tazzimtu",
"pos": "N",
"epos": "N"}
}
,
{
"node": "d",
"type": "field-end",
"subtype": "eq"}
,
{
"node": "d",
"type": "cell-end"}
,
{
"node": "d",
"type": "line-start",
"ref": "P297210.12",
"n": "5'b",
"label": "i' 5'b"}
,
{
"node": "d",
"type": "cell-start"}
,
{
"node": "d",
"type": "field-start",
"subtype": "sv"}
,
{
"node": "d",
"type": "field-end",
"subtype": "sv"}
,
{
"node": "d",
"type": "cell-end"}
,
{
"node": "d",
"type": "cell-start"}
,
{
"node": "d",
"type": "field-start",
"subtype": "pr"}
,
{
"node": "l",
"frag": "<([...])>",
"id": "P297210.l411b9",
"ref": "P297210.12.1",
"inst": "%sux:x=",
"f": {"lang": "sux",
"form": "x"}
}
,
{
"node": "d",
"type": "field-end",
"subtype": "pr"}
,
{
"node": "d",
"type": "cell-end"}
,
{
"node": "d",
"type": "cell-start"}
,
{
"node": "d",
"type": "field-start",
"subtype": "sg"}
,
{
"node": "l",
"frag": "<([...])>",
"id": "P297210.l411ba",
"ref": "P297210.12.2",
"inst": "%sux:x=",
"f": {"lang": "sux",
"form": "x"}
}
,
{
"node": "d",
"type": "field-end",
"subtype": "sg"}
,
{
"node": "d",
"type": "cell-end"}
,
{
"node": "d",
"type": "cell-start"}
,
{
"node": "d",
"type": "field-start",
"subtype": "eq"}
,
{
"node": "d",
"frag": ":",
"type": "nonw",
"ref": "P297210.12.3",
"lang": "akk",
"type": "punct",
"gdl_delim": " "}
,
{
"node": "l",
"frag": "ta-⸢zi⸣-[...]",
"id": "P297210.l411bb",
"ref": "P297210.12.4",
"inst": "u",
"f": {"lang": "akk",
"form": "ta-zi-x",
"pos": "u"}
}
,
{
"node": "d",
"type": "field-end",
"subtype": "eq"}
,
{
"node": "d",
"type": "cell-end"}
,
{
"node": "d",
"type": "line-start",
"ref": "P297210.13",
"n": "6'",
"label": "i' 6'"}
,
{
"node": "d",
"type": "cell-start"}
,
{
"node": "d",
"type": "field-start",
"subtype": "sv"}
,
{
"node": "d",
"type": "field-end",
"subtype": "sv"}
,
{
"node": "d",
"type": "cell-end"}
,
{
"node": "d",
"type": "cell-start"}
,
{
"node": "d",
"type": "field-start",
"subtype": "pr"}
,
{
"node": "l",
"frag": "[...]",
"id": "P297210.l411bc",
"ref": "P297210.13.1",
"inst": "%sux:x=",
"f": {"lang": "sux",
"form": "x"}
}
,
{
"node": "d",
"type": "field-end",
"subtype": "pr"}
,
{
"node": "d",
"type": "cell-end"}
,
{
"node": "d",
"type": "cell-start"}
,
{
"node": "d",
"type": "field-start",
"subtype": "sg"}
,
{
"node": "l",
"frag": "[...]",
"id": "P297210.l411bd",
"ref": "P297210.13.2",
"inst": "%sux:x=",
"f": {"lang": "sux",
"form": "x"}
}
,
{
"node": "d",
"type": "field-end",
"subtype": "sg"}
,
{
"node": "d",
"type": "cell-end"}
,
{
"node": "d",
"type": "cell-start"}
,
{
"node": "d",
"type": "field-start",
"subtype": "eq"}
,
{
"node": "l",
"frag": "at-kup-pu",
"id": "P297210.l411be",
"ref": "P297210.13.3",
"inst": "+atkuppu[reed-worker]N$",
"sig": "@dcclt%akk:at-kup-pu=atkuppu[reed-worker//reed-worker]N'N$atkuppu",
"f": {"lang": "akk",
"form": "at-kup-pu",
"cf": "atkuppu",
"gw": "reed-worker",
"sense": "reed-worker",
"norm": "atkuppu",
"pos": "N",
"epos": "N"}
}
,
{
"node": "d",
"type": "field-end",
"subtype": "eq"}
,
{
"node": "d",
"type": "cell-end"}
,
{
"node": "d",
"type": "nonx",
"ref": "P297210.14",
"strict": "0",
"extent": "1",
"state": "other"}
,
{
"node": "d",
"type": "line-start",
"ref": "P297210.15",
"n": "7'",
"label": "i' 7'"}
,
{
"node": "d",
"type": "cell-start"}
,
{
"node": "d",
"type": "field-start",
"subtype": "sv"}
,
{
"node": "d",
"type": "field-end",
"subtype": "sv"}
,
{
"node": "d",
"type": "cell-end"}
,
{
"node": "d",
"type": "cell-start"}
,
{
"node": "d",
"type": "field-start",
"subtype": "pr"}
,
{
"node": "l",
"frag": "[...]",
"id": "P297210.l411bf",
"ref": "P297210.15.1",
"inst": "%sux:x=",
"f": {"lang": "sux",
"form": "x"}
}
,
{
"node": "d",
"type": "field-end",
"subtype": "pr"}
,
{
"node": "d",
"type": "cell-end"}
,
{
"node": "d",
"type": "cell-start"}
,
{
"node": "d",
"type": "field-start",
"subtype": "sg"}
,
{
"node": "l",
"frag": "[...]",
"id": "P297210.l411c0",
"ref": "P297210.15.2",
"inst": "%sux:x=",
"f": {"lang": "sux",
"form": "x"}
}
,
{
"node": "d",
"type": "field-end",
"subtype": "sg"}
,
{
"node": "d",
"type": "cell-end"}
,
{
"node": "d",
"type": "cell-start"}
,
{
"node": "d",
"type": "field-start",
"subtype": "eq"}
,
{
"node": "l",
"frag": "u₂-suk-ku",
"id": "P297210.l411c1",
"ref": "P297210.15.3",
"inst": "+usukku[temple]N$",
"sig": "@dcclt%akk:u₂-suk-ku=usukku[temple//temple]N'N$usukku",
"f": {"lang": "akk",
"form": "u₂-suk-ku",
"cf": "usukku",
"gw": "temple",
"sense": "temple",
"norm": "usukku",
"pos": "N",
"epos": "N"}
}
,
{
"node": "d",
"type": "field-end",
"subtype": "eq"}
,
{
"node": "d",
"type": "cell-end"}
,
{
"node": "d",
"type": "line-start",
"ref": "P297210.16",
"n": "7'a",
"label": "i' 7'a"}
,
{
"node": "d",
"type": "cell-start"}
,
{
"node": "d",
"type": "field-start",
"subtype": "sv"}
,
{
"node": "d",
"type": "field-end",
"subtype": "sv"}
,
{
"node": "d",
"type": "cell-end"}
,
{
"node": "d",
"type": "cell-start"}
,
{
"node": "d",
"type": "field-start",
"subtype": "pr"}
,
{
"node": "l",
"frag": "<([...])>",
"id": "P297210.l411c2",
"ref": "P297210.16.1",
"inst": "%sux:x=",
"f": {"lang": "sux",
"form": "x"}
}
,
{
"node": "d",
"type": "field-end",
"subtype": "pr"}
,
{
"node": "d",
"type": "cell-end"}
,
{
"node": "d",
"type": "cell-start"}
,
{
"node": "d",
"type": "field-start",
"subtype": "sg"}
,
{
"node": "l",
"frag": "<([...])>",
"id": "P297210.l411c3",
"ref": "P297210.16.2",
"inst": "%sux:x=",
"f": {"lang": "sux",
"form": "x"}
}
,
{
"node": "d",
"type": "field-end",
"subtype": "sg"}
,
{
"node": "d",
"type": "cell-end"}
,
{
"node": "d",
"type": "cell-start"}
,
{
"node": "d",
"type": "field-start",
"subtype": "eq"}
,
{
"node": "d",
"frag": ":",
"type": "nonw",
"ref": "P297210.16.3",
"lang": "akk",
"type": "punct",
"gdl_delim": " "}
,
{
"node": "l",
"frag": "šub-tum",
"id": "P297210.l411c4",
"ref": "P297210.16.4",
"inst": "šubtum[dwelling]N",
"sig": "@dcclt%akk:šub-tum=šubtu[seat//dwelling]N'N$šubtum",
"f": {"lang": "akk",
"form": "šub-tum",
"cf": "šubtu",
"gw": "seat",
"sense": "dwelling",
"norm": "šubtum",
"pos": "N",
"epos": "N"}
}
,
{
"node": "d",
"type": "field-end",
"subtype": "eq"}
,
{
"node": "d",
"type": "cell-end"}
,
{
"node": "d",
"type": "line-start",
"ref": "P297210.17",
"n": "7'b",
"label": "i' 7'b"}
,
{
"node": "d",
"type": "cell-start"}
,
{
"node": "d",
"type": "field-start",
"subtype": "sv"}
,
{
"node": "d",
"type": "field-end",
"subtype": "sv"}
,
{
"node": "d",
"type": "cell-end"}
,
{
"node": "d",
"type": "cell-start"}
,
{
"node": "d",
"type": "field-start",
"subtype": "pr"}
,
{
"node": "l",
"frag": "<([...])>",
"id": "P297210.l411c5",
"ref": "P297210.17.1",
"inst": "%sux:x=",
"f": {"lang": "sux",
"form": "x"}
}
,
{
"node": "d",
"type": "field-end",
"subtype": "pr"}
,
{
"node": "d",
"type": "cell-end"}
,
{
"node": "d",
"type": "cell-start"}
,
{
"node": "d",
"type": "field-start",
"subtype": "sg"}
,
{
"node": "l",
"frag": "<([...])>",
"id": "P297210.l411c6",
"ref": "P297210.17.2",
"inst": "%sux:x=",
"f": {"lang": "sux",
"form": "x"}
}
,
{
"node": "d",
"type": "field-end",
"subtype": "sg"}
,
{
"node": "d",
"type": "cell-end"}
,
{
"node": "d",
"type": "cell-start"}
,
{
"node": "d",
"type": "field-start",
"subtype": "eq"}
,
{
"node": "d",
"frag": ":",
"type": "nonw",
"ref": "P297210.17.3",
"lang": "akk",
"type": "punct",
"gdl_delim": " "}
,
{
"node": "l",
"frag": "mu-ša₂-bu",
"id": "P297210.l411c7",
"ref": "P297210.17.4",
"inst": "mūšabu[dwelling]N",
"sig": "@dcclt%akk:mu-ša₂-bu=mūšabu[dwelling//dwelling]N'N$mūšabu",
"f": {"lang": "akk",
"form": "mu-ša₂-bu",
"cf": "mūšabu",
"gw": "dwelling",
"sense": "dwelling",
"norm": "mūšabu",
"pos": "N",
"epos": "N"}
}
,
{
"node": "d",
"type": "field-end",
"subtype": "eq"}
,
{
"node": "d",
"type": "cell-end"}
,
{
"node": "d",
"type": "line-start",
"ref": "P297210.18",
"n": "8'",
"label": "i' 8'"}
,
{
"node": "d",
"type": "cell-start"}
,
{
"node": "d",
"type": "field-start",
"subtype": "sv"}
,
{
"node": "d",
"type": "field-end",
"subtype": "sv"}
,
{
"node": "d",
"type": "cell-end"}
,
{
"node": "d",
"type": "cell-start"}
,
{
"node": "d",
"type": "field-start",
"subtype": "pr"}
,
{
"node": "l",
"frag": "[...]",
"id": "P297210.l411c8",
"ref": "P297210.18.1",
"inst": "%sux:x=",
"f": {"lang": "sux",
"form": "x"}
}
,
{
"node": "d",
"type": "field-end",
"subtype": "pr"}
,
{
"node": "d",
"type": "cell-end"}
,
{
"node": "d",
"type": "cell-start"}
,
{
"node": "d",
"type": "field-start",
"subtype": "sg"}
,
{
"node": "l",
"frag": "[...]",
"id": "P297210.l411c9",
"ref": "P297210.18.2",
"inst": "%sux:x=",
"f": {"lang": "sux",
"form": "x"}
}
,
{
"node": "d",
"type": "field-end",
"subtype": "sg"}
,
{
"node": "d",
"type": "cell-end"}
,
{
"node": "d",
"type": "cell-start"}
,
{
"node": "d",
"type": "field-start",
"subtype": "eq"}
,
{
"node": "l",
"frag": "nap-⸢ta⸣-nu",
"id": "P297210.l411ca",
"ref": "P297210.18.3",
"inst": "naptanu[meal(-time)]N",
"sig": "@dcclt%akk:nap-ta-nu=naptanu[meal(-time)//meal(-time)]N'N$naptanu",
"f": {"lang": "akk",
"form": "nap-ta-nu",
"cf": "naptanu",
"gw": "meal(-time)",
"sense": "meal(-time)",
"norm": "naptanu",
"pos": "N",
"epos": "N"}
}
,
{
"node": "d",
"type": "field-end",
"subtype": "eq"}
,
{
"node": "d",
"type": "cell-end"}
,
{
"node": "d",
"type": "line-start",
"ref": "P297210.19",
"n": "8'a",
"label": "i' 8'a"}
,
{
"node": "d",
"type": "cell-start"}
,
{
"node": "d",
"type": "field-start",
"subtype": "sv"}
,
{
"node": "d",
"type": "field-end",
"subtype": "sv"}
,
{
"node": "d",
"type": "cell-end"}
,
{
"node": "d",
"type": "cell-start"}
,
{
"node": "d",
"type": "field-start",
"subtype": "pr"}
,
{
"node": "l",
"frag": "<([...])>",
"id": "P297210.l411cb",
"ref": "P297210.19.1",
"inst": "%sux:x=",
"f": {"lang": "sux",
"form": "x"}
}
,
{
"node": "d",
"type": "field-end",
"subtype": "pr"}
,
{
"node": "d",
"type": "cell-end"}
,
{
"node": "d",
"type": "cell-start"}
,
{
"node": "d",
"type": "field-start",
"subtype": "sg"}
,
{
"node": "l",
"frag": "<([...])>",
"id": "P297210.l411cc",
"ref": "P297210.19.2",
"inst": "%sux:x=",
"f": {"lang": "sux",
"form": "x"}
}
,
{
"node": "d",
"type": "field-end",
"subtype": "sg"}
,
{
"node": "d",
"type": "cell-end"}
,
{
"node": "d",
"type": "cell-start"}
,
{
"node": "d",
"type": "field-start",
"subtype": "eq"}
,
{
"node": "d",
"frag": ":",
"type": "nonw",
"ref": "P297210.19.3",
"lang": "akk",
"type": "punct",
"gdl_delim": " "}
,
{
"node": "l",
"frag": "ma-ka-lu-u₂",
"id": "P297210.l411cd",
"ref": "P297210.19.4",
"inst": "+mākālu[meal]N$mākālû",
"sig": "@dcclt%akk:ma-ka-lu-u₂=mākālu[meal//meal]N'N$mākālû",
"f": {"lang": "akk",
"form": "ma-ka-lu-u₂",
"cf": "mākālu",
"gw": "meal",
"sense": "meal",
"norm": "mākālû",
"pos": "N",
"epos": "N"}
}
,
{
"node": "d",
"type": "field-end",
"subtype": "eq"}
,
{
"node": "d",
"type": "cell-end"}
,
{
"node": "d",
"type": "line-start",
"ref": "P297210.20",
"n": "9'",
"label": "i' 9'"}
,
{
"node": "d",
"type": "cell-start"}
,
{
"node": "d",
"type": "field-start",
"subtype": "sv"}
,
{
"node": "d",
"type": "field-end",
"subtype": "sv"}
,
{
"node": "d",
"type": "cell-end"}
,
{
"node": "d",
"type": "cell-start"}
,
{
"node": "d",
"type": "field-start",
"subtype": "pr"}
,
{
"node": "l",
"frag": "[...]",
"id": "P297210.l411ce",
"ref": "P297210.20.1",
"inst": "%sux:x=",
"f": {"lang": "sux",
"form": "x"}
}
,
{
"node": "d",
"type": "field-end",
"subtype": "pr"}
,
{
"node": "d",
"type": "cell-end"}
,
{
"node": "d",
"type": "cell-start"}
,
{
"node": "d",
"type": "field-start",
"subtype": "sg"}
,
{
"node": "l",
"frag": "[...]",
"id": "P297210.l411cf",
"ref": "P297210.20.2",
"inst": "%sux:x=",
"f": {"lang": "sux",
"form": "x"}
}
,
{
"node": "d",
"type": "field-end",
"subtype": "sg"}
,
{
"node": "d",
"type": "cell-end"}
,
{
"node": "d",
"type": "cell-start"}
,
{
"node": "d",
"type": "field-start",
"subtype": "eq"}
,
{
"node": "l",
"frag": "pa-aš₂-šu-ru",
"id": "P297210.l411d0",
"ref": "P297210.20.3",
"inst": "paššuru[table]N",
"sig": "@dcclt%akk:pa-aš₂-šu-ru=paššuru[table//table]N'N$paššuru",
"f": {"lang": "akk",
"form": "pa-aš₂-šu-ru",
"cf": "paššuru",
"gw": "table",
"sense": "table",
"norm": "paššuru",
"pos": "N",
"epos": "N"}
}
,
{
"node": "d",
"type": "field-end",
"subtype": "eq"}
,
{
"node": "d",
"type": "cell-end"}
,
{
"node": "d",
"type": "line-start",
"ref": "P297210.21",
"n": "9'a",
"label": "i' 9'a"}
,
{
"node": "d",
"type": "cell-start"}
,
{
"node": "d",
"type": "field-start",
"subtype": "sv"}
,
{
"node": "d",
"type": "field-end",
"subtype": "sv"}
,
{
"node": "d",
"type": "cell-end"}
,
{
"node": "d",
"type": "cell-start"}
,
{
"node": "d",
"type": "field-start",
"subtype": "pr"}
,
{
"node": "l",
"frag": "<([...])>",
"id": "P297210.l411d1",
"ref": "P297210.21.1",
"inst": "%sux:x=",
"f": {"lang": "sux",
"form": "x"}
}
,
{
"node": "d",
"type": "field-end",
"subtype": "pr"}
,
{
"node": "d",
"type": "cell-end"}
,
{
"node": "d",
"type": "cell-start"}
,
{
"node": "d",
"type": "field-start",
"subtype": "sg"}
,
{
"node": "l",
"frag": "<([...])>",
"id": "P297210.l411d2",
"ref": "P297210.21.2",
"inst": "%sux:x=",
"f": {"lang": "sux",
"form": "x"}
}
,
{
"node": "d",
"type": "field-end",
"subtype": "sg"}
,
{
"node": "d",
"type": "cell-end"}
,
{
"node": "d",
"type": "cell-start"}
,
{
"node": "d",
"type": "field-start",
"subtype": "eq"}
,
{
"node": "d",
"frag": ":",
"type": "nonw",
"ref": "P297210.21.3",
"lang": "akk",
"type": "punct",
"gdl_delim": " "}
,
{
"node": "l",
"frag": "ši-ik-ka-tum",
"id": "P297210.l411d3",
"ref": "P297210.21.4",
"inst": "šikkatum[string of beads]N",
"sig": "@dcclt%akk:ši-ik-ka-tum=šikkatu[harrowed (land)//string of beads]N'N$šikkatum",
"f": {"lang": "akk",
"form": "ši-ik-ka-tum",
"cf": "šikkatu",
"gw": "harrowed (land)",
"sense": "string of beads",
"norm": "šikkatum",
"pos": "N",
"epos": "N"}
}
,
{
"node": "d",
"type": "field-end",
"subtype": "eq"}
,
{
"node": "d",
"type": "cell-end"}
,
{
"node": "d",
"type": "line-start",
"ref": "P297210.22",
"n": "10'",
"label": "i' 10'"}
,
{
"node": "d",
"type": "cell-start"}
,
{
"node": "d",
"type": "field-start",
"subtype": "sv"}
,
{
"node": "d",
"type": "field-end",
"subtype": "sv"}
,
{
"node": "d",
"type": "cell-end"}
,
{
"node": "d",
"type": "cell-start"}
,
{
"node": "d",
"type": "field-start",
"subtype": "pr"}
,
{
"node": "l",
"frag": "[...]",
"id": "P297210.l411d4",
"ref": "P297210.22.1",
"inst": "%sux:x=",
"f": {"lang": "sux",
"form": "x"}
}
,
{
"node": "d",
"type": "field-end",
"subtype": "pr"}
,
{
"node": "d",
"type": "cell-end"}
,
{
"node": "d",
"type": "cell-start"}
,
{
"node": "d",
"type": "field-start",
"subtype": "sg"}
,
{
"node": "l",
"frag": "[...]",
"id": "P297210.l411d5",
"ref": "P297210.22.2",
"inst": "%sux:x=",
"f": {"lang": "sux",
"form": "x"}
}
,
{
"node": "d",
"type": "field-end",
"subtype": "sg"}
,
{
"node": "d",
"type": "cell-end"}
,
{
"node": "d",
"type": "cell-start"}
,
{
"node": "d",
"type": "field-start",
"subtype": "eq"}
,
{
"node": "l",
"frag": "šu-kut-tum",
"id": "P297210.l411d6",
"ref": "P297210.22.3",
"inst": "+šukuttu[adornment]N$šukuttum",
"sig": "@dcclt%akk:šu-kut-tum=šukuttu[adornment//adornment]N'N$šukuttum",
"f": {"lang": "akk",
"form": "šu-kut-tum",
"cf": "šukuttu",
"gw": "adornment",
"sense": "adornment",
"norm": "šukuttum",
"pos": "N",
"epos": "N"}
}
,
{
"node": "d",
"type": "field-end",
"subtype": "eq"}
,
{
"node": "d",
"type": "cell-end"}
,
{
"node": "d",
"type": "line-start",
"ref": "P297210.23",
"n": "10'a",
"label": "i' 10'a"}
,
{
"node": "d",
"type": "cell-start"}
,
{
"node": "d",
"type": "field-start",
"subtype": "sv"}
,
{
"node": "d",
"type": "field-end",
"subtype": "sv"}
,
{
"node": "d",
"type": "cell-end"}
,
{
"node": "d",
"type": "cell-start"}
,
{
"node": "d",
"type": "field-start",
"subtype": "pr"}
,
{
"node": "l",
"frag": "<([...])>",
"id": "P297210.l411d7",
"ref": "P297210.23.1",
"inst": "%sux:x=",
"f": {"lang": "sux",
"form": "x"}
}
,
{
"node": "d",
"type": "field-end",
"subtype": "pr"}
,
{
"node": "d",
"type": "cell-end"}
,
{
"node": "d",
"type": "cell-start"}
,
{
"node": "d",
"type": "field-start",
"subtype": "sg"}
,
{
"node": "l",
"frag": "<([...])>",
"id": "P297210.l411d8",
"ref": "P297210.23.2",
"inst": "%sux:x=",
"f": {"lang": "sux",
"form": "x"}
}
,
{
"node": "d",
"type": "field-end",
"subtype": "sg"}
,
{
"node": "d",
"type": "cell-end"}
,
{
"node": "d",
"type": "cell-start"}
,
{
"node": "d",
"type": "field-start",
"subtype": "eq"}
,
{
"node": "d",
"frag": ":",
"type": "nonw",
"ref": "P297210.23.3",
"lang": "akk",
"type": "punct",
"gdl_delim": " "}
,
{
"node": "l",
"frag": "ar-da-tum",
"id": "P297210.l411d9",
"ref": "P297210.23.4",
"inst": "ardatum[girl]N",
"sig": "@dcclt%akk:ar-da-tum=wardatu[girl//girl]N'N$ardatum",
"f": {"lang": "akk",
"form": "ar-da-tum",
"cf": "wardatu",
"gw": "girl",
"sense": "girl",
"norm": "ardatum",
"pos": "N",
"epos": "N"}
}
,
{
"node": "d",
"type": "field-end",
"subtype": "eq"}
,
{
"node": "d",
"type": "cell-end"}
,
{
"node": "d",
"type": "line-start",
"ref": "P297210.24",
"n": "11'",
"label": "i' 11'"}
,
{
"node": "d",
"type": "cell-start"}
,
{
"node": "d",
"type": "field-start",
"subtype": "sv"}
,
{
"node": "d",
"type": "field-end",
"subtype": "sv"}
,
{
"node": "d",
"type": "cell-end"}
,
{
"node": "d",
"type": "cell-start"}
,
{
"node": "d",
"type": "field-start",
"subtype": "pr"}
,
{
"node": "l",
"frag": "[...]",
"id": "P297210.l411da",
"ref": "P297210.24.1",
"inst": "%sux:x=",
"f": {"lang": "sux",
"form": "x"}
}
,
{
"node": "d",
"type": "field-end",
"subtype": "pr"}
,
{
"node": "d",
"type": "cell-end"}
,
{
"node": "d",
"type": "cell-start"}
,
{
"node": "d",
"type": "field-start",
"subtype": "sg"}
,
{
"node": "l",
"frag": "[...]",
"id": "P297210.l411db",
"ref": "P297210.24.2",
"inst": "%sux:x=",
"f": {"lang": "sux",
"form": "x"}
}
,
{
"node": "d",
"type": "field-end",
"subtype": "sg"}
,
{
"node": "d",
"type": "cell-end"}
,
{
"node": "d",
"type": "cell-start"}
,
{
"node": "d",
"type": "field-start",
"subtype": "eq"}
,
{
"node": "l",
"frag": "ba-tul-tum",
"id": "P297210.l411dc",
"ref": "P297210.24.3",
"inst": "+batultu[adolescent girl]N$batultum",
"sig": "@dcclt%akk:ba-tul-tum=batultu[adolescent girl//adolescent girl]N'N$batultum",
"f": {"lang": "akk",
"form": "ba-tul-tum",
"cf": "batultu",
"gw": "adolescent girl",
"sense": "adolescent girl",
"norm": "batultum",
"pos": "N",
"epos": "N"}
}
,
{
"node": "d",
"type": "field-end",
"subtype": "eq"}
,
{
"node": "d",
"type": "cell-end"}
,
{
"node": "d",
"type": "line-start",
"ref": "P297210.25",
"n": "11'a",
"label": "i' 11'a"}
,
{
"node": "d",
"type": "cell-start"}
,
{
"node": "d",
"type": "field-start",
"subtype": "sv"}
,
{
"node": "d",
"type": "field-end",
"subtype": "sv"}
,
{
"node": "d",
"type": "cell-end"}
,
{
"node": "d",
"type": "cell-start"}
,
{
"node": "d",
"type": "field-start",
"subtype": "pr"}
,
{
"node": "l",
"frag": "<([...])>",
"id": "P297210.l411dd",
"ref": "P297210.25.1",
"inst": "%sux:x=",
"f": {"lang": "sux",
"form": "x"}
}
,
{
"node": "d",
"type": "field-end",
"subtype": "pr"}
,
{
"node": "d",
"type": "cell-end"}
,
{
"node": "d",
"type": "cell-start"}
,
{
"node": "d",
"type": "field-start",
"subtype": "sg"}
,
{
"node": "l",
"frag": "<([...])>",
"id": "P297210.l411de",
"ref": "P297210.25.2",
"inst": "%sux:x=",
"f": {"lang": "sux",
"form": "x"}
}
,
{
"node": "d",
"type": "field-end",
"subtype": "sg"}
,
{
"node": "d",
"type": "cell-end"}
,
{
"node": "d",
"type": "cell-start"}
,
{
"node": "d",
"type": "field-start",
"subtype": "eq"}
,
{
"node": "d",
"frag": ":",
"type": "nonw",
"ref": "P297210.25.3",
"lang": "akk",
"type": "punct",
"gdl_delim": " "}
,
{
"node": "l",
"frag": "e-ru-u",
"id": "P297210.l411df",
"ref": "P297210.25.4",
"inst": "werû[copper]N$erû",
"sig": "@dcclt%akk:e-ru-u=werû[copper//copper]N'N$erû",
"f": {"lang": "akk",
"form": "e-ru-u",
"cf": "werû",
"gw": "copper",
"sense": "copper",
"norm": "erû",
"pos": "N",
"epos": "N"}
}
,
{
"node": "l",
"frag": "ša₂",
"id": "P297210.l411e0",
"ref": "P297210.25.5",
"inst": "ša[of]DET",
"sig": "@dcclt%akk:ša₂=ša[of//of]DET'DET$ša",
"f": {"lang": "akk",
"form": "ša₂",
"cf": "ša",
"gw": "of",
"sense": "of",
"norm": "ša",
"pos": "DET",
"epos": "DET"}
}
,
{
"node": "l",
"frag": "si-in-nu",
"id": "P297210.l411e1",
"ref": "P297210.25.6",
"inst": "+sinnu[(a metal object)]N$",
"sig": "@dcclt%akk:si-in-nu=sinnu[(a metal object)//(a metal object)]N'N$sinnu",
"f": {"lang": "akk",
"form": "si-in-nu",
"cf": "sinnu",
"gw": "(a metal object)",
"sense": "(a metal object)",
"norm": "sinnu",
"pos": "N",
"epos": "N"}
}
,
{
"node": "d",
"type": "nonw",
"ref": ""}
,
{
"node": "d",
"type": "field-end",
"subtype": "eq"}
,
{
"node": "d",
"type": "cell-end"}
,
{
"node": "d",
"type": "nonx",
"ref": "P297210.26",
"strict": "0",
"extent": "1",
"state": "other"}
,
{
"node": "d",
"type": "line-start",
"ref": "P297210.27",
"n": "12'",
"label": "i' 12'"}
,
{
"node": "d",
"type": "cell-start"}
,
{
"node": "d",
"type": "field-start",
"subtype": "sv"}
,
{
"node": "l",
"frag": "gal₅-la₂",
"id": "P297210.l411e2",
"ref": "P297210.27.1",
"inst": "galla[demon]",
"sig": "@dcclt%sux:gal₅-la₂=galla[policeman//demon]N'N$galla/gal₅-la₂#~",
"f": {"lang": "sux",
"form": "gal₅-la₂",
"cf": "galla",
"gw": "policeman",
"sense": "demon",
"norm0": "galla",
"pos": "N",
"epos": "N",
"base": "gal₅-la₂",
"morph": "~"}
}
,
{
"node": "d",
"type": "field-end",
"subtype": "sv"}
,
{
"node": "d",
"type": "cell-end"}
,
{
"node": "d",
"type": "cell-start"}
,
{
"node": "d",
"type": "field-start",
"subtype": "pr"}
,
{
"node": "l",
"frag": "[...]",
"id": "P297210.l411e3",
"ref": "P297210.27.2",
"inst": "%sux:x=",
"f": {"lang": "sux",
"form": "x"}
}
,
{
"node": "d",
"type": "field-end",
"subtype": "pr"}
,
{
"node": "d",
"type": "cell-end"}
,
{
"node": "d",
"type": "cell-start"}
,
{
"node": "d",
"type": "field-start",
"subtype": "sg"}
,
{
"node": "l",
"frag": "|[TE].LA₂|",
"id": "P297210.l411e4",
"ref": "P297210.27.3",
"inst": "%sux:|TE.LA₂|=",
"f": {"lang": "sux",
"form": "|TE.LA₂|"}
}
,
{
"node": "d",
"type": "field-end",
"subtype": "sg"}
,
{
"node": "d",
"type": "cell-end"}
,
{
"node": "d",
"type": "cell-start"}
,
{
"node": "d",
"type": "field-start",
"subtype": "eq"}
,
{
"node": "l",
"frag": "gal-lu-u₂",
"id": "P297210.l411e5",
"ref": "P297210.27.4",
"inst": "gallû[(a demon)]N",
"sig": "@dcclt%akk:gal-lu-u₂=gallû[(a demon)//(a demon)]N'N$gallû",
"f": {"lang": "akk",
"form": "gal-lu-u₂",
"cf": "gallû",
"gw": "(a demon)",
"sense": "(a demon)",
"norm": "gallû",
"pos": "N",
"epos": "N"}
}
,
{
"node": "d",
"type": "field-end",
"subtype": "eq"}
,
{
"node": "d",
"type": "cell-end"}
,
{
"node": "d",
"type": "line-start",
"ref": "P297210.28",
"n": "13'",
"label": "i' 13'"}
,
{
"node": "d",
"type": "cell-start"}
,
{
"node": "d",
"type": "field-start",
"subtype": "sv"}
,
{
"node": "l",
"frag": "lugud",
"id": "P297210.l411e6",
"ref": "P297210.28.1",
"inst": "lugud[pus]",
"sig": "@dcclt%sux:lugud=lugud[pus//pus, suppuration]N'N$lugud/lugud#~",
"f": {"lang": "sux",
"form": "lugud",
"cf": "lugud",
"gw": "pus",
"sense": "pus, suppuration",
"norm0": "lugud",
"pos": "N",
"epos": "N",
"base": "lugud",
"morph": "~"}
}
,
{
"node": "d",
"type": "field-end",
"subtype": "sv"}
,
{
"node": "d",
"type": "cell-end"}
,
{
"node": "d",
"type": "cell-start"}
,
{
"node": "d",
"type": "field-start",
"subtype": "pr"}
,
{
"node": "l",
"frag": "[...]",
"id": "P297210.l411e7",
"ref": "P297210.28.2",
"inst": "%sux:x=",
"f": {"lang": "sux",
"form": "x"}
}
,
{
"node": "d",
"type": "field-end",
"subtype": "pr"}
,
{
"node": "d",
"type": "cell-end"}
,
{
"node": "d",
"type": "cell-start"}
,
{
"node": "d",
"type": "field-start",
"subtype": "sg"}
,
{
"node": "l",
"frag": "|[BAD].UD|",
"id": "P297210.l411e8",
"ref": "P297210.28.3",
"inst": "%sux:|BAD.UD|=",
"f": {"lang": "sux",
"form": "|BAD.UD|"}
}
,
{
"node": "d",
"type": "field-end",
"subtype": "sg"}
,
{
"node": "d",
"type": "cell-end"}
,
{
"node": "d",
"type": "cell-start"}
,
{
"node": "d",
"type": "field-start",
"subtype": "eq"}
,
{
"node": "l",
"frag": "šar-ku",
"id": "P297210.l411e9",
"ref": "P297210.28.4",
"inst": "šarku[pus]N",
"sig": "@dcclt%akk:šar-ku=šarku[pus//pus]N'N$šarku",
"f": {"lang": "akk",
"form": "šar-ku",
"cf": "šarku",
"gw": "pus",
"sense": "pus",
"norm": "šarku",
"pos": "N",
"epos": "N"}
}
,
{
"node": "d",
"type": "field-end",
"subtype": "eq"}
,
{
"node": "d",
"type": "cell-end"}
,
{
"node": "d",
"type": "line-start",
"ref": "P297210.29",
"n": "14'",
"label": "i' 14'"}
,
{
"node": "d",
"type": "cell-start"}
,
{
"node": "d",
"type": "field-start",
"subtype": "sv"}
,
{
"node": "l",
"frag": "adama",
"id": "P297210.l411ea",
"ref": "P297210.29.1",
"inst": "adama[discharge]",
"sig": "@dcclt%sux:adama=adama[discharge//a dark-colored bodily discharge]N'N$adama/adama#~",
"f": {"lang": "sux",
"form": "adama",
"cf": "adama",
"gw": "discharge",
"sense": "a dark-colored bodily discharge",
"norm0": "adama",
"pos": "N",
"epos": "N",
"base": "adama",
"morph": "~"}
}
,
{
"node": "d",
"type": "field-end",
"subtype": "sv"}
,
{
"node": "d",
"type": "cell-end"}
,
{
"node": "d",
"type": "cell-start"}
,
{
"node": "d",
"type": "field-start",
"subtype": "pr"}
,
{
"node": "l",
"frag": "[...]",
"id": "P297210.l411eb",
"ref": "P297210.29.2",
"inst": "%sux:x=",
"f": {"lang": "sux",
"form": "x"}
}
,
{
"node": "d",
"type": "field-end",
"subtype": "pr"}
,
{
"node": "d",
"type": "cell-end"}
,
{
"node": "d",
"type": "cell-start"}
,
{
"node": "d",
"type": "field-start",
"subtype": "sg"}
,
{
"node": "l",
"frag": "|[BAD].MI|",
"id": "P297210.l411ec",
"ref": "P297210.29.3",
"inst": "%sux:|BAD.MI|=",
"f": {"lang": "sux",
"form": "|BAD.MI|"}
}
,
{
"node": "d",
"type": "field-end",
"subtype": "sg"}
,
{
"node": "d",
"type": "cell-end"}
,
{
"node": "d",
"type": "cell-start"}
,
{
"node": "d",
"type": "field-start",
"subtype": "eq"}
,
{
"node": "l",
"frag": "a-da-ma-tum",
"id": "P297210.l411ed",
"ref": "P297210.29.4",
"inst": "+adamatu[(red blood)//(a dark-coloured bodily discharge)]N'N$adamatum",
"sig": "@dcclt%akk:a-da-ma-tum=adamatu[(red blood)//(a dark-coloured bodily discharge)]N'N$adamatum",
"f": {"lang": "akk",
"form": "a-da-ma-tum",
"cf": "adamatu",
"gw": "(red blood)",
"sense": "(a dark-coloured bodily discharge)",
"norm": "adamatum",
"pos": "N",
"epos": "N"}
}
,
{
"node": "d",
"type": "field-end",
"subtype": "eq"}
,
{
"node": "d",
"type": "cell-end"}
,
{
"node": "d",
"type": "line-start",
"ref": "P297210.30",
"n": "15'",
"label": "i' 15'"}
,
{
"node": "d",
"type": "cell-start"}
,
{
"node": "d",
"type": "field-start",
"subtype": "sv"}
,
{
"node": "l",
"frag": "munuₓ(|PAP.PAP.ŠE|)mu₂",
"id": "P297210.l411ee",
"ref": "P297210.30.1",
"inst": "munumud[maltster]",
"sig": "@dcclt%sux:munuₓ(|PAP.PAP.ŠE|)-mu₂=munumud[maltster//maltster]N'N$munumud/munuₓ(|PAP.PAP.ŠE|)-mu₂#~",
"f": {"lang": "sux",
"form": "munuₓ(|PAP.PAP.ŠE|)-mu₂",
"cf": "munumud",
"gw": "maltster",
"sense": "maltster",
"norm0": "munumud",
"pos": "N",
"epos": "N",
"base": "munuₓ(|PAP.PAP.ŠE|)-mu₂",
"morph": "~"}
}
,
{
"node": "d",
"type": "field-end",
"subtype": "sv"}
,
{
"node": "d",
"type": "cell-end"}
,
{
"node": "d",
"type": "cell-start"}
,
{
"node": "d",
"type": "field-start",
"subtype": "pr"}
,
{
"node": "l",
"frag": "[...]",
"id": "P297210.l411ef",
"ref": "P297210.30.2",
"inst": "%sux:x=",
"f": {"lang": "sux",
"form": "x"}
}
,
{
"node": "d",
"type": "field-end",
"subtype": "pr"}
,
{
"node": "d",
"type": "cell-end"}
,
{
"node": "d",
"type": "cell-start"}
,
{
"node": "d",
"type": "field-start",
"subtype": "sg"}
,
{
"node": "l",
"frag": "|[PAP].PAP.ŠE.SAR|",
"id": "P297210.l411f0",
"ref": "P297210.30.3",
"inst": "%sux:|PAP.PAP.ŠE.SAR|=",
"f": {"lang": "sux",
"form": "|PAP.PAP.ŠE.SAR|"}
}
,
{
"node": "d",
"type": "field-end",
"subtype": "sg"}
,
{
"node": "d",
"type": "cell-end"}
,
{
"node": "d",
"type": "cell-start"}
,
{
"node": "d",
"type": "field-start",
"subtype": "eq"}
,
{
"node": "l",
"frag": "ba-qi₂-⸢lu⸣",
"id": "P297210.l411f1",
"ref": "P297210.30.4",
"inst": "+bāqilu[maltster]N$",
"sig": "@dcclt%akk:ba-qi₂-lu=bāqilu[maltster//maltster]N'N$bāqilu",
"f": {"lang": "akk",
"form": "ba-qi₂-lu",
"cf": "bāqilu",
"gw": "maltster",
"sense": "maltster",
"norm": "bāqilu",
"pos": "N",
"epos": "N"}
}
,
{
"node": "d",
"type": "field-end",
"subtype": "eq"}
,
{
"node": "d",
"type": "cell-end"}
,
{
"node": "d",
"type": "line-start",
"ref": "P297210.31",
"n": "16'",
"label": "i' 16'"}
,
{
"node": "d",
"type": "cell-start"}
,
{
"node": "d",
"type": "field-start",
"subtype": "sv"}
,
{
"node": "d",
"type": "field-end",
"subtype": "sv"}
,
{
"node": "d",
"type": "cell-end"}
,
{
"node": "d",
"type": "cell-start"}
,
{
"node": "d",
"type": "field-start",
"subtype": "pr"}
,
{
"node": "l",
"frag": "[...]",
"id": "P297210.l411f2",
"ref": "P297210.31.1",
"inst": "%sux:x=",
"f": {"lang": "sux",
"form": "x"}
}
,
{
"node": "d",
"type": "field-end",
"subtype": "pr"}
,
{
"node": "d",
"type": "cell-end"}
,
{
"node": "d",
"type": "cell-start"}
,
{
"node": "d",
"type": "field-start",
"subtype": "sg"}
,
{
"node": "l",
"frag": "|[PAP].PAP.ŠE.SAR|",
"id": "P297210.l411f3",
"ref": "P297210.31.2",
"inst": "%sux:|PAP.PAP.ŠE.SAR|=",
"f": {"lang": "sux",
"form": "|PAP.PAP.ŠE.SAR|"}
}
,
{
"node": "d",
"type": "field-end",
"subtype": "sg"}
,
{
"node": "d",
"type": "cell-end"}
,
{
"node": "d",
"type": "cell-start"}
,
{
"node": "d",
"type": "field-start",
"subtype": "eq"}
,
{
"node": "l",
"frag": "il-la-⸢ri⸣",
"id": "P297210.l411f4",
"ref": "P297210.31.3",
"inst": "+illaru[(a maltster's tool)]N$illari",
"sig": "@dcclt%akk:il-la-ri=illaru[(a maltster's tool)//(a maltster's tool)]N'N$illari",
"f": {"lang": "akk",
"form": "il-la-ri",
"cf": "illaru",
"gw": "(a maltster's tool)",
"sense": "(a maltster's tool)",
"norm": "illari",
"pos": "N",
"epos": "N"}
}
,
{
"node": "d",
"type": "field-end",
"subtype": "eq"}
,
{
"node": "d",
"type": "cell-end"}
,
{
"node": "d",
"type": "line-start",
"ref": "P297210.32",
"n": "17'",
"label": "i' 17'"}
,
{
"node": "d",
"type": "cell-start"}
,
{
"node": "d",
"type": "field-start",
"subtype": "sv"}
,
{
"node": "d",
"type": "field-end",
"subtype": "sv"}
,
{
"node": "d",
"type": "cell-end"}
,
{
"node": "d",
"type": "cell-start"}
,
{
"node": "d",
"type": "field-start",
"subtype": "pr"}
,
{
"node": "l",
"frag": "[...]",
"id": "P297210.l411f5",
"ref": "P297210.32.1",
"inst": "%sux:x=",
"f": {"lang": "sux",
"form": "x"}
}
,
{
"node": "d",
"type": "field-end",
"subtype": "pr"}
,
{
"node": "d",
"type": "cell-end"}
,
{
"node": "d",
"type": "cell-start"}
,
{
"node": "d",
"type": "field-start",
"subtype": "sg"}
,
{
"node": "l",
"frag": "|[PAP].PAP.ŠE.SAR|",
"id": "P297210.l411f6",
"ref": "P297210.32.2",
"inst": "%sux:|PAP.PAP.ŠE.SAR|=",
"f": {"lang": "sux",
"form": "|PAP.PAP.ŠE.SAR|"}
}
,
{
"node": "d",
"type": "field-end",
"subtype": "sg"}
,
{
"node": "d",
"type": "cell-end"}
,
{
"node": "d",
"type": "cell-start"}
,
{
"node": "d",
"type": "field-start",
"subtype": "eq"}
,
{
"node": "l",
"frag": "ki-⸢si⸣-im-mu",
"id": "P297210.l411f7",
"ref": "P297210.32.3",
"inst": "kisimmu[sour milk]N",
"sig": "@dcclt%akk:ki-si-im-mu=kisimmu[sour milk//sour milk]N'N$kisimmu",
"f": {"lang": "akk",
"form": "ki-si-im-mu",
"cf": "kisimmu",
"gw": "sour milk",
"sense": "sour milk",
"norm": "kisimmu",
"pos": "N",
"epos": "N"}
}
,
{
"node": "d",
"type": "field-end",
"subtype": "eq"}
,
{
"node": "d",
"type": "cell-end"}
,
{
"node": "d",
"type": "line-start",
"ref": "P297210.33",
"n": "18'",
"label": "i' 18'"}
,
{
"node": "d",
"type": "cell-start"}
,
{
"node": "d",
"type": "field-start",
"subtype": "sv"}
,
{
"node": "d",
"type": "field-end",
"subtype": "sv"}
,
{
"node": "d",
"type": "cell-end"}
,
{
"node": "d",
"type": "cell-start"}
,
{
"node": "d",
"type": "field-start",
"subtype": "pr"}
,
{
"node": "l",
"frag": "[...]",
"id": "P297210.l411f8",
"ref": "P297210.33.1",
"inst": "%sux:x=",
"f": {"lang": "sux",
"form": "x"}
}
,
{
"node": "d",
"type": "field-end",
"subtype": "pr"}
,
{
"node": "d",
"type": "cell-end"}
,
{
"node": "d",
"type": "cell-start"}
,
{
"node": "d",
"type": "field-start",
"subtype": "sg"}
,
{
"node": "l",
"frag": "|DIM×KUR.SAR|",
"id": "P297210.l411f9",
"ref": "P297210.33.2",
"inst": "%sux:|DIM×KUR.SAR|=",
"f": {"lang": "sux",
"form": "|DIM×KUR.SAR|"}
}
,
{
"node": "d",
"type": "field-end",
"subtype": "sg"}
,
{
"node": "d",
"type": "cell-end"}
,
{
"node": "d",
"type": "cell-start"}
,
{
"node": "d",
"type": "field-start",
"subtype": "eq"}
,
{
"node": "l",
"frag": "id-ra-nu",
"id": "P297210.l411fa",
"ref": "P297210.33.3",
"inst": "idrānu[potash]N",
"sig": "@dcclt%akk:id-ra-nu=idrānu[potash//potash]N'N$idrānu",
"f": {"lang": "akk",
"form": "id-ra-nu",
"cf": "idrānu",
"gw": "potash",
"sense": "potash",
"norm": "idrānu",
"pos": "N",
"epos": "N"}
}
,
{
"node": "d",
"type": "field-end",
"subtype": "eq"}
,
{
"node": "d",
"type": "cell-end"}
,
{
"node": "d",
"type": "line-start",
"ref": "P297210.34",
"n": "19'",
"label": "i' 19'"}
,
{
"node": "d",
"type": "cell-start"}
,
{
"node": "d",
"type": "field-start",
"subtype": "sv"}
,
{
"node": "d",
"type": "field-end",
"subtype": "sv"}
,
{
"node": "d",
"type": "cell-end"}
,
{
"node": "d",
"type": "cell-start"}
,
{
"node": "d",
"type": "field-start",
"subtype": "pr"}
,
{
"node": "l",
"frag": "[...]",
"id": "P297210.l411fb",
"ref": "P297210.34.1",
"inst": "%sux:x=",
"f": {"lang": "sux",
"form": "x"}
}
,
{
"node": "d",
"type": "field-end",
"subtype": "pr"}
,
{
"node": "d",
"type": "cell-end"}
,
{
"node": "d",
"type": "cell-start"}
,
{
"node": "d",
"type": "field-start",
"subtype": "sg"}
,
{
"node": "l",
"frag": "|DIM×KUR.SAR|",
"id": "P297210.l411fc",
"ref": "P297210.34.2",
"inst": "%sux:|DIM×KUR.SAR|=",
"f": {"lang": "sux",
"form": "|DIM×KUR.SAR|"}
}
,
{
"node": "d",
"type": "field-end",
"subtype": "sg"}
,
{
"node": "d",
"type": "cell-end"}
,
{
"node": "d",
"type": "cell-start"}
,
{
"node": "d",
"type": "field-start",
"subtype": "eq"}
,
{
"node": "l",
"frag": "hi-im-ṭe₃-e-tum",
"id": "P297210.l411fd",
"ref": "P297210.34.3",
"inst": "+himṭu[burning//heartburn?]N'N$himṭētum",
"sig": "@dcclt%akk:hi-im-ṭe₃-e-tum=himṭu[burning//heartburn?]N'N$himṭētum",
"f": {"lang": "akk",
"form": "hi-im-ṭe₃-e-tum",
"cf": "himṭu",
"gw": "burning",
"sense": "heartburn?",
"norm": "himṭētum",
"pos": "N",
"epos": "N"}
}
,
{
"node": "d",
"type": "field-end",
"subtype": "eq"}
,
{
"node": "d",
"type": "cell-end"}
,
{
"node": "d",
"type": "line-start",
"ref": "P297210.35",
"n": "20'",
"label": "i' 20'"}
,
{
"node": "d",
"type": "cell-start"}
,
{
"node": "d",
"type": "field-start",
"subtype": "sv"}
,
{
"node": "d",
"type": "field-end",
"subtype": "sv"}
,
{
"node": "d",
"type": "cell-end"}
,
{
"node": "d",
"type": "cell-start"}
,
{
"node": "d",
"type": "field-start",
"subtype": "pr"}
,
{
"node": "l",
"frag": "[...]",
"id": "P297210.l411fe",
"ref": "P297210.35.1",
"inst": "%sux:x=",
"f": {"lang": "sux",
"form": "x"}
}
,
{
"node": "d",
"type": "field-end",
"subtype": "pr"}
,
{
"node": "d",
"type": "cell-end"}
,
{
"node": "d",
"type": "cell-start"}
,
{
"node": "d",
"type": "field-start",
"subtype": "sg"}
,
{
"node": "l",
"frag": "|[X.X].A.SAR|",
"id": "P297210.l411ff",
"ref": "P297210.35.2",
"inst": "%sux:|X.X.A.SAR|=",
"f": {"lang": "sux",
"form": "|X.X.A.SAR|"}
}
,
{
"node": "d",
"type": "field-end",
"subtype": "sg"}
,
{
"node": "d",
"type": "cell-end"}
,
{
"node": "d",
"type": "cell-start"}
,
{
"node": "d",
"type": "field-start",
"subtype": "eq"}
,
{
"node": "l",
"frag": "mu-zi-qa-tum",
"id": "P297210.l41200",
"ref": "P297210.35.3",
"inst": "+muzīqātu[(a disease?)]N$muzīqātum",
"sig": "@dcclt%akk:mu-zi-qa-tum=muzīqātu[(a disease?)//(a disease?)]N'N$muzīqātum",
"f": {"lang": "akk",
"form": "mu-zi-qa-tum",
"cf": "muzīqātu",
"gw": "(a disease?)",
"sense": "(a disease?)",
"norm": "muzīqātum",
"pos": "N",
"epos": "N"}
}
,
{
"node": "d",
"type": "field-end",
"subtype": "eq"}
,
{
"node": "d",
"type": "cell-end"}
,
{
"node": "d",
"type": "line-start",
"ref": "P297210.36",
"n": "21'",
"label": "i' 21'"}
,
{
"node": "d",
"type": "cell-start"}
,
{
"node": "d",
"type": "field-start",
"subtype": "sv"}
,
{
"node": "d",
"type": "field-end",
"subtype": "sv"}
,
{
"node": "d",
"type": "cell-end"}
,
{
"node": "d",
"type": "cell-start"}
,
{
"node": "d",
"type": "field-start",
"subtype": "pr"}
,
{
"node": "l",
"frag": "[...]",
"id": "P297210.l41201",
"ref": "P297210.36.1",
"inst": "%sux:x=",
"f": {"lang": "sux",
"form": "x"}
}
,
{
"node": "d",
"type": "field-end",
"subtype": "pr"}
,
{
"node": "d",
"type": "cell-end"}
,
{
"node": "d",
"type": "cell-start"}
,
{
"node": "d",
"type": "field-start",
"subtype": "sg"}
,
{
"node": "l",
"frag": "|[X].X.SUD₂|",
"id": "P297210.l41202",
"ref": "P297210.36.2",
"inst": "%sux:|X.X.SUD₂|=",
"f": {"lang": "sux",
"form": "|X.X.SUD₂|"}
}
,
{
"node": "d",
"type": "field-end",
"subtype": "sg"}
,
{
"node": "d",
"type": "cell-end"}
,
{
"node": "d",
"type": "cell-start"}
,
{
"node": "d",
"type": "field-start",
"subtype": "eq"}
,
{
"node": "l",
"frag": "a-tap-pu",
"id": "P297210.l41203",
"ref": "P297210.36.3",
"inst": "atappu[ditch]N",
"sig": "@dcclt%akk:a-tap-pu=atappu[ditch//ditch]N'N$atappu",
"f": {"lang": "akk",
"form": "a-tap-pu",
"cf": "atappu",
"gw": "ditch",
"sense": "ditch",
"norm": "atappu",
"pos": "N",
"epos": "N"}
}
,
{
"node": "d",
"type": "field-end",
"subtype": "eq"}
,
{
"node": "d",
"type": "cell-end"}
,
{
"node": "d",
"type": "line-start",
"ref": "P297210.37",
"n": "21'b",
"label": "i' 21'b"}
,
{
"node": "d",
"type": "cell-start"}
,
{
"node": "d",
"type": "field-start",
"subtype": "sv"}
,
{
"node": "d",
"type": "field-end",
"subtype": "sv"}
,
{
"node": "d",
"type": "cell-end"}
,
{
"node": "d",
"type": "cell-start"}
,
{
"node": "d",
"type": "field-start",
"subtype": "pr"}
,
{
"node": "l",
"frag": "<([...])>",
"id": "P297210.l41204",
"ref": "P297210.37.1",
"inst": "%sux:x=",
"f": {"lang": "sux",
"form": "x"}
}
,
{
"node": "d",
"type": "field-end",
"subtype": "pr"}
,
{
"node": "d",
"type": "cell-end"}
,
{
"node": "d",
"type": "cell-start"}
,
{
"node": "d",
"type": "field-start",
"subtype": "sg"}
,
{
"node": "l",
"frag": "|[X].X.SUD₂|",
"id": "P297210.l41205",
"ref": "P297210.37.2",
"inst": "%sux:|X.X.SUD₂|=",
"f": {"lang": "sux",
"form": "|X.X.SUD₂|"}
}
,
{
"node": "d",
"type": "field-end",
"subtype": "sg"}
,
{
"node": "d",
"type": "cell-end"}
,
{
"node": "d",
"type": "cell-start"}
,
{
"node": "d",
"type": "field-start",
"subtype": "eq"}
,
{
"node": "d",
"frag": ":",
"type": "nonw",
"ref": "P297210.37.3",
"lang": "akk",
"type": "punct",
"gdl_delim": " "}
,
{
"node": "l",
"frag": "i-ku",
"id": "P297210.l41206",
"ref": "P297210.37.4",
"inst": "īku[dyke]N",
"sig": "@dcclt%akk:i-ku=īku[dyke//dyke]N'N$īku",
"f": {"lang": "akk",
"form": "i-ku",
"cf": "īku",
"gw": "dyke",
"sense": "dyke",
"norm": "īku",
"pos": "N",
"epos": "N"}
}
,
{
"node": "d",
"type": "field-end",
"subtype": "eq"}
,
{
"node": "d",
"type": "cell-end"}
,
{
"node": "d",
"type": "line-start",
"ref": "P297210.38",
"n": "22'",
"label": "i' 22'"}
,
{
"node": "d",
"type": "cell-start"}
,
{
"node": "d",
"type": "field-start",
"subtype": "sv"}
,
{
"node": "d",
"type": "field-end",
"subtype": "sv"}
,
{
"node": "d",
"type": "cell-end"}
,
{
"node": "d",
"type": "cell-start"}
,
{
"node": "d",
"type": "field-start",
"subtype": "pr"}
,
{
"node": "l",
"frag": "[...]",
"id": "P297210.l41207",
"ref": "P297210.38.1",
"inst": "%sux:x=",
"f": {"lang": "sux",
"form": "x"}
}
,
{
"node": "d",
"type": "field-end",
"subtype": "pr"}
,
{
"node": "d",
"type": "cell-end"}
,
{
"node": "d",
"type": "cell-start"}
,
{
"node": "d",
"type": "field-start",
"subtype": "sg"}
,
{
"node": "l",
"frag": "[...]",
"id": "P297210.l41208",
"ref": "P297210.38.2",
"inst": "%sux:x=",
"f": {"lang": "sux",
"form": "x"}
}
,
{
"node": "d",
"type": "field-end",
"subtype": "sg"}
,
{
"node": "d",
"type": "cell-end"}
,
{
"node": "d",
"type": "cell-start"}
,
{
"node": "d",
"type": "field-start",
"subtype": "eq"}
,
{
"node": "l",
"frag": "⸢im⸣-bu-u₂",
"id": "P297210.l41209",
"ref": "P297210.38.3",
"inst": "imbû[loss]N",
"sig": "@dcclt%akk:im-bu-u₂=ibbû[loss//loss]N'N$imbû",
"f": {"lang": "akk",
"form": "im-bu-u₂",
"cf": "ibbû",
"gw": "loss",
"sense": "loss",
"norm": "imbû",
"pos": "N",
"epos": "N"}
}
,
{
"node": "d",
"type": "field-end",
"subtype": "eq"}
,
{
"node": "d",
"type": "cell-end"}
,
{
"node": "d",
"type": "line-start",
"ref": "P297210.39",
"n": "22'a",
"label": "i' 22'a"}
,
{
"node": "d",
"type": "cell-start"}
,
{
"node": "d",
"type": "field-start",
"subtype": "sv"}
,
{
"node": "d",
"type": "field-end",
"subtype": "sv"}
,
{
"node": "d",
"type": "cell-end"}
,
{
"node": "d",
"type": "cell-start"}
,
{
"node": "d",
"type": "field-start",
"subtype": "pr"}
,
{
"node": "l",
"frag": "<([...])>",
"id": "P297210.l4120a",
"ref": "P297210.39.1",
"inst": "%sux:x=",
"f": {"lang": "sux",
"form": "x"}
}
,
{
"node": "d",
"type": "field-end",
"subtype": "pr"}
,
{
"node": "d",
"type": "cell-end"}
,
{
"node": "d",
"type": "cell-start"}
,
{
"node": "d",
"type": "field-start",
"subtype": "sg"}
,
{
"node": "l",
"frag": "<([...])>",
"id": "P297210.l4120b",
"ref": "P297210.39.2",
"inst": "%sux:x=",
"f": {"lang": "sux",
"form": "x"}
}
,
{
"node": "d",
"type": "field-end",
"subtype": "sg"}
,
{
"node": "d",
"type": "cell-end"}
,
{
"node": "d",
"type": "cell-start"}
,
{
"node": "d",
"type": "field-start",
"subtype": "eq"}
,
{
"node": "d",
"frag": ":",
"type": "nonw",
"ref": "P297210.39.3",
"lang": "akk",
"type": "punct",
"gdl_delim": " "}
,
{
"node": "l",
"frag": "il-la-ri",
"id": "P297210.l4120c",
"ref": "P297210.39.4",
"inst": "illari[(a maltster's tool)]N",
"sig": "@dcclt%akk:il-la-ri=illaru[(a maltster's tool)//(a maltster's tool)]N'N$illari",
"f": {"lang": "akk",
"form": "il-la-ri",
"cf": "illaru",
"gw": "(a maltster's tool)",
"sense": "(a maltster's tool)",
"norm": "illari",
"pos": "N",
"epos": "N"}
}
,
{
"node": "d",
"type": "field-end",
"subtype": "eq"}
,
{
"node": "d",
"type": "cell-end"}
,
{
"node": "d",
"type": "line-start",
"ref": "P297210.40",
"n": "23'",
"label": "i' 23'"}
,
{
"node": "d",
"type": "cell-start"}
,
{
"node": "d",
"type": "field-start",
"subtype": "sv"}
,
{
"node": "d",
"type": "field-end",
"subtype": "sv"}
,
{
"node": "d",
"type": "cell-end"}
,
{
"node": "d",
"type": "cell-start"}
,
{
"node": "d",
"type": "field-start",
"subtype": "pr"}
,
{
"node": "l",
"frag": "[...]",
"id": "P297210.l4120d",
"ref": "P297210.40.1",
"inst": "%sux:x=",
"f": {"lang": "sux",
"form": "x"}
}
,
{
"node": "d",
"type": "field-end",
"subtype": "pr"}
,
{
"node": "d",
"type": "cell-end"}
,
{
"node": "d",
"type": "cell-start"}
,
{
"node": "d",
"type": "field-start",
"subtype": "sg"}
,
{
"node": "l",
"frag": "[...]",
"id": "P297210.l4120e",
"ref": "P297210.40.2",
"inst": "%sux:x=",
"f": {"lang": "sux",
"form": "x"}
}
,
{
"node": "d",
"type": "field-end",
"subtype": "sg"}
,
{
"node": "d",
"type": "cell-end"}
,
{
"node": "d",
"type": "cell-start"}
,
{
"node": "d",
"type": "field-start",
"subtype": "eq"}
,
{
"node": "l",
"frag": "[x]-⸢x⸣-nu",
"id": "P297210.l4120f",
"ref": "P297210.40.3",
"inst": "u",
"f": {"lang": "akk",
"form": "x-x-nu",
"pos": "u"}
}
,
{
"node": "d",
"type": "field-end",
"subtype": "eq"}
,
{
"node": "d",
"type": "cell-end"}
,
{
"node": "d",
"type": "nonx",
"ref": "P297210.41",
"strict": "1",
"extent": "rest",
"scope": "column",
"state": "missing"}
,
{
"node": "d",
"subtype": "column 2'",
"type": "column",
"ref": "P297210.ii_.42",
"n": "2",
"label": "ii'"}
,
{
"node": "d",
"type": "nonx",
"ref": "P297210.43",
"strict": "0",
"extent": "beginning",
"state": "missing"}
,
{
"node": "d",
"type": "nonx",
"ref": "P297210.44",
"strict": "0",
"extent": "4",
"scope": "line",
"state": "blank"}
,
{
"node": "d",
"type": "line-start",
"ref": "P297210.45",
"n": "5'",
"label": "ii' 5'"}
,
{
"node": "d",
"type": "cell-start"}
,
{
"node": "d",
"type": "field-start",
"subtype": "sv"}
,
{
"node": "l",
"frag": "usandu",
"id": "P297210.l41210",
"ref": "P297210.45.1",
"inst": "mušendu[bird-catcher]N",
"sig": "@dcclt%sux:usandu=mušendu[bird-catcher//bird-catcher]N'N$mušendu/mušen-du₃#~",
"f": {"lang": "sux",
"form": "usandu",
"cf": "mušendu",
"gw": "bird-catcher",
"sense": "bird-catcher",
"norm0": "mušendu",
"pos": "N",
"epos": "N",
"base": "mušen-du₃",
"morph": "~"}
}
,
{
"node": "d",
"type": "field-end",
"subtype": "sv"}
,
{
"node": "d",
"type": "cell-end"}
,
{
"node": "d",
"type": "cell-start"}
,
{
"node": "d",
"type": "field-start",
"subtype": "pr"}
,
{
"node": "l",
"frag": "u₂-sa-an-du",
"id": "P297210.l41211",
"ref": "P297210.45.2",
"inst": "%sux:u₂-sa-an-du=",
"f": {"lang": "sux",
"form": "u₂-sa-an-du"}
}
,
{
"node": "d",
"type": "field-end",
"subtype": "pr"}
,
{
"node": "d",
"type": "cell-end"}
,
{
"node": "d",
"type": "cell-start"}
,
{
"node": "d",
"type": "field-start",
"subtype": "sg"}
,
{
"node": "l",
"frag": "|HU.KAK|",
"id": "P297210.l41212",
"ref": "P297210.45.3",
"inst": "%sux:|HU.KAK|=",
"f": {"lang": "sux",
"form": "|HU.KAK|"}
}
,
{
"node": "d",
"type": "field-end",
"subtype": "sg"}
,
{
"node": "d",
"type": "cell-end"}
,
{
"node": "d",
"type": "cell-start"}
,
{
"node": "d",
"type": "field-start",
"subtype": "eq"}
,
{
"node": "l",
"frag": "[...]",
"id": "P297210.l41213",
"ref": "P297210.45.4",
"inst": "u",
"f": {"lang": "akk",
"form": "x",
"pos": "u"}
}
,
{
"node": "d",
"type": "field-end",
"subtype": "eq"}
,
{
"node": "d",
"type": "cell-end"}
,
{
"node": "d",
"type": "line-start",
"ref": "P297210.46",
"n": "6'",
"label": "ii' 6'"}
,
{
"node": "d",
"type": "cell-start"}
,
{
"node": "d",
"type": "field-start",
"subtype": "sv"}
,
{
"node": "l",
"frag": "tal-tal",
"id": "P297210.l41214",
"ref": "P297210.46.1",
"inst": "tal[clamor]",
"sig": "@dcclt%sux:tal-tal=tal[clamor//clamor]N'N$tal/tal-tal#~",
"f": {"lang": "sux",
"form": "tal-tal",
"cf": "tal",
"gw": "clamor",
"sense": "clamor",
"norm0": "tal",
"pos": "N",
"epos": "N",
"base": "tal-tal",
"morph": "~"}
}
,
{
"node": "d",
"type": "field-end",
"subtype": "sv"}
,
{
"node": "d",
"type": "cell-end"}
,
{
"node": "d",
"type": "cell-start"}
,
{
"node": "d",
"type": "field-start",
"subtype": "pr"}
,
{
"node": "l",
"frag": "tal-tal",
"id": "P297210.l41215",
"ref": "P297210.46.2",
"inst": "%sux:tal-tal=",
"f": {"lang": "sux",
"form": "tal-tal"}
}
,
{
"node": "d",
"type": "field-end",
"subtype": "pr"}
,
{
"node": "d",
"type": "cell-end"}
,
{
"node": "d",
"type": "cell-start"}
,
{
"node": "d",
"type": "field-start",
"subtype": "sg"}
,
{
"node": "l",
"frag": "|RI.RI|",
"id": "P297210.l41216",
"ref": "P297210.46.3",
"inst": "%sux:|RI.RI|=",
"f": {"lang": "sux",
"form": "|RI.RI|"}
}
,
{
"node": "d",
"type": "field-end",
"subtype": "sg"}
,
{
"node": "d",
"type": "cell-end"}
,
{
"node": "d",
"type": "cell-start"}
,
{
"node": "d",
"type": "field-start",
"subtype": "eq"}
,
{
"node": "l",
"frag": "[...]",
"id": "P297210.l41217",
"ref": "P297210.46.4",
"inst": "u",
"f": {"lang": "akk",
"form": "x",
"pos": "u"}
}
,
{
"node": "d",
"type": "field-end",
"subtype": "eq"}
,
{
"node": "d",
"type": "cell-end"}
,
{
"node": "d",
"type": "line-start",
"ref": "P297210.47",
"n": "7'",
"label": "ii' 7'"}
,
{
"node": "d",
"type": "cell-start"}
,
{
"node": "d",
"type": "field-start",
"subtype": "sv"}
,
{
"node": "l",
"frag": "pag-pag",
"id": "P297210.l41218",
"ref": "P297210.47.1",
"inst": "pag[enclose]",
"sig": "@dcclt%sux:pag-pag=pag[enclose//enclose]V/t'V/t$pag/pag-pag#~",
"f": {"lang": "sux",
"form": "pag-pag",
"cf": "pag",
"gw": "enclose",
"sense": "enclose",
"norm0": "pag",
"pos": "V/t",
"epos": "V/t",
"base": "pag-pag",
"morph": "~"}
}
,
{
"node": "d",
"type": "field-end",
"subtype": "sv"}
,
{
"node": "d",
"type": "cell-end"}
,
{
"node": "d",
"type": "cell-start"}
,
{
"node": "d",
"type": "field-start",
"subtype": "pr"}
,
{
"node": "l",
"frag": "pa-ag-{<MIN(pa-ag)>}",
"id": "P297210.l41219",
"ref": "P297210.47.2",
"inst": "%sux:pa-ag-pa-ag=",
"f": {"lang": "sux",
"form": "pa-ag-pa-ag"}
}
,
{
"node": "d",
"type": "field-end",
"subtype": "pr"}
,
{
"node": "d",
"type": "cell-end"}
,
{
"node": "d",
"type": "cell-start"}
,
{
"node": "d",
"type": "field-start",
"subtype": "sg"}
,
{
"node": "l",
"frag": "|HU.HU|",
"id": "P297210.l4121a",
"ref": "P297210.47.3",
"inst": "%sux:|HU.HU|=",
"f": {"lang": "sux",
"form": "|HU.HU|"}
}
,
{
"node": "d",
"type": "field-end",
"subtype": "sg"}
,
{
"node": "d",
"type": "cell-end"}
,
{
"node": "d",
"type": "cell-start"}
,
{
"node": "d",
"type": "field-start",
"subtype": "eq"}
,
{
"node": "l",
"frag": "[...]",
"id": "P297210.l4121b",
"ref": "P297210.47.4",
"inst": "u",
"f": {"lang": "akk",
"form": "x",
"pos": "u"}
}
,
{
"node": "d",
"type": "field-end",
"subtype": "eq"}
,
{
"node": "d",
"type": "cell-end"}
,
{
"node": "d",
"type": "line-start",
"ref": "P297210.48",
"n": "7'b",
"label": "ii' 7'b"}
,
{
"node": "d",
"type": "cell-start"}
,
{
"node": "d",
"type": "field-start",
"subtype": "sv"}
,
{
"node": "l",
"frag": "pag-pag",
"id": "P297210.l4121c",
"ref": "P297210.48.1",
"inst": "pag[enclose]",
"sig": "@dcclt%sux:pag-pag=pag[enclose//enclose]V/t'V/t$pag/pag-pag#~",
"f": {"lang": "sux",
"form": "pag-pag",
"cf": "pag",
"gw": "enclose",
"sense": "enclose",
"norm0": "pag",
"pos": "V/t",
"epos": "V/t",
"base": "pag-pag",
"morph": "~"}
}
,
{
"node": "d",
"type": "field-end",
"subtype": "sv"}
,
{
"node": "d",
"type": "cell-end"}
,
{
"node": "d",
"type": "cell-start"}
,
{
"node": "d",
"type": "field-start",
"subtype": "pr"}
,
{
"node": "l",
"frag": "<(pa-ag-{<MIN(pa-ag)>)>}",
"id": "P297210.l4121d",
"ref": "P297210.48.2",
"inst": "%sux:pa-ag-pa-ag=",
"f": {"lang": "sux",
"form": "pa-ag-pa-ag"}
}
,
{
"node": "d",
"type": "field-end",
"subtype": "pr"}
,
{
"node": "d",
"type": "cell-end"}
,
{
"node": "d",
"type": "cell-start"}
,
{
"node": "d",
"type": "field-start",
"subtype": "sg"}
,
{
"node": "l",
"frag": "|HU.HU|",
"id": "P297210.l4121e",
"ref": "P297210.48.3",
"inst": "%sux:|HU.HU|=",
"f": {"lang": "sux",
"form": "|HU.HU|"}
}
,
{
"node": "d",
"type": "field-end",
"subtype": "sg"}
,
{
"node": "d",
"type": "cell-end"}
,
{
"node": "d",
"type": "cell-start"}
,
{
"node": "d",
"type": "field-start",
"subtype": "eq"}
,
{
"node": "l",
"frag": "[...]",
"id": "P297210.l4121f",
"ref": "P297210.48.4",
"inst": "u",
"f": {"lang": "akk",
"form": "x",
"pos": "u"}
}
,
{
"node": "d",
"type": "field-end",
"subtype": "eq"}
,
{
"node": "d",
"type": "cell-end"}
,
{
"node": "d",
"type": "line-start",
"ref": "P297210.49",
"n": "8'",
"label": "ii' 8'"}
,
{
"node": "d",
"type": "cell-start"}
,
{
"node": "d",
"type": "field-start",
"subtype": "sv"}
,
{
"node": "l",
"frag": "še₂₁",
"id": "P297210.l41220",
"ref": "P297210.49.1",
"inst": "še[call]",
"sig": "@dcclt%sux:še₂₁=še[call//to call by name]V/t'V/t$še/še₂₁#~",
"f": {"lang": "sux",
"form": "še₂₁",
"cf": "še",
"gw": "call",
"sense": "to call by name",
"norm0": "še",
"pos": "V/t",
"epos": "V/t",
"base": "še₂₁",
"morph": "~"}
}
,
{
"node": "d",
"type": "field-end",
"subtype": "sv"}
,
{
"node": "d",
"type": "cell-end"}
,
{
"node": "d",
"type": "cell-start"}
,
{
"node": "d",
"type": "field-start",
"subtype": "pr"}
,
{
"node": "l",
"frag": "sa-a",
"id": "P297210.l41221",
"ref": "P297210.49.2",
"inst": "%sux:sa-a=",
"f": {"lang": "sux",
"form": "sa-a"}
}
,
{
"node": "d",
"type": "field-end",
"subtype": "pr"}
,
{
"node": "d",
"type": "cell-end"}
,
{
"node": "d",
"type": "cell-start"}
,
{
"node": "d",
"type": "field-start",
"subtype": "sg"}
,
{
"node": "l",
"frag": "|HU.NA₂|",
"id": "P297210.l41222",
"ref": "P297210.49.3",
"inst": "%sux:|HU.NA₂|=",
"f": {"lang": "sux",
"form": "|HU.NA₂|"}
}
,
{
"node": "d",
"type": "field-end",
"subtype": "sg"}
,
{
"node": "d",
"type": "cell-end"}
,
{
"node": "d",
"type": "cell-start"}
,
{
"node": "d",
"type": "field-start",
"subtype": "eq"}
,
{
"node": "l",
"frag": "[...]",
"id": "P297210.l41223",
"ref": "P297210.49.4",
"inst": "u",
"f": {"lang": "akk",
"form": "x",
"pos": "u"}
}
,
{
"node": "d",
"type": "field-end",
"subtype": "eq"}
,
{
"node": "d",
"type": "cell-end"}
,
{
"node": "d",
"type": "line-start",
"ref": "P297210.50",
"n": "8'b",
"label": "ii' 8'b"}
,
{
"node": "d",
"type": "cell-start"}
,
{
"node": "d",
"type": "field-start",
"subtype": "sv"}
,
{
"node": "l",
"frag": "še₂₁",
"id": "P297210.l41224",
"ref": "P297210.50.1",
"inst": "šed[lie]",
"sig": "@dcclt%sux:še₂₁=šed[lie//to lie down (of animals)]V/t'V/t$šed/še₂₁#~",
"f": {"lang": "sux",
"form": "še₂₁",
"cf": "šed",
"gw": "lie",
"sense": "to lie down (of animals)",
"norm0": "šed",
"pos": "V/t",
"epos": "V/t",
"base": "še₂₁",
"morph": "~"}
}
,
{
"node": "d",
"type": "field-end",
"subtype": "sv"}
,
{
"node": "d",
"type": "cell-end"}
,
{
"node": "d",
"type": "cell-start"}
,
{
"node": "d",
"type": "field-start",
"subtype": "pr"}
,
{
"node": "l",
"frag": "<(sa-a)>",
"id": "P297210.l41225",
"ref": "P297210.50.2",
"inst": "%sux:sa-a=",
"f": {"lang": "sux",
"form": "sa-a"}
}
,
{
"node": "d",
"type": "field-end",
"subtype": "pr"}
,
{
"node": "d",
"type": "cell-end"}
,
{
"node": "d",
"type": "cell-start"}
,
{
"node": "d",
"type": "field-start",
"subtype": "sg"}
,
{
"node": "l",
"frag": "|HU.NA₂|",
"id": "P297210.l41226",
"ref": "P297210.50.3",
"inst": "%sux:|HU.NA₂|=",
"f": {"lang": "sux",
"form": "|HU.NA₂|"}
}
,
{
"node": "d",
"type": "field-end",
"subtype": "sg"}
,
{
"node": "d",
"type": "cell-end"}
,
{
"node": "d",
"type": "cell-start"}
,
{
"node": "d",
"type": "field-start",
"subtype": "eq"}
,
{
"node": "l",
"frag": "[...]",
"id": "P297210.l41227",
"ref": "P297210.50.4",
"inst": "u",
"f": {"lang": "akk",
"form": "x",
"pos": "u"}
}
,
{
"node": "d",
"type": "field-end",
"subtype": "eq"}
,
{
"node": "d",
"type": "cell-end"}
,
{
"node": "d",
"type": "line-start",
"ref": "P297210.51",
"n": "9'",
"label": "ii' 9'"}
,
{
"node": "d",
"type": "cell-start"}
,
{
"node": "d",
"type": "field-start",
"subtype": "sv"}
,
{
"node": "l",
"frag": "naₓ(|HU.NA₂|)",
"id": "P297210.l41228",
"ref": "P297210.51.1",
"inst": "nud[lie]",
"sig": "@dcclt%sux:naₓ(|HU.NA₂|)=nud[lie//lie]V/i'V/i$nud/naₓ(|HU.NA₂|)#~",
"f": {"lang": "sux",
"form": "naₓ(|HU.NA₂|)",
"cf": "nud",
"gw": "lie",
"sense": "lie",
"norm0": "nud",
"pos": "V/i",
"epos": "V/i",
"base": "naₓ(|HU.NA₂|)",
"morph": "~"}
}
,
{
"node": "d",
"type": "field-end",
"subtype": "sv"}
,
{
"node": "d",
"type": "cell-end"}
,
{
"node": "d",
"type": "cell-start"}
,
{
"node": "d",
"type": "field-start",
"subtype": "pr"}
,
{
"node": "l",
"frag": "na-a",
"id": "P297210.l41229",
"ref": "P297210.51.2",
"inst": "%sux:na-a=",
"f": {"lang": "sux",
"form": "na-a"}
}
,
{
"node": "d",
"type": "field-end",
"subtype": "pr"}
,
{
"node": "d",
"type": "cell-end"}
,
{
"node": "d",
"type": "cell-start"}
,
{
"node": "d",
"type": "field-start",
"subtype": "sg"}
,
{
"node": "l",
"frag": "|HU.NA₂|",
"id": "P297210.l4122a",
"ref": "P297210.51.3",
"inst": "%sux:|HU.NA₂|=",
"f": {"lang": "sux",
"form": "|HU.NA₂|"}
}
,
{
"node": "d",
"type": "field-end",
"subtype": "sg"}
,
{
"node": "d",
"type": "cell-end"}
,
{
"node": "d",
"type": "cell-start"}
,
{
"node": "d",
"type": "field-start",
"subtype": "eq"}
,
{
"node": "l",
"frag": "[...]",
"id": "P297210.l4122b",
"ref": "P297210.51.4",
"inst": "u",
"f": {"lang": "akk",
"form": "x",
"pos": "u"}
}
,
{
"node": "d",
"type": "field-end",
"subtype": "eq"}
,
{
"node": "d",
"type": "cell-end"}
,
{
"node": "d",
"type": "line-start",
"ref": "P297210.52",
"n": "10'",
"label": "ii' 10'"}
,
{
"node": "d",
"type": "cell-start"}
,
{
"node": "d",
"type": "field-start",
"subtype": "sv"}
,
{
"node": "l",
"frag": "še₂₁",
"id": "P297210.l4122c",
"ref": "P297210.52.1",
"inst": "še[to call by name]V/t",
"sig": "@dcclt%sux:še₂₁=še[call//to call by name]V/t'V/t$še/še₂₁#~",
"f": {"lang": "sux",
"form": "še₂₁",
"cf": "še",
"gw": "call",
"sense": "to call by name",
"norm0": "še",
"pos": "V/t",
"epos": "V/t",
"base": "še₂₁",
"morph": "~"}
}
,
{
"node": "d",
"type": "field-end",
"subtype": "sv"}
,
{
"node": "d",
"type": "cell-end"}
,
{
"node": "d",
"type": "cell-start"}
,
{
"node": "d",
"type": "field-start",
"subtype": "pr"}
,
{
"node": "l",
"frag": "še-e",
"id": "P297210.l4122d",
"ref": "P297210.52.2",
"inst": "%sux:še-e=",
"f": {"lang": "sux",
"form": "še-e"}
}
,
{
"node": "d",
"type": "field-end",
"subtype": "pr"}
,
{
"node": "d",
"type": "cell-end"}
,
{
"node": "d",
"type": "cell-start"}
,
{
"node": "d",
"type": "field-start",
"subtype": "sg"}
,
{
"node": "l",
"frag": "|HU.NA₂|",
"id": "P297210.l4122e",
"ref": "P297210.52.3",
"inst": "%sux:|HU.NA₂|=",
"f": {"lang": "sux",
"form": "|HU.NA₂|"}
}
,
{
"node": "d",
"type": "field-end",
"subtype": "sg"}
,
{
"node": "d",
"type": "cell-end"}
,
{
"node": "d",
"type": "cell-start"}
,
{
"node": "d",
"type": "field-start",
"subtype": "eq"}
,
{
"node": "l",
"frag": "[...]",
"id": "P297210.l4122f",
"ref": "P297210.52.4",
"inst": "u",
"f": {"lang": "akk",
"form": "x",
"pos": "u"}
}
,
{
"node": "d",
"type": "field-end",
"subtype": "eq"}
,
{
"node": "d",
"type": "cell-end"}
,
{
"node": "d",
"type": "line-start",
"ref": "P297210.53",
"n": "11'",
"label": "ii' 11'"}
,
{
"node": "d",
"type": "cell-start"}
,
{
"node": "d",
"type": "field-start",
"subtype": "sv"}
,
{
"node": "l",
"frag": "saŋa₄",
"id": "P297210.l41230",
"ref": "P297210.53.1",
"inst": "saŋa[priest]",
"sig": "@dcclt%sux:saŋa₄=saŋa[priest//priest]N'N$saŋa/saŋa₄#~",
"f": {"lang": "sux",
"form": "saŋa₄",
"cf": "saŋa",
"gw": "priest",
"sense": "priest",
"norm0": "saŋa",
"pos": "N",
"epos": "N",
"base": "saŋa₄",
"morph": "~"}
}
,
{
"node": "d",
"type": "field-end",
"subtype": "sv"}
,
{
"node": "d",
"type": "cell-end"}
,
{
"node": "d",
"type": "cell-start"}
,
{
"node": "d",
"type": "field-start",
"subtype": "pr"}
,
{
"node": "l",
"frag": "ša₂-an-gu",
"id": "P297210.l41231",
"ref": "P297210.53.2",
"inst": "%sux:ša₂-an-gu=",
"f": {"lang": "sux",
"form": "ša₂-an-gu"}
}
,
{
"node": "d",
"type": "field-end",
"subtype": "pr"}
,
{
"node": "d",
"type": "cell-end"}
,
{
"node": "d",
"type": "cell-start"}
,
{
"node": "d",
"type": "field-start",
"subtype": "sg"}
,
{
"node": "l",
"frag": "[...]",
"id": "P297210.l41232",
"ref": "P297210.53.3",
"inst": "%sux:x=",
"f": {"lang": "sux",
"form": "x"}
}
,
{
"node": "d",
"type": "field-end",
"subtype": "sg"}
,
{
"node": "d",
"type": "cell-end"}
,
{
"node": "d",
"type": "cell-start"}
,
{
"node": "d",
"type": "field-start",
"subtype": "eq"}
,
{
"node": "l",
"frag": "[...]",
"id": "P297210.l41233",
"ref": "P297210.53.4",
"inst": "u",
"f": {"lang": "akk",
"form": "x",
"pos": "u"}
}
,
{
"node": "d",
"type": "field-end",
"subtype": "eq"}
,
{
"node": "d",
"type": "cell-end"}
,
{
"node": "d",
"type": "line-start",
"ref": "P297210.54",
"n": "12'",
"label": "ii' 12'"}
,
{
"node": "d",
"type": "cell-start"}
,
{
"node": "d",
"type": "field-start",
"subtype": "sv"}
,
{
"node": "l",
"frag": "saŋa₄",
"id": "P297210.l41234",
"ref": "P297210.54.1",
"inst": "saŋa[priest]",
"sig": "@dcclt%sux:saŋa₄=saŋa[priest//priest]N'N$saŋa/saŋa₄#~",
"f": {"lang": "sux",
"form": "saŋa₄",
"cf": "saŋa",
"gw": "priest",
"sense": "priest",
"norm0": "saŋa",
"pos": "N",
"epos": "N",
"base": "saŋa₄",
"morph": "~"}
}
,
{
"node": "l",
"frag": "mah",
"id": "P297210.l41235",
"ref": "P297210.54.2",
"inst": "mah[great]",
"sig": "@dcclt%sux:mah=mah[great//great]V/i'V/i$mah/mah#~",
"f": {"lang": "sux",
"form": "mah",
"cf": "mah",
"gw": "great",
"sense": "great",
"norm0": "mah",
"pos": "V/i",
"epos": "V/i",
"base": "mah",
"morph": "~"}
}
,
{
"node": "d",
"type": "field-end",
"subtype": "sv"}
,
{
"node": "d",
"type": "cell-end"}
,
{
"node": "d",
"type": "cell-start"}
,
{
"node": "d",
"type": "field-start",
"subtype": "pr"}
,
{
"node": "l",
"frag": "ša₂-an-gu-[mah]",
"id": "P297210.l41236",
"ref": "P297210.54.3",
"inst": "%sux:ša₂-an-gu-mah=",
"f": {"lang": "sux",
"form": "ša₂-an-gu-mah"}
}
,
{
"node": "d",
"type": "field-end",
"subtype": "pr"}
,
{
"node": "d",
"type": "cell-end"}
,
{
"node": "d",
"type": "cell-start"}
,
{
"node": "d",
"type": "field-start",
"subtype": "sg"}
,
{
"node": "l",
"frag": "[...]",
"id": "P297210.l41237",
"ref": "P297210.54.4",
"inst": "%sux:x=",
"f": {"lang": "sux",
"form": "x"}
}
,
{
"node": "d",
"type": "field-end",
"subtype": "sg"}
,
{
"node": "d",
"type": "cell-end"}
,
{
"node": "d",
"type": "cell-start"}
,
{
"node": "d",
"type": "field-start",
"subtype": "eq"}
,
{
"node": "l",
"frag": "[...]",
"id": "P297210.l41238",
"ref": "P297210.54.5",
"inst": "u",
"f": {"lang": "akk",
"form": "x",
"pos": "u"}
}
,
{
"node": "d",
"type": "field-end",
"subtype": "eq"}
,
{
"node": "d",
"type": "cell-end"}
,
{
"node": "d",
"type": "line-start",
"ref": "P297210.55",
"n": "13'",
"label": "ii' 13'"}
,
{
"node": "d",
"type": "cell-start"}
,
{
"node": "d",
"type": "field-start",
"subtype": "sv"}
,
{
"node": "d",
"type": "field-end",
"subtype": "sv"}
,
{
"node": "d",
"type": "cell-end"}
,
{
"node": "d",
"type": "cell-start"}
,
{
"node": "d",
"type": "field-start",
"subtype": "pr"}
,
{
"node": "l",
"frag": "du-[...]",
"id": "P297210.l41239",
"ref": "P297210.55.1",
"inst": "%sux:du-x=",
"f": {"lang": "sux",
"form": "du-x"}
}
,
{
"node": "d",
"type": "field-end",
"subtype": "pr"}
,
{
"node": "d",
"type": "cell-end"}
,
{
"node": "d",
"type": "cell-start"}
,
{
"node": "d",
"type": "field-start",
"subtype": "sg"}
,
{
"node": "l",
"frag": "[...]",
"id": "P297210.l4123a",
"ref": "P297210.55.2",
"inst": "%sux:x=",
"f": {"lang": "sux",
"form": "x"}
}
,
{
"node": "d",
"type": "field-end",
"subtype": "sg"}
,
{
"node": "d",
"type": "cell-end"}
,
{
"node": "d",
"type": "cell-start"}
,
{
"node": "d",
"type": "field-start",
"subtype": "eq"}
,
{
"node": "l",
"frag": "[...]",
"id": "P297210.l4123b",
"ref": "P297210.55.3",
"inst": "u",
"f": {"lang": "akk",
"form": "x",
"pos": "u"}
}
,
{
"node": "d",
"type": "field-end",
"subtype": "eq"}
,
{
"node": "d",
"type": "cell-end"}
,
{
"node": "d",
"type": "line-start",
"ref": "P297210.56",
"n": "14'",
"label": "ii' 14'"}
,
{
"node": "d",
"type": "cell-start"}
,
{
"node": "d",
"type": "field-start",
"subtype": "sv"}
,
{
"node": "d",
"type": "field-end",
"subtype": "sv"}
,
{
"node": "d",
"type": "cell-end"}
,
{
"node": "d",
"type": "cell-start"}
,
{
"node": "d",
"type": "field-start",
"subtype": "pr"}
,
{
"node": "l",
"frag": "dur-[...]",
"id": "P297210.l4123c",
"ref": "P297210.56.1",
"inst": "%sux:dur-x=",
"f": {"lang": "sux",
"form": "dur-x"}
}
,
{
"node": "d",
"type": "field-end",
"subtype": "pr"}
,
{
"node": "d",
"type": "cell-end"}
,
{
"node": "d",
"type": "cell-start"}
,
{
"node": "d",
"type": "field-start",
"subtype": "sg"}
,
{
"node": "l",
"frag": "[...]",
"id": "P297210.l4123d",
"ref": "P297210.56.2",
"inst": "%sux:x=",
"f": {"lang": "sux",
"form": "x"}
}
,
{
"node": "d",
"type": "field-end",
"subtype": "sg"}
,
{
"node": "d",
"type": "cell-end"}
,
{
"node": "d",
"type": "cell-start"}
,
{
"node": "d",
"type": "field-start",
"subtype": "eq"}
,
{
"node": "l",
"frag": "[...]",
"id": "P297210.l4123e",
"ref": "P297210.56.3",
"inst": "u",
"f": {"lang": "akk",
"form": "x",
"pos": "u"}
}
,
{
"node": "d",
"type": "field-end",
"subtype": "eq"}
,
{
"node": "d",
"type": "cell-end"}
,
{
"node": "d",
"type": "line-start",
"ref": "P297210.57",
"n": "15'",
"label": "ii' 15'"}
,
{
"node": "d",
"type": "cell-start"}
,
{
"node": "d",
"type": "field-start",
"subtype": "sv"}
,
{
"node": "d",
"type": "field-end",
"subtype": "sv"}
,
{
"node": "d",
"type": "cell-end"}
,
{
"node": "d",
"type": "cell-start"}
,
{
"node": "d",
"type": "field-start",
"subtype": "pr"}
,
{
"node": "l",
"frag": "du-[...]",
"id": "P297210.l4123f",
"ref": "P297210.57.1",
"inst": "%sux:du-x=",
"f": {"lang": "sux",
"form": "du-x"}
}
,
{
"node": "d",
"type": "field-end",
"subtype": "pr"}
,
{
"node": "d",
"type": "cell-end"}
,
{
"node": "d",
"type": "cell-start"}
,
{
"node": "d",
"type": "field-start",
"subtype": "sg"}
,
{
"node": "l",
"frag": "[...]",
"id": "P297210.l41240",
"ref": "P297210.57.2",
"inst": "%sux:x=",
"f": {"lang": "sux",
"form": "x"}
}
,
{
"node": "d",
"type": "field-end",
"subtype": "sg"}
,
{
"node": "d",
"type": "cell-end"}
,
{
"node": "d",
"type": "cell-start"}
,
{
"node": "d",
"type": "field-start",
"subtype": "eq"}
,
{
"node": "l",
"frag": "[...]",
"id": "P297210.l41241",
"ref": "P297210.57.3",
"inst": "u",
"f": {"lang": "akk",
"form": "x",
"pos": "u"}
}
,
{
"node": "d",
"type": "field-end",
"subtype": "eq"}
,
{
"node": "d",
"type": "cell-end"}
,
{
"node": "d",
"type": "line-start",
"ref": "P297210.58",
"n": "16'",
"label": "ii' 16'"}
,
{
"node": "d",
"type": "cell-start"}
,
{
"node": "d",
"type": "field-start",
"subtype": "sv"}
,
{
"node": "d",
"type": "field-end",
"subtype": "sv"}
,
{
"node": "d",
"type": "cell-end"}
,
{
"node": "d",
"type": "cell-start"}
,
{
"node": "d",
"type": "field-start",
"subtype": "pr"}
,
{
"node": "l",
"frag": "⸢x⸣-[...]",
"id": "P297210.l41242",
"ref": "P297210.58.1",
"inst": "%sux:x-x=",
"f": {"lang": "sux",
"form": "x-x"}
}
,
{
"node": "d",
"type": "field-end",
"subtype": "pr"}
,
{
"node": "d",
"type": "cell-end"}
,
{
"node": "d",
"type": "cell-start"}
,
{
"node": "d",
"type": "field-start",
"subtype": "sg"}
,
{
"node": "l",
"frag": "[...]",
"id": "P297210.l41243",
"ref": "P297210.58.2",
"inst": "%sux:x=",
"f": {"lang": "sux",
"form": "x"}
}
,
{
"node": "d",
"type": "field-end",
"subtype": "sg"}
,
{
"node": "d",
"type": "cell-end"}
,
{
"node": "d",
"type": "cell-start"}
,
{
"node": "d",
"type": "field-start",
"subtype": "eq"}
,
{
"node": "l",
"frag": "[...]",
"id": "P297210.l41244",
"ref": "P297210.58.3",
"inst": "u",
"f": {"lang": "akk",
"form": "x",
"pos": "u"}
}
,
{
"node": "d",
"type": "field-end",
"subtype": "eq"}
,
{
"node": "d",
"type": "cell-end"}
,
{
"node": "d",
"type": "line-start",
"ref": "P297210.59",
"n": "17'",
"label": "ii' 17'"}
,
{
"node": "d",
"type": "cell-start"}
,
{
"node": "d",
"type": "field-start",
"subtype": "sv"}
,
{
"node": "d",
"type": "field-end",
"subtype": "sv"}
,
{
"node": "d",
"type": "cell-end"}
,
{
"node": "d",
"type": "cell-start"}
,
{
"node": "d",
"type": "field-start",
"subtype": "pr"}
,
{
"node": "l",
"frag": "⸢x⸣-[...]",
"id": "P297210.l41245",
"ref": "P297210.59.1",
"inst": "%sux:x-x=",
"f": {"lang": "sux",
"form": "x-x"}
}
,
{
"node": "d",
"type": "field-end",
"subtype": "pr"}
,
{
"node": "d",
"type": "cell-end"}
,
{
"node": "d",
"type": "cell-start"}
,
{
"node": "d",
"type": "field-start",
"subtype": "sg"}
,
{
"node": "l",
"frag": "[...]",
"id": "P297210.l41246",
"ref": "P297210.59.2",
"inst": "%sux:x=",
"f": {"lang": "sux",
"form": "x"}
}
,
{
"node": "d",
"type": "field-end",
"subtype": "sg"}
,
{
"node": "d",
"type": "cell-end"}
,
{
"node": "d",
"type": "cell-start"}
,
{
"node": "d",
"type": "field-start",
"subtype": "eq"}
,
{
"node": "l",
"frag": "[...]",
"id": "P297210.l41247",
"ref": "P297210.59.3",
"inst": "u",
"f": {"lang": "akk",
"form": "x",
"pos": "u"}
}
,
{
"node": "d",
"type": "field-end",
"subtype": "eq"}
,
{
"node": "d",
"type": "cell-end"}
,
{
"node": "d",
"type": "nonx",
"ref": "P297210.60",
"strict": "0",
"extent": "rest",
"state": "missing"}
]}
]}
]}
]}
