{
"type": "cdl",
  "source": "http://oracc.org/dcclt",
  "license": "This data is released under the CC0 license",
  "license-url": "https://creativecommons.org/publicdomain/zero/1.0/",
  "more-info": "http://oracc.org/doc/opendata/",
  "UTC-timestamp": "2017-05-19T18:25:47",
"project": "dcclt",
"textid": "P297185",
"cdl": [
{
"node": "c",
"type": "text",
"id": "P297185.U0",
"cdl": [
{
"node": "d",
"subtype": "tablet",
"type": "object",
"ref": "P297185.x595.1",
"type": "tablet",
"label": "x595"}
,
{
"node": "d",
"type": "surface",
"ref": ""}
,
{
"node": "d",
"type": "nonx",
"ref": "P297185.2",
"strict": "0",
"extent": "0",
"scope": "reverse",
"state": "other"}
,
{
"node": "c",
"type": "discourse",
"subtype": "body",
"id": "P297185.U1",
"cdl": [
{
"node": "c",
"type": "sentence",
"id": "P297185.U2",
"label": "1 - 3",
"cdl": [
{
"node": "d",
"type": "line-start",
"ref": "P297185.3",
"n": "1",
"label": "1"}
,
{
"node": "l",
"frag": "{[ŋeš]}ur-nu-um",
"id": "P297185.l1b8a0",
"ref": "P297185.3.1",
"inst": "urnum[a cedar]N",
"sig": "@dcclt%sux:{ŋeš}ur-nu-um=urnum[cedar//a cedar]N'N$urnum/{ŋeš}ur-nu-um#~",
"f": {"lang": "sux",
"form": "{ŋeš}ur-nu-um",
"cf": "urnum",
"gw": "cedar",
"sense": "a cedar",
"norm0": "urnum",
"pos": "N",
"epos": "N",
"base": "{ŋeš}ur-nu-um",
"morph": "~"}
}
,
{
"node": "d",
"type": "line-start",
"ref": "P297185.4",
"n": "2",
"label": "2"}
,
{
"node": "l",
"frag": "{[ŋeš]}⸢ti⸣-a-ru-um",
"id": "P297185.l1b8a1",
"ref": "P297185.4.1",
"inst": "tiʾarum[a tree]N",
"sig": "@dcclt%sux:{ŋeš}ti-a-ru-um=tiʾarum[tree//a tree]N'N$tiʾarum/{ŋeš}ti-a-ru-um#~",
"f": {"lang": "sux",
"form": "{ŋeš}ti-a-ru-um",
"cf": "tiʾarum",
"gw": "tree",
"sense": "a tree",
"norm0": "tiʾarum",
"pos": "N",
"epos": "N",
"base": "{ŋeš}ti-a-ru-um",
"morph": "~"}
}
,
{
"node": "d",
"type": "line-start",
"ref": "P297185.5",
"n": "3",
"label": "3"}
,
{
"node": "l",
"frag": "{ŋeš}i-li-a-nu-um",
"id": "P297185.l1b8a2",
"ref": "P297185.5.1",
"inst": "ilianum[a tree]N",
"sig": "@dcclt%sux:{ŋeš}i-li-a-nu-um=ilianum[tree//a tree]N'N$ilianum/{ŋeš}i-li-a-nu-um#~",
"f": {"lang": "sux",
"form": "{ŋeš}i-li-a-nu-um",
"cf": "ilianum",
"gw": "tree",
"sense": "a tree",
"norm0": "ilianum",
"pos": "N",
"epos": "N",
"base": "{ŋeš}i-li-a-nu-um",
"morph": "~"}
}
]}
]}
]}
]}
