{
"type": "cdl",
  "source": "http://oracc.org/dcclt",
  "license": "This data is released under the CC0 license",
  "license-url": "https://creativecommons.org/publicdomain/zero/1.0/",
  "more-info": "http://oracc.org/doc/opendata/",
  "UTC-timestamp": "2017-05-19T18:25:48",
"project": "dcclt",
"textid": "P303955",
"cdl": [
{
"node": "c",
"type": "text",
"id": "P303955.U0",
"cdl": [
{
"node": "d",
"type": "object",
"ref": ""}
,
{
"node": "d",
"subtype": "obverse",
"type": "surface",
"ref": "P303955.o.1",
"type": "obverse",
"label": "o"}
,
{
"node": "d",
"type": "nonx",
"ref": "P303955.2",
"strict": "0",
"state": "other"}
,
{
"node": "c",
"type": "discourse",
"subtype": "body",
"id": "P303955.U1",
"cdl": [
{
"node": "c",
"type": "sentence",
"id": "P303955.U2",
"label": "o 1 - o 3",
"cdl": [
{
"node": "d",
"type": "line-start",
"ref": "P303955.3",
"n": "1",
"label": "o 1"}
,
{
"node": "l",
"frag": "{⸢ŋeš⸣}tubaₓ(TUG₂)",
"id": "P303955.l1b8aa",
"ref": "P303955.3.1",
"inst": "tubala[harness (for climbing)]N",
"sig": "@dcclt%sux:{ŋeš}tubaₓ(TUG₂)=tubala[harness//harness (for climbing)]N'N$tubala/{ŋeš}tubaₓ(TUG₂)#~",
"f": {"lang": "sux",
"form": "{ŋeš}tubaₓ(TUG₂)",
"cf": "tubala",
"gw": "harness",
"sense": "harness (for climbing)",
"norm0": "tubala",
"pos": "N",
"epos": "N",
"base": "{ŋeš}tubaₓ(TUG₂)",
"morph": "~"}
}
,
{
"node": "l",
"frag": "[ŋešnimbar]",
"id": "P303955.l1b8ab",
"ref": "P303955.3.2",
"inst": "ŋešnimbar[date palm]N",
"sig": "@dcclt%sux:ŋešnimbar=ŋešnimbar[palm//date palm]N'N$ŋešnimbar/ŋešnimbar#~",
"f": {"lang": "sux",
"form": "ŋešnimbar",
"cf": "ŋešnimbar",
"gw": "palm",
"sense": "date palm",
"norm0": "ŋešnimbar",
"pos": "N",
"epos": "N",
"base": "ŋešnimbar",
"morph": "~"}
}
,
{
"node": "d",
"type": "line-start",
"ref": "P303955.4",
"n": "2",
"label": "o 2"}
,
{
"node": "l",
"frag": "{[ŋeš]}ze₂-na",
"id": "P303955.l1b8ac",
"ref": "P303955.4.1",
"inst": "zena[midrib of datepalm frond]N",
"sig": "@dcclt%sux:{ŋeš}ze₂-na=zena[midrib//midrib of datepalm frond]N'N$zena/{ŋeš}ze₂-na#~",
"f": {"lang": "sux",
"form": "{ŋeš}ze₂-na",
"cf": "zena",
"gw": "midrib",
"sense": "midrib of datepalm frond",
"norm0": "zena",
"pos": "N",
"epos": "N",
"base": "{ŋeš}ze₂-na",
"morph": "~"}
}
,
{
"node": "l",
"frag": "[ŋešnimbar]",
"id": "P303955.l1b8ad",
"ref": "P303955.4.2",
"inst": "ŋešnimbar[date palm]N",
"sig": "@dcclt%sux:ŋešnimbar=ŋešnimbar[palm//date palm]N'N$ŋešnimbar/ŋešnimbar#~",
"f": {"lang": "sux",
"form": "ŋešnimbar",
"cf": "ŋešnimbar",
"gw": "palm",
"sense": "date palm",
"norm0": "ŋešnimbar",
"pos": "N",
"epos": "N",
"base": "ŋešnimbar",
"morph": "~"}
}
,
{
"node": "d",
"type": "line-start",
"ref": "P303955.5",
"n": "3",
"label": "o 3"}
,
{
"node": "l",
"frag": "{[ŋeš]}he₂-BAD",
"id": "P303955.l1b8ae",
"ref": "P303955.5.1",
"inst": "he₂.BAD[trimmings of the date palm?]N",
"sig": "@dcclt%sux:{ŋeš}he₂-BAD=he₂.BAD[trimmings//trimmings of the date palm?]N'N$he₂.BAD/{ŋeš}he₂-BAD#~",
"f": {"lang": "sux",
"form": "{ŋeš}he₂-BAD",
"cf": "he₂.BAD",
"gw": "trimmings",
"sense": "trimmings of the date palm?",
"norm0": "he₂.BAD",
"pos": "N",
"epos": "N",
"base": "{ŋeš}he₂-BAD",
"morph": "~"}
}
,
{
"node": "l",
"frag": "[ŋešnimbar]",
"id": "P303955.l1b8af",
"ref": "P303955.5.2",
"inst": "ŋešnimbar[date palm]N",
"sig": "@dcclt%sux:ŋešnimbar=ŋešnimbar[palm//date palm]N'N$ŋešnimbar/ŋešnimbar#~",
"f": {"lang": "sux",
"form": "ŋešnimbar",
"cf": "ŋešnimbar",
"gw": "palm",
"sense": "date palm",
"norm0": "ŋešnimbar",
"pos": "N",
"epos": "N",
"base": "ŋešnimbar",
"morph": "~"}
}
,
{
"node": "d",
"subtype": "reverse",
"type": "surface",
"ref": "P303955.r.6",
"type": "reverse",
"label": "r"}
,
{
"node": "d",
"type": "nonx",
"ref": "P303955.7",
"strict": "0",
"state": "illegible"}
]}
]}
]}
]}
