{
"type": "cdl",
  "source": "http://oracc.org/dcclt",
  "license": "This data is released under the CC0 license",
  "license-url": "https://creativecommons.org/publicdomain/zero/1.0/",
  "more-info": "http://oracc.org/doc/opendata/",
  "UTC-timestamp": "2017-05-19T18:25:48",
"project": "dcclt",
"textid": "P304560",
"cdl": [
{
"node": "c",
"type": "text",
"id": "P304560.U0",
"cdl": [
{
"node": "d",
"type": "object",
"ref": ""}
,
{
"node": "d",
"subtype": "obverse",
"type": "surface",
"ref": "P304560.o.1",
"type": "obverse",
"label": "o"}
,
{
"node": "c",
"type": "discourse",
"subtype": "body",
"id": "P304560.U1",
"cdl": [
{
"node": "c",
"type": "sentence",
"id": "P304560.U2",
"label": "o 1 - o 3",
"cdl": [
{
"node": "d",
"type": "line-start",
"ref": "P304560.2",
"n": "1",
"label": "o 1"}
,
{
"node": "l",
"frag": "{gi}ma-sa₂-ab",
"id": "P304560.l1f187",
"ref": "P304560.2.1",
"inst": "masab[basket]N",
"sig": "@dcclt%sux:{gi}ma-sa₂-ab=masab[basket//basket]N'N$masab/{gi}ma-sa₂-ab#~",
"f": {"lang": "sux",
"form": "{gi}ma-sa₂-ab",
"cf": "masab",
"gw": "basket",
"sense": "basket",
"norm0": "masab",
"pos": "N",
"epos": "N",
"base": "{gi}ma-sa₂-ab",
"morph": "~"}
}
,
{
"node": "l",
"frag": "ninda",
"id": "P304560.l1f188",
"ref": "P304560.2.2",
"inst": "ninda[bread]N",
"sig": "@dcclt%sux:ninda=ninda[bread//bread]N'N$ninda/ninda#~",
"f": {"lang": "sux",
"form": "ninda",
"cf": "ninda",
"gw": "bread",
"sense": "bread",
"norm0": "ninda",
"pos": "N",
"epos": "N",
"base": "ninda",
"morph": "~"}
}
,
{
"node": "d",
"type": "line-start",
"ref": "P304560.3",
"n": "2",
"label": "o 2"}
,
{
"node": "l",
"frag": "{gi}ma-sa₂-ab",
"id": "P304560.l1f189",
"ref": "P304560.3.1",
"inst": "masab[basket]N",
"sig": "@dcclt%sux:{gi}ma-sa₂-ab=masab[basket//basket]N'N$masab/{gi}ma-sa₂-ab#~",
"f": {"lang": "sux",
"form": "{gi}ma-sa₂-ab",
"cf": "masab",
"gw": "basket",
"sense": "basket",
"norm0": "masab",
"pos": "N",
"epos": "N",
"base": "{gi}ma-sa₂-ab",
"morph": "~"}
}
,
{
"node": "l",
"frag": "ninda",
"id": "P304560.l1f18a",
"ref": "P304560.3.2",
"inst": "ninda[bread]N",
"sig": "@dcclt%sux:ninda=ninda[bread//bread]N'N$ninda/ninda#~",
"f": {"lang": "sux",
"form": "ninda",
"cf": "ninda",
"gw": "bread",
"sense": "bread",
"norm0": "ninda",
"pos": "N",
"epos": "N",
"base": "ninda",
"morph": "~"}
}
,
{
"node": "l",
"frag": "gur₄-ra",
"id": "P304560.l1f18b",
"ref": "P304560.3.3",
"inst": "gur[(to be) thick]V/i",
"sig": "@dcclt%sux:gur₄-ra=gur[thick//(to be) thick]V/i'V/i$gur;a/gur₄+-ra=r.a#~;a",
"f": {"lang": "sux",
"form": "gur₄-ra",
"cf": "gur",
"gw": "thick",
"sense": "(to be) thick",
"norm0": "gur;a",
"pos": "V/i",
"epos": "V/i",
"base": "gur₄",
"cont": "-ra=r.a",
"morph": "~;a"}
}
,
{
"node": "d",
"type": "line-start",
"ref": "P304560.4",
"n": "3",
"label": "o 3"}
,
{
"node": "l",
"frag": "{gi}ma-sa₂-ab",
"id": "P304560.l1f18c",
"ref": "P304560.4.1",
"inst": "masab[basket]N",
"sig": "@dcclt%sux:{gi}ma-sa₂-ab=masab[basket//basket]N'N$masab/{gi}ma-sa₂-ab#~",
"f": {"lang": "sux",
"form": "{gi}ma-sa₂-ab",
"cf": "masab",
"gw": "basket",
"sense": "basket",
"norm0": "masab",
"pos": "N",
"epos": "N",
"base": "{gi}ma-sa₂-ab",
"morph": "~"}
}
,
{
"node": "l",
"frag": "ninda",
"id": "P304560.l1f18d",
"ref": "P304560.4.2",
"inst": "ninda[bread]N",
"sig": "@dcclt%sux:ninda=ninda[bread//bread]N'N$ninda/ninda#~",
"f": {"lang": "sux",
"form": "ninda",
"cf": "ninda",
"gw": "bread",
"sense": "bread",
"norm0": "ninda",
"pos": "N",
"epos": "N",
"base": "ninda",
"morph": "~"}
}
,
{
"node": "l",
"frag": "luh-ha",
"id": "P304560.l1f18e",
"ref": "P304560.4.3",
"inst": "luh[to clean, wash]V/t",
"sig": "@dcclt%sux:luh-ha=luh[clean//to clean, wash]V/t'V/t$luh;a/luh+-ha=h.a#~;a",
"f": {"lang": "sux",
"form": "luh-ha",
"cf": "luh",
"gw": "clean",
"sense": "to clean, wash",
"norm0": "luh;a",
"pos": "V/t",
"epos": "V/t",
"base": "luh",
"cont": "-ha=h.a",
"morph": "~;a"}
}
]}
]}
]}
]}
