{
"type": "cdl",
  "source": "http://oracc.org/dcclt",
  "license": "This data is released under the CC0 license",
  "license-url": "https://creativecommons.org/publicdomain/zero/1.0/",
  "more-info": "http://oracc.org/doc/opendata/",
  "UTC-timestamp": "2017-05-19T18:25:53",
"project": "dcclt",
"textid": "P332929",
"cdl": [
{
"node": "c",
"type": "text",
"id": "P332929.U0",
"cdl": [
{
"node": "d",
"subtype": "tablet",
"type": "object",
"ref": "P332929.x957.1",
"type": "tablet",
"label": "x957"}
,
{
"node": "d",
"subtype": "obverse",
"type": "surface",
"ref": "P332929.o.2",
"type": "obverse",
"label": "o"}
,
{
"node": "d",
"type": "nonx",
"ref": "P332929.3",
"strict": "1",
"extent": "1",
"scope": "line",
"state": "traces"}
,
{
"node": "c",
"type": "discourse",
"subtype": "body",
"id": "P332929.U1",
"cdl": [
{
"node": "c",
"type": "sentence",
"id": "P332929.U2",
"label": "o 2 - o 19",
"cdl": [
{
"node": "d",
"type": "line-start",
"ref": "P332929.4",
"n": "2",
"label": "o 2"}
,
{
"node": "l",
"frag": "{[na₄}gug]",
"id": "P332929.l23b00",
"ref": "P332929.4.1",
"inst": "gug[carnelian]",
"sig": "@dcclt%sux:{na₄}gug=gug[carnelian//carnelian]N'N$gug/{na₄}gug#~",
"f": {"lang": "sux",
"form": "{na₄}gug",
"cf": "gug",
"gw": "carnelian",
"sense": "carnelian",
"norm0": "gug",
"pos": "N",
"epos": "N",
"base": "{na₄}gug",
"morph": "~"}
}
,
{
"node": "l",
"frag": "me-luh-ha",
"id": "P332929.l23b01",
"ref": "P332929.4.2",
"inst": "Meluhha[1]",
"sig": "@dcclt%sux:me-luh-ha=Meluhha[1//1]GN'GN$Meluhha/me-luh-ha#~",
"f": {"lang": "sux",
"form": "me-luh-ha",
"cf": "Meluhha",
"gw": "1",
"sense": "1",
"norm0": "Meluhha",
"pos": "GN",
"epos": "GN",
"base": "me-luh-ha",
"morph": "~"}
}
,
{
"node": "d",
"type": "line-start",
"ref": "P332929.5",
"n": "3",
"label": "o 3"}
,
{
"node": "l",
"frag": "{[na₄}gug]",
"id": "P332929.l23b02",
"ref": "P332929.5.1",
"inst": "gug[carnelian]",
"sig": "@dcclt%sux:{na₄}gug=gug[carnelian//carnelian]N'N$gug/{na₄}gug#~",
"f": {"lang": "sux",
"form": "{na₄}gug",
"cf": "gug",
"gw": "carnelian",
"sense": "carnelian",
"norm0": "gug",
"pos": "N",
"epos": "N",
"base": "{na₄}gug",
"morph": "~"}
}
,
{
"node": "l",
"frag": "gid₂-da",
"id": "P332929.l23b03",
"ref": "P332929.5.2",
"inst": "gid[long]",
"sig": "@dcclt%sux:gid₂-da=gid[long//(to be) long]V/i'V/i$gid;a/gid₂+-da=d.a#~;a",
"f": {"lang": "sux",
"form": "gid₂-da",
"cf": "gid",
"gw": "long",
"sense": "(to be) long",
"norm0": "gid;a",
"pos": "V/i",
"epos": "V/i",
"base": "gid₂",
"cont": "-da=d.a",
"morph": "~;a"}
}
,
{
"node": "d",
"type": "line-start",
"ref": "P332929.6",
"n": "4",
"label": "o 4"}
,
{
"node": "l",
"frag": "{[na₄}gug]",
"id": "P332929.l23b04",
"ref": "P332929.6.1",
"inst": "gug[carnelian]",
"sig": "@dcclt%sux:{na₄}gug=gug[carnelian//carnelian]N'N$gug/{na₄}gug#~",
"f": {"lang": "sux",
"form": "{na₄}gug",
"cf": "gug",
"gw": "carnelian",
"sense": "carnelian",
"norm0": "gug",
"pos": "N",
"epos": "N",
"base": "{na₄}gug",
"morph": "~"}
}
,
{
"node": "l",
"frag": "lugud₂-<<gid₂>>-da",
"id": "P332929.l23b05",
"ref": "P332929.6.2",
"inst": "lugud[short]",
"sig": "@dcclt%sux:lugud₂-da=lugud[short//(to be) short]V/i'V/i$lugud;a/lugud₂+-da=d.a#~;a",
"f": {"lang": "sux",
"form": "lugud₂-da",
"cf": "lugud",
"gw": "short",
"sense": "(to be) short",
"norm0": "lugud;a",
"pos": "V/i",
"epos": "V/i",
"base": "lugud₂",
"cont": "-da=d.a",
"morph": "~;a"}
}
,
{
"node": "d",
"type": "line-start",
"ref": "P332929.7",
"n": "5",
"label": "o 5"}
,
{
"node": "l",
"frag": "{[na₄}gug]",
"id": "P332929.l23b06",
"ref": "P332929.7.1",
"inst": "gug[carnelian]",
"sig": "@dcclt%sux:{na₄}gug=gug[carnelian//carnelian]N'N$gug/{na₄}gug#~",
"f": {"lang": "sux",
"form": "{na₄}gug",
"cf": "gug",
"gw": "carnelian",
"sense": "carnelian",
"norm0": "gug",
"pos": "N",
"epos": "N",
"base": "{na₄}gug",
"morph": "~"}
}
,
{
"node": "l",
"frag": "gurum-ma",
"id": "P332929.l23b07",
"ref": "P332929.7.2",
"inst": "gurum[bend]",
"sig": "@dcclt%sux:gurum-ma=gurum[bend//bend]V/t'V/t$gurum;a/gurum+-ma=m.a#~;a",
"f": {"lang": "sux",
"form": "gurum-ma",
"cf": "gurum",
"gw": "bend",
"sense": "bend",
"norm0": "gurum;a",
"pos": "V/t",
"epos": "V/t",
"base": "gurum",
"cont": "-ma=m.a",
"morph": "~;a"}
}
,
{
"node": "d",
"type": "line-start",
"ref": "P332929.8",
"n": "6",
"label": "o 6"}
,
{
"node": "l",
"frag": "{[na₄]}⸢gug⸣",
"id": "P332929.l23b08",
"ref": "P332929.8.1",
"inst": "gug[carnelian]",
"sig": "@dcclt%sux:{na₄}gug=gug[carnelian//carnelian]N'N$gug/{na₄}gug#~",
"f": {"lang": "sux",
"form": "{na₄}gug",
"cf": "gug",
"gw": "carnelian",
"sense": "carnelian",
"norm0": "gug",
"pos": "N",
"epos": "N",
"base": "{na₄}gug",
"morph": "~"}
}
,
{
"node": "l",
"frag": "LAGAB",
"id": "P332929.l23b09",
"ref": "P332929.8.2",
"inst": "u",
"f": {"lang": "sux",
"form": "LAGAB",
"pos": "u"}
}
,
{
"node": "d",
"type": "line-start",
"ref": "P332929.9",
"n": "7",
"label": "o 7"}
,
{
"node": "l",
"frag": "{[na₄]}gug",
"id": "P332929.l23b0a",
"ref": "P332929.9.1",
"inst": "gug[carnelian]",
"sig": "@dcclt%sux:{na₄}gug=gug[carnelian//carnelian]N'N$gug/{na₄}gug#~",
"f": {"lang": "sux",
"form": "{na₄}gug",
"cf": "gug",
"gw": "carnelian",
"sense": "carnelian",
"norm0": "gug",
"pos": "N",
"epos": "N",
"base": "{na₄}gug",
"morph": "~"}
}
,
{
"node": "l",
"frag": "SI-KAK",
"id": "P332929.l23b0b",
"ref": "P332929.9.2",
"inst": "X",
"f": {"lang": "sux",
"form": "SI-KAK",
"pos": "X"}
}
,
{
"node": "d",
"type": "line-start",
"ref": "P332929.10",
"n": "8",
"label": "o 8"}
,
{
"node": "l",
"frag": "{[na₄]}kišib",
"id": "P332929.l23b0c",
"ref": "P332929.10.1",
"inst": "kišib[seal]",
"sig": "@dcclt%sux:{na₄}kišib=kišib[seal//cylinder seal, sealed tablet]N'N$kišib/{na₄}kišib#~",
"f": {"lang": "sux",
"form": "{na₄}kišib",
"cf": "kišib",
"gw": "seal",
"sense": "cylinder seal, sealed tablet",
"norm0": "kišib",
"pos": "N",
"epos": "N",
"base": "{na₄}kišib",
"morph": "~"}
}
,
{
"node": "l",
"frag": "gug",
"id": "P332929.l23b0d",
"ref": "P332929.10.2",
"inst": "gug[carnelian]",
"sig": "@dcclt%sux:gug=gug[carnelian//carnelian]N'N$gug/gug#~",
"f": {"lang": "sux",
"form": "gug",
"cf": "gug",
"gw": "carnelian",
"sense": "carnelian",
"norm0": "gug",
"pos": "N",
"epos": "N",
"base": "gug",
"morph": "~"}
}
,
{
"node": "d",
"type": "line-start",
"ref": "P332929.11",
"n": "9",
"label": "o 9"}
,
{
"node": "l",
"frag": "{[na₄]}lagab",
"id": "P332929.l23b0e",
"ref": "P332929.11.1",
"inst": "lagab[block]",
"sig": "@dcclt%sux:{na₄}lagab=lagab[block//block]N'N$lagab/{na₄}lagab#~",
"f": {"lang": "sux",
"form": "{na₄}lagab",
"cf": "lagab",
"gw": "block",
"sense": "block",
"norm0": "lagab",
"pos": "N",
"epos": "N",
"base": "{na₄}lagab",
"morph": "~"}
}
,
{
"node": "l",
"frag": "gug",
"id": "P332929.l23b0f",
"ref": "P332929.11.2",
"inst": "gug[carnelian]",
"sig": "@dcclt%sux:gug=gug[carnelian//carnelian]N'N$gug/gug#~",
"f": {"lang": "sux",
"form": "gug",
"cf": "gug",
"gw": "carnelian",
"sense": "carnelian",
"norm0": "gug",
"pos": "N",
"epos": "N",
"base": "gug",
"morph": "~"}
}
,
{
"node": "d",
"type": "line-start",
"ref": "P332929.12",
"n": "10",
"label": "o 10"}
,
{
"node": "l",
"frag": "{[na₄]}ellaŋ₂",
"id": "P332929.l23b10",
"ref": "P332929.12.1",
"inst": "ellaŋ[bead]",
"sig": "@dcclt%sux:{na₄}ellaŋ₂=ellaŋ[bead//bead]N'N$ellaŋ/{na₄}ellaŋ₂#~",
"f": {"lang": "sux",
"form": "{na₄}ellaŋ₂",
"cf": "ellaŋ",
"gw": "bead",
"sense": "bead",
"norm0": "ellaŋ",
"pos": "N",
"epos": "N",
"base": "{na₄}ellaŋ₂",
"morph": "~"}
}
,
{
"node": "l",
"frag": "gug",
"id": "P332929.l23b11",
"ref": "P332929.12.2",
"inst": "gug[carnelian]",
"sig": "@dcclt%sux:gug=gug[carnelian//carnelian]N'N$gug/gug#~",
"f": {"lang": "sux",
"form": "gug",
"cf": "gug",
"gw": "carnelian",
"sense": "carnelian",
"norm0": "gug",
"pos": "N",
"epos": "N",
"base": "gug",
"morph": "~"}
}
,
{
"node": "d",
"type": "line-start",
"ref": "P332929.13",
"n": "11",
"label": "o 11"}
,
{
"node": "l",
"frag": "{[na₄]}nir₂(|ZA.DUN₃@g|)",
"id": "P332929.l23b12",
"ref": "P332929.13.1",
"inst": "nir[agate]",
"sig": "@dcclt%sux:{na₄}nir₂(|ZA.DUN₃@g|)=nir[stone//banded agate]N'N$nir/{na₄}nir₂(|ZA.DUN₃@g|)#~",
"f": {"lang": "sux",
"form": "{na₄}nir₂(|ZA.DUN₃@g|)",
"cf": "nir",
"gw": "stone",
"sense": "banded agate",
"norm0": "nir",
"pos": "N",
"epos": "N",
"base": "{na₄}nir₂(|ZA.DUN₃@g|)",
"morph": "~"}
}
,
{
"node": "d",
"type": "line-start",
"ref": "P332929.14",
"n": "12",
"label": "o 12"}
,
{
"node": "l",
"frag": "{[na₄]}⸢nir₂⸣",
"id": "P332929.l23b13",
"ref": "P332929.14.1",
"inst": "nir[agate]",
"sig": "@dcclt%sux:{na₄}nir₂=nir[stone//banded agate]N'N$nir/{na₄}nir₂#~",
"f": {"lang": "sux",
"form": "{na₄}nir₂",
"cf": "nir",
"gw": "stone",
"sense": "banded agate",
"norm0": "nir",
"pos": "N",
"epos": "N",
"base": "{na₄}nir₂",
"morph": "~"}
}
,
{
"node": "l",
"frag": "ib₂",
"id": "P332929.l23b14",
"ref": "P332929.14.2",
"inst": "ib[hips]",
"sig": "@dcclt%sux:ib₂=ib[hips//hips]N'N$ib/ib₂#~",
"f": {"lang": "sux",
"form": "ib₂",
"cf": "ib",
"gw": "hips",
"sense": "hips",
"norm0": "ib",
"pos": "N",
"epos": "N",
"base": "ib₂",
"morph": "~"}
}
,
{
"node": "d",
"type": "line-start",
"ref": "P332929.15",
"n": "13",
"label": "o 13"}
,
{
"node": "l",
"frag": "{[na₄]}⸢nir₂⸣",
"id": "P332929.l23b15",
"ref": "P332929.15.1",
"inst": "nir[agate]",
"sig": "@dcclt%sux:{na₄}nir₂=nir[stone//banded agate]N'N$nir/{na₄}nir₂#~",
"f": {"lang": "sux",
"form": "{na₄}nir₂",
"cf": "nir",
"gw": "stone",
"sense": "banded agate",
"norm0": "nir",
"pos": "N",
"epos": "N",
"base": "{na₄}nir₂",
"morph": "~"}
}
,
{
"node": "l",
"frag": "igi",
"id": "P332929.l23b16",
"ref": "P332929.15.2",
"inst": "igi[eye]",
"sig": "@dcclt%sux:igi=igi[eye//eye]N'N$igi/igi#~",
"f": {"lang": "sux",
"form": "igi",
"cf": "igi",
"gw": "eye",
"sense": "eye",
"norm0": "igi",
"pos": "N",
"epos": "N",
"base": "igi",
"morph": "~"}
}
,
{
"node": "d",
"type": "line-start",
"ref": "P332929.16",
"n": "14",
"label": "o 14"}
,
{
"node": "l",
"frag": "{[na₄]}nir₂",
"id": "P332929.l23b17",
"ref": "P332929.16.1",
"inst": "nir[agate]",
"sig": "@dcclt%sux:{na₄}nir₂=nir[stone//banded agate]N'N$nir/{na₄}nir₂#~",
"f": {"lang": "sux",
"form": "{na₄}nir₂",
"cf": "nir",
"gw": "stone",
"sense": "banded agate",
"norm0": "nir",
"pos": "N",
"epos": "N",
"base": "{na₄}nir₂",
"morph": "~"}
}
,
{
"node": "l",
"frag": "kab",
"id": "P332929.l23b18",
"ref": "P332929.16.2",
"inst": "kab[wing]",
"sig": "@dcclt%sux:kab=kab[nose-rope//wing of a horse bit]N'N$kab/kab#~",
"f": {"lang": "sux",
"form": "kab",
"cf": "kab",
"gw": "nose-rope",
"sense": "wing of a horse bit",
"norm0": "kab",
"pos": "N",
"epos": "N",
"base": "kab",
"morph": "~"}
}
,
{
"node": "l",
"frag": "mušen",
"id": "P332929.l23b19",
"ref": "P332929.16.3",
"inst": "mušen[bird]",
"sig": "@dcclt%sux:mušen=mušen[bird//bird]N'N$mušen/mušen#~",
"f": {"lang": "sux",
"form": "mušen",
"cf": "mušen",
"gw": "bird",
"sense": "bird",
"norm0": "mušen",
"pos": "N",
"epos": "N",
"base": "mušen",
"morph": "~"}
}
,
{
"node": "d",
"type": "line-start",
"ref": "P332929.17",
"n": "15",
"label": "o 15"}
,
{
"node": "l",
"frag": "{[na₄}nir₂]",
"id": "P332929.l23b1a",
"ref": "P332929.17.1",
"inst": "nir[agate]",
"sig": "@dcclt%sux:{na₄}nir₂=nir[stone//banded agate]N'N$nir/{na₄}nir₂#~",
"f": {"lang": "sux",
"form": "{na₄}nir₂",
"cf": "nir",
"gw": "stone",
"sense": "banded agate",
"norm0": "nir",
"pos": "N",
"epos": "N",
"base": "{na₄}nir₂",
"morph": "~"}
}
,
{
"node": "l",
"frag": "⸢a⸣-la-lum",
"id": "P332929.l23b1b",
"ref": "P332929.17.2",
"inst": "alal[dolomite]",
"sig": "@dcclt%sux:a-la-lum=alal[wood?//dolomite]N'N$alal/a-la-lum#~",
"f": {"lang": "sux",
"form": "a-la-lum",
"cf": "alal",
"gw": "wood?",
"sense": "dolomite",
"norm0": "alal",
"pos": "N",
"epos": "N",
"base": "a-la-lum",
"morph": "~"}
}
,
{
"node": "d",
"type": "line-start",
"ref": "P332929.18",
"n": "16",
"label": "o 16"}
,
{
"node": "l",
"frag": "{[na₄}nir₂",
"id": "P332929.l23b1c",
"ref": "P332929.18.1",
"inst": "nir[agate]",
"sig": "@dcclt%sux:{na₄}nir₂=nir[stone//banded agate]N'N$nir/{na₄}nir₂#~",
"f": {"lang": "sux",
"form": "{na₄}nir₂",
"cf": "nir",
"gw": "stone",
"sense": "banded agate",
"norm0": "nir",
"pos": "N",
"epos": "N",
"base": "{na₄}nir₂",
"morph": "~"}
}
,
{
"node": "l",
"frag": "ma]-du-lum",
"id": "P332929.l23b1d",
"ref": "P332929.18.2",
"inst": "madanum[stone]",
"sig": "@dcclt%sux:ma-du-lum=madanum[stone//a stone]N'N$madanum/ma-du-lum#~",
"f": {"lang": "sux",
"form": "ma-du-lum",
"cf": "madanum",
"gw": "stone",
"sense": "a stone",
"norm0": "madanum",
"pos": "N",
"epos": "N",
"base": "ma-du-lum",
"morph": "~"}
}
,
{
"node": "d",
"type": "line-start",
"ref": "P332929.19",
"n": "17",
"label": "o 17"}
,
{
"node": "l",
"frag": "{[na₄}nir₂]",
"id": "P332929.l23b1e",
"ref": "P332929.19.1",
"inst": "nir[agate]",
"sig": "@dcclt%sux:{na₄}nir₂=nir[stone//banded agate]N'N$nir/{na₄}nir₂#~",
"f": {"lang": "sux",
"form": "{na₄}nir₂",
"cf": "nir",
"gw": "stone",
"sense": "banded agate",
"norm0": "nir",
"pos": "N",
"epos": "N",
"base": "{na₄}nir₂",
"morph": "~"}
}
,
{
"node": "l",
"frag": "⸢muš⸣-ŋiri₂",
"id": "P332929.l23b1f",
"ref": "P332929.19.2",
"inst": "mušŋiri[stone]",
"sig": "@dcclt%sux:muš-ŋiri₂=mušŋiri[stone//stone]N'N$mušŋiri/muš-ŋiri₂#~",
"f": {"lang": "sux",
"form": "muš-ŋiri₂",
"cf": "mušŋiri",
"gw": "stone",
"sense": "stone",
"norm0": "mušŋiri",
"pos": "N",
"epos": "N",
"base": "muš-ŋiri₂",
"morph": "~"}
}
,
{
"node": "d",
"type": "line-start",
"ref": "P332929.20",
"n": "18",
"label": "o 18"}
,
{
"node": "l",
"frag": "{[na₄}nir₂",
"id": "P332929.l23b20",
"ref": "P332929.20.1",
"inst": "nir[agate]",
"sig": "@dcclt%sux:{na₄}nir₂=nir[stone//banded agate]N'N$nir/{na₄}nir₂#~",
"f": {"lang": "sux",
"form": "{na₄}nir₂",
"cf": "nir",
"gw": "stone",
"sense": "banded agate",
"norm0": "nir",
"pos": "N",
"epos": "N",
"base": "{na₄}nir₂",
"morph": "~"}
}
,
{
"node": "l",
"frag": "igi]",
"id": "P332929.l23b21",
"ref": "P332929.20.2",
"inst": "igi[eye]",
"sig": "@dcclt%sux:igi=igi[eye//eye]N'N$igi/igi#~",
"f": {"lang": "sux",
"form": "igi",
"cf": "igi",
"gw": "eye",
"sense": "eye",
"norm0": "igi",
"pos": "N",
"epos": "N",
"base": "igi",
"morph": "~"}
}
,
{
"node": "l",
"frag": "muš-ŋiri₂",
"id": "P332929.l23b22",
"ref": "P332929.20.3",
"inst": "mušŋiri[stone]",
"sig": "@dcclt%sux:muš-ŋiri₂=mušŋiri[stone//stone]N'N$mušŋiri/muš-ŋiri₂#~",
"f": {"lang": "sux",
"form": "muš-ŋiri₂",
"cf": "mušŋiri",
"gw": "stone",
"sense": "stone",
"norm0": "mušŋiri",
"pos": "N",
"epos": "N",
"base": "muš-ŋiri₂",
"morph": "~"}
}
,
{
"node": "d",
"type": "line-start",
"ref": "P332929.21",
"n": "19",
"label": "o 19"}
,
{
"node": "l",
"frag": "{[na₄}nir₂",
"id": "P332929.l23b23",
"ref": "P332929.21.1",
"inst": "nir[agate]",
"sig": "@dcclt%sux:{na₄}nir₂=nir[stone//banded agate]N'N$nir/{na₄}nir₂#~",
"f": {"lang": "sux",
"form": "{na₄}nir₂",
"cf": "nir",
"gw": "stone",
"sense": "banded agate",
"norm0": "nir",
"pos": "N",
"epos": "N",
"base": "{na₄}nir₂",
"morph": "~"}
}
,
{
"node": "l",
"frag": "babbar]-dili",
"id": "P332929.l23b24",
"ref": "P332929.21.2",
"inst": "babbardili[stone]",
"sig": "@dcclt%sux:babbar-dili=babbardili[stone//stone]N'N$babbardili/babbar-dili#~",
"f": {"lang": "sux",
"form": "babbar-dili",
"cf": "babbardili",
"gw": "stone",
"sense": "stone",
"norm0": "babbardili",
"pos": "N",
"epos": "N",
"base": "babbar-dili",
"morph": "~"}
}
,
{
"node": "d",
"type": "nonx",
"ref": "P332929.22",
"strict": "1",
"extent": "2",
"scope": "line",
"state": "traces"}
]}
]}
]}
]}
