{
"type": "cdl",
  "source": "http://oracc.org/dcclt",
  "license": "This data is released under the CC0 license",
  "license-url": "https://creativecommons.org/publicdomain/zero/1.0/",
  "more-info": "http://oracc.org/doc/opendata/",
  "UTC-timestamp": "2017-05-19T18:25:50",
"project": "dcclt",
"textid": "P332829",
"cdl": [
{
"node": "c",
"type": "text",
"id": "P332829.U0",
"cdl": [
{
"node": "d",
"type": "object",
"ref": ""}
,
{
"node": "d",
"subtype": "reverse",
"type": "surface",
"ref": "P332829.r.1",
"type": "reverse",
"label": "r"}
,
{
"node": "c",
"type": "discourse",
"subtype": "body",
"id": "P332829.U1",
"cdl": [
{
"node": "c",
"type": "sentence",
"id": "P332829.U2",
"label": "r 1' - r ii 11'",
"cdl": [
{
"node": "d",
"type": "line-start",
"ref": "P332829.2",
"n": "1'",
"label": "r 1'"}
,
{
"node": "l",
"frag": "{na₄}lagab",
"id": "P332829.l23b41",
"ref": "P332829.2.1",
"inst": "lagab[block]",
"sig": "@dcclt%sux:{na₄}lagab=lagab[block//block]N'N$lagab/{na₄}lagab#~",
"f": {"lang": "sux",
"form": "{na₄}lagab",
"cf": "lagab",
"gw": "block",
"sense": "block",
"norm0": "lagab",
"pos": "N",
"epos": "N",
"base": "{na₄}lagab",
"morph": "~"}
}
,
{
"node": "l",
"frag": "[ka-gi-na]",
"id": "P332829.l23b42",
"ref": "P332829.2.2",
"inst": "kagina[haematite]",
"sig": "@dcclt%sux:ka-gi-na=kagina[stone//haematite]N'N$kagina/ka-gi-na#~",
"f": {"lang": "sux",
"form": "ka-gi-na",
"cf": "kagina",
"gw": "stone",
"sense": "haematite",
"norm0": "kagina",
"pos": "N",
"epos": "N",
"base": "ka-gi-na",
"morph": "~"}
}
,
{
"node": "d",
"type": "line-start",
"ref": "P332829.3",
"n": "2'",
"label": "r 2'"}
,
{
"node": "l",
"frag": "{na₄}[esi]",
"id": "P332829.l23b43",
"ref": "P332829.3.1",
"inst": "esi[diorite]",
"sig": "@dcclt%sux:{na₄}esi=esi[diorite//diorite, dolerite]N'N$esi/{na₄}esi#~",
"f": {"lang": "sux",
"form": "{na₄}esi",
"cf": "esi",
"gw": "diorite",
"sense": "diorite, dolerite",
"norm0": "esi",
"pos": "N",
"epos": "N",
"base": "{na₄}esi",
"morph": "~"}
}
,
{
"node": "d",
"type": "line-start",
"ref": "P332829.4",
"n": "3'",
"label": "r 3'"}
,
{
"node": "l",
"frag": "{na₄}ŋeš-⸢nu₁₁⸣-[gal]",
"id": "P332829.l23b44",
"ref": "P332829.4.1",
"inst": "ŋešnugal[alabaster]",
"sig": "@dcclt%sux:{na₄}ŋeš-nu₁₁-gal=ŋešnugal[alabaster//alabaster]N'N$ŋešnugal/{na₄}ŋeš-nu₁₁-gal#~",
"f": {"lang": "sux",
"form": "{na₄}ŋeš-nu₁₁-gal",
"cf": "ŋešnugal",
"gw": "alabaster",
"sense": "alabaster",
"norm0": "ŋešnugal",
"pos": "N",
"epos": "N",
"base": "{na₄}ŋeš-nu₁₁-gal",
"morph": "~"}
}
,
{
"node": "d",
"type": "line-start",
"ref": "P332829.5",
"n": "4'",
"label": "r 4'"}
,
{
"node": "l",
"frag": "{na₄}kišib",
"id": "P332829.l23b45",
"ref": "P332829.5.1",
"inst": "kišib[seal]",
"sig": "@dcclt%sux:{na₄}kišib=kišib[seal//cylinder seal, sealed tablet]N'N$kišib/{na₄}kišib#~",
"f": {"lang": "sux",
"form": "{na₄}kišib",
"cf": "kišib",
"gw": "seal",
"sense": "cylinder seal, sealed tablet",
"norm0": "kišib",
"pos": "N",
"epos": "N",
"base": "{na₄}kišib",
"morph": "~"}
}
,
{
"node": "l",
"frag": "⸢ŋeš⸣-[nu₁₁-gal]",
"id": "P332829.l23b46",
"ref": "P332829.5.2",
"inst": "ŋešnugal[alabaster]",
"sig": "@dcclt%sux:ŋeš-nu₁₁-gal=ŋešnugal[alabaster//alabaster]N'N$ŋešnugal/ŋeš-nu₁₁-gal#~",
"f": {"lang": "sux",
"form": "ŋeš-nu₁₁-gal",
"cf": "ŋešnugal",
"gw": "alabaster",
"sense": "alabaster",
"norm0": "ŋešnugal",
"pos": "N",
"epos": "N",
"base": "ŋeš-nu₁₁-gal",
"morph": "~"}
}
,
{
"node": "d",
"type": "line-start",
"ref": "P332829.6",
"n": "5'",
"label": "r 5'"}
,
{
"node": "l",
"frag": "{na₄}lagab",
"id": "P332829.l23b47",
"ref": "P332829.6.1",
"inst": "lagab[block]",
"sig": "@dcclt%sux:{na₄}lagab=lagab[block//block]N'N$lagab/{na₄}lagab#~",
"f": {"lang": "sux",
"form": "{na₄}lagab",
"cf": "lagab",
"gw": "block",
"sense": "block",
"norm0": "lagab",
"pos": "N",
"epos": "N",
"base": "{na₄}lagab",
"morph": "~"}
}
,
{
"node": "l",
"frag": "ŋeš-⸢nu₁₁⸣-[gal]",
"id": "P332829.l23b48",
"ref": "P332829.6.2",
"inst": "ŋešnugal[alabaster]",
"sig": "@dcclt%sux:ŋeš-nu₁₁-gal=ŋešnugal[alabaster//alabaster]N'N$ŋešnugal/ŋeš-nu₁₁-gal#~",
"f": {"lang": "sux",
"form": "ŋeš-nu₁₁-gal",
"cf": "ŋešnugal",
"gw": "alabaster",
"sense": "alabaster",
"norm0": "ŋešnugal",
"pos": "N",
"epos": "N",
"base": "ŋeš-nu₁₁-gal",
"morph": "~"}
}
,
{
"node": "d",
"type": "line-start",
"ref": "P332829.7",
"n": "6'",
"label": "r 6'"}
,
{
"node": "l",
"frag": "{na₄}du₈-ši-[a]",
"id": "P332829.l23b49",
"ref": "P332829.7.1",
"inst": "dušia[chlorite]",
"sig": "@dcclt%sux:{na₄}du₈-ši-a=dušia[stone//chlorite]N'N$dušia/{na₄}du₈-ši-a#~",
"f": {"lang": "sux",
"form": "{na₄}du₈-ši-a",
"cf": "dušia",
"gw": "stone",
"sense": "chlorite",
"norm0": "dušia",
"pos": "N",
"epos": "N",
"base": "{na₄}du₈-ši-a",
"morph": "~"}
}
,
{
"node": "d",
"type": "line-start",
"ref": "P332829.8",
"n": "7'",
"label": "r 7'"}
,
{
"node": "l",
"frag": "{na₄}kišib",
"id": "P332829.l23b4a",
"ref": "P332829.8.1",
"inst": "kišib[seal]",
"sig": "@dcclt%sux:{na₄}kišib=kišib[seal//cylinder seal, sealed tablet]N'N$kišib/{na₄}kišib#~",
"f": {"lang": "sux",
"form": "{na₄}kišib",
"cf": "kišib",
"gw": "seal",
"sense": "cylinder seal, sealed tablet",
"norm0": "kišib",
"pos": "N",
"epos": "N",
"base": "{na₄}kišib",
"morph": "~"}
}
,
{
"node": "l",
"frag": "du₈-[ši-a]",
"id": "P332829.l23b4b",
"ref": "P332829.8.2",
"inst": "dušia[chlorite]",
"sig": "@dcclt%sux:du₈-ši-a=dušia[stone//chlorite]N'N$dušia/du₈-ši-a#~",
"f": {"lang": "sux",
"form": "du₈-ši-a",
"cf": "dušia",
"gw": "stone",
"sense": "chlorite",
"norm0": "dušia",
"pos": "N",
"epos": "N",
"base": "du₈-ši-a",
"morph": "~"}
}
,
{
"node": "d",
"type": "line-start",
"ref": "P332829.9",
"n": "8'",
"label": "r 8'"}
,
{
"node": "l",
"frag": "{na₄}lagab",
"id": "P332829.l23b4c",
"ref": "P332829.9.1",
"inst": "lagab[block]",
"sig": "@dcclt%sux:{na₄}lagab=lagab[block//block]N'N$lagab/{na₄}lagab#~",
"f": {"lang": "sux",
"form": "{na₄}lagab",
"cf": "lagab",
"gw": "block",
"sense": "block",
"norm0": "lagab",
"pos": "N",
"epos": "N",
"base": "{na₄}lagab",
"morph": "~"}
}
,
{
"node": "l",
"frag": "du₈-ši-[a]",
"id": "P332829.l23b4d",
"ref": "P332829.9.2",
"inst": "dušia[chlorite]",
"sig": "@dcclt%sux:du₈-ši-a=dušia[stone//chlorite]N'N$dušia/du₈-ši-a#~",
"f": {"lang": "sux",
"form": "du₈-ši-a",
"cf": "dušia",
"gw": "stone",
"sense": "chlorite",
"norm0": "dušia",
"pos": "N",
"epos": "N",
"base": "du₈-ši-a",
"morph": "~"}
}
,
{
"node": "d",
"type": "line-start",
"ref": "P332829.10",
"n": "9'",
"label": "r 9'"}
,
{
"node": "l",
"frag": "{na₄}algameš(|SAL.HUB₂|)",
"id": "P332829.l23b4e",
"ref": "P332829.10.1",
"inst": "algameš[steatite]",
"sig": "@dcclt%sux:{na₄}algameš(|SAL.HUB₂|)=algameš[stone//steatite]N'N$algameš/{na₄}algameš(|SAL.HUB₂|)#~",
"f": {"lang": "sux",
"form": "{na₄}algameš(|SAL.HUB₂|)",
"cf": "algameš",
"gw": "stone",
"sense": "steatite",
"norm0": "algameš",
"pos": "N",
"epos": "N",
"base": "{na₄}algameš(|SAL.HUB₂|)",
"morph": "~"}
}
,
{
"node": "d",
"type": "line-start",
"ref": "P332829.11",
"n": "10'",
"label": "r 10'"}
,
{
"node": "l",
"frag": "{na₄}kišib",
"id": "P332829.l23b4f",
"ref": "P332829.11.1",
"inst": "kišib[seal]",
"sig": "@dcclt%sux:{na₄}kišib=kišib[seal//cylinder seal, sealed tablet]N'N$kišib/{na₄}kišib#~",
"f": {"lang": "sux",
"form": "{na₄}kišib",
"cf": "kišib",
"gw": "seal",
"sense": "cylinder seal, sealed tablet",
"norm0": "kišib",
"pos": "N",
"epos": "N",
"base": "{na₄}kišib",
"morph": "~"}
}
,
{
"node": "l",
"frag": "⸢algameš⸣",
"id": "P332829.l23b50",
"ref": "P332829.11.2",
"inst": "algameš[steatite]",
"sig": "@dcclt%sux:algameš=algameš[stone//steatite]N'N$algameš/algameš#~",
"f": {"lang": "sux",
"form": "algameš",
"cf": "algameš",
"gw": "stone",
"sense": "steatite",
"norm0": "algameš",
"pos": "N",
"epos": "N",
"base": "algameš",
"morph": "~"}
}
,
{
"node": "d",
"type": "line-start",
"ref": "P332829.12",
"n": "11'",
"label": "r 11'"}
,
{
"node": "l",
"frag": "{na₄}lagab",
"id": "P332829.l23b51",
"ref": "P332829.12.1",
"inst": "lagab[block]",
"sig": "@dcclt%sux:{na₄}lagab=lagab[block//block]N'N$lagab/{na₄}lagab#~",
"f": {"lang": "sux",
"form": "{na₄}lagab",
"cf": "lagab",
"gw": "block",
"sense": "block",
"norm0": "lagab",
"pos": "N",
"epos": "N",
"base": "{na₄}lagab",
"morph": "~"}
}
,
{
"node": "l",
"frag": "algameš",
"id": "P332829.l23b52",
"ref": "P332829.12.2",
"inst": "algameš[steatite]",
"sig": "@dcclt%sux:algameš=algameš[stone//steatite]N'N$algameš/algameš#~",
"f": {"lang": "sux",
"form": "algameš",
"cf": "algameš",
"gw": "stone",
"sense": "steatite",
"norm0": "algameš",
"pos": "N",
"epos": "N",
"base": "algameš",
"morph": "~"}
}
,
{
"node": "d",
"type": "line-start",
"ref": "P332829.13",
"n": "12'",
"label": "r 12'"}
,
{
"node": "l",
"frag": "{⸢na₄⸣}a₂-⸢šuba⸣",
"id": "P332829.l23b53",
"ref": "P332829.13.1",
"inst": "ašuba[stone]",
"sig": "@dcclt%sux:{na₄}a₂-šuba=ašuba[stone//a stone]N'N$ašuba/{na₄}a₂-šuba#~",
"f": {"lang": "sux",
"form": "{na₄}a₂-šuba",
"cf": "ašuba",
"gw": "stone",
"sense": "a stone",
"norm0": "ašuba",
"pos": "N",
"epos": "N",
"base": "{na₄}a₂-šuba",
"morph": "~"}
}
,
{
"node": "d",
"subtype": "column 2r",
"type": "column",
"ref": "P332829.r.ii.14",
"n": "2",
"label": "r ii"}
,
{
"node": "d",
"type": "line-start",
"ref": "P332829.15",
"n": "1'",
"label": "r ii 1'"}
,
{
"node": "l",
"frag": "{[na₄}mar-hu]-⸢šum⸣",
"id": "P332829.l23b54",
"ref": "P332829.15.1",
"inst": "marhuša[Marhaši]",
"sig": "@dcclt%sux:{na₄}mar-hu-šum=marhuša[stone//Marhaši stone]N'N$marhuša/{na₄}mar-hu-šum#~",
"f": {"lang": "sux",
"form": "{na₄}mar-hu-šum",
"cf": "marhuša",
"gw": "stone",
"sense": "Marhaši stone",
"norm0": "marhuša",
"pos": "N",
"epos": "N",
"base": "{na₄}mar-hu-šum",
"morph": "~"}
}
,
{
"node": "d",
"type": "line-start",
"ref": "P332829.16",
"n": "2'",
"label": "r ii 2'"}
,
{
"node": "l",
"frag": "{[na₄]}⸢mar⸣-ha-lum",
"id": "P332829.l23b55",
"ref": "P332829.16.1",
"inst": "marhali[stone]",
"sig": "@dcclt%sux:{na₄}mar-ha-lum=marhali[stone//multi-colored stone]N'N$marhali/{na₄}mar-ha-lum#~",
"f": {"lang": "sux",
"form": "{na₄}mar-ha-lum",
"cf": "marhali",
"gw": "stone",
"sense": "multi-colored stone",
"norm0": "marhali",
"pos": "N",
"epos": "N",
"base": "{na₄}mar-ha-lum",
"morph": "~"}
}
,
{
"node": "d",
"type": "line-start",
"ref": "P332829.17",
"n": "3'",
"label": "r ii 3'"}
,
{
"node": "l",
"frag": "{na₄}gug",
"id": "P332829.l23b56",
"ref": "P332829.17.1",
"inst": "gug[carnelian]",
"sig": "@dcclt%sux:{na₄}gug=gug[carnelian//carnelian]N'N$gug/{na₄}gug#~",
"f": {"lang": "sux",
"form": "{na₄}gug",
"cf": "gug",
"gw": "carnelian",
"sense": "carnelian",
"norm0": "gug",
"pos": "N",
"epos": "N",
"base": "{na₄}gug",
"morph": "~"}
}
,
{
"node": "d",
"type": "line-start",
"ref": "P332829.18",
"n": "4'",
"label": "r ii 4'"}
,
{
"node": "l",
"frag": "{na₄}gug",
"id": "P332829.l23b57",
"ref": "P332829.18.1",
"inst": "gug[carnelian]",
"sig": "@dcclt%sux:{na₄}gug=gug[carnelian//carnelian]N'N$gug/{na₄}gug#~",
"f": {"lang": "sux",
"form": "{na₄}gug",
"cf": "gug",
"gw": "carnelian",
"sense": "carnelian",
"norm0": "gug",
"pos": "N",
"epos": "N",
"base": "{na₄}gug",
"morph": "~"}
}
,
{
"node": "l",
"frag": "gazi",
"id": "P332829.l23b58",
"ref": "P332829.18.2",
"inst": "gazi[condiment]",
"sig": "@dcclt%sux:gazi=gazi[condiment//condiment]N'N$gazi/gazi#~",
"f": {"lang": "sux",
"form": "gazi",
"cf": "gazi",
"gw": "condiment",
"sense": "condiment",
"norm0": "gazi",
"pos": "N",
"epos": "N",
"base": "gazi",
"morph": "~"}
}
,
{
"node": "d",
"type": "line-start",
"ref": "P332829.19",
"n": "5'",
"label": "r ii 5'"}
,
{
"node": "l",
"frag": "{na₄}gug",
"id": "P332829.l23b59",
"ref": "P332829.19.1",
"inst": "gug[carnelian]",
"sig": "@dcclt%sux:{na₄}gug=gug[carnelian//carnelian]N'N$gug/{na₄}gug#~",
"f": {"lang": "sux",
"form": "{na₄}gug",
"cf": "gug",
"gw": "carnelian",
"sense": "carnelian",
"norm0": "gug",
"pos": "N",
"epos": "N",
"base": "{na₄}gug",
"morph": "~"}
}
,
{
"node": "l",
"frag": "gid₂-da",
"id": "P332829.l23b5a",
"ref": "P332829.19.2",
"inst": "gid[drag]",
"sig": "@dcclt%sux:gid₂-da=gid[drag//drag]V/t'V/t$gid;a/gid₂+-da=d.a#~;a",
"f": {"lang": "sux",
"form": "gid₂-da",
"cf": "gid",
"gw": "drag",
"sense": "drag",
"norm0": "gid;a",
"pos": "V/t",
"epos": "V/t",
"base": "gid₂",
"cont": "-da=d.a",
"morph": "~;a"}
}
,
{
"node": "d",
"type": "line-start",
"ref": "P332829.20",
"n": "6'",
"label": "r ii 6'"}
,
{
"node": "l",
"frag": "{na₄}gug",
"id": "P332829.l23b5b",
"ref": "P332829.20.1",
"inst": "gug[carnelian]",
"sig": "@dcclt%sux:{na₄}gug=gug[carnelian//carnelian]N'N$gug/{na₄}gug#~",
"f": {"lang": "sux",
"form": "{na₄}gug",
"cf": "gug",
"gw": "carnelian",
"sense": "carnelian",
"norm0": "gug",
"pos": "N",
"epos": "N",
"base": "{na₄}gug",
"morph": "~"}
}
,
{
"node": "l",
"frag": "lugud₂-da",
"id": "P332829.l23b5c",
"ref": "P332829.20.2",
"inst": "lugud[short]",
"sig": "@dcclt%sux:lugud₂-da=lugud[short//(to be) short]V/i'V/i$lugud;a/lugud₂+-da=d.a#~;a",
"f": {"lang": "sux",
"form": "lugud₂-da",
"cf": "lugud",
"gw": "short",
"sense": "(to be) short",
"norm0": "lugud;a",
"pos": "V/i",
"epos": "V/i",
"base": "lugud₂",
"cont": "-da=d.a",
"morph": "~;a"}
}
,
{
"node": "d",
"type": "line-start",
"ref": "P332829.21",
"n": "7'",
"label": "r ii 7'"}
,
{
"node": "l",
"frag": "{na₄}gug",
"id": "P332829.l23b5d",
"ref": "P332829.21.1",
"inst": "gug[carnelian]",
"sig": "@dcclt%sux:{na₄}gug=gug[carnelian//carnelian]N'N$gug/{na₄}gug#~",
"f": {"lang": "sux",
"form": "{na₄}gug",
"cf": "gug",
"gw": "carnelian",
"sense": "carnelian",
"norm0": "gug",
"pos": "N",
"epos": "N",
"base": "{na₄}gug",
"morph": "~"}
}
,
{
"node": "l",
"frag": "burudₓ(U)da",
"id": "P332829.l23b5e",
"ref": "P332829.21.2",
"inst": "burud[perforate]",
"sig": "@dcclt%sux:burudₓ(U)-da=burud[perforate//perforate]V/t'V/t$burud;a/burudₓ(U)+-da=d.a#~;a",
"f": {"lang": "sux",
"form": "burudₓ(U)-da",
"cf": "burud",
"gw": "perforate",
"sense": "perforate",
"norm0": "burud;a",
"pos": "V/t",
"epos": "V/t",
"base": "burudₓ(U)",
"cont": "-da=d.a",
"morph": "~;a"}
}
,
{
"node": "d",
"type": "line-start",
"ref": "P332829.22",
"n": "8'",
"label": "r ii 8'"}
,
{
"node": "l",
"frag": "{na₄}gug",
"id": "P332829.l23b5f",
"ref": "P332829.22.1",
"inst": "gug[carnelian]",
"sig": "@dcclt%sux:{na₄}gug=gug[carnelian//carnelian]N'N$gug/{na₄}gug#~",
"f": {"lang": "sux",
"form": "{na₄}gug",
"cf": "gug",
"gw": "carnelian",
"sense": "carnelian",
"norm0": "gug",
"pos": "N",
"epos": "N",
"base": "{na₄}gug",
"morph": "~"}
}
,
{
"node": "l",
"frag": "me-luh-ha",
"id": "P332829.l23b60",
"ref": "P332829.22.2",
"inst": "Meluhha[1]",
"sig": "@dcclt%sux:me-luh-ha=Meluhha[1//1]GN'GN$Meluhha/me-luh-ha#~",
"f": {"lang": "sux",
"form": "me-luh-ha",
"cf": "Meluhha",
"gw": "1",
"sense": "1",
"norm0": "Meluhha",
"pos": "GN",
"epos": "GN",
"base": "me-luh-ha",
"morph": "~"}
}
,
{
"node": "d",
"type": "line-start",
"ref": "P332829.23",
"n": "9'",
"label": "r ii 9'"}
,
{
"node": "l",
"frag": "{na₄}gug",
"id": "P332829.l23b61",
"ref": "P332829.23.1",
"inst": "gug[carnelian]",
"sig": "@dcclt%sux:{na₄}gug=gug[carnelian//carnelian]N'N$gug/{na₄}gug#~",
"f": {"lang": "sux",
"form": "{na₄}gug",
"cf": "gug",
"gw": "carnelian",
"sense": "carnelian",
"norm0": "gug",
"pos": "N",
"epos": "N",
"base": "{na₄}gug",
"morph": "~"}
}
,
{
"node": "l",
"frag": "amar-hi-li",
"id": "P332829.l23b62",
"ref": "P332829.23.2",
"inst": "X",
"f": {"lang": "sux",
"form": "amar-hi-li",
"pos": "X"}
}
,
{
"node": "d",
"type": "line-start",
"ref": "P332829.24",
"n": "10'",
"label": "r ii 10'"}
,
{
"node": "l",
"frag": "{[na₄}kišib]",
"id": "P332829.l23b63",
"ref": "P332829.24.1",
"inst": "kišib[seal]",
"sig": "@dcclt%sux:{na₄}kišib=kišib[seal//cylinder seal, sealed tablet]N'N$kišib/{na₄}kišib#~",
"f": {"lang": "sux",
"form": "{na₄}kišib",
"cf": "kišib",
"gw": "seal",
"sense": "cylinder seal, sealed tablet",
"norm0": "kišib",
"pos": "N",
"epos": "N",
"base": "{na₄}kišib",
"morph": "~"}
}
,
{
"node": "l",
"frag": "gug",
"id": "P332829.l23b64",
"ref": "P332829.24.2",
"inst": "gug[carnelian]",
"sig": "@dcclt%sux:gug=gug[carnelian//carnelian]N'N$gug/gug#~",
"f": {"lang": "sux",
"form": "gug",
"cf": "gug",
"gw": "carnelian",
"sense": "carnelian",
"norm0": "gug",
"pos": "N",
"epos": "N",
"base": "gug",
"morph": "~"}
}
,
{
"node": "d",
"type": "line-start",
"ref": "P332829.25",
"n": "11'",
"label": "r ii 11'"}
,
{
"node": "l",
"frag": "{[na₄}lagab]",
"id": "P332829.l23b65",
"ref": "P332829.25.1",
"inst": "lagab[block]",
"sig": "@dcclt%sux:{na₄}lagab=lagab[block//block]N'N$lagab/{na₄}lagab#~",
"f": {"lang": "sux",
"form": "{na₄}lagab",
"cf": "lagab",
"gw": "block",
"sense": "block",
"norm0": "lagab",
"pos": "N",
"epos": "N",
"base": "{na₄}lagab",
"morph": "~"}
}
,
{
"node": "l",
"frag": "gug",
"id": "P332829.l23b66",
"ref": "P332829.25.2",
"inst": "gug[carnelian]",
"sig": "@dcclt%sux:gug=gug[carnelian//carnelian]N'N$gug/gug#~",
"f": {"lang": "sux",
"form": "gug",
"cf": "gug",
"gw": "carnelian",
"sense": "carnelian",
"norm0": "gug",
"pos": "N",
"epos": "N",
"base": "gug",
"morph": "~"}
}
]}
]}
]}
]}
