{
"type": "cdl",
  "source": "http://oracc.org/dcclt",
  "license": "This data is released under the CC0 license",
  "license-url": "https://creativecommons.org/publicdomain/zero/1.0/",
  "more-info": "http://oracc.org/doc/opendata/",
  "UTC-timestamp": "2017-05-19T18:25:59",
"project": "dcclt",
"textid": "P333165",
"cdl": [
{
"node": "c",
"type": "text",
"id": "P333165.U0",
"cdl": [
{
"node": "d",
"type": "object",
"ref": ""}
,
{
"node": "d",
"type": "surface",
"ref": ""}
,
{
"node": "c",
"type": "discourse",
"subtype": "body",
"id": "P333165.U1",
"cdl": [
{
"node": "c",
"type": "sentence",
"id": "P333165.U2",
"label": "1' - 5",
"cdl": [
{
"node": "d",
"type": "line-start",
"ref": "P333165.1",
"n": "1'",
"label": "1'"}
,
{
"node": "l",
"frag": "⸢zu₂⸣{{",
"id": "P333165.l0bcab",
"ref": "P333165.1.1",
"inst": "%sux:zu₂=",
"f": {"lang": "sux",
"form": "zu₂"}
}
,
{
"node": "l",
"frag": "wa-ṣa-bu }}",
"id": "P333165.l0bcac",
"ref": "P333165.1.2",
"inst": "%akk-x-oldbab:wa-ṣa-bu=",
"f": {"lang": "akk-x-oldbab",
"form": "wa-ṣa-bu"}
}
,
{
"node": "l",
"frag": "NI-[(x)]",
"id": "P333165.l0bcad",
"ref": "P333165.1.3",
"inst": "%sux:NI-x=",
"f": {"lang": "sux",
"form": "NI-x"}
}
,
{
"node": "d",
"type": "line-start",
"ref": "P333165.2",
"n": "2'",
"label": "2'"}
,
{
"node": "l",
"frag": "⸢zu₂⸣{{",
"id": "P333165.l0bcae",
"ref": "P333165.2.1",
"inst": "%sux:zu₂=",
"f": {"lang": "sux",
"form": "zu₂"}
}
,
{
"node": "l",
"frag": "pa-pal-al-um }}",
"id": "P333165.l0bcaf",
"ref": "P333165.2.2",
"inst": "%akk-x-oldbab:pa-pal-al-um=",
"f": {"lang": "akk-x-oldbab",
"form": "pa-pal-al-um"}
}
,
{
"node": "l",
"frag": "NI-[(x)]",
"id": "P333165.l0bcb0",
"ref": "P333165.2.3",
"inst": "%sux:NI-x=",
"f": {"lang": "sux",
"form": "NI-x"}
}
,
{
"node": "d",
"type": "line-start",
"ref": "P333165.3",
"n": "3'",
"label": "3'"}
,
{
"node": "l",
"frag": "⸢zu₂⸣{{",
"id": "P333165.l0bcb1",
"ref": "P333165.3.1",
"inst": "%sux:zu₂=",
"f": {"lang": "sux",
"form": "zu₂"}
}
,
{
"node": "l",
"frag": "su-uš-šum }}",
"id": "P333165.l0bcb2",
"ref": "P333165.3.2",
"inst": "%akk-x-oldbab:su-uš-šum=",
"f": {"lang": "akk-x-oldbab",
"form": "su-uš-šum"}
}
,
{
"node": "l",
"frag": "⸢NI⸣-[(x)]",
"id": "P333165.l0bcb3",
"ref": "P333165.3.3",
"inst": "%sux:NI-x=",
"f": {"lang": "sux",
"form": "NI-x"}
}
,
{
"node": "d",
"type": "line-start",
"ref": "P333165.4",
"n": "4'",
"label": "4'"}
,
{
"node": "l",
"frag": "zu₂",
"id": "P333165.l0bcb4",
"ref": "P333165.4.1",
"inst": "%sux:zu₂=",
"f": {"lang": "sux",
"form": "zu₂"}
}
,
{
"node": "l",
"frag": "huš",
"id": "P333165.l0bcb5",
"ref": "P333165.4.2",
"inst": "%sux:huš=",
"f": {"lang": "sux",
"form": "huš"}
}
,
{
"node": "d",
"type": "line-start",
"ref": "P333165.5",
"n": "5'",
"label": "5'"}
,
{
"node": "l",
"frag": "zu₂",
"id": "P333165.l0bcb6",
"ref": "P333165.5.1",
"inst": "%sux:zu₂=",
"f": {"lang": "sux",
"form": "zu₂"}
}
,
{
"node": "l",
"frag": "huš",
"id": "P333165.l0bcb7",
"ref": "P333165.5.2",
"inst": "%sux:huš=",
"f": {"lang": "sux",
"form": "huš"}
}
,
{
"node": "d",
"type": "line-start",
"ref": "P333165.6",
"n": "6'",
"label": "6'"}
,
{
"node": "l",
"frag": "⸢zu₂⸣",
"id": "P333165.l0bcb8",
"ref": "P333165.6.1",
"inst": "%sux:zu₂=",
"f": {"lang": "sux",
"form": "zu₂"}
}
,
{
"node": "l",
"frag": "muš-e",
"id": "P333165.l0bcb9",
"ref": "P333165.6.2",
"inst": "%sux:muš-e=",
"f": {"lang": "sux",
"form": "muš-e"}
}
,
{
"node": "l",
"frag": "⸢gu₇⸣",
"id": "P333165.l0bcba",
"ref": "P333165.6.3",
"inst": "%sux:gu₇=",
"f": {"lang": "sux",
"form": "gu₇"}
}
,
{
"node": "d",
"type": "line-start",
"ref": "P333165.7",
"n": "1",
"label": "1"}
,
{
"node": "d",
"type": "cell-start"}
,
{
"node": "d",
"type": "field-start",
"subtype": "sv"}
,
{
"node": "l",
"frag": "buru₄{mušen}",
"id": "P333165.l0bcbb",
"ref": "P333165.7.1",
"inst": "buru[bird]",
"sig": "@dcclt%sux:buru₄{mušen}=buru[bird//a bird of prey or a vulture]N'N$buru/buru₄{mušen}#~",
"f": {"lang": "sux",
"form": "buru₄{mušen}",
"cf": "buru",
"gw": "bird",
"sense": "a bird of prey or a vulture",
"norm0": "buru",
"pos": "N",
"epos": "N",
"base": "buru₄{mušen}",
"morph": "~"}
}
,
{
"node": "d",
"type": "field-end",
"subtype": "sv"}
,
{
"node": "d",
"type": "cell-end"}
,
{
"node": "d",
"type": "cell-start"}
,
{
"node": "d",
"type": "field-start",
"subtype": "pr"}
,
{
"node": "l",
"frag": "[...]",
"id": "P333165.l0bcbc",
"ref": "P333165.7.2",
"inst": "%sux:x=",
"f": {"lang": "sux",
"form": "x"}
}
,
{
"node": "d",
"type": "field-end",
"subtype": "pr"}
,
{
"node": "d",
"type": "cell-end"}
,
{
"node": "d",
"type": "cell-start"}
,
{
"node": "d",
"type": "field-start",
"subtype": "sg"}
,
{
"node": "l",
"frag": "|ŠIR.BUR|HU]",
"id": "P333165.l0bcbd",
"ref": "P333165.7.3",
"inst": "%sux:|ŠIR.BUR|-HU=",
"f": {"lang": "sux",
"form": "|ŠIR.BUR|-HU"}
}
,
{
"node": "d",
"type": "field-end",
"subtype": "sg"}
,
{
"node": "d",
"type": "cell-end"}
,
{
"node": "d",
"type": "cell-start"}
,
{
"node": "d",
"type": "field-start",
"subtype": "eq"}
,
{
"node": "l",
"frag": "[e]-re-bu",
"id": "P333165.l0bcbe",
"ref": "P333165.7.4",
"inst": "erēbu[rook]N$",
"sig": "@dcclt%akk-x-oldbab:e-re-bu=erēbu[rook//rook]N'N$erēbu",
"f": {"lang": "akk-x-oldbab",
"form": "e-re-bu",
"cf": "erēbu",
"gw": "rook",
"sense": "rook",
"norm": "erēbu",
"pos": "N",
"epos": "N"}
}
,
{
"node": "d",
"type": "field-end",
"subtype": "eq"}
,
{
"node": "d",
"type": "cell-end"}
,
{
"node": "d",
"type": "line-start",
"ref": "P333165.8",
"n": "2",
"label": "2"}
,
{
"node": "d",
"type": "cell-start"}
,
{
"node": "d",
"type": "field-start",
"subtype": "sv"}
,
{
"node": "l",
"frag": "{kuš}ummud",
"id": "P333165.l0bcbf",
"ref": "P333165.8.1",
"inst": "ummud[waterskin]",
"sig": "@dcclt%sux:{kuš}ummud=ummud[waterskin//waterskin]N'N$ummud/{kuš}ummud#~",
"f": {"lang": "sux",
"form": "{kuš}ummud",
"cf": "ummud",
"gw": "waterskin",
"sense": "waterskin",
"norm0": "ummud",
"pos": "N",
"epos": "N",
"base": "{kuš}ummud",
"morph": "~"}
}
,
{
"node": "d",
"type": "field-end",
"subtype": "sv"}
,
{
"node": "d",
"type": "cell-end"}
,
{
"node": "d",
"type": "cell-start"}
,
{
"node": "d",
"type": "field-start",
"subtype": "pr"}
,
{
"node": "l",
"frag": "[...]",
"id": "P333165.l0bcc0",
"ref": "P333165.8.2",
"inst": "%sux:x=",
"f": {"lang": "sux",
"form": "x"}
}
,
{
"node": "d",
"type": "field-end",
"subtype": "pr"}
,
{
"node": "d",
"type": "cell-end"}
,
{
"node": "d",
"type": "cell-start"}
,
{
"node": "d",
"type": "field-start",
"subtype": "sg"}
,
{
"node": "l",
"frag": "[SU-|A.EDIN.LAL|",
"id": "P333165.l0bcc1",
"ref": "P333165.8.3",
"inst": "%sux:SU-|A.EDIN.LAL|=",
"f": {"lang": "sux",
"form": "SU-|A.EDIN.LAL|"}
}
,
{
"node": "d",
"type": "field-end",
"subtype": "sg"}
,
{
"node": "d",
"type": "cell-end"}
,
{
"node": "d",
"type": "cell-start"}
,
{
"node": "d",
"type": "field-start",
"subtype": "eq"}
,
{
"node": "l",
"frag": "⸢na⸣-du-um",
"id": "P333165.l0bcc2",
"ref": "P333165.8.4",
"inst": "nādu[(water-)skin]N$nādum",
"sig": "@dcclt%akk-x-oldbab:na-du-um=nādu[(water-)skin//(water-)skin]N'N$nādum",
"f": {"lang": "akk-x-oldbab",
"form": "na-du-um",
"cf": "nādu",
"gw": "(water-)skin",
"sense": "(water-)skin",
"norm": "nādum",
"pos": "N",
"epos": "N"}
}
,
{
"node": "d",
"type": "field-end",
"subtype": "eq"}
,
{
"node": "d",
"type": "cell-end"}
,
{
"node": "d",
"type": "line-start",
"ref": "P333165.9",
"n": "3",
"label": "3"}
,
{
"node": "d",
"type": "cell-start"}
,
{
"node": "d",
"type": "field-start",
"subtype": "sv"}
,
{
"node": "l",
"frag": "su-bir₄{ki}",
"id": "P333165.l0bcc3",
"ref": "P333165.9.1",
"inst": "Subir[]GN",
"sig": "@dcclt%sux:su-bir₄{ki}=Subir[1//1]GN'GN$Subir/su-bir₄{ki}#~",
"f": {"lang": "sux",
"form": "su-bir₄{ki}",
"cf": "Subir",
"gw": "1",
"sense": "1",
"norm0": "Subir",
"pos": "GN",
"epos": "GN",
"base": "su-bir₄{ki}",
"morph": "~"}
}
,
{
"node": "d",
"type": "field-end",
"subtype": "sv"}
,
{
"node": "d",
"type": "cell-end"}
,
{
"node": "d",
"type": "cell-start"}
,
{
"node": "d",
"type": "field-start",
"subtype": "pr"}
,
{
"node": "l",
"frag": "[...]",
"id": "P333165.l0bcc4",
"ref": "P333165.9.2",
"inst": "%sux:x=",
"f": {"lang": "sux",
"form": "x"}
}
,
{
"node": "d",
"type": "field-end",
"subtype": "pr"}
,
{
"node": "d",
"type": "cell-end"}
,
{
"node": "d",
"type": "cell-start"}
,
{
"node": "d",
"type": "field-start",
"subtype": "sg"}
,
{
"node": "l",
"frag": "|[SU].EDIN|KI",
"id": "P333165.l0bcc5",
"ref": "P333165.9.3",
"inst": "%sux:|SU.EDIN|-KI=",
"f": {"lang": "sux",
"form": "|SU.EDIN|-KI"}
}
,
{
"node": "d",
"type": "field-end",
"subtype": "sg"}
,
{
"node": "d",
"type": "cell-end"}
,
{
"node": "d",
"type": "cell-start"}
,
{
"node": "d",
"type": "field-start",
"subtype": "eq"}
,
{
"node": "l",
"frag": "šu-ba-ar-tum",
"id": "P333165.l0bcc6",
"ref": "P333165.9.4",
"inst": "Subartu[]GN$šubartum",
"sig": "@dcclt%akk-x-oldbab:šu-ba-ar-tum=Subartu[1//1]GN'GN$šubartum",
"f": {"lang": "akk-x-oldbab",
"form": "šu-ba-ar-tum",
"cf": "Subartu",
"gw": "1",
"sense": "1",
"norm": "šubartum",
"pos": "GN",
"epos": "GN"}
}
,
{
"node": "d",
"type": "field-end",
"subtype": "eq"}
,
{
"node": "d",
"type": "cell-end"}
,
{
"node": "d",
"type": "line-start",
"ref": "P333165.10",
"n": "4",
"label": "4"}
,
{
"node": "d",
"type": "cell-start"}
,
{
"node": "d",
"type": "field-start",
"subtype": "sv"}
,
{
"node": "l",
"frag": "ad-KID",
"id": "P333165.l0bcc7",
"ref": "P333165.10.1",
"inst": "ad.KID[weaver]",
"sig": "@dcclt%sux:ad-KID=ad.KID[weaver//basket weaver]N'N$ad.KID/ad-KID#~",
"f": {"lang": "sux",
"form": "ad-KID",
"cf": "ad.KID",
"gw": "weaver",
"sense": "basket weaver",
"norm0": "ad.KID",
"pos": "N",
"epos": "N",
"base": "ad-KID",
"morph": "~"}
}
,
{
"node": "d",
"type": "field-end",
"subtype": "sv"}
,
{
"node": "d",
"type": "cell-end"}
,
{
"node": "d",
"type": "cell-start"}
,
{
"node": "d",
"type": "field-start",
"subtype": "pr"}
,
{
"node": "l",
"frag": "[...]",
"id": "P333165.l0bcc8",
"ref": "P333165.10.2",
"inst": "%sux:x=",
"f": {"lang": "sux",
"form": "x"}
}
,
{
"node": "d",
"type": "field-end",
"subtype": "pr"}
,
{
"node": "d",
"type": "cell-end"}
,
{
"node": "d",
"type": "cell-start"}
,
{
"node": "d",
"type": "field-start",
"subtype": "sg"}
,
{
"node": "l",
"frag": "|[AD].KID|",
"id": "P333165.l0bcc9",
"ref": "P333165.10.3",
"inst": "%sux:|AD.KID|=",
"f": {"lang": "sux",
"form": "|AD.KID|"}
}
,
{
"node": "d",
"type": "field-end",
"subtype": "sg"}
,
{
"node": "d",
"type": "cell-end"}
,
{
"node": "d",
"type": "cell-start"}
,
{
"node": "d",
"type": "field-start",
"subtype": "eq"}
,
{
"node": "l",
"frag": "at-gu-pu",
"id": "P333165.l0bcca",
"ref": "P333165.10.4",
"inst": "atkuppu[reed-worker]N$atguppu",
"sig": "@dcclt%akk-x-oldbab:at-gu-pu=atkuppu[reed-worker//reed-worker]N'N$atguppu",
"f": {"lang": "akk-x-oldbab",
"form": "at-gu-pu",
"cf": "atkuppu",
"gw": "reed-worker",
"sense": "reed-worker",
"norm": "atguppu",
"pos": "N",
"epos": "N"}
}
,
{
"node": "d",
"type": "field-end",
"subtype": "eq"}
,
{
"node": "d",
"type": "cell-end"}
,
{
"node": "d",
"type": "line-start",
"ref": "P333165.11",
"n": "5",
"label": "5"}
,
{
"node": "d",
"type": "cell-start"}
,
{
"node": "d",
"type": "field-start",
"subtype": "sv"}
,
{
"node": "l",
"frag": "dimma",
"id": "P333165.l0bccb",
"ref": "P333165.11.1",
"inst": "dimma[thought]",
"sig": "@dcclt%sux:dimma=dimma[thought//thought, planning]N'N$dimma/dimma#~",
"f": {"lang": "sux",
"form": "dimma",
"cf": "dimma",
"gw": "thought",
"sense": "thought, planning",
"norm0": "dimma",
"pos": "N",
"epos": "N",
"base": "dimma",
"morph": "~"}
}
,
{
"node": "d",
"type": "field-end",
"subtype": "sv"}
,
{
"node": "d",
"type": "cell-end"}
,
{
"node": "d",
"type": "cell-start"}
,
{
"node": "d",
"type": "field-start",
"subtype": "pr"}
,
{
"node": "l",
"frag": "[...]",
"id": "P333165.l0bccc",
"ref": "P333165.11.2",
"inst": "%sux:x=",
"f": {"lang": "sux",
"form": "x"}
}
,
{
"node": "d",
"type": "field-end",
"subtype": "pr"}
,
{
"node": "d",
"type": "cell-end"}
,
{
"node": "d",
"type": "cell-start"}
,
{
"node": "d",
"type": "field-start",
"subtype": "sg"}
,
{
"node": "l",
"frag": "|KA.HI|",
"id": "P333165.l0bccd",
"ref": "P333165.11.3",
"inst": "%sux:|KA.HI|=",
"f": {"lang": "sux",
"form": "|KA.HI|"}
}
,
{
"node": "d",
"type": "field-end",
"subtype": "sg"}
,
{
"node": "d",
"type": "cell-end"}
,
{
"node": "d",
"type": "cell-start"}
,
{
"node": "d",
"type": "field-start",
"subtype": "eq"}
,
{
"node": "l",
"frag": "ṭe-mu",
"id": "P333165.l0bcce",
"ref": "P333165.11.4",
"inst": "ṭēmu[(fore)thought//reason]N$",
"sig": "@dcclt%akk-x-oldbab:ṭe-mu=ṭēmu[(fore)thought//reason]N'N$ṭēmu",
"f": {"lang": "akk-x-oldbab",
"form": "ṭe-mu",
"cf": "ṭēmu",
"gw": "(fore)thought",
"sense": "reason",
"norm": "ṭēmu",
"pos": "N",
"epos": "N"}
}
,
{
"node": "d",
"type": "field-end",
"subtype": "eq"}
,
{
"node": "d",
"type": "cell-end"}
]}
]}
]}
]}
