{
"type": "cdl",
  "source": "http://oracc.org/dcclt",
  "license": "This data is released under the CC0 license",
  "license-url": "https://creativecommons.org/publicdomain/zero/1.0/",
  "more-info": "http://oracc.org/doc/opendata/",
  "UTC-timestamp": "2017-05-19T18:26:00",
"project": "dcclt",
"textid": "P333173",
"cdl": [
{
"node": "c",
"type": "text",
"id": "P333173.U0",
"cdl": [
{
"node": "d",
"type": "object",
"ref": ""}
,
{
"node": "d",
"type": "surface",
"ref": ""}
,
{
"node": "d",
"subtype": "column 1",
"type": "column",
"ref": "P333173.i.1",
"n": "1",
"label": "i"}
,
{
"node": "c",
"type": "discourse",
"subtype": "body",
"id": "P333173.U1",
"cdl": [
{
"node": "c",
"type": "sentence",
"id": "P333173.U2",
"label": "i 1 - ii 11",
"cdl": [
{
"node": "d",
"type": "line-start",
"ref": "P333173.2",
"n": "1",
"label": "i 1"}
,
{
"node": "d",
"type": "cell-start"}
,
{
"node": "d",
"type": "field-start",
"subtype": "sv"}
,
{
"node": "l",
"frag": "me",
"id": "P333173.l0db8a",
"ref": "P333173.2.1",
"inst": "%sux:me=",
"f": {"lang": "sux",
"form": "me"}
}
,
{
"node": "d",
"type": "field-end",
"subtype": "sv"}
,
{
"node": "d",
"type": "cell-end"}
,
{
"node": "d",
"type": "cell-start"}
,
{
"node": "d",
"type": "field-start",
"subtype": "pr"}
,
{
"node": "d",
"type": "field-end",
"subtype": "pr"}
,
{
"node": "d",
"type": "cell-end"}
,
{
"node": "d",
"type": "cell-start"}
,
{
"node": "d",
"type": "field-start",
"subtype": "sg"}
,
{
"node": "l",
"frag": "ME",
"id": "P333173.l0db8b",
"ref": "P333173.2.2",
"inst": "%sux:ME=",
"f": {"lang": "sux",
"form": "ME"}
}
,
{
"node": "d",
"type": "field-end",
"subtype": "sg"}
,
{
"node": "d",
"type": "cell-end"}
,
{
"node": "d",
"type": "line-start",
"ref": "P333173.3",
"n": "2",
"label": "i 2"}
,
{
"node": "d",
"type": "cell-start"}
,
{
"node": "d",
"type": "field-start",
"subtype": "sv"}
,
{
"node": "l",
"frag": "išib",
"id": "P333173.l0db8c",
"ref": "P333173.3.1",
"inst": "%sux:išib=",
"f": {"lang": "sux",
"form": "išib"}
}
,
{
"node": "d",
"type": "field-end",
"subtype": "sv"}
,
{
"node": "d",
"type": "cell-end"}
,
{
"node": "d",
"type": "cell-start"}
,
{
"node": "d",
"type": "field-start",
"subtype": "pr"}
,
{
"node": "l",
"frag": "si₂-ib",
"id": "P333173.l0db8d",
"ref": "P333173.3.2",
"inst": "%sux:si₂-ib=",
"f": {"lang": "sux",
"form": "si₂-ib"}
}
,
{
"node": "d",
"type": "field-end",
"subtype": "pr"}
,
{
"node": "d",
"type": "cell-end"}
,
{
"node": "d",
"type": "cell-start"}
,
{
"node": "d",
"type": "field-start",
"subtype": "sg"}
,
{
"node": "l",
"frag": "ME",
"id": "P333173.l0db8e",
"ref": "P333173.3.3",
"inst": "%sux:ME=",
"f": {"lang": "sux",
"form": "ME"}
}
,
{
"node": "d",
"type": "field-end",
"subtype": "sg"}
,
{
"node": "d",
"type": "cell-end"}
,
{
"node": "d",
"type": "line-start",
"ref": "P333173.4",
"n": "3",
"label": "i 3"}
,
{
"node": "d",
"type": "cell-start"}
,
{
"node": "d",
"type": "field-start",
"subtype": "sv"}
,
{
"node": "l",
"frag": "tuba",
"id": "P333173.l0db8f",
"ref": "P333173.4.1",
"inst": "%sux:tuba=",
"f": {"lang": "sux",
"form": "tuba"}
}
,
{
"node": "d",
"type": "field-end",
"subtype": "sv"}
,
{
"node": "d",
"type": "cell-end"}
,
{
"node": "d",
"type": "cell-start"}
,
{
"node": "d",
"type": "field-start",
"subtype": "pr"}
,
{
"node": "l",
"frag": "tu-ba",
"id": "P333173.l0db90",
"ref": "P333173.4.2",
"inst": "%sux:tu-ba=",
"f": {"lang": "sux",
"form": "tu-ba"}
}
,
{
"node": "d",
"type": "field-end",
"subtype": "pr"}
,
{
"node": "d",
"type": "cell-end"}
,
{
"node": "d",
"type": "cell-start"}
,
{
"node": "d",
"type": "field-start",
"subtype": "sg"}
,
{
"node": "l",
"frag": "ME",
"id": "P333173.l0db91",
"ref": "P333173.4.3",
"inst": "%sux:ME=",
"f": {"lang": "sux",
"form": "ME"}
}
,
{
"node": "d",
"type": "field-end",
"subtype": "sg"}
,
{
"node": "d",
"type": "cell-end"}
,
{
"node": "d",
"type": "line-start",
"ref": "P333173.5",
"n": "4",
"label": "i 4"}
,
{
"node": "d",
"type": "cell-start"}
,
{
"node": "d",
"type": "field-start",
"subtype": "sv"}
,
{
"node": "l",
"frag": "lal",
"id": "P333173.l0db92",
"ref": "P333173.5.1",
"inst": "%sux:lal=",
"f": {"lang": "sux",
"form": "lal"}
}
,
{
"node": "d",
"type": "field-end",
"subtype": "sv"}
,
{
"node": "d",
"type": "cell-end"}
,
{
"node": "d",
"type": "cell-start"}
,
{
"node": "d",
"type": "field-start",
"subtype": "pr"}
,
{
"node": "l",
"frag": "la(E)-al",
"id": "P333173.l0db93",
"ref": "P333173.5.2",
"inst": "%sux:la-al=",
"f": {"lang": "sux",
"form": "la-al"}
}
,
{
"node": "d",
"type": "field-end",
"subtype": "pr"}
,
{
"node": "d",
"type": "cell-end"}
,
{
"node": "d",
"type": "cell-start"}
,
{
"node": "d",
"type": "field-start",
"subtype": "sg"}
,
{
"node": "l",
"frag": "LAL",
"id": "P333173.l0db94",
"ref": "P333173.5.3",
"inst": "%sux:LAL=",
"f": {"lang": "sux",
"form": "LAL"}
}
,
{
"node": "d",
"type": "field-end",
"subtype": "sg"}
,
{
"node": "d",
"type": "cell-end"}
,
{
"node": "d",
"type": "line-start",
"ref": "P333173.6",
"n": "5",
"label": "i 5"}
,
{
"node": "d",
"type": "cell-start"}
,
{
"node": "d",
"type": "field-start",
"subtype": "sv"}
,
{
"node": "l",
"frag": "maš",
"id": "P333173.l0db95",
"ref": "P333173.6.1",
"inst": "%sux:maš=",
"f": {"lang": "sux",
"form": "maš"}
}
,
{
"node": "d",
"type": "field-end",
"subtype": "sv"}
,
{
"node": "d",
"type": "cell-end"}
,
{
"node": "d",
"type": "cell-start"}
,
{
"node": "d",
"type": "field-start",
"subtype": "pr"}
,
{
"node": "l",
"frag": "ma-aš₂",
"id": "P333173.l0db96",
"ref": "P333173.6.2",
"inst": "%sux:ma-aš₂=",
"f": {"lang": "sux",
"form": "ma-aš₂"}
}
,
{
"node": "d",
"type": "field-end",
"subtype": "pr"}
,
{
"node": "d",
"type": "cell-end"}
,
{
"node": "d",
"type": "cell-start"}
,
{
"node": "d",
"type": "field-start",
"subtype": "sg"}
,
{
"node": "l",
"frag": "MAŠ",
"id": "P333173.l0db97",
"ref": "P333173.6.3",
"inst": "%sux:MAŠ=",
"f": {"lang": "sux",
"form": "MAŠ"}
}
,
{
"node": "d",
"type": "field-end",
"subtype": "sg"}
,
{
"node": "d",
"type": "cell-end"}
,
{
"node": "d",
"type": "line-start",
"ref": "P333173.7",
"n": "6",
"label": "i 6"}
,
{
"node": "d",
"type": "cell-start"}
,
{
"node": "d",
"type": "field-start",
"subtype": "sv"}
,
{
"node": "l",
"frag": "ba₇",
"id": "P333173.l0db98",
"ref": "P333173.7.1",
"inst": "%sux:ba₇=",
"f": {"lang": "sux",
"form": "ba₇"}
}
,
{
"node": "d",
"type": "field-end",
"subtype": "sv"}
,
{
"node": "d",
"type": "cell-end"}
,
{
"node": "d",
"type": "cell-start"}
,
{
"node": "d",
"type": "field-start",
"subtype": "pr"}
,
{
"node": "l",
"frag": "ba",
"id": "P333173.l0db99",
"ref": "P333173.7.2",
"inst": "%sux:ba=",
"f": {"lang": "sux",
"form": "ba"}
}
,
{
"node": "d",
"type": "field-end",
"subtype": "pr"}
,
{
"node": "d",
"type": "cell-end"}
,
{
"node": "d",
"type": "cell-start"}
,
{
"node": "d",
"type": "field-start",
"subtype": "sg"}
,
{
"node": "l",
"frag": "MAŠ",
"id": "P333173.l0db9a",
"ref": "P333173.7.3",
"inst": "%sux:MAŠ=",
"f": {"lang": "sux",
"form": "MAŠ"}
}
,
{
"node": "d",
"type": "field-end",
"subtype": "sg"}
,
{
"node": "d",
"type": "cell-end"}
,
{
"node": "d",
"type": "line-start",
"ref": "P333173.8",
"n": "7",
"label": "i 7"}
,
{
"node": "d",
"type": "cell-start"}
,
{
"node": "d",
"type": "field-start",
"subtype": "sv"}
,
{
"node": "l",
"frag": "ŋidri",
"id": "P333173.l0db9b",
"ref": "P333173.8.1",
"inst": "%sux:ŋidri=",
"f": {"lang": "sux",
"form": "ŋidri"}
}
,
{
"node": "d",
"type": "field-end",
"subtype": "sv"}
,
{
"node": "d",
"type": "cell-end"}
,
{
"node": "d",
"type": "cell-start"}
,
{
"node": "d",
"type": "field-start",
"subtype": "pr"}
,
{
"node": "l",
"frag": "ŋeš-tu-ru",
"id": "P333173.l0db9c",
"ref": "P333173.8.2",
"inst": "%sux:ŋeš-tu-ru=",
"f": {"lang": "sux",
"form": "ŋeš-tu-ru"}
}
,
{
"node": "d",
"type": "field-end",
"subtype": "pr"}
,
{
"node": "d",
"type": "cell-end"}
,
{
"node": "d",
"type": "cell-start"}
,
{
"node": "d",
"type": "field-start",
"subtype": "sg"}
,
{
"node": "l",
"frag": "PA",
"id": "P333173.l0db9d",
"ref": "P333173.8.3",
"inst": "%sux:PA=",
"f": {"lang": "sux",
"form": "PA"}
}
,
{
"node": "d",
"type": "field-end",
"subtype": "sg"}
,
{
"node": "d",
"type": "cell-end"}
,
{
"node": "d",
"type": "line-start",
"ref": "P333173.9",
"n": "8",
"label": "i 8"}
,
{
"node": "d",
"type": "cell-start"}
,
{
"node": "d",
"type": "field-start",
"subtype": "sv"}
,
{
"node": "l",
"frag": "pa",
"id": "P333173.l0db9e",
"ref": "P333173.9.1",
"inst": "%sux:pa=",
"f": {"lang": "sux",
"form": "pa"}
}
,
{
"node": "d",
"type": "field-end",
"subtype": "sv"}
,
{
"node": "d",
"type": "cell-end"}
,
{
"node": "d",
"type": "cell-start"}
,
{
"node": "d",
"type": "field-start",
"subtype": "pr"}
,
{
"node": "l",
"frag": "pa",
"id": "P333173.l0db9f",
"ref": "P333173.9.2",
"inst": "%sux:pa=",
"f": {"lang": "sux",
"form": "pa"}
}
,
{
"node": "d",
"type": "field-end",
"subtype": "pr"}
,
{
"node": "d",
"type": "cell-end"}
,
{
"node": "d",
"type": "cell-start"}
,
{
"node": "d",
"type": "field-start",
"subtype": "sg"}
,
{
"node": "l",
"frag": "PA",
"id": "P333173.l0dba0",
"ref": "P333173.9.3",
"inst": "%sux:PA=",
"f": {"lang": "sux",
"form": "PA"}
}
,
{
"node": "d",
"type": "field-end",
"subtype": "sg"}
,
{
"node": "d",
"type": "cell-end"}
,
{
"node": "d",
"type": "line-start",
"ref": "P333173.10",
"n": "9",
"label": "i 9"}
,
{
"node": "d",
"type": "cell-start"}
,
{
"node": "d",
"type": "field-start",
"subtype": "sv"}
,
{
"node": "l",
"frag": "sag₃",
"id": "P333173.l0dba1",
"ref": "P333173.10.1",
"inst": "%sux:sag₃=",
"f": {"lang": "sux",
"form": "sag₃"}
}
,
{
"node": "d",
"type": "field-end",
"subtype": "sv"}
,
{
"node": "d",
"type": "cell-end"}
,
{
"node": "d",
"type": "cell-start"}
,
{
"node": "d",
"type": "field-start",
"subtype": "pr"}
,
{
"node": "l",
"frag": "sa-ag",
"id": "P333173.l0dba2",
"ref": "P333173.10.2",
"inst": "%sux:sa-ag=",
"f": {"lang": "sux",
"form": "sa-ag"}
}
,
{
"node": "d",
"type": "field-end",
"subtype": "pr"}
,
{
"node": "d",
"type": "cell-end"}
,
{
"node": "d",
"type": "cell-start"}
,
{
"node": "d",
"type": "field-start",
"subtype": "sg"}
,
{
"node": "l",
"frag": "PA",
"id": "P333173.l0dba3",
"ref": "P333173.10.3",
"inst": "%sux:PA=",
"f": {"lang": "sux",
"form": "PA"}
}
,
{
"node": "d",
"type": "field-end",
"subtype": "sg"}
,
{
"node": "d",
"type": "cell-end"}
,
{
"node": "d",
"type": "line-start",
"ref": "P333173.11",
"n": "10",
"label": "i 10"}
,
{
"node": "d",
"type": "cell-start"}
,
{
"node": "d",
"type": "field-start",
"subtype": "sv"}
,
{
"node": "l",
"frag": "lug₂",
"id": "P333173.l0dba4",
"ref": "P333173.11.1",
"inst": "%sux:lug₂=",
"f": {"lang": "sux",
"form": "lug₂"}
}
,
{
"node": "d",
"type": "field-end",
"subtype": "sv"}
,
{
"node": "d",
"type": "cell-end"}
,
{
"node": "d",
"type": "cell-start"}
,
{
"node": "d",
"type": "field-start",
"subtype": "pr"}
,
{
"node": "l",
"frag": "lu",
"id": "P333173.l0dba5",
"ref": "P333173.11.2",
"inst": "%sux:lu=",
"f": {"lang": "sux",
"form": "lu"}
}
,
{
"node": "d",
"type": "field-end",
"subtype": "pr"}
,
{
"node": "d",
"type": "cell-end"}
,
{
"node": "d",
"type": "cell-start"}
,
{
"node": "d",
"type": "field-start",
"subtype": "sg"}
,
{
"node": "l",
"frag": "PA",
"id": "P333173.l0dba6",
"ref": "P333173.11.3",
"inst": "%sux:PA=",
"f": {"lang": "sux",
"form": "PA"}
}
,
{
"node": "d",
"type": "field-end",
"subtype": "sg"}
,
{
"node": "d",
"type": "cell-end"}
,
{
"node": "d",
"type": "line-start",
"ref": "P333173.12",
"n": "11",
"label": "i 11"}
,
{
"node": "d",
"type": "cell-start"}
,
{
"node": "d",
"type": "field-start",
"subtype": "sv"}
,
{
"node": "l",
"frag": "baneš",
"id": "P333173.l0dba7",
"ref": "P333173.12.1",
"inst": "%sux:baneš=",
"f": {"lang": "sux",
"form": "baneš"}
}
,
{
"node": "d",
"type": "field-end",
"subtype": "sv"}
,
{
"node": "d",
"type": "cell-end"}
,
{
"node": "d",
"type": "cell-start"}
,
{
"node": "d",
"type": "field-start",
"subtype": "pr"}
,
{
"node": "l",
"frag": "ba-an-eš",
"id": "P333173.l0dba8",
"ref": "P333173.12.2",
"inst": "%sux:ba-an-eš=",
"f": {"lang": "sux",
"form": "ba-an-eš"}
}
,
{
"node": "d",
"type": "field-end",
"subtype": "pr"}
,
{
"node": "d",
"type": "cell-end"}
,
{
"node": "d",
"type": "cell-start"}
,
{
"node": "d",
"type": "field-start",
"subtype": "sg"}
,
{
"node": "l",
"frag": "AŠ₂",
"id": "P333173.l0dba9",
"ref": "P333173.12.3",
"inst": "%sux:AŠ₂=",
"f": {"lang": "sux",
"form": "AŠ₂"}
}
,
{
"node": "d",
"type": "field-end",
"subtype": "sg"}
,
{
"node": "d",
"type": "cell-end"}
,
{
"node": "d",
"type": "line-start",
"ref": "P333173.13",
"n": "12",
"label": "i 12"}
,
{
"node": "d",
"type": "cell-start"}
,
{
"node": "d",
"type": "field-start",
"subtype": "sv"}
,
{
"node": "l",
"frag": "ziz₂",
"id": "P333173.l0dbaa",
"ref": "P333173.13.1",
"inst": "%sux:ziz₂=",
"f": {"lang": "sux",
"form": "ziz₂"}
}
,
{
"node": "d",
"type": "field-end",
"subtype": "sv"}
,
{
"node": "d",
"type": "cell-end"}
,
{
"node": "d",
"type": "cell-start"}
,
{
"node": "d",
"type": "field-start",
"subtype": "pr"}
,
{
"node": "l",
"frag": "zi-da",
"id": "P333173.l0dbab",
"ref": "P333173.13.2",
"inst": "%sux:zi-da=",
"f": {"lang": "sux",
"form": "zi-da"}
}
,
{
"node": "d",
"type": "field-end",
"subtype": "pr"}
,
{
"node": "d",
"type": "cell-end"}
,
{
"node": "d",
"type": "cell-start"}
,
{
"node": "d",
"type": "field-start",
"subtype": "sg"}
,
{
"node": "l",
"frag": "AŠ₂",
"id": "P333173.l0dbac",
"ref": "P333173.13.3",
"inst": "%sux:AŠ₂=",
"f": {"lang": "sux",
"form": "AŠ₂"}
}
,
{
"node": "d",
"type": "field-end",
"subtype": "sg"}
,
{
"node": "d",
"type": "cell-end"}
,
{
"node": "d",
"type": "line-start",
"ref": "P333173.14",
"n": "13",
"label": "i 13"}
,
{
"node": "d",
"type": "cell-start"}
,
{
"node": "d",
"type": "field-start",
"subtype": "sv"}
,
{
"node": "l",
"frag": "aš₂",
"id": "P333173.l0dbad",
"ref": "P333173.14.1",
"inst": "%sux:aš₂=",
"f": {"lang": "sux",
"form": "aš₂"}
}
,
{
"node": "d",
"type": "field-end",
"subtype": "sv"}
,
{
"node": "d",
"type": "cell-end"}
,
{
"node": "d",
"type": "cell-start"}
,
{
"node": "d",
"type": "field-start",
"subtype": "pr"}
,
{
"node": "l",
"frag": "a-aš₂",
"id": "P333173.l0dbae",
"ref": "P333173.14.2",
"inst": "%sux:a-aš₂=",
"f": {"lang": "sux",
"form": "a-aš₂"}
}
,
{
"node": "d",
"type": "field-end",
"subtype": "pr"}
,
{
"node": "d",
"type": "cell-end"}
,
{
"node": "d",
"type": "cell-start"}
,
{
"node": "d",
"type": "field-start",
"subtype": "sg"}
,
{
"node": "l",
"frag": "AŠ₂",
"id": "P333173.l0dbaf",
"ref": "P333173.14.3",
"inst": "%sux:AŠ₂=",
"f": {"lang": "sux",
"form": "AŠ₂"}
}
,
{
"node": "d",
"type": "field-end",
"subtype": "sg"}
,
{
"node": "d",
"type": "cell-end"}
,
{
"node": "d",
"type": "line-start",
"ref": "P333173.15",
"n": "14",
"label": "i 14"}
,
{
"node": "d",
"type": "cell-start"}
,
{
"node": "d",
"type": "field-start",
"subtype": "sv"}
,
{
"node": "l",
"frag": "maš",
"id": "P333173.l0dbb0",
"ref": "P333173.15.1",
"inst": "%sux:maš=",
"f": {"lang": "sux",
"form": "maš"}
}
,
{
"node": "d",
"type": "field-end",
"subtype": "sv"}
,
{
"node": "d",
"type": "cell-end"}
,
{
"node": "d",
"type": "cell-start"}
,
{
"node": "d",
"type": "field-start",
"subtype": "pr"}
,
{
"node": "d",
"type": "field-end",
"subtype": "pr"}
,
{
"node": "d",
"type": "cell-end"}
,
{
"node": "d",
"type": "cell-start"}
,
{
"node": "d",
"type": "field-start",
"subtype": "sg"}
,
{
"node": "l",
"frag": "MAŠ",
"id": "P333173.l0dbb1",
"ref": "P333173.15.2",
"inst": "%sux:MAŠ=",
"f": {"lang": "sux",
"form": "MAŠ"}
}
,
{
"node": "d",
"type": "field-end",
"subtype": "sg"}
,
{
"node": "d",
"type": "cell-end"}
,
{
"node": "d",
"type": "line-start",
"ref": "P333173.16",
"n": "15",
"label": "i 15"}
,
{
"node": "d",
"type": "cell-start"}
,
{
"node": "d",
"type": "field-start",
"subtype": "sv"}
,
{
"node": "l",
"frag": "šu₂",
"id": "P333173.l0dbb2",
"ref": "P333173.16.1",
"inst": "%sux:šu₂=",
"f": {"lang": "sux",
"form": "šu₂"}
}
,
{
"node": "d",
"type": "field-end",
"subtype": "sv"}
,
{
"node": "d",
"type": "cell-end"}
,
{
"node": "d",
"type": "cell-start"}
,
{
"node": "d",
"type": "field-start",
"subtype": "pr"}
,
{
"node": "l",
"frag": "⸢šu⸣-šu",
"id": "P333173.l0dbb3",
"ref": "P333173.16.2",
"inst": "%sux:šu-šu=",
"f": {"lang": "sux",
"form": "šu-šu"}
}
,
{
"node": "d",
"type": "field-end",
"subtype": "pr"}
,
{
"node": "d",
"type": "cell-end"}
,
{
"node": "d",
"type": "cell-start"}
,
{
"node": "d",
"type": "field-start",
"subtype": "sg"}
,
{
"node": "l",
"frag": "ŠU₂",
"id": "P333173.l0dbb4",
"ref": "P333173.16.3",
"inst": "%sux:ŠU₂=",
"f": {"lang": "sux",
"form": "ŠU₂"}
}
,
{
"node": "d",
"type": "field-end",
"subtype": "sg"}
,
{
"node": "d",
"type": "cell-end"}
,
{
"node": "d",
"type": "line-start",
"ref": "P333173.17",
"n": "16",
"label": "i 16"}
,
{
"node": "d",
"type": "cell-start"}
,
{
"node": "d",
"type": "field-start",
"subtype": "sv"}
,
{
"node": "l",
"frag": "LIŠ",
"id": "P333173.l0dbb5",
"ref": "P333173.17.1",
"inst": "%sux:LIŠ=",
"f": {"lang": "sux",
"form": "LIŠ"}
}
,
{
"node": "d",
"type": "field-end",
"subtype": "sv"}
,
{
"node": "d",
"type": "cell-end"}
,
{
"node": "d",
"type": "cell-start"}
,
{
"node": "d",
"type": "field-start",
"subtype": "pr"}
,
{
"node": "l",
"frag": "[...]",
"id": "P333173.l0dbb6",
"ref": "P333173.17.2",
"inst": "%sux:x=",
"f": {"lang": "sux",
"form": "x"}
}
,
{
"node": "d",
"type": "field-end",
"subtype": "pr"}
,
{
"node": "d",
"type": "cell-end"}
,
{
"node": "d",
"type": "cell-start"}
,
{
"node": "d",
"type": "field-start",
"subtype": "sg"}
,
{
"node": "l",
"frag": "LIŠ",
"id": "P333173.l0dbb7",
"ref": "P333173.17.3",
"inst": "%sux:LIŠ=",
"f": {"lang": "sux",
"form": "LIŠ"}
}
,
{
"node": "d",
"type": "field-end",
"subtype": "sg"}
,
{
"node": "d",
"type": "cell-end"}
,
{
"node": "d",
"type": "nonx",
"ref": "P333173.18",
"strict": "1",
"extent": "n",
"scope": "line",
"state": "missing"}
,
{
"node": "d",
"subtype": "column 2",
"type": "column",
"ref": "P333173.ii.19",
"n": "2",
"label": "ii"}
,
{
"node": "d",
"type": "line-start",
"ref": "P333173.20",
"n": "1",
"label": "ii 1"}
,
{
"node": "d",
"type": "cell-start"}
,
{
"node": "d",
"type": "field-start",
"subtype": "sv"}
,
{
"node": "l",
"frag": "engur",
"id": "P333173.l0dbb8",
"ref": "P333173.20.1",
"inst": "%sux:engur=",
"f": {"lang": "sux",
"form": "engur"}
}
,
{
"node": "d",
"type": "field-end",
"subtype": "sv"}
,
{
"node": "d",
"type": "cell-end"}
,
{
"node": "d",
"type": "cell-start"}
,
{
"node": "d",
"type": "field-start",
"subtype": "pr"}
,
{
"node": "l",
"frag": "en-gu-ur",
"id": "P333173.l0dbb9",
"ref": "P333173.20.2",
"inst": "%sux:en-gu-ur=",
"f": {"lang": "sux",
"form": "en-gu-ur"}
}
,
{
"node": "d",
"type": "field-end",
"subtype": "pr"}
,
{
"node": "d",
"type": "cell-end"}
,
{
"node": "d",
"type": "cell-start"}
,
{
"node": "d",
"type": "field-start",
"subtype": "sg"}
,
{
"node": "l",
"frag": "|LAGAB×A|",
"id": "P333173.l0dbba",
"ref": "P333173.20.3",
"inst": "%sux:|LAGAB×A|=",
"f": {"lang": "sux",
"form": "|LAGAB×A|"}
}
,
{
"node": "d",
"type": "field-end",
"subtype": "sg"}
,
{
"node": "d",
"type": "cell-end"}
,
{
"node": "d",
"type": "line-start",
"ref": "P333173.21",
"n": "2",
"label": "ii 2"}
,
{
"node": "d",
"type": "cell-start"}
,
{
"node": "d",
"type": "field-start",
"subtype": "sv"}
,
{
"node": "l",
"frag": "zar",
"id": "P333173.l0dbbb",
"ref": "P333173.21.1",
"inst": "%sux:zar=",
"f": {"lang": "sux",
"form": "zar"}
}
,
{
"node": "d",
"type": "field-end",
"subtype": "sv"}
,
{
"node": "d",
"type": "cell-end"}
,
{
"node": "d",
"type": "cell-start"}
,
{
"node": "d",
"type": "field-start",
"subtype": "pr"}
,
{
"node": "l",
"frag": "za-ar",
"id": "P333173.l0dbbc",
"ref": "P333173.21.2",
"inst": "%sux:za-ar=",
"f": {"lang": "sux",
"form": "za-ar"}
}
,
{
"node": "d",
"type": "field-end",
"subtype": "pr"}
,
{
"node": "d",
"type": "cell-end"}
,
{
"node": "d",
"type": "cell-start"}
,
{
"node": "d",
"type": "field-start",
"subtype": "sg"}
,
{
"node": "l",
"frag": "|LAGAB×SUM|",
"id": "P333173.l0dbbd",
"ref": "P333173.21.3",
"inst": "%sux:|LAGAB×SUM|=",
"f": {"lang": "sux",
"form": "|LAGAB×SUM|"}
}
,
{
"node": "d",
"type": "field-end",
"subtype": "sg"}
,
{
"node": "d",
"type": "cell-end"}
,
{
"node": "d",
"type": "line-start",
"ref": "P333173.22",
"n": "3",
"label": "ii 3"}
,
{
"node": "d",
"type": "cell-start"}
,
{
"node": "d",
"type": "field-start",
"subtype": "sv"}
,
{
"node": "l",
"frag": "bun",
"id": "P333173.l0dbbe",
"ref": "P333173.22.1",
"inst": "%sux:bun=",
"f": {"lang": "sux",
"form": "bun"}
}
,
{
"node": "d",
"type": "field-end",
"subtype": "sv"}
,
{
"node": "d",
"type": "cell-end"}
,
{
"node": "d",
"type": "cell-start"}
,
{
"node": "d",
"type": "field-start",
"subtype": "pr"}
,
{
"node": "l",
"frag": "bu-mi",
"id": "P333173.l0dbbf",
"ref": "P333173.22.2",
"inst": "%sux:bu-mi=",
"f": {"lang": "sux",
"form": "bu-mi"}
}
,
{
"node": "d",
"type": "field-end",
"subtype": "pr"}
,
{
"node": "d",
"type": "cell-end"}
,
{
"node": "d",
"type": "cell-start"}
,
{
"node": "d",
"type": "field-start",
"subtype": "sg"}
,
{
"node": "l",
"frag": "|LAGAB×IM|",
"id": "P333173.l0dbc0",
"ref": "P333173.22.3",
"inst": "%sux:|LAGAB×IM|=",
"f": {"lang": "sux",
"form": "|LAGAB×IM|"}
}
,
{
"node": "d",
"type": "field-end",
"subtype": "sg"}
,
{
"node": "d",
"type": "cell-end"}
,
{
"node": "d",
"type": "line-start",
"ref": "P333173.23",
"n": "4",
"label": "ii 4"}
,
{
"node": "d",
"type": "cell-start"}
,
{
"node": "d",
"type": "field-start",
"subtype": "sv"}
,
{
"node": "l",
"frag": "šukumₓ(|LAGAB×KUL|)",
"id": "P333173.l0dbc1",
"ref": "P333173.23.1",
"inst": "%sux:šukumₓ(|LAGAB×KUL|)=",
"f": {"lang": "sux",
"form": "šukumₓ(|LAGAB×KUL|)"}
}
,
{
"node": "d",
"type": "field-end",
"subtype": "sv"}
,
{
"node": "d",
"type": "cell-end"}
,
{
"node": "d",
"type": "cell-start"}
,
{
"node": "d",
"type": "field-start",
"subtype": "pr"}
,
{
"node": "l",
"frag": "šu-ku-um",
"id": "P333173.l0dbc2",
"ref": "P333173.23.2",
"inst": "%sux:šu-ku-um=",
"f": {"lang": "sux",
"form": "šu-ku-um"}
}
,
{
"node": "d",
"type": "field-end",
"subtype": "pr"}
,
{
"node": "d",
"type": "cell-end"}
,
{
"node": "d",
"type": "cell-start"}
,
{
"node": "d",
"type": "field-start",
"subtype": "sg"}
,
{
"node": "l",
"frag": "|LAGAB×KUL|",
"id": "P333173.l0dbc3",
"ref": "P333173.23.3",
"inst": "%sux:|LAGAB×KUL|=",
"f": {"lang": "sux",
"form": "|LAGAB×KUL|"}
}
,
{
"node": "d",
"type": "field-end",
"subtype": "sg"}
,
{
"node": "d",
"type": "cell-end"}
,
{
"node": "d",
"type": "line-start",
"ref": "P333173.24",
"n": "5",
"label": "ii 5"}
,
{
"node": "d",
"type": "cell-start"}
,
{
"node": "d",
"type": "field-start",
"subtype": "sv"}
,
{
"node": "l",
"frag": "id₃",
"id": "P333173.l0dbc4",
"ref": "P333173.24.1",
"inst": "%sux:id₃=",
"f": {"lang": "sux",
"form": "id₃"}
}
,
{
"node": "d",
"type": "field-end",
"subtype": "sv"}
,
{
"node": "d",
"type": "cell-end"}
,
{
"node": "d",
"type": "cell-start"}
,
{
"node": "d",
"type": "field-start",
"subtype": "pr"}
,
{
"node": "l",
"frag": "i-da-a",
"id": "P333173.l0dbc5",
"ref": "P333173.24.2",
"inst": "%sux:i-da-a=",
"f": {"lang": "sux",
"form": "i-da-a"}
}
,
{
"node": "d",
"type": "field-end",
"subtype": "pr"}
,
{
"node": "d",
"type": "cell-end"}
,
{
"node": "d",
"type": "cell-start"}
,
{
"node": "d",
"type": "field-start",
"subtype": "sg"}
,
{
"node": "l",
"frag": "|LAGAB×A|",
"id": "P333173.l0dbc6",
"ref": "P333173.24.3",
"inst": "%sux:|LAGAB×A|=",
"f": {"lang": "sux",
"form": "|LAGAB×A|"}
}
,
{
"node": "d",
"type": "field-end",
"subtype": "sg"}
,
{
"node": "d",
"type": "cell-end"}
,
{
"node": "d",
"type": "line-start",
"ref": "P333173.25",
"n": "6",
"label": "ii 6"}
,
{
"node": "d",
"type": "cell-start"}
,
{
"node": "d",
"type": "field-start",
"subtype": "sv"}
,
{
"node": "l",
"frag": "esir",
"id": "P333173.l0dbc7",
"ref": "P333173.25.1",
"inst": "%sux:esir=",
"f": {"lang": "sux",
"form": "esir"}
}
,
{
"node": "d",
"type": "field-end",
"subtype": "sv"}
,
{
"node": "d",
"type": "cell-end"}
,
{
"node": "d",
"type": "cell-start"}
,
{
"node": "d",
"type": "field-start",
"subtype": "pr"}
,
{
"node": "l",
"frag": "e-še-er-a",
"id": "P333173.l0dbc8",
"ref": "P333173.25.2",
"inst": "%sux:e-še-er-a=",
"f": {"lang": "sux",
"form": "e-še-er-a"}
}
,
{
"node": "d",
"type": "field-end",
"subtype": "pr"}
,
{
"node": "d",
"type": "cell-end"}
,
{
"node": "d",
"type": "cell-start"}
,
{
"node": "d",
"type": "field-start",
"subtype": "sg"}
,
{
"node": "l",
"frag": "|LAGAB×KUL|",
"id": "P333173.l0dbc9",
"ref": "P333173.25.3",
"inst": "%sux:|LAGAB×KUL|=",
"f": {"lang": "sux",
"form": "|LAGAB×KUL|"}
}
,
{
"node": "d",
"type": "field-end",
"subtype": "sg"}
,
{
"node": "d",
"type": "cell-end"}
,
{
"node": "d",
"type": "line-start",
"ref": "P333173.26",
"n": "7",
"label": "ii 7"}
,
{
"node": "d",
"type": "cell-start"}
,
{
"node": "d",
"type": "field-start",
"subtype": "sv"}
,
{
"node": "l",
"frag": "gug₂",
"id": "P333173.l0dbca",
"ref": "P333173.26.1",
"inst": "%sux:gug₂=",
"f": {"lang": "sux",
"form": "gug₂"}
}
,
{
"node": "d",
"type": "field-end",
"subtype": "sv"}
,
{
"node": "d",
"type": "cell-end"}
,
{
"node": "d",
"type": "cell-start"}
,
{
"node": "d",
"type": "field-start",
"subtype": "pr"}
,
{
"node": "l",
"frag": "gu-ug",
"id": "P333173.l0dbcb",
"ref": "P333173.26.2",
"inst": "%sux:gu-ug=",
"f": {"lang": "sux",
"form": "gu-ug"}
}
,
{
"node": "d",
"type": "field-end",
"subtype": "pr"}
,
{
"node": "d",
"type": "cell-end"}
,
{
"node": "d",
"type": "cell-start"}
,
{
"node": "d",
"type": "field-start",
"subtype": "sg"}
,
{
"node": "l",
"frag": "[LU₃]",
"id": "P333173.l0dbcc",
"ref": "P333173.26.3",
"inst": "%sux:LU₃=",
"f": {"lang": "sux",
"form": "LU₃"}
}
,
{
"node": "d",
"type": "field-end",
"subtype": "sg"}
,
{
"node": "d",
"type": "cell-end"}
,
{
"node": "d",
"type": "line-start",
"ref": "P333173.27",
"n": "8",
"label": "ii 8"}
,
{
"node": "d",
"type": "cell-start"}
,
{
"node": "d",
"type": "field-start",
"subtype": "sv"}
,
{
"node": "l",
"frag": "šu-niŋin₂",
"id": "P333173.l0dbcd",
"ref": "P333173.27.1",
"inst": "%sux:šu-niŋin₂=",
"f": {"lang": "sux",
"form": "šu-niŋin₂"}
}
,
{
"node": "d",
"type": "field-end",
"subtype": "sv"}
,
{
"node": "d",
"type": "cell-end"}
,
{
"node": "d",
"type": "cell-start"}
,
{
"node": "d",
"type": "field-start",
"subtype": "pr"}
,
{
"node": "l",
"frag": "šu-ni-šu-en",
"id": "P333173.l0dbce",
"ref": "P333173.27.2",
"inst": "%sux:šu-ni-šu-en=",
"f": {"lang": "sux",
"form": "šu-ni-šu-en"}
}
,
{
"node": "d",
"type": "field-end",
"subtype": "pr"}
,
{
"node": "d",
"type": "cell-end"}
,
{
"node": "d",
"type": "cell-start"}
,
{
"node": "d",
"type": "field-start",
"subtype": "sg"}
,
{
"node": "l",
"frag": "|ŠU.LAGAB|",
"id": "P333173.l0dbcf",
"ref": "P333173.27.3",
"inst": "%sux:|ŠU.LAGAB|=",
"f": {"lang": "sux",
"form": "|ŠU.LAGAB|"}
}
,
{
"node": "d",
"type": "field-end",
"subtype": "sg"}
,
{
"node": "d",
"type": "cell-end"}
,
{
"node": "d",
"type": "line-start",
"ref": "P333173.28",
"n": "9",
"label": "ii 9"}
,
{
"node": "d",
"type": "cell-start"}
,
{
"node": "d",
"type": "field-start",
"subtype": "sv"}
,
{
"node": "l",
"frag": "bara₂",
"id": "P333173.l0dbd0",
"ref": "P333173.28.1",
"inst": "%sux:bara₂=",
"f": {"lang": "sux",
"form": "bara₂"}
}
,
{
"node": "d",
"type": "field-end",
"subtype": "sv"}
,
{
"node": "d",
"type": "cell-end"}
,
{
"node": "d",
"type": "cell-start"}
,
{
"node": "d",
"type": "field-start",
"subtype": "pr"}
,
{
"node": "l",
"frag": "pa-ra",
"id": "P333173.l0dbd1",
"ref": "P333173.28.2",
"inst": "%sux:pa-ra=",
"f": {"lang": "sux",
"form": "pa-ra"}
}
,
{
"node": "d",
"type": "field-end",
"subtype": "pr"}
,
{
"node": "d",
"type": "cell-end"}
,
{
"node": "d",
"type": "cell-start"}
,
{
"node": "d",
"type": "field-start",
"subtype": "sg"}
,
{
"node": "l",
"frag": "[BARA₂]",
"id": "P333173.l0dbd2",
"ref": "P333173.28.3",
"inst": "%sux:BARA₂=",
"f": {"lang": "sux",
"form": "BARA₂"}
}
,
{
"node": "d",
"type": "field-end",
"subtype": "sg"}
,
{
"node": "d",
"type": "cell-end"}
,
{
"node": "d",
"type": "line-start",
"ref": "P333173.29",
"n": "10",
"label": "ii 10"}
,
{
"node": "d",
"type": "cell-start"}
,
{
"node": "d",
"type": "field-start",
"subtype": "sv"}
,
{
"node": "l",
"frag": "[...]",
"id": "P333173.l0dbd3",
"ref": "P333173.29.1",
"inst": "%sux:x=",
"f": {"lang": "sux",
"form": "x"}
}
,
{
"node": "d",
"type": "field-end",
"subtype": "sv"}
,
{
"node": "d",
"type": "cell-end"}
,
{
"node": "d",
"type": "cell-start"}
,
{
"node": "d",
"type": "field-start",
"subtype": "pr"}
,
{
"node": "l",
"frag": "du",
"id": "P333173.l0dbd4",
"ref": "P333173.29.2",
"inst": "%sux:du=",
"f": {"lang": "sux",
"form": "du"}
}
,
{
"node": "d",
"type": "field-end",
"subtype": "pr"}
,
{
"node": "d",
"type": "cell-end"}
,
{
"node": "d",
"type": "cell-start"}
,
{
"node": "d",
"type": "field-start",
"subtype": "sg"}
,
{
"node": "l",
"frag": "[...]",
"id": "P333173.l0dbd5",
"ref": "P333173.29.3",
"inst": "%sux:x=",
"f": {"lang": "sux",
"form": "x"}
}
,
{
"node": "d",
"type": "field-end",
"subtype": "sg"}
,
{
"node": "d",
"type": "cell-end"}
,
{
"node": "d",
"type": "line-start",
"ref": "P333173.30",
"n": "11",
"label": "ii 11"}
,
{
"node": "d",
"type": "cell-start"}
,
{
"node": "d",
"type": "field-start",
"subtype": "sv"}
,
{
"node": "l",
"frag": "[...]",
"id": "P333173.l0dbd6",
"ref": "P333173.30.1",
"inst": "%sux:x=",
"f": {"lang": "sux",
"form": "x"}
}
,
{
"node": "d",
"type": "field-end",
"subtype": "sv"}
,
{
"node": "d",
"type": "cell-end"}
,
{
"node": "d",
"type": "cell-start"}
,
{
"node": "d",
"type": "field-start",
"subtype": "pr"}
,
{
"node": "l",
"frag": "ku-[x]",
"id": "P333173.l0dbd7",
"ref": "P333173.30.2",
"inst": "%sux:ku-x=",
"f": {"lang": "sux",
"form": "ku-x"}
}
,
{
"node": "d",
"type": "field-end",
"subtype": "pr"}
,
{
"node": "d",
"type": "cell-end"}
,
{
"node": "d",
"type": "cell-start"}
,
{
"node": "d",
"type": "field-start",
"subtype": "sg"}
,
{
"node": "l",
"frag": "[...]",
"id": "P333173.l0dbd8",
"ref": "P333173.30.3",
"inst": "%sux:x=",
"f": {"lang": "sux",
"form": "x"}
}
,
{
"node": "d",
"type": "field-end",
"subtype": "sg"}
,
{
"node": "d",
"type": "cell-end"}
,
{
"node": "d",
"type": "nonx",
"ref": "P333173.31",
"strict": "1",
"extent": "n",
"scope": "line",
"state": "missing"}
]}
]}
]}
]}
