{
"type": "cdl",
  "source": "http://oracc.org/dcclt",
  "license": "This data is released under the CC0 license",
  "license-url": "https://creativecommons.org/publicdomain/zero/1.0/",
  "more-info": "http://oracc.org/doc/opendata/",
  "UTC-timestamp": "2017-05-19T18:26:07",
"project": "dcclt",
"textid": "P346408",
"cdl": [
{
"node": "c",
"type": "text",
"id": "P346408.U0",
"cdl": [
{
"node": "d",
"type": "object",
"ref": ""}
,
{
"node": "d",
"type": "surface",
"ref": ""}
,
{
"node": "c",
"type": "discourse",
"subtype": "body",
"id": "P346408.U1",
"cdl": [
{
"node": "c",
"type": "sentence",
"id": "P346408.U2",
"label": "1 - 4",
"cdl": [
{
"node": "d",
"type": "line-start",
"ref": "P346408.1",
"n": "1",
"label": "1"}
,
{
"node": "l",
"frag": "ganzer₂  {{",
"id": "P346408.l145fa",
"ref": "P346408.1.1",
"inst": "ganzer[flame]N",
"sig": "@dcclt%sux:ganzer₂=ganzer[flame//flame]N'N$ganzer/ganzer₂#~",
"f": {"lang": "sux",
"form": "ganzer₂",
"cf": "ganzer",
"gw": "flame",
"sense": "flame",
"norm0": "ganzer",
"pos": "N",
"epos": "N",
"base": "ganzer₂",
"morph": "~"}
}
,
{
"node": "l",
"frag": "bu-bu-uh-tum }}",
"id": "P346408.l145fb",
"ref": "P346408.1.2",
"inst": "bubuʾtu[boil]N$bubuhtum",
"sig": "@dcclt%akk-x-oldbab:bu-bu-uh-tum=bubuʾtu[boil//boil]N'N$bubuhtum",
"f": {"lang": "akk-x-oldbab",
"form": "bu-bu-uh-tum",
"cf": "bubuʾtu",
"gw": "boil",
"sense": "boil",
"norm": "bubuhtum",
"pos": "N",
"epos": "N"}
}
,
{
"node": "d",
"type": "line-start",
"ref": "P346408.2",
"n": "2",
"label": "2"}
,
{
"node": "l",
"frag": "gig-ni  {{",
"id": "P346408.l145fc",
"ref": "P346408.2.1",
"inst": "gig[sick]V/i/gig#~;ni",
"sig": "@dcclt%sux:gig-ni=gig[sick//sick]V/i'V/i$gig;ni/gig#~;ni",
"f": {"lang": "sux",
"form": "gig-ni",
"cf": "gig",
"gw": "sick",
"sense": "sick",
"norm0": "gig;ni",
"pos": "V/i",
"epos": "V/i",
"base": "gig",
"morph": "~;ni"}
}
,
{
"node": "l",
"frag": "si₂-ik-ka-tum }}",
"id": "P346408.l145fd",
"ref": "P346408.2.2",
"inst": "sikkatu[(a serious illness)]N$sikkatum",
"sig": "@dcclt%akk-x-oldbab:si₂-ik-ka-tum=sikkatu[(a serious illness)//(a serious illness)]N'N$sikkatum",
"f": {"lang": "akk-x-oldbab",
"form": "si₂-ik-ka-tum",
"cf": "sikkatu",
"gw": "(a serious illness)",
"sense": "(a serious illness)",
"norm": "sikkatum",
"pos": "N",
"epos": "N"}
}
,
{
"node": "d",
"type": "line-start",
"ref": "P346408.3",
"n": "3",
"label": "3"}
,
{
"node": "l",
"frag": "gan  {{",
"id": "P346408.l145fe",
"ref": "P346408.3.1",
"inst": "gan[mange]",
"sig": "@dcclt%sux:gan=gan[mange//mange, scab, leprosy]N'N$gan/gan#~",
"f": {"lang": "sux",
"form": "gan",
"cf": "gan",
"gw": "mange",
"sense": "mange, scab, leprosy",
"norm0": "gan",
"pos": "N",
"epos": "N",
"base": "gan",
"morph": "~"}
}
,
{
"node": "l",
"frag": "ha-ra-su-um }}",
"id": "P346408.l145ff",
"ref": "P346408.3.2",
"inst": "harāsu[itch//itching]V'N$harāsum",
"sig": "@dcclt%akk-x-oldbab:ha-ra-su-um=harāsu[itch//itching]V'N$harāsum",
"f": {"lang": "akk-x-oldbab",
"form": "ha-ra-su-um",
"cf": "harāsu",
"gw": "itch",
"sense": "itching",
"norm": "harāsum",
"pos": "V",
"epos": "N"}
}
,
{
"node": "d",
"type": "line-start",
"ref": "P346408.4",
"n": "4",
"label": "4"}
,
{
"node": "l",
"frag": "e₃  {{",
"id": "P346408.l14600",
"ref": "P346408.4.1",
"inst": "e[leave]",
"sig": "@dcclt%sux:e₃=e[leave//leave]V/i'V/i$e/e₃#~",
"f": {"lang": "sux",
"form": "e₃",
"cf": "e",
"gw": "leave",
"sense": "leave",
"norm0": "e",
"pos": "V/i",
"epos": "V/i",
"base": "e₃",
"morph": "~"}
}
,
{
"node": "l",
"frag": "ṣe₂-nu-um }}",
"id": "P346408.l14601",
"ref": "P346408.4.2",
"inst": "ṣēnum[malevolent]AJ",
"sig": "@dcclt%akk-x-oldbab:ṣe₂-nu-um=ṣēnu[evil//malevolent]AJ'AJ$ṣēnum",
"f": {"lang": "akk-x-oldbab",
"form": "ṣe₂-nu-um",
"cf": "ṣēnu",
"gw": "evil",
"sense": "malevolent",
"norm": "ṣēnum",
"pos": "AJ",
"epos": "AJ"}
}
]}
]}
]}
]}
