{
"type": "cdl",
  "source": "http://oracc.org/dcclt",
  "license": "This data is released under the CC0 license",
  "license-url": "https://creativecommons.org/publicdomain/zero/1.0/",
  "more-info": "http://oracc.org/doc/opendata/",
  "UTC-timestamp": "2017-05-19T18:26:18",
"project": "dcclt",
"textid": "P347801",
"cdl": [
{
"node": "c",
"type": "text",
"id": "P347801.U0",
"cdl": [
{
"node": "d",
"subtype": "tablet",
"type": "object",
"ref": "P347801.x2060.1",
"type": "tablet",
"label": "x2060"}
,
{
"node": "d",
"subtype": "obverse",
"type": "surface",
"ref": "P347801.o.2",
"type": "obverse",
"label": "o"}
,
{
"node": "d",
"type": "nonx",
"ref": "P347801.3",
"strict": "1",
"extent": "beginning",
"scope": "line",
"state": "missing"}
,
{
"node": "c",
"type": "discourse",
"subtype": "body",
"id": "P347801.U1",
"cdl": [
{
"node": "c",
"type": "sentence",
"id": "P347801.U2",
"label": "o 1' - r 5'",
"cdl": [
{
"node": "d",
"type": "line-start",
"ref": "P347801.4",
"n": "1'",
"label": "o 1'"}
,
{
"node": "d",
"type": "cell-start"}
,
{
"node": "d",
"type": "field-start",
"subtype": "wp"}
,
{
"node": "l",
"frag": "[...]",
"id": "P347801.l4f587",
"ref": "P347801.4.1",
"inst": "u",
"f": {"lang": "sux",
"form": "x",
"pos": "u"}
}
,
{
"node": "d",
"type": "field-end",
"subtype": "wp"}
,
{
"node": "d",
"type": "cell-end"}
,
{
"node": "d",
"type": "cell-start"}
,
{
"node": "d",
"type": "field-start",
"subtype": "eq"}
,
{
"node": "l",
"frag": "[me]-⸢luh-hu⸣-[u₂]",
"id": "P347801.l4f588",
"ref": "P347801.4.2",
"inst": "meluhhû[of Meluhha]EN",
"sig": "@dcclt%akk:me-luh-hu-u₂=meluhhu[of Meluhha//of Meluhha]EN'EN$meluhhû",
"f": {"lang": "akk",
"form": "me-luh-hu-u₂",
"cf": "meluhhu",
"gw": "of Meluhha",
"sense": "of Meluhha",
"norm": "meluhhû",
"pos": "EN",
"epos": "EN"}
}
,
{
"node": "d",
"type": "field-end",
"subtype": "eq"}
,
{
"node": "d",
"type": "cell-end"}
,
{
"node": "d",
"type": "line-start",
"ref": "P347801.5",
"n": "2'",
"label": "o 2'"}
,
{
"node": "d",
"type": "cell-start"}
,
{
"node": "d",
"type": "field-start",
"subtype": "wp"}
,
{
"node": "l",
"frag": "[...]",
"id": "P347801.l4f589",
"ref": "P347801.5.1",
"inst": "u",
"f": {"lang": "sux",
"form": "x",
"pos": "u"}
}
,
{
"node": "d",
"type": "field-end",
"subtype": "wp"}
,
{
"node": "d",
"type": "cell-end"}
,
{
"node": "d",
"type": "cell-start"}
,
{
"node": "d",
"type": "field-start",
"subtype": "eq"}
,
{
"node": "l",
"frag": "⸢su⸣-huš-⸢šu₂⸣",
"id": "P347801.l4f58a",
"ref": "P347801.5.2",
"inst": "+suhuššu[young date palm]N$",
"sig": "@dcclt%akk:su-huš-šu₂=suhuššu[young date palm//young date palm]N'N$suhuššu",
"f": {"lang": "akk",
"form": "su-huš-šu₂",
"cf": "suhuššu",
"gw": "young date palm",
"sense": "young date palm",
"norm": "suhuššu",
"pos": "N",
"epos": "N"}
}
,
{
"node": "d",
"type": "field-end",
"subtype": "eq"}
,
{
"node": "d",
"type": "cell-end"}
,
{
"node": "d",
"type": "line-start",
"ref": "P347801.6",
"n": "3'",
"label": "o 3'"}
,
{
"node": "d",
"type": "cell-start"}
,
{
"node": "d",
"type": "field-start",
"subtype": "wp"}
,
{
"node": "l",
"frag": "[...]",
"id": "P347801.l4f58b",
"ref": "P347801.6.1",
"inst": "u",
"f": {"lang": "sux",
"form": "x",
"pos": "u"}
}
,
{
"node": "d",
"type": "field-end",
"subtype": "wp"}
,
{
"node": "d",
"type": "cell-end"}
,
{
"node": "d",
"type": "cell-start"}
,
{
"node": "d",
"type": "field-start",
"subtype": "eq"}
,
{
"node": "d",
"type": "nonw",
"ref": "P347801.6.2",
"lang": "akk",
"type": "surro"}
,
{
"node": "l",
"id": "P347801.l4f58c",
"ref": "P347801.6.3",
"inst": "suhuššu[young date palm]N",
"sig": "@dcclt%akk:su-huš-šu₂=suhuššu[young date palm//young date palm]N'N$suhuššu",
"f": {"lang": "akk",
"form": "su-huš-šu₂",
"cf": "suhuššu",
"gw": "young date palm",
"sense": "young date palm",
"norm": "suhuššu",
"pos": "N",
"epos": "N"}
}
,
{
"node": "d",
"type": "field-end",
"subtype": "eq"}
,
{
"node": "d",
"type": "cell-end"}
,
{
"node": "d",
"type": "line-start",
"ref": "P347801.7",
"n": "4'",
"label": "o 4'"}
,
{
"node": "d",
"type": "cell-start"}
,
{
"node": "d",
"type": "field-start",
"subtype": "wp"}
,
{
"node": "l",
"frag": "[...]",
"id": "P347801.l4f58d",
"ref": "P347801.7.1",
"inst": "u",
"f": {"lang": "sux",
"form": "x",
"pos": "u"}
}
,
{
"node": "d",
"type": "field-end",
"subtype": "wp"}
,
{
"node": "d",
"type": "cell-end"}
,
{
"node": "d",
"type": "cell-start"}
,
{
"node": "d",
"type": "field-start",
"subtype": "eq"}
,
{
"node": "d",
"type": "nonw",
"ref": "P347801.7.2",
"lang": "akk",
"type": "surro"}
,
{
"node": "l",
"id": "P347801.l4f58e",
"ref": "P347801.7.3",
"inst": "suhuššu[young date palm]N",
"sig": "@dcclt%akk:su-huš-šu₂=suhuššu[young date palm//young date palm]N'N$suhuššu",
"f": {"lang": "akk",
"form": "su-huš-šu₂",
"cf": "suhuššu",
"gw": "young date palm",
"sense": "young date palm",
"norm": "suhuššu",
"pos": "N",
"epos": "N"}
}
,
{
"node": "d",
"type": "field-end",
"subtype": "eq"}
,
{
"node": "d",
"type": "cell-end"}
,
{
"node": "d",
"type": "line-start",
"ref": "P347801.8",
"n": "5'",
"label": "o 5'"}
,
{
"node": "d",
"type": "cell-start"}
,
{
"node": "d",
"type": "field-start",
"subtype": "wp"}
,
{
"node": "l",
"frag": "[...]",
"id": "P347801.l4f58f",
"ref": "P347801.8.1",
"inst": "u",
"f": {"lang": "sux",
"form": "x",
"pos": "u"}
}
,
{
"node": "d",
"type": "field-end",
"subtype": "wp"}
,
{
"node": "d",
"type": "cell-end"}
,
{
"node": "d",
"type": "cell-start"}
,
{
"node": "d",
"type": "field-start",
"subtype": "eq"}
,
{
"node": "l",
"frag": "⸢ta⸣-a-lu",
"id": "P347801.l4f590",
"ref": "P347801.8.2",
"inst": "tālu[young date palm]N",
"sig": "@dcclt%akk:ta-a-lu=tālu[young date palm//young date palm]N'N$tālu",
"f": {"lang": "akk",
"form": "ta-a-lu",
"cf": "tālu",
"gw": "young date palm",
"sense": "young date palm",
"norm": "tālu",
"pos": "N",
"epos": "N"}
}
,
{
"node": "d",
"type": "field-end",
"subtype": "eq"}
,
{
"node": "d",
"type": "cell-end"}
,
{
"node": "d",
"type": "line-start",
"ref": "P347801.9",
"n": "6'",
"label": "o 6'"}
,
{
"node": "d",
"type": "cell-start"}
,
{
"node": "d",
"type": "field-start",
"subtype": "wp"}
,
{
"node": "l",
"frag": "[...]",
"id": "P347801.l4f591",
"ref": "P347801.9.1",
"inst": "u",
"f": {"lang": "sux",
"form": "x",
"pos": "u"}
}
,
{
"node": "d",
"type": "field-end",
"subtype": "wp"}
,
{
"node": "d",
"type": "cell-end"}
,
{
"node": "d",
"type": "cell-start"}
,
{
"node": "d",
"type": "field-start",
"subtype": "eq"}
,
{
"node": "l",
"frag": "⸢qin⸣-nu",
"id": "P347801.l4f592",
"ref": "P347801.9.2",
"inst": "qinnu[nest]N",
"sig": "@dcclt%akk:qin-nu=qinnu[nest//nest]N'N$qinnu",
"f": {"lang": "akk",
"form": "qin-nu",
"cf": "qinnu",
"gw": "nest",
"sense": "nest",
"norm": "qinnu",
"pos": "N",
"epos": "N"}
}
,
{
"node": "d",
"type": "nonw",
"ref": ""}
,
{
"node": "d",
"type": "field-end",
"subtype": "eq"}
,
{
"node": "d",
"type": "cell-end"}
,
{
"node": "d",
"type": "nonx",
"ref": "P347801.10",
"strict": "1",
"extent": "rest",
"scope": "line",
"state": "missing"}
,
{
"node": "d",
"subtype": "reverse",
"type": "surface",
"ref": "P347801.r.11",
"type": "reverse",
"label": "r"}
,
{
"node": "d",
"type": "nonx",
"ref": "P347801.12",
"strict": "1",
"extent": "beginning",
"scope": "line",
"state": "missing"}
,
{
"node": "d",
"type": "nonx",
"ref": "P347801.13",
"strict": "1",
"extent": "1",
"scope": "line",
"state": "ruling"}
,
{
"node": "d",
"type": "line-start",
"ref": "P347801.14",
"n": "1'",
"label": "r 1'"}
,
{
"node": "d",
"type": "cell-start"}
,
{
"node": "d",
"type": "field-start",
"subtype": "wp"}
,
{
"node": "l",
"frag": "[...]",
"id": "P347801.l4f593",
"ref": "P347801.14.1",
"inst": "u",
"f": {"lang": "sux",
"form": "x",
"pos": "u"}
}
,
{
"node": "d",
"type": "field-end",
"subtype": "wp"}
,
{
"node": "d",
"type": "cell-end"}
,
{
"node": "d",
"type": "cell-start"}
,
{
"node": "d",
"type": "field-start",
"subtype": "eq"}
,
{
"node": "l",
"frag": "⸢U₂⸣",
"id": "P347801.l4f594",
"ref": "P347801.14.2",
"inst": "šammu[plant(s)]N",
"sig": "@dcclt%akk:U₂=šammu[plant(s)//plant(s)]N'N$šammu",
"f": {"lang": "akk",
"form": "U₂",
"cf": "šammu",
"gw": "plant(s)",
"sense": "plant(s)",
"norm": "šammu",
"pos": "N",
"epos": "N"}
}
,
{
"node": "l",
"frag": "mu-ṣi-ir",
"id": "P347801.l4f595",
"ref": "P347801.14.3",
"inst": "X",
"f": {"lang": "akk",
"form": "mu-ṣi-ir",
"pos": "X"}
}
,
{
"node": "d",
"type": "field-end",
"subtype": "eq"}
,
{
"node": "d",
"type": "cell-end"}
,
{
"node": "d",
"type": "line-start",
"ref": "P347801.15",
"n": "2'",
"label": "r 2'"}
,
{
"node": "d",
"type": "cell-start"}
,
{
"node": "d",
"type": "field-start",
"subtype": "wp"}
,
{
"node": "l",
"frag": "[...]",
"id": "P347801.l4f596",
"ref": "P347801.15.1",
"inst": "u",
"f": {"lang": "sux",
"form": "x",
"pos": "u"}
}
,
{
"node": "d",
"type": "field-end",
"subtype": "wp"}
,
{
"node": "d",
"type": "cell-end"}
,
{
"node": "d",
"type": "cell-start"}
,
{
"node": "d",
"type": "field-start",
"subtype": "eq"}
,
{
"node": "l",
"frag": "⸢U₂⸣",
"id": "P347801.l4f597",
"ref": "P347801.15.2",
"inst": "šammu[plant(s)]N",
"sig": "@dcclt%akk:U₂=šammu[plant(s)//plant(s)]N'N$šammu",
"f": {"lang": "akk",
"form": "U₂",
"cf": "šammu",
"gw": "plant(s)",
"sense": "plant(s)",
"norm": "šammu",
"pos": "N",
"epos": "N"}
}
,
{
"node": "l",
"frag": "zu-qa-qi₂-pi",
"id": "P347801.l4f598",
"ref": "P347801.15.3",
"inst": "+zuqiqīpu[scorpion]N$zuqaqīpi",
"sig": "@dcclt%akk:zu-qa-qi₂-pi=zuqiqīpu[scorpion//scorpion]N'N$zuqaqīpi",
"f": {"lang": "akk",
"form": "zu-qa-qi₂-pi",
"cf": "zuqiqīpu",
"gw": "scorpion",
"sense": "scorpion",
"norm": "zuqaqīpi",
"pos": "N",
"epos": "N"}
}
,
{
"node": "d",
"type": "field-end",
"subtype": "eq"}
,
{
"node": "d",
"type": "cell-end"}
,
{
"node": "d",
"type": "nonx",
"ref": "P347801.16",
"strict": "1",
"extent": "1",
"scope": "line",
"state": "ruling"}
,
{
"node": "d",
"type": "line-start",
"ref": "P347801.17",
"n": "3'",
"label": "r 3'"}
,
{
"node": "d",
"type": "cell-start"}
,
{
"node": "d",
"type": "field-start",
"subtype": "wp"}
,
{
"node": "l",
"frag": "[...]",
"id": "P347801.l4f599",
"ref": "P347801.17.1",
"inst": "u",
"f": {"lang": "sux",
"form": "x",
"pos": "u"}
}
,
{
"node": "d",
"type": "field-end",
"subtype": "wp"}
,
{
"node": "d",
"type": "cell-end"}
,
{
"node": "d",
"type": "cell-start"}
,
{
"node": "d",
"type": "field-start",
"subtype": "eq"}
,
{
"node": "l",
"frag": "[U₂]",
"id": "P347801.l4f59a",
"ref": "P347801.17.2",
"inst": "šammu[plant(s)]N",
"sig": "@dcclt%akk:U₂=šammu[plant(s)//plant(s)]N'N$šammu",
"f": {"lang": "akk",
"form": "U₂",
"cf": "šammu",
"gw": "plant(s)",
"sense": "plant(s)",
"norm": "šammu",
"pos": "N",
"epos": "N"}
}
,
{
"node": "l",
"frag": "⸢mu⸣-ti-ri",
"id": "P347801.l4f59b",
"ref": "P347801.17.3",
"inst": "X",
"f": {"lang": "akk",
"form": "mu-ti-ri",
"pos": "X"}
}
,
{
"node": "d",
"type": "field-end",
"subtype": "eq"}
,
{
"node": "d",
"type": "cell-end"}
,
{
"node": "d",
"type": "line-start",
"ref": "P347801.18",
"n": "4'",
"label": "r 4'"}
,
{
"node": "d",
"type": "cell-start"}
,
{
"node": "d",
"type": "field-start",
"subtype": "wp"}
,
{
"node": "l",
"frag": "[...]",
"id": "P347801.l4f59c",
"ref": "P347801.18.1",
"inst": "u",
"f": {"lang": "sux",
"form": "x",
"pos": "u"}
}
,
{
"node": "d",
"type": "field-end",
"subtype": "wp"}
,
{
"node": "d",
"type": "cell-end"}
,
{
"node": "d",
"type": "cell-start"}
,
{
"node": "d",
"type": "field-start",
"subtype": "eq"}
,
{
"node": "l",
"frag": "⸢U₂⸣",
"id": "P347801.l4f59d",
"ref": "P347801.18.2",
"inst": "šammu[plant(s)]N",
"sig": "@dcclt%akk:U₂=šammu[plant(s)//plant(s)]N'N$šammu",
"f": {"lang": "akk",
"form": "U₂",
"cf": "šammu",
"gw": "plant(s)",
"sense": "plant(s)",
"norm": "šammu",
"pos": "N",
"epos": "N"}
}
,
{
"node": "l",
"frag": "zu-qa-qi₂-pi",
"id": "P347801.l4f59e",
"ref": "P347801.18.3",
"inst": "zuqaqīpi[scorpion]N",
"sig": "@dcclt%akk:zu-qa-qi₂-pi=zuqiqīpu[scorpion//scorpion]N'N$zuqaqīpi",
"f": {"lang": "akk",
"form": "zu-qa-qi₂-pi",
"cf": "zuqiqīpu",
"gw": "scorpion",
"sense": "scorpion",
"norm": "zuqaqīpi",
"pos": "N",
"epos": "N"}
}
,
{
"node": "d",
"type": "field-end",
"subtype": "eq"}
,
{
"node": "d",
"type": "cell-end"}
,
{
"node": "d",
"type": "line-start",
"ref": "P347801.19",
"n": "5'",
"label": "r 5'"}
,
{
"node": "d",
"type": "cell-start"}
,
{
"node": "d",
"type": "field-start",
"subtype": "wp"}
,
{
"node": "l",
"frag": "[...]",
"id": "P347801.l4f59f",
"ref": "P347801.19.1",
"inst": "u",
"f": {"lang": "sux",
"form": "x",
"pos": "u"}
}
,
{
"node": "d",
"type": "field-end",
"subtype": "wp"}
,
{
"node": "d",
"type": "cell-end"}
,
{
"node": "d",
"type": "cell-start"}
,
{
"node": "d",
"type": "field-start",
"subtype": "eq"}
,
{
"node": "l",
"frag": "[U₂]",
"id": "P347801.l4f5a0",
"ref": "P347801.19.2",
"inst": "šammu[plant(s)]N",
"sig": "@dcclt%akk:U₂=šammu[plant(s)//plant(s)]N'N$šammu",
"f": {"lang": "akk",
"form": "U₂",
"cf": "šammu",
"gw": "plant(s)",
"sense": "plant(s)",
"norm": "šammu",
"pos": "N",
"epos": "N"}
}
,
{
"node": "l",
"frag": "⸢x-x-x⸣",
"id": "P347801.l4f5a1",
"ref": "P347801.19.3",
"inst": "u",
"f": {"lang": "akk",
"form": "x-x-x",
"pos": "u"}
}
,
{
"node": "d",
"type": "field-end",
"subtype": "eq"}
,
{
"node": "d",
"type": "cell-end"}
,
{
"node": "d",
"type": "nonx",
"ref": "P347801.20",
"strict": "1",
"extent": "rest",
"scope": "line",
"state": "missing"}
]}
]}
]}
]}
