{
"type": "cdl",
  "source": "http://oracc.org/dcclt",
  "license": "This data is released under the CC0 license",
  "license-url": "https://creativecommons.org/publicdomain/zero/1.0/",
  "more-info": "http://oracc.org/doc/opendata/",
  "UTC-timestamp": "2017-05-19T18:26:10",
"project": "dcclt",
"textid": "P347051",
"cdl": [
{
"node": "c",
"type": "text",
"id": "P347051.U0",
"cdl": [
{
"node": "d",
"subtype": "tablet",
"type": "object",
"ref": "P347051.x183.1",
"type": "tablet",
"label": "x183"}
,
{
"node": "d",
"subtype": "obverse",
"type": "surface",
"ref": "P347051.o.2",
"type": "obverse",
"label": "o"}
,
{
"node": "d",
"subtype": "column 1o",
"type": "column",
"ref": "P347051.o.i.3",
"n": "1",
"label": "o i"}
,
{
"node": "c",
"type": "discourse",
"subtype": "body",
"id": "P347051.U1",
"cdl": [
{
"node": "c",
"type": "sentence",
"id": "P347051.U2",
"label": "o i 1' - o iii 3'",
"cdl": [
{
"node": "d",
"type": "line-start",
"ref": "P347051.4",
"n": "1'",
"label": "o i 1'"}
,
{
"node": "l",
"frag": "[...]-⸢da⸣",
"id": "P347051.l0a7c2",
"ref": "P347051.4.1",
"inst": "u",
"f": {"lang": "sux",
"form": "x-da",
"pos": "u"}
}
,
{
"node": "d",
"type": "line-start",
"ref": "P347051.5",
"n": "2'",
"label": "o i 2'"}
,
{
"node": "l",
"frag": "[...]",
"id": "P347051.l0a7c3",
"ref": "P347051.5.1",
"inst": "u",
"f": {"lang": "sux",
"form": "x",
"pos": "u"}
}
,
{
"node": "l",
"frag": "an-na",
"id": "P347051.l0a7c4",
"ref": "P347051.5.2",
"inst": "ana[upper]",
"sig": "@dcclt%sux:an-na=ana[upper//upper]AJ'AJ$ana/an-na#~",
"f": {"lang": "sux",
"form": "an-na",
"cf": "ana",
"gw": "upper",
"sense": "upper",
"norm0": "ana",
"pos": "AJ",
"epos": "AJ",
"base": "an-na",
"morph": "~"}
}
,
{
"node": "d",
"type": "line-start",
"ref": "P347051.6",
"n": "3'",
"label": "o i 3'"}
,
{
"node": "l",
"frag": "[...]",
"id": "P347051.l0a7c5",
"ref": "P347051.6.1",
"inst": "u",
"f": {"lang": "sux",
"form": "x",
"pos": "u"}
}
,
{
"node": "l",
"frag": "⸢x⸣-na",
"id": "P347051.l0a7c6",
"ref": "P347051.6.2",
"inst": "u",
"f": {"lang": "sux",
"form": "x-na",
"pos": "u"}
}
,
{
"node": "d",
"type": "line-start",
"ref": "P347051.7",
"n": "4'",
"label": "o i 4'"}
,
{
"node": "l",
"frag": "[...]-BAD",
"id": "P347051.l0a7c7",
"ref": "P347051.7.1",
"inst": "u",
"f": {"lang": "sux",
"form": "x-BAD",
"pos": "u"}
}
,
{
"node": "d",
"type": "line-start",
"ref": "P347051.8",
"n": "5'",
"label": "o i 5'"}
,
{
"node": "l",
"frag": "[...]",
"id": "P347051.l0a7c8",
"ref": "P347051.8.1",
"inst": "u",
"f": {"lang": "sux",
"form": "x",
"pos": "u"}
}
,
{
"node": "l",
"frag": "⸢x⸣-ŋa₂",
"id": "P347051.l0a7c9",
"ref": "P347051.8.2",
"inst": "u",
"f": {"lang": "sux",
"form": "x-ŋa₂",
"pos": "u"}
}
,
{
"node": "d",
"type": "line-start",
"ref": "P347051.9",
"n": "6'",
"label": "o i 6'"}
,
{
"node": "l",
"frag": "[...]",
"id": "P347051.l0a7ca",
"ref": "P347051.9.1",
"inst": "u",
"f": {"lang": "sux",
"form": "x",
"pos": "u"}
}
,
{
"node": "l",
"frag": "APIN",
"id": "P347051.l0a7cb",
"ref": "P347051.9.2",
"inst": "u",
"f": {"lang": "sux",
"form": "APIN",
"pos": "u"}
}
,
{
"node": "d",
"subtype": "column 2o",
"type": "column",
"ref": "P347051.o.ii.10",
"n": "2",
"label": "o ii"}
,
{
"node": "d",
"type": "line-start",
"ref": "P347051.11",
"n": "1'",
"label": "o ii 1'"}
,
{
"node": "l",
"frag": "⸢IM⸣",
"id": "P347051.l0a7cc",
"ref": "P347051.11.1",
"inst": "u",
"f": {"lang": "sux",
"form": "IM",
"pos": "u"}
}
,
{
"node": "d",
"type": "line-start",
"ref": "P347051.12",
"n": "2'",
"label": "o ii 2'"}
,
{
"node": "l",
"frag": "IM",
"id": "P347051.l0a7cd",
"ref": "P347051.12.1",
"inst": "u",
"f": {"lang": "sux",
"form": "IM",
"pos": "u"}
}
,
{
"node": "l",
"frag": "[x]",
"id": "P347051.l0a7ce",
"ref": "P347051.12.2",
"inst": "u",
"f": {"lang": "sux",
"form": "x",
"pos": "u"}
}
,
{
"node": "d",
"type": "line-start",
"ref": "P347051.13",
"n": "3'",
"label": "o ii 3'"}
,
{
"node": "l",
"frag": "IM",
"id": "P347051.l0a7cf",
"ref": "P347051.13.1",
"inst": "u",
"f": {"lang": "sux",
"form": "IM",
"pos": "u"}
}
,
{
"node": "l",
"frag": "⸢GABA⸣",
"id": "P347051.l0a7d0",
"ref": "P347051.13.2",
"inst": "u",
"f": {"lang": "sux",
"form": "GABA",
"pos": "u"}
}
,
{
"node": "d",
"type": "line-start",
"ref": "P347051.14",
"n": "4'",
"label": "o ii 4'"}
,
{
"node": "l",
"frag": "IM-ni",
"id": "P347051.l0a7d1",
"ref": "P347051.14.1",
"inst": "GN",
"f": {"lang": "sux",
"form": "IM-ni",
"pos": "GN"}
}
,
{
"node": "d",
"type": "line-start",
"ref": "P347051.15",
"n": "5'",
"label": "o ii 5'"}
,
{
"node": "l",
"frag": "IM",
"id": "P347051.l0a7d2",
"ref": "P347051.15.1",
"inst": "u",
"f": {"lang": "sux",
"form": "IM",
"pos": "u"}
}
,
{
"node": "c",
"type": "phrase",
"tag": "phr",
"id": "P347051.U4",
"ref": "P347051.ls00000",
"cdl": [
{
"node": "l",
"frag": "ud",
"id": "P347051.l0a7d3",
"ref": "P347051.15.2",
"inst": "ud[sun]",
"sig": "@dcclt%sux:ud=ud[sun//sun]N'N$ud/ud#~",
"f": {"lang": "sux",
"form": "ud",
"cf": "ud",
"gw": "sun",
"sense": "sun",
"norm0": "ud",
"pos": "N",
"epos": "N",
"base": "ud",
"morph": "~"}
}
,
{
"node": "l",
"frag": "gid₂-da",
"id": "P347051.l0a7d4",
"ref": "P347051.15.3",
"inst": "gid[long]",
"sig": "@dcclt%sux:gid₂-da=gid[long//(to be) long]V/i'V/i$gid;a/gid₂+-da=d.a#~;a",
"f": {"lang": "sux",
"form": "gid₂-da",
"cf": "gid",
"gw": "long",
"sense": "(to be) long",
"norm0": "gid;a",
"pos": "V/i",
"epos": "V/i",
"base": "gid₂",
"cont": "-da=d.a",
"morph": "~;a"}
}
]}
,
{
"node": "d",
"type": "line-start",
"ref": "P347051.16",
"n": "6'",
"label": "o ii 6'"}
,
{
"node": "l",
"frag": "IM",
"id": "P347051.l0a7d5",
"ref": "P347051.16.1",
"inst": "u",
"f": {"lang": "sux",
"form": "IM",
"pos": "u"}
}
,
{
"node": "l",
"frag": "tukum-bu",
"id": "P347051.l0a7d6",
"ref": "P347051.16.2",
"inst": "tukumbi[if]",
"sig": "@dcclt%sux:tukum-bu=tukumbi[if//if]CNJ'CNJ$tukumbi/tukum-bu#~",
"f": {"lang": "sux",
"form": "tukum-bu",
"cf": "tukumbi",
"gw": "if",
"sense": "if",
"norm0": "tukumbi",
"pos": "CNJ",
"epos": "CNJ",
"base": "tukum-bu",
"morph": "~"}
}
,
{
"node": "d",
"type": "line-start",
"ref": "P347051.17",
"n": "7'",
"label": "o ii 7'"}
,
{
"node": "l",
"frag": "im-da-TAG",
"id": "P347051.l0a7d7",
"ref": "P347051.17.1",
"inst": "X",
"f": {"lang": "sux",
"form": "im-da-TAG",
"pos": "X"}
}
,
{
"node": "d",
"type": "line-start",
"ref": "P347051.18",
"n": "8'",
"label": "o ii 8'"}
,
{
"node": "l",
"frag": "IM",
"id": "P347051.l0a7d8",
"ref": "P347051.18.1",
"inst": "u",
"f": {"lang": "sux",
"form": "IM",
"pos": "u"}
}
,
{
"node": "l",
"frag": "GIRI₃",
"id": "P347051.l0a7d9",
"ref": "P347051.18.2",
"inst": "u",
"f": {"lang": "sux",
"form": "GIRI₃",
"pos": "u"}
}
,
{
"node": "d",
"type": "line-start",
"ref": "P347051.19",
"n": "9'",
"label": "o ii 9'"}
,
{
"node": "l",
"frag": "IM",
"id": "P347051.l0a7da",
"ref": "P347051.19.1",
"inst": "u",
"f": {"lang": "sux",
"form": "IM",
"pos": "u"}
}
,
{
"node": "l",
"frag": "GIRI₃",
"id": "P347051.l0a7db",
"ref": "P347051.19.2",
"inst": "u",
"f": {"lang": "sux",
"form": "GIRI₃",
"pos": "u"}
}
,
{
"node": "d",
"type": "line-start",
"ref": "P347051.20",
"n": "10'",
"label": "o ii 10'"}
,
{
"node": "l",
"frag": "nim",
"id": "P347051.l0a7dc",
"ref": "P347051.20.1",
"inst": "nim[fly]",
"sig": "@dcclt%sux:nim=nim[fly//fly, insect]N'N$nim/nim#~",
"f": {"lang": "sux",
"form": "nim",
"cf": "nim",
"gw": "fly",
"sense": "fly, insect",
"norm0": "nim",
"pos": "N",
"epos": "N",
"base": "nim",
"morph": "~"}
}
,
{
"node": "l",
"frag": "ŋir₂",
"id": "P347051.l0a7dd",
"ref": "P347051.20.2",
"inst": "ŋir[flash]",
"sig": "@dcclt%sux:ŋir₂=ŋir[flash//to flash]V/i'V/i$ŋir/ŋir₂#~",
"f": {"lang": "sux",
"form": "ŋir₂",
"cf": "ŋir",
"gw": "flash",
"sense": "to flash",
"norm0": "ŋir",
"pos": "V/i",
"epos": "V/i",
"base": "ŋir₂",
"morph": "~"}
}
,
{
"node": "d",
"type": "line-start",
"ref": "P347051.21",
"n": "11'",
"label": "o ii 11'"}
,
{
"node": "c",
"type": "phrase",
"tag": "phr",
"id": "P347051.U5",
"ref": "P347051.ls00001",
"cdl": [
{
"node": "l",
"frag": "nim",
"id": "P347051.l0a7de",
"ref": "P347051.21.1",
"inst": "nim[fly]",
"sig": "@dcclt%sux:nim=nim[fly//fly, insect]N'N$nim/nim#~",
"f": {"lang": "sux",
"form": "nim",
"cf": "nim",
"gw": "fly",
"sense": "fly, insect",
"norm0": "nim",
"pos": "N",
"epos": "N",
"base": "nim",
"morph": "~"}
}
,
{
"node": "l",
"frag": "ŋir₂-ŋir₂",
"id": "P347051.l0a7df",
"ref": "P347051.21.2",
"inst": "ŋir[flash]",
"sig": "@dcclt%sux:ŋir₂-ŋir₂=ŋir[flash//to flash]V/i'V/i$ŋir/ŋir₂-ŋir₂#~",
"f": {"lang": "sux",
"form": "ŋir₂-ŋir₂",
"cf": "ŋir",
"gw": "flash",
"sense": "to flash",
"norm0": "ŋir",
"pos": "V/i",
"epos": "V/i",
"base": "ŋir₂-ŋir₂",
"morph": "~"}
}
]}
,
{
"node": "d",
"type": "line-start",
"ref": "P347051.22",
"n": "12'",
"label": "o ii 12'"}
,
{
"node": "l",
"frag": "⸢PA⸣-[...]",
"id": "P347051.l0a7e0",
"ref": "P347051.22.1",
"inst": "u",
"f": {"lang": "sux",
"form": "PA-x",
"pos": "u"}
}
,
{
"node": "d",
"subtype": "column 3o",
"type": "column",
"ref": "P347051.o.iii.23",
"n": "3",
"label": "o iii"}
,
{
"node": "d",
"type": "nonx",
"ref": "P347051.24",
"strict": "1",
"extent": "1",
"scope": "line",
"state": "traces"}
,
{
"node": "d",
"type": "line-start",
"ref": "P347051.25",
"n": "2'",
"label": "o iii 2'"}
,
{
"node": "l",
"frag": "[kur]",
"id": "P347051.l0a7e1",
"ref": "P347051.25.1",
"inst": "kur[mountain]",
"sig": "@dcclt%sux:kur=kur[mountain//mountain]N'N$kur/kur#~",
"f": {"lang": "sux",
"form": "kur",
"cf": "kur",
"gw": "mountain",
"sense": "mountain",
"norm0": "kur",
"pos": "N",
"epos": "N",
"base": "kur",
"morph": "~"}
}
,
{
"node": "d",
"type": "line-start",
"ref": "P347051.26",
"n": "3'",
"label": "o iii 3'"}
,
{
"node": "l",
"frag": "kur",
"id": "P347051.l0a7e2",
"ref": "P347051.26.1",
"inst": "kur[mountain]",
"sig": "@dcclt%sux:kur=kur[mountain//mountain]N'N$kur/kur#~",
"f": {"lang": "sux",
"form": "kur",
"cf": "kur",
"gw": "mountain",
"sense": "mountain",
"norm0": "kur",
"pos": "N",
"epos": "N",
"base": "kur",
"morph": "~"}
}
,
{
"node": "l",
"frag": "[...]",
"id": "P347051.l0a7e3",
"ref": "P347051.26.2",
"inst": "u",
"f": {"lang": "sux",
"form": "x",
"pos": "u"}
}
,
{
"node": "d",
"type": "nonx",
"ref": "P347051.27",
"strict": "1",
"extent": "4",
"scope": "line",
"state": "missing"}
]}
]}
]}
,
{
"linkbase": [{
"type": "linkset",
"xlink_title": "ude gida[day//an artificial day added onto the end of a 29-day month for accounting purposes.]N'N",
"id": "P347051.ls00000",
"xlink_type": "extended",
"xlink_role": "psu",
"sig": "{ud gid₂-da = ud[sun]N gid[long]V/i += ude gida[day//an artificial day added onto the end of a 29-day month for accounting purposes.]N'N}::@dcclt%sux:ud=ud[sun//sun]N'N$ud/ud#~++@dcclt%sux:gid₂-da=gid[long//(to be) long]V/i'V/i$gid;a/gid₂+-da=d.a#~;a",
"links": [
{
"type": "link",
"xlink_title": "ud",
"xlink_type": "locator",
"xlink_href": "#P347051.l0a7d3",
"xlink_role": "elt"}
,
{
"type": "link",
"xlink_title": "gid",
"xlink_type": "locator",
"xlink_href": "#P347051.l0a7d4",
"xlink_role": "elt"}
]}
,
{
"type": "linkset",
"xlink_title": "nim ŋir[flash//to flash like lightning]V/t'V/t",
"id": "P347051.ls00001",
"xlink_type": "extended",
"xlink_role": "psu",
"sig": "{nim ŋir₂-ŋir₂ = nim[fly]N ŋir[flash]V/i += nim ŋir[flash//to flash like lightning]V/t'V/t}::@dcclt%sux:nim=nim[fly//fly, insect]N'N$nim/nim#~++@dcclt%sux:ŋir₂-ŋir₂=ŋir[flash//to flash]V/i'V/i$ŋir/ŋir₂-ŋir₂#~",
"links": [
{
"type": "link",
"xlink_title": "nim",
"xlink_type": "locator",
"xlink_href": "#P347051.l0a7de",
"xlink_role": "elt"}
,
{
"type": "link",
"xlink_title": "ŋir",
"xlink_type": "locator",
"xlink_href": "#P347051.l0a7df",
"xlink_role": "elt"}
]}
]}
]}
