{
"type": "cdl",
  "source": "http://oracc.org/dcclt",
  "license": "This data is released under the CC0 license",
  "license-url": "https://creativecommons.org/publicdomain/zero/1.0/",
  "more-info": "http://oracc.org/doc/opendata/",
  "UTC-timestamp": "2017-05-19T18:26:12",
"project": "dcclt",
"textid": "P347724",
"cdl": [
{
"node": "c",
"type": "text",
"id": "P347724.U0",
"cdl": [
{
"node": "d",
"type": "object",
"ref": ""}
,
{
"node": "d",
"subtype": "obverse",
"type": "surface",
"ref": "P347724.o.1",
"type": "obverse",
"label": "o"}
,
{
"node": "d",
"type": "nonx",
"ref": "P347724.2",
"strict": "1",
"extent": "beginning",
"scope": "line",
"state": "missing"}
,
{
"node": "c",
"type": "discourse",
"subtype": "body",
"id": "P347724.U1",
"cdl": [
{
"node": "c",
"type": "sentence",
"id": "P347724.U2",
"label": "o 1' - r i 6'",
"cdl": [
{
"node": "d",
"type": "line-start",
"ref": "P347724.3",
"n": "1'",
"label": "o 1'"}
,
{
"node": "d",
"type": "cell-start"}
,
{
"node": "d",
"type": "field-start",
"subtype": "wp"}
,
{
"node": "l",
"frag": "⸢ud⸣",
"id": "P347724.l50583",
"ref": "P347724.3.1",
"inst": "ud[day]N",
"sig": "@dcclt%sux:ud=ud[sun//day]N'N$ud/ud#~",
"f": {"lang": "sux",
"form": "ud",
"cf": "ud",
"gw": "sun",
"sense": "day",
"norm0": "ud",
"pos": "N",
"epos": "N",
"base": "ud",
"morph": "~"}
}
,
{
"node": "l",
"frag": "hul-[ŋal₂]",
"id": "P347724.l50584",
"ref": "P347724.3.2",
"inst": "huluŋal[evil]AJ",
"sig": "@dcclt%sux:hul-ŋal₂=huluŋal[evil//evil]AJ'AJ$huluŋal/hul-ŋal₂#~",
"f": {"lang": "sux",
"form": "hul-ŋal₂",
"cf": "huluŋal",
"gw": "evil",
"sense": "evil",
"norm0": "huluŋal",
"pos": "AJ",
"epos": "AJ",
"base": "hul-ŋal₂",
"morph": "~"}
}
,
{
"node": "d",
"type": "field-end",
"subtype": "wp"}
,
{
"node": "d",
"type": "cell-end"}
,
{
"node": "d",
"type": "cell-start"}
,
{
"node": "d",
"type": "field-start",
"subtype": "eq"}
,
{
"node": "l",
"frag": "[...]",
"id": "P347724.l50585",
"ref": "P347724.3.3",
"inst": "u",
"f": {"lang": "akk",
"form": "x",
"pos": "u"}
}
,
{
"node": "d",
"type": "field-end",
"subtype": "eq"}
,
{
"node": "d",
"type": "cell-end"}
,
{
"node": "d",
"type": "line-start",
"ref": "P347724.4",
"n": "2'",
"label": "o 2'"}
,
{
"node": "d",
"type": "cell-start"}
,
{
"node": "d",
"type": "field-start",
"subtype": "wp"}
,
{
"node": "l",
"frag": "⸢ud⸣",
"id": "P347724.l50586",
"ref": "P347724.4.1",
"inst": "ud[day]N",
"sig": "@dcclt%sux:ud=ud[sun//day]N'N$ud/ud#~",
"f": {"lang": "sux",
"form": "ud",
"cf": "ud",
"gw": "sun",
"sense": "day",
"norm0": "ud",
"pos": "N",
"epos": "N",
"base": "ud",
"morph": "~"}
}
,
{
"node": "l",
"frag": "hul-ŋal₂",
"id": "P347724.l50587",
"ref": "P347724.4.2",
"inst": "huluŋal[evil]AJ",
"sig": "@dcclt%sux:hul-ŋal₂=huluŋal[evil//evil]AJ'AJ$huluŋal/hul-ŋal₂#~",
"f": {"lang": "sux",
"form": "hul-ŋal₂",
"cf": "huluŋal",
"gw": "evil",
"sense": "evil",
"norm0": "huluŋal",
"pos": "AJ",
"epos": "AJ",
"base": "hul-ŋal₂",
"morph": "~"}
}
,
{
"node": "d",
"type": "field-end",
"subtype": "wp"}
,
{
"node": "d",
"type": "cell-end"}
,
{
"node": "d",
"type": "cell-start"}
,
{
"node": "d",
"type": "field-start",
"subtype": "eq"}
,
{
"node": "l",
"frag": "⸢u₄-mu⸣",
"id": "P347724.l50588",
"ref": "P347724.4.3",
"inst": "ūmu[day]N",
"sig": "@dcclt%akk:u₄-mu=ūmu[day//day]N'N$ūmu",
"f": {"lang": "akk",
"form": "u₄-mu",
"cf": "ūmu",
"gw": "day",
"sense": "day",
"norm": "ūmu",
"pos": "N",
"epos": "N"}
}
,
{
"node": "l",
"frag": "[lem-nu]",
"id": "P347724.l50589",
"ref": "P347724.4.4",
"inst": "lemnu[evil]AJ",
"sig": "@dcclt%akk:lem-nu=lemnu[bad//evil]AJ'AJ$lemnu",
"f": {"lang": "akk",
"form": "lem-nu",
"cf": "lemnu",
"gw": "bad",
"sense": "evil",
"norm": "lemnu",
"pos": "AJ",
"epos": "AJ"}
}
,
{
"node": "d",
"type": "field-end",
"subtype": "eq"}
,
{
"node": "d",
"type": "cell-end"}
,
{
"node": "d",
"type": "line-start",
"ref": "P347724.5",
"n": "3'",
"label": "o 3'"}
,
{
"node": "d",
"type": "cell-start"}
,
{
"node": "d",
"type": "field-start",
"subtype": "wp"}
,
{
"node": "l",
"frag": "[ud]",
"id": "P347724.l5058a",
"ref": "P347724.5.1",
"inst": "ud[day]N",
"sig": "@dcclt%sux:ud=ud[sun//day]N'N$ud/ud#~",
"f": {"lang": "sux",
"form": "ud",
"cf": "ud",
"gw": "sun",
"sense": "day",
"norm0": "ud",
"pos": "N",
"epos": "N",
"base": "ud",
"morph": "~"}
}
,
{
"node": "l",
"frag": "ki-sig₁₀-ga",
"id": "P347724.l5058b",
"ref": "P347724.5.2",
"inst": "kisiga[funerary offerings]N",
"sig": "@dcclt%sux:ki-sig₁₀-ga=kisiga[offerings//funerary offerings]N'N$kisiga/ki-sig₁₀-ga#~",
"f": {"lang": "sux",
"form": "ki-sig₁₀-ga",
"cf": "kisiga",
"gw": "offerings",
"sense": "funerary offerings",
"norm0": "kisiga",
"pos": "N",
"epos": "N",
"base": "ki-sig₁₀-ga",
"morph": "~"}
}
,
{
"node": "d",
"type": "field-end",
"subtype": "wp"}
,
{
"node": "d",
"type": "cell-end"}
,
{
"node": "d",
"type": "cell-start"}
,
{
"node": "d",
"type": "field-start",
"subtype": "eq"}
,
{
"node": "d",
"type": "nonw",
"ref": "P347724.5.3",
"lang": "akk",
"type": "surro"}
,
{
"node": "l",
"id": "P347724.l5058c",
"ref": "P347724.5.4",
"inst": "ūmu[day]N",
"sig": "@dcclt%akk:u₄-mu=ūmu[day//day]N'N$ūmu",
"f": {"lang": "akk",
"form": "u₄-mu",
"cf": "ūmu",
"gw": "day",
"sense": "day",
"norm": "ūmu",
"pos": "N",
"epos": "N"}
}
,
{
"node": "l",
"frag": "ki-is-pi",
"id": "P347724.l5058d",
"ref": "P347724.5.5",
"inst": "kispi[funerary offering]N",
"sig": "@dcclt%akk:ki-is-pi=kispu[funerary offering//funerary offering]N'N$kispi",
"f": {"lang": "akk",
"form": "ki-is-pi",
"cf": "kispu",
"gw": "funerary offering",
"sense": "funerary offering",
"norm": "kispi",
"pos": "N",
"epos": "N"}
}
,
{
"node": "d",
"type": "field-end",
"subtype": "eq"}
,
{
"node": "d",
"type": "cell-end"}
,
{
"node": "d",
"type": "line-start",
"ref": "P347724.6",
"n": "4'",
"label": "o 4'"}
,
{
"node": "d",
"type": "cell-start"}
,
{
"node": "d",
"type": "field-start",
"subtype": "wp"}
,
{
"node": "l",
"frag": "[ud",
"id": "P347724.l5058e",
"ref": "P347724.6.1",
"inst": "ud[day]N",
"sig": "@dcclt%sux:ud=ud[sun//day]N'N$ud/ud#~",
"f": {"lang": "sux",
"form": "ud",
"cf": "ud",
"gw": "sun",
"sense": "day",
"norm0": "ud",
"pos": "N",
"epos": "N",
"base": "ud",
"morph": "~"}
}
,
{
"node": "l",
"frag": "kaš₄]-a",
"id": "P347724.l5058f",
"ref": "P347724.6.2",
"inst": "kaš[run]",
"sig": "@dcclt%sux:kaš₄-a=kaš[run//run]V'V$kaš;a/kaš₄#~;a",
"f": {"lang": "sux",
"form": "kaš₄-a",
"cf": "kaš",
"gw": "run",
"sense": "run",
"norm0": "kaš;a",
"pos": "V",
"epos": "V",
"base": "kaš₄",
"morph": "~;a"}
}
,
{
"node": "d",
"type": "field-end",
"subtype": "wp"}
,
{
"node": "d",
"type": "cell-end"}
,
{
"node": "d",
"type": "cell-start"}
,
{
"node": "d",
"type": "field-start",
"subtype": "eq"}
,
{
"node": "d",
"type": "nonw",
"ref": "P347724.6.3",
"lang": "akk",
"type": "surro"}
,
{
"node": "l",
"id": "P347724.l50590",
"ref": "P347724.6.4",
"inst": "ūmu[day]N",
"sig": "@dcclt%akk:u₄-mu=ūmu[day//day]N'N$ūmu",
"f": {"lang": "akk",
"form": "u₄-mu",
"cf": "ūmu",
"gw": "day",
"sense": "day",
"norm": "ūmu",
"pos": "N",
"epos": "N"}
}
,
{
"node": "l",
"frag": "li-is-[mu]",
"id": "P347724.l50591",
"ref": "P347724.6.5",
"inst": "+lismu[running//race]N'N$",
"sig": "@dcclt%akk:li-is-mu=lismu[running//race]N'N$lismu",
"f": {"lang": "akk",
"form": "li-is-mu",
"cf": "lismu",
"gw": "running",
"sense": "race",
"norm": "lismu",
"pos": "N",
"epos": "N"}
}
,
{
"node": "d",
"type": "field-end",
"subtype": "eq"}
,
{
"node": "d",
"type": "cell-end"}
,
{
"node": "d",
"type": "line-start",
"ref": "P347724.7",
"n": "5'",
"label": "o 5'"}
,
{
"node": "d",
"type": "cell-start"}
,
{
"node": "d",
"type": "field-start",
"subtype": "wp"}
,
{
"node": "l",
"frag": "[ud",
"id": "P347724.l50592",
"ref": "P347724.7.1",
"inst": "ud[day]N",
"sig": "@dcclt%sux:ud=ud[sun//day]N'N$ud/ud#~",
"f": {"lang": "sux",
"form": "ud",
"cf": "ud",
"gw": "sun",
"sense": "day",
"norm0": "ud",
"pos": "N",
"epos": "N",
"base": "ud",
"morph": "~"}
}
,
{
"node": "l",
"frag": "sikil-e]-de₃",
"id": "P347724.l50593",
"ref": "P347724.7.2",
"inst": "sikil[pure]V/i",
"sig": "@dcclt%sux:sikil-e-de₃=sikil[pure//pure]V/i'V/i$sikil;e.de/sikil#~;e.de",
"f": {"lang": "sux",
"form": "sikil-e-de₃",
"cf": "sikil",
"gw": "pure",
"sense": "pure",
"norm0": "sikil;e.de",
"pos": "V/i",
"epos": "V/i",
"base": "sikil",
"morph": "~;e.de"}
}
,
{
"node": "d",
"type": "field-end",
"subtype": "wp"}
,
{
"node": "d",
"type": "cell-end"}
,
{
"node": "d",
"type": "cell-start"}
,
{
"node": "d",
"type": "field-start",
"subtype": "eq"}
,
{
"node": "d",
"type": "nonw",
"ref": "P347724.7.3",
"lang": "akk",
"type": "surro"}
,
{
"node": "l",
"id": "P347724.l50594",
"ref": "P347724.7.4",
"inst": "ūmu[day]N",
"sig": "@dcclt%akk:u₄-mu=ūmu[day//day]N'N$ūmu",
"f": {"lang": "akk",
"form": "u₄-mu",
"cf": "ūmu",
"gw": "day",
"sense": "day",
"norm": "ūmu",
"pos": "N",
"epos": "N"}
}
,
{
"node": "l",
"frag": "te-li-[il-tum]",
"id": "P347724.l50595",
"ref": "P347724.7.5",
"inst": "+tēliltu[purification]N$tēliltum",
"sig": "@dcclt%akk:te-li-il-tum=tēliltu[purification//purification]N'N$tēliltum",
"f": {"lang": "akk",
"form": "te-li-il-tum",
"cf": "tēliltu",
"gw": "purification",
"sense": "purification",
"norm": "tēliltum",
"pos": "N",
"epos": "N"}
}
,
{
"node": "d",
"type": "field-end",
"subtype": "eq"}
,
{
"node": "d",
"type": "cell-end"}
,
{
"node": "d",
"type": "line-start",
"ref": "P347724.8",
"n": "6'",
"label": "o 6'"}
,
{
"node": "d",
"type": "cell-start"}
,
{
"node": "d",
"type": "field-start",
"subtype": "wp"}
,
{
"node": "l",
"frag": "[ud",
"id": "P347724.l50596",
"ref": "P347724.8.1",
"inst": "ud[day]N",
"sig": "@dcclt%sux:ud=ud[sun//day]N'N$ud/ud#~",
"f": {"lang": "sux",
"form": "ud",
"cf": "ud",
"gw": "sun",
"sense": "day",
"norm0": "ud",
"pos": "N",
"epos": "N",
"base": "ud",
"morph": "~"}
}
,
{
"node": "l",
"frag": "ezem]",
"id": "P347724.l50597",
"ref": "P347724.8.2",
"inst": "ezem[festival]N",
"sig": "@dcclt%sux:ezem=ezem[festival//festival]N'N$ezem/ezem#~",
"f": {"lang": "sux",
"form": "ezem",
"cf": "ezem",
"gw": "festival",
"sense": "festival",
"norm0": "ezem",
"pos": "N",
"epos": "N",
"base": "ezem",
"morph": "~"}
}
,
{
"node": "d",
"type": "field-end",
"subtype": "wp"}
,
{
"node": "d",
"type": "cell-end"}
,
{
"node": "d",
"type": "cell-start"}
,
{
"node": "d",
"type": "field-start",
"subtype": "eq"}
,
{
"node": "d",
"type": "nonw",
"ref": "P347724.8.3",
"lang": "akk",
"type": "surro"}
,
{
"node": "l",
"id": "P347724.l50598",
"ref": "P347724.8.4",
"inst": "ūmu[day]N",
"sig": "@dcclt%akk:u₄-mu=ūmu[day//day]N'N$ūmu",
"f": {"lang": "akk",
"form": "u₄-mu",
"cf": "ūmu",
"gw": "day",
"sense": "day",
"norm": "ūmu",
"pos": "N",
"epos": "N"}
}
,
{
"node": "l",
"frag": "i-sin-⸢ni⸣",
"id": "P347724.l50599",
"ref": "P347724.8.5",
"inst": "+isinnu[festival]N$isinni",
"sig": "@dcclt%akk:i-sin-ni=isinnu[festival//festival]N'N$isinni",
"f": {"lang": "akk",
"form": "i-sin-ni",
"cf": "isinnu",
"gw": "festival",
"sense": "festival",
"norm": "isinni",
"pos": "N",
"epos": "N"}
}
,
{
"node": "d",
"type": "field-end",
"subtype": "eq"}
,
{
"node": "d",
"type": "cell-end"}
,
{
"node": "d",
"type": "nonx",
"ref": "P347724.9",
"strict": "1",
"extent": "rest",
"scope": "obverse",
"state": "missing"}
,
{
"node": "d",
"subtype": "reverse",
"type": "surface",
"ref": "P347724.r.10",
"type": "reverse",
"label": "r"}
,
{
"node": "d",
"subtype": "column 1r",
"type": "column",
"ref": "P347724.r.i.11",
"n": "1",
"label": "r i"}
,
{
"node": "d",
"type": "nonx",
"ref": "P347724.12",
"strict": "1",
"extent": "beginning",
"scope": "column",
"state": "missing"}
,
{
"node": "d",
"type": "nonx",
"ref": "P347724.13",
"strict": "1",
"extent": "1",
"scope": "line",
"state": "traces"}
,
{
"node": "d",
"type": "line-start",
"ref": "P347724.14",
"n": "2'",
"label": "r i 2'"}
,
{
"node": "l",
"frag": "u₂-šar-ṣa-⸢am⸣",
"id": "P347724.l5059a",
"ref": "P347724.14.1",
"inst": "%akk:u₂-šar-ṣa-am=",
"f": {"lang": "akk",
"form": "u₂-šar-ṣa-am"}
}
,
{
"node": "d",
"type": "line-start",
"ref": "P347724.15",
"n": "3'",
"label": "r i 3'"}
,
{
"node": "l",
"frag": "u₂-ša₂-ar-ṣa-am",
"id": "P347724.l5059b",
"ref": "P347724.15.1",
"inst": "%akk:u₂-ša₂-ar-ṣa-am=",
"f": {"lang": "akk",
"form": "u₂-ša₂-ar-ṣa-am"}
}
,
{
"node": "d",
"type": "nonx",
"ref": "P347724.16",
"strict": "1",
"extent": "1",
"scope": "line",
"state": "ruling"}
,
{
"node": "d",
"type": "line-start",
"ref": "P347724.17",
"n": "4'",
"label": "r i 4'"}
,
{
"node": "l",
"frag": "šur-ṣi-im",
"id": "P347724.l5059c",
"ref": "P347724.17.1",
"inst": "%akk:šur-ṣi-im=",
"f": {"lang": "akk",
"form": "šur-ṣi-im"}
}
,
{
"node": "d",
"type": "line-start",
"ref": "P347724.18",
"n": "5'",
"label": "r i 5'"}
,
{
"node": "l",
"frag": "šu-ur-ṣi-im",
"id": "P347724.l5059d",
"ref": "P347724.18.1",
"inst": "%akk:šu-ur-ṣi-im=",
"f": {"lang": "akk",
"form": "šu-ur-ṣi-im"}
}
,
{
"node": "d",
"type": "line-start",
"ref": "P347724.19",
"n": "6'",
"label": "r i 6'"}
,
{
"node": "l",
"frag": "šur-su-x-[...]",
"id": "P347724.l5059e",
"ref": "P347724.19.1",
"inst": "%akk:šur-su-x-x=",
"f": {"lang": "akk",
"form": "šur-su-x-x"}
}
,
{
"node": "d",
"subtype": "column 2r",
"type": "column",
"ref": "P347724.r.ii.20",
"n": "2",
"label": "r ii"}
,
{
"node": "d",
"type": "nonx",
"ref": "P347724.21",
"strict": "0",
"state": "other"}
]}
]}
]}
]}
