{
"type": "cdl",
  "source": "http://oracc.org/dcclt",
  "license": "This data is released under the CC0 license",
  "license-url": "https://creativecommons.org/publicdomain/zero/1.0/",
  "more-info": "http://oracc.org/doc/opendata/",
  "UTC-timestamp": "2017-05-19T18:26:13",
"project": "dcclt",
"textid": "P347728",
"cdl": [
{
"node": "c",
"type": "text",
"id": "P347728.U0",
"cdl": [
{
"node": "d",
"subtype": "tablet",
"type": "object",
"ref": "P347728.x2017.1",
"type": "tablet",
"label": "x2017"}
,
{
"node": "d",
"subtype": "obverse",
"type": "surface",
"ref": "P347728.o.2",
"type": "obverse",
"label": "o"}
,
{
"node": "d",
"type": "nonx",
"ref": "P347728.3",
"strict": "1",
"extent": "beginning",
"scope": "line",
"state": "missing"}
,
{
"node": "c",
"type": "discourse",
"subtype": "body",
"id": "P347728.U1",
"cdl": [
{
"node": "c",
"type": "sentence",
"id": "P347728.U2",
"label": "o 1' - r ii' 7'",
"cdl": [
{
"node": "d",
"type": "line-start",
"ref": "P347728.4",
"n": "1'",
"label": "o 1'"}
,
{
"node": "d",
"type": "cell-start"}
,
{
"node": "d",
"type": "field-start",
"subtype": "wp"}
,
{
"node": "l",
"frag": "[...]",
"id": "P347728.l4ecd8",
"ref": "P347728.4.1",
"inst": "u",
"f": {"lang": "sux",
"form": "x",
"pos": "u"}
}
,
{
"node": "d",
"type": "field-end",
"subtype": "wp"}
,
{
"node": "d",
"type": "cell-end"}
,
{
"node": "d",
"type": "cell-start"}
,
{
"node": "d",
"type": "field-start",
"subtype": "eq"}
,
{
"node": "l",
"frag": "⸢ul⸣",
"id": "P347728.l4ecd9",
"ref": "P347728.4.2",
"inst": "ul[not]MOD",
"sig": "@dcclt%akk:ul=ul[not//not]MOD'MOD$ul",
"f": {"lang": "akk",
"form": "ul",
"cf": "ul",
"gw": "not",
"sense": "not",
"norm": "ul",
"pos": "MOD",
"epos": "MOD"}
}
,
{
"node": "l",
"frag": "[...]",
"id": "P347728.l4ecda",
"ref": "P347728.4.3",
"inst": "u",
"f": {"lang": "akk",
"form": "x",
"pos": "u"}
}
,
{
"node": "d",
"type": "field-end",
"subtype": "eq"}
,
{
"node": "d",
"type": "cell-end"}
,
{
"node": "d",
"type": "line-start",
"ref": "P347728.5",
"n": "2'",
"label": "o 2'"}
,
{
"node": "d",
"type": "cell-start"}
,
{
"node": "d",
"type": "field-start",
"subtype": "wp"}
,
{
"node": "l",
"frag": "[...]-⸢x⸣",
"id": "P347728.l4ecdb",
"ref": "P347728.5.1",
"inst": "u",
"f": {"lang": "sux",
"form": "x-x",
"pos": "u"}
}
,
{
"node": "d",
"type": "field-end",
"subtype": "wp"}
,
{
"node": "d",
"type": "cell-end"}
,
{
"node": "d",
"type": "cell-start"}
,
{
"node": "d",
"type": "field-start",
"subtype": "eq"}
,
{
"node": "l",
"frag": "ku-⸢mur⸣-[ru-u₂]",
"id": "P347728.l4ecdc",
"ref": "P347728.5.2",
"inst": "+kumurrû[heaping up]N$",
"sig": "@dcclt%akk:ku-mur-ru-u₂=kumurrû[heaping up//heaping up]N'N$kumurrû",
"f": {"lang": "akk",
"form": "ku-mur-ru-u₂",
"cf": "kumurrû",
"gw": "heaping up",
"sense": "heaping up",
"norm": "kumurrû",
"pos": "N",
"epos": "N"}
}
,
{
"node": "d",
"type": "field-end",
"subtype": "eq"}
,
{
"node": "d",
"type": "cell-end"}
,
{
"node": "d",
"type": "line-start",
"ref": "P347728.6",
"n": "3'",
"label": "o 3'"}
,
{
"node": "d",
"type": "cell-start"}
,
{
"node": "d",
"type": "field-start",
"subtype": "wp"}
,
{
"node": "l",
"frag": "[...]-⸢x⸣",
"id": "P347728.l4ecdd",
"ref": "P347728.6.1",
"inst": "u",
"f": {"lang": "sux",
"form": "x-x",
"pos": "u"}
}
,
{
"node": "d",
"type": "field-end",
"subtype": "wp"}
,
{
"node": "d",
"type": "cell-end"}
,
{
"node": "d",
"type": "cell-start"}
,
{
"node": "d",
"type": "field-start",
"subtype": "eq"}
,
{
"node": "l",
"frag": "šu-kun-⸢nu⸣-[u₂]",
"id": "P347728.l4ecde",
"ref": "P347728.6.2",
"inst": "+šukunnû[estimated yield]N$",
"sig": "@dcclt%akk:šu-kun-nu-u₂=šukunnû[estimated yield//estimated yield]N'N$šukunnû",
"f": {"lang": "akk",
"form": "šu-kun-nu-u₂",
"cf": "šukunnû",
"gw": "estimated yield",
"sense": "estimated yield",
"norm": "šukunnû",
"pos": "N",
"epos": "N"}
}
,
{
"node": "d",
"type": "field-end",
"subtype": "eq"}
,
{
"node": "d",
"type": "cell-end"}
,
{
"node": "d",
"type": "line-start",
"ref": "P347728.7",
"n": "4'",
"label": "o 4'"}
,
{
"node": "d",
"type": "cell-start"}
,
{
"node": "d",
"type": "field-start",
"subtype": "wp"}
,
{
"node": "l",
"frag": "[in]-ŋar",
"id": "P347728.l4ecdf",
"ref": "P347728.7.1",
"inst": "ŋar[place]V/t",
"sig": "@dcclt%sux:in-ŋar=ŋar[place//place]V/t'V/t$V.n:ŋar/ŋar#V.n:~",
"f": {"lang": "sux",
"form": "in-ŋar",
"cf": "ŋar",
"gw": "place",
"sense": "place",
"norm0": "V.n:ŋar",
"pos": "V/t",
"epos": "V/t",
"base": "ŋar",
"morph": "V.n:~"}
}
,
{
"node": "d",
"type": "field-end",
"subtype": "wp"}
,
{
"node": "d",
"type": "cell-end"}
,
{
"node": "d",
"type": "cell-start"}
,
{
"node": "d",
"type": "field-start",
"subtype": "eq"}
,
{
"node": "l",
"frag": "iš-KUL-[x]",
"id": "P347728.l4ece0",
"ref": "P347728.7.2",
"inst": "u",
"f": {"lang": "akk",
"form": "iš-KUL-x",
"pos": "u"}
}
,
{
"node": "d",
"type": "field-end",
"subtype": "eq"}
,
{
"node": "d",
"type": "cell-end"}
,
{
"node": "d",
"type": "line-start",
"ref": "P347728.8",
"n": "5'",
"label": "o 5'"}
,
{
"node": "d",
"type": "cell-start"}
,
{
"node": "d",
"type": "field-start",
"subtype": "wp"}
,
{
"node": "l",
"frag": "[in-ŋar]-e",
"id": "P347728.l4ece1",
"ref": "P347728.8.1",
"inst": "ŋar[place]V/t",
"sig": "@dcclt%sux:in-ŋar-e=ŋar[place//place]V/t'V/t$V.n:ŋar;e/ŋar#V.n:~;e",
"f": {"lang": "sux",
"form": "in-ŋar-e",
"cf": "ŋar",
"gw": "place",
"sense": "place",
"norm0": "V.n:ŋar;e",
"pos": "V/t",
"epos": "V/t",
"base": "ŋar",
"morph": "V.n:~;e"}
}
,
{
"node": "d",
"type": "field-end",
"subtype": "wp"}
,
{
"node": "d",
"type": "cell-end"}
,
{
"node": "d",
"type": "cell-start"}
,
{
"node": "d",
"type": "field-start",
"subtype": "eq"}
,
{
"node": "l",
"frag": "i-šak-⸢kan⸣",
"id": "P347728.l4ece2",
"ref": "P347728.8.2",
"inst": "išakkan[put]V",
"sig": "@dcclt%akk:i-šak-kan=šakānu[put//put]V'V$išakkan",
"f": {"lang": "akk",
"form": "i-šak-kan",
"cf": "šakānu",
"gw": "put",
"sense": "put",
"norm": "išakkan",
"pos": "V",
"epos": "V"}
}
,
{
"node": "d",
"type": "field-end",
"subtype": "eq"}
,
{
"node": "d",
"type": "cell-end"}
,
{
"node": "d",
"type": "line-start",
"ref": "P347728.9",
"n": "6'",
"label": "o 6'"}
,
{
"node": "d",
"type": "cell-start"}
,
{
"node": "d",
"type": "field-start",
"subtype": "wp"}
,
{
"node": "l",
"frag": "[in-ŋar-e]-meš",
"id": "P347728.l4ece3",
"ref": "P347728.9.1",
"inst": "ŋar[place]V/t",
"sig": "@dcclt%sux:in-ŋar-e-meš=ŋar[place//place]V/t'V/t$V.n:ŋar;e.*a,meš/ŋar#V.n:~;e.*a,meš",
"f": {"lang": "sux",
"form": "in-ŋar-e-meš",
"cf": "ŋar",
"gw": "place",
"sense": "place",
"norm0": "V.n:ŋar;e.*a,meš",
"pos": "V/t",
"epos": "V/t",
"base": "ŋar",
"morph": "V.n:~;e.*a,meš"}
}
,
{
"node": "d",
"type": "field-end",
"subtype": "wp"}
,
{
"node": "d",
"type": "cell-end"}
,
{
"node": "d",
"type": "cell-start"}
,
{
"node": "d",
"type": "field-start",
"subtype": "eq"}
,
{
"node": "l",
"frag": "i-šak-ka-⸢nu⸣",
"id": "P347728.l4ece4",
"ref": "P347728.9.2",
"inst": "išakkanū[put]V",
"sig": "@dcclt%akk:i-šak-ka-nu=šakānu[put//put]V'V$išakkanū",
"f": {"lang": "akk",
"form": "i-šak-ka-nu",
"cf": "šakānu",
"gw": "put",
"sense": "put",
"norm": "išakkanū",
"pos": "V",
"epos": "V"}
}
,
{
"node": "d",
"type": "field-end",
"subtype": "eq"}
,
{
"node": "d",
"type": "cell-end"}
,
{
"node": "d",
"type": "line-start",
"ref": "P347728.10",
"n": "7'",
"label": "o 7'"}
,
{
"node": "d",
"type": "cell-start"}
,
{
"node": "d",
"type": "field-start",
"subtype": "wp"}
,
{
"node": "l",
"frag": "[in]-⸢huŋ⸣",
"id": "P347728.l4ece5",
"ref": "P347728.10.1",
"inst": "huŋ[to hire, rent]V/t",
"sig": "@dcclt%sux:in-huŋ=huŋ[hire//to hire, rent]V/t'V/t$V.n:huŋ/huŋ#V.n:~",
"f": {"lang": "sux",
"form": "in-huŋ",
"cf": "huŋ",
"gw": "hire",
"sense": "to hire, rent",
"norm0": "V.n:huŋ",
"pos": "V/t",
"epos": "V/t",
"base": "huŋ",
"morph": "V.n:~"}
}
,
{
"node": "d",
"type": "field-end",
"subtype": "wp"}
,
{
"node": "d",
"type": "cell-end"}
,
{
"node": "d",
"type": "cell-start"}
,
{
"node": "d",
"type": "field-start",
"subtype": "eq"}
,
{
"node": "l",
"frag": "i-kul",
"id": "P347728.l4ece6",
"ref": "P347728.10.2",
"inst": "+akālu[eat]V$īkul",
"sig": "@dcclt%akk:i-kul=akālu[eat//eat]V'V$īkul",
"f": {"lang": "akk",
"form": "i-kul",
"cf": "akālu",
"gw": "eat",
"sense": "eat",
"norm": "īkul",
"pos": "V",
"epos": "V"}
}
,
{
"node": "d",
"type": "nonw",
"ref": ""}
,
{
"node": "d",
"type": "field-end",
"subtype": "eq"}
,
{
"node": "d",
"type": "cell-end"}
,
{
"node": "d",
"type": "line-start",
"ref": "P347728.11",
"n": "8'",
"label": "o 8'"}
,
{
"node": "d",
"type": "cell-start"}
,
{
"node": "d",
"type": "field-start",
"subtype": "wp"}
,
{
"node": "l",
"frag": "[in-huŋ]-⸢e⸣",
"id": "P347728.l4ece7",
"ref": "P347728.11.1",
"inst": "huŋ[to hire, rent]V/t",
"sig": "@dcclt%sux:in-huŋ-e=huŋ[hire//to hire, rent]V/t'V/t$V.n:huŋ;e/huŋ#V.n:~;e",
"f": {"lang": "sux",
"form": "in-huŋ-e",
"cf": "huŋ",
"gw": "hire",
"sense": "to hire, rent",
"norm0": "V.n:huŋ;e",
"pos": "V/t",
"epos": "V/t",
"base": "huŋ",
"morph": "V.n:~;e"}
}
,
{
"node": "d",
"type": "field-end",
"subtype": "wp"}
,
{
"node": "d",
"type": "cell-end"}
,
{
"node": "d",
"type": "cell-start"}
,
{
"node": "d",
"type": "field-start",
"subtype": "eq"}
,
{
"node": "l",
"frag": "ig-gar",
"id": "P347728.l4ece8",
"ref": "P347728.11.2",
"inst": "iggar[hire]V",
"sig": "@dcclt%akk:ig-gar=agāru[hire//hire]V'V$iggar",
"f": {"lang": "akk",
"form": "ig-gar",
"cf": "agāru",
"gw": "hire",
"sense": "hire",
"norm": "iggar",
"pos": "V",
"epos": "V"}
}
,
{
"node": "d",
"type": "field-end",
"subtype": "eq"}
,
{
"node": "d",
"type": "cell-end"}
,
{
"node": "d",
"type": "line-start",
"ref": "P347728.12",
"n": "9'",
"label": "o 9'"}
,
{
"node": "d",
"type": "cell-start"}
,
{
"node": "d",
"type": "field-start",
"subtype": "wp"}
,
{
"node": "l",
"frag": "[in]-⸢huŋ⸣-<e>-meš",
"id": "P347728.l4ece9",
"ref": "P347728.12.1",
"inst": "huŋ[to hire, rent]V/t",
"sig": "@dcclt%sux:in-huŋ-e-meš=huŋ[hire//to hire, rent]V/t'V/t$V.n:huŋ;e.*a,meš/huŋ#V.n:~;e.*a,meš",
"f": {"lang": "sux",
"form": "in-huŋ-e-meš",
"cf": "huŋ",
"gw": "hire",
"sense": "to hire, rent",
"norm0": "V.n:huŋ;e.*a,meš",
"pos": "V/t",
"epos": "V/t",
"base": "huŋ",
"morph": "V.n:~;e.*a,meš"}
}
,
{
"node": "d",
"type": "field-end",
"subtype": "wp"}
,
{
"node": "d",
"type": "cell-end"}
,
{
"node": "d",
"type": "cell-start"}
,
{
"node": "d",
"type": "field-start",
"subtype": "eq"}
,
{
"node": "l",
"frag": "ig-ga-⸢ru⸣",
"id": "P347728.l4ecea",
"ref": "P347728.12.2",
"inst": "iggarū[hire]V",
"sig": "@dcclt%akk:ig-ga-ru=agāru[hire//hire]V'V$iggarū",
"f": {"lang": "akk",
"form": "ig-ga-ru",
"cf": "agāru",
"gw": "hire",
"sense": "hire",
"norm": "iggarū",
"pos": "V",
"epos": "V"}
}
,
{
"node": "d",
"type": "field-end",
"subtype": "eq"}
,
{
"node": "d",
"type": "cell-end"}
,
{
"node": "d",
"type": "line-start",
"ref": "P347728.13",
"n": "10'",
"label": "o 10'"}
,
{
"node": "d",
"type": "cell-start"}
,
{
"node": "d",
"type": "field-start",
"subtype": "wp"}
,
{
"node": "l",
"frag": "[in]-dab",
"id": "P347728.l4eceb",
"ref": "P347728.13.1",
"inst": "dab[seize]V/t",
"sig": "@dcclt%sux:in-dab=dab[seize//seize]V/t'V/t$V.n:dab/dab#V.n:~",
"f": {"lang": "sux",
"form": "in-dab",
"cf": "dab",
"gw": "seize",
"sense": "seize",
"norm0": "V.n:dab",
"pos": "V/t",
"epos": "V/t",
"base": "dab",
"morph": "V.n:~"}
}
,
{
"node": "d",
"type": "field-end",
"subtype": "wp"}
,
{
"node": "d",
"type": "cell-end"}
,
{
"node": "d",
"type": "cell-start"}
,
{
"node": "d",
"type": "field-start",
"subtype": "eq"}
,
{
"node": "l",
"frag": "iṣ-[bat]",
"id": "P347728.l4ecec",
"ref": "P347728.13.2",
"inst": "iṣbat[seize]V",
"sig": "@dcclt%akk:iṣ-bat=ṣabātu[seize//seize]V'V$iṣbat",
"f": {"lang": "akk",
"form": "iṣ-bat",
"cf": "ṣabātu",
"gw": "seize",
"sense": "seize",
"norm": "iṣbat",
"pos": "V",
"epos": "V"}
}
,
{
"node": "d",
"type": "field-end",
"subtype": "eq"}
,
{
"node": "d",
"type": "cell-end"}
,
{
"node": "d",
"type": "line-start",
"ref": "P347728.14",
"n": "11'",
"label": "o 11'"}
,
{
"node": "d",
"type": "cell-start"}
,
{
"node": "d",
"type": "field-start",
"subtype": "wp"}
,
{
"node": "l",
"frag": "[in-dab]-e",
"id": "P347728.l4eced",
"ref": "P347728.14.1",
"inst": "dib[to audit]V/t",
"sig": "@dcclt%sux:in-dab-e=dib[pass//to audit]V/t'V/t$V.n:dib;e/dib#V.n:~;e",
"f": {"lang": "sux",
"form": "in-dab-e",
"cf": "dib",
"gw": "pass",
"sense": "to audit",
"norm0": "V.n:dib;e",
"pos": "V/t",
"epos": "V/t",
"base": "dib",
"morph": "V.n:~;e"}
}
,
{
"node": "d",
"type": "field-end",
"subtype": "wp"}
,
{
"node": "d",
"type": "cell-end"}
,
{
"node": "d",
"type": "cell-start"}
,
{
"node": "d",
"type": "field-start",
"subtype": "eq"}
,
{
"node": "l",
"frag": "i-ṣab-[bat]",
"id": "P347728.l4ecee",
"ref": "P347728.14.2",
"inst": "iṣabbat[seize]V",
"sig": "@dcclt%akk:i-ṣab-bat=ṣabātu[seize//seize]V'V$iṣabbat",
"f": {"lang": "akk",
"form": "i-ṣab-bat",
"cf": "ṣabātu",
"gw": "seize",
"sense": "seize",
"norm": "iṣabbat",
"pos": "V",
"epos": "V"}
}
,
{
"node": "d",
"type": "field-end",
"subtype": "eq"}
,
{
"node": "d",
"type": "cell-end"}
,
{
"node": "d",
"type": "line-start",
"ref": "P347728.15",
"n": "12'",
"label": "o 12'"}
,
{
"node": "d",
"type": "cell-start"}
,
{
"node": "d",
"type": "field-start",
"subtype": "wp"}
,
{
"node": "l",
"frag": "[in-dab]-e-meš",
"id": "P347728.l4ecef",
"ref": "P347728.15.1",
"inst": "dab[seize]V/t",
"sig": "@dcclt%sux:in-dab-e-meš=dab[seize//seize]V/t'V/t$V.n:dab;e.*a,meš/dab#V.n:~;e.*a,meš",
"f": {"lang": "sux",
"form": "in-dab-e-meš",
"cf": "dab",
"gw": "seize",
"sense": "seize",
"norm0": "V.n:dab;e.*a,meš",
"pos": "V/t",
"epos": "V/t",
"base": "dab",
"morph": "V.n:~;e.*a,meš"}
}
,
{
"node": "d",
"type": "field-end",
"subtype": "wp"}
,
{
"node": "d",
"type": "cell-end"}
,
{
"node": "d",
"type": "cell-start"}
,
{
"node": "d",
"type": "field-start",
"subtype": "eq"}
,
{
"node": "l",
"frag": "i-ṣab-bat-[tu]",
"id": "P347728.l4ecf0",
"ref": "P347728.15.2",
"inst": "+ṣabātu[seize]V$iṣabbattu",
"sig": "@dcclt%akk:i-ṣab-bat-tu=ṣabātu[seize//seize]V'V$iṣabbattu",
"f": {"lang": "akk",
"form": "i-ṣab-bat-tu",
"cf": "ṣabātu",
"gw": "seize",
"sense": "seize",
"norm": "iṣabbattu",
"pos": "V",
"epos": "V"}
}
,
{
"node": "d",
"type": "field-end",
"subtype": "eq"}
,
{
"node": "d",
"type": "cell-end"}
,
{
"node": "d",
"type": "line-start",
"ref": "P347728.16",
"n": "13'",
"label": "o 13'"}
,
{
"node": "d",
"type": "cell-start"}
,
{
"node": "d",
"type": "field-start",
"subtype": "wp"}
,
{
"node": "l",
"frag": "[in]-sar",
"id": "P347728.l4ecf1",
"ref": "P347728.16.1",
"inst": "sar[to write]V/t",
"sig": "@dcclt%sux:in-sar=sar[write//to write]V/t'V/t$V.n:sar/sar#V.n:~",
"f": {"lang": "sux",
"form": "in-sar",
"cf": "sar",
"gw": "write",
"sense": "to write",
"norm0": "V.n:sar",
"pos": "V/t",
"epos": "V/t",
"base": "sar",
"morph": "V.n:~"}
}
,
{
"node": "d",
"type": "field-end",
"subtype": "wp"}
,
{
"node": "d",
"type": "cell-end"}
,
{
"node": "d",
"type": "cell-start"}
,
{
"node": "d",
"type": "field-start",
"subtype": "eq"}
,
{
"node": "l",
"frag": "iš-[ṭur]",
"id": "P347728.l4ecf2",
"ref": "P347728.16.2",
"inst": "išṭur[write]V",
"sig": "@dcclt%akk:iš-ṭur=šaṭāru[write (down)//write]V'V$išṭur",
"f": {"lang": "akk",
"form": "iš-ṭur",
"cf": "šaṭāru",
"gw": "write (down)",
"sense": "write",
"norm": "išṭur",
"pos": "V",
"epos": "V"}
}
,
{
"node": "d",
"type": "field-end",
"subtype": "eq"}
,
{
"node": "d",
"type": "cell-end"}
,
{
"node": "d",
"type": "line-start",
"ref": "P347728.17",
"n": "14'",
"label": "o 14'"}
,
{
"node": "d",
"type": "cell-start"}
,
{
"node": "d",
"type": "field-start",
"subtype": "wp"}
,
{
"node": "l",
"frag": "[in-sar]-⸢e⸣",
"id": "P347728.l4ecf3",
"ref": "P347728.17.1",
"inst": "sar[to write]V/t",
"sig": "@dcclt%sux:in-sar-e=sar[write//to write]V/t'V/t$V.n:sar;e/sar#V.n:~;e",
"f": {"lang": "sux",
"form": "in-sar-e",
"cf": "sar",
"gw": "write",
"sense": "to write",
"norm0": "V.n:sar;e",
"pos": "V/t",
"epos": "V/t",
"base": "sar",
"morph": "V.n:~;e"}
}
,
{
"node": "d",
"type": "field-end",
"subtype": "wp"}
,
{
"node": "d",
"type": "cell-end"}
,
{
"node": "d",
"type": "cell-start"}
,
{
"node": "d",
"type": "field-start",
"subtype": "eq"}
,
{
"node": "l",
"frag": "i-šaṭ-[ṭar]",
"id": "P347728.l4ecf4",
"ref": "P347728.17.2",
"inst": "šaṭāru[write]V$išaṭṭar",
"sig": "@dcclt%akk:i-šaṭ-ṭar=šaṭāru[write (down)//write]V'V$išaṭṭar",
"f": {"lang": "akk",
"form": "i-šaṭ-ṭar",
"cf": "šaṭāru",
"gw": "write (down)",
"sense": "write",
"norm": "išaṭṭar",
"pos": "V",
"epos": "V"}
}
,
{
"node": "d",
"type": "field-end",
"subtype": "eq"}
,
{
"node": "d",
"type": "cell-end"}
,
{
"node": "d",
"type": "line-start",
"ref": "P347728.18",
"n": "15'",
"label": "o 15'"}
,
{
"node": "d",
"type": "cell-start"}
,
{
"node": "d",
"type": "field-start",
"subtype": "wp"}
,
{
"node": "l",
"frag": "[in-sar-e-meš]",
"id": "P347728.l4ecf5",
"ref": "P347728.18.1",
"inst": "sar[to write]V/t",
"sig": "@dcclt%sux:in-sar-e-meš=sar[write//to write]V/t'V/t$V.n:sar;e.*a,meš/sar#V.n:~;e.*a,meš",
"f": {"lang": "sux",
"form": "in-sar-e-meš",
"cf": "sar",
"gw": "write",
"sense": "to write",
"norm0": "V.n:sar;e.*a,meš",
"pos": "V/t",
"epos": "V/t",
"base": "sar",
"morph": "V.n:~;e.*a,meš"}
}
,
{
"node": "d",
"type": "field-end",
"subtype": "wp"}
,
{
"node": "d",
"type": "cell-end"}
,
{
"node": "d",
"type": "cell-start"}
,
{
"node": "d",
"type": "field-start",
"subtype": "eq"}
,
{
"node": "l",
"frag": "⸢i-šaṭ⸣-[ṭa-ru]",
"id": "P347728.l4ecf6",
"ref": "P347728.18.2",
"inst": "išaṭṭarū[write]V",
"sig": "@dcclt%akk:i-šaṭ-ṭa-ru=šaṭāru[write (down)//write]V'V$išaṭṭarū",
"f": {"lang": "akk",
"form": "i-šaṭ-ṭa-ru",
"cf": "šaṭāru",
"gw": "write (down)",
"sense": "write",
"norm": "išaṭṭarū",
"pos": "V",
"epos": "V"}
}
,
{
"node": "d",
"type": "field-end",
"subtype": "eq"}
,
{
"node": "d",
"type": "cell-end"}
,
{
"node": "d",
"type": "nonx",
"ref": "P347728.19",
"strict": "1",
"extent": "rest",
"scope": "line",
"state": "missing"}
,
{
"node": "d",
"subtype": "reverse",
"type": "surface",
"ref": "P347728.r.20",
"type": "reverse",
"label": "r"}
,
{
"node": "d",
"subtype": "column 1r '",
"type": "column",
"ref": "P347728.r.i_.21",
"n": "1",
"label": "r i'"}
,
{
"node": "d",
"type": "nonx",
"ref": "P347728.22",
"strict": "1",
"extent": "beginning",
"scope": "line",
"state": "missing"}
,
{
"node": "d",
"type": "line-start",
"ref": "P347728.23",
"n": "1'",
"label": "r i' 1'"}
,
{
"node": "d",
"type": "cell-start"}
,
{
"node": "d",
"type": "field-start",
"subtype": "wp"}
,
{
"node": "l",
"frag": "⸢šakanka⸣",
"id": "P347728.l4ecf7",
"ref": "P347728.23.1",
"inst": "šakanka[market-price]N",
"sig": "@dcclt%sux:šakanka=šakanka[market//market-price]N'N$šakanka/šakanka#~",
"f": {"lang": "sux",
"form": "šakanka",
"cf": "šakanka",
"gw": "market",
"sense": "market-price",
"norm0": "šakanka",
"pos": "N",
"epos": "N",
"base": "šakanka",
"morph": "~"}
}
,
{
"node": "l",
"frag": "[...]",
"id": "P347728.l4ecf8",
"ref": "P347728.23.2",
"inst": "u",
"f": {"lang": "sux",
"form": "x",
"pos": "u"}
}
,
{
"node": "d",
"type": "field-end",
"subtype": "wp"}
,
{
"node": "d",
"type": "cell-end"}
,
{
"node": "d",
"type": "cell-start"}
,
{
"node": "d",
"type": "field-start",
"subtype": "eq"}
,
{
"node": "l",
"frag": "[...]",
"id": "P347728.l4ecf9",
"ref": "P347728.23.3",
"inst": "u",
"f": {"lang": "akk",
"form": "x",
"pos": "u"}
}
,
{
"node": "d",
"type": "field-end",
"subtype": "eq"}
,
{
"node": "d",
"type": "cell-end"}
,
{
"node": "d",
"type": "line-start",
"ref": "P347728.24",
"n": "2'",
"label": "r i' 2'"}
,
{
"node": "d",
"type": "cell-start"}
,
{
"node": "d",
"type": "field-start",
"subtype": "wp"}
,
{
"node": "l",
"frag": "⸢šakanka⸣",
"id": "P347728.l4ecfa",
"ref": "P347728.24.1",
"inst": "šakanka[market-price]N",
"sig": "@dcclt%sux:šakanka=šakanka[market//market-price]N'N$šakanka/šakanka#~",
"f": {"lang": "sux",
"form": "šakanka",
"cf": "šakanka",
"gw": "market",
"sense": "market-price",
"norm0": "šakanka",
"pos": "N",
"epos": "N",
"base": "šakanka",
"morph": "~"}
}
,
{
"node": "l",
"frag": "[...]",
"id": "P347728.l4ecfb",
"ref": "P347728.24.2",
"inst": "u",
"f": {"lang": "sux",
"form": "x",
"pos": "u"}
}
,
{
"node": "d",
"type": "field-end",
"subtype": "wp"}
,
{
"node": "d",
"type": "cell-end"}
,
{
"node": "d",
"type": "cell-start"}
,
{
"node": "d",
"type": "field-start",
"subtype": "eq"}
,
{
"node": "l",
"frag": "[...]",
"id": "P347728.l4ecfc",
"ref": "P347728.24.3",
"inst": "u",
"f": {"lang": "akk",
"form": "x",
"pos": "u"}
}
,
{
"node": "d",
"type": "field-end",
"subtype": "eq"}
,
{
"node": "d",
"type": "cell-end"}
,
{
"node": "d",
"type": "line-start",
"ref": "P347728.25",
"n": "3'",
"label": "r i' 3'"}
,
{
"node": "d",
"type": "cell-start"}
,
{
"node": "d",
"type": "field-start",
"subtype": "wp"}
,
{
"node": "l",
"frag": "⸢šakanka⸣",
"id": "P347728.l4ecfd",
"ref": "P347728.25.1",
"inst": "šakanka[market-price]N",
"sig": "@dcclt%sux:šakanka=šakanka[market//market-price]N'N$šakanka/šakanka#~",
"f": {"lang": "sux",
"form": "šakanka",
"cf": "šakanka",
"gw": "market",
"sense": "market-price",
"norm0": "šakanka",
"pos": "N",
"epos": "N",
"base": "šakanka",
"morph": "~"}
}
,
{
"node": "l",
"frag": "[...]",
"id": "P347728.l4ecfe",
"ref": "P347728.25.2",
"inst": "u",
"f": {"lang": "sux",
"form": "x",
"pos": "u"}
}
,
{
"node": "d",
"type": "field-end",
"subtype": "wp"}
,
{
"node": "d",
"type": "cell-end"}
,
{
"node": "d",
"type": "cell-start"}
,
{
"node": "d",
"type": "field-start",
"subtype": "eq"}
,
{
"node": "l",
"frag": "[...]",
"id": "P347728.l4ecff",
"ref": "P347728.25.3",
"inst": "u",
"f": {"lang": "akk",
"form": "x",
"pos": "u"}
}
,
{
"node": "d",
"type": "field-end",
"subtype": "eq"}
,
{
"node": "d",
"type": "cell-end"}
,
{
"node": "d",
"type": "line-start",
"ref": "P347728.26",
"n": "4'",
"label": "r i' 4'"}
,
{
"node": "d",
"type": "cell-start"}
,
{
"node": "d",
"type": "field-start",
"subtype": "wp"}
,
{
"node": "l",
"frag": "⸢šakanka⸣",
"id": "P347728.l4ed00",
"ref": "P347728.26.1",
"inst": "šakanka[market-price]N",
"sig": "@dcclt%sux:šakanka=šakanka[market//market-price]N'N$šakanka/šakanka#~",
"f": {"lang": "sux",
"form": "šakanka",
"cf": "šakanka",
"gw": "market",
"sense": "market-price",
"norm0": "šakanka",
"pos": "N",
"epos": "N",
"base": "šakanka",
"morph": "~"}
}
,
{
"node": "l",
"frag": "[...]",
"id": "P347728.l4ed01",
"ref": "P347728.26.2",
"inst": "u",
"f": {"lang": "sux",
"form": "x",
"pos": "u"}
}
,
{
"node": "d",
"type": "field-end",
"subtype": "wp"}
,
{
"node": "d",
"type": "cell-end"}
,
{
"node": "d",
"type": "cell-start"}
,
{
"node": "d",
"type": "field-start",
"subtype": "eq"}
,
{
"node": "l",
"frag": "[...]",
"id": "P347728.l4ed02",
"ref": "P347728.26.3",
"inst": "u",
"f": {"lang": "akk",
"form": "x",
"pos": "u"}
}
,
{
"node": "d",
"type": "field-end",
"subtype": "eq"}
,
{
"node": "d",
"type": "cell-end"}
,
{
"node": "d",
"type": "line-start",
"ref": "P347728.27",
"n": "5'",
"label": "r i' 5'"}
,
{
"node": "d",
"type": "cell-start"}
,
{
"node": "d",
"type": "field-start",
"subtype": "wp"}
,
{
"node": "l",
"frag": "⸢šakanka⸣",
"id": "P347728.l4ed03",
"ref": "P347728.27.1",
"inst": "šakanka[market-price]N",
"sig": "@dcclt%sux:šakanka=šakanka[market//market-price]N'N$šakanka/šakanka#~",
"f": {"lang": "sux",
"form": "šakanka",
"cf": "šakanka",
"gw": "market",
"sense": "market-price",
"norm0": "šakanka",
"pos": "N",
"epos": "N",
"base": "šakanka",
"morph": "~"}
}
,
{
"node": "l",
"frag": "[...]",
"id": "P347728.l4ed04",
"ref": "P347728.27.2",
"inst": "u",
"f": {"lang": "sux",
"form": "x",
"pos": "u"}
}
,
{
"node": "d",
"type": "field-end",
"subtype": "wp"}
,
{
"node": "d",
"type": "cell-end"}
,
{
"node": "d",
"type": "cell-start"}
,
{
"node": "d",
"type": "field-start",
"subtype": "eq"}
,
{
"node": "l",
"frag": "[...]",
"id": "P347728.l4ed05",
"ref": "P347728.27.3",
"inst": "u",
"f": {"lang": "akk",
"form": "x",
"pos": "u"}
}
,
{
"node": "d",
"type": "field-end",
"subtype": "eq"}
,
{
"node": "d",
"type": "cell-end"}
,
{
"node": "d",
"type": "line-start",
"ref": "P347728.28",
"n": "6'",
"label": "r i' 6'"}
,
{
"node": "d",
"type": "cell-start"}
,
{
"node": "d",
"type": "field-start",
"subtype": "wp"}
,
{
"node": "l",
"frag": "⸢šakanka⸣",
"id": "P347728.l4ed06",
"ref": "P347728.28.1",
"inst": "šakanka[market-price]N",
"sig": "@dcclt%sux:šakanka=šakanka[market//market-price]N'N$šakanka/šakanka#~",
"f": {"lang": "sux",
"form": "šakanka",
"cf": "šakanka",
"gw": "market",
"sense": "market-price",
"norm0": "šakanka",
"pos": "N",
"epos": "N",
"base": "šakanka",
"morph": "~"}
}
,
{
"node": "l",
"frag": "[...]",
"id": "P347728.l4ed07",
"ref": "P347728.28.2",
"inst": "u",
"f": {"lang": "sux",
"form": "x",
"pos": "u"}
}
,
{
"node": "d",
"type": "field-end",
"subtype": "wp"}
,
{
"node": "d",
"type": "cell-end"}
,
{
"node": "d",
"type": "cell-start"}
,
{
"node": "d",
"type": "field-start",
"subtype": "eq"}
,
{
"node": "l",
"frag": "[...]",
"id": "P347728.l4ed08",
"ref": "P347728.28.3",
"inst": "u",
"f": {"lang": "akk",
"form": "x",
"pos": "u"}
}
,
{
"node": "d",
"type": "field-end",
"subtype": "eq"}
,
{
"node": "d",
"type": "cell-end"}
,
{
"node": "d",
"type": "nonx",
"ref": "P347728.29",
"strict": "1",
"extent": "1",
"scope": "line",
"state": "ruling"}
,
{
"node": "d",
"type": "line-start",
"ref": "P347728.30",
"n": "7'",
"label": "r i' 7'"}
,
{
"node": "d",
"type": "cell-start"}
,
{
"node": "d",
"type": "field-start",
"subtype": "wp"}
,
{
"node": "l",
"frag": "⸢šakanka⸣",
"id": "P347728.l4ed09",
"ref": "P347728.30.1",
"inst": "šakanka[market-price]N",
"sig": "@dcclt%sux:šakanka=šakanka[market//market-price]N'N$šakanka/šakanka#~",
"f": {"lang": "sux",
"form": "šakanka",
"cf": "šakanka",
"gw": "market",
"sense": "market-price",
"norm0": "šakanka",
"pos": "N",
"epos": "N",
"base": "šakanka",
"morph": "~"}
}
,
{
"node": "l",
"frag": "[...]",
"id": "P347728.l4ed0a",
"ref": "P347728.30.2",
"inst": "u",
"f": {"lang": "sux",
"form": "x",
"pos": "u"}
}
,
{
"node": "d",
"type": "field-end",
"subtype": "wp"}
,
{
"node": "d",
"type": "cell-end"}
,
{
"node": "d",
"type": "cell-start"}
,
{
"node": "d",
"type": "field-start",
"subtype": "eq"}
,
{
"node": "l",
"frag": "[...]",
"id": "P347728.l4ed0b",
"ref": "P347728.30.3",
"inst": "u",
"f": {"lang": "akk",
"form": "x",
"pos": "u"}
}
,
{
"node": "d",
"type": "field-end",
"subtype": "eq"}
,
{
"node": "d",
"type": "cell-end"}
,
{
"node": "d",
"type": "nonx",
"ref": "P347728.31",
"strict": "1",
"extent": "rest",
"scope": "line",
"state": "missing"}
,
{
"node": "d",
"subtype": "column 2r '",
"type": "column",
"ref": "P347728.r.ii_.32",
"n": "2",
"label": "r ii'"}
,
{
"node": "d",
"type": "nonx",
"ref": "P347728.33",
"strict": "1",
"extent": "beginning",
"scope": "line",
"state": "missing"}
,
{
"node": "d",
"type": "line-start",
"ref": "P347728.34",
"n": "1'",
"label": "r ii' 1'"}
,
{
"node": "d",
"type": "cell-start"}
,
{
"node": "d",
"type": "field-start",
"subtype": "wp"}
,
{
"node": "l",
"frag": "[...]",
"id": "P347728.l4ed0c",
"ref": "P347728.34.1",
"inst": "u",
"f": {"lang": "sux",
"form": "x",
"pos": "u"}
}
,
{
"node": "d",
"type": "field-end",
"subtype": "wp"}
,
{
"node": "d",
"type": "cell-end"}
,
{
"node": "d",
"type": "cell-start"}
,
{
"node": "d",
"type": "field-start",
"subtype": "eq"}
,
{
"node": "d",
"type": "nonw",
"ref": "P347728.34.2",
"lang": "akk",
"type": "surro"}
,
{
"node": "l",
"id": "P347728.l4ed0d",
"ref": "P347728.34.3",
"inst": "mahīru[market]N",
"sig": "@dcclt%akk:ma-hi-ru=mahīru[price//market]N'N$mahīru",
"f": {"lang": "akk",
"form": "ma-hi-ru",
"cf": "mahīru",
"gw": "price",
"sense": "market",
"norm": "mahīru",
"pos": "N",
"epos": "N"}
}
,
{
"node": "l",
"frag": "⸢ša₂-maš⸣-šam-[mu]",
"id": "P347728.l4ed0e",
"ref": "P347728.34.4",
"inst": "šamaššammū[sesame]N",
"sig": "@dcclt%akk:ša₂-maš-šam-mu=šamaššammū[sesame//sesame]N'N$šamaššammū",
"f": {"lang": "akk",
"form": "ša₂-maš-šam-mu",
"cf": "šamaššammū",
"gw": "sesame",
"sense": "sesame",
"norm": "šamaššammū",
"pos": "N",
"epos": "N"}
}
,
{
"node": "d",
"type": "field-end",
"subtype": "eq"}
,
{
"node": "d",
"type": "cell-end"}
,
{
"node": "d",
"type": "line-start",
"ref": "P347728.35",
"n": "2'",
"label": "r ii' 2'"}
,
{
"node": "d",
"type": "cell-start"}
,
{
"node": "d",
"type": "field-start",
"subtype": "wp"}
,
{
"node": "l",
"frag": "[...]",
"id": "P347728.l4ed0f",
"ref": "P347728.35.1",
"inst": "u",
"f": {"lang": "sux",
"form": "x",
"pos": "u"}
}
,
{
"node": "d",
"type": "field-end",
"subtype": "wp"}
,
{
"node": "d",
"type": "cell-end"}
,
{
"node": "d",
"type": "cell-start"}
,
{
"node": "d",
"type": "field-start",
"subtype": "eq"}
,
{
"node": "d",
"type": "nonw",
"ref": "P347728.35.2",
"lang": "akk",
"type": "surro"}
,
{
"node": "l",
"id": "P347728.l4ed10",
"ref": "P347728.35.3",
"inst": "mahīru[market]N",
"sig": "@dcclt%akk:ma-hi-ru=mahīru[price//market]N'N$mahīru",
"f": {"lang": "akk",
"form": "ma-hi-ru",
"cf": "mahīru",
"gw": "price",
"sense": "market",
"norm": "mahīru",
"pos": "N",
"epos": "N"}
}
,
{
"node": "l",
"frag": "⸢su⸣-lu-up-⸢pu⸣",
"id": "P347728.l4ed11",
"ref": "P347728.35.4",
"inst": "suluppū[date]N",
"sig": "@dcclt%akk:su-lu-up-pu=suluppu[date//date]N'N$suluppū",
"f": {"lang": "akk",
"form": "su-lu-up-pu",
"cf": "suluppu",
"gw": "date",
"sense": "date",
"norm": "suluppū",
"pos": "N",
"epos": "N"}
}
,
{
"node": "d",
"type": "field-end",
"subtype": "eq"}
,
{
"node": "d",
"type": "cell-end"}
,
{
"node": "d",
"type": "line-start",
"ref": "P347728.36",
"n": "3'",
"label": "r ii' 3'"}
,
{
"node": "d",
"type": "cell-start"}
,
{
"node": "d",
"type": "field-start",
"subtype": "wp"}
,
{
"node": "l",
"frag": "[...]",
"id": "P347728.l4ed12",
"ref": "P347728.36.1",
"inst": "u",
"f": {"lang": "sux",
"form": "x",
"pos": "u"}
}
,
{
"node": "d",
"type": "field-end",
"subtype": "wp"}
,
{
"node": "d",
"type": "cell-end"}
,
{
"node": "d",
"type": "cell-start"}
,
{
"node": "d",
"type": "field-start",
"subtype": "eq"}
,
{
"node": "d",
"type": "nonw",
"ref": "P347728.36.2",
"lang": "akk",
"type": "surro"}
,
{
"node": "l",
"id": "P347728.l4ed13",
"ref": "P347728.36.3",
"inst": "mahīru[market]N",
"sig": "@dcclt%akk:ma-hi-ru=mahīru[price//market]N'N$mahīru",
"f": {"lang": "akk",
"form": "ma-hi-ru",
"cf": "mahīru",
"gw": "price",
"sense": "market",
"norm": "mahīru",
"pos": "N",
"epos": "N"}
}
,
{
"node": "l",
"frag": "⸢a⸣-lu",
"id": "P347728.l4ed14",
"ref": "P347728.36.4",
"inst": "ālu[city]N",
"sig": "@dcclt%akk:a-lu=ālu[city//city]N'N$ālu",
"f": {"lang": "akk",
"form": "a-lu",
"cf": "ālu",
"gw": "city",
"sense": "city",
"norm": "ālu",
"pos": "N",
"epos": "N"}
}
,
{
"node": "d",
"type": "field-end",
"subtype": "eq"}
,
{
"node": "d",
"type": "cell-end"}
,
{
"node": "d",
"type": "line-start",
"ref": "P347728.37",
"n": "4'",
"label": "r ii' 4'"}
,
{
"node": "d",
"type": "cell-start"}
,
{
"node": "d",
"type": "field-start",
"subtype": "wp"}
,
{
"node": "l",
"frag": "[...]",
"id": "P347728.l4ed15",
"ref": "P347728.37.1",
"inst": "u",
"f": {"lang": "sux",
"form": "x",
"pos": "u"}
}
,
{
"node": "d",
"type": "field-end",
"subtype": "wp"}
,
{
"node": "d",
"type": "cell-end"}
,
{
"node": "d",
"type": "cell-start"}
,
{
"node": "d",
"type": "field-start",
"subtype": "eq"}
,
{
"node": "d",
"type": "nonw",
"ref": "P347728.37.2",
"lang": "akk",
"type": "surro"}
,
{
"node": "l",
"id": "P347728.l4ed16",
"ref": "P347728.37.3",
"inst": "mahīru[market]N",
"sig": "@dcclt%akk:ma-hi-ru=mahīru[price//market]N'N$mahīru",
"f": {"lang": "akk",
"form": "ma-hi-ru",
"cf": "mahīru",
"gw": "price",
"sense": "market",
"norm": "mahīru",
"pos": "N",
"epos": "N"}
}
,
{
"node": "d",
"type": "nonw",
"ref": "P347728.37.4",
"lang": "akk",
"type": "surro"}
,
{
"node": "l",
"id": "P347728.l4ed17",
"ref": "P347728.37.5",
"inst": "ālu[city]N",
"sig": "@dcclt%akk:a-lu=ālu[city//city]N'N$ālu",
"f": {"lang": "akk",
"form": "a-lu",
"cf": "ālu",
"gw": "city",
"sense": "city",
"norm": "ālu",
"pos": "N",
"epos": "N"}
}
,
{
"node": "l",
"frag": "il-la-ʾu",
"id": "P347728.l4ed18",
"ref": "P347728.37.6",
"inst": "X",
"f": {"lang": "akk",
"form": "il-la-ʾu",
"pos": "X"}
}
,
{
"node": "d",
"type": "field-end",
"subtype": "eq"}
,
{
"node": "d",
"type": "cell-end"}
,
{
"node": "d",
"type": "line-start",
"ref": "P347728.38",
"n": "5'",
"label": "r ii' 5'"}
,
{
"node": "d",
"type": "cell-start"}
,
{
"node": "d",
"type": "field-start",
"subtype": "wp"}
,
{
"node": "l",
"frag": "[...]",
"id": "P347728.l4ed19",
"ref": "P347728.38.1",
"inst": "u",
"f": {"lang": "sux",
"form": "x",
"pos": "u"}
}
,
{
"node": "d",
"type": "field-end",
"subtype": "wp"}
,
{
"node": "d",
"type": "cell-end"}
,
{
"node": "d",
"type": "cell-start"}
,
{
"node": "d",
"type": "field-start",
"subtype": "eq"}
,
{
"node": "l",
"frag": "[...]-⸢x⸣",
"id": "P347728.l4ed1a",
"ref": "P347728.38.2",
"inst": "u",
"f": {"lang": "akk",
"form": "x-x",
"pos": "u"}
}
,
{
"node": "l",
"frag": "i-šaq-qu₂",
"id": "P347728.l4ed1b",
"ref": "P347728.38.3",
"inst": "+šaqû[be(come) high]V$išaqqū",
"sig": "@dcclt%akk:i-šaq-qu₂=šaqû[be(come) high//be(come) high]V'V$išaqqū",
"f": {"lang": "akk",
"form": "i-šaq-qu₂",
"cf": "šaqû",
"gw": "be(come) high",
"sense": "be(come) high",
"norm": "išaqqū",
"pos": "V",
"epos": "V"}
}
,
{
"node": "d",
"type": "field-end",
"subtype": "eq"}
,
{
"node": "d",
"type": "cell-end"}
,
{
"node": "d",
"type": "line-start",
"ref": "P347728.39",
"n": "6'",
"label": "r ii' 6'"}
,
{
"node": "d",
"type": "cell-start"}
,
{
"node": "d",
"type": "field-start",
"subtype": "wp"}
,
{
"node": "l",
"frag": "[...]",
"id": "P347728.l4ed1c",
"ref": "P347728.39.1",
"inst": "u",
"f": {"lang": "sux",
"form": "x",
"pos": "u"}
}
,
{
"node": "d",
"type": "field-end",
"subtype": "wp"}
,
{
"node": "d",
"type": "cell-end"}
,
{
"node": "d",
"type": "cell-start"}
,
{
"node": "d",
"type": "field-start",
"subtype": "eq"}
,
{
"node": "l",
"frag": "[lib]-bi",
"id": "P347728.l4ed1d",
"ref": "P347728.39.2",
"inst": "+libbu[inner body//interior]N'N$libbi",
"sig": "@dcclt%akk:lib-bi=libbu[inner body//interior]N'N$libbi",
"f": {"lang": "akk",
"form": "lib-bi",
"cf": "libbu",
"gw": "inner body",
"sense": "interior",
"norm": "libbi",
"pos": "N",
"epos": "N"}
}
,
{
"node": "d",
"type": "field-end",
"subtype": "eq"}
,
{
"node": "d",
"type": "cell-end"}
,
{
"node": "d",
"type": "line-start",
"ref": "P347728.40",
"n": "7'",
"label": "r ii' 7'"}
,
{
"node": "d",
"type": "cell-start"}
,
{
"node": "d",
"type": "field-start",
"subtype": "wp"}
,
{
"node": "l",
"frag": "[...]",
"id": "P347728.l4ed1e",
"ref": "P347728.40.1",
"inst": "u",
"f": {"lang": "sux",
"form": "x",
"pos": "u"}
}
,
{
"node": "d",
"type": "field-end",
"subtype": "wp"}
,
{
"node": "d",
"type": "cell-end"}
,
{
"node": "d",
"type": "cell-start"}
,
{
"node": "d",
"type": "field-start",
"subtype": "eq"}
,
{
"node": "l",
"frag": "[...]-⸢šu₂⸣",
"id": "P347728.l4ed1f",
"ref": "P347728.40.2",
"inst": "u",
"f": {"lang": "akk",
"form": "x-šu₂",
"pos": "u"}
}
,
{
"node": "d",
"type": "field-end",
"subtype": "eq"}
,
{
"node": "d",
"type": "cell-end"}
,
{
"node": "d",
"type": "nonx",
"ref": "P347728.41",
"strict": "1",
"extent": "rest",
"scope": "line",
"state": "missing"}
]}
]}
]}
]}
