{
"type": "cdl",
  "source": "http://oracc.org/dcclt",
  "license": "This data is released under the CC0 license",
  "license-url": "https://creativecommons.org/publicdomain/zero/1.0/",
  "more-info": "http://oracc.org/doc/opendata/",
  "UTC-timestamp": "2017-05-19T18:26:26",
"project": "dcclt",
"textid": "P349893",
"cdl": [
{
"node": "c",
"type": "text",
"id": "P349893.U0",
"cdl": [
{
"node": "d",
"type": "object",
"ref": ""}
,
{
"node": "d",
"type": "surface",
"ref": ""}
,
{
"node": "c",
"type": "discourse",
"subtype": "body",
"id": "P349893.U1",
"cdl": [
{
"node": "c",
"type": "sentence",
"id": "P349893.U2",
"label": "1 - 11",
"cdl": [
{
"node": "d",
"type": "line-start",
"ref": "P349893.1",
"n": "1",
"label": "1"}
,
{
"node": "d",
"type": "cell-start"}
,
{
"node": "d",
"type": "field-start",
"subtype": "wp"}
,
{
"node": "l",
"frag": "{ŋeš}ma₂",
"id": "P349893.l31631",
"ref": "P349893.1.1",
"inst": "ma[ship]",
"sig": "@dcclt%sux:{ŋeš}ma₂=ma[ship//ship, boat]N'N$ma/{ŋeš}ma₂#~",
"f": {"lang": "sux",
"form": "{ŋeš}ma₂",
"cf": "ma",
"gw": "ship",
"sense": "ship, boat",
"norm0": "ma",
"pos": "N",
"epos": "N",
"base": "{ŋeš}ma₂",
"morph": "~"}
}
,
{
"node": "d",
"type": "field-end",
"subtype": "wp"}
,
{
"node": "d",
"type": "cell-end"}
,
{
"node": "d",
"type": "cell-start"}
,
{
"node": "d",
"type": "field-start",
"subtype": "eq"}
,
{
"node": "l",
"frag": "⸢ma⸣-kur-u₂",
"id": "P349893.l31632",
"ref": "P349893.1.2",
"inst": "makūru[(processional) boat]N$",
"sig": "@dcclt%akk:ma-kur-u₂=makūru[(processional) boat//(processional) boat]N'N$makūru",
"f": {"lang": "akk",
"form": "ma-kur-u₂",
"cf": "makūru",
"gw": "(processional) boat",
"sense": "(processional) boat",
"norm": "makūru",
"pos": "N",
"epos": "N"}
}
,
{
"node": "d",
"type": "field-end",
"subtype": "eq"}
,
{
"node": "d",
"type": "cell-end"}
,
{
"node": "d",
"type": "line-start",
"ref": "P349893.2",
"n": "2",
"label": "2"}
,
{
"node": "d",
"type": "cell-start"}
,
{
"node": "d",
"type": "field-start",
"subtype": "wp"}
,
{
"node": "l",
"frag": "{ŋeš}eš₂",
"id": "P349893.l31633",
"ref": "P349893.2.1",
"inst": "eš[rope]",
"sig": "@dcclt%sux:{ŋeš}eš₂=eš[rope//rope]N'N$eš/{ŋeš}eš₂#~",
"f": {"lang": "sux",
"form": "{ŋeš}eš₂",
"cf": "eš",
"gw": "rope",
"sense": "rope",
"norm0": "eš",
"pos": "N",
"epos": "N",
"base": "{ŋeš}eš₂",
"morph": "~"}
}
,
{
"node": "l",
"frag": "ma₂",
"id": "P349893.l31634",
"ref": "P349893.2.2",
"inst": "ma[ship]",
"sig": "@dcclt%sux:ma₂=ma[ship//ship, boat]N'N$ma/ma₂#~",
"f": {"lang": "sux",
"form": "ma₂",
"cf": "ma",
"gw": "ship",
"sense": "ship, boat",
"norm0": "ma",
"pos": "N",
"epos": "N",
"base": "ma₂",
"morph": "~"}
}
,
{
"node": "d",
"type": "field-end",
"subtype": "wp"}
,
{
"node": "d",
"type": "cell-end"}
,
{
"node": "d",
"type": "cell-start"}
,
{
"node": "d",
"type": "field-start",
"subtype": "eq"}
,
{
"node": "l",
"frag": "šu-ma-mu-u₂",
"id": "P349893.l31635",
"ref": "P349893.2.3",
"inst": "šummammu[halter]N",
"sig": "@dcclt%akk:šu-ma-mu-u₂=šummannu[halter//halter, tether]N'N$šummammu",
"f": {"lang": "akk",
"form": "šu-ma-mu-u₂",
"cf": "šummannu",
"gw": "halter",
"sense": "halter, tether",
"norm": "šummammu",
"pos": "N",
"epos": "N"}
}
,
{
"node": "d",
"type": "field-end",
"subtype": "eq"}
,
{
"node": "d",
"type": "cell-end"}
,
{
"node": "d",
"type": "line-start",
"ref": "P349893.3",
"n": "3",
"label": "3"}
,
{
"node": "d",
"type": "cell-start"}
,
{
"node": "d",
"type": "field-start",
"subtype": "wp"}
,
{
"node": "l",
"frag": "{ŋeš}ama",
"id": "P349893.l31636",
"ref": "P349893.3.1",
"inst": "ema[cabin]",
"sig": "@dcclt%sux:{ŋeš}ama=ema[cabin//boat cabin]N'N$ema/{ŋeš}ama#~",
"f": {"lang": "sux",
"form": "{ŋeš}ama",
"cf": "ema",
"gw": "cabin",
"sense": "boat cabin",
"norm0": "ema",
"pos": "N",
"epos": "N",
"base": "{ŋeš}ama",
"morph": "~"}
}
,
{
"node": "d",
"type": "field-end",
"subtype": "wp"}
,
{
"node": "d",
"type": "cell-end"}
,
{
"node": "d",
"type": "cell-start"}
,
{
"node": "d",
"type": "field-start",
"subtype": "eq"}
,
{
"node": "l",
"frag": "hi-in-nu",
"id": "P349893.l31637",
"ref": "P349893.3.2",
"inst": "hinnu[ship's cabin]N$",
"sig": "@dcclt%akk:hi-in-nu=hinnu[ship's cabin//ship's cabin]N'N$hinnu",
"f": {"lang": "akk",
"form": "hi-in-nu",
"cf": "hinnu",
"gw": "ship's cabin",
"sense": "ship's cabin",
"norm": "hinnu",
"pos": "N",
"epos": "N"}
}
,
{
"node": "d",
"type": "field-end",
"subtype": "eq"}
,
{
"node": "d",
"type": "cell-end"}
,
{
"node": "d",
"type": "line-start",
"ref": "P349893.4",
"n": "4",
"label": "4"}
,
{
"node": "d",
"type": "cell-start"}
,
{
"node": "d",
"type": "field-start",
"subtype": "wp"}
,
{
"node": "l",
"frag": "{ŋeš}mudla(BU)",
"id": "P349893.l31638",
"ref": "P349893.4.1",
"inst": "madal[pole]",
"sig": "@dcclt%sux:{ŋeš}mudla(BU)=madal[pole//pole]N'N$madal/{ŋeš}mudla(BU)#~",
"f": {"lang": "sux",
"form": "{ŋeš}mudla(BU)",
"cf": "madal",
"gw": "pole",
"sense": "pole",
"norm0": "madal",
"pos": "N",
"epos": "N",
"base": "{ŋeš}mudla(BU)",
"morph": "~"}
}
,
{
"node": "d",
"type": "field-end",
"subtype": "wp"}
,
{
"node": "d",
"type": "cell-end"}
,
{
"node": "d",
"type": "cell-start"}
,
{
"node": "d",
"type": "field-start",
"subtype": "eq"}
,
{
"node": "l",
"frag": "ši-id-du-u₂",
"id": "P349893.l31639",
"ref": "P349893.4.2",
"inst": "šiddu[length]N$",
"sig": "@dcclt%akk:ši-id-du-u₂=šiddu[length//length]N'N$šiddu",
"f": {"lang": "akk",
"form": "ši-id-du-u₂",
"cf": "šiddu",
"gw": "length",
"sense": "length",
"norm": "šiddu",
"pos": "N",
"epos": "N"}
}
,
{
"node": "d",
"type": "field-end",
"subtype": "eq"}
,
{
"node": "d",
"type": "cell-end"}
,
{
"node": "d",
"type": "line-start",
"ref": "P349893.5",
"n": "5",
"label": "5"}
,
{
"node": "d",
"type": "cell-start"}
,
{
"node": "d",
"type": "field-start",
"subtype": "wp"}
,
{
"node": "l",
"frag": "{ŋeš}madla(BU)",
"id": "P349893.l3163a",
"ref": "P349893.5.1",
"inst": "madal[pole]",
"sig": "@dcclt%sux:{ŋeš}madla(BU)=madal[pole//pole]N'N$madal/{ŋeš}madla(BU)#~",
"f": {"lang": "sux",
"form": "{ŋeš}madla(BU)",
"cf": "madal",
"gw": "pole",
"sense": "pole",
"norm0": "madal",
"pos": "N",
"epos": "N",
"base": "{ŋeš}madla(BU)",
"morph": "~"}
}
,
{
"node": "d",
"type": "field-end",
"subtype": "wp"}
,
{
"node": "d",
"type": "cell-end"}
,
{
"node": "d",
"type": "cell-start"}
,
{
"node": "d",
"type": "field-start",
"subtype": "eq"}
,
{
"node": "d",
"type": "nonw",
"ref": "P349893.5.2",
"lang": "akk",
"type": "surro"}
,
{
"node": "l",
"id": "P349893.l3163b",
"ref": "P349893.5.3",
"inst": "šiddu[length]N$",
"sig": "@dcclt%akk:ši-id-du-u₂=šiddu[length//length]N'N$šiddu",
"f": {"lang": "akk",
"form": "ši-id-du-u₂",
"cf": "šiddu",
"gw": "length",
"sense": "length",
"norm": "šiddu",
"pos": "N",
"epos": "N"}
}
,
{
"node": "d",
"type": "field-end",
"subtype": "eq"}
,
{
"node": "d",
"type": "cell-end"}
,
{
"node": "d",
"type": "line-start",
"ref": "P349893.6",
"n": "6",
"label": "6"}
,
{
"node": "d",
"type": "cell-start"}
,
{
"node": "d",
"type": "field-start",
"subtype": "wp"}
,
{
"node": "l",
"frag": "{ŋeš}malla",
"id": "P349893.l3163c",
"ref": "P349893.6.1",
"inst": "malalum[container]",
"sig": "@dcclt%sux:{ŋeš}malla=malalum[container//a container]N'N$malalum/{ŋeš}malla#~",
"f": {"lang": "sux",
"form": "{ŋeš}malla",
"cf": "malalum",
"gw": "container",
"sense": "a container",
"norm0": "malalum",
"pos": "N",
"epos": "N",
"base": "{ŋeš}malla",
"morph": "~"}
}
,
{
"node": "d",
"type": "field-end",
"subtype": "wp"}
,
{
"node": "d",
"type": "cell-end"}
,
{
"node": "d",
"type": "cell-start"}
,
{
"node": "d",
"type": "field-start",
"subtype": "eq"}
,
{
"node": "l",
"frag": "ma-la-lu-u₂",
"id": "P349893.l3163d",
"ref": "P349893.6.2",
"inst": "maʾlalu[wooden mortar?]N$",
"sig": "@dcclt%akk:ma-la-lu-u₂=maʾlalu[wooden mortar?//wooden mortar?]N'N$maʾlalu",
"f": {"lang": "akk",
"form": "ma-la-lu-u₂",
"cf": "maʾlalu",
"gw": "wooden mortar?",
"sense": "wooden mortar?",
"norm": "maʾlalu",
"pos": "N",
"epos": "N"}
}
,
{
"node": "d",
"type": "field-end",
"subtype": "eq"}
,
{
"node": "d",
"type": "cell-end"}
,
{
"node": "d",
"type": "line-start",
"ref": "P349893.7",
"n": "7",
"label": "7"}
,
{
"node": "d",
"type": "cell-start"}
,
{
"node": "d",
"type": "field-start",
"subtype": "wp"}
,
{
"node": "l",
"frag": "{ŋeš}gazinbu{ga-zi-im-bi}",
"id": "P349893.l3163e",
"ref": "P349893.7.1",
"inst": "gazinbu[pole]",
"sig": "@dcclt%sux:{ŋeš}gazinbu{+ga-zi-im-bi}=gazinbu[pole//pole]N'N$gazinbu/{ŋeš}gazinbu{+ga-zi-im-bi}#~",
"f": {"lang": "sux",
"form": "{ŋeš}gazinbu{+ga-zi-im-bi}",
"cf": "gazinbu",
"gw": "pole",
"sense": "pole",
"norm0": "gazinbu",
"pos": "N",
"epos": "N",
"base": "{ŋeš}gazinbu{+ga-zi-im-bi}",
"morph": "~"}
}
,
{
"node": "d",
"type": "field-end",
"subtype": "wp"}
,
{
"node": "d",
"type": "cell-end"}
,
{
"node": "d",
"type": "cell-start"}
,
{
"node": "d",
"type": "field-start",
"subtype": "eq"}
,
{
"node": "d",
"type": "nonw",
"ref": "P349893.7.2",
"lang": "akk",
"type": "surro"}
,
{
"node": "l",
"id": "P349893.l3163f",
"ref": "P349893.7.3",
"inst": "gazamānu[(a pole)]N$gazimānu",
"sig": "@dcclt%akk-949:*=gazamānu[(a pole)//(a pole)]N'N$gazimānu",
"f": {"lang": "akk-949",
"form": "*",
"cf": "gazamānu",
"gw": "(a pole)",
"sense": "(a pole)",
"norm": "gazimānu",
"pos": "N",
"epos": "N"}
}
,
{
"node": "d",
"type": "field-end",
"subtype": "eq"}
,
{
"node": "d",
"type": "cell-end"}
,
{
"node": "d",
"type": "line-start",
"ref": "P349893.8",
"n": "8",
"label": "8"}
,
{
"node": "d",
"type": "cell-start"}
,
{
"node": "d",
"type": "field-start",
"subtype": "wp"}
,
{
"node": "l",
"frag": "{ŋeš}BU",
"id": "P349893.l31640",
"ref": "P349893.8.1",
"inst": "X",
"f": {"lang": "sux",
"form": "{ŋeš}BU",
"pos": "X"}
}
,
{
"node": "l",
"frag": "x-x",
"id": "P349893.l31641",
"ref": "P349893.8.2",
"inst": "u",
"f": {"lang": "sux",
"form": "x-x",
"pos": "u"}
}
,
{
"node": "d",
"type": "field-end",
"subtype": "wp"}
,
{
"node": "d",
"type": "cell-end"}
,
{
"node": "d",
"type": "cell-start"}
,
{
"node": "d",
"type": "field-start",
"subtype": "eq"}
,
{
"node": "l",
"frag": "ga-ši-šu",
"id": "P349893.l31642",
"ref": "P349893.8.3",
"inst": "gašīšu[stake]N$",
"sig": "@dcclt%akk:ga-ši-šu=gašīšu[stake//stake]N'N$gašīšu",
"f": {"lang": "akk",
"form": "ga-ši-šu",
"cf": "gašīšu",
"gw": "stake",
"sense": "stake",
"norm": "gašīšu",
"pos": "N",
"epos": "N"}
}
,
{
"node": "d",
"type": "field-end",
"subtype": "eq"}
,
{
"node": "d",
"type": "cell-end"}
,
{
"node": "d",
"type": "line-start",
"ref": "P349893.9",
"n": "9",
"label": "9"}
,
{
"node": "d",
"type": "cell-start"}
,
{
"node": "d",
"type": "field-start",
"subtype": "wp"}
,
{
"node": "l",
"frag": "ŋeš",
"id": "P349893.l31643",
"ref": "P349893.9.1",
"inst": "ŋeš[wood]",
"sig": "@dcclt%sux:ŋeš=ŋeš[tree//wood]N'N$ŋeš/ŋeš#~",
"f": {"lang": "sux",
"form": "ŋeš",
"cf": "ŋeš",
"gw": "tree",
"sense": "wood",
"norm0": "ŋeš",
"pos": "N",
"epos": "N",
"base": "ŋeš",
"morph": "~"}
}
,
{
"node": "d",
"type": "field-end",
"subtype": "wp"}
,
{
"node": "d",
"type": "cell-end"}
,
{
"node": "d",
"type": "cell-start"}
,
{
"node": "d",
"type": "field-start",
"subtype": "eq"}
,
{
"node": "l",
"frag": "ka-a-a-ma-nu",
"id": "P349893.l31644",
"ref": "P349893.9.2",
"inst": "+kayyamānu[permanent one//regular meaning]N'N$",
"sig": "@dcclt%akk:ka-a-a-ma-nu=kayyamānu[permanent one//regular meaning]N'N$kayyamānu",
"f": {"lang": "akk",
"form": "ka-a-a-ma-nu",
"cf": "kayyamānu",
"gw": "permanent one",
"sense": "regular meaning",
"norm": "kayyamānu",
"pos": "N",
"epos": "N"}
}
,
{
"node": "d",
"type": "field-end",
"subtype": "eq"}
,
{
"node": "d",
"type": "cell-end"}
,
{
"node": "d",
"type": "line-start",
"ref": "P349893.10",
"n": "10",
"label": "10"}
,
{
"node": "d",
"type": "cell-start"}
,
{
"node": "d",
"type": "field-start",
"subtype": "wp"}
,
{
"node": "l",
"frag": "{ŋeš}gi-im",
"id": "P349893.l31645",
"ref": "P349893.10.1",
"inst": "kim[willow]",
"sig": "@dcclt%sux:{ŋeš}gi-im=kim[willow//willow]N'N$kim/{ŋeš}gi-im#~",
"f": {"lang": "sux",
"form": "{ŋeš}gi-im",
"cf": "kim",
"gw": "willow",
"sense": "willow",
"norm0": "kim",
"pos": "N",
"epos": "N",
"base": "{ŋeš}gi-im",
"morph": "~"}
}
,
{
"node": "d",
"type": "field-end",
"subtype": "wp"}
,
{
"node": "d",
"type": "cell-end"}
,
{
"node": "d",
"type": "cell-start"}
,
{
"node": "d",
"type": "field-start",
"subtype": "eq"}
,
{
"node": "l",
"frag": "hi-le-pu",
"id": "P349893.l31646",
"ref": "P349893.10.2",
"inst": "hilēpu[willow]N",
"sig": "@dcclt%akk:hi-le-pu=hilēpu[willow//willow]N'N$hilēpu",
"f": {"lang": "akk",
"form": "hi-le-pu",
"cf": "hilēpu",
"gw": "willow",
"sense": "willow",
"norm": "hilēpu",
"pos": "N",
"epos": "N"}
}
,
{
"node": "d",
"type": "field-end",
"subtype": "eq"}
,
{
"node": "d",
"type": "cell-end"}
,
{
"node": "d",
"type": "line-start",
"ref": "P349893.11",
"n": "11",
"label": "11"}
,
{
"node": "d",
"type": "cell-start"}
,
{
"node": "d",
"type": "field-start",
"subtype": "wp"}
,
{
"node": "l",
"frag": "{ŋeš}sahar-<gid₂>",
"id": "P349893.l31647",
"ref": "P349893.11.1",
"inst": "sahargid[roller]",
"sig": "@dcclt%sux:{ŋeš}sahar-gid₂=sahargid[roller//roller]N'N$sahargid/{ŋeš}sahar-gid₂#~",
"f": {"lang": "sux",
"form": "{ŋeš}sahar-gid₂",
"cf": "sahargid",
"gw": "roller",
"sense": "roller",
"norm0": "sahargid",
"pos": "N",
"epos": "N",
"base": "{ŋeš}sahar-gid₂",
"morph": "~"}
}
,
{
"node": "d",
"type": "field-end",
"subtype": "wp"}
,
{
"node": "d",
"type": "cell-end"}
,
{
"node": "d",
"type": "cell-start"}
,
{
"node": "d",
"type": "field-start",
"subtype": "eq"}
,
{
"node": "l",
"frag": "ar-[gu-gu]",
"id": "P349893.l31648",
"ref": "P349893.11.2",
"inst": "argukku[roller]N$argugu",
"sig": "@dcclt%akk:ar-gu-gu=argukku[roller//roller]N'N$argugu",
"f": {"lang": "akk",
"form": "ar-gu-gu",
"cf": "argukku",
"gw": "roller",
"sense": "roller",
"norm": "argugu",
"pos": "N",
"epos": "N"}
}
,
{
"node": "d",
"type": "field-end",
"subtype": "eq"}
,
{
"node": "d",
"type": "cell-end"}
]}
]}
]}
]}
