{
"type": "cdl",
  "source": "http://oracc.org/dcclt",
  "license": "This data is released under the CC0 license",
  "license-url": "https://creativecommons.org/publicdomain/zero/1.0/",
  "more-info": "http://oracc.org/doc/opendata/",
  "UTC-timestamp": "2017-05-19T18:26:25",
"project": "dcclt",
"textid": "P349173",
"cdl": [
{
"node": "c",
"type": "text",
"id": "P349173.U0",
"cdl": [
{
"node": "d",
"type": "object",
"ref": ""}
,
{
"node": "d",
"subtype": "obverse",
"type": "surface",
"ref": "P349173.o.1",
"type": "obverse",
"label": "o"}
,
{
"node": "c",
"type": "discourse",
"subtype": "body",
"id": "P349173.U1",
"cdl": [
{
"node": "c",
"type": "sentence",
"id": "P349173.U2",
"label": "o 1 - o 3",
"cdl": [
{
"node": "d",
"type": "line-start",
"ref": "P349173.2",
"n": "1",
"label": "o 1"}
,
{
"node": "l",
"frag": "{[ŋeš}ig",
"id": "P349173.l1bb0e",
"ref": "P349173.2.1",
"inst": "ig[door]N",
"sig": "@dcclt%sux:{ŋeš}ig=ig[door//door]N'N$ig/{ŋeš}ig#~",
"f": {"lang": "sux",
"form": "{ŋeš}ig",
"cf": "ig",
"gw": "door",
"sense": "door",
"norm0": "ig",
"pos": "N",
"epos": "N",
"base": "{ŋeš}ig",
"morph": "~"}
}
,
{
"node": "l",
"frag": "maš]-tab-ba",
"id": "P349173.l1bb0f",
"ref": "P349173.2.2",
"inst": "maštab[twin]",
"sig": "@dcclt%sux:maš-tab-ba=maštab[twin//twin]N'N$maštab,bi.ak/maš-tab#~,bi.ak",
"f": {"lang": "sux",
"form": "maš-tab-ba",
"cf": "maštab",
"gw": "twin",
"sense": "twin",
"norm0": "maštab,bi.ak",
"pos": "N",
"epos": "N",
"base": "maš-tab",
"morph": "~,bi.ak"}
}
,
{
"node": "d",
"type": "line-start",
"ref": "P349173.3",
"n": "2",
"label": "o 2"}
,
{
"node": "l",
"frag": "{[ŋeš]}⸢ig⸣",
"id": "P349173.l1bb10",
"ref": "P349173.3.1",
"inst": "ig[door]N",
"sig": "@dcclt%sux:{ŋeš}ig=ig[door//door]N'N$ig/{ŋeš}ig#~",
"f": {"lang": "sux",
"form": "{ŋeš}ig",
"cf": "ig",
"gw": "door",
"sense": "door",
"norm0": "ig",
"pos": "N",
"epos": "N",
"base": "{ŋeš}ig",
"morph": "~"}
}
,
{
"node": "l",
"frag": "gi",
"id": "P349173.l1bb11",
"ref": "P349173.3.2",
"inst": "gi[reed thicket]N",
"sig": "@dcclt%sux:gi=gi[thicket//reed thicket]N'N$gi/gi#~",
"f": {"lang": "sux",
"form": "gi",
"cf": "gi",
"gw": "thicket",
"sense": "reed thicket",
"norm0": "gi",
"pos": "N",
"epos": "N",
"base": "gi",
"morph": "~"}
}
,
{
"node": "l",
"frag": "guruš₃",
"id": "P349173.l1bb12",
"ref": "P349173.3.3",
"inst": "guruš[to cut, fell, trim, peel off]V/t",
"sig": "@dcclt%sux:guruš₃=guruš[cut//to cut, fell, trim, peel off]V/t'V/t$guruš/guruš₃#~",
"f": {"lang": "sux",
"form": "guruš₃",
"cf": "guruš",
"gw": "cut",
"sense": "to cut, fell, trim, peel off",
"norm0": "guruš",
"pos": "V/t",
"epos": "V/t",
"base": "guruš₃",
"morph": "~"}
}
,
{
"node": "d",
"type": "line-start",
"ref": "P349173.4",
"n": "3",
"label": "o 3"}
,
{
"node": "l",
"frag": "{ŋeš}ig",
"id": "P349173.l1bb13",
"ref": "P349173.4.1",
"inst": "ig[door]N",
"sig": "@dcclt%sux:{ŋeš}ig=ig[door//door]N'N$ig/{ŋeš}ig#~",
"f": {"lang": "sux",
"form": "{ŋeš}ig",
"cf": "ig",
"gw": "door",
"sense": "door",
"norm0": "ig",
"pos": "N",
"epos": "N",
"base": "{ŋeš}ig",
"morph": "~"}
}
,
{
"node": "l",
"frag": "mi-⸢ri₂⸣-za",
"id": "P349173.l1bb14",
"ref": "P349173.4.2",
"inst": "miriza[plank, board]N",
"sig": "@dcclt%sux:mi-ri₂-za=miriza[plank//plank]N'N$miriza/mi-ri₂-za#~",
"f": {"lang": "sux",
"form": "mi-ri₂-za",
"cf": "miriza",
"gw": "plank",
"sense": "plank",
"norm0": "miriza",
"pos": "N",
"epos": "N",
"base": "mi-ri₂-za",
"morph": "~"}
}
,
{
"node": "d",
"type": "nonx",
"ref": "P349173.5",
"strict": "1",
"extent": "rest",
"scope": "obverse",
"state": "missing"}
,
{
"node": "d",
"subtype": "reverse",
"type": "surface",
"ref": "P349173.r.6",
"type": "reverse",
"label": "r"}
,
{
"node": "d",
"type": "nonx",
"ref": "P349173.7",
"strict": "0",
"state": "other"}
]}
]}
]}
]}
