{
"type": "cdl",
  "source": "http://oracc.org/dcclt",
  "license": "This data is released under the CC0 license",
  "license-url": "https://creativecommons.org/publicdomain/zero/1.0/",
  "more-info": "http://oracc.org/doc/opendata/",
  "UTC-timestamp": "2017-05-19T18:26:27",
"project": "dcclt",
"textid": "P355744",
"cdl": [
{
"node": "c",
"type": "text",
"id": "P355744.U0",
"cdl": [
{
"node": "d",
"subtype": "prism",
"type": "object",
"ref": "P355744.x174.1",
"type": "prism",
"label": "x174"}
,
{
"node": "d",
"subtype": "face",
"type": "surface",
"ref": "P355744.a.2",
"type": "face",
"n": "a",
"label": "a"}
,
{
"node": "c",
"type": "discourse",
"subtype": "body",
"id": "P355744.U1",
"cdl": [
{
"node": "c",
"type": "sentence",
"id": "P355744.U2",
"label": "a 1 - t.e. 11",
"cdl": [
{
"node": "d",
"type": "line-start",
"ref": "P355744.3",
"n": "1",
"label": "a 1"}
,
{
"node": "l",
"frag": "ad-gi₄",
"id": "P355744.l09955",
"ref": "P355744.3.1",
"inst": "%sux:ad-gi₄=",
"f": {"lang": "sux",
"form": "ad-gi₄"}
}
,
{
"node": "d",
"type": "line-start",
"ref": "P355744.4",
"n": "2",
"label": "a 2"}
,
{
"node": "l",
"frag": "ki-saŋ",
"id": "P355744.l09956",
"ref": "P355744.4.1",
"inst": "%sux:ki-saŋ=",
"f": {"lang": "sux",
"form": "ki-saŋ"}
}
,
{
"node": "d",
"type": "line-start",
"ref": "P355744.5",
"n": "3",
"label": "a 3"}
,
{
"node": "l",
"frag": "ad-hal",
"id": "P355744.l09957",
"ref": "P355744.5.1",
"inst": "%sux:ad-hal=",
"f": {"lang": "sux",
"form": "ad-hal"}
}
,
{
"node": "d",
"type": "line-start",
"ref": "P355744.6",
"n": "4",
"label": "a 4"}
,
{
"node": "l",
"frag": "abrig(|ME.NUN.DU|)",
"id": "P355744.l09958",
"ref": "P355744.6.1",
"inst": "%sux:abrig(|ME.NUN.DU|)=",
"f": {"lang": "sux",
"form": "abrig(|ME.NUN.DU|)"}
}
,
{
"node": "d",
"type": "line-start",
"ref": "P355744.7",
"n": "5",
"label": "a 5"}
,
{
"node": "l",
"frag": "|GA₂×DIM|",
"id": "P355744.l09959",
"ref": "P355744.7.1",
"inst": "%sux:|GA₂×DIM|=",
"f": {"lang": "sux",
"form": "|GA₂×DIM|"}
}
,
{
"node": "d",
"type": "line-start",
"ref": "P355744.8",
"n": "6",
"label": "a 6"}
,
{
"node": "l",
"frag": "gazi",
"id": "P355744.l0995a",
"ref": "P355744.8.1",
"inst": "%sux:gazi=",
"f": {"lang": "sux",
"form": "gazi"}
}
,
{
"node": "d",
"type": "line-start",
"ref": "P355744.9",
"n": "7",
"label": "a 7"}
,
{
"node": "l",
"frag": "|GA₂×(X.X)|",
"id": "P355744.l0995b",
"ref": "P355744.9.1",
"inst": "%sux:|GA₂×(X.X)|=",
"f": {"lang": "sux",
"form": "|GA₂×(X.X)|"}
}
,
{
"node": "d",
"type": "line-start",
"ref": "P355744.10",
"n": "8",
"label": "a 8"}
,
{
"node": "l",
"frag": "uz",
"id": "P355744.l0995c",
"ref": "P355744.10.1",
"inst": "%sux:uz=",
"f": {"lang": "sux",
"form": "uz"}
}
,
{
"node": "l",
"frag": "AMA",
"id": "P355744.l0995d",
"ref": "P355744.10.2",
"inst": "%sux:AMA=",
"f": {"lang": "sux",
"form": "AMA"}
}
,
{
"node": "d",
"type": "line-start",
"ref": "P355744.11",
"n": "9",
"label": "a 9"}
,
{
"node": "l",
"frag": "⸢maš⸣",
"id": "P355744.l0995e",
"ref": "P355744.11.1",
"inst": "%sux:maš=",
"f": {"lang": "sux",
"form": "maš"}
}
,
{
"node": "l",
"frag": "si₄",
"id": "P355744.l0995f",
"ref": "P355744.11.2",
"inst": "%sux:si₄=",
"f": {"lang": "sux",
"form": "si₄"}
}
,
{
"node": "d",
"type": "line-start",
"ref": "P355744.12",
"n": "10",
"label": "a 10"}
,
{
"node": "l",
"frag": "⸢TU⸣",
"id": "P355744.l09960",
"ref": "P355744.12.1",
"inst": "%sux:TU=",
"f": {"lang": "sux",
"form": "TU"}
}
,
{
"node": "d",
"type": "line-start",
"ref": "P355744.13",
"n": "11",
"label": "a 11"}
,
{
"node": "l",
"frag": "⸢gukkal⸣",
"id": "P355744.l09961",
"ref": "P355744.13.1",
"inst": "%sux:gukkal=",
"f": {"lang": "sux",
"form": "gukkal"}
}
,
{
"node": "d",
"type": "line-start",
"ref": "P355744.14",
"n": "12",
"label": "a 12"}
,
{
"node": "l",
"frag": "ab₂",
"id": "P355744.l09962",
"ref": "P355744.14.1",
"inst": "%sux:ab₂=",
"f": {"lang": "sux",
"form": "ab₂"}
}
,
{
"node": "l",
"frag": "⸢ga⸣",
"id": "P355744.l09963",
"ref": "P355744.14.2",
"inst": "%sux:ga=",
"f": {"lang": "sux",
"form": "ga"}
}
,
{
"node": "l",
"frag": "HU-a",
"id": "P355744.l09964",
"ref": "P355744.14.3",
"inst": "%sux:HU-a=",
"f": {"lang": "sux",
"form": "HU-a"}
}
,
{
"node": "d",
"type": "line-start",
"ref": "P355744.15",
"n": "13",
"label": "a 13"}
,
{
"node": "l",
"frag": "amar",
"id": "P355744.l09965",
"ref": "P355744.15.1",
"inst": "%sux:amar=",
"f": {"lang": "sux",
"form": "amar"}
}
,
{
"node": "l",
"frag": "ga",
"id": "P355744.l09966",
"ref": "P355744.15.2",
"inst": "%sux:ga=",
"f": {"lang": "sux",
"form": "ga"}
}
,
{
"node": "l",
"frag": "ku₂-a",
"id": "P355744.l09967",
"ref": "P355744.15.3",
"inst": "%sux:ku₂-a=",
"f": {"lang": "sux",
"form": "ku₂-a"}
}
,
{
"node": "d",
"type": "line-start",
"ref": "P355744.16",
"n": "14",
"label": "a 14"}
,
{
"node": "l",
"frag": "zid₂",
"id": "P355744.l09968",
"ref": "P355744.16.1",
"inst": "%sux:zid₂=",
"f": {"lang": "sux",
"form": "zid₂"}
}
,
{
"node": "l",
"frag": "suhur",
"id": "P355744.l09969",
"ref": "P355744.16.2",
"inst": "%sux:suhur=",
"f": {"lang": "sux",
"form": "suhur"}
}
,
{
"node": "d",
"type": "line-start",
"ref": "P355744.17",
"n": "15",
"label": "a 15"}
,
{
"node": "l",
"frag": "ziz₂",
"id": "P355744.l0996a",
"ref": "P355744.17.1",
"inst": "%sux:ziz₂=",
"f": {"lang": "sux",
"form": "ziz₂"}
}
,
{
"node": "l",
"frag": "GAN₂",
"id": "P355744.l0996b",
"ref": "P355744.17.2",
"inst": "%sux:GAN₂=",
"f": {"lang": "sux",
"form": "GAN₂"}
}
,
{
"node": "d",
"type": "line-start",
"ref": "P355744.18",
"n": "16",
"label": "a 16"}
,
{
"node": "l",
"frag": "kad₄",
"id": "P355744.l0996c",
"ref": "P355744.18.1",
"inst": "%sux:kad₄=",
"f": {"lang": "sux",
"form": "kad₄"}
}
,
{
"node": "d",
"type": "line-start",
"ref": "P355744.19",
"n": "17",
"label": "a 17"}
,
{
"node": "l",
"frag": "utu₂",
"id": "P355744.l0996d",
"ref": "P355744.19.1",
"inst": "%sux:utu₂=",
"f": {"lang": "sux",
"form": "utu₂"}
}
,
{
"node": "d",
"subtype": "face",
"type": "surface",
"ref": "P355744.b.20",
"type": "face",
"n": "b",
"label": "b"}
,
{
"node": "d",
"type": "line-start",
"ref": "P355744.21",
"n": "1",
"label": "b 1"}
,
{
"node": "l",
"frag": "ŋir₂",
"id": "P355744.l0996e",
"ref": "P355744.21.1",
"inst": "%sux:ŋir₂=",
"f": {"lang": "sux",
"form": "ŋir₂"}
}
,
{
"node": "l",
"frag": "AN",
"id": "P355744.l0996f",
"ref": "P355744.21.2",
"inst": "%sux:AN=",
"f": {"lang": "sux",
"form": "AN"}
}
,
{
"node": "d",
"type": "line-start",
"ref": "P355744.22",
"n": "2",
"label": "b 2"}
,
{
"node": "l",
"frag": "|PIRIG×GAD|",
"id": "P355744.l09970",
"ref": "P355744.22.1",
"inst": "%sux:|PIRIG×GAD|=",
"f": {"lang": "sux",
"form": "|PIRIG×GAD|"}
}
,
{
"node": "l",
"frag": "⸢x",
"id": "P355744.l09971",
"ref": "P355744.22.2",
"inst": "%sux:x=",
"f": {"lang": "sux",
"form": "x"}
}
,
{
"node": "l",
"frag": "x",
"id": "P355744.l09972",
"ref": "P355744.22.3",
"inst": "%sux:x=",
"f": {"lang": "sux",
"form": "x"}
}
,
{
"node": "l",
"frag": "x⸣",
"id": "P355744.l09973",
"ref": "P355744.22.4",
"inst": "%sux:x=",
"f": {"lang": "sux",
"form": "x"}
}
,
{
"node": "d",
"type": "line-start",
"ref": "P355744.23",
"n": "3",
"label": "b 3"}
,
{
"node": "l",
"frag": "ga",
"id": "P355744.l09974",
"ref": "P355744.23.1",
"inst": "%sux:ga=",
"f": {"lang": "sux",
"form": "ga"}
}
,
{
"node": "d",
"type": "line-start",
"ref": "P355744.24",
"n": "4",
"label": "b 4"}
,
{
"node": "l",
"frag": "gara₂",
"id": "P355744.l09975",
"ref": "P355744.24.1",
"inst": "%sux:gara₂=",
"f": {"lang": "sux",
"form": "gara₂"}
}
,
{
"node": "d",
"type": "line-start",
"ref": "P355744.25",
"n": "5",
"label": "b 5"}
,
{
"node": "l",
"frag": "⸢ab₂⸣",
"id": "P355744.l09976",
"ref": "P355744.25.1",
"inst": "%sux:ab₂=",
"f": {"lang": "sux",
"form": "ab₂"}
}
,
{
"node": "d",
"type": "line-start",
"ref": "P355744.26",
"n": "6",
"label": "b 6"}
,
{
"node": "l",
"frag": "ninda₂",
"id": "P355744.l09977",
"ref": "P355744.26.1",
"inst": "%sux:ninda₂=",
"f": {"lang": "sux",
"form": "ninda₂"}
}
,
{
"node": "d",
"type": "line-start",
"ref": "P355744.27",
"n": "7",
"label": "b 7"}
,
{
"node": "l",
"frag": "u₈",
"id": "P355744.l09978",
"ref": "P355744.27.1",
"inst": "%sux:u₈=",
"f": {"lang": "sux",
"form": "u₈"}
}
,
{
"node": "d",
"type": "line-start",
"ref": "P355744.28",
"n": "8",
"label": "b 8"}
,
{
"node": "l",
"frag": "utua",
"id": "P355744.l09979",
"ref": "P355744.28.1",
"inst": "%sux:utua=",
"f": {"lang": "sux",
"form": "utua"}
}
,
{
"node": "d",
"type": "line-start",
"ref": "P355744.29",
"n": "9",
"label": "b 9"}
,
{
"node": "l",
"frag": "ud₅",
"id": "P355744.l0997a",
"ref": "P355744.29.1",
"inst": "%sux:ud₅=",
"f": {"lang": "sux",
"form": "ud₅"}
}
,
{
"node": "d",
"type": "line-start",
"ref": "P355744.30",
"n": "10",
"label": "b 10"}
,
{
"node": "l",
"frag": "maš₂",
"id": "P355744.l0997b",
"ref": "P355744.30.1",
"inst": "%sux:maš₂=",
"f": {"lang": "sux",
"form": "maš₂"}
}
,
{
"node": "d",
"type": "line-start",
"ref": "P355744.31",
"n": "11-12",
"label": "b 11-12"}
,
{
"node": "l",
"frag": "nunuz",
"id": "P355744.l0997c",
"ref": "P355744.31.1",
"inst": "%sux:nunuz=",
"f": {"lang": "sux",
"form": "nunuz"}
}
,
{
"node": "l",
"frag": "kad₄{⸢mušen⸣}",
"id": "P355744.l0997d",
"ref": "P355744.31.2",
"inst": "%sux:kad₄{mušen}=",
"f": {"lang": "sux",
"form": "kad₄{mušen}"}
}
,
{
"node": "l",
"frag": "1(geš₂)",
"id": "P355744.l0997e",
"ref": "P355744.31.3",
"inst": "%sux:1(geš₂)=",
"f": {"lang": "sux",
"form": "1(geš₂)"}
}
,
{
"node": "l",
"frag": "1(u)",
"id": "P355744.l0997f",
"ref": "P355744.31.4",
"inst": "%sux:1(u)=",
"f": {"lang": "sux",
"form": "1(u)"}
}
,
{
"node": "l",
"frag": "1(diš)",
"id": "P355744.l09980",
"ref": "P355744.31.5",
"inst": "%sux:1(diš)=",
"f": {"lang": "sux",
"form": "1(diš)"}
}
,
{
"node": "d",
"type": "line-start",
"ref": "P355744.32",
"n": "13",
"label": "b 13"}
,
{
"node": "l",
"frag": "šuš₃",
"id": "P355744.l09981",
"ref": "P355744.32.1",
"inst": "%sux:šuš₃=",
"f": {"lang": "sux",
"form": "šuš₃"}
}
,
{
"node": "d",
"type": "line-start",
"ref": "P355744.33",
"n": "14",
"label": "b 14"}
,
{
"node": "l",
"frag": "⸢nar⸣",
"id": "P355744.l09982",
"ref": "P355744.33.1",
"inst": "%sux:nar=",
"f": {"lang": "sux",
"form": "nar"}
}
,
{
"node": "d",
"type": "line-start",
"ref": "P355744.34",
"n": "15",
"label": "b 15"}
,
{
"node": "l",
"frag": "GAR",
"id": "P355744.l09983",
"ref": "P355744.34.1",
"inst": "%sux:GAR=",
"f": {"lang": "sux",
"form": "GAR"}
}
,
{
"node": "d",
"type": "line-start",
"ref": "P355744.35",
"n": "16",
"label": "b 16"}
,
{
"node": "l",
"frag": "kinda₂",
"id": "P355744.l09984",
"ref": "P355744.35.1",
"inst": "%sux:kinda₂=",
"f": {"lang": "sux",
"form": "kinda₂"}
}
,
{
"node": "l",
"frag": "IŠ",
"id": "P355744.l09985",
"ref": "P355744.35.2",
"inst": "%sux:IŠ=",
"f": {"lang": "sux",
"form": "IŠ"}
}
,
{
"node": "d",
"type": "line-start",
"ref": "P355744.36",
"n": "17",
"label": "b 17"}
,
{
"node": "l",
"frag": "sa₂",
"id": "P355744.l09986",
"ref": "P355744.36.1",
"inst": "%sux:sa₂=",
"f": {"lang": "sux",
"form": "sa₂"}
}
,
{
"node": "l",
"frag": "nam-sig₁₀",
"id": "P355744.l09987",
"ref": "P355744.36.2",
"inst": "%sux:nam-sig₁₀=",
"f": {"lang": "sux",
"form": "nam-sig₁₀"}
}
,
{
"node": "d",
"subtype": "face",
"type": "surface",
"ref": "P355744.c.37",
"type": "face",
"n": "c",
"label": "c"}
,
{
"node": "d",
"type": "line-start",
"ref": "P355744.38",
"n": "1",
"label": "c 1"}
,
{
"node": "l",
"frag": "|GA₂×DIM|",
"id": "P355744.l09988",
"ref": "P355744.38.1",
"inst": "%sux:|GA₂×DIM|=",
"f": {"lang": "sux",
"form": "|GA₂×DIM|"}
}
,
{
"node": "d",
"type": "line-start",
"ref": "P355744.39",
"n": "2",
"label": "c 2"}
,
{
"node": "l",
"frag": "gazi",
"id": "P355744.l09989",
"ref": "P355744.39.1",
"inst": "%sux:gazi=",
"f": {"lang": "sux",
"form": "gazi"}
}
,
{
"node": "d",
"type": "line-start",
"ref": "P355744.40",
"n": "3",
"label": "c 3"}
,
{
"node": "l",
"frag": "|GA₂×(X.X)|",
"id": "P355744.l0998a",
"ref": "P355744.40.1",
"inst": "%sux:|GA₂×(X.X)|=",
"f": {"lang": "sux",
"form": "|GA₂×(X.X)|"}
}
,
{
"node": "d",
"type": "line-start",
"ref": "P355744.41",
"n": "4",
"label": "c 4"}
,
{
"node": "l",
"frag": "uz",
"id": "P355744.l0998b",
"ref": "P355744.41.1",
"inst": "%sux:uz=",
"f": {"lang": "sux",
"form": "uz"}
}
,
{
"node": "l",
"frag": "AMA",
"id": "P355744.l0998c",
"ref": "P355744.41.2",
"inst": "%sux:AMA=",
"f": {"lang": "sux",
"form": "AMA"}
}
,
{
"node": "d",
"type": "line-start",
"ref": "P355744.42",
"n": "5",
"label": "c 5"}
,
{
"node": "l",
"frag": "⸢maš₂⸣",
"id": "P355744.l0998d",
"ref": "P355744.42.1",
"inst": "%sux:maš₂=",
"f": {"lang": "sux",
"form": "maš₂"}
}
,
{
"node": "l",
"frag": "si₄",
"id": "P355744.l0998e",
"ref": "P355744.42.2",
"inst": "%sux:si₄=",
"f": {"lang": "sux",
"form": "si₄"}
}
,
{
"node": "d",
"type": "line-start",
"ref": "P355744.43",
"n": "6",
"label": "c 6"}
,
{
"node": "l",
"frag": "⸢TU⸣",
"id": "P355744.l0998f",
"ref": "P355744.43.1",
"inst": "%sux:TU=",
"f": {"lang": "sux",
"form": "TU"}
}
,
{
"node": "d",
"type": "line-start",
"ref": "P355744.44",
"n": "7",
"label": "c 7"}
,
{
"node": "l",
"frag": "⸢gukkal⸣",
"id": "P355744.l09990",
"ref": "P355744.44.1",
"inst": "%sux:gukkal=",
"f": {"lang": "sux",
"form": "gukkal"}
}
,
{
"node": "d",
"type": "line-start",
"ref": "P355744.45",
"n": "8",
"label": "c 8"}
,
{
"node": "l",
"frag": "[ab₂]",
"id": "P355744.l09991",
"ref": "P355744.45.1",
"inst": "%sux:ab₂=",
"f": {"lang": "sux",
"form": "ab₂"}
}
,
{
"node": "l",
"frag": "⸢ga⸣",
"id": "P355744.l09992",
"ref": "P355744.45.2",
"inst": "%sux:ga=",
"f": {"lang": "sux",
"form": "ga"}
}
,
{
"node": "l",
"frag": "[HU]-a",
"id": "P355744.l09993",
"ref": "P355744.45.3",
"inst": "%sux:HU-a=",
"f": {"lang": "sux",
"form": "HU-a"}
}
,
{
"node": "d",
"type": "line-start",
"ref": "P355744.46",
"n": "9",
"label": "c 9"}
,
{
"node": "l",
"frag": "amar",
"id": "P355744.l09994",
"ref": "P355744.46.1",
"inst": "%sux:amar=",
"f": {"lang": "sux",
"form": "amar"}
}
,
{
"node": "l",
"frag": "ga",
"id": "P355744.l09995",
"ref": "P355744.46.2",
"inst": "%sux:ga=",
"f": {"lang": "sux",
"form": "ga"}
}
,
{
"node": "l",
"frag": "ku₂-a",
"id": "P355744.l09996",
"ref": "P355744.46.3",
"inst": "%sux:ku₂-a=",
"f": {"lang": "sux",
"form": "ku₂-a"}
}
,
{
"node": "d",
"type": "line-start",
"ref": "P355744.47",
"n": "10",
"label": "c 10"}
,
{
"node": "l",
"frag": "zid₂",
"id": "P355744.l09997",
"ref": "P355744.47.1",
"inst": "%sux:zid₂=",
"f": {"lang": "sux",
"form": "zid₂"}
}
,
{
"node": "l",
"frag": "suhur",
"id": "P355744.l09998",
"ref": "P355744.47.2",
"inst": "%sux:suhur=",
"f": {"lang": "sux",
"form": "suhur"}
}
,
{
"node": "d",
"type": "line-start",
"ref": "P355744.48",
"n": "11",
"label": "c 11"}
,
{
"node": "l",
"frag": "ziz₂",
"id": "P355744.l09999",
"ref": "P355744.48.1",
"inst": "%sux:ziz₂=",
"f": {"lang": "sux",
"form": "ziz₂"}
}
,
{
"node": "l",
"frag": "⸢GAN₂⸣",
"id": "P355744.l0999a",
"ref": "P355744.48.2",
"inst": "%sux:GAN₂=",
"f": {"lang": "sux",
"form": "GAN₂"}
}
,
{
"node": "d",
"type": "line-start",
"ref": "P355744.49",
"n": "12",
"label": "c 12"}
,
{
"node": "l",
"frag": "kad₄",
"id": "P355744.l0999b",
"ref": "P355744.49.1",
"inst": "%sux:kad₄=",
"f": {"lang": "sux",
"form": "kad₄"}
}
,
{
"node": "d",
"type": "line-start",
"ref": "P355744.50",
"n": "13",
"label": "c 13"}
,
{
"node": "l",
"frag": "utu₂",
"id": "P355744.l0999c",
"ref": "P355744.50.1",
"inst": "%sux:utu₂=",
"f": {"lang": "sux",
"form": "utu₂"}
}
,
{
"node": "d",
"type": "line-start",
"ref": "P355744.51",
"n": "14",
"label": "c 14"}
,
{
"node": "l",
"frag": "ŋir₂",
"id": "P355744.l0999d",
"ref": "P355744.51.1",
"inst": "%sux:ŋir₂=",
"f": {"lang": "sux",
"form": "ŋir₂"}
}
,
{
"node": "l",
"frag": "[AN]",
"id": "P355744.l0999e",
"ref": "P355744.51.2",
"inst": "%sux:AN=",
"f": {"lang": "sux",
"form": "AN"}
}
,
{
"node": "d",
"type": "line-start",
"ref": "P355744.52",
"n": "15",
"label": "c 15"}
,
{
"node": "l",
"frag": "|PIRIG×GAD|",
"id": "P355744.l0999f",
"ref": "P355744.52.1",
"inst": "%sux:|PIRIG×GAD|=",
"f": {"lang": "sux",
"form": "|PIRIG×GAD|"}
}
,
{
"node": "l",
"frag": "[x",
"id": "P355744.l099a0",
"ref": "P355744.52.2",
"inst": "%sux:x=",
"f": {"lang": "sux",
"form": "x"}
}
,
{
"node": "l",
"frag": "x",
"id": "P355744.l099a1",
"ref": "P355744.52.3",
"inst": "%sux:x=",
"f": {"lang": "sux",
"form": "x"}
}
,
{
"node": "l",
"frag": "x]",
"id": "P355744.l099a2",
"ref": "P355744.52.4",
"inst": "%sux:x=",
"f": {"lang": "sux",
"form": "x"}
}
,
{
"node": "d",
"type": "line-start",
"ref": "P355744.53",
"n": "16",
"label": "c 16"}
,
{
"node": "l",
"frag": "ga",
"id": "P355744.l099a3",
"ref": "P355744.53.1",
"inst": "%sux:ga=",
"f": {"lang": "sux",
"form": "ga"}
}
,
{
"node": "d",
"type": "line-start",
"ref": "P355744.54",
"n": "17",
"label": "c 17"}
,
{
"node": "l",
"frag": "gara₂",
"id": "P355744.l099a4",
"ref": "P355744.54.1",
"inst": "%sux:gara₂=",
"f": {"lang": "sux",
"form": "gara₂"}
}
,
{
"node": "d",
"subtype": "face",
"type": "surface",
"ref": "P355744.d.55",
"type": "face",
"n": "d",
"label": "d"}
,
{
"node": "d",
"type": "line-start",
"ref": "P355744.56",
"n": "1",
"label": "d 1"}
,
{
"node": "l",
"frag": "[ab₂]",
"id": "P355744.l099a5",
"ref": "P355744.56.1",
"inst": "%sux:ab₂=",
"f": {"lang": "sux",
"form": "ab₂"}
}
,
{
"node": "d",
"type": "line-start",
"ref": "P355744.57",
"n": "2",
"label": "d 2"}
,
{
"node": "l",
"frag": "⸢ninda₂⸣",
"id": "P355744.l099a6",
"ref": "P355744.57.1",
"inst": "%sux:ninda₂=",
"f": {"lang": "sux",
"form": "ninda₂"}
}
,
{
"node": "d",
"type": "line-start",
"ref": "P355744.58",
"n": "3",
"label": "d 3"}
,
{
"node": "l",
"frag": "u₈",
"id": "P355744.l099a7",
"ref": "P355744.58.1",
"inst": "%sux:u₈=",
"f": {"lang": "sux",
"form": "u₈"}
}
,
{
"node": "d",
"type": "line-start",
"ref": "P355744.59",
"n": "4",
"label": "d 4"}
,
{
"node": "l",
"frag": "⸢utua⸣",
"id": "P355744.l099a8",
"ref": "P355744.59.1",
"inst": "%sux:utua=",
"f": {"lang": "sux",
"form": "utua"}
}
,
{
"node": "d",
"type": "line-start",
"ref": "P355744.60",
"n": "5",
"label": "d 5"}
,
{
"node": "l",
"frag": "⸢ud₅⸣",
"id": "P355744.l099a9",
"ref": "P355744.60.1",
"inst": "%sux:ud₅=",
"f": {"lang": "sux",
"form": "ud₅"}
}
,
{
"node": "d",
"type": "line-start",
"ref": "P355744.61",
"n": "6",
"label": "d 6"}
,
{
"node": "l",
"frag": "⸢maš₂⸣",
"id": "P355744.l099aa",
"ref": "P355744.61.1",
"inst": "%sux:maš₂=",
"f": {"lang": "sux",
"form": "maš₂"}
}
,
{
"node": "d",
"type": "line-start",
"ref": "P355744.62",
"n": "7-8",
"label": "d 7-8"}
,
{
"node": "l",
"frag": "nunuz",
"id": "P355744.l099ab",
"ref": "P355744.62.1",
"inst": "%sux:nunuz=",
"f": {"lang": "sux",
"form": "nunuz"}
}
,
{
"node": "l",
"frag": "⸢kad₄⸣{[mušen]}",
"id": "P355744.l099ac",
"ref": "P355744.62.2",
"inst": "%sux:kad₄{mušen}=",
"f": {"lang": "sux",
"form": "kad₄{mušen}"}
}
,
{
"node": "l",
"frag": "1(geš₂)",
"id": "P355744.l099ad",
"ref": "P355744.62.3",
"inst": "%sux:1(geš₂)=",
"f": {"lang": "sux",
"form": "1(geš₂)"}
}
,
{
"node": "l",
"frag": "1(u)",
"id": "P355744.l099ae",
"ref": "P355744.62.4",
"inst": "%sux:1(u)=",
"f": {"lang": "sux",
"form": "1(u)"}
}
,
{
"node": "l",
"frag": "1(diš)",
"id": "P355744.l099af",
"ref": "P355744.62.5",
"inst": "%sux:1(diš)=",
"f": {"lang": "sux",
"form": "1(diš)"}
}
,
{
"node": "d",
"type": "line-start",
"ref": "P355744.63",
"n": "9",
"label": "d 9"}
,
{
"node": "l",
"frag": "⸢šuš₃⸣",
"id": "P355744.l099b0",
"ref": "P355744.63.1",
"inst": "%sux:šuš₃=",
"f": {"lang": "sux",
"form": "šuš₃"}
}
,
{
"node": "d",
"type": "line-start",
"ref": "P355744.64",
"n": "10",
"label": "d 10"}
,
{
"node": "l",
"frag": "⸢nar⸣",
"id": "P355744.l099b1",
"ref": "P355744.64.1",
"inst": "%sux:nar=",
"f": {"lang": "sux",
"form": "nar"}
}
,
{
"node": "d",
"type": "line-start",
"ref": "P355744.65",
"n": "11",
"label": "d 11"}
,
{
"node": "l",
"frag": "GAR",
"id": "P355744.l099b2",
"ref": "P355744.65.1",
"inst": "%sux:GAR=",
"f": {"lang": "sux",
"form": "GAR"}
}
,
{
"node": "d",
"type": "line-start",
"ref": "P355744.66",
"n": "12",
"label": "d 12"}
,
{
"node": "l",
"frag": "kinda₂",
"id": "P355744.l099b3",
"ref": "P355744.66.1",
"inst": "%sux:kinda₂=",
"f": {"lang": "sux",
"form": "kinda₂"}
}
,
{
"node": "l",
"frag": "⸢IŠ⸣",
"id": "P355744.l099b4",
"ref": "P355744.66.2",
"inst": "%sux:IŠ=",
"f": {"lang": "sux",
"form": "IŠ"}
}
,
{
"node": "d",
"type": "line-start",
"ref": "P355744.67",
"n": "13",
"label": "d 13"}
,
{
"node": "l",
"frag": "⸢sa₂",
"id": "P355744.l099b5",
"ref": "P355744.67.1",
"inst": "%sux:sa₂=",
"f": {"lang": "sux",
"form": "sa₂"}
}
,
{
"node": "l",
"frag": "nam⸣-sig₁₀",
"id": "P355744.l099b6",
"ref": "P355744.67.2",
"inst": "%sux:nam-sig₁₀=",
"f": {"lang": "sux",
"form": "nam-sig₁₀"}
}
,
{
"node": "d",
"type": "line-start",
"ref": "P355744.68",
"n": "14",
"label": "d 14"}
,
{
"node": "l",
"frag": "šar₂",
"id": "P355744.l099b7",
"ref": "P355744.68.1",
"inst": "%sux:šar₂=",
"f": {"lang": "sux",
"form": "šar₂"}
}
,
{
"node": "l",
"frag": "ki",
"id": "P355744.l099b8",
"ref": "P355744.68.2",
"inst": "%sux:ki=",
"f": {"lang": "sux",
"form": "ki"}
}
,
{
"node": "d",
"type": "line-start",
"ref": "P355744.69",
"n": "15",
"label": "d 15"}
,
{
"node": "l",
"frag": "šar₂",
"id": "P355744.l099b9",
"ref": "P355744.69.1",
"inst": "%sux:šar₂=",
"f": {"lang": "sux",
"form": "šar₂"}
}
,
{
"node": "l",
"frag": "šag₄",
"id": "P355744.l099ba",
"ref": "P355744.69.2",
"inst": "%sux:šag₄=",
"f": {"lang": "sux",
"form": "šag₄"}
}
,
{
"node": "d",
"type": "line-start",
"ref": "P355744.70",
"n": "16",
"label": "d 16"}
,
{
"node": "l",
"frag": "⸢kiši₁₇⸣-kiši₁₇",
"id": "P355744.l099bb",
"ref": "P355744.70.1",
"inst": "%sux:kiši₁₇-kiši₁₇=",
"f": {"lang": "sux",
"form": "kiši₁₇-kiši₁₇"}
}
,
{
"node": "d",
"type": "line-start",
"ref": "P355744.71",
"n": "17",
"label": "d 17"}
,
{
"node": "l",
"frag": "[šennur]-šennur",
"id": "P355744.l099bc",
"ref": "P355744.71.1",
"inst": "%sux:šennur-šennur=",
"f": {"lang": "sux",
"form": "šennur-šennur"}
}
,
{
"node": "d",
"subtype": "face",
"type": "surface",
"ref": "P355744.e.72",
"type": "face",
"n": "e",
"label": "e"}
,
{
"node": "d",
"type": "nonx",
"ref": "P355744.73",
"strict": "1",
"extent": "2",
"scope": "line",
"state": "missing"}
,
{
"node": "d",
"type": "line-start",
"ref": "P355744.74",
"n": "3",
"label": "e 3"}
,
{
"node": "l",
"frag": "|[ZI&ZI].EŠ₂|",
"id": "P355744.l099bd",
"ref": "P355744.74.1",
"inst": "%sux:|ZI&ZI.EŠ₂|=",
"f": {"lang": "sux",
"form": "|ZI&ZI.EŠ₂|"}
}
,
{
"node": "d",
"type": "line-start",
"ref": "P355744.75",
"n": "4",
"label": "e 4"}
,
{
"node": "l",
"frag": "|ZI&ZI.LAGAB|",
"id": "P355744.l099be",
"ref": "P355744.75.1",
"inst": "%sux:|ZI&ZI.LAGAB|=",
"f": {"lang": "sux",
"form": "|ZI&ZI.LAGAB|"}
}
,
{
"node": "d",
"type": "line-start",
"ref": "P355744.76",
"n": "5",
"label": "e 5"}
,
{
"node": "l",
"frag": "[e₂]",
"id": "P355744.l099bf",
"ref": "P355744.76.1",
"inst": "%sux:e₂=",
"f": {"lang": "sux",
"form": "e₂"}
}
,
{
"node": "l",
"frag": "⸢piriŋ⸣",
"id": "P355744.l099c0",
"ref": "P355744.76.2",
"inst": "%sux:piriŋ=",
"f": {"lang": "sux",
"form": "piriŋ"}
}
,
{
"node": "l",
"frag": "bur₃",
"id": "P355744.l099c1",
"ref": "P355744.76.3",
"inst": "%sux:bur₃=",
"f": {"lang": "sux",
"form": "bur₃"}
}
,
{
"node": "d",
"type": "line-start",
"ref": "P355744.77",
"n": "6",
"label": "e 6"}
,
{
"node": "l",
"frag": "ninda₂-TAR-me-kar₂",
"id": "P355744.l099c2",
"ref": "P355744.77.1",
"inst": "%sux:ninda₂-TAR-me-kar₂=",
"f": {"lang": "sux",
"form": "ninda₂-TAR-me-kar₂"}
}
,
{
"node": "d",
"type": "line-start",
"ref": "P355744.78",
"n": "7",
"label": "e 7"}
,
{
"node": "l",
"frag": "en-me-kar₂",
"id": "P355744.l099c3",
"ref": "P355744.78.1",
"inst": "%sux:en-me-kar₂=",
"f": {"lang": "sux",
"form": "en-me-kar₂"}
}
,
{
"node": "d",
"type": "line-start",
"ref": "P355744.79",
"n": "8",
"label": "e 8"}
,
{
"node": "l",
"frag": "en-zi-me-kar₂",
"id": "P355744.l099c4",
"ref": "P355744.79.1",
"inst": "%sux:en-zi-me-kar₂=",
"f": {"lang": "sux",
"form": "en-zi-me-kar₂"}
}
,
{
"node": "d",
"type": "line-start",
"ref": "P355744.80",
"n": "9",
"label": "e 9"}
,
{
"node": "l",
"frag": "dam-ri₂-a",
"id": "P355744.l099c5",
"ref": "P355744.80.1",
"inst": "%sux:dam-ri₂-a=",
"f": {"lang": "sux",
"form": "dam-ri₂-a"}
}
,
{
"node": "d",
"type": "line-start",
"ref": "P355744.81",
"n": "10",
"label": "e 10"}
,
{
"node": "l",
"frag": "⸢al⸣-ma-tar",
"id": "P355744.l099c6",
"ref": "P355744.81.1",
"inst": "%sux:al-ma-tar=",
"f": {"lang": "sux",
"form": "al-ma-tar"}
}
,
{
"node": "d",
"type": "line-start",
"ref": "P355744.82",
"n": "11",
"label": "e 11"}
,
{
"node": "l",
"frag": "al-tar-⸢bi-še₃⸣",
"id": "P355744.l099c7",
"ref": "P355744.82.1",
"inst": "%sux:al-tar-bi-še₃=",
"f": {"lang": "sux",
"form": "al-tar-bi-še₃"}
}
,
{
"node": "d",
"type": "line-start",
"ref": "P355744.83",
"n": "12",
"label": "e 12"}
,
{
"node": "l",
"frag": "šag₄",
"id": "P355744.l099c8",
"ref": "P355744.83.1",
"inst": "%sux:šag₄=",
"f": {"lang": "sux",
"form": "šag₄"}
}
,
{
"node": "l",
"frag": "⸢gu₂⸣-bi",
"id": "P355744.l099c9",
"ref": "P355744.83.2",
"inst": "%sux:gu₂-bi=",
"f": {"lang": "sux",
"form": "gu₂-bi"}
}
,
{
"node": "l",
"frag": "nam-gi₄",
"id": "P355744.l099ca",
"ref": "P355744.83.3",
"inst": "%sux:nam-gi₄=",
"f": {"lang": "sux",
"form": "nam-gi₄"}
}
,
{
"node": "d",
"type": "line-start",
"ref": "P355744.84",
"n": "13",
"label": "e 13"}
,
{
"node": "l",
"frag": "pa₅-bi",
"id": "P355744.l099cb",
"ref": "P355744.84.1",
"inst": "%sux:pa₅-bi=",
"f": {"lang": "sux",
"form": "pa₅-bi"}
}
,
{
"node": "d",
"type": "line-start",
"ref": "P355744.85",
"n": "14",
"label": "e 14"}
,
{
"node": "l",
"frag": "pa₅",
"id": "P355744.l099cc",
"ref": "P355744.85.1",
"inst": "%sux:pa₅=",
"f": {"lang": "sux",
"form": "pa₅"}
}
,
{
"node": "l",
"frag": "|SU&SU.LU&LU.[UB₂&UB₂]|",
"id": "P355744.l099cd",
"ref": "P355744.85.2",
"inst": "%sux:|SU&SU.LU&LU.UB₂&UB₂|=",
"f": {"lang": "sux",
"form": "|SU&SU.LU&LU.UB₂&UB₂|"}
}
,
{
"node": "l",
"frag": "⸢x",
"id": "P355744.l099ce",
"ref": "P355744.85.3",
"inst": "%sux:x=",
"f": {"lang": "sux",
"form": "x"}
}
,
{
"node": "l",
"frag": "x⸣",
"id": "P355744.l099cf",
"ref": "P355744.85.4",
"inst": "%sux:x=",
"f": {"lang": "sux",
"form": "x"}
}
,
{
"node": "d",
"type": "line-start",
"ref": "P355744.86",
"n": "15",
"label": "e 15"}
,
{
"node": "l",
"frag": "ŋeš-bi",
"id": "P355744.l099d0",
"ref": "P355744.86.1",
"inst": "%sux:ŋeš-bi=",
"f": {"lang": "sux",
"form": "ŋeš-bi"}
}
,
{
"node": "d",
"type": "line-start",
"ref": "P355744.87",
"n": "16",
"label": "e 16"}
,
{
"node": "l",
"frag": "{ŋeš}apin",
"id": "P355744.l099d1",
"ref": "P355744.87.1",
"inst": "%sux:{ŋeš}apin=",
"f": {"lang": "sux",
"form": "{ŋeš}apin"}
}
,
{
"node": "l",
"frag": "ERIN₂-a-ni",
"id": "P355744.l099d2",
"ref": "P355744.87.2",
"inst": "%sux:ERIN₂-a-ni=",
"f": {"lang": "sux",
"form": "ERIN₂-a-ni"}
}
,
{
"node": "d",
"type": "line-start",
"ref": "P355744.88",
"n": "17",
"label": "e 17"}
,
{
"node": "l",
"frag": "gi-bi",
"id": "P355744.l099d3",
"ref": "P355744.88.1",
"inst": "%sux:gi-bi=",
"f": {"lang": "sux",
"form": "gi-bi"}
}
,
{
"node": "d",
"subtype": "face",
"type": "surface",
"ref": "P355744.f.89",
"type": "face",
"n": "f",
"label": "f"}
,
{
"node": "d",
"type": "line-start",
"ref": "P355744.90",
"n": "1",
"label": "f 1"}
,
{
"node": "l",
"frag": "gi",
"id": "P355744.l099d4",
"ref": "P355744.90.1",
"inst": "%sux:gi=",
"f": {"lang": "sux",
"form": "gi"}
}
,
{
"node": "l",
"frag": "⸢dur₂⸣",
"id": "P355744.l099d5",
"ref": "P355744.90.2",
"inst": "%sux:dur₂=",
"f": {"lang": "sux",
"form": "dur₂"}
}
,
{
"node": "l",
"frag": "[kud-a]-⸢ni⸣",
"id": "P355744.l099d6",
"ref": "P355744.90.3",
"inst": "%sux:kud-a-ni=",
"f": {"lang": "sux",
"form": "kud-a-ni"}
}
,
{
"node": "d",
"type": "line-start",
"ref": "P355744.91",
"n": "2",
"label": "f 2"}
,
{
"node": "l",
"frag": "|ZI&ZI.EŠ₂|bi",
"id": "P355744.l099d7",
"ref": "P355744.91.1",
"inst": "%sux:|ZI&ZI.EŠ₂|-bi=",
"f": {"lang": "sux",
"form": "|ZI&ZI.EŠ₂|-bi"}
}
,
{
"node": "d",
"type": "line-start",
"ref": "P355744.92",
"n": "3",
"label": "f 3"}
,
{
"node": "l",
"frag": "|ZI&ZI.EŠ₂|",
"id": "P355744.l099d8",
"ref": "P355744.92.1",
"inst": "%sux:|ZI&ZI.EŠ₂|=",
"f": {"lang": "sux",
"form": "|ZI&ZI.EŠ₂|"}
}
,
{
"node": "l",
"frag": "{ŋeš}⸢dur⸣",
"id": "P355744.l099d9",
"ref": "P355744.92.2",
"inst": "%sux:{ŋeš}dur=",
"f": {"lang": "sux",
"form": "{ŋeš}dur"}
}
,
{
"node": "d",
"type": "line-start",
"ref": "P355744.93",
"n": "4",
"label": "f 4"}
,
{
"node": "l",
"frag": "|ZI&ZI.LAGAB|bi",
"id": "P355744.l099da",
"ref": "P355744.93.1",
"inst": "%sux:|ZI&ZI.LAGAB|-bi=",
"f": {"lang": "sux",
"form": "|ZI&ZI.LAGAB|-bi"}
}
,
{
"node": "d",
"type": "line-start",
"ref": "P355744.94",
"n": "5",
"label": "f 5"}
,
{
"node": "l",
"frag": "|ZI&ZI.LAGAB|",
"id": "P355744.l099db",
"ref": "P355744.94.1",
"inst": "%sux:|ZI&ZI.LAGAB|=",
"f": {"lang": "sux",
"form": "|ZI&ZI.LAGAB|"}
}
,
{
"node": "l",
"frag": "dur₂",
"id": "P355744.l099dc",
"ref": "P355744.94.2",
"inst": "%sux:dur₂=",
"f": {"lang": "sux",
"form": "dur₂"}
}
,
{
"node": "l",
"frag": "kud-a-ni",
"id": "P355744.l099dd",
"ref": "P355744.94.3",
"inst": "%sux:kud-a-ni=",
"f": {"lang": "sux",
"form": "kud-a-ni"}
}
,
{
"node": "d",
"type": "line-start",
"ref": "P355744.95",
"n": "6",
"label": "f 6"}
,
{
"node": "l",
"frag": "|EN×GAN₂|ad-me-kar₂",
"id": "P355744.l099de",
"ref": "P355744.95.1",
"inst": "%sux:|EN×GAN₂|-ad-me-kar₂=",
"f": {"lang": "sux",
"form": "|EN×GAN₂|-ad-me-kar₂"}
}
,
{
"node": "d",
"type": "line-start",
"ref": "P355744.96",
"n": "7",
"label": "f 7"}
,
{
"node": "l",
"frag": "ŠID",
"id": "P355744.l099df",
"ref": "P355744.96.1",
"inst": "%sux:ŠID=",
"f": {"lang": "sux",
"form": "ŠID"}
}
,
{
"node": "d",
"type": "line-start",
"ref": "P355744.97",
"n": "8",
"label": "f 8"}
,
{
"node": "l",
"frag": "ki",
"id": "P355744.l099e0",
"ref": "P355744.97.1",
"inst": "%sux:ki=",
"f": {"lang": "sux",
"form": "ki"}
}
,
{
"node": "l",
"frag": "an",
"id": "P355744.l099e1",
"ref": "P355744.97.2",
"inst": "%sux:an=",
"f": {"lang": "sux",
"form": "an"}
}
,
{
"node": "d",
"type": "line-start",
"ref": "P355744.98",
"n": "9",
"label": "f 9"}
,
{
"node": "l",
"frag": "še-gin₂-a",
"id": "P355744.l099e2",
"ref": "P355744.98.1",
"inst": "%sux:še-gin₂-a=",
"f": {"lang": "sux",
"form": "še-gin₂-a"}
}
,
{
"node": "d",
"type": "line-start",
"ref": "P355744.99",
"n": "10",
"label": "f 10"}
,
{
"node": "l",
"frag": "za-gin₃",
"id": "P355744.l099e3",
"ref": "P355744.99.1",
"inst": "%sux:za-gin₃=",
"f": {"lang": "sux",
"form": "za-gin₃"}
}
,
{
"node": "d",
"type": "line-start",
"ref": "P355744.100",
"n": "11",
"label": "f 11"}
,
{
"node": "l",
"frag": "sal-la",
"id": "P355744.l099e4",
"ref": "P355744.100.1",
"inst": "%sux:sal-la=",
"f": {"lang": "sux",
"form": "sal-la"}
}
,
{
"node": "d",
"type": "line-start",
"ref": "P355744.101",
"n": "12",
"label": "f 12"}
,
{
"node": "l",
"frag": "ur-ur",
"id": "P355744.l099e5",
"ref": "P355744.101.1",
"inst": "%sux:ur-ur=",
"f": {"lang": "sux",
"form": "ur-ur"}
}
,
{
"node": "d",
"type": "line-start",
"ref": "P355744.102",
"n": "13",
"label": "f 13"}
,
{
"node": "l",
"frag": "u₂-a",
"id": "P355744.l099e6",
"ref": "P355744.102.1",
"inst": "%sux:u₂-a=",
"f": {"lang": "sux",
"form": "u₂-a"}
}
,
{
"node": "l",
"frag": "HI",
"id": "P355744.l099e7",
"ref": "P355744.102.2",
"inst": "%sux:HI=",
"f": {"lang": "sux",
"form": "HI"}
}
,
{
"node": "d",
"type": "line-start",
"ref": "P355744.103",
"n": "14",
"label": "f 14"}
,
{
"node": "l",
"frag": "ba-KU",
"id": "P355744.l099e8",
"ref": "P355744.103.1",
"inst": "%sux:ba-KU=",
"f": {"lang": "sux",
"form": "ba-KU"}
}
,
{
"node": "d",
"type": "line-start",
"ref": "P355744.104",
"n": "15",
"label": "f 15"}
,
{
"node": "l",
"frag": "hirinₓ(LAK175)",
"id": "P355744.l099e9",
"ref": "P355744.104.1",
"inst": "%sux:hirinₓ(LAK175)=",
"f": {"lang": "sux",
"form": "hirinₓ(LAK175)"}
}
,
{
"node": "l",
"frag": "SILA₃",
"id": "P355744.l099ea",
"ref": "P355744.104.2",
"inst": "%sux:SILA₃=",
"f": {"lang": "sux",
"form": "SILA₃"}
}
,
{
"node": "d",
"type": "nonx",
"ref": "P355744.105",
"strict": "1",
"extent": "n",
"scope": "space",
"state": "blank"}
,
{
"node": "d",
"subtype": "top",
"type": "surface",
"ref": "P355744.t.e..106",
"type": "top",
"label": "t.e."}
,
{
"node": "d",
"type": "nonx",
"ref": "P355744.107",
"strict": "0",
"extent": "13",
"state": "other"}
,
{
"node": "d",
"type": "line-start",
"ref": "P355744.108",
"n": "1",
"label": "t.e. 1"}
,
{
"node": "l",
"frag": "{[d]}nisaba",
"id": "P355744.l099eb",
"ref": "P355744.108.1",
"inst": "Nisaba[]DN",
"sig": "@dcclt%sux:{d}nisaba=Nisaba[1//1]DN'DN$Nisaba/{d}nisaba#~",
"f": {"lang": "sux",
"form": "{d}nisaba",
"cf": "Nisaba",
"gw": "1",
"sense": "1",
"norm0": "Nisaba",
"pos": "DN",
"epos": "DN",
"base": "{d}nisaba",
"morph": "~"}
}
,
{
"node": "l",
"frag": "⸢munus⸣",
"id": "P355744.l099ec",
"ref": "P355744.108.2",
"inst": "munus[woman]",
"sig": "@dcclt%sux:munus=munus[woman//woman]N'N$munus/munus#~",
"f": {"lang": "sux",
"form": "munus",
"cf": "munus",
"gw": "woman",
"sense": "woman",
"norm0": "munus",
"pos": "N",
"epos": "N",
"base": "munus",
"morph": "~"}
}
,
{
"node": "l",
"frag": "zid",
"id": "P355744.l099ed",
"ref": "P355744.108.3",
"inst": "zid[true]",
"sig": "@dcclt%sux:zid=zid[right//(to be) right, true, loyal]V/i'V/i$zid/zid#~",
"f": {"lang": "sux",
"form": "zid",
"cf": "zid",
"gw": "right",
"sense": "(to be) right, true, loyal",
"norm0": "zid",
"pos": "V/i",
"epos": "V/i",
"base": "zid",
"morph": "~"}
}
,
{
"node": "d",
"type": "line-start",
"ref": "P355744.109",
"n": "2",
"label": "t.e. 2"}
,
{
"node": "l",
"frag": "[munus]",
"id": "P355744.l099ee",
"ref": "P355744.109.1",
"inst": "munus[woman]",
"sig": "@dcclt%sux:munus=munus[woman//woman]N'N$munus/munus#~",
"f": {"lang": "sux",
"form": "munus",
"cf": "munus",
"gw": "woman",
"sense": "woman",
"norm0": "munus",
"pos": "N",
"epos": "N",
"base": "munus",
"morph": "~"}
}
,
{
"node": "l",
"frag": "sag₉-ga",
"id": "P355744.l099ef",
"ref": "P355744.109.2",
"inst": "sag[good]",
"sig": "@dcclt%sux:sag₉-ga=sag[good//good]V/i'V/i$sag;a/sag₉+-ga=g.a#~;a",
"f": {"lang": "sux",
"form": "sag₉-ga",
"cf": "sag",
"gw": "good",
"sense": "good",
"norm0": "sag;a",
"pos": "V/i",
"epos": "V/i",
"base": "sag₉",
"cont": "-ga=g.a",
"morph": "~;a"}
}
,
{
"node": "d",
"type": "line-start",
"ref": "P355744.110",
"n": "3",
"label": "t.e. 3"}
,
{
"node": "l",
"frag": "⸢munus",
"id": "P355744.l099f0",
"ref": "P355744.110.1",
"inst": "munus[woman]",
"sig": "@dcclt%sux:munus=munus[woman//woman]N'N$munus/munus#~",
"f": {"lang": "sux",
"form": "munus",
"cf": "munus",
"gw": "woman",
"sense": "woman",
"norm0": "munus",
"pos": "N",
"epos": "N",
"base": "munus",
"morph": "~"}
}
,
{
"node": "l",
"frag": "mul-mul-la⸣",
"id": "P355744.l099f1",
"ref": "P355744.110.2",
"inst": "mul[star]",
"sig": "@dcclt%sux:mul-mul-la=mul[star//star]N'N$mul,ak/mul-mul+-la=l.a#~,ak",
"f": {"lang": "sux",
"form": "mul-mul-la",
"cf": "mul",
"gw": "star",
"sense": "star",
"norm0": "mul,ak",
"pos": "N",
"epos": "N",
"base": "mul-mul",
"cont": "-la=l.a",
"morph": "~,ak"}
}
,
{
"node": "d",
"type": "line-start",
"ref": "P355744.111",
"n": "4",
"label": "t.e. 4"}
,
{
"node": "l",
"frag": "ki-[aŋ₂]",
"id": "P355744.l099f2",
"ref": "P355744.111.1",
"inst": "kiʾaŋa[beloved]",
"sig": "@dcclt%sux:ki-aŋ₂=kiʾaŋa[beloved//beloved]AJ'AJ$kiʾaŋa/ki-aŋ₂#~",
"f": {"lang": "sux",
"form": "ki-aŋ₂",
"cf": "kiʾaŋa",
"gw": "beloved",
"sense": "beloved",
"norm0": "kiʾaŋa",
"pos": "AJ",
"epos": "AJ",
"base": "ki-aŋ₂",
"morph": "~"}
}
,
{
"node": "l",
"frag": "⸢an-na⸣",
"id": "P355744.l099f3",
"ref": "P355744.111.2",
"inst": "An[]DN",
"sig": "@dcclt%sux:an-na=An[1//1]DN'DN$An/an-na#~",
"f": {"lang": "sux",
"form": "an-na",
"cf": "An",
"gw": "1",
"sense": "1",
"norm0": "An",
"pos": "DN",
"epos": "DN",
"base": "an-na",
"morph": "~"}
}
,
{
"node": "d",
"type": "line-start",
"ref": "P355744.112",
"n": "5",
"label": "t.e. 5"}
,
{
"node": "l",
"frag": "hi-[li]",
"id": "P355744.l099f4",
"ref": "P355744.112.1",
"inst": "hili[luxuriant]",
"sig": "@dcclt%sux:hi-li=hili[attractiveness//(to be) luxuriant]N'V/i$hili/hi-li#~",
"f": {"lang": "sux",
"form": "hi-li",
"cf": "hili",
"gw": "attractiveness",
"sense": "(to be) luxuriant",
"norm0": "hili",
"pos": "N",
"epos": "V/i",
"base": "hi-li",
"morph": "~"}
}
,
{
"node": "l",
"frag": "⸢e₂⸣",
"id": "P355744.l099f5",
"ref": "P355744.112.2",
"inst": "e[temple]",
"sig": "@dcclt%sux:e₂=e[house//temple]N'N$e/e₂#~",
"f": {"lang": "sux",
"form": "e₂",
"cf": "e",
"gw": "house",
"sense": "temple",
"norm0": "e",
"pos": "N",
"epos": "N",
"base": "e₂",
"morph": "~"}
}
,
{
"node": "d",
"type": "line-start",
"ref": "P355744.113",
"n": "6",
"label": "t.e. 6"}
,
{
"node": "l",
"frag": "⸢kur⸣-kur-ra",
"id": "P355744.l099f6",
"ref": "P355744.113.1",
"inst": "kur[land]",
"sig": "@dcclt%sux:kur-kur-ra=kur[mountain//(foreign) land]N'N$kur,ak/kur-kur+-ra=r.a#~,ak",
"f": {"lang": "sux",
"form": "kur-kur-ra",
"cf": "kur",
"gw": "mountain",
"sense": "(foreign) land",
"norm0": "kur,ak",
"pos": "N",
"epos": "N",
"base": "kur-kur",
"cont": "-ra=r.a",
"morph": "~,ak"}
}
,
{
"node": "d",
"type": "line-start",
"ref": "P355744.114",
"n": "7",
"label": "t.e. 7"}
,
{
"node": "l",
"frag": "⸢munus⸣",
"id": "P355744.l099f7",
"ref": "P355744.114.1",
"inst": "munus[woman]",
"sig": "@dcclt%sux:munus=munus[woman//woman]N'N$munus/munus#~",
"f": {"lang": "sux",
"form": "munus",
"cf": "munus",
"gw": "woman",
"sense": "woman",
"norm0": "munus",
"pos": "N",
"epos": "N",
"base": "munus",
"morph": "~"}
}
,
{
"node": "l",
"frag": "x",
"id": "P355744.l099f8",
"ref": "P355744.114.2",
"inst": "u",
"f": {"lang": "sux",
"form": "x",
"pos": "u"}
}
,
{
"node": "l",
"frag": "⸢imin⸣",
"id": "P355744.l099f9",
"ref": "P355744.114.3",
"inst": "imin[seven]",
"sig": "@dcclt%sux:imin=imin[seven//seven]NU'NU$imin/imin#~",
"f": {"lang": "sux",
"form": "imin",
"cf": "imin",
"gw": "seven",
"sense": "seven",
"norm0": "imin",
"pos": "NU",
"epos": "NU",
"base": "imin",
"morph": "~"}
}
,
{
"node": "d",
"type": "line-start",
"ref": "P355744.115",
"n": "8",
"label": "t.e. 8"}
,
{
"node": "l",
"frag": "ŋeštug₂",
"id": "P355744.l099fa",
"ref": "P355744.115.1",
"inst": "ŋeštug[wisdom]",
"sig": "@dcclt%sux:ŋeštug₂=ŋeštug[ear//wisdom, understanding]N'N$ŋeštug/ŋeštug₂#~",
"f": {"lang": "sux",
"form": "ŋeštug₂",
"cf": "ŋeštug",
"gw": "ear",
"sense": "wisdom, understanding",
"norm0": "ŋeštug",
"pos": "N",
"epos": "N",
"base": "ŋeštug₂",
"morph": "~"}
}
,
{
"node": "l",
"frag": "ki",
"id": "P355744.l099fb",
"ref": "P355744.115.2",
"inst": "ki[place]",
"sig": "@dcclt%sux:ki=ki[place//place]N'N$ki/ki#~",
"f": {"lang": "sux",
"form": "ki",
"cf": "ki",
"gw": "place",
"sense": "place",
"norm0": "ki",
"pos": "N",
"epos": "N",
"base": "ki",
"morph": "~"}
}
,
{
"node": "l",
"frag": "kug",
"id": "P355744.l099fc",
"ref": "P355744.115.3",
"inst": "kug[pure]",
"sig": "@dcclt%sux:kug=kug[pure//pure]V/i'V/i$kug/kug#~",
"f": {"lang": "sux",
"form": "kug",
"cf": "kug",
"gw": "pure",
"sense": "pure",
"norm0": "kug",
"pos": "V/i",
"epos": "V/i",
"base": "kug",
"morph": "~"}
}
,
{
"node": "d",
"type": "line-start",
"ref": "P355744.116",
"n": "9",
"label": "t.e. 9"}
,
{
"node": "l",
"frag": "⸢dub⸣-sar-mah",
"id": "P355744.l099fd",
"ref": "P355744.116.1",
"inst": "dubsarmah[official]",
"sig": "@dcclt%sux:dub-sar-mah=dubsarmah[official//an official]N'N$dubsarmah/dub-sar-mah#~",
"f": {"lang": "sux",
"form": "dub-sar-mah",
"cf": "dubsarmah",
"gw": "official",
"sense": "an official",
"norm0": "dubsarmah",
"pos": "N",
"epos": "N",
"base": "dub-sar-mah",
"morph": "~"}
}
,
{
"node": "l",
"frag": "an-na",
"id": "P355744.l099fe",
"ref": "P355744.116.2",
"inst": "An[]DN",
"sig": "@dcclt%sux:an-na=An[1//1]DN'DN$An/an-na#~",
"f": {"lang": "sux",
"form": "an-na",
"cf": "An",
"gw": "1",
"sense": "1",
"norm0": "An",
"pos": "DN",
"epos": "DN",
"base": "an-na",
"morph": "~"}
}
,
{
"node": "d",
"type": "line-start",
"ref": "P355744.117",
"n": "10",
"label": "t.e. 10"}
,
{
"node": "l",
"frag": "⸢saŋ-DUN₃⸣-mah",
"id": "P355744.l099ff",
"ref": "P355744.117.1",
"inst": "saŋ.DUN₃.mah[recorder]",
"sig": "@dcclt%sux:saŋ-DUN₃-mah=saŋ.DUN₃.mah[recorder//chief recorder]N'N$saŋ.DUN₃.mah/saŋ-DUN₃-mah#~",
"f": {"lang": "sux",
"form": "saŋ-DUN₃-mah",
"cf": "saŋ.DUN₃.mah",
"gw": "recorder",
"sense": "chief recorder",
"norm0": "saŋ.DUN₃.mah",
"pos": "N",
"epos": "N",
"base": "saŋ-DUN₃-mah",
"morph": "~"}
}
,
{
"node": "l",
"frag": "{d}en-lil₂",
"id": "P355744.l09a00",
"ref": "P355744.117.2",
"inst": "Enlil[]DN",
"sig": "@dcclt%sux:{d}en-lil₂=Enlil[1//1]DN'DN$Enlil/{d}en-lil₂#~",
"f": {"lang": "sux",
"form": "{d}en-lil₂",
"cf": "Enlil",
"gw": "1",
"sense": "1",
"norm0": "Enlil",
"pos": "DN",
"epos": "DN",
"base": "{d}en-lil₂",
"morph": "~"}
}
,
{
"node": "d",
"type": "line-start",
"ref": "P355744.118",
"n": "11",
"label": "t.e. 11"}
,
{
"node": "l",
"frag": "[...]",
"id": "P355744.l09a01",
"ref": "P355744.118.1",
"inst": "%sux:x=",
"f": {"lang": "sux",
"form": "x"}
}
,
{
"node": "l",
"frag": "⸢x⸣",
"id": "P355744.l09a02",
"ref": "P355744.118.2",
"inst": "%sux:x=",
"f": {"lang": "sux",
"form": "x"}
}
]}
]}
]}
]}
