{
"type": "cdl",
  "source": "http://oracc.org/dcclt",
  "license": "This data is released under the CC0 license",
  "license-url": "https://creativecommons.org/publicdomain/zero/1.0/",
  "more-info": "http://oracc.org/doc/opendata/",
  "UTC-timestamp": "2017-05-19T18:26:57",
"project": "dcclt",
"textid": "P368991",
"cdl": [
{
"node": "c",
"type": "text",
"id": "P368991.U0",
"cdl": [
{
"node": "d",
"subtype": "tablet",
"type": "object",
"ref": "P368991.x186.1",
"type": "tablet",
"label": "x186"}
,
{
"node": "d",
"subtype": "obverse",
"type": "surface",
"ref": "P368991.o.2",
"type": "obverse",
"label": "o"}
,
{
"node": "d",
"subtype": "column 1o",
"type": "column",
"ref": "P368991.o.i.3",
"n": "1",
"label": "o i"}
,
{
"node": "d",
"type": "nonx",
"ref": "P368991.4",
"strict": "1",
"extent": "n",
"scope": "line",
"state": "missing"}
,
{
"node": "d",
"subtype": "column 2o",
"type": "column",
"ref": "P368991.o.ii.5",
"n": "2",
"label": "o ii"}
,
{
"node": "d",
"type": "nonx",
"ref": "P368991.6",
"strict": "1",
"extent": "8",
"scope": "line",
"state": "missing"}
,
{
"node": "c",
"type": "discourse",
"subtype": "body",
"id": "P368991.U1",
"cdl": [
{
"node": "c",
"type": "sentence",
"id": "P368991.U2",
"label": "o ii 1' - o iv 25",
"cdl": [
{
"node": "d",
"type": "line-start",
"ref": "P368991.7",
"n": "1'",
"label": "o ii 1'"}
,
{
"node": "d",
"type": "cell-start"}
,
{
"node": "d",
"type": "field-start",
"subtype": "wp"}
,
{
"node": "l",
"frag": "[...]",
"id": "P368991.l0a964",
"ref": "P368991.7.1",
"inst": "u",
"f": {"lang": "sux",
"form": "x",
"pos": "u"}
}
,
{
"node": "d",
"type": "field-end",
"subtype": "wp"}
,
{
"node": "d",
"type": "cell-end"}
,
{
"node": "d",
"type": "cell-start"}
,
{
"node": "d",
"type": "field-start",
"subtype": "eq"}
,
{
"node": "l",
"frag": "[...]-⸢tum⸣",
"id": "P368991.l0a965",
"ref": "P368991.7.2",
"inst": "u",
"f": {"lang": "akk-x-oldbab",
"form": "x-tum",
"pos": "u"}
}
,
{
"node": "d",
"type": "field-end",
"subtype": "eq"}
,
{
"node": "d",
"type": "cell-end"}
,
{
"node": "d",
"type": "line-start",
"ref": "P368991.8",
"n": "2'",
"label": "o ii 2'"}
,
{
"node": "d",
"type": "cell-start"}
,
{
"node": "d",
"type": "field-start",
"subtype": "wp"}
,
{
"node": "l",
"frag": "[...]",
"id": "P368991.l0a966",
"ref": "P368991.8.1",
"inst": "u",
"f": {"lang": "sux",
"form": "x",
"pos": "u"}
}
,
{
"node": "d",
"type": "field-end",
"subtype": "wp"}
,
{
"node": "d",
"type": "cell-end"}
,
{
"node": "d",
"type": "cell-start"}
,
{
"node": "d",
"type": "field-start",
"subtype": "eq"}
,
{
"node": "l",
"frag": "[...]-tum",
"id": "P368991.l0a967",
"ref": "P368991.8.2",
"inst": "u",
"f": {"lang": "akk-x-oldbab",
"form": "x-tum",
"pos": "u"}
}
,
{
"node": "d",
"type": "field-end",
"subtype": "eq"}
,
{
"node": "d",
"type": "cell-end"}
,
{
"node": "d",
"type": "line-start",
"ref": "P368991.9",
"n": "3'",
"label": "o ii 3'"}
,
{
"node": "d",
"type": "cell-start"}
,
{
"node": "d",
"type": "field-start",
"subtype": "wp"}
,
{
"node": "l",
"frag": "[...]",
"id": "P368991.l0a968",
"ref": "P368991.9.1",
"inst": "u",
"f": {"lang": "sux",
"form": "x",
"pos": "u"}
}
,
{
"node": "d",
"type": "field-end",
"subtype": "wp"}
,
{
"node": "d",
"type": "cell-end"}
,
{
"node": "d",
"type": "cell-start"}
,
{
"node": "d",
"type": "field-start",
"subtype": "eq"}
,
{
"node": "l",
"frag": "[...]-tum",
"id": "P368991.l0a969",
"ref": "P368991.9.2",
"inst": "u",
"f": {"lang": "akk-x-oldbab",
"form": "x-tum",
"pos": "u"}
}
,
{
"node": "d",
"type": "field-end",
"subtype": "eq"}
,
{
"node": "d",
"type": "cell-end"}
,
{
"node": "d",
"type": "line-start",
"ref": "P368991.10",
"n": "4'",
"label": "o ii 4'"}
,
{
"node": "d",
"type": "cell-start"}
,
{
"node": "d",
"type": "field-start",
"subtype": "wp"}
,
{
"node": "l",
"frag": "[...]",
"id": "P368991.l0a96a",
"ref": "P368991.10.1",
"inst": "u",
"f": {"lang": "sux",
"form": "x",
"pos": "u"}
}
,
{
"node": "d",
"type": "field-end",
"subtype": "wp"}
,
{
"node": "d",
"type": "cell-end"}
,
{
"node": "d",
"type": "cell-start"}
,
{
"node": "d",
"type": "field-start",
"subtype": "eq"}
,
{
"node": "l",
"frag": "[...]-⸢x-x⸣",
"id": "P368991.l0a96b",
"ref": "P368991.10.2",
"inst": "u",
"f": {"lang": "akk-x-oldbab",
"form": "x-x-x",
"pos": "u"}
}
,
{
"node": "l",
"frag": "am-ma-tum",
"id": "P368991.l0a96c",
"ref": "P368991.10.3",
"inst": "L",
"f": {"lang": "akk-x-oldbab",
"form": "am-ma-tum",
"pos": "L"}
}
,
{
"node": "d",
"type": "field-end",
"subtype": "eq"}
,
{
"node": "d",
"type": "cell-end"}
,
{
"node": "d",
"type": "line-start",
"ref": "P368991.11",
"n": "5'",
"label": "o ii 5'"}
,
{
"node": "d",
"type": "cell-start"}
,
{
"node": "d",
"type": "field-start",
"subtype": "wp"}
,
{
"node": "l",
"frag": "[...]",
"id": "P368991.l0a96d",
"ref": "P368991.11.1",
"inst": "u",
"f": {"lang": "sux",
"form": "x",
"pos": "u"}
}
,
{
"node": "d",
"type": "field-end",
"subtype": "wp"}
,
{
"node": "d",
"type": "cell-end"}
,
{
"node": "d",
"type": "cell-start"}
,
{
"node": "d",
"type": "field-start",
"subtype": "eq"}
,
{
"node": "l",
"frag": "am-ma-tu-um",
"id": "P368991.l0a96e",
"ref": "P368991.11.2",
"inst": "L",
"f": {"lang": "akk-x-oldbab",
"form": "am-ma-tu-um",
"pos": "L"}
}
,
{
"node": "d",
"type": "field-end",
"subtype": "eq"}
,
{
"node": "d",
"type": "cell-end"}
,
{
"node": "d",
"type": "line-start",
"ref": "P368991.12",
"n": "6'",
"label": "o ii 6'"}
,
{
"node": "d",
"type": "cell-start"}
,
{
"node": "d",
"type": "field-start",
"subtype": "wp"}
,
{
"node": "l",
"frag": "[a₂",
"id": "P368991.l0a96f",
"ref": "P368991.12.1",
"inst": "a[arm]",
"sig": "@dcclt%sux:a₂=a[arm//arm]N'N$a/a₂#~",
"f": {"lang": "sux",
"form": "a₂",
"cf": "a",
"gw": "arm",
"sense": "arm",
"norm0": "a",
"pos": "N",
"epos": "N",
"base": "a₂",
"morph": "~"}
}
,
{
"node": "l",
"frag": "1/2(diš)",
"id": "P368991.l0a970",
"ref": "P368991.12.2",
"inst": "n",
"f": {"lang": "sux",
"form": "1/2(diš)",
"pos": "n"}
}
,
{
"node": "l",
"frag": "kuš₃",
"id": "P368991.l0a971",
"ref": "P368991.12.3",
"inst": "kuš[unit]",
"sig": "@dcclt%sux:kuš₃=kuš[unit//a unit of length]N'N$kuš/kuš₃#~",
"f": {"lang": "sux",
"form": "kuš₃",
"cf": "kuš",
"gw": "unit",
"sense": "a unit of length",
"norm0": "kuš",
"pos": "N",
"epos": "N",
"base": "kuš₃",
"morph": "~"}
}
,
{
"node": "d",
"type": "field-end",
"subtype": "wp"}
,
{
"node": "d",
"type": "cell-end"}
,
{
"node": "d",
"type": "cell-start"}
,
{
"node": "d",
"type": "field-start",
"subtype": "eq"}
,
{
"node": "l",
"frag": "⸢uṭ⸣-ṭu₂-tum",
"id": "P368991.l0a972",
"ref": "P368991.12.4",
"inst": "L",
"f": {"lang": "akk-x-oldbab",
"form": "uṭ-ṭu₂-tum",
"pos": "L"}
}
,
{
"node": "d",
"type": "field-end",
"subtype": "eq"}
,
{
"node": "d",
"type": "cell-end"}
,
{
"node": "d",
"type": "line-start",
"ref": "P368991.13",
"n": "7'",
"label": "o ii 7'"}
,
{
"node": "d",
"type": "cell-start"}
,
{
"node": "d",
"type": "field-start",
"subtype": "wp"}
,
{
"node": "l",
"frag": "[a₂]",
"id": "P368991.l0a973",
"ref": "P368991.13.1",
"inst": "a[arm]",
"sig": "@dcclt%sux:a₂=a[arm//arm]N'N$a/a₂#~",
"f": {"lang": "sux",
"form": "a₂",
"cf": "a",
"gw": "arm",
"sense": "arm",
"norm0": "a",
"pos": "N",
"epos": "N",
"base": "a₂",
"morph": "~"}
}
,
{
"node": "l",
"frag": "šušana",
"id": "P368991.l0a974",
"ref": "P368991.13.2",
"inst": "n",
"f": {"lang": "sux",
"form": "šušana",
"pos": "n"}
}
,
{
"node": "l",
"frag": "kuš₃",
"id": "P368991.l0a975",
"ref": "P368991.13.3",
"inst": "kuš[unit]",
"sig": "@dcclt%sux:kuš₃=kuš[unit//a unit of length]N'N$kuš/kuš₃#~",
"f": {"lang": "sux",
"form": "kuš₃",
"cf": "kuš",
"gw": "unit",
"sense": "a unit of length",
"norm0": "kuš",
"pos": "N",
"epos": "N",
"base": "kuš₃",
"morph": "~"}
}
,
{
"node": "d",
"type": "field-end",
"subtype": "wp"}
,
{
"node": "d",
"type": "cell-end"}
,
{
"node": "d",
"type": "cell-start"}
,
{
"node": "d",
"type": "field-start",
"subtype": "eq"}
,
{
"node": "l",
"frag": "⸢ši⸣-tum",
"id": "P368991.l0a976",
"ref": "P368991.13.4",
"inst": "L",
"f": {"lang": "akk-x-oldbab",
"form": "ši-tum",
"pos": "L"}
}
,
{
"node": "d",
"type": "field-end",
"subtype": "eq"}
,
{
"node": "d",
"type": "cell-end"}
,
{
"node": "d",
"type": "line-start",
"ref": "P368991.14",
"n": "8'",
"label": "o ii 8'"}
,
{
"node": "d",
"type": "cell-start"}
,
{
"node": "d",
"type": "field-start",
"subtype": "wp"}
,
{
"node": "l",
"frag": "a₂",
"id": "P368991.l0a977",
"ref": "P368991.14.1",
"inst": "a[arm]",
"sig": "@dcclt%sux:a₂=a[arm//arm]N'N$a/a₂#~",
"f": {"lang": "sux",
"form": "a₂",
"cf": "a",
"gw": "arm",
"sense": "arm",
"norm0": "a",
"pos": "N",
"epos": "N",
"base": "a₂",
"morph": "~"}
}
,
{
"node": "l",
"frag": "sig-sig",
"id": "P368991.l0a978",
"ref": "P368991.14.2",
"inst": "sig[weak]",
"sig": "@dcclt%sux:sig-sig=sig[weak//weak]V/i'V/i$sig/sig-sig#~",
"f": {"lang": "sux",
"form": "sig-sig",
"cf": "sig",
"gw": "weak",
"sense": "weak",
"norm0": "sig",
"pos": "V/i",
"epos": "V/i",
"base": "sig-sig",
"morph": "~"}
}
,
{
"node": "d",
"type": "field-end",
"subtype": "wp"}
,
{
"node": "d",
"type": "cell-end"}
,
{
"node": "d",
"type": "cell-start"}
,
{
"node": "d",
"type": "field-start",
"subtype": "eq"}
,
{
"node": "l",
"frag": "i-du",
"id": "P368991.l0a979",
"ref": "P368991.14.3",
"inst": "L",
"f": {"lang": "akk-x-oldbab",
"form": "i-du",
"pos": "L"}
}
,
{
"node": "l",
"frag": "qa₂-at-ta-nu-tum",
"id": "P368991.l0a97a",
"ref": "P368991.14.4",
"inst": "L",
"f": {"lang": "akk-x-oldbab",
"form": "qa₂-at-ta-nu-tum",
"pos": "L"}
}
,
{
"node": "d",
"type": "field-end",
"subtype": "eq"}
,
{
"node": "d",
"type": "cell-end"}
,
{
"node": "d",
"type": "line-start",
"ref": "P368991.15",
"n": "9'",
"label": "o ii 9'"}
,
{
"node": "d",
"type": "cell-start"}
,
{
"node": "d",
"type": "field-start",
"subtype": "wp"}
,
{
"node": "l",
"frag": "a₂",
"id": "P368991.l0a97b",
"ref": "P368991.15.1",
"inst": "a[arm]",
"sig": "@dcclt%sux:a₂=a[arm//arm]N'N$a/a₂#~",
"f": {"lang": "sux",
"form": "a₂",
"cf": "a",
"gw": "arm",
"sense": "arm",
"norm0": "a",
"pos": "N",
"epos": "N",
"base": "a₂",
"morph": "~"}
}
,
{
"node": "l",
"frag": "mir-mir",
"id": "P368991.l0a97c",
"ref": "P368991.15.2",
"inst": "mir[angry]",
"sig": "@dcclt%sux:mir-mir=mir[angry//(to be) angry]V/i'V/i$mir/mir-mir#~",
"f": {"lang": "sux",
"form": "mir-mir",
"cf": "mir",
"gw": "angry",
"sense": "(to be) angry",
"norm0": "mir",
"pos": "V/i",
"epos": "V/i",
"base": "mir-mir",
"morph": "~"}
}
,
{
"node": "d",
"type": "field-end",
"subtype": "wp"}
,
{
"node": "d",
"type": "cell-end"}
,
{
"node": "d",
"type": "cell-start"}
,
{
"node": "d",
"type": "field-start",
"subtype": "eq"}
,
{
"node": "l",
"frag": "i-du",
"id": "P368991.l0a97d",
"ref": "P368991.15.3",
"inst": "L",
"f": {"lang": "akk-x-oldbab",
"form": "i-du",
"pos": "L"}
}
,
{
"node": "l",
"frag": "ag₂-ga-tum",
"id": "P368991.l0a97e",
"ref": "P368991.15.4",
"inst": "L",
"f": {"lang": "akk-x-oldbab",
"form": "ag₂-ga-tum",
"pos": "L"}
}
,
{
"node": "d",
"type": "field-end",
"subtype": "eq"}
,
{
"node": "d",
"type": "cell-end"}
,
{
"node": "d",
"type": "line-start",
"ref": "P368991.16",
"n": "10'",
"label": "o ii 10'"}
,
{
"node": "d",
"type": "cell-start"}
,
{
"node": "d",
"type": "field-start",
"subtype": "wp"}
,
{
"node": "l",
"frag": "⸢a₂⸣",
"id": "P368991.l0a97f",
"ref": "P368991.16.1",
"inst": "a[arm]",
"sig": "@dcclt%sux:a₂=a[arm//arm]N'N$a/a₂#~",
"f": {"lang": "sux",
"form": "a₂",
"cf": "a",
"gw": "arm",
"sense": "arm",
"norm0": "a",
"pos": "N",
"epos": "N",
"base": "a₂",
"morph": "~"}
}
,
{
"node": "l",
"frag": "gur₄-gur₄",
"id": "P368991.l0a980",
"ref": "P368991.16.2",
"inst": "gur[thick]",
"sig": "@dcclt%sux:gur₄-gur₄=gur[thick//thick]V/i'V/i$gur/gur₄-gur₄#~",
"f": {"lang": "sux",
"form": "gur₄-gur₄",
"cf": "gur",
"gw": "thick",
"sense": "thick",
"norm0": "gur",
"pos": "V/i",
"epos": "V/i",
"base": "gur₄-gur₄",
"morph": "~"}
}
,
{
"node": "d",
"type": "field-end",
"subtype": "wp"}
,
{
"node": "d",
"type": "cell-end"}
,
{
"node": "d",
"type": "cell-start"}
,
{
"node": "d",
"type": "field-start",
"subtype": "eq"}
,
{
"node": "l",
"frag": "i-du",
"id": "P368991.l0a981",
"ref": "P368991.16.3",
"inst": "L",
"f": {"lang": "akk-x-oldbab",
"form": "i-du",
"pos": "L"}
}
,
{
"node": "l",
"frag": "ka-ab-ba-ru-um",
"id": "P368991.l0a982",
"ref": "P368991.16.4",
"inst": "L",
"f": {"lang": "akk-x-oldbab",
"form": "ka-ab-ba-ru-um",
"pos": "L"}
}
,
{
"node": "d",
"type": "field-end",
"subtype": "eq"}
,
{
"node": "d",
"type": "cell-end"}
,
{
"node": "d",
"type": "line-start",
"ref": "P368991.17",
"n": "11'",
"label": "o ii 11'"}
,
{
"node": "d",
"type": "cell-start"}
,
{
"node": "d",
"type": "field-start",
"subtype": "wp"}
,
{
"node": "l",
"frag": "[...]",
"id": "P368991.l0a983",
"ref": "P368991.17.1",
"inst": "u",
"f": {"lang": "sux",
"form": "x",
"pos": "u"}
}
,
{
"node": "d",
"type": "field-end",
"subtype": "wp"}
,
{
"node": "d",
"type": "cell-end"}
,
{
"node": "d",
"type": "cell-start"}
,
{
"node": "d",
"type": "field-start",
"subtype": "eq"}
,
{
"node": "l",
"frag": "⸢i⸣-du",
"id": "P368991.l0a984",
"ref": "P368991.17.2",
"inst": "L",
"f": {"lang": "akk-x-oldbab",
"form": "i-du",
"pos": "L"}
}
,
{
"node": "l",
"frag": "x-x-x-tum",
"id": "P368991.l0a985",
"ref": "P368991.17.3",
"inst": "u",
"f": {"lang": "akk-x-oldbab",
"form": "x-x-x-tum",
"pos": "u"}
}
,
{
"node": "d",
"type": "field-end",
"subtype": "eq"}
,
{
"node": "d",
"type": "cell-end"}
,
{
"node": "d",
"type": "nonx",
"ref": "P368991.18",
"strict": "1",
"extent": "rest",
"scope": "column",
"state": "missing"}
,
{
"node": "d",
"subtype": "column 3o",
"type": "column",
"ref": "P368991.o.iii.19",
"n": "3",
"label": "o iii"}
,
{
"node": "d",
"type": "line-start",
"ref": "P368991.20",
"n": "1",
"label": "o iii 1"}
,
{
"node": "d",
"type": "cell-start"}
,
{
"node": "d",
"type": "field-start",
"subtype": "wp"}
,
{
"node": "l",
"frag": "[...]-ŋal₂",
"id": "P368991.l0a986",
"ref": "P368991.20.1",
"inst": "u",
"f": {"lang": "sux",
"form": "x-ŋal₂",
"pos": "u"}
}
,
{
"node": "d",
"type": "field-end",
"subtype": "wp"}
,
{
"node": "d",
"type": "cell-end"}
,
{
"node": "d",
"type": "cell-start"}
,
{
"node": "d",
"type": "field-start",
"subtype": "eq"}
,
{
"node": "l",
"frag": "la",
"id": "P368991.l0a987",
"ref": "P368991.20.2",
"inst": "L",
"f": {"lang": "akk-x-oldbab",
"form": "la",
"pos": "L"}
}
,
{
"node": "l",
"frag": "⸢x⸣-ṣa-⸢x⸣-tum",
"id": "P368991.l0a988",
"ref": "P368991.20.3",
"inst": "u",
"f": {"lang": "akk-x-oldbab",
"form": "x-ṣa-x-tum",
"pos": "u"}
}
,
{
"node": "d",
"type": "field-end",
"subtype": "eq"}
,
{
"node": "d",
"type": "cell-end"}
,
{
"node": "d",
"type": "line-start",
"ref": "P368991.21",
"n": "2",
"label": "o iii 2"}
,
{
"node": "d",
"type": "cell-start"}
,
{
"node": "d",
"type": "field-start",
"subtype": "wp"}
,
{
"node": "l",
"frag": "[...]-ŋal₂",
"id": "P368991.l0a989",
"ref": "P368991.21.1",
"inst": "u",
"f": {"lang": "sux",
"form": "x-ŋal₂",
"pos": "u"}
}
,
{
"node": "d",
"type": "field-end",
"subtype": "wp"}
,
{
"node": "d",
"type": "cell-end"}
,
{
"node": "d",
"type": "cell-start"}
,
{
"node": "d",
"type": "field-start",
"subtype": "eq"}
,
{
"node": "l",
"frag": "la",
"id": "P368991.l0a98a",
"ref": "P368991.21.2",
"inst": "L",
"f": {"lang": "akk-x-oldbab",
"form": "la",
"pos": "L"}
}
,
{
"node": "l",
"frag": "⸢ga-aš₂⸣-ra-tum",
"id": "P368991.l0a98b",
"ref": "P368991.21.3",
"inst": "L",
"f": {"lang": "akk-x-oldbab",
"form": "ga-aš₂-ra-tum",
"pos": "L"}
}
,
{
"node": "d",
"type": "field-end",
"subtype": "eq"}
,
{
"node": "d",
"type": "cell-end"}
,
{
"node": "d",
"type": "line-start",
"ref": "P368991.22",
"n": "3",
"label": "o iii 3"}
,
{
"node": "d",
"type": "cell-start"}
,
{
"node": "d",
"type": "field-start",
"subtype": "wp"}
,
{
"node": "l",
"frag": "⸢a₂⸣-ŋu₁₀-še₃",
"id": "P368991.l0a98c",
"ref": "P368991.22.1",
"inst": "a[arm]",
"sig": "@dcclt%sux:a₂-ŋu₁₀-še₃=a[arm//arm]N'N$a,ŋu.eše/a₂#~,ŋu.eše",
"f": {"lang": "sux",
"form": "a₂-ŋu₁₀-še₃",
"cf": "a",
"gw": "arm",
"sense": "arm",
"norm0": "a,ŋu.eše",
"pos": "N",
"epos": "N",
"base": "a₂",
"morph": "~,ŋu.eše"}
}
,
{
"node": "d",
"type": "field-end",
"subtype": "wp"}
,
{
"node": "d",
"type": "cell-end"}
,
{
"node": "d",
"type": "cell-start"}
,
{
"node": "d",
"type": "field-start",
"subtype": "eq"}
,
{
"node": "l",
"frag": "a-na",
"id": "P368991.l0a98d",
"ref": "P368991.22.2",
"inst": "L",
"f": {"lang": "akk-x-oldbab",
"form": "a-na",
"pos": "L"}
}
,
{
"node": "l",
"frag": "i-di-šu",
"id": "P368991.l0a98e",
"ref": "P368991.22.3",
"inst": "L",
"f": {"lang": "akk-x-oldbab",
"form": "i-di-šu",
"pos": "L"}
}
,
{
"node": "d",
"type": "field-end",
"subtype": "eq"}
,
{
"node": "d",
"type": "cell-end"}
,
{
"node": "d",
"type": "line-start",
"ref": "P368991.23",
"n": "4",
"label": "o iii 4"}
,
{
"node": "d",
"type": "cell-start"}
,
{
"node": "d",
"type": "field-start",
"subtype": "wp"}
,
{
"node": "l",
"frag": "a₂-zu-še₃",
"id": "P368991.l0a98f",
"ref": "P368991.23.1",
"inst": "a[arm]",
"sig": "@dcclt%sux:a₂-zu-še₃=a[arm//arm]N'N$a,zu.eše/a₂#~,zu.eše",
"f": {"lang": "sux",
"form": "a₂-zu-še₃",
"cf": "a",
"gw": "arm",
"sense": "arm",
"norm0": "a,zu.eše",
"pos": "N",
"epos": "N",
"base": "a₂",
"morph": "~,zu.eše"}
}
,
{
"node": "d",
"type": "field-end",
"subtype": "wp"}
,
{
"node": "d",
"type": "cell-end"}
,
{
"node": "d",
"type": "cell-start"}
,
{
"node": "d",
"type": "field-start",
"subtype": "eq"}
,
{
"node": "l",
"frag": "a-na",
"id": "P368991.l0a990",
"ref": "P368991.23.2",
"inst": "L",
"f": {"lang": "akk-x-oldbab",
"form": "a-na",
"pos": "L"}
}
,
{
"node": "l",
"frag": "i-di-ka",
"id": "P368991.l0a991",
"ref": "P368991.23.3",
"inst": "L",
"f": {"lang": "akk-x-oldbab",
"form": "i-di-ka",
"pos": "L"}
}
,
{
"node": "d",
"type": "field-end",
"subtype": "eq"}
,
{
"node": "d",
"type": "cell-end"}
,
{
"node": "d",
"type": "line-start",
"ref": "P368991.24",
"n": "5",
"label": "o iii 5"}
,
{
"node": "d",
"type": "cell-start"}
,
{
"node": "d",
"type": "field-start",
"subtype": "wp"}
,
{
"node": "l",
"frag": "a₂-bi-še₃",
"id": "P368991.l0a992",
"ref": "P368991.24.1",
"inst": "a[arm]",
"sig": "@dcclt%sux:a₂-bi-še₃=a[arm//arm]N'N$a,bi.eše/a₂#~,bi.eše",
"f": {"lang": "sux",
"form": "a₂-bi-še₃",
"cf": "a",
"gw": "arm",
"sense": "arm",
"norm0": "a,bi.eše",
"pos": "N",
"epos": "N",
"base": "a₂",
"morph": "~,bi.eše"}
}
,
{
"node": "d",
"type": "field-end",
"subtype": "wp"}
,
{
"node": "d",
"type": "cell-end"}
,
{
"node": "d",
"type": "cell-start"}
,
{
"node": "d",
"type": "field-start",
"subtype": "eq"}
,
{
"node": "l",
"frag": "a-na",
"id": "P368991.l0a993",
"ref": "P368991.24.2",
"inst": "L",
"f": {"lang": "akk-x-oldbab",
"form": "a-na",
"pos": "L"}
}
,
{
"node": "l",
"frag": "i-di-NE",
"id": "P368991.l0a994",
"ref": "P368991.24.3",
"inst": "L",
"f": {"lang": "akk-x-oldbab",
"form": "i-di-NE",
"pos": "L"}
}
,
{
"node": "d",
"type": "field-end",
"subtype": "eq"}
,
{
"node": "d",
"type": "cell-end"}
,
{
"node": "d",
"type": "line-start",
"ref": "P368991.25",
"n": "6",
"label": "o iii 6"}
,
{
"node": "d",
"type": "cell-start"}
,
{
"node": "d",
"type": "field-start",
"subtype": "wp"}
,
{
"node": "l",
"frag": "a₂-ne-ne-še₃",
"id": "P368991.l0a995",
"ref": "P368991.25.1",
"inst": "a[arm]",
"sig": "@dcclt%sux:a₂-ne-ne-še₃=a[arm//arm]N'N$a,anene.eše/a₂#~,anene.eše",
"f": {"lang": "sux",
"form": "a₂-ne-ne-še₃",
"cf": "a",
"gw": "arm",
"sense": "arm",
"norm0": "a,anene.eše",
"pos": "N",
"epos": "N",
"base": "a₂",
"morph": "~,anene.eše"}
}
,
{
"node": "d",
"type": "field-end",
"subtype": "wp"}
,
{
"node": "d",
"type": "cell-end"}
,
{
"node": "d",
"type": "cell-start"}
,
{
"node": "d",
"type": "field-start",
"subtype": "eq"}
,
{
"node": "l",
"frag": "a-na",
"id": "P368991.l0a996",
"ref": "P368991.25.2",
"inst": "L",
"f": {"lang": "akk-x-oldbab",
"form": "a-na",
"pos": "L"}
}
,
{
"node": "l",
"frag": "i-di-šu-nu",
"id": "P368991.l0a997",
"ref": "P368991.25.3",
"inst": "L",
"f": {"lang": "akk-x-oldbab",
"form": "i-di-šu-nu",
"pos": "L"}
}
,
{
"node": "d",
"type": "field-end",
"subtype": "eq"}
,
{
"node": "d",
"type": "cell-end"}
,
{
"node": "d",
"type": "line-start",
"ref": "P368991.26",
"n": "7",
"label": "o iii 7"}
,
{
"node": "d",
"type": "cell-start"}
,
{
"node": "d",
"type": "field-start",
"subtype": "wp"}
,
{
"node": "l",
"frag": "a₂-zu-ne-ne-še₃",
"id": "P368991.l0a998",
"ref": "P368991.26.1",
"inst": "a[arm]",
"sig": "@dcclt%sux:a₂-zu-ne-ne-še₃=a[arm//arm]N'N$a,zunene.eše/a₂#~,zunene.eše",
"f": {"lang": "sux",
"form": "a₂-zu-ne-ne-še₃",
"cf": "a",
"gw": "arm",
"sense": "arm",
"norm0": "a,zunene.eše",
"pos": "N",
"epos": "N",
"base": "a₂",
"morph": "~,zunene.eše"}
}
,
{
"node": "d",
"type": "field-end",
"subtype": "wp"}
,
{
"node": "d",
"type": "cell-end"}
,
{
"node": "d",
"type": "cell-start"}
,
{
"node": "d",
"type": "field-start",
"subtype": "eq"}
,
{
"node": "l",
"frag": "a-na",
"id": "P368991.l0a999",
"ref": "P368991.26.2",
"inst": "L",
"f": {"lang": "akk-x-oldbab",
"form": "a-na",
"pos": "L"}
}
,
{
"node": "l",
"frag": "i-di-ku-nu",
"id": "P368991.l0a99a",
"ref": "P368991.26.3",
"inst": "L",
"f": {"lang": "akk-x-oldbab",
"form": "i-di-ku-nu",
"pos": "L"}
}
,
{
"node": "d",
"type": "field-end",
"subtype": "eq"}
,
{
"node": "d",
"type": "cell-end"}
,
{
"node": "d",
"type": "line-start",
"ref": "P368991.27",
"n": "8",
"label": "o iii 8"}
,
{
"node": "d",
"type": "cell-start"}
,
{
"node": "d",
"type": "field-start",
"subtype": "wp"}
,
{
"node": "l",
"frag": "a₂",
"id": "P368991.l0a99b",
"ref": "P368991.27.1",
"inst": "a[arm]",
"sig": "@dcclt%sux:a₂=a[arm//arm]N'N$a/a₂#~",
"f": {"lang": "sux",
"form": "a₂",
"cf": "a",
"gw": "arm",
"sense": "arm",
"norm0": "a",
"pos": "N",
"epos": "N",
"base": "a₂",
"morph": "~"}
}
,
{
"node": "l",
"frag": "mu-bi-še₃",
"id": "P368991.l0a99c",
"ref": "P368991.27.2",
"inst": "mu[year]",
"sig": "@dcclt%sux:mu-bi-še₃=mu[year//year]N'N$mu,bi.eše/mu#~,bi.eše",
"f": {"lang": "sux",
"form": "mu-bi-še₃",
"cf": "mu",
"gw": "year",
"sense": "year",
"norm0": "mu,bi.eše",
"pos": "N",
"epos": "N",
"base": "mu",
"morph": "~,bi.eše"}
}
,
{
"node": "d",
"type": "field-end",
"subtype": "wp"}
,
{
"node": "d",
"type": "cell-end"}
,
{
"node": "d",
"type": "cell-start"}
,
{
"node": "d",
"type": "field-start",
"subtype": "eq"}
,
{
"node": "l",
"frag": "a-na",
"id": "P368991.l0a99d",
"ref": "P368991.27.3",
"inst": "L",
"f": {"lang": "akk-x-oldbab",
"form": "a-na",
"pos": "L"}
}
,
{
"node": "l",
"frag": "i-di",
"id": "P368991.l0a99e",
"ref": "P368991.27.4",
"inst": "L",
"f": {"lang": "akk-x-oldbab",
"form": "i-di",
"pos": "L"}
}
,
{
"node": "l",
"frag": "ša-at-ti-šu",
"id": "P368991.l0a99f",
"ref": "P368991.27.5",
"inst": "L",
"f": {"lang": "akk-x-oldbab",
"form": "ša-at-ti-šu",
"pos": "L"}
}
,
{
"node": "d",
"type": "field-end",
"subtype": "eq"}
,
{
"node": "d",
"type": "cell-end"}
,
{
"node": "d",
"type": "line-start",
"ref": "P368991.28",
"n": "9",
"label": "o iii 9"}
,
{
"node": "d",
"type": "cell-start"}
,
{
"node": "d",
"type": "field-start",
"subtype": "wp"}
,
{
"node": "l",
"frag": "a₂",
"id": "P368991.l0a9a0",
"ref": "P368991.28.1",
"inst": "a[arm]",
"sig": "@dcclt%sux:a₂=a[arm//arm]N'N$a/a₂#~",
"f": {"lang": "sux",
"form": "a₂",
"cf": "a",
"gw": "arm",
"sense": "arm",
"norm0": "a",
"pos": "N",
"epos": "N",
"base": "a₂",
"morph": "~"}
}
,
{
"node": "l",
"frag": "itud-bi-še₃",
"id": "P368991.l0a9a1",
"ref": "P368991.28.2",
"inst": "itud[moon]",
"sig": "@dcclt%sux:itud-bi-še₃=itud[moon//moon]N'N$itud,bi.eše/itud#~,bi.eše",
"f": {"lang": "sux",
"form": "itud-bi-še₃",
"cf": "itud",
"gw": "moon",
"sense": "moon",
"norm0": "itud,bi.eše",
"pos": "N",
"epos": "N",
"base": "itud",
"morph": "~,bi.eše"}
}
,
{
"node": "d",
"type": "field-end",
"subtype": "wp"}
,
{
"node": "d",
"type": "cell-end"}
,
{
"node": "d",
"type": "cell-start"}
,
{
"node": "d",
"type": "field-start",
"subtype": "eq"}
,
{
"node": "l",
"frag": "a-na",
"id": "P368991.l0a9a2",
"ref": "P368991.28.3",
"inst": "L",
"f": {"lang": "akk-x-oldbab",
"form": "a-na",
"pos": "L"}
}
,
{
"node": "l",
"frag": "i-di",
"id": "P368991.l0a9a3",
"ref": "P368991.28.4",
"inst": "L",
"f": {"lang": "akk-x-oldbab",
"form": "i-di",
"pos": "L"}
}
,
{
"node": "l",
"frag": "ar-hi-šu",
"id": "P368991.l0a9a4",
"ref": "P368991.28.5",
"inst": "L",
"f": {"lang": "akk-x-oldbab",
"form": "ar-hi-šu",
"pos": "L"}
}
,
{
"node": "d",
"type": "field-end",
"subtype": "eq"}
,
{
"node": "d",
"type": "cell-end"}
,
{
"node": "d",
"type": "line-start",
"ref": "P368991.29",
"n": "10",
"label": "o iii 10"}
,
{
"node": "d",
"type": "cell-start"}
,
{
"node": "d",
"type": "field-start",
"subtype": "wp"}
,
{
"node": "l",
"frag": "a₂",
"id": "P368991.l0a9a5",
"ref": "P368991.29.1",
"inst": "a[arm]",
"sig": "@dcclt%sux:a₂=a[arm//arm]N'N$a/a₂#~",
"f": {"lang": "sux",
"form": "a₂",
"cf": "a",
"gw": "arm",
"sense": "arm",
"norm0": "a",
"pos": "N",
"epos": "N",
"base": "a₂",
"morph": "~"}
}
,
{
"node": "l",
"frag": "lu₂-huŋ-ŋa₂",
"id": "P368991.l0a9a6",
"ref": "P368991.29.2",
"inst": "luhuŋa[hireling]",
"sig": "@dcclt%sux:lu₂-huŋ-ŋa₂=luhuŋa[hireling//hireling]N'N$luhuŋa,ŋu.ak/lu₂-huŋ#~,ŋu.ak",
"f": {"lang": "sux",
"form": "lu₂-huŋ-ŋa₂",
"cf": "luhuŋa",
"gw": "hireling",
"sense": "hireling",
"norm0": "luhuŋa,ŋu.ak",
"pos": "N",
"epos": "N",
"base": "lu₂-huŋ",
"morph": "~,ŋu.ak"}
}
,
{
"node": "d",
"type": "field-end",
"subtype": "wp"}
,
{
"node": "d",
"type": "cell-end"}
,
{
"node": "d",
"type": "cell-start"}
,
{
"node": "d",
"type": "field-start",
"subtype": "eq"}
,
{
"node": "l",
"frag": "i-di",
"id": "P368991.l0a9a7",
"ref": "P368991.29.3",
"inst": "L",
"f": {"lang": "akk-x-oldbab",
"form": "i-di",
"pos": "L"}
}
,
{
"node": "l",
"frag": "ag-ri-im",
"id": "P368991.l0a9a8",
"ref": "P368991.29.4",
"inst": "L",
"f": {"lang": "akk-x-oldbab",
"form": "ag-ri-im",
"pos": "L"}
}
,
{
"node": "d",
"type": "field-end",
"subtype": "eq"}
,
{
"node": "d",
"type": "cell-end"}
,
{
"node": "d",
"type": "line-start",
"ref": "P368991.30",
"n": "11",
"label": "o iii 11"}
,
{
"node": "d",
"type": "cell-start"}
,
{
"node": "d",
"type": "field-start",
"subtype": "wp"}
,
{
"node": "c",
"type": "phrase",
"tag": "phr",
"id": "P368991.U4",
"ref": "P368991.ls00000",
"cdl": [
{
"node": "l",
"frag": "a₂",
"id": "P368991.l0a9a9",
"ref": "P368991.30.1",
"inst": "a[arm]",
"sig": "@dcclt%sux:a₂=a[arm//arm]N'N$a/a₂#~",
"f": {"lang": "sux",
"form": "a₂",
"cf": "a",
"gw": "arm",
"sense": "arm",
"norm0": "a",
"pos": "N",
"epos": "N",
"base": "a₂",
"morph": "~"}
}
,
{
"node": "l",
"frag": "la₂-la₂",
"id": "P368991.l0a9aa",
"ref": "P368991.30.2",
"inst": "la[hang]",
"sig": "@dcclt%sux:la₂-la₂=la[hang//hang]V/t'V/t$la/la₂-la₂#~",
"f": {"lang": "sux",
"form": "la₂-la₂",
"cf": "la",
"gw": "hang",
"sense": "hang",
"norm0": "la",
"pos": "V/t",
"epos": "V/t",
"base": "la₂-la₂",
"morph": "~"}
}
]}
,
{
"node": "d",
"type": "field-end",
"subtype": "wp"}
,
{
"node": "d",
"type": "cell-end"}
,
{
"node": "d",
"type": "cell-start"}
,
{
"node": "d",
"type": "field-start",
"subtype": "eq"}
,
{
"node": "l",
"frag": "pu₂-us-su₂-lum",
"id": "P368991.l0a9ab",
"ref": "P368991.30.3",
"inst": "L",
"f": {"lang": "akk-x-oldbab",
"form": "pu₂-us-su₂-lum",
"pos": "L"}
}
,
{
"node": "d",
"type": "field-end",
"subtype": "eq"}
,
{
"node": "d",
"type": "cell-end"}
,
{
"node": "d",
"type": "line-start",
"ref": "P368991.31",
"n": "12",
"label": "o iii 12"}
,
{
"node": "d",
"type": "cell-start"}
,
{
"node": "d",
"type": "field-start",
"subtype": "wp"}
,
{
"node": "c",
"type": "phrase",
"tag": "phr",
"id": "P368991.U5",
"ref": "P368991.ls00001",
"cdl": [
{
"node": "l",
"frag": "a₂",
"id": "P368991.l0a9ac",
"ref": "P368991.31.1",
"inst": "a[arm]",
"sig": "@dcclt%sux:a₂=a[arm//arm]N'N$a/a₂#~",
"f": {"lang": "sux",
"form": "a₂",
"cf": "a",
"gw": "arm",
"sense": "arm",
"norm0": "a",
"pos": "N",
"epos": "N",
"base": "a₂",
"morph": "~"}
}
,
{
"node": "l",
"frag": "la₂-la₂",
"id": "P368991.l0a9ad",
"ref": "P368991.31.2",
"inst": "la[hang]",
"sig": "@dcclt%sux:la₂-la₂=la[hang//hang]V/t'V/t$la/la₂-la₂#~",
"f": {"lang": "sux",
"form": "la₂-la₂",
"cf": "la",
"gw": "hang",
"sense": "hang",
"norm0": "la",
"pos": "V/t",
"epos": "V/t",
"base": "la₂-la₂",
"morph": "~"}
}
]}
,
{
"node": "d",
"type": "field-end",
"subtype": "wp"}
,
{
"node": "d",
"type": "cell-end"}
,
{
"node": "d",
"type": "cell-start"}
,
{
"node": "d",
"type": "field-start",
"subtype": "eq"}
,
{
"node": "l",
"frag": "šu-uq-lu-um",
"id": "P368991.l0a9ae",
"ref": "P368991.31.3",
"inst": "L",
"f": {"lang": "akk-x-oldbab",
"form": "šu-uq-lu-um",
"pos": "L"}
}
,
{
"node": "d",
"type": "field-end",
"subtype": "eq"}
,
{
"node": "d",
"type": "cell-end"}
,
{
"node": "d",
"type": "line-start",
"ref": "P368991.32",
"n": "13",
"label": "o iii 13"}
,
{
"node": "d",
"type": "cell-start"}
,
{
"node": "d",
"type": "field-start",
"subtype": "wp"}
,
{
"node": "c",
"type": "phrase",
"tag": "phr",
"id": "P368991.U6",
"ref": "P368991.ls00002",
"cdl": [
{
"node": "l",
"frag": "a₂",
"id": "P368991.l0a9af",
"ref": "P368991.32.1",
"inst": "a[arm]",
"sig": "@dcclt%sux:a₂=a[arm//arm]N'N$a/a₂#~",
"f": {"lang": "sux",
"form": "a₂",
"cf": "a",
"gw": "arm",
"sense": "arm",
"norm0": "a",
"pos": "N",
"epos": "N",
"base": "a₂",
"morph": "~"}
}
,
{
"node": "l",
"frag": "la₂-la₂",
"id": "P368991.l0a9b0",
"ref": "P368991.32.2",
"inst": "la[hang]",
"sig": "@dcclt%sux:la₂-la₂=la[hang//hang]V/t'V/t$la/la₂-la₂#~",
"f": {"lang": "sux",
"form": "la₂-la₂",
"cf": "la",
"gw": "hang",
"sense": "hang",
"norm0": "la",
"pos": "V/t",
"epos": "V/t",
"base": "la₂-la₂",
"morph": "~"}
}
]}
,
{
"node": "d",
"type": "field-end",
"subtype": "wp"}
,
{
"node": "d",
"type": "cell-end"}
,
{
"node": "d",
"type": "cell-start"}
,
{
"node": "d",
"type": "field-start",
"subtype": "eq"}
,
{
"node": "l",
"frag": "šu-qa₂-al-lu-lum",
"id": "P368991.l0a9b1",
"ref": "P368991.32.3",
"inst": "L",
"f": {"lang": "akk-x-oldbab",
"form": "šu-qa₂-al-lu-lum",
"pos": "L"}
}
,
{
"node": "d",
"type": "field-end",
"subtype": "eq"}
,
{
"node": "d",
"type": "cell-end"}
,
{
"node": "d",
"type": "line-start",
"ref": "P368991.33",
"n": "14",
"label": "o iii 14"}
,
{
"node": "d",
"type": "cell-start"}
,
{
"node": "d",
"type": "field-start",
"subtype": "wp"}
,
{
"node": "l",
"frag": "a₂",
"id": "P368991.l0a9b2",
"ref": "P368991.33.1",
"inst": "a[arm]",
"sig": "@dcclt%sux:a₂=a[arm//arm]N'N$a/a₂#~",
"f": {"lang": "sux",
"form": "a₂",
"cf": "a",
"gw": "arm",
"sense": "arm",
"norm0": "a",
"pos": "N",
"epos": "N",
"base": "a₂",
"morph": "~"}
}
,
{
"node": "l",
"frag": "šušana",
"id": "P368991.l0a9b3",
"ref": "P368991.33.2",
"inst": "n",
"f": {"lang": "sux",
"form": "šušana",
"pos": "n"}
}
,
{
"node": "d",
"type": "field-end",
"subtype": "wp"}
,
{
"node": "d",
"type": "cell-end"}
,
{
"node": "d",
"type": "cell-start"}
,
{
"node": "d",
"type": "field-start",
"subtype": "eq"}
,
{
"node": "l",
"frag": "ša-lu-uš-ti",
"id": "P368991.l0a9b4",
"ref": "P368991.33.3",
"inst": "L",
"f": {"lang": "akk-x-oldbab",
"form": "ša-lu-uš-ti",
"pos": "L"}
}
,
{
"node": "l",
"frag": "i-di",
"id": "P368991.l0a9b5",
"ref": "P368991.33.4",
"inst": "L",
"f": {"lang": "akk-x-oldbab",
"form": "i-di",
"pos": "L"}
}
,
{
"node": "d",
"type": "field-end",
"subtype": "eq"}
,
{
"node": "d",
"type": "cell-end"}
,
{
"node": "d",
"type": "line-start",
"ref": "P368991.34",
"n": "15",
"label": "o iii 15"}
,
{
"node": "d",
"type": "cell-start"}
,
{
"node": "d",
"type": "field-start",
"subtype": "wp"}
,
{
"node": "l",
"frag": "a₂",
"id": "P368991.l0a9b6",
"ref": "P368991.34.1",
"inst": "a[arm]",
"sig": "@dcclt%sux:a₂=a[arm//arm]N'N$a/a₂#~",
"f": {"lang": "sux",
"form": "a₂",
"cf": "a",
"gw": "arm",
"sense": "arm",
"norm0": "a",
"pos": "N",
"epos": "N",
"base": "a₂",
"morph": "~"}
}
,
{
"node": "l",
"frag": "1/2(diš)",
"id": "P368991.l0a9b7",
"ref": "P368991.34.2",
"inst": "n",
"f": {"lang": "sux",
"form": "1/2(diš)",
"pos": "n"}
}
,
{
"node": "d",
"type": "field-end",
"subtype": "wp"}
,
{
"node": "d",
"type": "cell-end"}
,
{
"node": "d",
"type": "cell-start"}
,
{
"node": "d",
"type": "field-start",
"subtype": "eq"}
,
{
"node": "l",
"frag": "mi-ši-il",
"id": "P368991.l0a9b8",
"ref": "P368991.34.3",
"inst": "L",
"f": {"lang": "akk-x-oldbab",
"form": "mi-ši-il",
"pos": "L"}
}
,
{
"node": "l",
"frag": "i-di",
"id": "P368991.l0a9b9",
"ref": "P368991.34.4",
"inst": "L",
"f": {"lang": "akk-x-oldbab",
"form": "i-di",
"pos": "L"}
}
,
{
"node": "d",
"type": "field-end",
"subtype": "eq"}
,
{
"node": "d",
"type": "cell-end"}
,
{
"node": "d",
"type": "line-start",
"ref": "P368991.35",
"n": "16",
"label": "o iii 16"}
,
{
"node": "d",
"type": "cell-start"}
,
{
"node": "d",
"type": "field-start",
"subtype": "wp"}
,
{
"node": "l",
"frag": "a₂",
"id": "P368991.l0a9ba",
"ref": "P368991.35.1",
"inst": "a[arm]",
"sig": "@dcclt%sux:a₂=a[arm//arm]N'N$a/a₂#~",
"f": {"lang": "sux",
"form": "a₂",
"cf": "a",
"gw": "arm",
"sense": "arm",
"norm0": "a",
"pos": "N",
"epos": "N",
"base": "a₂",
"morph": "~"}
}
,
{
"node": "l",
"frag": "šanabi",
"id": "P368991.l0a9bb",
"ref": "P368991.35.2",
"inst": "n",
"f": {"lang": "sux",
"form": "šanabi",
"pos": "n"}
}
,
{
"node": "d",
"type": "field-end",
"subtype": "wp"}
,
{
"node": "d",
"type": "cell-end"}
,
{
"node": "d",
"type": "cell-start"}
,
{
"node": "d",
"type": "field-start",
"subtype": "eq"}
,
{
"node": "l",
"frag": "ši-ne-pa-at",
"id": "P368991.l0a9bc",
"ref": "P368991.35.3",
"inst": "L",
"f": {"lang": "akk-x-oldbab",
"form": "ši-ne-pa-at",
"pos": "L"}
}
,
{
"node": "l",
"frag": "i-di",
"id": "P368991.l0a9bd",
"ref": "P368991.35.4",
"inst": "L",
"f": {"lang": "akk-x-oldbab",
"form": "i-di",
"pos": "L"}
}
,
{
"node": "d",
"type": "field-end",
"subtype": "eq"}
,
{
"node": "d",
"type": "cell-end"}
,
{
"node": "d",
"type": "line-start",
"ref": "P368991.36",
"n": "17",
"label": "o iii 17"}
,
{
"node": "d",
"type": "cell-start"}
,
{
"node": "d",
"type": "field-start",
"subtype": "wp"}
,
{
"node": "l",
"frag": "a₂",
"id": "P368991.l0a9be",
"ref": "P368991.36.1",
"inst": "a[arm]",
"sig": "@dcclt%sux:a₂=a[arm//arm]N'N$a/a₂#~",
"f": {"lang": "sux",
"form": "a₂",
"cf": "a",
"gw": "arm",
"sense": "arm",
"norm0": "a",
"pos": "N",
"epos": "N",
"base": "a₂",
"morph": "~"}
}
,
{
"node": "l",
"frag": "šub",
"id": "P368991.l0a9bf",
"ref": "P368991.36.2",
"inst": "šub[fall]",
"sig": "@dcclt%sux:šub=šub[fall//fall]V/t'V/t$šub/šub#~",
"f": {"lang": "sux",
"form": "šub",
"cf": "šub",
"gw": "fall",
"sense": "fall",
"norm0": "šub",
"pos": "V/t",
"epos": "V/t",
"base": "šub",
"morph": "~"}
}
,
{
"node": "d",
"type": "field-end",
"subtype": "wp"}
,
{
"node": "d",
"type": "cell-end"}
,
{
"node": "d",
"type": "cell-start"}
,
{
"node": "d",
"type": "field-start",
"subtype": "eq"}
,
{
"node": "l",
"frag": "i-du",
"id": "P368991.l0a9c0",
"ref": "P368991.36.3",
"inst": "L",
"f": {"lang": "akk-x-oldbab",
"form": "i-du",
"pos": "L"}
}
,
{
"node": "l",
"frag": "ma-aq-tum",
"id": "P368991.l0a9c1",
"ref": "P368991.36.4",
"inst": "L",
"f": {"lang": "akk-x-oldbab",
"form": "ma-aq-tum",
"pos": "L"}
}
,
{
"node": "d",
"type": "field-end",
"subtype": "eq"}
,
{
"node": "d",
"type": "cell-end"}
,
{
"node": "d",
"type": "line-start",
"ref": "P368991.37",
"n": "18",
"label": "o iii 18"}
,
{
"node": "d",
"type": "cell-start"}
,
{
"node": "d",
"type": "field-start",
"subtype": "wp"}
,
{
"node": "l",
"frag": "a₂",
"id": "P368991.l0a9c2",
"ref": "P368991.37.1",
"inst": "a[arm]",
"sig": "@dcclt%sux:a₂=a[arm//arm]N'N$a/a₂#~",
"f": {"lang": "sux",
"form": "a₂",
"cf": "a",
"gw": "arm",
"sense": "arm",
"norm0": "a",
"pos": "N",
"epos": "N",
"base": "a₂",
"morph": "~"}
}
,
{
"node": "l",
"frag": "gurud-da",
"id": "P368991.l0a9c3",
"ref": "P368991.37.2",
"inst": "gurud[throw]",
"sig": "@dcclt%sux:gurud-da=gurud[throw//to throw, place]V/t'V/t$gurud;a/gurud+-da=d.a#~;a",
"f": {"lang": "sux",
"form": "gurud-da",
"cf": "gurud",
"gw": "throw",
"sense": "to throw, place",
"norm0": "gurud;a",
"pos": "V/t",
"epos": "V/t",
"base": "gurud",
"cont": "-da=d.a",
"morph": "~;a"}
}
,
{
"node": "d",
"type": "field-end",
"subtype": "wp"}
,
{
"node": "d",
"type": "cell-end"}
,
{
"node": "d",
"type": "cell-start"}
,
{
"node": "d",
"type": "field-start",
"subtype": "eq"}
,
{
"node": "l",
"frag": "i-du",
"id": "P368991.l0a9c4",
"ref": "P368991.37.3",
"inst": "L",
"f": {"lang": "akk-x-oldbab",
"form": "i-du",
"pos": "L"}
}
,
{
"node": "l",
"frag": "na-du-u₂",
"id": "P368991.l0a9c5",
"ref": "P368991.37.4",
"inst": "L",
"f": {"lang": "akk-x-oldbab",
"form": "na-du-u₂",
"pos": "L"}
}
,
{
"node": "d",
"type": "field-end",
"subtype": "eq"}
,
{
"node": "d",
"type": "cell-end"}
,
{
"node": "d",
"type": "line-start",
"ref": "P368991.38",
"n": "19",
"label": "o iii 19"}
,
{
"node": "d",
"type": "cell-start"}
,
{
"node": "d",
"type": "field-start",
"subtype": "wp"}
,
{
"node": "l",
"frag": "a₂",
"id": "P368991.l0a9c6",
"ref": "P368991.38.1",
"inst": "a[arm]",
"sig": "@dcclt%sux:a₂=a[arm//arm]N'N$a/a₂#~",
"f": {"lang": "sux",
"form": "a₂",
"cf": "a",
"gw": "arm",
"sense": "arm",
"norm0": "a",
"pos": "N",
"epos": "N",
"base": "a₂",
"morph": "~"}
}
,
{
"node": "l",
"frag": "bad₃",
"id": "P368991.l0a9c7",
"ref": "P368991.38.2",
"inst": "bad[wall]",
"sig": "@dcclt%sux:bad₃=bad[wall//wall]N'N$bad/bad₃#~",
"f": {"lang": "sux",
"form": "bad₃",
"cf": "bad",
"gw": "wall",
"sense": "wall",
"norm0": "bad",
"pos": "N",
"epos": "N",
"base": "bad₃",
"morph": "~"}
}
,
{
"node": "d",
"type": "field-end",
"subtype": "wp"}
,
{
"node": "d",
"type": "cell-end"}
,
{
"node": "d",
"type": "cell-start"}
,
{
"node": "d",
"type": "field-start",
"subtype": "eq"}
,
{
"node": "l",
"frag": "i-di",
"id": "P368991.l0a9c8",
"ref": "P368991.38.3",
"inst": "L",
"f": {"lang": "akk-x-oldbab",
"form": "i-di",
"pos": "L"}
}
,
{
"node": "l",
"frag": "du-ri",
"id": "P368991.l0a9c9",
"ref": "P368991.38.4",
"inst": "L",
"f": {"lang": "akk-x-oldbab",
"form": "du-ri",
"pos": "L"}
}
,
{
"node": "d",
"type": "field-end",
"subtype": "eq"}
,
{
"node": "d",
"type": "cell-end"}
,
{
"node": "d",
"type": "line-start",
"ref": "P368991.39",
"n": "20",
"label": "o iii 20"}
,
{
"node": "d",
"type": "cell-start"}
,
{
"node": "d",
"type": "field-start",
"subtype": "wp"}
,
{
"node": "l",
"frag": "a₂",
"id": "P368991.l0a9ca",
"ref": "P368991.39.1",
"inst": "a[arm]",
"sig": "@dcclt%sux:a₂=a[arm//arm]N'N$a/a₂#~",
"f": {"lang": "sux",
"form": "a₂",
"cf": "a",
"gw": "arm",
"sense": "arm",
"norm0": "a",
"pos": "N",
"epos": "N",
"base": "a₂",
"morph": "~"}
}
,
{
"node": "l",
"frag": "si-bad₃",
"id": "P368991.l0a9cb",
"ref": "P368991.39.2",
"inst": "badsi[parapet]",
"sig": "@dcclt%sux:si-bad₃=badsi[parapet//parapet]N'N$badsi/si-bad₃#~",
"f": {"lang": "sux",
"form": "si-bad₃",
"cf": "badsi",
"gw": "parapet",
"sense": "parapet",
"norm0": "badsi",
"pos": "N",
"epos": "N",
"base": "si-bad₃",
"morph": "~"}
}
,
{
"node": "d",
"type": "field-end",
"subtype": "wp"}
,
{
"node": "d",
"type": "cell-end"}
,
{
"node": "d",
"type": "cell-start"}
,
{
"node": "d",
"type": "field-start",
"subtype": "eq"}
,
{
"node": "l",
"frag": "i-di",
"id": "P368991.l0a9cc",
"ref": "P368991.39.3",
"inst": "L",
"f": {"lang": "akk-x-oldbab",
"form": "i-di",
"pos": "L"}
}
,
{
"node": "l",
"frag": "si-ti",
"id": "P368991.l0a9cd",
"ref": "P368991.39.4",
"inst": "L",
"f": {"lang": "akk-x-oldbab",
"form": "si-ti",
"pos": "L"}
}
,
{
"node": "d",
"type": "field-end",
"subtype": "eq"}
,
{
"node": "d",
"type": "cell-end"}
,
{
"node": "d",
"type": "line-start",
"ref": "P368991.40",
"n": "21",
"label": "o iii 21"}
,
{
"node": "d",
"type": "cell-start"}
,
{
"node": "d",
"type": "field-start",
"subtype": "wp"}
,
{
"node": "l",
"frag": "a₂",
"id": "P368991.l0a9ce",
"ref": "P368991.40.1",
"inst": "a[arm]",
"sig": "@dcclt%sux:a₂=a[arm//arm]N'N$a/a₂#~",
"f": {"lang": "sux",
"form": "a₂",
"cf": "a",
"gw": "arm",
"sense": "arm",
"norm0": "a",
"pos": "N",
"epos": "N",
"base": "a₂",
"morph": "~"}
}
,
{
"node": "l",
"frag": "⸢sur⸣",
"id": "P368991.l0a9cf",
"ref": "P368991.40.2",
"inst": "sur[half]",
"sig": "@dcclt%sux:sur=sur[half//half]N'N$sur/sur#~",
"f": {"lang": "sux",
"form": "sur",
"cf": "sur",
"gw": "half",
"sense": "half",
"norm0": "sur",
"pos": "N",
"epos": "N",
"base": "sur",
"morph": "~"}
}
,
{
"node": "d",
"type": "field-end",
"subtype": "wp"}
,
{
"node": "d",
"type": "cell-end"}
,
{
"node": "d",
"type": "cell-start"}
,
{
"node": "d",
"type": "field-start",
"subtype": "eq"}
,
{
"node": "l",
"frag": "i-du",
"id": "P368991.l0a9d0",
"ref": "P368991.40.3",
"inst": "L",
"f": {"lang": "akk-x-oldbab",
"form": "i-du",
"pos": "L"}
}
,
{
"node": "l",
"frag": "ha-ri",
"id": "P368991.l0a9d1",
"ref": "P368991.40.4",
"inst": "L",
"f": {"lang": "akk-x-oldbab",
"form": "ha-ri",
"pos": "L"}
}
,
{
"node": "d",
"type": "field-end",
"subtype": "eq"}
,
{
"node": "d",
"type": "cell-end"}
,
{
"node": "d",
"type": "line-start",
"ref": "P368991.41",
"n": "22",
"label": "o iii 22"}
,
{
"node": "d",
"type": "cell-start"}
,
{
"node": "d",
"type": "field-start",
"subtype": "wp"}
,
{
"node": "l",
"frag": "[a₂]-⸢bad₃⸣",
"id": "P368991.l0a9d2",
"ref": "P368991.41.1",
"inst": "abad[shelter]",
"sig": "@dcclt%sux:a₂-bad₃=abad[shelter//shelter]N'N$abad/a₂-bad₃#~",
"f": {"lang": "sux",
"form": "a₂-bad₃",
"cf": "abad",
"gw": "shelter",
"sense": "shelter",
"norm0": "abad",
"pos": "N",
"epos": "N",
"base": "a₂-bad₃",
"morph": "~"}
}
,
{
"node": "d",
"type": "field-end",
"subtype": "wp"}
,
{
"node": "d",
"type": "cell-end"}
,
{
"node": "d",
"type": "cell-start"}
,
{
"node": "d",
"type": "field-start",
"subtype": "eq"}
,
{
"node": "l",
"frag": "i-du",
"id": "P368991.l0a9d3",
"ref": "P368991.41.2",
"inst": "L",
"f": {"lang": "akk-x-oldbab",
"form": "i-du",
"pos": "L"}
}
,
{
"node": "l",
"frag": "ṣi-a-ti",
"id": "P368991.l0a9d4",
"ref": "P368991.41.3",
"inst": "L",
"f": {"lang": "akk-x-oldbab",
"form": "ṣi-a-ti",
"pos": "L"}
}
,
{
"node": "d",
"type": "field-end",
"subtype": "eq"}
,
{
"node": "d",
"type": "cell-end"}
,
{
"node": "d",
"type": "line-start",
"ref": "P368991.42",
"n": "23",
"label": "o iii 23"}
,
{
"node": "d",
"type": "cell-start"}
,
{
"node": "d",
"type": "field-start",
"subtype": "wp"}
,
{
"node": "l",
"frag": "[...]",
"id": "P368991.l0a9d5",
"ref": "P368991.42.1",
"inst": "u",
"f": {"lang": "sux",
"form": "x",
"pos": "u"}
}
,
{
"node": "d",
"type": "field-end",
"subtype": "wp"}
,
{
"node": "d",
"type": "cell-end"}
,
{
"node": "d",
"type": "cell-start"}
,
{
"node": "d",
"type": "field-start",
"subtype": "eq"}
,
{
"node": "l",
"frag": "i-du",
"id": "P368991.l0a9d6",
"ref": "P368991.42.2",
"inst": "L",
"f": {"lang": "akk-x-oldbab",
"form": "i-du",
"pos": "L"}
}
,
{
"node": "l",
"frag": "da-ru-u₂",
"id": "P368991.l0a9d7",
"ref": "P368991.42.3",
"inst": "L",
"f": {"lang": "akk-x-oldbab",
"form": "da-ru-u₂",
"pos": "L"}
}
,
{
"node": "d",
"type": "field-end",
"subtype": "eq"}
,
{
"node": "d",
"type": "cell-end"}
,
{
"node": "d",
"type": "line-start",
"ref": "P368991.43",
"n": "24",
"label": "o iii 24"}
,
{
"node": "d",
"type": "cell-start"}
,
{
"node": "d",
"type": "field-start",
"subtype": "wp"}
,
{
"node": "l",
"frag": "[...]",
"id": "P368991.l0a9d8",
"ref": "P368991.43.1",
"inst": "u",
"f": {"lang": "sux",
"form": "x",
"pos": "u"}
}
,
{
"node": "d",
"type": "field-end",
"subtype": "wp"}
,
{
"node": "d",
"type": "cell-end"}
,
{
"node": "d",
"type": "cell-start"}
,
{
"node": "d",
"type": "field-start",
"subtype": "eq"}
,
{
"node": "l",
"frag": "[x]-bi-il-tum",
"id": "P368991.l0a9d9",
"ref": "P368991.43.2",
"inst": "u",
"f": {"lang": "akk-x-oldbab",
"form": "x-bi-il-tum",
"pos": "u"}
}
,
{
"node": "d",
"type": "field-end",
"subtype": "eq"}
,
{
"node": "d",
"type": "cell-end"}
,
{
"node": "d",
"type": "line-start",
"ref": "P368991.44",
"n": "25",
"label": "o iii 25"}
,
{
"node": "d",
"type": "cell-start"}
,
{
"node": "d",
"type": "field-start",
"subtype": "wp"}
,
{
"node": "l",
"frag": "[...]",
"id": "P368991.l0a9da",
"ref": "P368991.44.1",
"inst": "u",
"f": {"lang": "sux",
"form": "x",
"pos": "u"}
}
,
{
"node": "d",
"type": "field-end",
"subtype": "wp"}
,
{
"node": "d",
"type": "cell-end"}
,
{
"node": "d",
"type": "cell-start"}
,
{
"node": "d",
"type": "field-start",
"subtype": "eq"}
,
{
"node": "l",
"frag": "[...]-⸢x⸣-ṣum",
"id": "P368991.l0a9db",
"ref": "P368991.44.2",
"inst": "u",
"f": {"lang": "akk-x-oldbab",
"form": "x-x-ṣum",
"pos": "u"}
}
,
{
"node": "d",
"type": "field-end",
"subtype": "eq"}
,
{
"node": "d",
"type": "cell-end"}
,
{
"node": "d",
"type": "nonx",
"ref": "P368991.45",
"strict": "1",
"extent": "rest",
"scope": "column",
"state": "missing"}
,
{
"node": "d",
"subtype": "column 4o",
"type": "column",
"ref": "P368991.o.iv.46",
"n": "4",
"label": "o iv"}
,
{
"node": "d",
"type": "line-start",
"ref": "P368991.47",
"n": "1",
"label": "o iv 1"}
,
{
"node": "d",
"type": "cell-start"}
,
{
"node": "d",
"type": "field-start",
"subtype": "wp"}
,
{
"node": "l",
"frag": "me",
"id": "P368991.l0a9dc",
"ref": "P368991.47.1",
"inst": "me[Being]",
"sig": "@dcclt%sux:me=me[Being//Being, divine properties enabling cosmic activity]N'N$me/me#~",
"f": {"lang": "sux",
"form": "me",
"cf": "me",
"gw": "Being",
"sense": "Being, divine properties enabling cosmic activity",
"norm0": "me",
"pos": "N",
"epos": "N",
"base": "me",
"morph": "~"}
}
,
{
"node": "d",
"type": "field-end",
"subtype": "wp"}
,
{
"node": "d",
"type": "cell-end"}
,
{
"node": "d",
"type": "cell-start"}
,
{
"node": "d",
"type": "field-start",
"subtype": "eq"}
,
{
"node": "l",
"frag": "[...]",
"id": "P368991.l0a9dd",
"ref": "P368991.47.2",
"inst": "u",
"f": {"lang": "akk-x-oldbab",
"form": "x",
"pos": "u"}
}
,
{
"node": "d",
"type": "field-end",
"subtype": "eq"}
,
{
"node": "d",
"type": "cell-end"}
,
{
"node": "d",
"type": "line-start",
"ref": "P368991.48",
"n": "2",
"label": "o iv 2"}
,
{
"node": "d",
"type": "cell-start"}
,
{
"node": "d",
"type": "field-start",
"subtype": "wp"}
,
{
"node": "l",
"frag": "me",
"id": "P368991.l0a9de",
"ref": "P368991.48.1",
"inst": "me[Being]",
"sig": "@dcclt%sux:me=me[Being//Being, divine properties enabling cosmic activity]N'N$me/me#~",
"f": {"lang": "sux",
"form": "me",
"cf": "me",
"gw": "Being",
"sense": "Being, divine properties enabling cosmic activity",
"norm0": "me",
"pos": "N",
"epos": "N",
"base": "me",
"morph": "~"}
}
,
{
"node": "d",
"type": "field-end",
"subtype": "wp"}
,
{
"node": "d",
"type": "cell-end"}
,
{
"node": "d",
"type": "cell-start"}
,
{
"node": "d",
"type": "field-start",
"subtype": "eq"}
,
{
"node": "l",
"frag": "⸢x⸣",
"id": "P368991.l0a9df",
"ref": "P368991.48.2",
"inst": "u",
"f": {"lang": "akk-x-oldbab",
"form": "x",
"pos": "u"}
}
,
{
"node": "d",
"type": "field-end",
"subtype": "eq"}
,
{
"node": "d",
"type": "cell-end"}
,
{
"node": "d",
"type": "line-start",
"ref": "P368991.49",
"n": "3",
"label": "o iv 3"}
,
{
"node": "d",
"type": "cell-start"}
,
{
"node": "d",
"type": "field-start",
"subtype": "wp"}
,
{
"node": "l",
"frag": "me",
"id": "P368991.l0a9e0",
"ref": "P368991.49.1",
"inst": "me[Being]",
"sig": "@dcclt%sux:me=me[Being//Being, divine properties enabling cosmic activity]N'N$me/me#~",
"f": {"lang": "sux",
"form": "me",
"cf": "me",
"gw": "Being",
"sense": "Being, divine properties enabling cosmic activity",
"norm0": "me",
"pos": "N",
"epos": "N",
"base": "me",
"morph": "~"}
}
,
{
"node": "d",
"type": "field-end",
"subtype": "wp"}
,
{
"node": "d",
"type": "cell-end"}
,
{
"node": "d",
"type": "cell-start"}
,
{
"node": "d",
"type": "field-start",
"subtype": "eq"}
,
{
"node": "l",
"frag": "⸢par₂⸣-[ṣum]",
"id": "P368991.l0a9e1",
"ref": "P368991.49.2",
"inst": "L",
"f": {"lang": "akk-x-oldbab",
"form": "par₂-ṣum",
"pos": "L"}
}
,
{
"node": "d",
"type": "field-end",
"subtype": "eq"}
,
{
"node": "d",
"type": "cell-end"}
,
{
"node": "d",
"type": "line-start",
"ref": "P368991.50",
"n": "4",
"label": "o iv 4"}
,
{
"node": "d",
"type": "cell-start"}
,
{
"node": "d",
"type": "field-start",
"subtype": "wp"}
,
{
"node": "l",
"frag": "me",
"id": "P368991.l0a9e2",
"ref": "P368991.50.1",
"inst": "me[Being]",
"sig": "@dcclt%sux:me=me[Being//Being, divine properties enabling cosmic activity]N'N$me/me#~",
"f": {"lang": "sux",
"form": "me",
"cf": "me",
"gw": "Being",
"sense": "Being, divine properties enabling cosmic activity",
"norm0": "me",
"pos": "N",
"epos": "N",
"base": "me",
"morph": "~"}
}
,
{
"node": "d",
"type": "field-end",
"subtype": "wp"}
,
{
"node": "d",
"type": "cell-end"}
,
{
"node": "d",
"type": "cell-start"}
,
{
"node": "d",
"type": "field-start",
"subtype": "eq"}
,
{
"node": "l",
"frag": "ni-[nu]",
"id": "P368991.l0a9e3",
"ref": "P368991.50.2",
"inst": "L",
"f": {"lang": "akk-x-oldbab",
"form": "ni-nu",
"pos": "L"}
}
,
{
"node": "d",
"type": "field-end",
"subtype": "eq"}
,
{
"node": "d",
"type": "cell-end"}
,
{
"node": "d",
"type": "line-start",
"ref": "P368991.51",
"n": "5",
"label": "o iv 5"}
,
{
"node": "d",
"type": "cell-start"}
,
{
"node": "d",
"type": "field-start",
"subtype": "wp"}
,
{
"node": "l",
"frag": "me",
"id": "P368991.l0a9e4",
"ref": "P368991.51.1",
"inst": "me[Being]",
"sig": "@dcclt%sux:me=me[Being//Being, divine properties enabling cosmic activity]N'N$me/me#~",
"f": {"lang": "sux",
"form": "me",
"cf": "me",
"gw": "Being",
"sense": "Being, divine properties enabling cosmic activity",
"norm0": "me",
"pos": "N",
"epos": "N",
"base": "me",
"morph": "~"}
}
,
{
"node": "d",
"type": "field-end",
"subtype": "wp"}
,
{
"node": "d",
"type": "cell-end"}
,
{
"node": "d",
"type": "cell-start"}
,
{
"node": "d",
"type": "field-start",
"subtype": "eq"}
,
{
"node": "l",
"frag": "a-[li]",
"id": "P368991.l0a9e5",
"ref": "P368991.51.2",
"inst": "L",
"f": {"lang": "akk-x-oldbab",
"form": "a-li",
"pos": "L"}
}
,
{
"node": "d",
"type": "field-end",
"subtype": "eq"}
,
{
"node": "d",
"type": "cell-end"}
,
{
"node": "d",
"type": "line-start",
"ref": "P368991.52",
"n": "6",
"label": "o iv 6"}
,
{
"node": "d",
"type": "cell-start"}
,
{
"node": "d",
"type": "field-start",
"subtype": "wp"}
,
{
"node": "l",
"frag": "me",
"id": "P368991.l0a9e6",
"ref": "P368991.52.1",
"inst": "me[Being]",
"sig": "@dcclt%sux:me=me[Being//Being, divine properties enabling cosmic activity]N'N$me/me#~",
"f": {"lang": "sux",
"form": "me",
"cf": "me",
"gw": "Being",
"sense": "Being, divine properties enabling cosmic activity",
"norm0": "me",
"pos": "N",
"epos": "N",
"base": "me",
"morph": "~"}
}
,
{
"node": "d",
"type": "field-end",
"subtype": "wp"}
,
{
"node": "d",
"type": "cell-end"}
,
{
"node": "d",
"type": "cell-start"}
,
{
"node": "d",
"type": "field-start",
"subtype": "eq"}
,
{
"node": "l",
"frag": "a-⸢li⸣-[ma]",
"id": "P368991.l0a9e7",
"ref": "P368991.52.2",
"inst": "L",
"f": {"lang": "akk-x-oldbab",
"form": "a-li-ma",
"pos": "L"}
}
,
{
"node": "d",
"type": "field-end",
"subtype": "eq"}
,
{
"node": "d",
"type": "cell-end"}
,
{
"node": "d",
"type": "line-start",
"ref": "P368991.53",
"n": "7",
"label": "o iv 7"}
,
{
"node": "d",
"type": "cell-start"}
,
{
"node": "d",
"type": "field-start",
"subtype": "wp"}
,
{
"node": "l",
"frag": "me-lim₄",
"id": "P368991.l0a9e8",
"ref": "P368991.53.1",
"inst": "melim[splendor]",
"sig": "@dcclt%sux:me-lim₄=melim[splendor//frightening splendor]N'N$melim/me-lim₄#~",
"f": {"lang": "sux",
"form": "me-lim₄",
"cf": "melim",
"gw": "splendor",
"sense": "frightening splendor",
"norm0": "melim",
"pos": "N",
"epos": "N",
"base": "me-lim₄",
"morph": "~"}
}
,
{
"node": "d",
"type": "field-end",
"subtype": "wp"}
,
{
"node": "d",
"type": "cell-end"}
,
{
"node": "d",
"type": "cell-start"}
,
{
"node": "d",
"type": "field-start",
"subtype": "eq"}
,
{
"node": "l",
"frag": "mi-[li-im-mu]",
"id": "P368991.l0a9e9",
"ref": "P368991.53.2",
"inst": "L",
"f": {"lang": "akk-x-oldbab",
"form": "mi-li-im-mu",
"pos": "L"}
}
,
{
"node": "d",
"type": "field-end",
"subtype": "eq"}
,
{
"node": "d",
"type": "cell-end"}
,
{
"node": "d",
"type": "line-start",
"ref": "P368991.54",
"n": "8",
"label": "o iv 8"}
,
{
"node": "d",
"type": "cell-start"}
,
{
"node": "d",
"type": "field-start",
"subtype": "wp"}
,
{
"node": "l",
"frag": "me-dim₂",
"id": "P368991.l0a9ea",
"ref": "P368991.54.1",
"inst": "medim[limbs]",
"sig": "@dcclt%sux:me-dim₂=medim[limbs//limbs]N'N$medim/me-dim₂#~",
"f": {"lang": "sux",
"form": "me-dim₂",
"cf": "medim",
"gw": "limbs",
"sense": "limbs",
"norm0": "medim",
"pos": "N",
"epos": "N",
"base": "me-dim₂",
"morph": "~"}
}
,
{
"node": "d",
"type": "field-end",
"subtype": "wp"}
,
{
"node": "d",
"type": "cell-end"}
,
{
"node": "d",
"type": "cell-start"}
,
{
"node": "d",
"type": "field-start",
"subtype": "eq"}
,
{
"node": "l",
"frag": "[...]",
"id": "P368991.l0a9eb",
"ref": "P368991.54.2",
"inst": "u",
"f": {"lang": "akk-x-oldbab",
"form": "x",
"pos": "u"}
}
,
{
"node": "d",
"type": "field-end",
"subtype": "eq"}
,
{
"node": "d",
"type": "cell-end"}
,
{
"node": "d",
"type": "line-start",
"ref": "P368991.55",
"n": "9",
"label": "o iv 9"}
,
{
"node": "d",
"type": "cell-start"}
,
{
"node": "d",
"type": "field-start",
"subtype": "wp"}
,
{
"node": "l",
"frag": "du₇-du₇",
"id": "P368991.l0a9ec",
"ref": "P368991.55.1",
"inst": "du[push]",
"sig": "@dcclt%sux:du₇-du₇=du[push//to push, thrust, gore]V/t'V/t$du/du₇-du₇#~",
"f": {"lang": "sux",
"form": "du₇-du₇",
"cf": "du",
"gw": "push",
"sense": "to push, thrust, gore",
"norm0": "du",
"pos": "V/t",
"epos": "V/t",
"base": "du₇-du₇",
"morph": "~"}
}
,
{
"node": "d",
"type": "field-end",
"subtype": "wp"}
,
{
"node": "d",
"type": "cell-end"}
,
{
"node": "d",
"type": "cell-start"}
,
{
"node": "d",
"type": "field-start",
"subtype": "eq"}
,
{
"node": "l",
"frag": "⸢it⸣-[...]",
"id": "P368991.l0a9ed",
"ref": "P368991.55.2",
"inst": "L",
"f": {"lang": "akk-x-oldbab",
"form": "it-x",
"pos": "L"}
}
,
{
"node": "d",
"type": "field-end",
"subtype": "eq"}
,
{
"node": "d",
"type": "cell-end"}
,
{
"node": "d",
"type": "line-start",
"ref": "P368991.56",
"n": "10",
"label": "o iv 10"}
,
{
"node": "d",
"type": "cell-start"}
,
{
"node": "d",
"type": "field-start",
"subtype": "wp"}
,
{
"node": "l",
"frag": "du₇-du₇",
"id": "P368991.l0a9ee",
"ref": "P368991.56.1",
"inst": "du[whirl]",
"sig": "@dcclt%sux:du₇-du₇=du[whirl//to whirl]V/i'V/i$du/du₇-du₇#~",
"f": {"lang": "sux",
"form": "du₇-du₇",
"cf": "du",
"gw": "whirl",
"sense": "to whirl",
"norm0": "du",
"pos": "V/i",
"epos": "V/i",
"base": "du₇-du₇",
"morph": "~"}
}
,
{
"node": "d",
"type": "field-end",
"subtype": "wp"}
,
{
"node": "d",
"type": "cell-end"}
,
{
"node": "d",
"type": "cell-start"}
,
{
"node": "d",
"type": "field-start",
"subtype": "eq"}
,
{
"node": "l",
"frag": "⸢x⸣-[...]",
"id": "P368991.l0a9ef",
"ref": "P368991.56.2",
"inst": "u",
"f": {"lang": "akk-x-oldbab",
"form": "x-x",
"pos": "u"}
}
,
{
"node": "d",
"type": "field-end",
"subtype": "eq"}
,
{
"node": "d",
"type": "cell-end"}
,
{
"node": "d",
"type": "line-start",
"ref": "P368991.57",
"n": "11",
"label": "o iv 11"}
,
{
"node": "d",
"type": "cell-start"}
,
{
"node": "d",
"type": "field-start",
"subtype": "wp"}
,
{
"node": "ll",
"id": "P368991.l0a9f0",
"choices": [
{
"node": "l",
"frag": "du₇-du₇",
"ref": "P368991.57.1",
"inst": "%sux:du₇-du₇=du[push]",
"sig": "@dcclt%sux:du₇-du₇=du[push//to push, thrust, gore]V/t'V/t$du/du₇-du₇#~",
"f": {"lang": "sux",
"form": "du₇-du₇",
"cf": "du",
"gw": "push",
"sense": "to push, thrust, gore",
"norm0": "du",
"pos": "V/t",
"epos": "V/t",
"base": "du₇-du₇",
"morph": "~"}
}
,
{
"node": "l",
"frag": "du₇-du₇",
"ref": "P368991.57.1",
"inst": "%sux:du₇-du₇=du[whirl]",
"sig": "@dcclt%sux:du₇-du₇=du[whirl//to whirl]V/i'V/i$du/du₇-du₇#~",
"f": {"lang": "sux",
"form": "du₇-du₇",
"cf": "du",
"gw": "push",
"sense": "to push, thrust, gore",
"norm0": "du",
"pos": "V/t",
"epos": "V/t",
"base": "du₇-du₇",
"morph": "~"}
}
]}
,
{
"node": "d",
"type": "field-end",
"subtype": "wp"}
,
{
"node": "d",
"type": "cell-end"}
,
{
"node": "d",
"type": "cell-start"}
,
{
"node": "d",
"type": "field-start",
"subtype": "eq"}
,
{
"node": "l",
"frag": "⸢x⸣-[...]",
"id": "P368991.l0a9f1",
"ref": "P368991.57.2",
"inst": "u",
"f": {"lang": "akk-x-oldbab",
"form": "x-x",
"pos": "u"}
}
,
{
"node": "d",
"type": "field-end",
"subtype": "eq"}
,
{
"node": "d",
"type": "cell-end"}
,
{
"node": "d",
"type": "line-start",
"ref": "P368991.58",
"n": "12",
"label": "o iv 12"}
,
{
"node": "d",
"type": "cell-start"}
,
{
"node": "d",
"type": "field-start",
"subtype": "wp"}
,
{
"node": "l",
"frag": "ul",
"id": "P368991.l0a9f2",
"ref": "P368991.58.1",
"inst": "ul[rejoicing]",
"sig": "@dcclt%sux:ul=ul[swell//rejoicing]V/t'N$ul/ul#~",
"f": {"lang": "sux",
"form": "ul",
"cf": "ul",
"gw": "swell",
"sense": "rejoicing",
"norm0": "ul",
"pos": "V/t",
"epos": "N",
"base": "ul",
"morph": "~"}
}
,
{
"node": "d",
"type": "field-end",
"subtype": "wp"}
,
{
"node": "d",
"type": "cell-end"}
,
{
"node": "d",
"type": "cell-start"}
,
{
"node": "d",
"type": "field-start",
"subtype": "eq"}
,
{
"node": "l",
"frag": "⸢ul⸣-[ṣum]",
"id": "P368991.l0a9f3",
"ref": "P368991.58.2",
"inst": "L",
"f": {"lang": "akk-x-oldbab",
"form": "ul-ṣum",
"pos": "L"}
}
,
{
"node": "d",
"type": "field-end",
"subtype": "eq"}
,
{
"node": "d",
"type": "cell-end"}
,
{
"node": "d",
"type": "line-start",
"ref": "P368991.59",
"n": "13",
"label": "o iv 13"}
,
{
"node": "d",
"type": "cell-start"}
,
{
"node": "d",
"type": "field-start",
"subtype": "wp"}
,
{
"node": "l",
"frag": "ul-gur₃-ru",
"id": "P368991.l0a9f4",
"ref": "P368991.59.1",
"inst": "ulguru[lovable]",
"sig": "@dcclt%sux:ul-gur₃-ru=ulguru[lovable//lovable]AJ'AJ$ulguru/ul-gur₃-ru#~",
"f": {"lang": "sux",
"form": "ul-gur₃-ru",
"cf": "ulguru",
"gw": "lovable",
"sense": "lovable",
"norm0": "ulguru",
"pos": "AJ",
"epos": "AJ",
"base": "ul-gur₃-ru",
"morph": "~"}
}
,
{
"node": "d",
"type": "field-end",
"subtype": "wp"}
,
{
"node": "d",
"type": "cell-end"}
,
{
"node": "d",
"type": "cell-start"}
,
{
"node": "d",
"type": "field-start",
"subtype": "eq"}
,
{
"node": "l",
"frag": "⸢mi⸣-[nu-u-tum]",
"id": "P368991.l0a9f5",
"ref": "P368991.59.2",
"inst": "L",
"f": {"lang": "akk-x-oldbab",
"form": "mi-nu-u-tum",
"pos": "L"}
}
,
{
"node": "d",
"type": "field-end",
"subtype": "eq"}
,
{
"node": "d",
"type": "cell-end"}
,
{
"node": "d",
"type": "line-start",
"ref": "P368991.60",
"n": "14",
"label": "o iv 14"}
,
{
"node": "d",
"type": "cell-start"}
,
{
"node": "d",
"type": "field-start",
"subtype": "wp"}
,
{
"node": "l",
"frag": "ul-te-a",
"id": "P368991.l0a9f6",
"ref": "P368991.60.1",
"inst": "ultia[luxuriance]",
"sig": "@dcclt%sux:ul-te-a=ultia[luxuriance//luxuriance]N'N$ultia,ak/ul-te#~,ak",
"f": {"lang": "sux",
"form": "ul-te-a",
"cf": "ultia",
"gw": "luxuriance",
"sense": "luxuriance",
"norm0": "ultia,ak",
"pos": "N",
"epos": "N",
"base": "ul-te",
"morph": "~,ak"}
}
,
{
"node": "d",
"type": "field-end",
"subtype": "wp"}
,
{
"node": "d",
"type": "cell-end"}
,
{
"node": "d",
"type": "cell-start"}
,
{
"node": "d",
"type": "field-start",
"subtype": "eq"}
,
{
"node": "l",
"frag": "[...]",
"id": "P368991.l0a9f7",
"ref": "P368991.60.2",
"inst": "u",
"f": {"lang": "akk-x-oldbab",
"form": "x",
"pos": "u"}
}
,
{
"node": "d",
"type": "field-end",
"subtype": "eq"}
,
{
"node": "d",
"type": "cell-end"}
,
{
"node": "d",
"type": "line-start",
"ref": "P368991.61",
"n": "15",
"label": "o iv 15"}
,
{
"node": "d",
"type": "cell-start"}
,
{
"node": "d",
"type": "field-start",
"subtype": "wp"}
,
{
"node": "l",
"frag": "suhur",
"id": "P368991.l0a9f8",
"ref": "P368991.61.1",
"inst": "suhur[trim]",
"sig": "@dcclt%sux:suhur=suhur[trim//to trim or comb the hair]V/t'V/t$suhur/suhur#~",
"f": {"lang": "sux",
"form": "suhur",
"cf": "suhur",
"gw": "trim",
"sense": "to trim or comb the hair",
"norm0": "suhur",
"pos": "V/t",
"epos": "V/t",
"base": "suhur",
"morph": "~"}
}
,
{
"node": "d",
"type": "field-end",
"subtype": "wp"}
,
{
"node": "d",
"type": "cell-end"}
,
{
"node": "d",
"type": "cell-start"}
,
{
"node": "d",
"type": "field-start",
"subtype": "eq"}
,
{
"node": "l",
"frag": "[...]",
"id": "P368991.l0a9f9",
"ref": "P368991.61.2",
"inst": "u",
"f": {"lang": "akk-x-oldbab",
"form": "x",
"pos": "u"}
}
,
{
"node": "d",
"type": "field-end",
"subtype": "eq"}
,
{
"node": "d",
"type": "cell-end"}
,
{
"node": "d",
"type": "line-start",
"ref": "P368991.62",
"n": "16",
"label": "o iv 16"}
,
{
"node": "d",
"type": "cell-start"}
,
{
"node": "d",
"type": "field-start",
"subtype": "wp"}
,
{
"node": "l",
"frag": "suhur-me",
"id": "P368991.l0a9fa",
"ref": "P368991.62.1",
"inst": "suhur[tuft]",
"sig": "@dcclt%sux:suhur-me=suhur[tuft//tuft, plume]N'N$suhur,me/suhur#~,me",
"f": {"lang": "sux",
"form": "suhur-me",
"cf": "suhur",
"gw": "tuft",
"sense": "tuft, plume",
"norm0": "suhur,me",
"pos": "N",
"epos": "N",
"base": "suhur",
"morph": "~,me"}
}
,
{
"node": "d",
"type": "field-end",
"subtype": "wp"}
,
{
"node": "d",
"type": "cell-end"}
,
{
"node": "d",
"type": "cell-start"}
,
{
"node": "d",
"type": "field-start",
"subtype": "eq"}
,
{
"node": "l",
"frag": "[...]",
"id": "P368991.l0a9fb",
"ref": "P368991.62.2",
"inst": "u",
"f": {"lang": "akk-x-oldbab",
"form": "x",
"pos": "u"}
}
,
{
"node": "d",
"type": "field-end",
"subtype": "eq"}
,
{
"node": "d",
"type": "cell-end"}
,
{
"node": "d",
"type": "line-start",
"ref": "P368991.63",
"n": "17",
"label": "o iv 17"}
,
{
"node": "d",
"type": "cell-start"}
,
{
"node": "d",
"type": "field-start",
"subtype": "wp"}
,
{
"node": "l",
"frag": "suhur-la₂",
"id": "P368991.l0a9fc",
"ref": "P368991.63.1",
"inst": "suhurla[hairstyle]",
"sig": "@dcclt%sux:suhur-la₂=suhurla[hairstyle//hairstyle]N'N$suhurla/suhur-la₂#~",
"f": {"lang": "sux",
"form": "suhur-la₂",
"cf": "suhurla",
"gw": "hairstyle",
"sense": "hairstyle",
"norm0": "suhurla",
"pos": "N",
"epos": "N",
"base": "suhur-la₂",
"morph": "~"}
}
,
{
"node": "d",
"type": "field-end",
"subtype": "wp"}
,
{
"node": "d",
"type": "cell-end"}
,
{
"node": "d",
"type": "cell-start"}
,
{
"node": "d",
"type": "field-start",
"subtype": "eq"}
,
{
"node": "l",
"frag": "[...]",
"id": "P368991.l0a9fd",
"ref": "P368991.63.2",
"inst": "u",
"f": {"lang": "akk-x-oldbab",
"form": "x",
"pos": "u"}
}
,
{
"node": "d",
"type": "field-end",
"subtype": "eq"}
,
{
"node": "d",
"type": "cell-end"}
,
{
"node": "d",
"type": "line-start",
"ref": "P368991.64",
"n": "18",
"label": "o iv 18"}
,
{
"node": "d",
"type": "cell-start"}
,
{
"node": "d",
"type": "field-start",
"subtype": "wp"}
,
{
"node": "l",
"frag": "gub-ba",
"id": "P368991.l0a9fe",
"ref": "P368991.64.1",
"inst": "gub[stand]",
"exosig": "@dcclt%sux:gub-ba=gub[stand//to stand]V/i'V/i$gub;a/gub+-ba=b.a#~;a",
"f": {"lang": "sux",
"form": "gub-ba",
"cf": "gub",
"gw": "stand",
"sense": "to stand",
"norm0": "gub;a",
"pos": "V/i",
"epos": "V/i",
"base": "gub",
"cont": "-ba=b.a",
"morph": "~;a"}
}
,
{
"node": "d",
"type": "field-end",
"subtype": "wp"}
,
{
"node": "d",
"type": "cell-end"}
,
{
"node": "d",
"type": "cell-start"}
,
{
"node": "d",
"type": "field-start",
"subtype": "eq"}
,
{
"node": "l",
"frag": "[...]",
"id": "P368991.l0a9ff",
"ref": "P368991.64.2",
"inst": "u",
"f": {"lang": "akk-x-oldbab",
"form": "x",
"pos": "u"}
}
,
{
"node": "d",
"type": "field-end",
"subtype": "eq"}
,
{
"node": "d",
"type": "cell-end"}
,
{
"node": "d",
"type": "line-start",
"ref": "P368991.65",
"n": "19",
"label": "o iv 19"}
,
{
"node": "d",
"type": "cell-start"}
,
{
"node": "d",
"type": "field-start",
"subtype": "wp"}
,
{
"node": "l",
"frag": "tuš-a",
"id": "P368991.l0aa00",
"ref": "P368991.65.1",
"inst": "tuš[sit]",
"sig": "@dcclt%sux:tuš-a=tuš[sit//sit]V/i'V/i$tuš;a/tuš#~;a",
"f": {"lang": "sux",
"form": "tuš-a",
"cf": "tuš",
"gw": "sit",
"sense": "sit",
"norm0": "tuš;a",
"pos": "V/i",
"epos": "V/i",
"base": "tuš",
"morph": "~;a"}
}
,
{
"node": "d",
"type": "field-end",
"subtype": "wp"}
,
{
"node": "d",
"type": "cell-end"}
,
{
"node": "d",
"type": "cell-start"}
,
{
"node": "d",
"type": "field-start",
"subtype": "eq"}
,
{
"node": "l",
"frag": "[...]",
"id": "P368991.l0aa01",
"ref": "P368991.65.2",
"inst": "u",
"f": {"lang": "akk-x-oldbab",
"form": "x",
"pos": "u"}
}
,
{
"node": "d",
"type": "field-end",
"subtype": "eq"}
,
{
"node": "d",
"type": "cell-end"}
,
{
"node": "d",
"type": "line-start",
"ref": "P368991.66",
"n": "20",
"label": "o iv 20"}
,
{
"node": "d",
"type": "cell-start"}
,
{
"node": "d",
"type": "field-start",
"subtype": "wp"}
,
{
"node": "l",
"frag": "še-ga",
"id": "P368991.l0aa02",
"ref": "P368991.66.1",
"inst": "šega[agreement]",
"sig": "@dcclt%sux:še-ga=šega[agreement//agreement]N'N$šega/še-ga#~",
"f": {"lang": "sux",
"form": "še-ga",
"cf": "šega",
"gw": "agreement",
"sense": "agreement",
"norm0": "šega",
"pos": "N",
"epos": "N",
"base": "še-ga",
"morph": "~"}
}
,
{
"node": "d",
"type": "field-end",
"subtype": "wp"}
,
{
"node": "d",
"type": "cell-end"}
,
{
"node": "d",
"type": "cell-start"}
,
{
"node": "d",
"type": "field-start",
"subtype": "eq"}
,
{
"node": "l",
"frag": "[...]",
"id": "P368991.l0aa03",
"ref": "P368991.66.2",
"inst": "u",
"f": {"lang": "akk-x-oldbab",
"form": "x",
"pos": "u"}
}
,
{
"node": "d",
"type": "field-end",
"subtype": "eq"}
,
{
"node": "d",
"type": "cell-end"}
,
{
"node": "d",
"type": "line-start",
"ref": "P368991.67",
"n": "21",
"label": "o iv 21"}
,
{
"node": "d",
"type": "cell-start"}
,
{
"node": "d",
"type": "field-start",
"subtype": "wp"}
,
{
"node": "l",
"frag": "nu-še-ga",
"id": "P368991.l0aa04",
"ref": "P368991.67.1",
"inst": "šeg[agree]",
"sig": "@dcclt%sux:nu-še-ga=šeg[agree//agree]V/t'V/t$nu:šeg;a/še+-ga=g.a#nu:~;a",
"f": {"lang": "sux",
"form": "nu-še-ga",
"cf": "šeg",
"gw": "agree",
"sense": "agree",
"norm0": "nu:šeg;a",
"pos": "V/t",
"epos": "V/t",
"base": "še",
"cont": "-ga=g.a",
"morph": "nu:~;a"}
}
,
{
"node": "d",
"type": "field-end",
"subtype": "wp"}
,
{
"node": "d",
"type": "cell-end"}
,
{
"node": "d",
"type": "cell-start"}
,
{
"node": "d",
"type": "field-start",
"subtype": "eq"}
,
{
"node": "l",
"frag": "[...]",
"id": "P368991.l0aa05",
"ref": "P368991.67.2",
"inst": "u",
"f": {"lang": "akk-x-oldbab",
"form": "x",
"pos": "u"}
}
,
{
"node": "d",
"type": "field-end",
"subtype": "eq"}
,
{
"node": "d",
"type": "cell-end"}
,
{
"node": "d",
"type": "line-start",
"ref": "P368991.68",
"n": "22",
"label": "o iv 22"}
,
{
"node": "d",
"type": "cell-start"}
,
{
"node": "d",
"type": "field-start",
"subtype": "wp"}
,
{
"node": "l",
"frag": "še-er-ka-an",
"id": "P368991.l0aa06",
"ref": "P368991.68.1",
"inst": "šerkan[ornament]",
"sig": "@dcclt%sux:še-er-ka-an=šerkan[ornament//ornament]N'N$šerkan/še-er-ka-an#~",
"f": {"lang": "sux",
"form": "še-er-ka-an",
"cf": "šerkan",
"gw": "ornament",
"sense": "ornament",
"norm0": "šerkan",
"pos": "N",
"epos": "N",
"base": "še-er-ka-an",
"morph": "~"}
}
,
{
"node": "d",
"type": "field-end",
"subtype": "wp"}
,
{
"node": "d",
"type": "cell-end"}
,
{
"node": "d",
"type": "cell-start"}
,
{
"node": "d",
"type": "field-start",
"subtype": "eq"}
,
{
"node": "l",
"frag": "[...]",
"id": "P368991.l0aa07",
"ref": "P368991.68.2",
"inst": "u",
"f": {"lang": "akk-x-oldbab",
"form": "x",
"pos": "u"}
}
,
{
"node": "d",
"type": "field-end",
"subtype": "eq"}
,
{
"node": "d",
"type": "cell-end"}
,
{
"node": "d",
"type": "line-start",
"ref": "P368991.69",
"n": "23",
"label": "o iv 23"}
,
{
"node": "d",
"type": "cell-start"}
,
{
"node": "d",
"type": "field-start",
"subtype": "wp"}
,
{
"node": "l",
"frag": "še-er-ak",
"id": "P368991.l0aa08",
"ref": "P368991.69.1",
"inst": "šer[bright]",
"sig": "@dcclt%sux:še-er-ak=šer[bright//(to be) bright]V/i'V/i$šer/še-er-ak#~",
"f": {"lang": "sux",
"form": "še-er-ak",
"cf": "šer",
"gw": "bright",
"sense": "(to be) bright",
"norm0": "šer",
"pos": "V/i",
"epos": "V/i",
"base": "še-er-ak",
"morph": "~"}
}
,
{
"node": "d",
"type": "field-end",
"subtype": "wp"}
,
{
"node": "d",
"type": "cell-end"}
,
{
"node": "d",
"type": "cell-start"}
,
{
"node": "d",
"type": "field-start",
"subtype": "eq"}
,
{
"node": "l",
"frag": "[...]",
"id": "P368991.l0aa09",
"ref": "P368991.69.2",
"inst": "u",
"f": {"lang": "akk-x-oldbab",
"form": "x",
"pos": "u"}
}
,
{
"node": "d",
"type": "field-end",
"subtype": "eq"}
,
{
"node": "d",
"type": "cell-end"}
,
{
"node": "d",
"type": "line-start",
"ref": "P368991.70",
"n": "24",
"label": "o iv 24"}
,
{
"node": "d",
"type": "cell-start"}
,
{
"node": "d",
"type": "field-start",
"subtype": "wp"}
,
{
"node": "l",
"frag": "še-er-⸢zid⸣",
"id": "P368991.l0aa0a",
"ref": "P368991.70.1",
"inst": "šerzid[radiance]",
"sig": "@dcclt%sux:še-er-zid=šerzid[radiance//radiance]N'N$šerzid/še-er-zid#~",
"f": {"lang": "sux",
"form": "še-er-zid",
"cf": "šerzid",
"gw": "radiance",
"sense": "radiance",
"norm0": "šerzid",
"pos": "N",
"epos": "N",
"base": "še-er-zid",
"morph": "~"}
}
,
{
"node": "d",
"type": "field-end",
"subtype": "wp"}
,
{
"node": "d",
"type": "cell-end"}
,
{
"node": "d",
"type": "cell-start"}
,
{
"node": "d",
"type": "field-start",
"subtype": "eq"}
,
{
"node": "l",
"frag": "[...]",
"id": "P368991.l0aa0b",
"ref": "P368991.70.2",
"inst": "u",
"f": {"lang": "akk-x-oldbab",
"form": "x",
"pos": "u"}
}
,
{
"node": "d",
"type": "field-end",
"subtype": "eq"}
,
{
"node": "d",
"type": "cell-end"}
,
{
"node": "d",
"type": "line-start",
"ref": "P368991.71",
"n": "25",
"label": "o iv 25"}
,
{
"node": "d",
"type": "cell-start"}
,
{
"node": "d",
"type": "field-start",
"subtype": "wp"}
,
{
"node": "l",
"frag": "⸢še⸣",
"id": "P368991.l0aa0c",
"ref": "P368991.71.1",
"inst": "še[barley]",
"sig": "@dcclt%sux:še=še[barley//barley]N'N$še/še#~",
"f": {"lang": "sux",
"form": "še",
"cf": "še",
"gw": "barley",
"sense": "barley",
"norm0": "še",
"pos": "N",
"epos": "N",
"base": "še",
"morph": "~"}
}
,
{
"node": "l",
"frag": "[...]",
"id": "P368991.l0aa0d",
"ref": "P368991.71.2",
"inst": "u",
"f": {"lang": "sux",
"form": "x",
"pos": "u"}
}
,
{
"node": "d",
"type": "field-end",
"subtype": "wp"}
,
{
"node": "d",
"type": "cell-end"}
,
{
"node": "d",
"type": "cell-start"}
,
{
"node": "d",
"type": "field-start",
"subtype": "eq"}
,
{
"node": "l",
"frag": "[...]",
"id": "P368991.l0aa0e",
"ref": "P368991.71.3",
"inst": "u",
"f": {"lang": "akk-x-oldbab",
"form": "x",
"pos": "u"}
}
,
{
"node": "d",
"type": "field-end",
"subtype": "eq"}
,
{
"node": "d",
"type": "cell-end"}
,
{
"node": "d",
"type": "nonx",
"ref": "P368991.72",
"strict": "1",
"extent": "rest",
"scope": "column",
"state": "missing"}
,
{
"node": "d",
"subtype": "reverse",
"type": "surface",
"ref": "P368991.r.73",
"type": "reverse",
"label": "r"}
,
{
"node": "d",
"type": "nonx",
"ref": "P368991.74",
"strict": "1",
"extent": "n",
"scope": "line",
"state": "missing"}
]}
]}
]}
,
{
"linkbase": [{
"type": "linkset",
"xlink_title": "a la[bind//'to bind the arm']V/t'V/t",
"id": "P368991.ls00000",
"xlink_type": "extended",
"xlink_role": "psu",
"sig": "{a₂ la₂-la₂ = a[arm]N la[hang]V/t += a la[bind//'to bind the arm']V/t'V/t}::@dcclt%sux:a₂=a[arm//arm]N'N$a/a₂#~++@dcclt%sux:la₂-la₂=la[hang//hang]V/t'V/t$la/la₂-la₂#~",
"links": [
{
"type": "link",
"xlink_title": "a",
"xlink_type": "locator",
"xlink_href": "#P368991.l0a9a9",
"xlink_role": "elt"}
,
{
"type": "link",
"xlink_title": "la",
"xlink_type": "locator",
"xlink_href": "#P368991.l0a9aa",
"xlink_role": "elt"}
]}
,
{
"type": "linkset",
"xlink_title": "a la[bind//'to bind the arm']V/t'V/t",
"id": "P368991.ls00001",
"xlink_type": "extended",
"xlink_role": "psu",
"sig": "{a₂ la₂-la₂ = a[arm]N la[hang]V/t += a la[bind//'to bind the arm']V/t'V/t}::@dcclt%sux:a₂=a[arm//arm]N'N$a/a₂#~++@dcclt%sux:la₂-la₂=la[hang//hang]V/t'V/t$la/la₂-la₂#~",
"links": [
{
"type": "link",
"xlink_title": "a",
"xlink_type": "locator",
"xlink_href": "#P368991.l0a9ac",
"xlink_role": "elt"}
,
{
"type": "link",
"xlink_title": "la",
"xlink_type": "locator",
"xlink_href": "#P368991.l0a9ad",
"xlink_role": "elt"}
]}
,
{
"type": "linkset",
"xlink_title": "a la[bind//'to bind the arm']V/t'V/t",
"id": "P368991.ls00002",
"xlink_type": "extended",
"xlink_role": "psu",
"sig": "{a₂ la₂-la₂ = a[arm]N la[hang]V/t += a la[bind//'to bind the arm']V/t'V/t}::@dcclt%sux:a₂=a[arm//arm]N'N$a/a₂#~++@dcclt%sux:la₂-la₂=la[hang//hang]V/t'V/t$la/la₂-la₂#~",
"links": [
{
"type": "link",
"xlink_title": "a",
"xlink_type": "locator",
"xlink_href": "#P368991.l0a9af",
"xlink_role": "elt"}
,
{
"type": "link",
"xlink_title": "la",
"xlink_type": "locator",
"xlink_href": "#P368991.l0a9b0",
"xlink_role": "elt"}
]}
]}
]}
