{
"type": "cdl",
  "source": "http://oracc.org/dcclt",
  "license": "This data is released under the CC0 license",
  "license-url": "https://creativecommons.org/publicdomain/zero/1.0/",
  "more-info": "http://oracc.org/doc/opendata/",
  "UTC-timestamp": "2017-05-19T18:26:59",
"project": "dcclt",
"textid": "P370324",
"cdl": [
{
"node": "c",
"type": "text",
"id": "P370324.U0",
"cdl": [
{
"node": "d",
"type": "object",
"ref": ""}
,
{
"node": "d",
"subtype": "obverse",
"type": "surface",
"ref": "P370324.o.1",
"type": "obverse",
"label": "o"}
,
{
"node": "c",
"type": "discourse",
"subtype": "body",
"id": "P370324.U1",
"cdl": [
{
"node": "c",
"type": "sentence",
"id": "P370324.U2",
"label": "o 1 - r 6",
"cdl": [
{
"node": "d",
"type": "line-start",
"ref": "P370324.2",
"n": "1",
"label": "o 1"}
,
{
"node": "l",
"frag": "na₄",
"id": "P370324.l23c52",
"ref": "P370324.2.1",
"inst": "na[stone]",
"sig": "@dcclt%sux:na₄=na[stone//stone]N'N$na/na₄#~",
"f": {"lang": "sux",
"form": "na₄",
"cf": "na",
"gw": "stone",
"sense": "stone",
"norm0": "na",
"pos": "N",
"epos": "N",
"base": "na₄",
"morph": "~"}
}
,
{
"node": "l",
"frag": "teš₂",
"id": "P370324.l23c53",
"ref": "P370324.2.2",
"inst": "teš[vigor]",
"sig": "@dcclt%sux:teš₂=teš[vigor//vigor]N'N$teš/teš₂#~",
"f": {"lang": "sux",
"form": "teš₂",
"cf": "teš",
"gw": "vigor",
"sense": "vigor",
"norm0": "teš",
"pos": "N",
"epos": "N",
"base": "teš₂",
"morph": "~"}
}
,
{
"node": "d",
"type": "line-start",
"ref": "P370324.3",
"n": "2",
"label": "o 2"}
,
{
"node": "l",
"frag": "na₄",
"id": "P370324.l23c54",
"ref": "P370324.3.1",
"inst": "na[stone]",
"sig": "@dcclt%sux:na₄=na[stone//stone]N'N$na/na₄#~",
"f": {"lang": "sux",
"form": "na₄",
"cf": "na",
"gw": "stone",
"sense": "stone",
"norm0": "na",
"pos": "N",
"epos": "N",
"base": "na₄",
"morph": "~"}
}
,
{
"node": "l",
"frag": "arhuš",
"id": "P370324.l23c55",
"ref": "P370324.3.2",
"inst": "arhuš[womb//compassion]",
"sig": "@dcclt%sux:arhuš=arhuš[womb//compassion]N'N$arhuš/arhuš#~",
"f": {"lang": "sux",
"form": "arhuš",
"cf": "arhuš",
"gw": "womb",
"sense": "compassion",
"norm0": "arhuš",
"pos": "N",
"epos": "N",
"base": "arhuš",
"morph": "~"}
}
,
{
"node": "d",
"type": "line-start",
"ref": "P370324.4",
"n": "3",
"label": "o 3"}
,
{
"node": "l",
"frag": "{na₄}huduš",
"id": "P370324.l23c56",
"ref": "P370324.4.1",
"inst": "huduš[stone]",
"sig": "@dcclt%sux:{na₄}huduš=huduš[stone//a stone]N'N$huduš/{na₄}huduš#~",
"f": {"lang": "sux",
"form": "{na₄}huduš",
"cf": "huduš",
"gw": "stone",
"sense": "a stone",
"norm0": "huduš",
"pos": "N",
"epos": "N",
"base": "{na₄}huduš",
"morph": "~"}
}
,
{
"node": "d",
"subtype": "reverse",
"type": "surface",
"ref": "P370324.r.5",
"type": "reverse",
"label": "r"}
,
{
"node": "d",
"type": "line-start",
"ref": "P370324.6",
"n": "1",
"label": "r 1"}
,
{
"node": "l",
"frag": "ia",
"id": "P370324.l23c57",
"ref": "P370324.6.1",
"inst": "X",
"f": {"lang": "sux",
"form": "ia",
"pos": "X"}
}
,
{
"node": "l",
"frag": "te-eš",
"id": "P370324.l23c58",
"ref": "P370324.6.2",
"inst": "X",
"f": {"lang": "sux",
"form": "te-eš",
"pos": "X"}
}
,
{
"node": "d",
"type": "line-start",
"ref": "P370324.7",
"n": "2",
"label": "r 2"}
,
{
"node": "l",
"frag": "ia",
"id": "P370324.l23c59",
"ref": "P370324.7.1",
"inst": "X",
"f": {"lang": "sux",
"form": "ia",
"pos": "X"}
}
,
{
"node": "l",
"frag": "ar-hu-uš",
"id": "P370324.l23c5a",
"ref": "P370324.7.2",
"inst": "X",
"f": {"lang": "sux",
"form": "ar-hu-uš",
"pos": "X"}
}
,
{
"node": "d",
"type": "line-start",
"ref": "P370324.8",
"n": "3",
"label": "r 3"}
,
{
"node": "l",
"frag": "hu-tu-⸢uš⸣",
"id": "P370324.l23c5b",
"ref": "P370324.8.1",
"inst": "X",
"f": {"lang": "sux",
"form": "hu-tu-uš",
"pos": "X"}
}
,
{
"node": "d",
"type": "line-start",
"ref": "P370324.9",
"n": "4",
"label": "r 4"}
,
{
"node": "l",
"frag": "a-ba-an",
"id": "P370324.l23c5c",
"ref": "P370324.9.1",
"inst": "abnu[stone]N$aban",
"sig": "@dcclt%akk-x-oldbab:a-ba-an=abnu[stone//stone]N'N$aban",
"f": {"lang": "akk-x-oldbab",
"form": "a-ba-an",
"cf": "abnu",
"gw": "stone",
"sense": "stone",
"norm": "aban",
"pos": "N",
"epos": "N"}
}
,
{
"node": "l",
"frag": "ba-aš-ti",
"id": "P370324.l23c5d",
"ref": "P370324.9.2",
"inst": "bāštu[dignity]N$bāšti",
"sig": "@dcclt%akk-x-oldbab:ba-aš-ti=bāštu[dignity//dignity]N'N$bāšti",
"f": {"lang": "akk-x-oldbab",
"form": "ba-aš-ti",
"cf": "bāštu",
"gw": "dignity",
"sense": "dignity",
"norm": "bāšti",
"pos": "N",
"epos": "N"}
}
,
{
"node": "d",
"type": "line-start",
"ref": "P370324.10",
"n": "5",
"label": "r 5"}
,
{
"node": "l",
"frag": "a-ba-<an>",
"id": "P370324.l23c5e",
"ref": "P370324.10.1",
"inst": "aban[stone]N",
"sig": "@dcclt%akk-x-oldbab:a-ba-an=abnu[stone//stone]N'N$aban",
"f": {"lang": "akk-x-oldbab",
"form": "a-ba-an",
"cf": "abnu",
"gw": "stone",
"sense": "stone",
"norm": "aban",
"pos": "N",
"epos": "N"}
}
,
{
"node": "l",
"frag": "re-mi-im",
"id": "P370324.l23c5f",
"ref": "P370324.10.2",
"inst": "rēmu[womb//compassion]N$rēmim",
"sig": "@dcclt%akk-x-oldbab:re-mi-im=rēmu[womb//compassion]N'N$rēmim",
"f": {"lang": "akk-x-oldbab",
"form": "re-mi-im",
"cf": "rēmu",
"gw": "womb",
"sense": "compassion",
"norm": "rēmim",
"pos": "N",
"epos": "N"}
}
,
{
"node": "d",
"type": "line-start",
"ref": "P370324.11",
"n": "6",
"label": "r 6"}
,
{
"node": "l",
"frag": "hu-tu-[uš-šu]-um",
"id": "P370324.l23c60",
"ref": "P370324.11.1",
"inst": "huduššu[(an age group?)//a stone]N$hutuššum",
"sig": "@dcclt%akk-x-oldbab:hu-tu-uš-šu-um=huduššu[(an age group?)//a stone]N'N$hutuššum",
"f": {"lang": "akk-x-oldbab",
"form": "hu-tu-uš-šu-um",
"cf": "huduššu",
"gw": "(an age group?)",
"sense": "a stone",
"norm": "hutuššum",
"pos": "N",
"epos": "N"}
}
]}
]}
]}
]}
