{
"type": "cdl",
  "source": "http://oracc.org/dcclt",
  "license": "This data is released under the CC0 license",
  "license-url": "https://creativecommons.org/publicdomain/zero/1.0/",
  "more-info": "http://oracc.org/doc/opendata/",
  "UTC-timestamp": "2017-05-19T18:27:00",
"project": "dcclt",
"textid": "P373762",
"cdl": [
{
"node": "c",
"type": "text",
"id": "P373762.U0",
"cdl": [
{
"node": "d",
"type": "object",
"ref": ""}
,
{
"node": "d",
"subtype": "obverse",
"type": "surface",
"ref": "P373762.o.1",
"type": "obverse",
"label": "o"}
,
{
"node": "c",
"type": "discourse",
"subtype": "body",
"id": "P373762.U1",
"cdl": [
{
"node": "c",
"type": "sentence",
"id": "P373762.U2",
"label": "o 1' - o 10'",
"cdl": [
{
"node": "d",
"type": "line-start",
"ref": "P373762.2",
"n": "1'",
"label": "o 1'"}
,
{
"node": "d",
"type": "cell-start"}
,
{
"node": "d",
"type": "field-start",
"subtype": "wp"}
,
{
"node": "l",
"frag": "[sa-a-RI-RI]",
"id": "P373762.l538aa",
"ref": "P373762.2.1",
"inst": "suari[cat]N",
"sig": "@dcclt%sux:sa-a-RI-RI=suari[cat//wild cat]N'N$suari/sa-a-RI-RI#~",
"f": {"lang": "sux",
"form": "sa-a-RI-RI",
"cf": "suari",
"gw": "cat",
"sense": "wild cat",
"norm0": "suari",
"pos": "N",
"epos": "N",
"base": "sa-a-RI-RI",
"morph": "~"}
}
,
{
"node": "d",
"type": "field-end",
"subtype": "wp"}
,
{
"node": "d",
"type": "cell-end"}
,
{
"node": "d",
"type": "cell-start"}
,
{
"node": "d",
"type": "field-start",
"subtype": "eq"}
,
{
"node": "l",
"frag": "⸢a⸣-za-ri",
"id": "P373762.l538ab",
"ref": "P373762.2.2",
"inst": "azaru[lynx]N$azari",
"sig": "@dcclt%akk:a-za-ri=azaru[lynx//lynx]N'N$azari",
"f": {"lang": "akk",
"form": "a-za-ri",
"cf": "azaru",
"gw": "lynx",
"sense": "lynx",
"norm": "azari",
"pos": "N",
"epos": "N"}
}
,
{
"node": "d",
"type": "field-end",
"subtype": "eq"}
,
{
"node": "d",
"type": "cell-end"}
,
{
"node": "d",
"type": "line-start",
"ref": "P373762.3",
"n": "2'",
"label": "o 2'"}
,
{
"node": "d",
"type": "cell-start"}
,
{
"node": "d",
"type": "field-start",
"subtype": "wp"}
,
{
"node": "l",
"frag": "[kir₄]",
"id": "P373762.l538ac",
"ref": "P373762.3.1",
"inst": "kir[hyena]",
"sig": "@dcclt%sux:kir₄=kir[hyena//hyena]N'N$kir/kir₄#~",
"f": {"lang": "sux",
"form": "kir₄",
"cf": "kir",
"gw": "hyena",
"sense": "hyena",
"norm0": "kir",
"pos": "N",
"epos": "N",
"base": "kir₄",
"morph": "~"}
}
,
{
"node": "d",
"type": "field-end",
"subtype": "wp"}
,
{
"node": "d",
"type": "cell-end"}
,
{
"node": "d",
"type": "cell-start"}
,
{
"node": "d",
"type": "field-start",
"subtype": "eq"}
,
{
"node": "l",
"frag": "bu-u₂-ṣum",
"id": "P373762.l538ad",
"ref": "P373762.3.2",
"inst": "būṣu[hyaena]N$būṣum",
"sig": "@dcclt%akk:bu-u₂-ṣum=būṣu[hyaena//hyaena]N'N$būṣum",
"f": {"lang": "akk",
"form": "bu-u₂-ṣum",
"cf": "būṣu",
"gw": "hyaena",
"sense": "hyaena",
"norm": "būṣum",
"pos": "N",
"epos": "N"}
}
,
{
"node": "d",
"type": "field-end",
"subtype": "eq"}
,
{
"node": "d",
"type": "cell-end"}
,
{
"node": "d",
"type": "line-start",
"ref": "P373762.4",
"n": "3'",
"label": "o 3'"}
,
{
"node": "d",
"type": "cell-start"}
,
{
"node": "d",
"type": "field-start",
"subtype": "wp"}
,
{
"node": "l",
"frag": "[ab₂-za]-za",
"id": "P373762.l538ae",
"ref": "P373762.4.1",
"inst": "abzaza[zebu]",
"sig": "@dcclt%sux:ab₂-za-za=abzaza[zebu//zebu]N'N$abzaza/ab₂-za-za#~",
"f": {"lang": "sux",
"form": "ab₂-za-za",
"cf": "abzaza",
"gw": "zebu",
"sense": "zebu",
"norm0": "abzaza",
"pos": "N",
"epos": "N",
"base": "ab₂-za-za",
"morph": "~"}
}
,
{
"node": "d",
"type": "field-end",
"subtype": "wp"}
,
{
"node": "d",
"type": "cell-end"}
,
{
"node": "d",
"type": "cell-start"}
,
{
"node": "d",
"type": "field-start",
"subtype": "eq"}
,
{
"node": "l",
"frag": "ap-sa-su-u₂",
"id": "P373762.l538af",
"ref": "P373762.4.2",
"inst": "apsasû[(an exotic bovid)]N$",
"sig": "@dcclt%akk:ap-sa-su-u₂=apsasû[(an exotic bovid)//figurine of an exotic bovid]N'N$apsasû",
"f": {"lang": "akk",
"form": "ap-sa-su-u₂",
"cf": "apsasû",
"gw": "(an exotic bovid)",
"sense": "figurine of an exotic bovid",
"norm": "apsasû",
"pos": "N",
"epos": "N"}
}
,
{
"node": "d",
"type": "field-end",
"subtype": "eq"}
,
{
"node": "d",
"type": "cell-end"}
,
{
"node": "d",
"type": "line-start",
"ref": "P373762.5",
"n": "5'",
"label": "o 5'"}
,
{
"node": "d",
"type": "cell-start"}
,
{
"node": "d",
"type": "field-start",
"subtype": "wp"}
,
{
"node": "l",
"frag": "{[munus}ab]-za-za",
"id": "P373762.l538b0",
"ref": "P373762.5.1",
"inst": "abzaza[zebu]N",
"sig": "@dcclt%sux:{munus}ab-za-za=abzaza[zebu//zebu]N'N$abzaza/{munus}ab-za-za#~",
"f": {"lang": "sux",
"form": "{munus}ab-za-za",
"cf": "abzaza",
"gw": "zebu",
"sense": "zebu",
"norm0": "abzaza",
"pos": "N",
"epos": "N",
"base": "{munus}ab-za-za",
"morph": "~"}
}
,
{
"node": "d",
"type": "field-end",
"subtype": "wp"}
,
{
"node": "d",
"type": "cell-end"}
,
{
"node": "d",
"type": "cell-start"}
,
{
"node": "d",
"type": "field-start",
"subtype": "eq"}
,
{
"node": "l",
"frag": "ap-sa-si-su",
"id": "P373762.l538b1",
"ref": "P373762.5.2",
"inst": "apsasû[(an exotic bovid)//female exotic bovid]N$apsas̄sīsu",
"sig": "@dcclt%akk:ap-sa-si-su=apsasû[(an exotic bovid)//female exotic bovid]N'N$apsas̄sīsu",
"f": {"lang": "akk",
"form": "ap-sa-si-su",
"cf": "apsasû",
"gw": "(an exotic bovid)",
"sense": "female exotic bovid",
"norm": "apsas̄sīsu",
"pos": "N",
"epos": "N"}
}
,
{
"node": "d",
"type": "field-end",
"subtype": "eq"}
,
{
"node": "d",
"type": "cell-end"}
,
{
"node": "d",
"type": "line-start",
"ref": "P373762.6",
"n": "6'",
"label": "o 6'"}
,
{
"node": "d",
"type": "cell-start"}
,
{
"node": "d",
"type": "field-start",
"subtype": "wp"}
,
{
"node": "l",
"frag": "⸢ur⸣",
"id": "P373762.l538b2",
"ref": "P373762.6.1",
"inst": "ur[dog//lion]N",
"sig": "@dcclt%sux:ur=ur[dog//lion]N'N$ur/ur#~",
"f": {"lang": "sux",
"form": "ur",
"cf": "ur",
"gw": "dog",
"sense": "lion",
"norm0": "ur",
"pos": "N",
"epos": "N",
"base": "ur",
"morph": "~"}
}
,
{
"node": "d",
"type": "field-end",
"subtype": "wp"}
,
{
"node": "d",
"type": "cell-end"}
,
{
"node": "d",
"type": "cell-start"}
,
{
"node": "d",
"type": "field-start",
"subtype": "eq"}
,
{
"node": "l",
"frag": "lab-bi",
"id": "P373762.l538b3",
"ref": "P373762.6.2",
"inst": "labbi[lion]N",
"sig": "@dcclt%akk:lab-bi=lābu[lion//lion]N'N$labbi",
"f": {"lang": "akk",
"form": "lab-bi",
"cf": "lābu",
"gw": "lion",
"sense": "lion",
"norm": "labbi",
"pos": "N",
"epos": "N"}
}
,
{
"node": "d",
"type": "field-end",
"subtype": "eq"}
,
{
"node": "d",
"type": "cell-end"}
,
{
"node": "d",
"type": "line-start",
"ref": "P373762.7",
"n": "7'",
"label": "o 7'"}
,
{
"node": "d",
"type": "cell-start"}
,
{
"node": "d",
"type": "field-start",
"subtype": "wp"}
,
{
"node": "l",
"frag": "[ur]-⸢tur⸣",
"id": "P373762.l538b4",
"ref": "P373762.7.1",
"inst": "urtur[puppy]",
"sig": "@dcclt%sux:ur-tur=urtur[puppy//puppy]N'N$urtur/ur-tur#~",
"f": {"lang": "sux",
"form": "ur-tur",
"cf": "urtur",
"gw": "puppy",
"sense": "puppy",
"norm0": "urtur",
"pos": "N",
"epos": "N",
"base": "ur-tur",
"morph": "~"}
}
,
{
"node": "d",
"type": "field-end",
"subtype": "wp"}
,
{
"node": "d",
"type": "cell-end"}
,
{
"node": "d",
"type": "cell-start"}
,
{
"node": "d",
"type": "field-start",
"subtype": "eq"}
,
{
"node": "l",
"frag": "mi-ri-⸢nu⸣",
"id": "P373762.l538b5",
"ref": "P373762.7.2",
"inst": "mīrānu[young dog//puppy]N$mīrīnu",
"sig": "@dcclt%akk:mi-ri-nu=mīrānu[young dog//puppy]N'N$mīrīnu",
"f": {"lang": "akk",
"form": "mi-ri-nu",
"cf": "mīrānu",
"gw": "young dog",
"sense": "puppy",
"norm": "mīrīnu",
"pos": "N",
"epos": "N"}
}
,
{
"node": "d",
"type": "field-end",
"subtype": "eq"}
,
{
"node": "d",
"type": "cell-end"}
,
{
"node": "d",
"type": "line-start",
"ref": "P373762.8",
"n": "8'",
"label": "o 8'"}
,
{
"node": "d",
"type": "cell-start"}
,
{
"node": "d",
"type": "field-start",
"subtype": "wp"}
,
{
"node": "l",
"frag": "[...]",
"id": "P373762.l538b6",
"ref": "P373762.8.1",
"inst": "u",
"f": {"lang": "sux",
"form": "x",
"pos": "u"}
}
,
{
"node": "d",
"type": "field-end",
"subtype": "wp"}
,
{
"node": "d",
"type": "cell-end"}
,
{
"node": "d",
"type": "cell-start"}
,
{
"node": "d",
"type": "field-start",
"subtype": "eq"}
,
{
"node": "l",
"frag": "ni-e-⸢šu₂⸣",
"id": "P373762.l538b7",
"ref": "P373762.8.2",
"inst": "nēšu[lion]N$",
"sig": "@dcclt%akk:ni-e-šu₂=nēšu[lion//lion]N'N$nēšu",
"f": {"lang": "akk",
"form": "ni-e-šu₂",
"cf": "nēšu",
"gw": "lion",
"sense": "lion",
"norm": "nēšu",
"pos": "N",
"epos": "N"}
}
,
{
"node": "d",
"type": "field-end",
"subtype": "eq"}
,
{
"node": "d",
"type": "cell-end"}
,
{
"node": "d",
"type": "line-start",
"ref": "P373762.9",
"n": "9'",
"label": "o 9'"}
,
{
"node": "d",
"type": "cell-start"}
,
{
"node": "d",
"type": "field-start",
"subtype": "wp"}
,
{
"node": "l",
"frag": "[...]",
"id": "P373762.l538b8",
"ref": "P373762.9.1",
"inst": "u",
"f": {"lang": "sux",
"form": "x",
"pos": "u"}
}
,
{
"node": "d",
"type": "field-end",
"subtype": "wp"}
,
{
"node": "d",
"type": "cell-end"}
,
{
"node": "d",
"type": "cell-start"}
,
{
"node": "d",
"type": "field-start",
"subtype": "eq"}
,
{
"node": "d",
"type": "nonw",
"ref": "P373762.9.2",
"lang": "akk",
"type": "surro"}
,
{
"node": "l",
"id": "P373762.l538b9",
"ref": "P373762.9.3",
"inst": "nēšu[lion]N",
"sig": "@dcclt%akk:ni-e-šu₂=nēšu[lion//lion]N'N$nēšu",
"f": {"lang": "akk",
"form": "ni-e-šu₂",
"cf": "nēšu",
"gw": "lion",
"sense": "lion",
"norm": "nēšu",
"pos": "N",
"epos": "N"}
}
,
{
"node": "d",
"type": "field-end",
"subtype": "eq"}
,
{
"node": "d",
"type": "cell-end"}
,
{
"node": "d",
"type": "line-start",
"ref": "P373762.10",
"n": "10'",
"label": "o 10'"}
,
{
"node": "d",
"type": "cell-start"}
,
{
"node": "d",
"type": "field-start",
"subtype": "wp"}
,
{
"node": "l",
"frag": "[...]",
"id": "P373762.l538ba",
"ref": "P373762.10.1",
"inst": "u",
"f": {"lang": "sux",
"form": "x",
"pos": "u"}
}
,
{
"node": "d",
"type": "field-end",
"subtype": "wp"}
,
{
"node": "d",
"type": "cell-end"}
,
{
"node": "d",
"type": "cell-start"}
,
{
"node": "d",
"type": "field-start",
"subtype": "eq"}
,
{
"node": "d",
"type": "nonw",
"ref": "P373762.10.2",
"lang": "akk",
"type": "surro"}
,
{
"node": "l",
"id": "P373762.l538bb",
"ref": "P373762.10.3",
"inst": "nēšu[lion]N",
"sig": "@dcclt%akk:ni-e-šu₂=nēšu[lion//lion]N'N$nēšu",
"f": {"lang": "akk",
"form": "ni-e-šu₂",
"cf": "nēšu",
"gw": "lion",
"sense": "lion",
"norm": "nēšu",
"pos": "N",
"epos": "N"}
}
,
{
"node": "d",
"type": "field-end",
"subtype": "eq"}
,
{
"node": "d",
"type": "cell-end"}
,
{
"node": "d",
"type": "nonx",
"ref": "P373762.11",
"strict": "1",
"extent": "rest",
"scope": "line",
"state": "missing"}
,
{
"node": "d",
"subtype": "reverse",
"type": "surface",
"ref": "P373762.r.12",
"type": "reverse",
"label": "r"}
,
{
"node": "d",
"type": "nonx",
"ref": "P373762.13",
"strict": "1",
"extent": "n",
"scope": "line",
"state": "missing"}
]}
]}
]}
]}
