{
"type": "cdl",
  "source": "http://oracc.org/dcclt",
  "license": "This data is released under the CC0 license",
  "license-url": "https://creativecommons.org/publicdomain/zero/1.0/",
  "more-info": "http://oracc.org/doc/opendata/",
  "UTC-timestamp": "2017-05-19T18:27:24",
"project": "dcclt",
"textid": "P386385",
"cdl": [
{
"node": "c",
"type": "text",
"id": "P386385.U0",
"cdl": [
{
"node": "d",
"subtype": "tablet",
"type": "object",
"ref": "P386385.x1292.1",
"type": "tablet",
"label": "x1292"}
,
{
"node": "d",
"subtype": "obverse",
"type": "surface",
"ref": "P386385.o.2",
"type": "obverse",
"label": "o"}
,
{
"node": "c",
"type": "discourse",
"subtype": "body",
"id": "P386385.U1",
"cdl": [
{
"node": "c",
"type": "sentence",
"id": "P386385.U2",
"label": "o 1' - r 14",
"cdl": [
{
"node": "d",
"type": "line-start",
"ref": "P386385.3",
"n": "1'",
"label": "o 1'"}
,
{
"node": "d",
"type": "cell-start"}
,
{
"node": "d",
"type": "field-start",
"subtype": "wp"}
,
{
"node": "l",
"frag": "[a-ŋar]-⸢ŋar⸣-ra",
"id": "P386385.l30844",
"ref": "P386385.3.1",
"inst": "aŋarŋara[droppings]",
"sig": "@dcclt%sux:a-ŋar-ŋar-ra=aŋarŋara[droppings//sheep droppings]N'N$aŋarŋara/a-ŋar-ŋar-ra#~",
"f": {"lang": "sux",
"form": "a-ŋar-ŋar-ra",
"cf": "aŋarŋara",
"gw": "droppings",
"sense": "sheep droppings",
"norm0": "aŋarŋara",
"pos": "N",
"epos": "N",
"base": "a-ŋar-ŋar-ra",
"morph": "~"}
}
,
{
"node": "d",
"type": "field-end",
"subtype": "wp"}
,
{
"node": "d",
"type": "cell-end"}
,
{
"node": "d",
"type": "cell-start"}
,
{
"node": "d",
"type": "field-start",
"subtype": "eq"}
,
{
"node": "d",
"type": "nonw",
"ref": "P386385.3.2",
"lang": "akk",
"type": "surro"}
,
{
"node": "l",
"id": "P386385.l30845",
"ref": "P386385.3.3",
"inst": "agargarû[kind of fish(-spawn)]N$",
"sig": "@dcclt%akk-949:*=agargarû[(kind of fish(-spawn))//(kind of fish(-spawn))]N'N$agargarû",
"f": {"lang": "akk-949",
"form": "*",
"cf": "agargarû",
"gw": "(kind of fish(-spawn))",
"sense": "(kind of fish(-spawn))",
"norm": "agargarû",
"pos": "N",
"epos": "N"}
}
,
{
"node": "d",
"type": "field-end",
"subtype": "eq"}
,
{
"node": "d",
"type": "cell-end"}
,
{
"node": "d",
"type": "line-start",
"ref": "P386385.4",
"n": "2'",
"label": "o 2'"}
,
{
"node": "d",
"type": "cell-start"}
,
{
"node": "d",
"type": "field-start",
"subtype": "wp"}
,
{
"node": "l",
"frag": "[a-ŋar]-ŋar-ra piqannu",
"id": "P386385.l30846",
"ref": "P386385.4.1",
"inst": "aŋarŋara[droppings]",
"sig": "@dcclt%sux:a-ŋar-ŋar-ra=aŋarŋara[droppings//sheep droppings]N'N$aŋarŋara/a-ŋar-ŋar-ra#~",
"f": {"lang": "sux",
"form": "a-ŋar-ŋar-ra",
"cf": "aŋarŋara",
"gw": "droppings",
"sense": "sheep droppings",
"norm0": "aŋarŋara",
"pos": "N",
"epos": "N",
"base": "a-ŋar-ŋar-ra",
"morph": "~"}
}
,
{
"node": "d",
"type": "field-end",
"subtype": "wp"}
,
{
"node": "d",
"type": "cell-end"}
,
{
"node": "d",
"type": "cell-start"}
,
{
"node": "d",
"type": "field-start",
"subtype": "eq"}
,
{
"node": "l",
"id": "P386385.l30847",
"ref": "P386385.4.2",
"inst": "piqannu[droppings]N$",
"sig": "@dcclt%akk-949:*=piqannu[droppings//droppings]N'N$piqannu",
"f": {"lang": "akk-949",
"form": "*",
"cf": "piqannu",
"gw": "droppings",
"sense": "droppings",
"norm": "piqannu",
"pos": "N",
"epos": "N"}
}
,
{
"node": "d",
"type": "field-end",
"subtype": "eq"}
,
{
"node": "d",
"type": "cell-end"}
,
{
"node": "d",
"type": "line-start",
"ref": "P386385.5",
"n": "3'",
"label": "o 3'"}
,
{
"node": "d",
"type": "cell-start"}
,
{
"node": "d",
"type": "field-start",
"subtype": "wp"}
,
{
"node": "l",
"frag": "[a-ŋar]-ŋar-ra",
"id": "P386385.l30848",
"ref": "P386385.5.1",
"inst": "aŋarŋara[droppings]",
"sig": "@dcclt%sux:a-ŋar-ŋar-ra=aŋarŋara[droppings//sheep droppings]N'N$aŋarŋara/a-ŋar-ŋar-ra#~",
"f": {"lang": "sux",
"form": "a-ŋar-ŋar-ra",
"cf": "aŋarŋara",
"gw": "droppings",
"sense": "sheep droppings",
"norm0": "aŋarŋara",
"pos": "N",
"epos": "N",
"base": "a-ŋar-ŋar-ra",
"morph": "~"}
}
,
{
"node": "d",
"type": "field-end",
"subtype": "wp"}
,
{
"node": "d",
"type": "cell-end"}
,
{
"node": "d",
"type": "cell-start"}
,
{
"node": "d",
"type": "field-start",
"subtype": "eq"}
,
{
"node": "l",
"frag": "bi-⸢ni⸣-[tum]",
"id": "P386385.l30849",
"ref": "P386385.5.2",
"inst": "binītu[creation//fish roe]N$binītum",
"sig": "@dcclt%akk:bi-ni-tum=binītu[creation//fish roe]N'N$binītum",
"f": {"lang": "akk",
"form": "bi-ni-tum",
"cf": "binītu",
"gw": "creation",
"sense": "fish roe",
"norm": "binītum",
"pos": "N",
"epos": "N"}
}
,
{
"node": "d",
"type": "field-end",
"subtype": "eq"}
,
{
"node": "d",
"type": "cell-end"}
,
{
"node": "d",
"type": "line-start",
"ref": "P386385.6",
"n": "4'",
"label": "o 4'"}
,
{
"node": "d",
"type": "cell-start"}
,
{
"node": "d",
"type": "field-start",
"subtype": "wp"}
,
{
"node": "l",
"frag": "[a]-⸢ŋar⸣-ŋar-ra",
"id": "P386385.l3084a",
"ref": "P386385.6.1",
"inst": "aŋarŋara[droppings]",
"sig": "@dcclt%sux:a-ŋar-ŋar-ra=aŋarŋara[droppings//sheep droppings]N'N$aŋarŋara/a-ŋar-ŋar-ra#~",
"f": {"lang": "sux",
"form": "a-ŋar-ŋar-ra",
"cf": "aŋarŋara",
"gw": "droppings",
"sense": "sheep droppings",
"norm0": "aŋarŋara",
"pos": "N",
"epos": "N",
"base": "a-ŋar-ŋar-ra",
"morph": "~"}
}
,
{
"node": "d",
"type": "field-end",
"subtype": "wp"}
,
{
"node": "d",
"type": "cell-end"}
,
{
"node": "d",
"type": "cell-start"}
,
{
"node": "d",
"type": "field-start",
"subtype": "eq"}
,
{
"node": "l",
"frag": "KU-⸢x⸣-[...]",
"id": "P386385.l3084b",
"ref": "P386385.6.2",
"inst": "u",
"f": {"lang": "sux",
"form": "KU-x-x",
"pos": "u"}
}
,
{
"node": "d",
"type": "field-end",
"subtype": "eq"}
,
{
"node": "d",
"type": "cell-end"}
,
{
"node": "d",
"type": "line-start",
"ref": "P386385.7",
"n": "5'",
"label": "o 5'"}
,
{
"node": "d",
"type": "cell-start"}
,
{
"node": "d",
"type": "field-start",
"subtype": "wp"}
,
{
"node": "l",
"frag": "[a]",
"id": "P386385.l3084c",
"ref": "P386385.7.1",
"inst": "a[water]",
"sig": "@dcclt%sux:a=a[water//water]N'N$a/a#~",
"f": {"lang": "sux",
"form": "a",
"cf": "a",
"gw": "water",
"sense": "water",
"norm0": "a",
"pos": "N",
"epos": "N",
"base": "a",
"morph": "~"}
}
,
{
"node": "l",
"frag": "⸢šag₄⸣",
"id": "P386385.l3084d",
"ref": "P386385.7.2",
"inst": "šag[heart]",
"sig": "@dcclt%sux:šag₄=šag[heart//heart]N'N$šag/šag₄#~",
"f": {"lang": "sux",
"form": "šag₄",
"cf": "šag",
"gw": "heart",
"sense": "heart",
"norm0": "šag",
"pos": "N",
"epos": "N",
"base": "šag₄",
"morph": "~"}
}
,
{
"node": "l",
"frag": "ŋar-ra",
"id": "P386385.l3084e",
"ref": "P386385.7.3",
"inst": "ŋar[place]",
"sig": "@dcclt%sux:ŋar-ra=ŋar[place//place]V/t'V/t$ŋar;a/ŋar+-ra=r.a#~;a",
"f": {"lang": "sux",
"form": "ŋar-ra",
"cf": "ŋar",
"gw": "place",
"sense": "place",
"norm0": "ŋar;a",
"pos": "V/t",
"epos": "V/t",
"base": "ŋar",
"cont": "-ra=r.a",
"morph": "~;a"}
}
,
{
"node": "d",
"type": "field-end",
"subtype": "wp"}
,
{
"node": "d",
"type": "cell-end"}
,
{
"node": "d",
"type": "cell-start"}
,
{
"node": "d",
"type": "field-start",
"subtype": "eq"}
,
{
"node": "l",
"frag": "es-lum",
"id": "P386385.l3084f",
"ref": "P386385.7.4",
"inst": "eslu[constipated]AJ$eslum",
"sig": "@dcclt%akk:es-lum=eslu[constipated//constipated]AJ'AJ$eslum",
"f": {"lang": "akk",
"form": "es-lum",
"cf": "eslu",
"gw": "constipated",
"sense": "constipated",
"norm": "eslum",
"pos": "AJ",
"epos": "AJ"}
}
,
{
"node": "d",
"type": "field-end",
"subtype": "eq"}
,
{
"node": "d",
"type": "cell-end"}
,
{
"node": "d",
"type": "line-start",
"ref": "P386385.8",
"n": "6'",
"label": "o 6'"}
,
{
"node": "d",
"type": "cell-start"}
,
{
"node": "d",
"type": "field-start",
"subtype": "wp"}
,
{
"node": "l",
"frag": "a-gal-la-ti-la",
"id": "P386385.l30850",
"ref": "P386385.8.1",
"inst": "agalatila[dropsy]N",
"sig": "@dcclt%sux:a-gal-la-ti-la=agalatila[dropsy//dropsy]N'N$agalatila/a-gal-la-ti-la#~",
"f": {"lang": "sux",
"form": "a-gal-la-ti-la",
"cf": "agalatila",
"gw": "dropsy",
"sense": "dropsy",
"norm0": "agalatila",
"pos": "N",
"epos": "N",
"base": "a-gal-la-ti-la",
"morph": "~"}
}
,
{
"node": "d",
"type": "field-end",
"subtype": "wp"}
,
{
"node": "d",
"type": "cell-end"}
,
{
"node": "d",
"type": "cell-start"}
,
{
"node": "d",
"type": "field-start",
"subtype": "eq"}
,
{
"node": "l",
"frag": "ka-ši",
"id": "P386385.l30851",
"ref": "P386385.8.2",
"inst": "u",
"f": {"lang": "akk",
"form": "ka-ši",
"pos": "u"}
}
,
{
"node": "l",
"frag": "im-tum",
"id": "P386385.l30852",
"ref": "P386385.8.3",
"inst": "imtu[poison]N$imtum",
"sig": "@dcclt%akk:im-tum=imtu[poison//poison]N'N$imtum",
"f": {"lang": "akk",
"form": "im-tum",
"cf": "imtu",
"gw": "poison",
"sense": "poison",
"norm": "imtum",
"pos": "N",
"epos": "N"}
}
,
{
"node": "d",
"type": "field-end",
"subtype": "eq"}
,
{
"node": "d",
"type": "cell-end"}
,
{
"node": "d",
"type": "line-start",
"ref": "P386385.9",
"n": "7'",
"label": "o 7'"}
,
{
"node": "d",
"type": "cell-start"}
,
{
"node": "d",
"type": "field-start",
"subtype": "wp"}
,
{
"node": "l",
"frag": "a-gal-la-ti-la",
"id": "P386385.l30853",
"ref": "P386385.9.1",
"inst": "agalatila[dropsy]N",
"sig": "@dcclt%sux:a-gal-la-ti-la=agalatila[dropsy//dropsy]N'N$agalatila/a-gal-la-ti-la#~",
"f": {"lang": "sux",
"form": "a-gal-la-ti-la",
"cf": "agalatila",
"gw": "dropsy",
"sense": "dropsy",
"norm0": "agalatila",
"pos": "N",
"epos": "N",
"base": "a-gal-la-ti-la",
"morph": "~"}
}
,
{
"node": "d",
"type": "field-end",
"subtype": "wp"}
,
{
"node": "d",
"type": "cell-end"}
,
{
"node": "d",
"type": "cell-start"}
,
{
"node": "d",
"type": "field-start",
"subtype": "eq"}
,
{
"node": "l",
"frag": "ma-li-a",
"id": "P386385.l30854",
"ref": "P386385.9.2",
"inst": "malû[full]AJ$malia",
"sig": "@dcclt%akk:ma-li-a=malû[full//full]AJ'AJ$malia",
"f": {"lang": "akk",
"form": "ma-li-a",
"cf": "malû",
"gw": "full",
"sense": "full",
"norm": "malia",
"pos": "AJ",
"epos": "AJ"}
}
,
{
"node": "l",
"frag": "me-e",
"id": "P386385.l30855",
"ref": "P386385.9.3",
"inst": "mû[water]N$mê",
"sig": "@dcclt%akk:me-e=mû[water//water]N'N$mê",
"f": {"lang": "akk",
"form": "me-e",
"cf": "mû",
"gw": "water",
"sense": "water",
"norm": "mê",
"pos": "N",
"epos": "N"}
}
,
{
"node": "d",
"type": "field-end",
"subtype": "eq"}
,
{
"node": "d",
"type": "cell-end"}
,
{
"node": "d",
"type": "line-start",
"ref": "P386385.10",
"n": "8'",
"label": "o 8'"}
,
{
"node": "d",
"type": "cell-start"}
,
{
"node": "d",
"type": "field-start",
"subtype": "wp"}
,
{
"node": "l",
"frag": "a",
"id": "P386385.l30856",
"ref": "P386385.10.1",
"inst": "a[water]N",
"sig": "@dcclt%sux:a=a[water//water]N'N$a/a#~",
"f": {"lang": "sux",
"form": "a",
"cf": "a",
"gw": "water",
"sense": "water",
"norm0": "a",
"pos": "N",
"epos": "N",
"base": "a",
"morph": "~"}
}
,
{
"node": "c",
"type": "phrase",
"tag": "phr",
"id": "P386385.U4",
"ref": "P386385.ls00000",
"cdl": [
{
"node": "l",
"frag": "a₂",
"id": "P386385.l30857",
"ref": "P386385.10.2",
"inst": "a[arm]N",
"sig": "@dcclt%sux:a₂=a[arm//arm]N'N$a/a₂#~",
"f": {"lang": "sux",
"form": "a₂",
"cf": "a",
"gw": "arm",
"sense": "arm",
"norm0": "a",
"pos": "N",
"epos": "N",
"base": "a₂",
"morph": "~"}
}
,
{
"node": "l",
"frag": "ŋal₂",
"id": "P386385.l30858",
"ref": "P386385.10.3",
"inst": "jal[to have]",
"sig": "@dcclt%sux:ŋal₂=ŋal[be//to have]V/i'V/i$ŋal/ŋal₂#~",
"f": {"lang": "sux",
"form": "ŋal₂",
"cf": "ŋal",
"gw": "be",
"sense": "to have",
"norm0": "ŋal",
"pos": "V/i",
"epos": "V/i",
"base": "ŋal₂",
"morph": "~"}
}
]}
,
{
"node": "d",
"type": "field-end",
"subtype": "wp"}
,
{
"node": "d",
"type": "cell-end"}
,
{
"node": "d",
"type": "cell-start"}
,
{
"node": "d",
"type": "field-start",
"subtype": "eq"}
,
{
"node": "d",
"type": "nonw",
"ref": "P386385.10.4",
"lang": "akk",
"type": "surro"}
,
{
"node": "l",
"id": "P386385.l30859",
"ref": "P386385.10.5",
"inst": "malia[full]AJ",
"sig": "@dcclt%akk:ma-li-a=malû[full//full]AJ'AJ$malia",
"f": {"lang": "akk",
"form": "ma-li-a",
"cf": "malû",
"gw": "full",
"sense": "full",
"norm": "malia",
"pos": "AJ",
"epos": "AJ"}
}
,
{
"node": "l",
"id": "P386385.l3085a",
"ref": "P386385.10.6",
"inst": "mê[water]N",
"sig": "@dcclt%akk:me-e=mû[water//water]N'N$mê",
"f": {"lang": "akk",
"form": "me-e",
"cf": "mû",
"gw": "water",
"sense": "water",
"norm": "mê",
"pos": "N",
"epos": "N"}
}
,
{
"node": "d",
"type": "field-end",
"subtype": "eq"}
,
{
"node": "d",
"type": "cell-end"}
,
{
"node": "d",
"type": "line-start",
"ref": "P386385.11",
"n": "9'",
"label": "o 9'"}
,
{
"node": "d",
"type": "cell-start"}
,
{
"node": "d",
"type": "field-start",
"subtype": "wp"}
,
{
"node": "l",
"frag": "a",
"id": "P386385.l3085b",
"ref": "P386385.11.1",
"inst": "a[water]N",
"sig": "@dcclt%sux:a=a[water//water]N'N$a/a#~",
"f": {"lang": "sux",
"form": "a",
"cf": "a",
"gw": "water",
"sense": "water",
"norm0": "a",
"pos": "N",
"epos": "N",
"base": "a",
"morph": "~"}
}
,
{
"node": "l",
"frag": "hul-a",
"id": "P386385.l3085c",
"ref": "P386385.11.2",
"inst": "hulu[bad]",
"sig": "@dcclt%sux:hul-a=hulu[bad//bad]V/i'V/i$hulu;a/hul#~;a",
"f": {"lang": "sux",
"form": "hul-a",
"cf": "hulu",
"gw": "bad",
"sense": "bad",
"norm0": "hulu;a",
"pos": "V/i",
"epos": "V/i",
"base": "hul",
"morph": "~;a"}
}
,
{
"node": "d",
"type": "field-end",
"subtype": "wp"}
,
{
"node": "d",
"type": "cell-end"}
,
{
"node": "d",
"type": "cell-start"}
,
{
"node": "d",
"type": "field-start",
"subtype": "eq"}
,
{
"node": "d",
"type": "nonw",
"ref": "P386385.11.3",
"lang": "akk",
"type": "surro"}
,
{
"node": "l",
"id": "P386385.l3085d",
"ref": "P386385.11.4",
"inst": "malia[full]AJ",
"sig": "@dcclt%akk:ma-li-a=malû[full//full]AJ'AJ$malia",
"f": {"lang": "akk",
"form": "ma-li-a",
"cf": "malû",
"gw": "full",
"sense": "full",
"norm": "malia",
"pos": "AJ",
"epos": "AJ"}
}
,
{
"node": "l",
"id": "P386385.l3085e",
"ref": "P386385.11.5",
"inst": "mê[water]N",
"sig": "@dcclt%akk:me-e=mû[water//water]N'N$mê",
"f": {"lang": "akk",
"form": "me-e",
"cf": "mû",
"gw": "water",
"sense": "water",
"norm": "mê",
"pos": "N",
"epos": "N"}
}
,
{
"node": "d",
"type": "field-end",
"subtype": "eq"}
,
{
"node": "d",
"type": "cell-end"}
,
{
"node": "d",
"type": "line-start",
"ref": "P386385.12",
"n": "10'",
"label": "o 10'"}
,
{
"node": "d",
"type": "cell-start"}
,
{
"node": "d",
"type": "field-start",
"subtype": "wp"}
,
{
"node": "l",
"frag": "a",
"id": "P386385.l3085f",
"ref": "P386385.12.1",
"inst": "a[water]",
"sig": "@dcclt%sux:a=a[water//water]N'N$a/a#~",
"f": {"lang": "sux",
"form": "a",
"cf": "a",
"gw": "water",
"sense": "water",
"norm0": "a",
"pos": "N",
"epos": "N",
"base": "a",
"morph": "~"}
}
,
{
"node": "l",
"frag": "bar-ra",
"id": "P386385.l30860",
"ref": "P386385.12.2",
"inst": "bar[outside]",
"sig": "@dcclt%sux:bar-ra=bar[outside//outside]V/t'N$bar;a/bar+-ra=r.a#~;a",
"f": {"lang": "sux",
"form": "bar-ra",
"cf": "bar",
"gw": "outside",
"sense": "outside",
"norm0": "bar;a",
"pos": "V/t",
"epos": "N",
"base": "bar",
"cont": "-ra=r.a",
"morph": "~;a"}
}
,
{
"node": "d",
"type": "field-end",
"subtype": "wp"}
,
{
"node": "d",
"type": "cell-end"}
,
{
"node": "d",
"type": "cell-start"}
,
{
"node": "d",
"type": "field-start",
"subtype": "eq"}
,
{
"node": "l",
"frag": "ŠIM-tum",
"id": "P386385.l30861",
"ref": "P386385.12.3",
"inst": "X",
"f": {"lang": "akk",
"form": "ŠIM-tum",
"pos": "X"}
}
,
{
"node": "d",
"type": "field-end",
"subtype": "eq"}
,
{
"node": "d",
"type": "cell-end"}
,
{
"node": "d",
"type": "line-start",
"ref": "P386385.13",
"n": "11'",
"label": "o 11'"}
,
{
"node": "d",
"type": "cell-start"}
,
{
"node": "d",
"type": "field-start",
"subtype": "wp"}
,
{
"node": "l",
"frag": "a",
"id": "P386385.l30862",
"ref": "P386385.13.1",
"inst": "a[water]",
"sig": "@dcclt%sux:a=a[water//water]N'N$a/a#~",
"f": {"lang": "sux",
"form": "a",
"cf": "a",
"gw": "water",
"sense": "water",
"norm0": "a",
"pos": "N",
"epos": "N",
"base": "a",
"morph": "~"}
}
,
{
"node": "l",
"frag": "bar-ra",
"id": "P386385.l30863",
"ref": "P386385.13.2",
"inst": "bar[outside]",
"sig": "@dcclt%sux:bar-ra=bar[outside//outside]V/t'N$bar;a/bar+-ra=r.a#~;a",
"f": {"lang": "sux",
"form": "bar-ra",
"cf": "bar",
"gw": "outside",
"sense": "outside",
"norm0": "bar;a",
"pos": "V/t",
"epos": "N",
"base": "bar",
"cont": "-ra=r.a",
"morph": "~;a"}
}
,
{
"node": "d",
"type": "field-end",
"subtype": "wp"}
,
{
"node": "d",
"type": "cell-end"}
,
{
"node": "d",
"type": "cell-start"}
,
{
"node": "d",
"type": "field-start",
"subtype": "eq"}
,
{
"node": "l",
"frag": "li-qu₂-u₂-tum",
"id": "P386385.l30864",
"ref": "P386385.13.3",
"inst": "liqûtu[adopted child]N$liqûtum",
"sig": "@dcclt%akk:li-qu₂-u₂-tum=liqûtu[adopted child//adopted child]N'N$liqûtum",
"f": {"lang": "akk",
"form": "li-qu₂-u₂-tum",
"cf": "liqûtu",
"gw": "adopted child",
"sense": "adopted child",
"norm": "liqûtum",
"pos": "N",
"epos": "N"}
}
,
{
"node": "d",
"type": "field-end",
"subtype": "eq"}
,
{
"node": "d",
"type": "cell-end"}
,
{
"node": "d",
"type": "line-start",
"ref": "P386385.14",
"n": "12'",
"label": "o 12'"}
,
{
"node": "d",
"type": "cell-start"}
,
{
"node": "d",
"type": "field-start",
"subtype": "wp"}
,
{
"node": "l",
"frag": "a",
"id": "P386385.l30865",
"ref": "P386385.14.1",
"inst": "a[water]",
"sig": "@dcclt%sux:a=a[water//water]N'N$a/a#~",
"f": {"lang": "sux",
"form": "a",
"cf": "a",
"gw": "water",
"sense": "water",
"norm0": "a",
"pos": "N",
"epos": "N",
"base": "a",
"morph": "~"}
}
,
{
"node": "l",
"frag": "bar-ra",
"id": "P386385.l30866",
"ref": "P386385.14.2",
"inst": "bar[outside]",
"sig": "@dcclt%sux:bar-ra=bar[outside//outside]V/t'N$bar;a/bar+-ra=r.a#~;a",
"f": {"lang": "sux",
"form": "bar-ra",
"cf": "bar",
"gw": "outside",
"sense": "outside",
"norm0": "bar;a",
"pos": "V/t",
"epos": "N",
"base": "bar",
"cont": "-ra=r.a",
"morph": "~;a"}
}
,
{
"node": "d",
"type": "field-end",
"subtype": "wp"}
,
{
"node": "d",
"type": "cell-end"}
,
{
"node": "d",
"type": "cell-start"}
,
{
"node": "d",
"type": "field-start",
"subtype": "eq"}
,
{
"node": "l",
"frag": "tar-bi-tum",
"id": "P386385.l30867",
"ref": "P386385.14.3",
"inst": "tarbītu[enlargement//upbringing]N$tarbītum",
"sig": "@dcclt%akk:tar-bi-tum=tarbītu[enlargement//upbringing]N'N$tarbītum",
"f": {"lang": "akk",
"form": "tar-bi-tum",
"cf": "tarbītu",
"gw": "enlargement",
"sense": "upbringing",
"norm": "tarbītum",
"pos": "N",
"epos": "N"}
}
,
{
"node": "d",
"type": "field-end",
"subtype": "eq"}
,
{
"node": "d",
"type": "cell-end"}
,
{
"node": "d",
"type": "line-start",
"ref": "P386385.15",
"n": "13'",
"label": "o 13'"}
,
{
"node": "d",
"type": "cell-start"}
,
{
"node": "d",
"type": "field-start",
"subtype": "wp"}
,
{
"node": "l",
"frag": "a",
"id": "P386385.l30868",
"ref": "P386385.15.1",
"inst": "a[water]N",
"sig": "@dcclt%sux:a=a[water//water]N'N$a/a#~",
"f": {"lang": "sux",
"form": "a",
"cf": "a",
"gw": "water",
"sense": "water",
"norm0": "a",
"pos": "N",
"epos": "N",
"base": "a",
"morph": "~"}
}
,
{
"node": "l",
"frag": "bar-ra",
"id": "P386385.l30869",
"ref": "P386385.15.2",
"inst": "bar[outside]'N",
"sig": "@dcclt%sux:bar-ra=bar[outside//outside]V/t'N$bar;a/bar+-ra=r.a#~;a",
"f": {"lang": "sux",
"form": "bar-ra",
"cf": "bar",
"gw": "outside",
"sense": "outside",
"norm0": "bar;a",
"pos": "V/t",
"epos": "N",
"base": "bar",
"cont": "-ra=r.a",
"morph": "~;a"}
}
,
{
"node": "d",
"type": "field-end",
"subtype": "wp"}
,
{
"node": "d",
"type": "cell-end"}
,
{
"node": "d",
"type": "cell-start"}
,
{
"node": "d",
"type": "field-start",
"subtype": "eq"}
,
{
"node": "l",
"frag": "re-hu-tum",
"id": "P386385.l3086a",
"ref": "P386385.15.3",
"inst": "rihûtu[semen]N$rehûtum",
"sig": "@dcclt%akk:re-hu-tum=rihûtu[semen//semen]N'N$rehûtum",
"f": {"lang": "akk",
"form": "re-hu-tum",
"cf": "rihûtu",
"gw": "semen",
"sense": "semen",
"norm": "rehûtum",
"pos": "N",
"epos": "N"}
}
,
{
"node": "l",
"frag": "a-hi-tum",
"id": "P386385.l3086b",
"ref": "P386385.15.4",
"inst": "ahû[outside]AJ$ahītum",
"sig": "@dcclt%akk:a-hi-tum=ahû[outside//outside]AJ'AJ$ahītum",
"f": {"lang": "akk",
"form": "a-hi-tum",
"cf": "ahû",
"gw": "outside",
"sense": "outside",
"norm": "ahītum",
"pos": "AJ",
"epos": "AJ"}
}
,
{
"node": "d",
"type": "field-end",
"subtype": "eq"}
,
{
"node": "d",
"type": "cell-end"}
,
{
"node": "d",
"type": "line-start",
"ref": "P386385.16",
"n": "14'",
"label": "o 14'"}
,
{
"node": "d",
"type": "cell-start"}
,
{
"node": "d",
"type": "field-start",
"subtype": "wp"}
,
{
"node": "l",
"frag": "a",
"id": "P386385.l3086c",
"ref": "P386385.16.1",
"inst": "a[water]N",
"sig": "@dcclt%sux:a=a[water//water]N'N$a/a#~",
"f": {"lang": "sux",
"form": "a",
"cf": "a",
"gw": "water",
"sense": "water",
"norm0": "a",
"pos": "N",
"epos": "N",
"base": "a",
"morph": "~"}
}
,
{
"node": "l",
"frag": "bar-ra",
"id": "P386385.l3086d",
"ref": "P386385.16.2",
"inst": "bar[outside]'N",
"sig": "@dcclt%sux:bar-ra=bar[outside//outside]V/t'N$bar;a/bar+-ra=r.a#~;a",
"f": {"lang": "sux",
"form": "bar-ra",
"cf": "bar",
"gw": "outside",
"sense": "outside",
"norm0": "bar;a",
"pos": "V/t",
"epos": "N",
"base": "bar",
"cont": "-ra=r.a",
"morph": "~;a"}
}
,
{
"node": "d",
"type": "field-end",
"subtype": "wp"}
,
{
"node": "d",
"type": "cell-end"}
,
{
"node": "d",
"type": "cell-start"}
,
{
"node": "d",
"type": "field-start",
"subtype": "eq"}
,
{
"node": "d",
"type": "nonw",
"ref": "P386385.16.3",
"lang": "akk",
"type": "surro"}
,
{
"node": "l",
"id": "P386385.l3086e",
"ref": "P386385.16.4",
"inst": "rihûtu[semen]N",
"sig": "@dcclt%akk:re-hu-tum=rihûtu[semen//semen]N'N$rehûtum",
"f": {"lang": "akk",
"form": "re-hu-tum",
"cf": "rihûtu",
"gw": "semen",
"sense": "semen",
"norm": "rehûtum",
"pos": "N",
"epos": "N"}
}
,
{
"node": "l",
"frag": "na-kar-tum",
"id": "P386385.l3086f",
"ref": "P386385.16.5",
"inst": "nakru[hostile]AJ$nakartum",
"sig": "@dcclt%akk:na-kar-tum=nakru[strange//hostile]AJ'AJ$nakartum",
"f": {"lang": "akk",
"form": "na-kar-tum",
"cf": "nakru",
"gw": "strange",
"sense": "hostile",
"norm": "nakartum",
"pos": "AJ",
"epos": "AJ"}
}
,
{
"node": "d",
"type": "field-end",
"subtype": "eq"}
,
{
"node": "d",
"type": "cell-end"}
,
{
"node": "d",
"type": "line-start",
"ref": "P386385.17",
"n": "15'",
"label": "o 15'"}
,
{
"node": "d",
"type": "cell-start"}
,
{
"node": "d",
"type": "field-start",
"subtype": "wp"}
,
{
"node": "l",
"frag": "a",
"id": "P386385.l30870",
"ref": "P386385.17.1",
"inst": "a[water]N",
"sig": "@dcclt%sux:a=a[water//water]N'N$a/a#~",
"f": {"lang": "sux",
"form": "a",
"cf": "a",
"gw": "water",
"sense": "water",
"norm0": "a",
"pos": "N",
"epos": "N",
"base": "a",
"morph": "~"}
}
,
{
"node": "l",
"frag": "bar-ra",
"id": "P386385.l30871",
"ref": "P386385.17.2",
"inst": "bar[split]",
"sig": "@dcclt%sux:bar-ra=bar[outside//to cut open, slit, split]V/t'V/t$bar;a/bar+-ra=r.a#~;a",
"f": {"lang": "sux",
"form": "bar-ra",
"cf": "bar",
"gw": "outside",
"sense": "to cut open, slit, split",
"norm0": "bar;a",
"pos": "V/t",
"epos": "V/t",
"base": "bar",
"cont": "-ra=r.a",
"morph": "~;a"}
}
,
{
"node": "d",
"type": "field-end",
"subtype": "wp"}
,
{
"node": "d",
"type": "cell-end"}
,
{
"node": "d",
"type": "cell-start"}
,
{
"node": "d",
"type": "field-start",
"subtype": "eq"}
,
{
"node": "d",
"type": "nonw",
"ref": "P386385.17.3",
"lang": "akk",
"type": "surro"}
,
{
"node": "l",
"id": "P386385.l30872",
"ref": "P386385.17.4",
"inst": "rihûtu[semen]N",
"sig": "@dcclt%akk:re-hu-tum=rihûtu[semen//semen]N'N$rehûtum",
"f": {"lang": "akk",
"form": "re-hu-tum",
"cf": "rihûtu",
"gw": "semen",
"sense": "semen",
"norm": "rehûtum",
"pos": "N",
"epos": "N"}
}
,
{
"node": "l",
"frag": "pa-ra-su",
"id": "P386385.l30873",
"ref": "P386385.17.5",
"inst": "parāsu[cut (off)//cutting (off)]V'N$",
"sig": "@dcclt%akk:pa-ra-su=parāsu[cut (off)//cutting (off)]V'N$parāsu",
"f": {"lang": "akk",
"form": "pa-ra-su",
"cf": "parāsu",
"gw": "cut (off)",
"sense": "cutting (off)",
"norm": "parāsu",
"pos": "V",
"epos": "N"}
}
,
{
"node": "d",
"type": "field-end",
"subtype": "eq"}
,
{
"node": "d",
"type": "cell-end"}
,
{
"node": "d",
"type": "line-start",
"ref": "P386385.18",
"n": "16'",
"label": "o 16'"}
,
{
"node": "d",
"type": "cell-start"}
,
{
"node": "d",
"type": "field-start",
"subtype": "wp"}
,
{
"node": "l",
"frag": "a",
"id": "P386385.l30874",
"ref": "P386385.18.1",
"inst": "a[water]N",
"sig": "@dcclt%sux:a=a[water//water]N'N$a/a#~",
"f": {"lang": "sux",
"form": "a",
"cf": "a",
"gw": "water",
"sense": "water",
"norm0": "a",
"pos": "N",
"epos": "N",
"base": "a",
"morph": "~"}
}
,
{
"node": "l",
"frag": "bar-bar-ra",
"id": "P386385.l30875",
"ref": "P386385.18.2",
"inst": "bar[outside]",
"sig": "@dcclt%sux:bar-bar-ra=bar[outside//outside]V/t'N$bar;a/bar-bar+-ra=r.a#~;a",
"f": {"lang": "sux",
"form": "bar-bar-ra",
"cf": "bar",
"gw": "outside",
"sense": "outside",
"norm0": "bar;a",
"pos": "V/t",
"epos": "N",
"base": "bar-bar",
"cont": "-ra=r.a",
"morph": "~;a"}
}
,
{
"node": "d",
"type": "field-end",
"subtype": "wp"}
,
{
"node": "d",
"type": "cell-end"}
,
{
"node": "d",
"type": "cell-start"}
,
{
"node": "d",
"type": "field-start",
"subtype": "eq"}
,
{
"node": "l",
"frag": "nam-šu-u",
"id": "P386385.l30876",
"ref": "P386385.18.3",
"inst": "nalšu[(nocturnal) dew]N$namšu",
"sig": "@dcclt%akk:nam-šu-u=nalšu[(nocturnal) dew//(nocturnal) dew]N'N$namšu",
"f": {"lang": "akk",
"form": "nam-šu-u",
"cf": "nalšu",
"gw": "(nocturnal) dew",
"sense": "(nocturnal) dew",
"norm": "namšu",
"pos": "N",
"epos": "N"}
}
,
{
"node": "d",
"type": "field-end",
"subtype": "eq"}
,
{
"node": "d",
"type": "cell-end"}
,
{
"node": "d",
"type": "line-start",
"ref": "P386385.19",
"n": "17'",
"label": "o 17'"}
,
{
"node": "d",
"type": "cell-start"}
,
{
"node": "d",
"type": "field-start",
"subtype": "wp"}
,
{
"node": "l",
"frag": "a-bar",
"id": "P386385.l30877",
"ref": "P386385.19.1",
"inst": "abara[sweat]N",
"sig": "@dcclt%sux:a-bar=abara[sweat//sweat]N'N$abara/a-bar#~",
"f": {"lang": "sux",
"form": "a-bar",
"cf": "abara",
"gw": "sweat",
"sense": "sweat",
"norm0": "abara",
"pos": "N",
"epos": "N",
"base": "a-bar",
"morph": "~"}
}
,
{
"node": "l",
"frag": "bar-ra",
"id": "P386385.l30878",
"ref": "P386385.19.2",
"inst": "bar[outside]",
"sig": "@dcclt%sux:bar-ra=bar[outside//outside]V/t'N$bar;a/bar+-ra=r.a#~;a",
"f": {"lang": "sux",
"form": "bar-ra",
"cf": "bar",
"gw": "outside",
"sense": "outside",
"norm0": "bar;a",
"pos": "V/t",
"epos": "N",
"base": "bar",
"cont": "-ra=r.a",
"morph": "~;a"}
}
,
{
"node": "d",
"type": "field-end",
"subtype": "wp"}
,
{
"node": "d",
"type": "cell-end"}
,
{
"node": "d",
"type": "cell-start"}
,
{
"node": "d",
"type": "field-start",
"subtype": "eq"}
,
{
"node": "l",
"frag": "zu(SU)-tum",
"id": "P386385.l30879",
"ref": "P386385.19.3",
"inst": "zūtu[sweat]N$zūtum",
"sig": "@dcclt%akk:zu-tum=zūtu[sweat//sweat]N'N$zūtum",
"f": {"lang": "akk",
"form": "zu-tum",
"cf": "zūtu",
"gw": "sweat",
"sense": "sweat",
"norm": "zūtum",
"pos": "N",
"epos": "N"}
}
,
{
"node": "l",
"frag": "i-taq₂-ru-ur-rum",
"id": "P386385.l3087a",
"ref": "P386385.19.4",
"inst": "itaqruru[rolling]AJ$itaqrurum",
"sig": "@dcclt%akk:i-taq₂-ru-ur-rum=itaqruru[rolling//rolling]AJ'AJ$itaqrurum",
"f": {"lang": "akk",
"form": "i-taq₂-ru-ur-rum",
"cf": "itaqruru",
"gw": "rolling",
"sense": "rolling",
"norm": "itaqrurum",
"pos": "AJ",
"epos": "AJ"}
}
,
{
"node": "d",
"type": "field-end",
"subtype": "eq"}
,
{
"node": "d",
"type": "cell-end"}
,
{
"node": "d",
"type": "line-start",
"ref": "P386385.20",
"n": "18'",
"label": "o 18'"}
,
{
"node": "d",
"type": "cell-start"}
,
{
"node": "d",
"type": "field-start",
"subtype": "wp"}
,
{
"node": "l",
"frag": "a",
"id": "P386385.l3087b",
"ref": "P386385.20.1",
"inst": "a[water]N",
"sig": "@dcclt%sux:a=a[water//water]N'N$a/a#~",
"f": {"lang": "sux",
"form": "a",
"cf": "a",
"gw": "water",
"sense": "water",
"norm0": "a",
"pos": "N",
"epos": "N",
"base": "a",
"morph": "~"}
}
,
{
"node": "l",
"frag": "hal-hal",
"id": "P386385.l3087c",
"ref": "P386385.20.2",
"inst": "hal[roll]",
"sig": "@dcclt%sux:hal-hal=hal[roll//to roll (around)]V/i'V/i$hal/hal-hal#~",
"f": {"lang": "sux",
"form": "hal-hal",
"cf": "hal",
"gw": "roll",
"sense": "to roll (around)",
"norm0": "hal",
"pos": "V/i",
"epos": "V/i",
"base": "hal-hal",
"morph": "~"}
}
,
{
"node": "d",
"type": "field-end",
"subtype": "wp"}
,
{
"node": "d",
"type": "cell-end"}
,
{
"node": "d",
"type": "cell-start"}
,
{
"node": "d",
"type": "field-start",
"subtype": "eq"}
,
{
"node": "d",
"type": "nonw",
"ref": "P386385.20.3",
"lang": "akk",
"type": "surro"}
,
{
"node": "l",
"id": "P386385.l3087d",
"ref": "P386385.20.4",
"inst": "zūtum[sweat]N",
"sig": "@dcclt%akk:zu-tum=zūtu[sweat//sweat]N'N$zūtum",
"f": {"lang": "akk",
"form": "zu-tum",
"cf": "zūtu",
"gw": "sweat",
"sense": "sweat",
"norm": "zūtum",
"pos": "N",
"epos": "N"}
}
,
{
"node": "l",
"id": "P386385.l3087e",
"ref": "P386385.20.5",
"inst": "itaqrurum[rolling]AJ",
"sig": "@dcclt%akk:i-taq₂-ru-ur-rum=itaqruru[rolling//rolling]AJ'AJ$itaqrurum",
"f": {"lang": "akk",
"form": "i-taq₂-ru-ur-rum",
"cf": "itaqruru",
"gw": "rolling",
"sense": "rolling",
"norm": "itaqrurum",
"pos": "AJ",
"epos": "AJ"}
}
,
{
"node": "d",
"type": "field-end",
"subtype": "eq"}
,
{
"node": "d",
"type": "cell-end"}
,
{
"node": "d",
"type": "line-start",
"ref": "P386385.21",
"n": "19'",
"label": "o 19'"}
,
{
"node": "d",
"type": "cell-start"}
,
{
"node": "d",
"type": "field-start",
"subtype": "wp"}
,
{
"node": "l",
"frag": "a",
"id": "P386385.l3087f",
"ref": "P386385.21.1",
"inst": "a[water]N",
"sig": "@dcclt%sux:a=a[water//water]N'N$a/a#~",
"f": {"lang": "sux",
"form": "a",
"cf": "a",
"gw": "water",
"sense": "water",
"norm0": "a",
"pos": "N",
"epos": "N",
"base": "a",
"morph": "~"}
}
,
{
"node": "l",
"frag": "gir₅-gir₅",
"id": "P386385.l30880",
"ref": "P386385.21.2",
"inst": "gir[slip]",
"sig": "@dcclt%sux:gir₅-gir₅=gir[slip//slip]V/i'V/i$gir/gir₅-gir₅#~",
"f": {"lang": "sux",
"form": "gir₅-gir₅",
"cf": "gir",
"gw": "slip",
"sense": "slip",
"norm0": "gir",
"pos": "V/i",
"epos": "V/i",
"base": "gir₅-gir₅",
"morph": "~"}
}
,
{
"node": "d",
"type": "field-end",
"subtype": "wp"}
,
{
"node": "d",
"type": "cell-end"}
,
{
"node": "d",
"type": "cell-start"}
,
{
"node": "d",
"type": "field-start",
"subtype": "eq"}
,
{
"node": "d",
"type": "nonw",
"ref": "P386385.21.3",
"lang": "akk",
"type": "surro"}
,
{
"node": "l",
"id": "P386385.l30881",
"ref": "P386385.21.4",
"inst": "zūtu[sweat]N",
"sig": "@dcclt%akk:zu-tum=zūtu[sweat//sweat]N'N$zūtum",
"f": {"lang": "akk",
"form": "zu-tum",
"cf": "zūtu",
"gw": "sweat",
"sense": "sweat",
"norm": "zūtum",
"pos": "N",
"epos": "N"}
}
,
{
"node": "l",
"id": "P386385.l30882",
"ref": "P386385.21.5",
"inst": "itaqrurum[rolling]AJ",
"sig": "@dcclt%akk:i-taq₂-ru-ur-rum=itaqruru[rolling//rolling]AJ'AJ$itaqrurum",
"f": {"lang": "akk",
"form": "i-taq₂-ru-ur-rum",
"cf": "itaqruru",
"gw": "rolling",
"sense": "rolling",
"norm": "itaqrurum",
"pos": "AJ",
"epos": "AJ"}
}
,
{
"node": "d",
"type": "field-end",
"subtype": "eq"}
,
{
"node": "d",
"type": "cell-end"}
,
{
"node": "d",
"type": "line-start",
"ref": "P386385.22",
"n": "20'",
"label": "o 20'"}
,
{
"node": "d",
"type": "cell-start"}
,
{
"node": "d",
"type": "field-start",
"subtype": "wp"}
,
{
"node": "l",
"frag": "a",
"id": "P386385.l30883",
"ref": "P386385.22.1",
"inst": "a[water]",
"sig": "@dcclt%sux:a=a[water//water]N'N$a/a#~",
"f": {"lang": "sux",
"form": "a",
"cf": "a",
"gw": "water",
"sense": "water",
"norm0": "a",
"pos": "N",
"epos": "N",
"base": "a",
"morph": "~"}
}
,
{
"node": "l",
"frag": "bar",
"id": "P386385.l30884",
"ref": "P386385.22.2",
"inst": "bar[split]",
"sig": "@dcclt%sux:bar=bar[outside//to cut open, slit, split]V/t'V/t$bar/bar#~",
"f": {"lang": "sux",
"form": "bar",
"cf": "bar",
"gw": "outside",
"sense": "to cut open, slit, split",
"norm0": "bar",
"pos": "V/t",
"epos": "V/t",
"base": "bar",
"morph": "~"}
}
,
{
"node": "l",
"frag": "dug₄",
"id": "P386385.l30885",
"ref": "P386385.22.3",
"inst": "dug[speak]",
"sig": "@dcclt%sux:dug₄=dug[speak//speak]V/t'V/t$dug/dug₄#~",
"f": {"lang": "sux",
"form": "dug₄",
"cf": "dug",
"gw": "speak",
"sense": "speak",
"norm0": "dug",
"pos": "V/t",
"epos": "V/t",
"base": "dug₄",
"morph": "~"}
}
,
{
"node": "d",
"type": "field-end",
"subtype": "wp"}
,
{
"node": "d",
"type": "cell-end"}
,
{
"node": "d",
"type": "cell-start"}
,
{
"node": "d",
"type": "field-start",
"subtype": "eq"}
,
{
"node": "l",
"frag": "pe₂-hu-u₂",
"id": "P386385.l30886",
"ref": "P386385.22.4",
"inst": "pehû[close up//closing up]V'N$",
"sig": "@dcclt%akk:pe₂-hu-u₂=pehû[close up//closing up]V'N$pehû",
"f": {"lang": "akk",
"form": "pe₂-hu-u₂",
"cf": "pehû",
"gw": "close up",
"sense": "closing up",
"norm": "pehû",
"pos": "V",
"epos": "N"}
}
,
{
"node": "d",
"type": "field-end",
"subtype": "eq"}
,
{
"node": "d",
"type": "cell-end"}
,
{
"node": "d",
"type": "line-start",
"ref": "P386385.23",
"n": "21'",
"label": "o 21'"}
,
{
"node": "d",
"type": "cell-start"}
,
{
"node": "d",
"type": "field-start",
"subtype": "wp"}
,
{
"node": "l",
"frag": "a-bar-dug₄",
"id": "P386385.l30887",
"ref": "P386385.23.1",
"inst": "abardug[miscarriage]N",
"sig": "@dcclt%sux:a-bar-dug₄=abardug[carriage//miscarriage]N'N$abardug/a-bar-dug₄#~",
"f": {"lang": "sux",
"form": "a-bar-dug₄",
"cf": "abardug",
"gw": "carriage",
"sense": "miscarriage",
"norm0": "abardug",
"pos": "N",
"epos": "N",
"base": "a-bar-dug₄",
"morph": "~"}
}
,
{
"node": "d",
"type": "field-end",
"subtype": "wp"}
,
{
"node": "d",
"type": "cell-end"}
,
{
"node": "d",
"type": "cell-start"}
,
{
"node": "d",
"type": "field-start",
"subtype": "eq"}
,
{
"node": "l",
"frag": "iz-bu-um",
"id": "P386385.l30888",
"ref": "P386385.23.2",
"inst": "izbu[misbirth]N$izbum",
"sig": "@dcclt%akk:iz-bu-um=izbu[misbirth//misbirth]N'N$izbum",
"f": {"lang": "akk",
"form": "iz-bu-um",
"cf": "izbu",
"gw": "misbirth",
"sense": "misbirth",
"norm": "izbum",
"pos": "N",
"epos": "N"}
}
,
{
"node": "d",
"type": "field-end",
"subtype": "eq"}
,
{
"node": "d",
"type": "cell-end"}
,
{
"node": "d",
"type": "line-start",
"ref": "P386385.24",
"n": "22'",
"label": "o 22'"}
,
{
"node": "d",
"type": "cell-start"}
,
{
"node": "d",
"type": "field-start",
"subtype": "wp"}
,
{
"node": "l",
"frag": "a-bar-dug₄",
"id": "P386385.l30889",
"ref": "P386385.24.1",
"inst": "abardug[miscarriage]",
"sig": "@dcclt%sux:a-bar-dug₄=abardug[carriage//miscarriage]N'N$abardug/a-bar-dug₄#~",
"f": {"lang": "sux",
"form": "a-bar-dug₄",
"cf": "abardug",
"gw": "carriage",
"sense": "miscarriage",
"norm0": "abardug",
"pos": "N",
"epos": "N",
"base": "a-bar-dug₄",
"morph": "~"}
}
,
{
"node": "d",
"type": "field-end",
"subtype": "wp"}
,
{
"node": "d",
"type": "cell-end"}
,
{
"node": "d",
"type": "cell-start"}
,
{
"node": "d",
"type": "field-start",
"subtype": "eq"}
,
{
"node": "l",
"frag": "ku-bu-um",
"id": "P386385.l3088a",
"ref": "P386385.24.2",
"inst": "kūbu[foetus]N$kūbum",
"sig": "@dcclt%akk:ku-bu-um=kūbu[foetus//foetus]N'N$kūbum",
"f": {"lang": "akk",
"form": "ku-bu-um",
"cf": "kūbu",
"gw": "foetus",
"sense": "foetus",
"norm": "kūbum",
"pos": "N",
"epos": "N"}
}
,
{
"node": "d",
"type": "field-end",
"subtype": "eq"}
,
{
"node": "d",
"type": "cell-end"}
,
{
"node": "d",
"type": "line-start",
"ref": "P386385.25",
"n": "23'",
"label": "o 23'"}
,
{
"node": "d",
"type": "cell-start"}
,
{
"node": "d",
"type": "field-start",
"subtype": "wp"}
,
{
"node": "l",
"frag": "a-bar-⸢dug₄⸣",
"id": "P386385.l3088b",
"ref": "P386385.25.1",
"inst": "abardug[miscarriage]",
"sig": "@dcclt%sux:a-bar-dug₄=abardug[carriage//miscarriage]N'N$abardug/a-bar-dug₄#~",
"f": {"lang": "sux",
"form": "a-bar-dug₄",
"cf": "abardug",
"gw": "carriage",
"sense": "miscarriage",
"norm0": "abardug",
"pos": "N",
"epos": "N",
"base": "a-bar-dug₄",
"morph": "~"}
}
,
{
"node": "d",
"type": "field-end",
"subtype": "wp"}
,
{
"node": "d",
"type": "cell-end"}
,
{
"node": "d",
"type": "cell-start"}
,
{
"node": "d",
"type": "field-start",
"subtype": "eq"}
,
{
"node": "l",
"frag": "⸢a⸣-hu-um",
"id": "P386385.l3088c",
"ref": "P386385.25.2",
"inst": "ahû[outsider]N$ahûm",
"sig": "@dcclt%akk:a-hu-um=ahû[outsider//outsider]N'N$ahûm",
"f": {"lang": "akk",
"form": "a-hu-um",
"cf": "ahû",
"gw": "outsider",
"sense": "outsider",
"norm": "ahûm",
"pos": "N",
"epos": "N"}
}
,
{
"node": "d",
"type": "field-end",
"subtype": "eq"}
,
{
"node": "d",
"type": "cell-end"}
,
{
"node": "d",
"type": "line-start",
"ref": "P386385.26",
"n": "24'",
"label": "o 24'"}
,
{
"node": "d",
"type": "cell-start"}
,
{
"node": "d",
"type": "field-start",
"subtype": "wp"}
,
{
"node": "l",
"frag": "a-bar",
"id": "P386385.l3088d",
"ref": "P386385.26.1",
"inst": "abara[sweat]N",
"sig": "@dcclt%sux:a-bar=abara[sweat//sweat]N'N$abara/a-bar#~",
"f": {"lang": "sux",
"form": "a-bar",
"cf": "abara",
"gw": "sweat",
"sense": "sweat",
"norm0": "abara",
"pos": "N",
"epos": "N",
"base": "a-bar",
"morph": "~"}
}
,
{
"node": "l",
"frag": "[x]",
"id": "P386385.l3088e",
"ref": "P386385.26.2",
"inst": "u",
"f": {"lang": "sux",
"form": "x",
"pos": "u"}
}
,
{
"node": "d",
"type": "field-end",
"subtype": "wp"}
,
{
"node": "d",
"type": "cell-end"}
,
{
"node": "d",
"type": "cell-start"}
,
{
"node": "d",
"type": "field-start",
"subtype": "eq"}
,
{
"node": "l",
"frag": "[zu-tum",
"id": "P386385.l3088f",
"ref": "P386385.26.3",
"inst": "zūtum[sweat]N",
"sig": "@dcclt%akk:zu-tum=zūtu[sweat//sweat]N'N$zūtum",
"f": {"lang": "akk",
"form": "zu-tum",
"cf": "zūtu",
"gw": "sweat",
"sense": "sweat",
"norm": "zūtum",
"pos": "N",
"epos": "N"}
}
,
{
"node": "l",
"frag": "i-taq₂-ru]-ur-rum",
"id": "P386385.l30890",
"ref": "P386385.26.4",
"inst": "itaqruru[rolling]AJ",
"sig": "@dcclt%akk:i-taq₂-ru-ur-rum=itaqruru[rolling//rolling]AJ'AJ$itaqrurum",
"f": {"lang": "akk",
"form": "i-taq₂-ru-ur-rum",
"cf": "itaqruru",
"gw": "rolling",
"sense": "rolling",
"norm": "itaqrurum",
"pos": "AJ",
"epos": "AJ"}
}
,
{
"node": "d",
"type": "field-end",
"subtype": "eq"}
,
{
"node": "d",
"type": "cell-end"}
,
{
"node": "d",
"type": "line-start",
"ref": "P386385.27",
"n": "25'",
"label": "o 25'"}
,
{
"node": "d",
"type": "cell-start"}
,
{
"node": "d",
"type": "field-start",
"subtype": "wp"}
,
{
"node": "l",
"frag": "a-bar",
"id": "P386385.l30891",
"ref": "P386385.27.1",
"inst": "abara[sweat]N",
"sig": "@dcclt%sux:a-bar=abara[sweat//sweat]N'N$abara/a-bar#~",
"f": {"lang": "sux",
"form": "a-bar",
"cf": "abara",
"gw": "sweat",
"sense": "sweat",
"norm0": "abara",
"pos": "N",
"epos": "N",
"base": "a-bar",
"morph": "~"}
}
,
{
"node": "l",
"frag": "[x]",
"id": "P386385.l30892",
"ref": "P386385.27.2",
"inst": "u",
"f": {"lang": "sux",
"form": "x",
"pos": "u"}
}
,
{
"node": "d",
"type": "field-end",
"subtype": "wp"}
,
{
"node": "d",
"type": "cell-end"}
,
{
"node": "d",
"type": "cell-start"}
,
{
"node": "d",
"type": "field-start",
"subtype": "eq"}
,
{
"node": "l",
"frag": "[...]-tum",
"id": "P386385.l30893",
"ref": "P386385.27.3",
"inst": "u",
"f": {"lang": "akk",
"form": "x-tum",
"pos": "u"}
}
,
{
"node": "d",
"type": "field-end",
"subtype": "eq"}
,
{
"node": "d",
"type": "cell-end"}
,
{
"node": "d",
"type": "line-start",
"ref": "P386385.28",
"n": "26'",
"label": "o 26'"}
,
{
"node": "d",
"type": "cell-start"}
,
{
"node": "d",
"type": "field-start",
"subtype": "wp"}
,
{
"node": "l",
"frag": "a-bar",
"id": "P386385.l30894",
"ref": "P386385.28.1",
"inst": "abara[sweat]N",
"sig": "@dcclt%sux:a-bar=abara[sweat//sweat]N'N$abara/a-bar#~",
"f": {"lang": "sux",
"form": "a-bar",
"cf": "abara",
"gw": "sweat",
"sense": "sweat",
"norm0": "abara",
"pos": "N",
"epos": "N",
"base": "a-bar",
"morph": "~"}
}
,
{
"node": "l",
"frag": "kur₂-⸢x⸣",
"id": "P386385.l30895",
"ref": "P386385.28.2",
"inst": "u",
"f": {"lang": "sux",
"form": "kur₂-x",
"pos": "u"}
}
,
{
"node": "d",
"type": "field-end",
"subtype": "wp"}
,
{
"node": "d",
"type": "cell-end"}
,
{
"node": "d",
"type": "cell-start"}
,
{
"node": "d",
"type": "field-start",
"subtype": "eq"}
,
{
"node": "l",
"frag": "[...]-tum",
"id": "P386385.l30896",
"ref": "P386385.28.3",
"inst": "u",
"f": {"lang": "akk",
"form": "x-tum",
"pos": "u"}
}
,
{
"node": "d",
"type": "field-end",
"subtype": "eq"}
,
{
"node": "d",
"type": "cell-end"}
,
{
"node": "d",
"type": "line-start",
"ref": "P386385.29",
"n": "27'",
"label": "o 27'"}
,
{
"node": "d",
"type": "cell-start"}
,
{
"node": "d",
"type": "field-start",
"subtype": "wp"}
,
{
"node": "l",
"frag": "a-bar",
"id": "P386385.l30897",
"ref": "P386385.29.1",
"inst": "abara[sweat]N",
"sig": "@dcclt%sux:a-bar=abara[sweat//sweat]N'N$abara/a-bar#~",
"f": {"lang": "sux",
"form": "a-bar",
"cf": "abara",
"gw": "sweat",
"sense": "sweat",
"norm0": "abara",
"pos": "N",
"epos": "N",
"base": "a-bar",
"morph": "~"}
}
,
{
"node": "l",
"frag": "kur₂-⸢x⸣",
"id": "P386385.l30898",
"ref": "P386385.29.2",
"inst": "u",
"f": {"lang": "sux",
"form": "kur₂-x",
"pos": "u"}
}
,
{
"node": "d",
"type": "field-end",
"subtype": "wp"}
,
{
"node": "d",
"type": "cell-end"}
,
{
"node": "d",
"type": "cell-start"}
,
{
"node": "d",
"type": "field-start",
"subtype": "eq"}
,
{
"node": "l",
"frag": "[...]",
"id": "P386385.l30899",
"ref": "P386385.29.3",
"inst": "u",
"f": {"lang": "akk",
"form": "x",
"pos": "u"}
}
,
{
"node": "d",
"type": "field-end",
"subtype": "eq"}
,
{
"node": "d",
"type": "cell-end"}
,
{
"node": "d",
"type": "line-start",
"ref": "P386385.30",
"n": "28'",
"label": "o 28'"}
,
{
"node": "d",
"type": "cell-start"}
,
{
"node": "d",
"type": "field-start",
"subtype": "wp"}
,
{
"node": "l",
"frag": "⸢a⸣-bar",
"id": "P386385.l3089a",
"ref": "P386385.30.1",
"inst": "abara[sweat]N",
"sig": "@dcclt%sux:a-bar=abara[sweat//sweat]N'N$abara/a-bar#~",
"f": {"lang": "sux",
"form": "a-bar",
"cf": "abara",
"gw": "sweat",
"sense": "sweat",
"norm0": "abara",
"pos": "N",
"epos": "N",
"base": "a-bar",
"morph": "~"}
}
,
{
"node": "l",
"frag": "ŋa₂-⸢x⸣",
"id": "P386385.l3089b",
"ref": "P386385.30.2",
"inst": "u",
"f": {"lang": "sux",
"form": "ŋa₂-x",
"pos": "u"}
}
,
{
"node": "d",
"type": "field-end",
"subtype": "wp"}
,
{
"node": "d",
"type": "cell-end"}
,
{
"node": "d",
"type": "cell-start"}
,
{
"node": "d",
"type": "field-start",
"subtype": "eq"}
,
{
"node": "l",
"frag": "[...]",
"id": "P386385.l3089c",
"ref": "P386385.30.3",
"inst": "u",
"f": {"lang": "akk",
"form": "x",
"pos": "u"}
}
,
{
"node": "d",
"type": "field-end",
"subtype": "eq"}
,
{
"node": "d",
"type": "cell-end"}
,
{
"node": "d",
"subtype": "reverse",
"type": "surface",
"ref": "P386385.r.31",
"type": "reverse",
"label": "r"}
,
{
"node": "d",
"type": "line-start",
"ref": "P386385.32",
"n": "1",
"label": "r 1"}
,
{
"node": "d",
"type": "cell-start"}
,
{
"node": "d",
"type": "field-start",
"subtype": "wp"}
,
{
"node": "l",
"frag": "a-ra-ah",
"id": "P386385.l3089d",
"ref": "P386385.32.1",
"inst": "arah[storehouse]",
"sig": "@dcclt%sux:a-ra-ah=arah[storehouse//storehouse, granary, storeroom]N'N$arah/a-ra-ah#~",
"f": {"lang": "sux",
"form": "a-ra-ah",
"cf": "arah",
"gw": "storehouse",
"sense": "storehouse, granary, storeroom",
"norm0": "arah",
"pos": "N",
"epos": "N",
"base": "a-ra-ah",
"morph": "~"}
}
,
{
"node": "d",
"type": "field-end",
"subtype": "wp"}
,
{
"node": "d",
"type": "cell-end"}
,
{
"node": "d",
"type": "cell-start"}
,
{
"node": "d",
"type": "field-start",
"subtype": "eq"}
,
{
"node": "d",
"type": "nonw",
"ref": "P386385.32.2",
"lang": "akk",
"type": "surro"}
,
{
"node": "l",
"id": "P386385.l3089e",
"ref": "P386385.32.3",
"inst": "arahhu[storehouse]N$",
"sig": "@dcclt%akk-949:*=arahhu[storehouse//storehouse]N'N$arahhu",
"f": {"lang": "akk-949",
"form": "*",
"cf": "arahhu",
"gw": "storehouse",
"sense": "storehouse",
"norm": "arahhu",
"pos": "N",
"epos": "N"}
}
,
{
"node": "d",
"type": "field-end",
"subtype": "eq"}
,
{
"node": "d",
"type": "cell-end"}
,
{
"node": "d",
"type": "line-start",
"ref": "P386385.33",
"n": "2",
"label": "r 2"}
,
{
"node": "d",
"type": "cell-start"}
,
{
"node": "d",
"type": "field-start",
"subtype": "wp"}
,
{
"node": "l",
"frag": "a-ra-ah",
"id": "P386385.l3089f",
"ref": "P386385.33.1",
"inst": "uhrum[stream]",
"sig": "@dcclt%sux:a-ra-ah=uhrum[stream//stream, wadi]N'N$uhrum/a-ra-ah#~",
"f": {"lang": "sux",
"form": "a-ra-ah",
"cf": "uhrum",
"gw": "stream",
"sense": "stream, wadi",
"norm0": "uhrum",
"pos": "N",
"epos": "N",
"base": "a-ra-ah",
"morph": "~"}
}
,
{
"node": "d",
"type": "field-end",
"subtype": "wp"}
,
{
"node": "d",
"type": "cell-end"}
,
{
"node": "d",
"type": "cell-start"}
,
{
"node": "d",
"type": "field-start",
"subtype": "eq"}
,
{
"node": "l",
"frag": "na-hal-lum",
"id": "P386385.l308a0",
"ref": "P386385.33.2",
"inst": "nahallu[stream]N$nahallum",
"sig": "@dcclt%akk:na-hal-lum=nahallu[stream//stream]N'N$nahallum",
"f": {"lang": "akk",
"form": "na-hal-lum",
"cf": "nahallu",
"gw": "stream",
"sense": "stream",
"norm": "nahallum",
"pos": "N",
"epos": "N"}
}
,
{
"node": "d",
"type": "field-end",
"subtype": "eq"}
,
{
"node": "d",
"type": "cell-end"}
,
{
"node": "d",
"type": "line-start",
"ref": "P386385.34",
"n": "3",
"label": "r 3"}
,
{
"node": "d",
"type": "cell-start"}
,
{
"node": "d",
"type": "field-start",
"subtype": "wp"}
,
{
"node": "c",
"type": "phrase",
"tag": "phr",
"id": "P386385.U5",
"ref": "P386385.ls00001",
"cdl": [
{
"node": "l",
"frag": "a",
"id": "P386385.l308a1",
"ref": "P386385.34.1",
"inst": "a[water]",
"sig": "@dcclt%sux:a=a[water//water]N'N$a/a#~",
"f": {"lang": "sux",
"form": "a",
"cf": "a",
"gw": "water",
"sense": "water",
"norm0": "a",
"pos": "N",
"epos": "N",
"base": "a",
"morph": "~"}
}
,
{
"node": "l",
"frag": "ra-ah",
"id": "P386385.l308a2",
"ref": "P386385.34.2",
"inst": "rah[to beat]",
"sig": "@dcclt%sux:ra-ah=rah[beat//to beat, kill]V/t'V/t$rah/ra-ah#~",
"f": {"lang": "sux",
"form": "ra-ah",
"cf": "rah",
"gw": "beat",
"sense": "to beat, kill",
"norm0": "rah",
"pos": "V/t",
"epos": "V/t",
"base": "ra-ah",
"morph": "~"}
}
]}
,
{
"node": "d",
"type": "field-end",
"subtype": "wp"}
,
{
"node": "d",
"type": "cell-end"}
,
{
"node": "d",
"type": "cell-start"}
,
{
"node": "d",
"type": "field-start",
"subtype": "eq"}
,
{
"node": "l",
"frag": "šu-um-qu₂-tum",
"id": "P386385.l308a3",
"ref": "P386385.34.3",
"inst": "maqātu[fall//beating]V'N$šumqutum",
"sig": "@dcclt%akk:šu-um-qu₂-tum=maqātu[fall//beating]V'N$šumqutum",
"f": {"lang": "akk",
"form": "šu-um-qu₂-tum",
"cf": "maqātu",
"gw": "fall",
"sense": "beating",
"norm": "šumqutum",
"pos": "V",
"epos": "N"}
}
,
{
"node": "d",
"type": "field-end",
"subtype": "eq"}
,
{
"node": "d",
"type": "cell-end"}
,
{
"node": "d",
"type": "line-start",
"ref": "P386385.35",
"n": "4",
"label": "r 4"}
,
{
"node": "d",
"type": "cell-start"}
,
{
"node": "d",
"type": "field-start",
"subtype": "wp"}
,
{
"node": "l",
"frag": "a-ra-ah",
"id": "P386385.l308a4",
"ref": "P386385.35.1",
"inst": "arab[vessel]N",
"sig": "@dcclt%sux:a-ra-ah=arab[vessel//a brewing vessel]N'N$arab/a-ra-ah#~",
"f": {"lang": "sux",
"form": "a-ra-ah",
"cf": "arab",
"gw": "vessel",
"sense": "a brewing vessel",
"norm0": "arab",
"pos": "N",
"epos": "N",
"base": "a-ra-ah",
"morph": "~"}
}
,
{
"node": "d",
"type": "field-end",
"subtype": "wp"}
,
{
"node": "d",
"type": "cell-end"}
,
{
"node": "d",
"type": "cell-start"}
,
{
"node": "d",
"type": "field-start",
"subtype": "eq"}
,
{
"node": "l",
"frag": "ne-le-ep-tum",
"id": "P386385.l308a5",
"ref": "P386385.35.2",
"inst": "nēlepu[a brewing vessel]N$nēleptum",
"sig": "@dcclt%akk:ne-le-ep-tum=nēlepu[a brewing vessel//a brewing vessel]N'N$nēleptum",
"f": {"lang": "akk",
"form": "ne-le-ep-tum",
"cf": "nēlepu",
"gw": "a brewing vessel",
"sense": "a brewing vessel",
"norm": "nēleptum",
"pos": "N",
"epos": "N"}
}
,
{
"node": "d",
"type": "field-end",
"subtype": "eq"}
,
{
"node": "d",
"type": "cell-end"}
,
{
"node": "d",
"type": "line-start",
"ref": "P386385.36",
"n": "5",
"label": "r 5"}
,
{
"node": "d",
"type": "cell-start"}
,
{
"node": "d",
"type": "field-start",
"subtype": "wp"}
,
{
"node": "l",
"frag": "a-ra-ab",
"id": "P386385.l308a6",
"ref": "P386385.36.1",
"inst": "arab[vessel]",
"sig": "@dcclt%sux:a-ra-ab=arab[vessel//a brewing vessel]N'N$arab/a-ra-ab#~",
"f": {"lang": "sux",
"form": "a-ra-ab",
"cf": "arab",
"gw": "vessel",
"sense": "a brewing vessel",
"norm0": "arab",
"pos": "N",
"epos": "N",
"base": "a-ra-ab",
"morph": "~"}
}
,
{
"node": "d",
"type": "field-end",
"subtype": "wp"}
,
{
"node": "d",
"type": "cell-end"}
,
{
"node": "d",
"type": "cell-start"}
,
{
"node": "d",
"type": "field-start",
"subtype": "eq"}
,
{
"node": "d",
"type": "nonw",
"ref": "P386385.36.2",
"lang": "akk",
"type": "surro"}
,
{
"node": "l",
"id": "P386385.l308a7",
"ref": "P386385.36.3",
"inst": "arabû[vessel]N$",
"sig": "@dcclt%akk-949:*=arabû[vessel//vessel]N'N$arabû",
"f": {"lang": "akk-949",
"form": "*",
"cf": "arabû",
"gw": "vessel",
"sense": "vessel",
"norm": "arabû",
"pos": "N",
"epos": "N"}
}
,
{
"node": "d",
"type": "field-end",
"subtype": "eq"}
,
{
"node": "d",
"type": "cell-end"}
,
{
"node": "d",
"type": "line-start",
"ref": "P386385.37",
"n": "6",
"label": "r 6"}
,
{
"node": "d",
"type": "cell-start"}
,
{
"node": "d",
"type": "field-start",
"subtype": "wp"}
,
{
"node": "l",
"frag": "a-ra-ab",
"id": "P386385.l308a8",
"ref": "P386385.37.1",
"inst": "arab[vessel]",
"sig": "@dcclt%sux:a-ra-ab=arab[vessel//a brewing vessel]N'N$arab/a-ra-ab#~",
"f": {"lang": "sux",
"form": "a-ra-ab",
"cf": "arab",
"gw": "vessel",
"sense": "a brewing vessel",
"norm0": "arab",
"pos": "N",
"epos": "N",
"base": "a-ra-ab",
"morph": "~"}
}
,
{
"node": "d",
"type": "field-end",
"subtype": "wp"}
,
{
"node": "d",
"type": "cell-end"}
,
{
"node": "d",
"type": "cell-start"}
,
{
"node": "d",
"type": "field-start",
"subtype": "eq"}
,
{
"node": "l",
"frag": "ne-le-ep-tum",
"id": "P386385.l308a9",
"ref": "P386385.37.2",
"inst": "nēleptum[a brewing vessel]N",
"sig": "@dcclt%akk:ne-le-ep-tum=nēlepu[a brewing vessel//a brewing vessel]N'N$nēleptum",
"f": {"lang": "akk",
"form": "ne-le-ep-tum",
"cf": "nēlepu",
"gw": "a brewing vessel",
"sense": "a brewing vessel",
"norm": "nēleptum",
"pos": "N",
"epos": "N"}
}
,
{
"node": "d",
"type": "field-end",
"subtype": "eq"}
,
{
"node": "d",
"type": "cell-end"}
,
{
"node": "d",
"type": "line-start",
"ref": "P386385.38",
"n": "7",
"label": "r 7"}
,
{
"node": "d",
"type": "cell-start"}
,
{
"node": "d",
"type": "field-start",
"subtype": "wp"}
,
{
"node": "l",
"frag": "[a]-ra-ab",
"id": "P386385.l308aa",
"ref": "P386385.38.1",
"inst": "arab[vessel]",
"sig": "@dcclt%sux:a-ra-ab=arab[vessel//a brewing vessel]N'N$arab/a-ra-ab#~",
"f": {"lang": "sux",
"form": "a-ra-ab",
"cf": "arab",
"gw": "vessel",
"sense": "a brewing vessel",
"norm0": "arab",
"pos": "N",
"epos": "N",
"base": "a-ra-ab",
"morph": "~"}
}
,
{
"node": "d",
"type": "field-end",
"subtype": "wp"}
,
{
"node": "d",
"type": "cell-end"}
,
{
"node": "d",
"type": "cell-start"}
,
{
"node": "d",
"type": "field-start",
"subtype": "eq"}
,
{
"node": "l",
"frag": "ra-ab-bu-u₂",
"id": "P386385.l308ab",
"ref": "P386385.38.2",
"inst": "arabû[vessel]N$rabbû",
"sig": "@dcclt%akk:ra-ab-bu-u₂=arabû[vessel//vessel]N'N$rabbû",
"f": {"lang": "akk",
"form": "ra-ab-bu-u₂",
"cf": "arabû",
"gw": "vessel",
"sense": "vessel",
"norm": "rabbû",
"pos": "N",
"epos": "N"}
}
,
{
"node": "d",
"type": "field-end",
"subtype": "eq"}
,
{
"node": "d",
"type": "cell-end"}
,
{
"node": "d",
"type": "line-start",
"ref": "P386385.39",
"n": "8",
"label": "r 8"}
,
{
"node": "d",
"type": "cell-start"}
,
{
"node": "d",
"type": "field-start",
"subtype": "wp"}
,
{
"node": "l",
"frag": "[a]-⸢ra⸣-zu",
"id": "P386385.l308ac",
"ref": "P386385.39.1",
"inst": "arazu[supplication]",
"sig": "@dcclt%sux:a-ra-zu=arazu[supplication//supplication]N'N$arazu/a-ra-zu#~",
"f": {"lang": "sux",
"form": "a-ra-zu",
"cf": "arazu",
"gw": "supplication",
"sense": "supplication",
"norm0": "arazu",
"pos": "N",
"epos": "N",
"base": "a-ra-zu",
"morph": "~"}
}
,
{
"node": "d",
"type": "field-end",
"subtype": "wp"}
,
{
"node": "d",
"type": "cell-end"}
,
{
"node": "d",
"type": "cell-start"}
,
{
"node": "d",
"type": "field-start",
"subtype": "eq"}
,
{
"node": "l",
"frag": "su-up-pu-u₂",
"id": "P386385.l308ad",
"ref": "P386385.39.2",
"inst": "supû[prayer]N$suppû",
"sig": "@dcclt%akk:su-up-pu-u₂=supû[prayer//prayer]N'N$suppû",
"f": {"lang": "akk",
"form": "su-up-pu-u₂",
"cf": "supû",
"gw": "prayer",
"sense": "prayer",
"norm": "suppû",
"pos": "N",
"epos": "N"}
}
,
{
"node": "d",
"type": "field-end",
"subtype": "eq"}
,
{
"node": "d",
"type": "cell-end"}
,
{
"node": "d",
"type": "line-start",
"ref": "P386385.40",
"n": "9",
"label": "r 9"}
,
{
"node": "d",
"type": "cell-start"}
,
{
"node": "d",
"type": "field-start",
"subtype": "wp"}
,
{
"node": "l",
"frag": "[a-ra]-zu",
"id": "P386385.l308ae",
"ref": "P386385.40.1",
"inst": "arazu[supplication]",
"sig": "@dcclt%sux:a-ra-zu=arazu[supplication//supplication]N'N$arazu/a-ra-zu#~",
"f": {"lang": "sux",
"form": "a-ra-zu",
"cf": "arazu",
"gw": "supplication",
"sense": "supplication",
"norm0": "arazu",
"pos": "N",
"epos": "N",
"base": "a-ra-zu",
"morph": "~"}
}
,
{
"node": "d",
"type": "field-end",
"subtype": "wp"}
,
{
"node": "d",
"type": "cell-end"}
,
{
"node": "d",
"type": "cell-start"}
,
{
"node": "d",
"type": "field-start",
"subtype": "eq"}
,
{
"node": "l",
"frag": "te-es₃-li-tum",
"id": "P386385.l308af",
"ref": "P386385.40.2",
"inst": "teslītu[appeal]N$teslītum",
"sig": "@dcclt%akk:te-es₃-li-tum=teslītu[appeal//appeal]N'N$teslītum",
"f": {"lang": "akk",
"form": "te-es₃-li-tum",
"cf": "teslītu",
"gw": "appeal",
"sense": "appeal",
"norm": "teslītum",
"pos": "N",
"epos": "N"}
}
,
{
"node": "d",
"type": "field-end",
"subtype": "eq"}
,
{
"node": "d",
"type": "cell-end"}
,
{
"node": "d",
"type": "line-start",
"ref": "P386385.41",
"n": "10",
"label": "r 10"}
,
{
"node": "d",
"type": "cell-start"}
,
{
"node": "d",
"type": "field-start",
"subtype": "wp"}
,
{
"node": "l",
"frag": "[a-ra]-⸢zu⸣",
"id": "P386385.l308b0",
"ref": "P386385.41.1",
"inst": "arazu[supplication]",
"sig": "@dcclt%sux:a-ra-zu=arazu[supplication//supplication]N'N$arazu/a-ra-zu#~",
"f": {"lang": "sux",
"form": "a-ra-zu",
"cf": "arazu",
"gw": "supplication",
"sense": "supplication",
"norm0": "arazu",
"pos": "N",
"epos": "N",
"base": "a-ra-zu",
"morph": "~"}
}
,
{
"node": "d",
"type": "field-end",
"subtype": "wp"}
,
{
"node": "d",
"type": "cell-end"}
,
{
"node": "d",
"type": "cell-start"}
,
{
"node": "d",
"type": "field-start",
"subtype": "eq"}
,
{
"node": "l",
"frag": "te-me-qum",
"id": "P386385.l308b1",
"ref": "P386385.41.2",
"inst": "tēmīqu[(deep) prayer]N$tēmēqum",
"sig": "@dcclt%akk:te-me-qum=tēmīqu[(deep) prayer//(deep) prayer]N'N$tēmēqum",
"f": {"lang": "akk",
"form": "te-me-qum",
"cf": "tēmīqu",
"gw": "(deep) prayer",
"sense": "(deep) prayer",
"norm": "tēmēqum",
"pos": "N",
"epos": "N"}
}
,
{
"node": "d",
"type": "field-end",
"subtype": "eq"}
,
{
"node": "d",
"type": "cell-end"}
,
{
"node": "d",
"type": "line-start",
"ref": "P386385.42",
"n": "11",
"label": "r 11"}
,
{
"node": "d",
"type": "cell-start"}
,
{
"node": "d",
"type": "field-start",
"subtype": "wp"}
,
{
"node": "l",
"frag": "[...]",
"id": "P386385.l308b2",
"ref": "P386385.42.1",
"inst": "u",
"f": {"lang": "sux",
"form": "x",
"pos": "u"}
}
,
{
"node": "d",
"type": "field-end",
"subtype": "wp"}
,
{
"node": "d",
"type": "cell-end"}
,
{
"node": "d",
"type": "cell-start"}
,
{
"node": "d",
"type": "field-start",
"subtype": "eq"}
,
{
"node": "l",
"frag": "⸢A⸣",
"id": "P386385.l308b3",
"ref": "P386385.42.2",
"inst": "u",
"f": {"lang": "akk",
"form": "A",
"pos": "u"}
}
,
{
"node": "l",
"frag": "it-tu-ur-⸢re⸣",
"id": "P386385.l308b4",
"ref": "P386385.42.3",
"inst": "X",
"f": {"lang": "akk",
"form": "it-tu-ur-re",
"pos": "X"}
}
,
{
"node": "d",
"type": "field-end",
"subtype": "eq"}
,
{
"node": "d",
"type": "cell-end"}
,
{
"node": "d",
"type": "line-start",
"ref": "P386385.43",
"n": "12",
"label": "r 12"}
,
{
"node": "d",
"type": "cell-start"}
,
{
"node": "d",
"type": "field-start",
"subtype": "wp"}
,
{
"node": "l",
"frag": "[a-ra-an-gi₄]",
"id": "P386385.l308b5",
"ref": "P386385.43.1",
"inst": "gi[turn]",
"sig": "@dcclt%sux:a-ra-an-gi₄=gi[turn//turn]V/i'V/i$V.ra.n:gi/gi₄#V.ra.n:~",
"f": {"lang": "sux",
"form": "a-ra-an-gi₄",
"cf": "gi",
"gw": "turn",
"sense": "turn",
"norm0": "V.ra.n:gi",
"pos": "V/i",
"epos": "V/i",
"base": "gi₄",
"morph": "V.ra.n:~"}
}
,
{
"node": "d",
"type": "field-end",
"subtype": "wp"}
,
{
"node": "d",
"type": "cell-end"}
,
{
"node": "d",
"type": "cell-start"}
,
{
"node": "d",
"type": "field-start",
"subtype": "eq"}
,
{
"node": "l",
"frag": "[a]-⸢ra⸣-an-gu",
"id": "P386385.l308b6",
"ref": "P386385.43.2",
"inst": "X",
"f": {"lang": "akk",
"form": "a-ra-an-gu",
"pos": "X"}
}
,
{
"node": "d",
"type": "field-end",
"subtype": "eq"}
,
{
"node": "d",
"type": "cell-end"}
,
{
"node": "d",
"type": "line-start",
"ref": "P386385.44",
"n": "13",
"label": "r 13"}
,
{
"node": "d",
"type": "cell-start"}
,
{
"node": "d",
"type": "field-start",
"subtype": "wp"}
,
{
"node": "l",
"frag": "[...]",
"id": "P386385.l308b7",
"ref": "P386385.44.1",
"inst": "u",
"f": {"lang": "sux",
"form": "x",
"pos": "u"}
}
,
{
"node": "d",
"type": "field-end",
"subtype": "wp"}
,
{
"node": "d",
"type": "cell-end"}
,
{
"node": "d",
"type": "cell-start"}
,
{
"node": "d",
"type": "field-start",
"subtype": "eq"}
,
{
"node": "l",
"frag": "[x]-a-an-nu",
"id": "P386385.l308b8",
"ref": "P386385.44.2",
"inst": "u",
"f": {"lang": "akk",
"form": "x-a-an-nu",
"pos": "u"}
}
,
{
"node": "d",
"type": "field-end",
"subtype": "eq"}
,
{
"node": "d",
"type": "cell-end"}
,
{
"node": "d",
"type": "line-start",
"ref": "P386385.45",
"n": "14",
"label": "r 14"}
,
{
"node": "d",
"type": "cell-start"}
,
{
"node": "d",
"type": "field-start",
"subtype": "wp"}
,
{
"node": "l",
"frag": "[...]",
"id": "P386385.l308b9",
"ref": "P386385.45.1",
"inst": "u",
"f": {"lang": "sux",
"form": "x",
"pos": "u"}
}
,
{
"node": "d",
"type": "field-end",
"subtype": "wp"}
,
{
"node": "d",
"type": "cell-end"}
,
{
"node": "d",
"type": "cell-start"}
,
{
"node": "d",
"type": "field-start",
"subtype": "eq"}
,
{
"node": "l",
"frag": "[x]-a-⸢bu⸣",
"id": "P386385.l308ba",
"ref": "P386385.45.2",
"inst": "u",
"f": {"lang": "akk",
"form": "x-a-bu",
"pos": "u"}
}
,
{
"node": "d",
"type": "field-end",
"subtype": "eq"}
,
{
"node": "d",
"type": "cell-end"}
,
{
"node": "d",
"type": "nonx",
"ref": "P386385.46",
"strict": "1",
"extent": "1",
"scope": "line",
"state": "traces"}
]}
]}
]}
,
{
"linkbase": [{
"type": "linkset",
"xlink_title": "a ŋal[help//to help, to assist]V/t'V/t",
"id": "P386385.ls00000",
"xlink_type": "extended",
"xlink_role": "psu",
"sig": "{a₂ ŋal₂ = a[arm]N ŋal[be]V/i += a ŋal[help//to help, to assist]V/t'V/t}::@dcclt%sux:a₂=a[arm//arm]N'N$a/a₂#~++@dcclt%sux:ŋal₂=ŋal[be//be]V/i'V/i$ŋal/ŋal₂#~",
"links": [
{
"type": "link",
"xlink_title": "a",
"xlink_type": "locator",
"xlink_href": "#P386385.l30857",
"xlink_role": "elt"}
,
{
"type": "link",
"xlink_title": "ŋal",
"xlink_type": "locator",
"xlink_href": "#P386385.l30858",
"xlink_role": "elt"}
]}
,
{
"type": "linkset",
"xlink_title": "a rah[drown//to drown]V/t'V/t",
"id": "P386385.ls00001",
"xlink_type": "extended",
"xlink_role": "psu",
"sig": "{a ra-ah = a[water]N rah[beat]V/t += a rah[drown//to drown]V/t'V/t}::@dcclt%sux:a=a[water//water]N'N$a/a#~++@dcclt%sux:ra-ah=rah[beat//to beat, kill]V/t'V/t$rah/ra-ah#~",
"links": [
{
"type": "link",
"xlink_title": "a",
"xlink_type": "locator",
"xlink_href": "#P386385.l308a1",
"xlink_role": "elt"}
,
{
"type": "link",
"xlink_title": "rah",
"xlink_type": "locator",
"xlink_href": "#P386385.l308a2",
"xlink_role": "elt"}
]}
]}
]}
