{
"type": "cdl",
  "source": "http://oracc.org/dcclt",
  "license": "This data is released under the CC0 license",
  "license-url": "https://creativecommons.org/publicdomain/zero/1.0/",
  "more-info": "http://oracc.org/doc/opendata/",
  "UTC-timestamp": "2017-05-19T18:27:27",
"project": "dcclt",
"textid": "P387757",
"cdl": [
{
"node": "c",
"type": "text",
"id": "P387757.U0",
"cdl": [
{
"node": "d",
"subtype": "tablet",
"type": "object",
"ref": "P387757.x1164.1",
"type": "tablet",
"label": "x1164"}
,
{
"node": "d",
"subtype": "obverse",
"type": "surface",
"ref": "P387757.o.2",
"type": "obverse",
"label": "o"}
,
{
"node": "c",
"type": "discourse",
"subtype": "body",
"id": "P387757.U1",
"cdl": [
{
"node": "c",
"type": "sentence",
"id": "P387757.U2",
"label": "o 1 - r 21'",
"cdl": [
{
"node": "d",
"type": "line-start",
"ref": "P387757.3",
"n": "1",
"label": "o 1"}
,
{
"node": "d",
"type": "cell-start"}
,
{
"node": "d",
"type": "field-start",
"subtype": "wp"}
,
{
"node": "l",
"frag": "mu",
"id": "P387757.l2862d",
"ref": "P387757.3.1",
"inst": "mu[year]",
"sig": "@dcclt%sux:mu=mu[year//year]N'N$mu/mu#~",
"f": {"lang": "sux",
"form": "mu",
"cf": "mu",
"gw": "year",
"sense": "year",
"norm0": "mu",
"pos": "N",
"epos": "N",
"base": "mu",
"morph": "~"}
}
,
{
"node": "d",
"type": "field-end",
"subtype": "wp"}
,
{
"node": "d",
"type": "cell-end"}
,
{
"node": "d",
"type": "cell-start"}
,
{
"node": "d",
"type": "field-start",
"subtype": "eq"}
,
{
"node": "l",
"frag": "ša-[at-tu]",
"id": "P387757.l2862e",
"ref": "P387757.3.2",
"inst": "šattu[year]N$",
"sig": "@dcclt%akk:ša-at-tu=šattu[year//year]N'N$šattu",
"f": {"lang": "akk",
"form": "ša-at-tu",
"cf": "šattu",
"gw": "year",
"sense": "year",
"norm": "šattu",
"pos": "N",
"epos": "N"}
}
,
{
"node": "d",
"type": "field-end",
"subtype": "eq"}
,
{
"node": "d",
"type": "cell-end"}
,
{
"node": "d",
"type": "line-start",
"ref": "P387757.4",
"n": "2",
"label": "o 2"}
,
{
"node": "d",
"type": "cell-start"}
,
{
"node": "d",
"type": "field-start",
"subtype": "wp"}
,
{
"node": "l",
"frag": "mu",
"id": "P387757.l2862f",
"ref": "P387757.4.1",
"inst": "mu[name]",
"sig": "@dcclt%sux:mu=mu[name//name]N'N$mu/mu#~",
"f": {"lang": "sux",
"form": "mu",
"cf": "mu",
"gw": "name",
"sense": "name",
"norm0": "mu",
"pos": "N",
"epos": "N",
"base": "mu",
"morph": "~"}
}
,
{
"node": "d",
"type": "field-end",
"subtype": "wp"}
,
{
"node": "d",
"type": "cell-end"}
,
{
"node": "d",
"type": "cell-start"}
,
{
"node": "d",
"type": "field-start",
"subtype": "eq"}
,
{
"node": "l",
"frag": "ni-[šu]",
"id": "P387757.l28630",
"ref": "P387757.4.2",
"inst": "nīšu[life//oath]N",
"sig": "@dcclt%akk:ni-šu=nīšu[life//oath]N'N$nīšu",
"f": {"lang": "akk",
"form": "ni-šu",
"cf": "nīšu",
"gw": "life",
"sense": "oath",
"norm": "nīšu",
"pos": "N",
"epos": "N"}
}
,
{
"node": "d",
"type": "field-end",
"subtype": "eq"}
,
{
"node": "d",
"type": "cell-end"}
,
{
"node": "d",
"type": "line-start",
"ref": "P387757.5",
"n": "3",
"label": "o 3"}
,
{
"node": "d",
"type": "cell-start"}
,
{
"node": "d",
"type": "field-start",
"subtype": "wp"}
,
{
"node": "l",
"frag": "mu",
"id": "P387757.l28631",
"ref": "P387757.5.1",
"inst": "mu[name]",
"sig": "@dcclt%sux:mu=mu[name//name]N'N$mu/mu#~",
"f": {"lang": "sux",
"form": "mu",
"cf": "mu",
"gw": "name",
"sense": "name",
"norm0": "mu",
"pos": "N",
"epos": "N",
"base": "mu",
"morph": "~"}
}
,
{
"node": "d",
"type": "field-end",
"subtype": "wp"}
,
{
"node": "d",
"type": "cell-end"}
,
{
"node": "d",
"type": "cell-start"}
,
{
"node": "d",
"type": "field-start",
"subtype": "eq"}
,
{
"node": "l",
"frag": "zi-[ik-ru]",
"id": "P387757.l28632",
"ref": "P387757.5.2",
"inst": "zikru[utterance//name]N$",
"sig": "@dcclt%akk:zi-ik-ru=zikru[utterance//name]N'N$zikru",
"f": {"lang": "akk",
"form": "zi-ik-ru",
"cf": "zikru",
"gw": "utterance",
"sense": "name",
"norm": "zikru",
"pos": "N",
"epos": "N"}
}
,
{
"node": "d",
"type": "field-end",
"subtype": "eq"}
,
{
"node": "d",
"type": "cell-end"}
,
{
"node": "d",
"type": "line-start",
"ref": "P387757.6",
"n": "4",
"label": "o 4"}
,
{
"node": "d",
"type": "cell-start"}
,
{
"node": "d",
"type": "field-start",
"subtype": "wp"}
,
{
"node": "l",
"frag": "mu",
"id": "P387757.l28633",
"ref": "P387757.6.1",
"inst": "mu[name]",
"sig": "@dcclt%sux:mu=mu[name//name]N'N$mu/mu#~",
"f": {"lang": "sux",
"form": "mu",
"cf": "mu",
"gw": "name",
"sense": "name",
"norm0": "mu",
"pos": "N",
"epos": "N",
"base": "mu",
"morph": "~"}
}
,
{
"node": "d",
"type": "field-end",
"subtype": "wp"}
,
{
"node": "d",
"type": "cell-end"}
,
{
"node": "d",
"type": "cell-start"}
,
{
"node": "d",
"type": "field-start",
"subtype": "eq"}
,
{
"node": "l",
"frag": "za-qa-[ru]",
"id": "P387757.l28634",
"ref": "P387757.6.2",
"inst": "zakāru[speak//speaking]V'N$zaqāru",
"sig": "@dcclt%akk:za-qa-ru=zakāru[speak//speaking]V'N$zaqāru",
"f": {"lang": "akk",
"form": "za-qa-ru",
"cf": "zakāru",
"gw": "speak",
"sense": "speaking",
"norm": "zaqāru",
"pos": "V",
"epos": "N"}
}
,
{
"node": "d",
"type": "field-end",
"subtype": "eq"}
,
{
"node": "d",
"type": "cell-end"}
,
{
"node": "d",
"type": "line-start",
"ref": "P387757.7",
"n": "5",
"label": "o 5"}
,
{
"node": "d",
"type": "cell-start"}
,
{
"node": "d",
"type": "field-start",
"subtype": "wp"}
,
{
"node": "l",
"frag": "mu",
"id": "P387757.l28635",
"ref": "P387757.7.1",
"inst": "muš[tree]",
"sig": "@dcclt%sux-x-emesal:mu=muš[tree//tree]N'N$muš/mu#~",
"f": {"lang": "sux-x-emesal",
"form": "mu",
"cf": "muš",
"gw": "tree",
"sense": "tree",
"norm0": "muš",
"pos": "N",
"epos": "N",
"base": "mu",
"morph": "~"}
}
,
{
"node": "d",
"type": "field-end",
"subtype": "wp"}
,
{
"node": "d",
"type": "cell-end"}
,
{
"node": "d",
"type": "cell-start"}
,
{
"node": "d",
"type": "field-start",
"subtype": "eq"}
,
{
"node": "l",
"frag": "iṣ-⸢ṣu₂⸣",
"id": "P387757.l28636",
"ref": "P387757.7.2",
"inst": "iṣu[tree]N$iṣṣu",
"sig": "@dcclt%akk:iṣ-ṣu₂=iṣu[tree//tree]N'N$iṣṣu",
"f": {"lang": "akk",
"form": "iṣ-ṣu₂",
"cf": "iṣu",
"gw": "tree",
"sense": "tree",
"norm": "iṣṣu",
"pos": "N",
"epos": "N"}
}
,
{
"node": "d",
"type": "field-end",
"subtype": "eq"}
,
{
"node": "d",
"type": "cell-end"}
,
{
"node": "d",
"type": "line-start",
"ref": "P387757.8",
"n": "6",
"label": "o 6"}
,
{
"node": "d",
"type": "cell-start"}
,
{
"node": "d",
"type": "field-start",
"subtype": "wp"}
,
{
"node": "l",
"frag": "mu",
"id": "P387757.l28637",
"ref": "P387757.8.1",
"inst": "mu[line]",
"sig": "@dcclt%sux:mu=mu[name//line]N'N$mu/mu#~",
"f": {"lang": "sux",
"form": "mu",
"cf": "mu",
"gw": "name",
"sense": "line",
"norm0": "mu",
"pos": "N",
"epos": "N",
"base": "mu",
"morph": "~"}
}
,
{
"node": "d",
"type": "field-end",
"subtype": "wp"}
,
{
"node": "d",
"type": "cell-end"}
,
{
"node": "d",
"type": "cell-start"}
,
{
"node": "d",
"type": "field-start",
"subtype": "eq"}
,
{
"node": "l",
"frag": "te-er-[tu]",
"id": "P387757.l28638",
"ref": "P387757.8.2",
"inst": "têrtu[instruction]N$",
"sig": "@dcclt%akk:te-er-tu=têrtu[instruction//instruction]N'N$têrtu",
"f": {"lang": "akk",
"form": "te-er-tu",
"cf": "têrtu",
"gw": "instruction",
"sense": "instruction",
"norm": "têrtu",
"pos": "N",
"epos": "N"}
}
,
{
"node": "d",
"type": "nonw",
"ref": ""}
,
{
"node": "d",
"type": "field-end",
"subtype": "eq"}
,
{
"node": "d",
"type": "cell-end"}
,
{
"node": "d",
"type": "line-start",
"ref": "P387757.9",
"n": "7",
"label": "o 7"}
,
{
"node": "d",
"type": "cell-start"}
,
{
"node": "d",
"type": "field-start",
"subtype": "wp"}
,
{
"node": "l",
"frag": "mu",
"id": "P387757.l28639",
"ref": "P387757.9.1",
"inst": "muš[tree]",
"sig": "@dcclt%sux-x-emesal:mu=muš[tree//tree]N'N$muš/mu#~",
"f": {"lang": "sux-x-emesal",
"form": "mu",
"cf": "muš",
"gw": "tree",
"sense": "tree",
"norm0": "muš",
"pos": "N",
"epos": "N",
"base": "mu",
"morph": "~"}
}
,
{
"node": "d",
"type": "field-end",
"subtype": "wp"}
,
{
"node": "d",
"type": "cell-end"}
,
{
"node": "d",
"type": "cell-start"}
,
{
"node": "d",
"type": "field-start",
"subtype": "eq"}
,
{
"node": "l",
"frag": "ra-⸢bu⸣-[u₂]",
"id": "P387757.l2863a",
"ref": "P387757.9.2",
"inst": "rabû[big]AJ$",
"sig": "@dcclt%akk:ra-bu-u₂=rabû[big//big]AJ'AJ$rabû",
"f": {"lang": "akk",
"form": "ra-bu-u₂",
"cf": "rabû",
"gw": "big",
"sense": "big",
"norm": "rabû",
"pos": "AJ",
"epos": "AJ"}
}
,
{
"node": "d",
"type": "nonw",
"ref": ""}
,
{
"node": "d",
"type": "field-end",
"subtype": "eq"}
,
{
"node": "d",
"type": "cell-end"}
,
{
"node": "d",
"type": "line-start",
"ref": "P387757.10",
"n": "8",
"label": "o 8"}
,
{
"node": "d",
"type": "cell-start"}
,
{
"node": "d",
"type": "field-start",
"subtype": "wp"}
,
{
"node": "l",
"frag": "mu",
"id": "P387757.l2863b",
"ref": "P387757.10.1",
"inst": "muš[penis//male]",
"sig": "@dcclt%sux-x-emesal:mu=muš[penis//male]N'N$muš/mu#~",
"f": {"lang": "sux-x-emesal",
"form": "mu",
"cf": "muš",
"gw": "penis",
"sense": "male",
"norm0": "muš",
"pos": "N",
"epos": "N",
"base": "mu",
"morph": "~"}
}
,
{
"node": "d",
"type": "field-end",
"subtype": "wp"}
,
{
"node": "d",
"type": "cell-end"}
,
{
"node": "d",
"type": "cell-start"}
,
{
"node": "d",
"type": "field-start",
"subtype": "eq"}
,
{
"node": "l",
"frag": "zi-⸢ka⸣-[ru]",
"id": "P387757.l2863c",
"ref": "P387757.10.2",
"inst": "zikaru[male]AJ$",
"sig": "@dcclt%akk:zi-ka-ru=zikaru[male//male]AJ'AJ$zikaru",
"f": {"lang": "akk",
"form": "zi-ka-ru",
"cf": "zikaru",
"gw": "male",
"sense": "male",
"norm": "zikaru",
"pos": "AJ",
"epos": "AJ"}
}
,
{
"node": "d",
"type": "field-end",
"subtype": "eq"}
,
{
"node": "d",
"type": "cell-end"}
,
{
"node": "d",
"type": "line-start",
"ref": "P387757.11",
"n": "9",
"label": "o 9"}
,
{
"node": "d",
"type": "cell-start"}
,
{
"node": "d",
"type": "field-start",
"subtype": "wp"}
,
{
"node": "l",
"frag": "mu",
"id": "P387757.l2863d",
"ref": "P387757.11.1",
"inst": "muš[tree]",
"sig": "@dcclt%sux-x-emesal:mu=muš[tree//tree]N'N$muš/mu#~",
"f": {"lang": "sux-x-emesal",
"form": "mu",
"cf": "muš",
"gw": "tree",
"sense": "tree",
"norm0": "muš",
"pos": "N",
"epos": "N",
"base": "mu",
"morph": "~"}
}
,
{
"node": "d",
"type": "field-end",
"subtype": "wp"}
,
{
"node": "d",
"type": "cell-end"}
,
{
"node": "d",
"type": "cell-start"}
,
{
"node": "d",
"type": "field-start",
"subtype": "eq"}
,
{
"node": "l",
"frag": "ša₂-mu-[u₂]",
"id": "P387757.l2863e",
"ref": "P387757.11.2",
"inst": "šamû[heaven]N$",
"sig": "@dcclt%akk:ša₂-mu-u₂=šamû[heaven//heaven]N'N$šamû",
"f": {"lang": "akk",
"form": "ša₂-mu-u₂",
"cf": "šamû",
"gw": "heaven",
"sense": "heaven",
"norm": "šamû",
"pos": "N",
"epos": "N"}
}
,
{
"node": "d",
"type": "nonw",
"ref": ""}
,
{
"node": "d",
"type": "field-end",
"subtype": "eq"}
,
{
"node": "d",
"type": "cell-end"}
,
{
"node": "d",
"type": "line-start",
"ref": "P387757.12",
"n": "10",
"label": "o 10"}
,
{
"node": "d",
"type": "cell-start"}
,
{
"node": "d",
"type": "field-start",
"subtype": "wp"}
,
{
"node": "l",
"frag": "mu",
"id": "P387757.l2863f",
"ref": "P387757.12.1",
"inst": "u",
"f": {"lang": "sux",
"form": "mu",
"pos": "u"}
}
,
{
"node": "d",
"type": "field-end",
"subtype": "wp"}
,
{
"node": "d",
"type": "cell-end"}
,
{
"node": "d",
"type": "cell-start"}
,
{
"node": "d",
"type": "field-start",
"subtype": "eq"}
,
{
"node": "l",
"frag": "na-a-[...]",
"id": "P387757.l28640",
"ref": "P387757.12.2",
"inst": "X",
"f": {"lang": "akk",
"form": "na-a-x",
"pos": "X"}
}
,
{
"node": "d",
"type": "nonw",
"ref": ""}
,
{
"node": "d",
"type": "field-end",
"subtype": "eq"}
,
{
"node": "d",
"type": "cell-end"}
,
{
"node": "d",
"type": "line-start",
"ref": "P387757.13",
"n": "11",
"label": "o 11"}
,
{
"node": "d",
"type": "cell-start"}
,
{
"node": "d",
"type": "field-start",
"subtype": "wp"}
,
{
"node": "l",
"frag": "mu",
"id": "P387757.l28641",
"ref": "P387757.13.1",
"inst": "muš[male]",
"sig": "@dcclt%sux-x-emesal:mu=muš[penis//male]N'N$muš/mu#~",
"f": {"lang": "sux-x-emesal",
"form": "mu",
"cf": "muš",
"gw": "penis",
"sense": "male",
"norm0": "muš",
"pos": "N",
"epos": "N",
"base": "mu",
"morph": "~"}
}
,
{
"node": "d",
"type": "field-end",
"subtype": "wp"}
,
{
"node": "d",
"type": "cell-end"}
,
{
"node": "d",
"type": "cell-start"}
,
{
"node": "d",
"type": "field-start",
"subtype": "eq"}
,
{
"node": "l",
"frag": "eṭ-[lum]",
"id": "P387757.l28642",
"ref": "P387757.13.2",
"inst": "eṭlu[young man]N$eṭlum",
"sig": "@dcclt%akk:eṭ-lum=eṭlu[young man//young man]N'N$eṭlum",
"f": {"lang": "akk",
"form": "eṭ-lum",
"cf": "eṭlu",
"gw": "young man",
"sense": "young man",
"norm": "eṭlum",
"pos": "N",
"epos": "N"}
}
,
{
"node": "d",
"type": "field-end",
"subtype": "eq"}
,
{
"node": "d",
"type": "cell-end"}
,
{
"node": "d",
"type": "nonx",
"ref": "P387757.14",
"strict": "1",
"extent": "1",
"scope": "line",
"state": "ruling"}
,
{
"node": "d",
"type": "line-start",
"ref": "P387757.15",
"n": "12",
"label": "o 12"}
,
{
"node": "d",
"type": "cell-start"}
,
{
"node": "d",
"type": "field-start",
"subtype": "wp"}
,
{
"node": "l",
"frag": "mu-mu",
"id": "P387757.l28643",
"ref": "P387757.15.1",
"inst": "mu[year]",
"sig": "@dcclt%sux:mu-mu=mu[year//year]N'N$mu/mu-mu#~",
"f": {"lang": "sux",
"form": "mu-mu",
"cf": "mu",
"gw": "year",
"sense": "year",
"norm0": "mu",
"pos": "N",
"epos": "N",
"base": "mu-mu",
"morph": "~"}
}
,
{
"node": "d",
"type": "field-end",
"subtype": "wp"}
,
{
"node": "d",
"type": "cell-end"}
,
{
"node": "d",
"type": "cell-start"}
,
{
"node": "d",
"type": "field-start",
"subtype": "eq"}
,
{
"node": "l",
"frag": "šat-[ti-šam]",
"id": "P387757.l28644",
"ref": "P387757.15.2",
"inst": "šattišam[year by year]AV$",
"sig": "@dcclt%akk:šat-ti-šam=šattišam[year by year//year by year]AV'AV$šattišam",
"f": {"lang": "akk",
"form": "šat-ti-šam",
"cf": "šattišam",
"gw": "year by year",
"sense": "year by year",
"norm": "šattišam",
"pos": "AV",
"epos": "AV"}
}
,
{
"node": "d",
"type": "field-end",
"subtype": "eq"}
,
{
"node": "d",
"type": "cell-end"}
,
{
"node": "d",
"type": "line-start",
"ref": "P387757.16",
"n": "13",
"label": "o 13"}
,
{
"node": "d",
"type": "cell-start"}
,
{
"node": "d",
"type": "field-start",
"subtype": "wp"}
,
{
"node": "l",
"frag": "mu-ru-ub",
"id": "P387757.l28645",
"ref": "P387757.16.1",
"inst": "murub[assembly]",
"sig": "@dcclt%sux:mu-ru-ub=murub[assembly//assembly]N'N$murub/mu-ru-ub#~",
"f": {"lang": "sux",
"form": "mu-ru-ub",
"cf": "murub",
"gw": "assembly",
"sense": "assembly",
"norm0": "murub",
"pos": "N",
"epos": "N",
"base": "mu-ru-ub",
"morph": "~"}
}
,
{
"node": "d",
"type": "field-end",
"subtype": "wp"}
,
{
"node": "d",
"type": "cell-end"}
,
{
"node": "d",
"type": "cell-start"}
,
{
"node": "d",
"type": "field-start",
"subtype": "eq"}
,
{
"node": "l",
"frag": "pu-uh-[ru]",
"id": "P387757.l28646",
"ref": "P387757.16.2",
"inst": "puhru[assembly]N$",
"sig": "@dcclt%akk:pu-uh-ru=puhru[assembly//assembly]N'N$puhru",
"f": {"lang": "akk",
"form": "pu-uh-ru",
"cf": "puhru",
"gw": "assembly",
"sense": "assembly",
"norm": "puhru",
"pos": "N",
"epos": "N"}
}
,
{
"node": "d",
"type": "field-end",
"subtype": "eq"}
,
{
"node": "d",
"type": "cell-end"}
,
{
"node": "d",
"type": "line-start",
"ref": "P387757.17",
"n": "14",
"label": "o 14"}
,
{
"node": "d",
"type": "cell-start"}
,
{
"node": "d",
"type": "field-start",
"subtype": "wp"}
,
{
"node": "l",
"frag": "mu-un-DU",
"id": "P387757.l28647",
"ref": "P387757.17.1",
"inst": "mu.DU[delivery]",
"sig": "@dcclt%sux:mu-un-DU=mu.DU[delivery//delivery]N'N$mu.DU/mu-un-DU#~",
"f": {"lang": "sux",
"form": "mu-un-DU",
"cf": "mu.DU",
"gw": "delivery",
"sense": "delivery",
"norm0": "mu.DU",
"pos": "N",
"epos": "N",
"base": "mu-un-DU",
"morph": "~"}
}
,
{
"node": "d",
"type": "field-end",
"subtype": "wp"}
,
{
"node": "d",
"type": "cell-end"}
,
{
"node": "d",
"type": "cell-start"}
,
{
"node": "d",
"type": "field-start",
"subtype": "eq"}
,
{
"node": "l",
"frag": "ma-⸢kur⸣-[ru]",
"id": "P387757.l28648",
"ref": "P387757.17.2",
"inst": "makkūru[property]N$makkurru",
"sig": "@dcclt%akk:ma-kur-ru=makkūru[property//property]N'N$makkurru",
"f": {"lang": "akk",
"form": "ma-kur-ru",
"cf": "makkūru",
"gw": "property",
"sense": "property",
"norm": "makkurru",
"pos": "N",
"epos": "N"}
}
,
{
"node": "d",
"type": "field-end",
"subtype": "eq"}
,
{
"node": "d",
"type": "cell-end"}
,
{
"node": "d",
"type": "line-start",
"ref": "P387757.18",
"n": "15",
"label": "o 15"}
,
{
"node": "d",
"type": "cell-start"}
,
{
"node": "d",
"type": "field-start",
"subtype": "wp"}
,
{
"node": "l",
"frag": "mu-un-DU",
"id": "P387757.l28649",
"ref": "P387757.18.1",
"inst": "mu.DU[delivery]",
"sig": "@dcclt%sux:mu-un-DU=mu.DU[delivery//delivery]N'N$mu.DU/mu-un-DU#~",
"f": {"lang": "sux",
"form": "mu-un-DU",
"cf": "mu.DU",
"gw": "delivery",
"sense": "delivery",
"norm0": "mu.DU",
"pos": "N",
"epos": "N",
"base": "mu-un-DU",
"morph": "~"}
}
,
{
"node": "d",
"type": "field-end",
"subtype": "wp"}
,
{
"node": "d",
"type": "cell-end"}
,
{
"node": "d",
"type": "cell-start"}
,
{
"node": "d",
"type": "field-start",
"subtype": "eq"}
,
{
"node": "l",
"frag": "šu-⸢ru⸣-[ub-tu]",
"id": "P387757.l2864a",
"ref": "P387757.18.2",
"inst": "šūrubtu[bringing in//delivery]N$",
"sig": "@dcclt%akk:šu-ru-ub-tu=šūrubtu[bringing in//delivery]N'N$šūrubtu",
"f": {"lang": "akk",
"form": "šu-ru-ub-tu",
"cf": "šūrubtu",
"gw": "bringing in",
"sense": "delivery",
"norm": "šūrubtu",
"pos": "N",
"epos": "N"}
}
,
{
"node": "d",
"type": "field-end",
"subtype": "eq"}
,
{
"node": "d",
"type": "cell-end"}
,
{
"node": "d",
"type": "line-start",
"ref": "P387757.19",
"n": "16",
"label": "o 16"}
,
{
"node": "d",
"type": "cell-start"}
,
{
"node": "d",
"type": "field-start",
"subtype": "wp"}
,
{
"node": "l",
"frag": "[mu]-⸢un⸣-DU",
"id": "P387757.l2864b",
"ref": "P387757.19.1",
"inst": "mu.DU[delivery]",
"sig": "@dcclt%sux:mu-un-DU=mu.DU[delivery//delivery]N'N$mu.DU/mu-un-DU#~",
"f": {"lang": "sux",
"form": "mu-un-DU",
"cf": "mu.DU",
"gw": "delivery",
"sense": "delivery",
"norm0": "mu.DU",
"pos": "N",
"epos": "N",
"base": "mu-un-DU",
"morph": "~"}
}
,
{
"node": "d",
"type": "field-end",
"subtype": "wp"}
,
{
"node": "d",
"type": "cell-end"}
,
{
"node": "d",
"type": "cell-start"}
,
{
"node": "d",
"type": "field-start",
"subtype": "eq"}
,
{
"node": "l",
"frag": "tak₂-⸢ši⸣-[ru]",
"id": "P387757.l2864c",
"ref": "P387757.19.2",
"inst": "takšīru[repair]N$",
"sig": "@dcclt%akk:tak₂-ši-ru=takšīru[repair//repair]N'N$takšīru",
"f": {"lang": "akk",
"form": "tak₂-ši-ru",
"cf": "takšīru",
"gw": "repair",
"sense": "repair",
"norm": "takšīru",
"pos": "N",
"epos": "N"}
}
,
{
"node": "d",
"type": "field-end",
"subtype": "eq"}
,
{
"node": "d",
"type": "cell-end"}
,
{
"node": "d",
"type": "line-start",
"ref": "P387757.20",
"n": "17",
"label": "o 17"}
,
{
"node": "d",
"type": "cell-start"}
,
{
"node": "d",
"type": "field-start",
"subtype": "wp"}
,
{
"node": "l",
"frag": "[mu-un]-DU",
"id": "P387757.l2864d",
"ref": "P387757.20.1",
"inst": "mu.DU[delivery]",
"sig": "@dcclt%sux:mu-un-DU=mu.DU[delivery//delivery]N'N$mu.DU/mu-un-DU#~",
"f": {"lang": "sux",
"form": "mu-un-DU",
"cf": "mu.DU",
"gw": "delivery",
"sense": "delivery",
"norm0": "mu.DU",
"pos": "N",
"epos": "N",
"base": "mu-un-DU",
"morph": "~"}
}
,
{
"node": "d",
"type": "field-end",
"subtype": "wp"}
,
{
"node": "d",
"type": "cell-end"}
,
{
"node": "d",
"type": "cell-start"}
,
{
"node": "d",
"type": "field-start",
"subtype": "eq"}
,
{
"node": "l",
"frag": "[...]",
"id": "P387757.l2864e",
"ref": "P387757.20.2",
"inst": "u",
"f": {"lang": "akk",
"form": "x",
"pos": "u"}
}
,
{
"node": "d",
"type": "field-end",
"subtype": "eq"}
,
{
"node": "d",
"type": "cell-end"}
,
{
"node": "d",
"type": "line-start",
"ref": "P387757.21",
"n": "18",
"label": "o 18"}
,
{
"node": "d",
"type": "cell-start"}
,
{
"node": "d",
"type": "field-start",
"subtype": "wp"}
,
{
"node": "l",
"frag": "[mu-un]-⸢DU⸣",
"id": "P387757.l2864f",
"ref": "P387757.21.1",
"inst": "mu.DU[delivery]",
"sig": "@dcclt%sux:mu-un-DU=mu.DU[delivery//delivery]N'N$mu.DU/mu-un-DU#~",
"f": {"lang": "sux",
"form": "mu-un-DU",
"cf": "mu.DU",
"gw": "delivery",
"sense": "delivery",
"norm0": "mu.DU",
"pos": "N",
"epos": "N",
"base": "mu-un-DU",
"morph": "~"}
}
,
{
"node": "d",
"type": "field-end",
"subtype": "wp"}
,
{
"node": "d",
"type": "cell-end"}
,
{
"node": "d",
"type": "cell-start"}
,
{
"node": "d",
"type": "field-start",
"subtype": "eq"}
,
{
"node": "l",
"frag": "[...]",
"id": "P387757.l28650",
"ref": "P387757.21.2",
"inst": "u",
"f": {"lang": "akk",
"form": "x",
"pos": "u"}
}
,
{
"node": "d",
"type": "field-end",
"subtype": "eq"}
,
{
"node": "d",
"type": "cell-end"}
,
{
"node": "d",
"type": "nonx",
"ref": "P387757.22",
"strict": "0",
"state": "missing"}
,
{
"node": "d",
"subtype": "reverse",
"type": "surface",
"ref": "P387757.r.23",
"type": "reverse",
"label": "r"}
,
{
"node": "d",
"type": "nonx",
"ref": "P387757.24",
"strict": "0",
"extent": "beginning",
"state": "missing"}
,
{
"node": "d",
"type": "line-start",
"ref": "P387757.25",
"n": "1'",
"label": "r 1'"}
,
{
"node": "d",
"type": "cell-start"}
,
{
"node": "d",
"type": "field-start",
"subtype": "wp"}
,
{
"node": "l",
"frag": "[...]-ŋal₂",
"id": "P387757.l28651",
"ref": "P387757.25.1",
"inst": "u",
"f": {"lang": "sux",
"form": "x-ŋal₂",
"pos": "u"}
}
,
{
"node": "d",
"type": "field-end",
"subtype": "wp"}
,
{
"node": "d",
"type": "cell-end"}
,
{
"node": "d",
"type": "cell-start"}
,
{
"node": "d",
"type": "field-start",
"subtype": "eq"}
,
{
"node": "l",
"frag": "⸢šu⸣-[...]",
"id": "P387757.l28652",
"ref": "P387757.25.2",
"inst": "u",
"f": {"lang": "akk",
"form": "šu-x",
"pos": "u"}
}
,
{
"node": "d",
"type": "field-end",
"subtype": "eq"}
,
{
"node": "d",
"type": "cell-end"}
,
{
"node": "d",
"type": "line-start",
"ref": "P387757.26",
"n": "2'",
"label": "r 2'"}
,
{
"node": "d",
"type": "cell-start"}
,
{
"node": "d",
"type": "field-start",
"subtype": "wp"}
,
{
"node": "l",
"frag": "[a]-⸢PA⸣-aš",
"id": "P387757.l28653",
"ref": "P387757.26.1",
"inst": "ahiaš[quickly]AV",
"sig": "@dcclt%sux:a-PA-aš=ahiaš[quickly//quickly]AV'AV$ahiaš/a-PA-aš#~",
"f": {"lang": "sux",
"form": "a-PA-aš",
"cf": "ahiaš",
"gw": "quickly",
"sense": "quickly",
"norm0": "ahiaš",
"pos": "AV",
"epos": "AV",
"base": "a-PA-aš",
"morph": "~"}
}
,
{
"node": "d",
"type": "field-end",
"subtype": "wp"}
,
{
"node": "d",
"type": "cell-end"}
,
{
"node": "d",
"type": "cell-start"}
,
{
"node": "d",
"type": "field-start",
"subtype": "eq"}
,
{
"node": "l",
"frag": "ṣi-⸢bit",
"id": "P387757.l28654",
"ref": "P387757.26.2",
"inst": "ṣibtu[seizure]N$ṣibit",
"sig": "@dcclt%akk:ṣi-bit=ṣibtu[seizure//seizure]N'N$ṣibit",
"f": {"lang": "akk",
"form": "ṣi-bit",
"cf": "ṣibtu",
"gw": "seizure",
"sense": "seizure",
"norm": "ṣibit",
"pos": "N",
"epos": "N"}
}
,
{
"node": "l",
"frag": "ap⸣-[pi]",
"id": "P387757.l28655",
"ref": "P387757.26.3",
"inst": "appu[nose]N$appi",
"sig": "@dcclt%akk:ap-pi=appu[nose//nose]N'N$appi",
"f": {"lang": "akk",
"form": "ap-pi",
"cf": "appu",
"gw": "nose",
"sense": "nose",
"norm": "appi",
"pos": "N",
"epos": "N"}
}
,
{
"node": "d",
"type": "field-end",
"subtype": "eq"}
,
{
"node": "d",
"type": "cell-end"}
,
{
"node": "d",
"type": "line-start",
"ref": "P387757.27",
"n": "3'",
"label": "r 3'"}
,
{
"node": "d",
"type": "cell-start"}
,
{
"node": "d",
"type": "field-start",
"subtype": "wp"}
,
{
"node": "l",
"frag": "a-PA-aš",
"id": "P387757.l28656",
"ref": "P387757.27.1",
"inst": "ahiaš[quickly]AV",
"sig": "@dcclt%sux:a-PA-aš=ahiaš[quickly//quickly]AV'AV$ahiaš/a-PA-aš#~",
"f": {"lang": "sux",
"form": "a-PA-aš",
"cf": "ahiaš",
"gw": "quickly",
"sense": "quickly",
"norm0": "ahiaš",
"pos": "AV",
"epos": "AV",
"base": "a-PA-aš",
"morph": "~"}
}
,
{
"node": "d",
"type": "field-end",
"subtype": "wp"}
,
{
"node": "d",
"type": "cell-end"}
,
{
"node": "d",
"type": "cell-start"}
,
{
"node": "d",
"type": "field-start",
"subtype": "eq"}
,
{
"node": "l",
"frag": "za-⸢mar⸣",
"id": "P387757.l28657",
"ref": "P387757.27.2",
"inst": "zamar[quickly]AV$",
"sig": "@dcclt%akk:za-mar=zamar[quickly//quickly]AV'AV$zamar",
"f": {"lang": "akk",
"form": "za-mar",
"cf": "zamar",
"gw": "quickly",
"sense": "quickly",
"norm": "zamar",
"pos": "AV",
"epos": "AV"}
}
,
{
"node": "d",
"type": "field-end",
"subtype": "eq"}
,
{
"node": "d",
"type": "cell-end"}
,
{
"node": "d",
"type": "line-start",
"ref": "P387757.28",
"n": "4'",
"label": "r 4'"}
,
{
"node": "d",
"type": "cell-start"}
,
{
"node": "d",
"type": "field-start",
"subtype": "wp"}
,
{
"node": "l",
"frag": "a-PA-aš",
"id": "P387757.l28658",
"ref": "P387757.28.1",
"inst": "ahiaš[quickly]AV",
"sig": "@dcclt%sux:a-PA-aš=ahiaš[quickly//quickly]AV'AV$ahiaš/a-PA-aš#~",
"f": {"lang": "sux",
"form": "a-PA-aš",
"cf": "ahiaš",
"gw": "quickly",
"sense": "quickly",
"norm0": "ahiaš",
"pos": "AV",
"epos": "AV",
"base": "a-PA-aš",
"morph": "~"}
}
,
{
"node": "d",
"type": "field-end",
"subtype": "wp"}
,
{
"node": "d",
"type": "cell-end"}
,
{
"node": "d",
"type": "cell-start"}
,
{
"node": "d",
"type": "field-start",
"subtype": "eq"}
,
{
"node": "l",
"frag": "sur-⸢ru⸣",
"id": "P387757.l28659",
"ref": "P387757.28.2",
"inst": "surri[as soon as]SBJ$surru",
"sig": "@dcclt%akk:sur-ru=surri[as soon as//as soon as]SBJ'SBJ$surru",
"f": {"lang": "akk",
"form": "sur-ru",
"cf": "surri",
"gw": "as soon as",
"sense": "as soon as",
"norm": "surru",
"pos": "SBJ",
"epos": "SBJ"}
}
,
{
"node": "d",
"type": "field-end",
"subtype": "eq"}
,
{
"node": "d",
"type": "cell-end"}
,
{
"node": "d",
"type": "nonx",
"ref": "P387757.29",
"strict": "1",
"extent": "1",
"scope": "line",
"state": "ruling"}
,
{
"node": "d",
"type": "line-start",
"ref": "P387757.30",
"n": "5'",
"label": "r 5'"}
,
{
"node": "d",
"type": "cell-start"}
,
{
"node": "d",
"type": "field-start",
"subtype": "wp"}
,
{
"node": "l",
"frag": "kaskal",
"id": "P387757.l2865a",
"ref": "P387757.30.1",
"inst": "kaskal[way]",
"sig": "@dcclt%sux:kaskal=kaskal[way//way, road]N'N$kaskal/kaskal#~",
"f": {"lang": "sux",
"form": "kaskal",
"cf": "kaskal",
"gw": "way",
"sense": "way, road",
"norm0": "kaskal",
"pos": "N",
"epos": "N",
"base": "kaskal",
"morph": "~"}
}
,
{
"node": "d",
"type": "field-end",
"subtype": "wp"}
,
{
"node": "d",
"type": "cell-end"}
,
{
"node": "d",
"type": "cell-start"}
,
{
"node": "d",
"type": "field-start",
"subtype": "eq"}
,
{
"node": "l",
"frag": "har-ra-⸢nu⸣",
"id": "P387757.l2865b",
"ref": "P387757.30.2",
"inst": "harrānu[path]N$",
"sig": "@dcclt%akk:har-ra-nu=harrānu[way//path]N'N$harrānu",
"f": {"lang": "akk",
"form": "har-ra-nu",
"cf": "harrānu",
"gw": "way",
"sense": "path",
"norm": "harrānu",
"pos": "N",
"epos": "N"}
}
,
{
"node": "d",
"type": "field-end",
"subtype": "eq"}
,
{
"node": "d",
"type": "cell-end"}
,
{
"node": "d",
"type": "line-start",
"ref": "P387757.31",
"n": "6'",
"label": "r 6'"}
,
{
"node": "d",
"type": "cell-start"}
,
{
"node": "d",
"type": "field-start",
"subtype": "wp"}
,
{
"node": "l",
"frag": "kaskal",
"id": "P387757.l2865c",
"ref": "P387757.31.1",
"inst": "kaskal[way]",
"sig": "@dcclt%sux:kaskal=kaskal[way//way, road]N'N$kaskal/kaskal#~",
"f": {"lang": "sux",
"form": "kaskal",
"cf": "kaskal",
"gw": "way",
"sense": "way, road",
"norm0": "kaskal",
"pos": "N",
"epos": "N",
"base": "kaskal",
"morph": "~"}
}
,
{
"node": "l",
"frag": "sud-ra₂",
"id": "P387757.l2865d",
"ref": "P387757.31.2",
"inst": "sud[distant]",
"sig": "@dcclt%sux:sud-ra₂=sud[distant//(to be) distant]V/i'V/i$sud;a/sud+-ra₂=r.a#~;a",
"f": {"lang": "sux",
"form": "sud-ra₂",
"cf": "sud",
"gw": "distant",
"sense": "(to be) distant",
"norm0": "sud;a",
"pos": "V/i",
"epos": "V/i",
"base": "sud",
"cont": "-ra₂=r.a",
"morph": "~;a"}
}
,
{
"node": "d",
"type": "field-end",
"subtype": "wp"}
,
{
"node": "d",
"type": "cell-end"}
,
{
"node": "d",
"type": "cell-start"}
,
{
"node": "d",
"type": "field-start",
"subtype": "eq"}
,
{
"node": "d",
"type": "nonw",
"ref": "P387757.31.3",
"lang": "akk",
"type": "surro"}
,
{
"node": "l",
"id": "P387757.l2865e",
"ref": "P387757.31.4",
"inst": "harrānu[path]N",
"sig": "@dcclt%akk:har-ra-nu=harrānu[way//path]N'N$harrānu",
"f": {"lang": "akk",
"form": "har-ra-nu",
"cf": "harrānu",
"gw": "way",
"sense": "path",
"norm": "harrānu",
"pos": "N",
"epos": "N"}
}
,
{
"node": "l",
"frag": "ru-uq-⸢tu⸣",
"id": "P387757.l2865f",
"ref": "P387757.31.5",
"inst": "rūqu[distant]AJ$rūqtu",
"sig": "@dcclt%akk:ru-uq-tu=rūqu[distant//distant]AJ'AJ$rūqtu",
"f": {"lang": "akk",
"form": "ru-uq-tu",
"cf": "rūqu",
"gw": "distant",
"sense": "distant",
"norm": "rūqtu",
"pos": "AJ",
"epos": "AJ"}
}
,
{
"node": "d",
"type": "field-end",
"subtype": "eq"}
,
{
"node": "d",
"type": "cell-end"}
,
{
"node": "d",
"type": "line-start",
"ref": "P387757.32",
"n": "7'",
"label": "r 7'"}
,
{
"node": "d",
"type": "cell-start"}
,
{
"node": "d",
"type": "field-start",
"subtype": "wp"}
,
{
"node": "l",
"frag": "kaskal",
"id": "P387757.l28660",
"ref": "P387757.32.1",
"inst": "kaskal[way]",
"sig": "@dcclt%sux:kaskal=kaskal[way//way, road]N'N$kaskal/kaskal#~",
"f": {"lang": "sux",
"form": "kaskal",
"cf": "kaskal",
"gw": "way",
"sense": "way, road",
"norm0": "kaskal",
"pos": "N",
"epos": "N",
"base": "kaskal",
"morph": "~"}
}
,
{
"node": "l",
"frag": "sud-ra₂",
"id": "P387757.l28661",
"ref": "P387757.32.2",
"inst": "sud[distant]",
"sig": "@dcclt%sux:sud-ra₂=sud[distant//(to be) distant]V/i'V/i$sud;a/sud+-ra₂=r.a#~;a",
"f": {"lang": "sux",
"form": "sud-ra₂",
"cf": "sud",
"gw": "distant",
"sense": "(to be) distant",
"norm0": "sud;a",
"pos": "V/i",
"epos": "V/i",
"base": "sud",
"cont": "-ra₂=r.a",
"morph": "~;a"}
}
,
{
"node": "d",
"type": "field-end",
"subtype": "wp"}
,
{
"node": "d",
"type": "cell-end"}
,
{
"node": "d",
"type": "cell-start"}
,
{
"node": "d",
"type": "field-start",
"subtype": "eq"}
,
{
"node": "d",
"type": "nonw",
"ref": "P387757.32.3",
"lang": "akk",
"type": "surro"}
,
{
"node": "l",
"id": "P387757.l28662",
"ref": "P387757.32.4",
"inst": "harrānu[path]N",
"sig": "@dcclt%akk:har-ra-nu=harrānu[way//path]N'N$harrānu",
"f": {"lang": "akk",
"form": "har-ra-nu",
"cf": "harrānu",
"gw": "way",
"sense": "path",
"norm": "harrānu",
"pos": "N",
"epos": "N"}
}
,
{
"node": "l",
"frag": "ne₂-su-⸢tu⸣",
"id": "P387757.l28663",
"ref": "P387757.32.5",
"inst": "nesû[far]AJ$nesûtu",
"sig": "@dcclt%akk:ne₂-su-tu=nesû[far//far]AJ'AJ$nesûtu",
"f": {"lang": "akk",
"form": "ne₂-su-tu",
"cf": "nesû",
"gw": "far",
"sense": "far",
"norm": "nesûtu",
"pos": "AJ",
"epos": "AJ"}
}
,
{
"node": "d",
"type": "field-end",
"subtype": "eq"}
,
{
"node": "d",
"type": "cell-end"}
,
{
"node": "d",
"type": "line-start",
"ref": "P387757.33",
"n": "8'",
"label": "r 8'"}
,
{
"node": "d",
"type": "cell-start"}
,
{
"node": "d",
"type": "field-start",
"subtype": "wp"}
,
{
"node": "l",
"frag": "kaskal",
"id": "P387757.l28664",
"ref": "P387757.33.1",
"inst": "kaskal[way]",
"sig": "@dcclt%sux:kaskal=kaskal[way//way, road]N'N$kaskal/kaskal#~",
"f": {"lang": "sux",
"form": "kaskal",
"cf": "kaskal",
"gw": "way",
"sense": "way, road",
"norm0": "kaskal",
"pos": "N",
"epos": "N",
"base": "kaskal",
"morph": "~"}
}
,
{
"node": "l",
"frag": "ki",
"id": "P387757.l28665",
"ref": "P387757.33.2",
"inst": "ki[place]",
"sig": "@dcclt%sux:ki=ki[place//place]N'N$ki/ki#~",
"f": {"lang": "sux",
"form": "ki",
"cf": "ki",
"gw": "place",
"sense": "place",
"norm0": "ki",
"pos": "N",
"epos": "N",
"base": "ki",
"morph": "~"}
}
,
{
"node": "l",
"frag": "bad-ra₂",
"id": "P387757.l28666",
"ref": "P387757.33.3",
"inst": "bad[open]",
"sig": "@dcclt%sux:bad-ra₂=bad[open//to open, undo]V/t'V/t$bad;a/bad+-ra₂=r.a#~;a",
"f": {"lang": "sux",
"form": "bad-ra₂",
"cf": "bad",
"gw": "open",
"sense": "to open, undo",
"norm0": "bad;a",
"pos": "V/t",
"epos": "V/t",
"base": "bad",
"cont": "-ra₂=r.a",
"morph": "~;a"}
}
,
{
"node": "d",
"type": "field-end",
"subtype": "wp"}
,
{
"node": "d",
"type": "cell-end"}
,
{
"node": "d",
"type": "cell-start"}
,
{
"node": "d",
"type": "field-start",
"subtype": "eq"}
,
{
"node": "d",
"type": "nonw",
"ref": "P387757.33.4",
"lang": "akk",
"type": "surro"}
,
{
"node": "l",
"id": "P387757.l28667",
"ref": "P387757.33.5",
"inst": "harrānu[path]N",
"sig": "@dcclt%akk:har-ra-nu=harrānu[way//path]N'N$harrānu",
"f": {"lang": "akk",
"form": "har-ra-nu",
"cf": "harrānu",
"gw": "way",
"sense": "path",
"norm": "harrānu",
"pos": "N",
"epos": "N"}
}
,
{
"node": "d",
"type": "nonw",
"ref": "P387757.33.6",
"lang": "akk",
"type": "surro"}
,
{
"node": "l",
"id": "P387757.l28668",
"ref": "P387757.33.7",
"inst": "rūqtu[distant]AJ",
"sig": "@dcclt%akk:ru-uq-tu=rūqu[distant//distant]AJ'AJ$rūqtu",
"f": {"lang": "akk",
"form": "ru-uq-tu",
"cf": "rūqu",
"gw": "distant",
"sense": "distant",
"norm": "rūqtu",
"pos": "AJ",
"epos": "AJ"}
}
,
{
"node": "d",
"type": "field-end",
"subtype": "eq"}
,
{
"node": "d",
"type": "cell-end"}
,
{
"node": "d",
"type": "line-start",
"ref": "P387757.34",
"n": "9'",
"label": "r 9'"}
,
{
"node": "d",
"type": "cell-start"}
,
{
"node": "d",
"type": "field-start",
"subtype": "wp"}
,
{
"node": "l",
"frag": "kaskal",
"id": "P387757.l28669",
"ref": "P387757.34.1",
"inst": "kaskal[way]",
"sig": "@dcclt%sux:kaskal=kaskal[way//way, road]N'N$kaskal/kaskal#~",
"f": {"lang": "sux",
"form": "kaskal",
"cf": "kaskal",
"gw": "way",
"sense": "way, road",
"norm0": "kaskal",
"pos": "N",
"epos": "N",
"base": "kaskal",
"morph": "~"}
}
,
{
"node": "l",
"frag": "ki",
"id": "P387757.l2866a",
"ref": "P387757.34.2",
"inst": "ki[place]",
"sig": "@dcclt%sux:ki=ki[place//place]N'N$ki/ki#~",
"f": {"lang": "sux",
"form": "ki",
"cf": "ki",
"gw": "place",
"sense": "place",
"norm0": "ki",
"pos": "N",
"epos": "N",
"base": "ki",
"morph": "~"}
}
,
{
"node": "l",
"frag": "bad-ra₂",
"id": "P387757.l2866b",
"ref": "P387757.34.3",
"inst": "bad[open]",
"sig": "@dcclt%sux:bad-ra₂=bad[open//to open, undo]V/t'V/t$bad;a/bad+-ra₂=r.a#~;a",
"f": {"lang": "sux",
"form": "bad-ra₂",
"cf": "bad",
"gw": "open",
"sense": "to open, undo",
"norm0": "bad;a",
"pos": "V/t",
"epos": "V/t",
"base": "bad",
"cont": "-ra₂=r.a",
"morph": "~;a"}
}
,
{
"node": "d",
"type": "field-end",
"subtype": "wp"}
,
{
"node": "d",
"type": "cell-end"}
,
{
"node": "d",
"type": "cell-start"}
,
{
"node": "d",
"type": "field-start",
"subtype": "eq"}
,
{
"node": "d",
"type": "nonw",
"ref": "P387757.34.4",
"lang": "akk",
"type": "surro"}
,
{
"node": "l",
"id": "P387757.l2866c",
"ref": "P387757.34.5",
"inst": "harrānu[path]N",
"sig": "@dcclt%akk:har-ra-nu=harrānu[way//path]N'N$harrānu",
"f": {"lang": "akk",
"form": "har-ra-nu",
"cf": "harrānu",
"gw": "way",
"sense": "path",
"norm": "harrānu",
"pos": "N",
"epos": "N"}
}
,
{
"node": "d",
"type": "nonw",
"ref": "P387757.34.6",
"lang": "akk",
"type": "surro"}
,
{
"node": "l",
"id": "P387757.l2866d",
"ref": "P387757.34.7",
"inst": "nesûtu[far]AJ",
"sig": "@dcclt%akk:ne₂-su-tu=nesû[far//far]AJ'AJ$nesûtu",
"f": {"lang": "akk",
"form": "ne₂-su-tu",
"cf": "nesû",
"gw": "far",
"sense": "far",
"norm": "nesûtu",
"pos": "AJ",
"epos": "AJ"}
}
,
{
"node": "d",
"type": "field-end",
"subtype": "eq"}
,
{
"node": "d",
"type": "cell-end"}
,
{
"node": "d",
"type": "line-start",
"ref": "P387757.35",
"n": "10'",
"label": "r 10'"}
,
{
"node": "d",
"type": "cell-start"}
,
{
"node": "d",
"type": "field-start",
"subtype": "wp"}
,
{
"node": "l",
"frag": "danna(|KASKAL.BU|){{",
"id": "P387757.l2866e",
"ref": "P387757.35.1",
"inst": "dana[unit]",
"sig": "@dcclt%sux:danna(|KASKAL.BU|)=dana[unit//a unit of length, double-hour (distance), double-mile]N'N$dana/danna(|KASKAL.BU|)#~",
"f": {"lang": "sux",
"form": "danna(|KASKAL.BU|)",
"cf": "dana",
"gw": "unit",
"sense": "a unit of length, double-hour (distance), double-mile",
"norm0": "dana",
"pos": "N",
"epos": "N",
"base": "danna(|KASKAL.BU|)",
"morph": "~"}
}
,
{
"node": "l",
"frag": "da-an-na }}",
"id": "P387757.l2866f",
"ref": "P387757.35.2",
"inst": "u",
"f": {"lang": "sux",
"form": "da-an-na",
"pos": "u"}
}
,
{
"node": "d",
"type": "field-end",
"subtype": "wp"}
,
{
"node": "d",
"type": "cell-end"}
,
{
"node": "d",
"type": "cell-start"}
,
{
"node": "d",
"type": "field-start",
"subtype": "eq"}
,
{
"node": "l",
"frag": "be-er",
"id": "P387757.l28670",
"ref": "P387757.35.3",
"inst": "bēru[unit]N$bēr",
"sig": "@dcclt%akk:be-er=bēru[unit//unit]N'N$bēr",
"f": {"lang": "akk",
"form": "be-er",
"cf": "bēru",
"gw": "unit",
"sense": "unit",
"norm": "bēr",
"pos": "N",
"epos": "N"}
}
,
{
"node": "d",
"type": "field-end",
"subtype": "eq"}
,
{
"node": "d",
"type": "cell-end"}
,
{
"node": "d",
"type": "nonx",
"ref": "P387757.36",
"strict": "1",
"extent": "1",
"scope": "line",
"state": "ruling"}
,
{
"node": "d",
"type": "line-start",
"ref": "P387757.37",
"n": "11'",
"label": "r 11'"}
,
{
"node": "d",
"type": "cell-start"}
,
{
"node": "d",
"type": "field-start",
"subtype": "wp"}
,
{
"node": "d",
"frag": "<<GUD>>",
"type": "nonw",
"ref": "P387757.37.1",
"lang": "sux",
"type": "excised",
"gdl_delim": " "}
,
{
"node": "l",
"frag": "gu₄-ud",
"id": "P387757.l28671",
"ref": "P387757.37.2",
"inst": "gud[jump]",
"sig": "@dcclt%sux:gu₄-ud=gud[jump//to jump (on)]V/t'V/t$gud/gu₄-ud#~",
"f": {"lang": "sux",
"form": "gu₄-ud",
"cf": "gud",
"gw": "jump",
"sense": "to jump (on)",
"norm0": "gud",
"pos": "V/t",
"epos": "V/t",
"base": "gu₄-ud",
"morph": "~"}
}
,
{
"node": "d",
"type": "field-end",
"subtype": "wp"}
,
{
"node": "d",
"type": "cell-end"}
,
{
"node": "d",
"type": "cell-start"}
,
{
"node": "d",
"type": "field-start",
"subtype": "eq"}
,
{
"node": "l",
"frag": "ša-ha-a-⸢ṭu⸣",
"id": "P387757.l28672",
"ref": "P387757.37.3",
"inst": "šahāṭu[jump//jumping]V'N$",
"sig": "@dcclt%akk:ša-ha-a-ṭu=šahāṭu[jump//jumping]V'N$šahāṭu",
"f": {"lang": "akk",
"form": "ša-ha-a-ṭu",
"cf": "šahāṭu",
"gw": "jump",
"sense": "jumping",
"norm": "šahāṭu",
"pos": "V",
"epos": "N"}
}
,
{
"node": "d",
"type": "field-end",
"subtype": "eq"}
,
{
"node": "d",
"type": "cell-end"}
,
{
"node": "d",
"type": "line-start",
"ref": "P387757.38",
"n": "12'",
"label": "r 12'"}
,
{
"node": "d",
"type": "cell-start"}
,
{
"node": "d",
"type": "field-start",
"subtype": "wp"}
,
{
"node": "l",
"frag": "gu₄-ud-gu₄-ud",
"id": "P387757.l28673",
"ref": "P387757.38.1",
"inst": "gud[jump]",
"sig": "@dcclt%sux:gu₄-ud-gu₄-ud=gud[jump//to jump (on)]V/t'V/t$gud/gu₄-ud-gu₄-ud#~",
"f": {"lang": "sux",
"form": "gu₄-ud-gu₄-ud",
"cf": "gud",
"gw": "jump",
"sense": "to jump (on)",
"norm0": "gud",
"pos": "V/t",
"epos": "V/t",
"base": "gu₄-ud-gu₄-ud",
"morph": "~"}
}
,
{
"node": "d",
"type": "field-end",
"subtype": "wp"}
,
{
"node": "d",
"type": "cell-end"}
,
{
"node": "d",
"type": "cell-start"}
,
{
"node": "d",
"type": "field-start",
"subtype": "eq"}
,
{
"node": "l",
"frag": "ši-tah-hu-⸢ṭu⸣",
"id": "P387757.l28674",
"ref": "P387757.38.2",
"inst": "šahāṭu[jump//leaping up and down]V'N$šitahhuṭu",
"sig": "@dcclt%akk:ši-tah-hu-ṭu=šahāṭu[jump//leaping up and down]V'N$šitahhuṭu",
"f": {"lang": "akk",
"form": "ši-tah-hu-ṭu",
"cf": "šahāṭu",
"gw": "jump",
"sense": "leaping up and down",
"norm": "šitahhuṭu",
"pos": "V",
"epos": "N"}
}
,
{
"node": "d",
"type": "field-end",
"subtype": "eq"}
,
{
"node": "d",
"type": "cell-end"}
,
{
"node": "d",
"type": "line-start",
"ref": "P387757.39",
"n": "13'",
"label": "r 13'"}
,
{
"node": "d",
"type": "cell-start"}
,
{
"node": "d",
"type": "field-start",
"subtype": "wp"}
,
{
"node": "l",
"frag": "gu₄-ud-us₂",
"id": "P387757.l28675",
"ref": "P387757.39.1",
"inst": "gudus[cowherd]N",
"sig": "@dcclt%sux:gu₄-ud-us₂=gudus[cowherd//cowherd]N'N$gudus/gu₄-ud-us₂#~",
"f": {"lang": "sux",
"form": "gu₄-ud-us₂",
"cf": "gudus",
"gw": "cowherd",
"sense": "cowherd",
"norm0": "gudus",
"pos": "N",
"epos": "N",
"base": "gu₄-ud-us₂",
"morph": "~"}
}
,
{
"node": "d",
"type": "field-end",
"subtype": "wp"}
,
{
"node": "d",
"type": "cell-end"}
,
{
"node": "d",
"type": "cell-start"}
,
{
"node": "d",
"type": "field-start",
"subtype": "eq"}
,
{
"node": "l",
"frag": "re-di",
"id": "P387757.l28676",
"ref": "P387757.39.2",
"inst": "rēdû[soldier//drover]N$rēdi",
"sig": "@dcclt%akk:re-di=rēdû[soldier//drover]N'N$rēdi",
"f": {"lang": "akk",
"form": "re-di",
"cf": "rēdû",
"gw": "soldier",
"sense": "drover",
"norm": "rēdi",
"pos": "N",
"epos": "N"}
}
,
{
"node": "l",
"frag": "al-⸢pi⸣",
"id": "P387757.l28677",
"ref": "P387757.39.3",
"inst": "alpu[bull//ox]N'N$alpi",
"sig": "@dcclt%akk:al-pi=alpu[bull//ox]N'N$alpi",
"f": {"lang": "akk",
"form": "al-pi",
"cf": "alpu",
"gw": "bull",
"sense": "ox",
"norm": "alpi",
"pos": "N",
"epos": "N"}
}
,
{
"node": "d",
"type": "field-end",
"subtype": "eq"}
,
{
"node": "d",
"type": "cell-end"}
,
{
"node": "d",
"type": "line-start",
"ref": "P387757.40",
"n": "14'",
"label": "r 14'"}
,
{
"node": "d",
"type": "cell-start"}
,
{
"node": "d",
"type": "field-start",
"subtype": "wp"}
,
{
"node": "l",
"frag": "gu₄-ud",
"id": "P387757.l28678",
"ref": "P387757.40.1",
"inst": "gud[ox]",
"sig": "@dcclt%sux:gu₄-ud=gud[ox//bull, ox]N'N$gud/gu₄-ud#~",
"f": {"lang": "sux",
"form": "gu₄-ud",
"cf": "gud",
"gw": "ox",
"sense": "bull, ox",
"norm0": "gud",
"pos": "N",
"epos": "N",
"base": "gu₄-ud",
"morph": "~"}
}
,
{
"node": "l",
"frag": "RI",
"id": "P387757.l28679",
"ref": "P387757.40.2",
"inst": "u",
"f": {"lang": "sux",
"form": "RI",
"pos": "u"}
}
,
{
"node": "d",
"type": "field-end",
"subtype": "wp"}
,
{
"node": "d",
"type": "cell-end"}
,
{
"node": "d",
"type": "cell-start"}
,
{
"node": "d",
"type": "field-start",
"subtype": "eq"}
,
{
"node": "l",
"frag": "gi-im-lu",
"id": "P387757.l2867a",
"ref": "P387757.40.3",
"inst": "gimlu[spare (ox)]N$",
"sig": "@dcclt%akk:gi-im-lu=gimlu[spare (ox)//spare (ox)]N'N$gimlu",
"f": {"lang": "akk",
"form": "gi-im-lu",
"cf": "gimlu",
"gw": "spare (ox)",
"sense": "spare (ox)",
"norm": "gimlu",
"pos": "N",
"epos": "N"}
}
,
{
"node": "d",
"type": "nonw",
"ref": ""}
,
{
"node": "d",
"type": "field-end",
"subtype": "eq"}
,
{
"node": "d",
"type": "cell-end"}
,
{
"node": "d",
"type": "line-start",
"ref": "P387757.41",
"n": "15'",
"label": "r 15'"}
,
{
"node": "d",
"type": "cell-start"}
,
{
"node": "d",
"type": "field-start",
"subtype": "wp"}
,
{
"node": "l",
"frag": "gu₄-ud",
"id": "P387757.l2867b",
"ref": "P387757.41.1",
"inst": "gud[ox]",
"sig": "@dcclt%sux:gu₄-ud=gud[ox//bull, ox]N'N$gud/gu₄-ud#~",
"f": {"lang": "sux",
"form": "gu₄-ud",
"cf": "gud",
"gw": "ox",
"sense": "bull, ox",
"norm0": "gud",
"pos": "N",
"epos": "N",
"base": "gu₄-ud",
"morph": "~"}
}
,
{
"node": "l",
"frag": "dirig-ga",
"id": "P387757.l2867c",
"ref": "P387757.41.2",
"inst": "dirig[exceed]",
"sig": "@dcclt%sux:dirig-ga=dirig[exceed//exceed]V/i'V/i$dirig;a/dirig+-ga=g.a#~;a",
"f": {"lang": "sux",
"form": "dirig-ga",
"cf": "dirig",
"gw": "exceed",
"sense": "exceed",
"norm0": "dirig;a",
"pos": "V/i",
"epos": "V/i",
"base": "dirig",
"cont": "-ga=g.a",
"morph": "~;a"}
}
,
{
"node": "d",
"type": "field-end",
"subtype": "wp"}
,
{
"node": "d",
"type": "cell-end"}
,
{
"node": "d",
"type": "cell-start"}
,
{
"node": "d",
"type": "field-start",
"subtype": "eq"}
,
{
"node": "l",
"frag": "at-ta-ru",
"id": "P387757.l2867d",
"ref": "P387757.41.3",
"inst": "wattaru[substitute//reserve ox]N$attaru",
"sig": "@dcclt%akk:at-ta-ru=wattaru[substitute//reserve ox]N'N$attaru",
"f": {"lang": "akk",
"form": "at-ta-ru",
"cf": "wattaru",
"gw": "substitute",
"sense": "reserve ox",
"norm": "attaru",
"pos": "N",
"epos": "N"}
}
,
{
"node": "d",
"type": "field-end",
"subtype": "eq"}
,
{
"node": "d",
"type": "cell-end"}
,
{
"node": "d",
"type": "line-start",
"ref": "P387757.42",
"n": "16'",
"label": "r 16'"}
,
{
"node": "d",
"type": "cell-start"}
,
{
"node": "d",
"type": "field-start",
"subtype": "wp"}
,
{
"node": "l",
"frag": "gu₄-ud",
"id": "P387757.l2867e",
"ref": "P387757.42.1",
"inst": "gud[ox]",
"sig": "@dcclt%sux:gu₄-ud=gud[ox//bull, ox]N'N$gud/gu₄-ud#~",
"f": {"lang": "sux",
"form": "gu₄-ud",
"cf": "gud",
"gw": "ox",
"sense": "bull, ox",
"norm0": "gud",
"pos": "N",
"epos": "N",
"base": "gu₄-ud",
"morph": "~"}
}
,
{
"node": "l",
"frag": "na-gada",
"id": "P387757.l2867f",
"ref": "P387757.42.2",
"inst": "nagada[herdsman]",
"sig": "@dcclt%sux:na-gada=nagada[herdsman//herdsman]N'N$nagada/na-gada#~",
"f": {"lang": "sux",
"form": "na-gada",
"cf": "nagada",
"gw": "herdsman",
"sense": "herdsman",
"norm0": "nagada",
"pos": "N",
"epos": "N",
"base": "na-gada",
"morph": "~"}
}
,
{
"node": "d",
"type": "field-end",
"subtype": "wp"}
,
{
"node": "d",
"type": "cell-end"}
,
{
"node": "d",
"type": "cell-start"}
,
{
"node": "d",
"type": "field-start",
"subtype": "eq"}
,
{
"node": "d",
"type": "nonw",
"ref": "P387757.42.3",
"lang": "akk",
"type": "surro"}
,
{
"node": "l",
"id": "P387757.l28680",
"ref": "P387757.42.4",
"inst": "guddanagadû[ox-herd]N$",
"sig": "@dcclt%akk-949:*=guddanagadû[ox-herd//ox-herd]N'N$guddanagadû",
"f": {"lang": "akk-949",
"form": "*",
"cf": "guddanagadû",
"gw": "ox-herd",
"sense": "ox-herd",
"norm": "guddanagadû",
"pos": "N",
"epos": "N"}
}
,
{
"node": "d",
"type": "field-end",
"subtype": "eq"}
,
{
"node": "d",
"type": "cell-end"}
,
{
"node": "d",
"type": "line-start",
"ref": "P387757.43",
"n": "17'",
"label": "r 17'"}
,
{
"node": "d",
"type": "cell-start"}
,
{
"node": "d",
"type": "field-start",
"subtype": "wp"}
,
{
"node": "l",
"frag": "gu₄-ud",
"id": "P387757.l28681",
"ref": "P387757.43.1",
"inst": "gud[ox]",
"sig": "@dcclt%sux:gu₄-ud=gud[ox//bull, ox]N'N$gud/gu₄-ud#~",
"f": {"lang": "sux",
"form": "gu₄-ud",
"cf": "gud",
"gw": "ox",
"sense": "bull, ox",
"norm0": "gud",
"pos": "N",
"epos": "N",
"base": "gu₄-ud",
"morph": "~"}
}
,
{
"node": "l",
"frag": "na-gada",
"id": "P387757.l28682",
"ref": "P387757.43.2",
"inst": "nagada[herdsman]",
"sig": "@dcclt%sux:na-gada=nagada[herdsman//herdsman]N'N$nagada/na-gada#~",
"f": {"lang": "sux",
"form": "na-gada",
"cf": "nagada",
"gw": "herdsman",
"sense": "herdsman",
"norm0": "nagada",
"pos": "N",
"epos": "N",
"base": "na-gada",
"morph": "~"}
}
,
{
"node": "d",
"type": "field-end",
"subtype": "wp"}
,
{
"node": "d",
"type": "cell-end"}
,
{
"node": "d",
"type": "cell-start"}
,
{
"node": "d",
"type": "field-start",
"subtype": "eq"}
,
{
"node": "l",
"frag": "na-qi-du",
"id": "P387757.l28683",
"ref": "P387757.43.3",
"inst": "nāqidu[stock-breeder//herdsman]N$",
"sig": "@dcclt%akk:na-qi-du=nāqidu[stock-breeder//herdsman]N'N$nāqidu",
"f": {"lang": "akk",
"form": "na-qi-du",
"cf": "nāqidu",
"gw": "stock-breeder",
"sense": "herdsman",
"norm": "nāqidu",
"pos": "N",
"epos": "N"}
}
,
{
"node": "d",
"type": "field-end",
"subtype": "eq"}
,
{
"node": "d",
"type": "cell-end"}
,
{
"node": "d",
"type": "nonx",
"ref": "P387757.44",
"strict": "1",
"extent": "2",
"scope": "line",
"state": "ruling"}
,
{
"node": "d",
"type": "line-start",
"ref": "P387757.45",
"n": "18'",
"label": "r 18'"}
,
{
"node": "d",
"type": "cell-start"}
,
{
"node": "d",
"type": "field-start",
"subtype": "wp"}
,
{
"node": "l",
"frag": "nam",
"id": "P387757.l28684",
"ref": "P387757.45.1",
"inst": "nam[fate]",
"sig": "@dcclt%sux:nam=nam[fate//fate, destiny]N'N$nam/nam#~",
"f": {"lang": "sux",
"form": "nam",
"cf": "nam",
"gw": "fate",
"sense": "fate, destiny",
"norm0": "nam",
"pos": "N",
"epos": "N",
"base": "nam",
"morph": "~"}
}
,
{
"node": "d",
"type": "field-end",
"subtype": "wp"}
,
{
"node": "d",
"type": "cell-end"}
,
{
"node": "d",
"type": "cell-start"}
,
{
"node": "d",
"type": "field-start",
"subtype": "eq"}
,
{
"node": "l",
"frag": "ši-im-tu",
"id": "P387757.l28685",
"ref": "P387757.45.2",
"inst": "šīmtu[fate]N$",
"sig": "@dcclt%akk:ši-im-tu=šīmtu[fate//fate]N'N$šīmtu",
"f": {"lang": "akk",
"form": "ši-im-tu",
"cf": "šīmtu",
"gw": "fate",
"sense": "fate",
"norm": "šīmtu",
"pos": "N",
"epos": "N"}
}
,
{
"node": "d",
"type": "field-end",
"subtype": "eq"}
,
{
"node": "d",
"type": "cell-end"}
,
{
"node": "d",
"type": "line-start",
"ref": "P387757.46",
"n": "19'",
"label": "r 19'"}
,
{
"node": "d",
"type": "cell-start"}
,
{
"node": "l",
"frag": "⸢DUB",
"id": "P387757.l28686",
"ref": "P387757.46.1",
"inst": "ṭuppu[tablet]N$ṭuppi",
"sig": "@dcclt%akk:DUB=ṭuppu[tablet//tablet]N'N$ṭuppi",
"f": {"lang": "akk",
"form": "DUB",
"cf": "ṭuppu",
"gw": "tablet",
"sense": "tablet",
"norm": "ṭuppi",
"pos": "N",
"epos": "N"}
}
,
{
"node": "l",
"frag": "6-KAM₂-MA",
"id": "P387757.l28687",
"ref": "P387757.46.2",
"inst": "n",
"f": {"lang": "akk",
"form": "6-KAM₂-MA",
"pos": "n"}
}
,
{
"node": "l",
"frag": "IZ.GAR₃",
"id": "P387757.l28688",
"ref": "P387757.46.3",
"inst": "iškaru[work assignment//series]N$iškar",
"sig": "@dcclt%akk:IZ.GAR₃=iškaru[work assignment//series]N'N$iškar",
"f": {"lang": "akk",
"form": "IZ.GAR₃",
"cf": "iškaru",
"gw": "work assignment",
"sense": "series",
"norm": "iškar",
"pos": "N",
"epos": "N"}
}
,
{
"node": "l",
"frag": "izi",
"id": "P387757.l28689",
"ref": "P387757.46.4",
"inst": "izi[fire]",
"sig": "@dcclt%sux:izi=izi[fire//fire]N'N$izi/izi#~",
"f": {"lang": "sux",
"form": "izi",
"cf": "izi",
"gw": "fire",
"sense": "fire",
"norm0": "izi",
"pos": "N",
"epos": "N",
"base": "izi",
"morph": "~"}
}
,
{
"node": "l",
"frag": "i-[ša₂-tu]",
"id": "P387757.l2868a",
"ref": "P387757.46.5",
"inst": "išātu[fire]N$",
"sig": "@dcclt%akk:i-ša₂-tu=išātu[fire//fire]N'N$išātu",
"f": {"lang": "akk",
"form": "i-ša₂-tu",
"cf": "išātu",
"gw": "fire",
"sense": "fire",
"norm": "išātu",
"pos": "N",
"epos": "N"}
}
,
{
"node": "d",
"type": "cell-end"}
,
{
"node": "d",
"type": "line-start",
"ref": "P387757.47",
"n": "20'",
"label": "r 20'"}
,
{
"node": "d",
"type": "cell-start"}
,
{
"node": "l",
"frag": "AL.TIL",
"id": "P387757.l2868b",
"ref": "P387757.47.1",
"inst": "qatû[ended//completed]AJ$qati",
"sig": "@dcclt%akk:AL.TIL=qatû[ended//completed]AJ'AJ$qati",
"f": {"lang": "akk",
"form": "AL.TIL",
"cf": "qatû",
"gw": "ended",
"sense": "completed",
"norm": "qati",
"pos": "AJ",
"epos": "AJ"}
}
,
{
"node": "l",
"frag": "IGI.KAR₂",
"id": "P387757.l2868c",
"ref": "P387757.47.2",
"inst": "barû[seen//checked]AJ$bari",
"sig": "@dcclt%akk:IGI.KAR₂=barû[seen//checked]AJ'AJ$bari",
"f": {"lang": "akk",
"form": "IGI.KAR₂",
"cf": "barû",
"gw": "seen",
"sense": "checked",
"norm": "bari",
"pos": "AJ",
"epos": "AJ"}
}
,
{
"node": "l",
"frag": "[...]",
"id": "P387757.l2868d",
"ref": "P387757.47.3",
"inst": "u",
"f": {"lang": "akk",
"form": "x",
"pos": "u"}
}
,
{
"node": "d",
"type": "cell-end"}
,
{
"node": "d",
"type": "line-start",
"ref": "P387757.48",
"n": "21'",
"label": "r 21'"}
,
{
"node": "d",
"type": "cell-start"}
,
{
"node": "l",
"frag": "{m}{d}a-šur-šu-⸢x⸣-[...];",
"id": "P387757.l2868e",
"ref": "P387757.48.1",
"inst": "Aššur-ŠU-X[01]PN$",
"sig": "@dcclt%akk:{m}{d}a-šur-šu-x-x=Aššur-ŠU-X[01//01]PN'PN$Aššur-ŠU-X",
"f": {"lang": "akk",
"form": "{m}{d}a-šur-šu-x-x",
"cf": "Aššur-ŠU-X",
"gw": "01",
"sense": "01",
"norm": "Aššur-ŠU-X",
"pos": "PN",
"epos": "PN"}
}
,
{
"node": "l",
"frag": "IN.[SAR]",
"id": "P387757.l2868f",
"ref": "P387757.48.2",
"inst": "šaṭāru[write]V$išṭur",
"sig": "@dcclt%akk:IN.SAR=šaṭāru[write (down)//write]V'V$išṭur",
"f": {"lang": "akk",
"form": "IN.SAR",
"cf": "šaṭāru",
"gw": "write (down)",
"sense": "write",
"norm": "išṭur",
"pos": "V",
"epos": "V"}
}
,
{
"node": "d",
"type": "nonw",
"ref": ""}
,
{
"node": "d",
"type": "cell-end"}
]}
]}
]}
]}
