{
"type": "cdl",
  "source": "http://oracc.org/dcclt",
  "license": "This data is released under the CC0 license",
  "license-url": "https://creativecommons.org/publicdomain/zero/1.0/",
  "more-info": "http://oracc.org/doc/opendata/",
  "UTC-timestamp": "2017-05-19T18:27:28",
"project": "dcclt",
"textid": "P388335",
"cdl": [
{
"node": "c",
"type": "text",
"id": "P388335.U0",
"cdl": [
{
"node": "d",
"subtype": "tablet",
"type": "object",
"ref": "P388335.x256.1",
"type": "tablet",
"label": "x256"}
,
{
"node": "d",
"subtype": "obverse",
"type": "surface",
"ref": "P388335.o.2",
"type": "obverse",
"label": "o"}
,
{
"node": "c",
"type": "discourse",
"subtype": "body",
"id": "P388335.U1",
"cdl": [
{
"node": "c",
"type": "sentence",
"id": "P388335.U2",
"label": "o 1 - o 3",
"cdl": [
{
"node": "d",
"type": "line-start",
"ref": "P388335.3",
"n": "1",
"label": "o 1"}
,
{
"node": "l",
"frag": "šabra",
"id": "P388335.l10873",
"ref": "P388335.3.1",
"inst": "šabra[administrator]",
"sig": "@dcclt%sux:šabra=šabra[administrator//chief administrator of a temple or other household]N'N$šabra/šabra#~",
"f": {"lang": "sux",
"form": "šabra",
"cf": "šabra",
"gw": "administrator",
"sense": "chief administrator of a temple or other household",
"norm0": "šabra",
"pos": "N",
"epos": "N",
"base": "šabra",
"morph": "~"}
}
,
{
"node": "d",
"type": "line-start",
"ref": "P388335.4",
"n": "2",
"label": "o 2"}
,
{
"node": "l",
"frag": "egir",
"id": "P388335.l10874",
"ref": "P388335.4.1",
"inst": "egir[back]",
"sig": "@dcclt%sux:egir=egir[back//back]N'N$egir/egir#~",
"f": {"lang": "sux",
"form": "egir",
"cf": "egir",
"gw": "back",
"sense": "back",
"norm0": "egir",
"pos": "N",
"epos": "N",
"base": "egir",
"morph": "~"}
}
,
{
"node": "l",
"frag": "šabra",
"id": "P388335.l10875",
"ref": "P388335.4.2",
"inst": "šabra[administrator]",
"sig": "@dcclt%sux:šabra=šabra[administrator//chief administrator of a temple or other household]N'N$šabra/šabra#~",
"f": {"lang": "sux",
"form": "šabra",
"cf": "šabra",
"gw": "administrator",
"sense": "chief administrator of a temple or other household",
"norm0": "šabra",
"pos": "N",
"epos": "N",
"base": "šabra",
"morph": "~"}
}
,
{
"node": "d",
"type": "line-start",
"ref": "P388335.5",
"n": "3",
"label": "o 3"}
,
{
"node": "l",
"frag": "ensi₂",
"id": "P388335.l10876",
"ref": "P388335.5.1",
"inst": "ensik[ruler]",
"sig": "@dcclt%sux:ensi₂=ensik[ruler//ruler]N'N$ensik/ensi₂#~",
"f": {"lang": "sux",
"form": "ensi₂",
"cf": "ensik",
"gw": "ruler",
"sense": "ruler",
"norm0": "ensik",
"pos": "N",
"epos": "N",
"base": "ensi₂",
"morph": "~"}
}
]}
]}
]}
]}
