{
"type": "cdl",
  "source": "http://oracc.org/dcclt",
  "license": "This data is released under the CC0 license",
  "license-url": "https://creativecommons.org/publicdomain/zero/1.0/",
  "more-info": "http://oracc.org/doc/opendata/",
  "UTC-timestamp": "2017-05-19T18:27:29",
"project": "dcclt",
"textid": "P388552",
"cdl": [
{
"node": "c",
"type": "text",
"id": "P388552.U0",
"cdl": [
{
"node": "d",
"type": "object",
"ref": ""}
,
{
"node": "d",
"subtype": "obverse",
"type": "surface",
"ref": "P388552.o.1",
"type": "obverse",
"label": "o"}
,
{
"node": "c",
"type": "discourse",
"subtype": "body",
"id": "P388552.U1",
"cdl": [
{
"node": "c",
"type": "sentence",
"id": "P388552.U2",
"label": "o 1 - o 3",
"cdl": [
{
"node": "d",
"type": "line-start",
"ref": "P388552.2",
"n": "1",
"label": "o 1"}
,
{
"node": "l",
"frag": "UDU-bu{mušen}",
"id": "P388552.l23948",
"ref": "P388552.2.1",
"inst": "arabu[bird]",
"sig": "@dcclt%sux:UDU-bu{mušen}=arabu[bird//a bird]N'N$arabu/UDU-bu{mušen}#~",
"f": {"lang": "sux",
"form": "UDU-bu{mušen}",
"cf": "arabu",
"gw": "bird",
"sense": "a bird",
"norm0": "arabu",
"pos": "N",
"epos": "N",
"base": "UDU-bu{mušen}",
"morph": "~"}
}
,
{
"node": "d",
"type": "line-start",
"ref": "P388552.3",
"n": "2",
"label": "o 2"}
,
{
"node": "l",
"frag": "UD-ša{mušen}",
"id": "P388552.l23949",
"ref": "P388552.3.1",
"inst": "UD.ša[bird]",
"sig": "@dcclt%sux:UD-ša{mušen}=UD.ša[bird//a bird]N'N$UD.ša/UD-ša{mušen}#~",
"f": {"lang": "sux",
"form": "UD-ša{mušen}",
"cf": "UD.ša",
"gw": "bird",
"sense": "a bird",
"norm0": "UD.ša",
"pos": "N",
"epos": "N",
"base": "UD-ša{mušen}",
"morph": "~"}
}
,
{
"node": "d",
"type": "line-start",
"ref": "P388552.4",
"n": "3",
"label": "o 3"}
,
{
"node": "l",
"frag": "TAR{mušen}",
"id": "P388552.l2394a",
"ref": "P388552.4.1",
"inst": "TAR[bird]",
"sig": "@dcclt%sux:TAR{mušen}=TAR[bird//a bird]N'N$TAR/TAR{mušen}#~",
"f": {"lang": "sux",
"form": "TAR{mušen}",
"cf": "TAR",
"gw": "bird",
"sense": "a bird",
"norm0": "TAR",
"pos": "N",
"epos": "N",
"base": "TAR{mušen}",
"morph": "~"}
}
]}
]}
]}
]}
