{
"type": "cdl",
  "source": "http://oracc.org/dcclt",
  "license": "This data is released under the CC0 license",
  "license-url": "https://creativecommons.org/publicdomain/zero/1.0/",
  "more-info": "http://oracc.org/doc/opendata/",
  "UTC-timestamp": "2017-05-19T18:27:28",
"project": "dcclt",
"textid": "P388337",
"cdl": [
{
"node": "c",
"type": "text",
"id": "P388337.U0",
"cdl": [
{
"node": "d",
"type": "object",
"ref": ""}
,
{
"node": "d",
"subtype": "obverse",
"type": "surface",
"ref": "P388337.o.1",
"type": "obverse",
"label": "o"}
,
{
"node": "c",
"type": "discourse",
"subtype": "body",
"id": "P388337.U1",
"cdl": [
{
"node": "c",
"type": "sentence",
"id": "P388337.U2",
"label": "o 1 - r 4",
"cdl": [
{
"node": "d",
"type": "line-start",
"ref": "P388337.2",
"n": "1",
"label": "o 1"}
,
{
"node": "d",
"type": "cell-start"}
,
{
"node": "l",
"frag": "si-si",
"id": "P388337.l1460b",
"ref": "P388337.2.1",
"inst": "si[to fill, load up]V/t",
"sig": "@dcclt%sux:si-si=si[fill//to fill, load up]V/t'V/t$si/si-si#~",
"f": {"lang": "sux",
"form": "si-si",
"cf": "si",
"gw": "fill",
"sense": "to fill, load up",
"norm0": "si",
"pos": "V/t",
"epos": "V/t",
"base": "si-si",
"morph": "~"}
}
,
{
"node": "d",
"type": "cell-end"}
,
{
"node": "d",
"type": "line-start",
"ref": "P388337.3",
"n": "2",
"label": "o 2"}
,
{
"node": "d",
"type": "cell-start"}
,
{
"node": "l",
"frag": "si",
"id": "P388337.l1460c",
"ref": "P388337.3.1",
"inst": "si[horn]N",
"sig": "@dcclt%sux:si=si[horn//horn]N'N$si/si#~",
"f": {"lang": "sux",
"form": "si",
"cf": "si",
"gw": "horn",
"sense": "horn",
"norm0": "si",
"pos": "N",
"epos": "N",
"base": "si",
"morph": "~"}
}
,
{
"node": "l",
"frag": "il₂-la₂",
"id": "P388337.l1460d",
"ref": "P388337.3.2",
"inst": "il[raise]V/t",
"sig": "@dcclt%sux:il₂-la₂=il[raise//raise]V/t'V/t$il;a/il₂+-la₂=l.a#~;a",
"f": {"lang": "sux",
"form": "il₂-la₂",
"cf": "il",
"gw": "raise",
"sense": "raise",
"norm0": "il;a",
"pos": "V/t",
"epos": "V/t",
"base": "il₂",
"cont": "-la₂=l.a",
"morph": "~;a"}
}
,
{
"node": "d",
"type": "cell-end"}
,
{
"node": "d",
"type": "line-start",
"ref": "P388337.4",
"n": "3",
"label": "o 3"}
,
{
"node": "d",
"type": "cell-start"}
,
{
"node": "l",
"frag": "[x]-x-tum",
"id": "P388337.l1460e",
"ref": "P388337.4.1",
"inst": "u",
"f": {"lang": "sux",
"form": "x-x-tum",
"pos": "u"}
}
,
{
"node": "d",
"type": "cell-end"}
,
{
"node": "d",
"subtype": "reverse",
"type": "surface",
"ref": "P388337.r.5",
"type": "reverse",
"label": "r"}
,
{
"node": "d",
"type": "line-start",
"ref": "P388337.6"}
,
{
"node": "d",
"type": "line-start",
"ref": "P388337.6l",
"n": "1",
"label": "r 1"}
,
{
"node": "d",
"type": "cell-start"}
,
{
"node": "l",
"frag": "si(MA₂)-za",
"id": "P388337.l1460f",
"ref": "P388337.6.1",
"inst": "si[finger]N",
"sig": "@dcclt%sux:si-za=si[horn//finger]N'N$si,zu.a/si#~,zu.a",
"f": {"lang": "sux",
"form": "si-za",
"cf": "si",
"gw": "horn",
"sense": "finger",
"norm0": "si,zu.a",
"pos": "N",
"epos": "N",
"base": "si",
"morph": "~,zu.a"}
}
,
{
"node": "l",
"frag": "ib₂-sa₂",
"id": "P388337.l14610",
"ref": "P388337.6.2",
"inst": "sa[to equal, compare, compete, be equal to, rival]V/t",
"sig": "@dcclt%sux:ib₂-sa₂=sa[equal//to equal, compare, compete, be equal to, rival]V/t'V/t$V.b:sa/sa₂#V.b:~",
"f": {"lang": "sux",
"form": "ib₂-sa₂",
"cf": "sa",
"gw": "equal",
"sense": "to equal, compare, compete, be equal to, rival",
"norm0": "V.b:sa",
"pos": "V/t",
"epos": "V/t",
"base": "sa₂",
"morph": "V.b:~"}
}
,
{
"node": "d",
"type": "cell-end"}
,
{
"node": "d",
"type": "line-start",
"ref": ""}
,
{
"node": "l",
"frag": "a-tu-li-ma-nu-um",
"id": "P388337.l14611",
"ref": "P388337.6.1000",
"inst": "atulīmānu[both hands]N$atulīmānum",
"sig": "@dcclt%akk-x-oldbab:a-tu-li-ma-nu-um=atulīmānu[both hands//both hands]N'N$atulīmānum",
"f": {"lang": "akk-x-oldbab",
"form": "a-tu-li-ma-nu-um",
"cf": "atulīmānu",
"gw": "both hands",
"sense": "both hands",
"norm": "atulīmānum",
"pos": "N",
"epos": "N"}
}
,
{
"node": "d",
"type": "line-start",
"ref": "P388337.7",
"n": "2",
"label": "r 2"}
,
{
"node": "d",
"type": "cell-start"}
,
{
"node": "d",
"type": "field-start",
"subtype": "wp"}
,
{
"node": "l",
"frag": "lib₄-lib₄",
"id": "P388337.l14612",
"ref": "P388337.7.1",
"inst": "liblib[plunderer]N",
"sig": "@dcclt%sux:lib₄-lib₄=liblib[plunderer//plunderer]N'N$liblib/lib₄-lib₄#~",
"f": {"lang": "sux",
"form": "lib₄-lib₄",
"cf": "liblib",
"gw": "plunderer",
"sense": "plunderer",
"norm0": "liblib",
"pos": "N",
"epos": "N",
"base": "lib₄-lib₄",
"morph": "~"}
}
,
{
"node": "d",
"type": "field-end",
"subtype": "wp"}
,
{
"node": "d",
"type": "cell-end"}
,
{
"node": "d",
"type": "cell-start"}
,
{
"node": "d",
"type": "field-start",
"subtype": "eq"}
,
{
"node": "l",
"frag": "ša-ra-qum",
"id": "P388337.l14613",
"ref": "P388337.7.2",
"inst": "šarrāqum[thief]N",
"sig": "@dcclt%akk-x-oldbab:ša-ra-qum=šarrāqu[thief//thief]N'N$šarrāqum",
"f": {"lang": "akk-x-oldbab",
"form": "ša-ra-qum",
"cf": "šarrāqu",
"gw": "thief",
"sense": "thief",
"norm": "šarrāqum",
"pos": "N",
"epos": "N"}
}
,
{
"node": "d",
"type": "field-end",
"subtype": "eq"}
,
{
"node": "d",
"type": "cell-end"}
,
{
"node": "d",
"type": "line-start",
"ref": "P388337.8",
"n": "3",
"label": "r 3"}
,
{
"node": "d",
"type": "cell-start"}
,
{
"node": "d",
"type": "field-start",
"subtype": "wp"}
,
{
"node": "l",
"frag": "igi",
"id": "P388337.l14614",
"ref": "P388337.8.1",
"inst": "igi[eye]N",
"sig": "@dcclt%sux:igi=igi[eye//eye]N'N$igi/igi#~",
"f": {"lang": "sux",
"form": "igi",
"cf": "igi",
"gw": "eye",
"sense": "eye",
"norm0": "igi",
"pos": "N",
"epos": "N",
"base": "igi",
"morph": "~"}
}
,
{
"node": "l",
"frag": "ŋar",
"id": "P388337.l14615",
"ref": "P388337.8.2",
"inst": "ŋar[to place on, put on]V/t",
"sig": "@dcclt%sux:ŋar=ŋar[place//to place on, put on]V/t'V/t$ŋar/ŋar#~",
"f": {"lang": "sux",
"form": "ŋar",
"cf": "ŋar",
"gw": "place",
"sense": "to place on, put on",
"norm0": "ŋar",
"pos": "V/t",
"epos": "V/t",
"base": "ŋar",
"morph": "~"}
}
,
{
"node": "d",
"type": "field-end",
"subtype": "wp"}
,
{
"node": "d",
"type": "cell-end"}
,
{
"node": "d",
"type": "cell-start"}
,
{
"node": "d",
"type": "field-start",
"subtype": "eq"}
,
{
"node": "l",
"frag": "ši-it-ha-ru",
"id": "P388337.l14616",
"ref": "P388337.8.3",
"inst": "šitʾāru[variegated//iridescent]AJ'AJ$šithāru",
"sig": "@dcclt%akk-x-oldbab:ši-it-ha-ru=šitʾāru[variegated//iridescent]AJ'AJ$šithāru",
"f": {"lang": "akk-x-oldbab",
"form": "ši-it-ha-ru",
"cf": "šitʾāru",
"gw": "variegated",
"sense": "iridescent",
"norm": "šithāru",
"pos": "AJ",
"epos": "AJ"}
}
,
{
"node": "d",
"type": "nonw",
"ref": ""}
,
{
"node": "d",
"type": "field-end",
"subtype": "eq"}
,
{
"node": "d",
"type": "cell-end"}
,
{
"node": "d",
"type": "line-start",
"ref": "P388337.9",
"n": "4",
"label": "r 4"}
,
{
"node": "d",
"type": "cell-start"}
,
{
"node": "d",
"type": "field-start",
"subtype": "wp"}
,
{
"node": "l",
"frag": "igi",
"id": "P388337.l14617",
"ref": "P388337.9.1",
"inst": "igi[eye]N",
"sig": "@dcclt%sux:igi=igi[eye//eye]N'N$igi/igi#~",
"f": {"lang": "sux",
"form": "igi",
"cf": "igi",
"gw": "eye",
"sense": "eye",
"norm0": "igi",
"pos": "N",
"epos": "N",
"base": "igi",
"morph": "~"}
}
,
{
"node": "l",
"frag": "ze₂-ze₂",
"id": "P388337.l14618",
"ref": "P388337.9.2",
"inst": "zi[to cut, remove]V/t",
"sig": "@dcclt%sux:ze₂-ze₂=zi[cut//to cut, remove]V/t'V/t$zi/ze₂#~",
"f": {"lang": "sux",
"form": "ze₂-ze₂",
"cf": "zi",
"gw": "cut",
"sense": "to cut, remove",
"norm0": "zi",
"pos": "V/t",
"epos": "V/t",
"base": "ze₂",
"morph": "~"}
}
,
{
"node": "d",
"type": "field-end",
"subtype": "wp"}
,
{
"node": "d",
"type": "cell-end"}
,
{
"node": "d",
"type": "cell-start"}
,
{
"node": "d",
"type": "field-start",
"subtype": "eq"}
,
{
"node": "l",
"frag": "ṣu₂-hu-tum",
"id": "P388337.l14619",
"ref": "P388337.9.3",
"inst": "ṣuhhutu[squeezed one//eye condition]N'N$ṣuhhutum",
"sig": "@dcclt%akk-x-oldbab:ṣu₂-hu-tum=ṣuhhutu[squeezed one//eye condition]N'N$ṣuhhutum",
"f": {"lang": "akk-x-oldbab",
"form": "ṣu₂-hu-tum",
"cf": "ṣuhhutu",
"gw": "squeezed one",
"sense": "eye condition",
"norm": "ṣuhhutum",
"pos": "N",
"epos": "N"}
}
,
{
"node": "d",
"type": "field-end",
"subtype": "eq"}
,
{
"node": "d",
"type": "cell-end"}
,
{
"node": "d",
"type": "nonx",
"ref": "P388337.10",
"strict": "0",
"extent": "2",
"scope": "line",
"state": "illegible"}
]}
]}
]}
]}
