{
"type": "cdl",
  "source": "http://oracc.org/dcclt",
  "license": "This data is released under the CC0 license",
  "license-url": "https://creativecommons.org/publicdomain/zero/1.0/",
  "more-info": "http://oracc.org/doc/opendata/",
  "UTC-timestamp": "2017-05-19T18:27:27",
"project": "dcclt",
"textid": "P388232",
"cdl": [
{
"node": "c",
"type": "text",
"id": "P388232.U0",
"cdl": [
{
"node": "d",
"subtype": "tablet",
"type": "object",
"ref": "P388232.x239.1",
"type": "tablet",
"label": "x239"}
,
{
"node": "d",
"subtype": "obverse",
"type": "surface",
"ref": "P388232.o.2",
"type": "obverse",
"label": "o"}
,
{
"node": "c",
"type": "discourse",
"subtype": "body",
"id": "P388232.U1",
"cdl": [
{
"node": "c",
"type": "sentence",
"id": "P388232.U2",
"label": "o 1 - r 17",
"cdl": [
{
"node": "d",
"type": "line-start",
"ref": "P388232.3",
"n": "1",
"label": "o 1"}
,
{
"node": "l",
"frag": "{gi}ma-sa₂-ab",
"id": "P388232.l0f150",
"ref": "P388232.3.1",
"inst": "masab[basket]N",
"sig": "@dcclt%sux:{gi}ma-sa₂-ab=masab[basket//basket]N'N$masab/{gi}ma-sa₂-ab#~",
"f": {"lang": "sux",
"form": "{gi}ma-sa₂-ab",
"cf": "masab",
"gw": "basket",
"sense": "basket",
"norm0": "masab",
"pos": "N",
"epos": "N",
"base": "{gi}ma-sa₂-ab",
"morph": "~"}
}
,
{
"node": "l",
"frag": "ninda",
"id": "P388232.l0f151",
"ref": "P388232.3.2",
"inst": "ninda[bread]N",
"sig": "@dcclt%sux:ninda=ninda[bread//bread]N'N$ninda/ninda#~",
"f": {"lang": "sux",
"form": "ninda",
"cf": "ninda",
"gw": "bread",
"sense": "bread",
"norm0": "ninda",
"pos": "N",
"epos": "N",
"base": "ninda",
"morph": "~"}
}
,
{
"node": "l",
"frag": "gur₄-ra",
"id": "P388232.l0f152",
"ref": "P388232.3.3",
"inst": "gur[(to be) thick]V/i",
"sig": "@dcclt%sux:gur₄-ra=gur[thick//(to be) thick]V/i'V/i$gur;a/gur₄+-ra=r.a#~;a",
"f": {"lang": "sux",
"form": "gur₄-ra",
"cf": "gur",
"gw": "thick",
"sense": "(to be) thick",
"norm0": "gur;a",
"pos": "V/i",
"epos": "V/i",
"base": "gur₄",
"cont": "-ra=r.a",
"morph": "~;a"}
}
,
{
"node": "d",
"type": "line-start",
"ref": "P388232.4",
"n": "2",
"label": "o 2"}
,
{
"node": "l",
"frag": "{gi}ma-sa₂-ab",
"id": "P388232.l0f153",
"ref": "P388232.4.1",
"inst": "masab[basket]N",
"sig": "@dcclt%sux:{gi}ma-sa₂-ab=masab[basket//basket]N'N$masab/{gi}ma-sa₂-ab#~",
"f": {"lang": "sux",
"form": "{gi}ma-sa₂-ab",
"cf": "masab",
"gw": "basket",
"sense": "basket",
"norm0": "masab",
"pos": "N",
"epos": "N",
"base": "{gi}ma-sa₂-ab",
"morph": "~"}
}
,
{
"node": "l",
"frag": "e₂",
"id": "P388232.l0f154",
"ref": "P388232.4.2",
"inst": "e[house]N",
"sig": "@dcclt%sux:e₂=e[house//house]N'N$e/e₂#~",
"f": {"lang": "sux",
"form": "e₂",
"cf": "e",
"gw": "house",
"sense": "house",
"norm0": "e",
"pos": "N",
"epos": "N",
"base": "e₂",
"morph": "~"}
}
,
{
"node": "l",
"frag": "kud-da",
"id": "P388232.l0f155",
"ref": "P388232.4.3",
"inst": "kud[cut]V/t",
"sig": "@dcclt%sux:kud-da=kud[cut//cut]V/t'V/t$kud;a/kud+-da=d.a#~;a",
"f": {"lang": "sux",
"form": "kud-da",
"cf": "kud",
"gw": "cut",
"sense": "cut",
"norm0": "kud;a",
"pos": "V/t",
"epos": "V/t",
"base": "kud",
"cont": "-da=d.a",
"morph": "~;a"}
}
,
{
"node": "d",
"type": "line-start",
"ref": "P388232.5",
"n": "3",
"label": "o 3"}
,
{
"node": "l",
"frag": "{gi}ma-sa₂-ab",
"id": "P388232.l0f156",
"ref": "P388232.5.1",
"inst": "masab[basket]N",
"sig": "@dcclt%sux:{gi}ma-sa₂-ab=masab[basket//basket]N'N$masab/{gi}ma-sa₂-ab#~",
"f": {"lang": "sux",
"form": "{gi}ma-sa₂-ab",
"cf": "masab",
"gw": "basket",
"sense": "basket",
"norm0": "masab",
"pos": "N",
"epos": "N",
"base": "{gi}ma-sa₂-ab",
"morph": "~"}
}
,
{
"node": "l",
"frag": "esir",
"id": "P388232.l0f157",
"ref": "P388232.5.2",
"inst": "esir[bitumen, pitch]N",
"sig": "@dcclt%sux:esir=esir[bitumen//bitumen]N'N$esir/esir#~",
"f": {"lang": "sux",
"form": "esir",
"cf": "esir",
"gw": "bitumen",
"sense": "bitumen",
"norm0": "esir",
"pos": "N",
"epos": "N",
"base": "esir",
"morph": "~"}
}
,
{
"node": "l",
"frag": "šub-ba(MA)",
"id": "P388232.l0f158",
"ref": "P388232.5.3",
"inst": "šub[to fall]V/t",
"sig": "@dcclt%sux:šub-ba=šub[fall//to fall]V/t'V/t$šub;a/šub+-ba=b.a#~;a",
"f": {"lang": "sux",
"form": "šub-ba",
"cf": "šub",
"gw": "fall",
"sense": "to fall",
"norm0": "šub;a",
"pos": "V/t",
"epos": "V/t",
"base": "šub",
"cont": "-ba=b.a",
"morph": "~;a"}
}
,
{
"node": "d",
"type": "line-start",
"ref": "P388232.6",
"n": "4",
"label": "o 4"}
,
{
"node": "l",
"frag": "{gi}ma-an-sim",
"id": "P388232.l0f159",
"ref": "P388232.6.1",
"inst": "mansim[sieve]N",
"sig": "@dcclt%sux:{gi}ma-an-sim=mansim[sieve//sieve]N'N$mansim/{gi}ma-an-sim#~",
"f": {"lang": "sux",
"form": "{gi}ma-an-sim",
"cf": "mansim",
"gw": "sieve",
"sense": "sieve",
"norm0": "mansim",
"pos": "N",
"epos": "N",
"base": "{gi}ma-an-sim",
"morph": "~"}
}
,
{
"node": "d",
"type": "line-start",
"ref": "P388232.7",
"n": "5",
"label": "o 5"}
,
{
"node": "l",
"frag": "{gi}ma-an-sim",
"id": "P388232.l0f15a",
"ref": "P388232.7.1",
"inst": "mansim[sieve]N",
"sig": "@dcclt%sux:{gi}ma-an-sim=mansim[sieve//sieve]N'N$mansim/{gi}ma-an-sim#~",
"f": {"lang": "sux",
"form": "{gi}ma-an-sim",
"cf": "mansim",
"gw": "sieve",
"sense": "sieve",
"norm0": "mansim",
"pos": "N",
"epos": "N",
"base": "{gi}ma-an-sim",
"morph": "~"}
}
,
{
"node": "l",
"frag": "diŋir",
"id": "P388232.l0f15b",
"ref": "P388232.7.2",
"inst": "diŋir[deity]N",
"sig": "@dcclt%sux:diŋir=diŋir[deity//deity]N'N$diŋir/diŋir#~",
"f": {"lang": "sux",
"form": "diŋir",
"cf": "diŋir",
"gw": "deity",
"sense": "deity",
"norm0": "diŋir",
"pos": "N",
"epos": "N",
"base": "diŋir",
"morph": "~"}
}
,
{
"node": "d",
"type": "line-start",
"ref": "P388232.8",
"n": "6",
"label": "o 6"}
,
{
"node": "l",
"frag": "{gi}ma-an-sim",
"id": "P388232.l0f15c",
"ref": "P388232.8.1",
"inst": "mansim[sieve]N",
"sig": "@dcclt%sux:{gi}ma-an-sim=mansim[sieve//sieve]N'N$mansim/{gi}ma-an-sim#~",
"f": {"lang": "sux",
"form": "{gi}ma-an-sim",
"cf": "mansim",
"gw": "sieve",
"sense": "sieve",
"norm0": "mansim",
"pos": "N",
"epos": "N",
"base": "{gi}ma-an-sim",
"morph": "~"}
}
,
{
"node": "c",
"type": "phrase",
"tag": "phr",
"id": "P388232.U4",
"ref": "P388232.ls00000",
"cdl": [
{
"node": "l",
"frag": "šu",
"id": "P388232.l0f15d",
"ref": "P388232.8.2",
"inst": "šu[hand]N",
"sig": "@dcclt%sux:šu=šu[hand//hand]N'N$šu/šu#~",
"f": {"lang": "sux",
"form": "šu",
"cf": "šu",
"gw": "hand",
"sense": "hand",
"norm0": "šu",
"pos": "N",
"epos": "N",
"base": "šu",
"morph": "~"}
}
,
{
"node": "l",
"frag": "⸢ŋal₂⸣",
"id": "P388232.l0f15e",
"ref": "P388232.8.3",
"inst": "ŋal[to have]V/i",
"sig": "@dcclt%sux:ŋal₂=ŋal[be//to have]V/i'V/i$ŋal/ŋal₂#~",
"f": {"lang": "sux",
"form": "ŋal₂",
"cf": "ŋal",
"gw": "be",
"sense": "to have",
"norm0": "ŋal",
"pos": "V/i",
"epos": "V/i",
"base": "ŋal₂",
"morph": "~"}
}
]}
,
{
"node": "d",
"type": "line-start",
"ref": "P388232.9",
"n": "7",
"label": "o 7"}
,
{
"node": "l",
"frag": "{gi}ma-an-sim",
"id": "P388232.l0f15f",
"ref": "P388232.9.1",
"inst": "mansim[sieve]N",
"sig": "@dcclt%sux:{gi}ma-an-sim=mansim[sieve//sieve]N'N$mansim/{gi}ma-an-sim#~",
"f": {"lang": "sux",
"form": "{gi}ma-an-sim",
"cf": "mansim",
"gw": "sieve",
"sense": "sieve",
"norm0": "mansim",
"pos": "N",
"epos": "N",
"base": "{gi}ma-an-sim",
"morph": "~"}
}
,
{
"node": "l",
"frag": "⸢šu",
"id": "P388232.l0f160",
"ref": "P388232.9.2",
"inst": "šu[hand]N",
"sig": "@dcclt%sux:šu=šu[hand//hand]N'N$šu/šu#~",
"f": {"lang": "sux",
"form": "šu",
"cf": "šu",
"gw": "hand",
"sense": "hand",
"norm0": "šu",
"pos": "N",
"epos": "N",
"base": "šu",
"morph": "~"}
}
,
{
"node": "l",
"frag": "x⸣-[x]",
"id": "P388232.l0f161",
"ref": "P388232.9.3",
"inst": "u",
"f": {"lang": "sux",
"form": "x-x",
"pos": "u"}
}
,
{
"node": "d",
"type": "line-start",
"ref": "P388232.10",
"n": "8",
"label": "o 8"}
,
{
"node": "l",
"frag": "{gi}ma-an-sim",
"id": "P388232.l0f162",
"ref": "P388232.10.1",
"inst": "mansim[sieve]N",
"sig": "@dcclt%sux:{gi}ma-an-sim=mansim[sieve//sieve]N'N$mansim/{gi}ma-an-sim#~",
"f": {"lang": "sux",
"form": "{gi}ma-an-sim",
"cf": "mansim",
"gw": "sieve",
"sense": "sieve",
"norm0": "mansim",
"pos": "N",
"epos": "N",
"base": "{gi}ma-an-sim",
"morph": "~"}
}
,
{
"node": "l",
"frag": "⸢niŋ₂-ar₃⸣-[ra]",
"id": "P388232.l0f163",
"ref": "P388232.10.2",
"inst": "u",
"f": {"lang": "sux",
"form": "niŋ₂-ar₃-ra",
"pos": "u"}
}
,
{
"node": "d",
"type": "line-start",
"ref": "P388232.11",
"n": "9",
"label": "o 9"}
,
{
"node": "l",
"frag": "{gi}ma-an-sim",
"id": "P388232.l0f164",
"ref": "P388232.11.1",
"inst": "mansim[sieve]N",
"sig": "@dcclt%sux:{gi}ma-an-sim=mansim[sieve//sieve]N'N$mansim/{gi}ma-an-sim#~",
"f": {"lang": "sux",
"form": "{gi}ma-an-sim",
"cf": "mansim",
"gw": "sieve",
"sense": "sieve",
"norm0": "mansim",
"pos": "N",
"epos": "N",
"base": "{gi}ma-an-sim",
"morph": "~"}
}
,
{
"node": "l",
"frag": "⸢SAR⸣-[x]",
"id": "P388232.l0f165",
"ref": "P388232.11.2",
"inst": "u",
"f": {"lang": "sux",
"form": "SAR-x",
"pos": "u"}
}
,
{
"node": "d",
"type": "line-start",
"ref": "P388232.12",
"n": "10",
"label": "o 10"}
,
{
"node": "l",
"frag": "{gi}HUB₂",
"id": "P388232.l0f166",
"ref": "P388232.12.1",
"inst": "X",
"f": {"lang": "sux",
"form": "{gi}HUB₂",
"pos": "X"}
}
,
{
"node": "l",
"frag": "AN",
"id": "P388232.l0f167",
"ref": "P388232.12.2",
"inst": "X",
"f": {"lang": "sux",
"form": "AN",
"pos": "X"}
}
,
{
"node": "l",
"frag": "⸢x",
"id": "P388232.l0f168",
"ref": "P388232.12.3",
"inst": "u",
"f": {"lang": "sux",
"form": "x",
"pos": "u"}
}
,
{
"node": "l",
"frag": "x",
"id": "P388232.l0f169",
"ref": "P388232.12.4",
"inst": "u",
"f": {"lang": "sux",
"form": "x",
"pos": "u"}
}
,
{
"node": "l",
"frag": "x⸣",
"id": "P388232.l0f16a",
"ref": "P388232.12.5",
"inst": "u",
"f": {"lang": "sux",
"form": "x",
"pos": "u"}
}
,
{
"node": "l",
"frag": "[x]",
"id": "P388232.l0f16b",
"ref": "P388232.12.6",
"inst": "u",
"f": {"lang": "sux",
"form": "x",
"pos": "u"}
}
,
{
"node": "d",
"type": "line-start",
"ref": "P388232.13",
"n": "11",
"label": "o 11"}
,
{
"node": "l",
"frag": "{⸢gi⸣}HUB₂-il₂",
"id": "P388232.l0f16c",
"ref": "P388232.13.1",
"inst": "X",
"f": {"lang": "sux",
"form": "{gi}HUB₂-il₂",
"pos": "X"}
}
,
{
"node": "l",
"frag": "⸢x⸣-[x]",
"id": "P388232.l0f16d",
"ref": "P388232.13.2",
"inst": "u",
"f": {"lang": "sux",
"form": "x-x",
"pos": "u"}
}
,
{
"node": "d",
"type": "line-start",
"ref": "P388232.14",
"n": "12",
"label": "o 12"}
,
{
"node": "l",
"frag": "{gi}HUB₂-il₂",
"id": "P388232.l0f16e",
"ref": "P388232.14.1",
"inst": "X",
"f": {"lang": "sux",
"form": "{gi}HUB₂-il₂",
"pos": "X"}
}
,
{
"node": "l",
"frag": "⸢x⸣-[x]",
"id": "P388232.l0f16f",
"ref": "P388232.14.2",
"inst": "u",
"f": {"lang": "sux",
"form": "x-x",
"pos": "u"}
}
,
{
"node": "d",
"type": "line-start",
"ref": "P388232.15",
"n": "13",
"label": "o 13"}
,
{
"node": "l",
"frag": "{gi}⸢HUB₂-x⸣",
"id": "P388232.l0f170",
"ref": "P388232.15.1",
"inst": "u",
"f": {"lang": "sux",
"form": "{gi}HUB₂-x",
"pos": "u"}
}
,
{
"node": "d",
"type": "line-start",
"ref": "P388232.16",
"n": "14",
"label": "o 14"}
,
{
"node": "l",
"frag": "{gi}hal-zi-⸢ig⸣",
"id": "P388232.l0f171",
"ref": "P388232.16.1",
"inst": "halzig[a container]N",
"sig": "@dcclt%sux:{gi}hal-zi-ig=halzig[container//a container]N'N$halzig/{gi}hal-zi-ig#~",
"f": {"lang": "sux",
"form": "{gi}hal-zi-ig",
"cf": "halzig",
"gw": "container",
"sense": "a container",
"norm0": "halzig",
"pos": "N",
"epos": "N",
"base": "{gi}hal-zi-ig",
"morph": "~"}
}
,
{
"node": "d",
"type": "line-start",
"ref": "P388232.17",
"n": "15",
"label": "o 15"}
,
{
"node": "l",
"frag": "{gi}hal",
"id": "P388232.l0f172",
"ref": "P388232.17.1",
"inst": "hal[a basket]N",
"sig": "@dcclt%sux:{gi}hal=hal[basket//a basket]N'N$hal/{gi}hal#~",
"f": {"lang": "sux",
"form": "{gi}hal",
"cf": "hal",
"gw": "basket",
"sense": "a basket",
"norm0": "hal",
"pos": "N",
"epos": "N",
"base": "{gi}hal",
"morph": "~"}
}
,
{
"node": "l",
"frag": "⸢ku₆⸣",
"id": "P388232.l0f173",
"ref": "P388232.17.2",
"inst": "kud[fish]N",
"sig": "@dcclt%sux:ku₆=kud[fish//fish]N'N$kud/ku₆#~",
"f": {"lang": "sux",
"form": "ku₆",
"cf": "kud",
"gw": "fish",
"sense": "fish",
"norm0": "kud",
"pos": "N",
"epos": "N",
"base": "ku₆",
"morph": "~"}
}
,
{
"node": "d",
"type": "line-start",
"ref": "P388232.18",
"n": "16",
"label": "o 16"}
,
{
"node": "l",
"frag": "{gi}hal",
"id": "P388232.l0f174",
"ref": "P388232.18.1",
"inst": "hal[a basket]N",
"sig": "@dcclt%sux:{gi}hal=hal[basket//a basket]N'N$hal/{gi}hal#~",
"f": {"lang": "sux",
"form": "{gi}hal",
"cf": "hal",
"gw": "basket",
"sense": "a basket",
"norm0": "hal",
"pos": "N",
"epos": "N",
"base": "{gi}hal",
"morph": "~"}
}
,
{
"node": "l",
"frag": "⸢mušen⸣",
"id": "P388232.l0f175",
"ref": "P388232.18.2",
"inst": "mušen[bird]N",
"sig": "@dcclt%sux:mušen=mušen[bird//bird]N'N$mušen/mušen#~",
"f": {"lang": "sux",
"form": "mušen",
"cf": "mušen",
"gw": "bird",
"sense": "bird",
"norm0": "mušen",
"pos": "N",
"epos": "N",
"base": "mušen",
"morph": "~"}
}
,
{
"node": "d",
"type": "line-start",
"ref": "P388232.19",
"n": "17",
"label": "o 17"}
,
{
"node": "l",
"frag": "{gi}⸢hal⸣",
"id": "P388232.l0f176",
"ref": "P388232.19.1",
"inst": "hal[a basket]N",
"sig": "@dcclt%sux:{gi}hal=hal[basket//a basket]N'N$hal/{gi}hal#~",
"f": {"lang": "sux",
"form": "{gi}hal",
"cf": "hal",
"gw": "basket",
"sense": "a basket",
"norm0": "hal",
"pos": "N",
"epos": "N",
"base": "{gi}hal",
"morph": "~"}
}
,
{
"node": "l",
"frag": "gum₂-šu₂-[a]",
"id": "P388232.l0f177",
"ref": "P388232.19.2",
"inst": "guhšu[altar]N",
"sig": "@dcclt%sux:gum₂-šu₂-a=guhšu[altar//altar]N'N$guhšu,ak/gum₂-šu₂#~,ak",
"f": {"lang": "sux",
"form": "gum₂-šu₂-a",
"cf": "guhšu",
"gw": "altar",
"sense": "altar",
"norm0": "guhšu,ak",
"pos": "N",
"epos": "N",
"base": "gum₂-šu₂",
"morph": "~,ak"}
}
,
{
"node": "d",
"type": "line-start",
"ref": "P388232.20",
"n": "18",
"label": "o 18"}
,
{
"node": "l",
"frag": "gi",
"id": "P388232.l0f178",
"ref": "P388232.20.1",
"inst": "gi[reed, cane]N",
"exosig": "@dcclt%sux:gi=gi[thicket//reed thicket]N'N$gi/gi#~",
"f": {"lang": "sux",
"form": "gi",
"cf": "gi",
"gw": "thicket",
"sense": "reed thicket",
"norm0": "gi",
"pos": "N",
"epos": "N",
"base": "gi",
"morph": "~"}
}
,
{
"node": "l",
"frag": "al-dar-⸢ra⸣",
"id": "P388232.l0f179",
"ref": "P388232.20.2",
"inst": "dar[to split, split up]V/t",
"sig": "@dcclt%sux:al-dar-ra=dar[split//to split, split up]V/t'V/t$al:dar;a/dar+-ra=r.a#al:~;a",
"f": {"lang": "sux",
"form": "al-dar-ra",
"cf": "dar",
"gw": "split",
"sense": "to split, split up",
"norm0": "al:dar;a",
"pos": "V/t",
"epos": "V/t",
"base": "dar",
"cont": "-ra=r.a",
"morph": "al:~;a"}
}
,
{
"node": "d",
"subtype": "reverse",
"type": "surface",
"ref": "P388232.r.21",
"type": "reverse",
"label": "r"}
,
{
"node": "d",
"type": "line-start",
"ref": "P388232.22",
"n": "1",
"label": "r 1"}
,
{
"node": "l",
"frag": "{d}nin-gi₄-li₂",
"id": "P388232.l0f17a",
"ref": "P388232.22.1",
"inst": "X",
"f": {"lang": "sux",
"form": "{d}nin-gi₄-li₂",
"pos": "X"}
}
,
{
"node": "d",
"type": "line-start",
"ref": "P388232.23",
"n": "2",
"label": "r 2"}
,
{
"node": "l",
"frag": "{d}nin-ildum₂",
"id": "P388232.l0f17b",
"ref": "P388232.23.1",
"inst": "Ninildumak[1]DN",
"sig": "@dcclt%sux:{d}nin-ildum₂=Ninildumak[1//1]DN'DN$Ninildumak/{d}nin-ildum₂#~",
"f": {"lang": "sux",
"form": "{d}nin-ildum₂",
"cf": "Ninildumak",
"gw": "1",
"sense": "1",
"norm0": "Ninildumak",
"pos": "DN",
"epos": "DN",
"base": "{d}nin-ildum₂",
"morph": "~"}
}
,
{
"node": "d",
"type": "line-start",
"ref": "P388232.24",
"n": "3",
"label": "r 3"}
,
{
"node": "l",
"frag": "{d}nin-girimₓ(|HA@g.TAR.A.DU|)",
"id": "P388232.l0f17c",
"ref": "P388232.24.1",
"inst": "+Ningirim[]DN/{d}nin-girimₓ(|HA@g.TAR.A.DU|)",
"sig": "@dcclt%sux:{d}nin-girimₓ(|HA@g.TAR.A.DU|)=Ningirim[1//1]DN'DN$Ningirim/{d}nin-girimₓ(|HA@g.TAR.A.DU|)#~",
"f": {"lang": "sux",
"form": "{d}nin-girimₓ(|HA@g.TAR.A.DU|)",
"cf": "Ningirim",
"gw": "1",
"sense": "1",
"norm0": "Ningirim",
"pos": "DN",
"epos": "DN",
"base": "{d}nin-girimₓ(|HA@g.TAR.A.DU|)",
"morph": "~"}
}
,
{
"node": "d",
"type": "line-start",
"ref": "P388232.25",
"n": "4",
"label": "r 4"}
,
{
"node": "l",
"frag": "{d}nin-maš",
"id": "P388232.l0f17d",
"ref": "P388232.25.1",
"inst": "Ninmaš[1]DN",
"sig": "@dcclt%sux:{d}nin-maš=Ninmaš[1//1]DN'DN$Ninmaš/{d}nin-maš#~",
"f": {"lang": "sux",
"form": "{d}nin-maš",
"cf": "Ninmaš",
"gw": "1",
"sense": "1",
"norm0": "Ninmaš",
"pos": "DN",
"epos": "DN",
"base": "{d}nin-maš",
"morph": "~"}
}
,
{
"node": "d",
"type": "line-start",
"ref": "P388232.26",
"n": "5",
"label": "r 5"}
,
{
"node": "l",
"frag": "{d}nin-ti",
"id": "P388232.l0f17e",
"ref": "P388232.26.1",
"inst": "Ninti[1]DN",
"sig": "@dcclt%sux:{d}nin-ti=Ninti[1//1]DN'DN$Ninti/{d}nin-ti#~",
"f": {"lang": "sux",
"form": "{d}nin-ti",
"cf": "Ninti",
"gw": "1",
"sense": "1",
"norm0": "Ninti",
"pos": "DN",
"epos": "DN",
"base": "{d}nin-ti",
"morph": "~"}
}
,
{
"node": "d",
"type": "line-start",
"ref": "P388232.27",
"n": "6",
"label": "r 6"}
,
{
"node": "l",
"frag": "{d}nin-kur-ra",
"id": "P388232.l0f17f",
"ref": "P388232.27.1",
"inst": "Ninkurak[1]DN",
"sig": "@dcclt%sux:{d}nin-kur-ra=Ninkurak[1//1]DN'DN$Ninkurak/{d}nin-kur-ra#~",
"f": {"lang": "sux",
"form": "{d}nin-kur-ra",
"cf": "Ninkurak",
"gw": "1",
"sense": "1",
"norm0": "Ninkurak",
"pos": "DN",
"epos": "DN",
"base": "{d}nin-kur-ra",
"morph": "~"}
}
,
{
"node": "d",
"type": "line-start",
"ref": "P388232.28",
"n": "7",
"label": "r 7"}
,
{
"node": "l",
"frag": "{d}nin-gublaga",
"id": "P388232.l0f180",
"ref": "P388232.28.1",
"inst": "Ningublaga[1]DN",
"sig": "@dcclt%sux:{d}nin-gublaga=Ningublaga[1//1]DN'DN$Ningublaga/{d}nin-gublaga#~",
"f": {"lang": "sux",
"form": "{d}nin-gublaga",
"cf": "Ningublaga",
"gw": "1",
"sense": "1",
"norm0": "Ningublaga",
"pos": "DN",
"epos": "DN",
"base": "{d}nin-gublaga",
"morph": "~"}
}
,
{
"node": "d",
"type": "line-start",
"ref": "P388232.29",
"n": "8",
"label": "r 8"}
,
{
"node": "l",
"frag": "{d}⸢nin⸣-U₃-ZI",
"id": "P388232.l0f181",
"ref": "P388232.29.1",
"inst": "X",
"f": {"lang": "sux",
"form": "{d}nin-U₃-ZI",
"pos": "X"}
}
,
{
"node": "d",
"type": "nonw",
"ref": ""}
,
{
"node": "d",
"type": "line-start",
"ref": "P388232.30",
"n": "9",
"label": "r 9"}
,
{
"node": "l",
"frag": "{d}li₉-si₄",
"id": "P388232.l0f182",
"ref": "P388232.30.1",
"inst": "Lisi[1]DN",
"sig": "@dcclt%sux:{d}li₉-si₄=Lisi[1//1]DN'DN$Lisi/{d}li₉-si₄#~",
"f": {"lang": "sux",
"form": "{d}li₉-si₄",
"cf": "Lisi",
"gw": "1",
"sense": "1",
"norm0": "Lisi",
"pos": "DN",
"epos": "DN",
"base": "{d}li₉-si₄",
"morph": "~"}
}
,
{
"node": "d",
"type": "line-start",
"ref": "P388232.31",
"n": "10",
"label": "r 10"}
,
{
"node": "l",
"frag": "{d}nin-sikil-la",
"id": "P388232.l0f183",
"ref": "P388232.31.1",
"inst": "Ninsikila[1]DN",
"sig": "@dcclt%sux:{d}nin-sikil-la=Ninsikila[1//1]DN'DN$Ninsikila/{d}nin-sikil-la#~",
"f": {"lang": "sux",
"form": "{d}nin-sikil-la",
"cf": "Ninsikila",
"gw": "1",
"sense": "1",
"norm0": "Ninsikila",
"pos": "DN",
"epos": "DN",
"base": "{d}nin-sikil-la",
"morph": "~"}
}
,
{
"node": "d",
"type": "line-start",
"ref": "P388232.32",
"n": "11",
"label": "r 11"}
,
{
"node": "l",
"frag": "{d}gibil₆",
"id": "P388232.l0f184",
"ref": "P388232.32.1",
"inst": "Gibil[1]DN",
"sig": "@dcclt%sux:{d}gibil₆=Gibil[1//1]DN'DN$Gibil/{d}gibil₆#~",
"f": {"lang": "sux",
"form": "{d}gibil₆",
"cf": "Gibil",
"gw": "1",
"sense": "1",
"norm0": "Gibil",
"pos": "DN",
"epos": "DN",
"base": "{d}gibil₆",
"morph": "~"}
}
,
{
"node": "d",
"type": "line-start",
"ref": "P388232.33",
"n": "12",
"label": "r 12"}
,
{
"node": "l",
"frag": "{d}nin-urim₂{ki}ma",
"id": "P388232.l0f185",
"ref": "P388232.33.1",
"inst": "Ninurimak[]DN",
"sig": "@dcclt%sux:{d}nin-urim₂{ki}-ma=Ninurimak[1//1]DN'DN$Ninurimak/{d}nin-urim₂{ki}-ma#~",
"f": {"lang": "sux",
"form": "{d}nin-urim₂{ki}-ma",
"cf": "Ninurimak",
"gw": "1",
"sense": "1",
"norm0": "Ninurimak",
"pos": "DN",
"epos": "DN",
"base": "{d}nin-urim₂{ki}-ma",
"morph": "~"}
}
,
{
"node": "d",
"type": "line-start",
"ref": "P388232.34",
"n": "13",
"label": "r 13"}
,
{
"node": "l",
"frag": "{d}ig-alim-ma",
"id": "P388232.l0f186",
"ref": "P388232.34.1",
"inst": "Igalim[1]DN",
"sig": "@dcclt%sux:{d}ig-alim-ma=Igalim[1//1]DN'DN$Igalim,ak/{d}ig-alim+-ma=m.a#~,ak",
"f": {"lang": "sux",
"form": "{d}ig-alim-ma",
"cf": "Igalim",
"gw": "1",
"sense": "1",
"norm0": "Igalim,ak",
"pos": "DN",
"epos": "DN",
"base": "{d}ig-alim",
"cont": "-ma=m.a",
"morph": "~,ak"}
}
,
{
"node": "d",
"type": "line-start",
"ref": "P388232.35",
"n": "14",
"label": "r 14"}
,
{
"node": "l",
"frag": "{d}šul-šag₄-ga-ni",
"id": "P388232.l0f187",
"ref": "P388232.35.1",
"inst": "Šulšagani[]DN",
"sig": "@dcclt%sux:{d}šul-šag₄-ga-ni=Šulšagani[1//1]DN'DN$Šulšagani/{d}šul-šag₄-ga-ni#~",
"f": {"lang": "sux",
"form": "{d}šul-šag₄-ga-ni",
"cf": "Šulšagani",
"gw": "1",
"sense": "1",
"norm0": "Šulšagani",
"pos": "DN",
"epos": "DN",
"base": "{d}šul-šag₄-ga-ni",
"morph": "~"}
}
,
{
"node": "d",
"type": "line-start",
"ref": "P388232.36",
"n": "15",
"label": "r 15"}
,
{
"node": "l",
"frag": "{d}li-lum",
"id": "P388232.l0f188",
"ref": "P388232.36.1",
"inst": "+Lil[]DN$lilum",
"sig": "@dcclt%akk-x-oldbab:{d}li-lum=Lil[1//1]DN'DN$lilum",
"f": {"lang": "akk-x-oldbab",
"form": "{d}li-lum",
"cf": "Lil",
"gw": "1",
"sense": "1",
"norm": "lilum",
"pos": "DN",
"epos": "DN"}
}
,
{
"node": "d",
"type": "line-start",
"ref": "P388232.37",
"n": "16",
"label": "r 16"}
,
{
"node": "l",
"frag": "{d}zar-za-ru-um",
"id": "P388232.l0f189",
"ref": "P388232.37.1",
"inst": "Zarzaru[]DN",
"sig": "@dcclt%sux:{d}zar-za-ru-um=Zarzaru[1//1]DN'DN$Zarzaru/zar-za-ru-um#~",
"f": {"lang": "sux",
"form": "{d}zar-za-ru-um",
"cf": "Zarzaru",
"gw": "1",
"sense": "1",
"norm0": "Zarzaru",
"pos": "DN",
"epos": "DN",
"base": "zar-za-ru-um",
"morph": "~"}
}
,
{
"node": "d",
"type": "line-start",
"ref": "P388232.38",
"n": "17",
"label": "r 17"}
,
{
"node": "l",
"frag": "{d}nergal(|KIŠ.AB|)",
"id": "P388232.l0f18a",
"ref": "P388232.38.1",
"inst": "Nergal[1]DN",
"sig": "@dcclt%sux:{d}nergal=Nergal[1//1]DN'DN$Nergal/{d}nergal#~",
"f": {"lang": "sux",
"form": "{d}nergal",
"cf": "Nergal",
"gw": "1",
"sense": "1",
"norm0": "Nergal",
"pos": "DN",
"epos": "DN",
"base": "{d}nergal",
"morph": "~"}
}
,
{
"node": "d",
"type": "nonx",
"ref": "P388232.39",
"strict": "1",
"extent": "2",
"scope": "line",
"state": "ruling"}
]}
]}
]}
,
{
"linkbase": [{
"type": "linkset",
"xlink_title": "šu ŋal[unmng//?]V/t'V/t",
"id": "P388232.ls00000",
"xlink_type": "extended",
"xlink_role": "psu",
"sig": "{šu ŋal₂ = šu[hand]N ŋal[be]V/i += šu ŋal[unmng//?]V/t'V/t}::@dcclt%sux:šu=šu[hand//hand]N'N$šu/šu#~++@dcclt%sux:ŋal₂=ŋal[be//be]V/i'V/i$ŋal/ŋal₂#~",
"links": [
{
"type": "link",
"xlink_title": "šu",
"xlink_type": "locator",
"xlink_href": "#P388232.l0f15d",
"xlink_role": "elt"}
,
{
"type": "link",
"xlink_title": "ŋal",
"xlink_type": "locator",
"xlink_href": "#P388232.l0f15e",
"xlink_role": "elt"}
]}
]}
]}
