{
"type": "cdl",
  "source": "http://oracc.org/dcclt",
  "license": "This data is released under the CC0 license",
  "license-url": "https://creativecommons.org/publicdomain/zero/1.0/",
  "more-info": "http://oracc.org/doc/opendata/",
  "UTC-timestamp": "2017-05-19T18:27:30",
"project": "dcclt",
"textid": "P388578",
"cdl": [
{
"node": "c",
"type": "text",
"id": "P388578.U0",
"cdl": [
{
"node": "d",
"type": "object",
"ref": ""}
,
{
"node": "d",
"subtype": "obverse",
"type": "surface",
"ref": "P388578.o.1",
"type": "obverse",
"label": "o"}
,
{
"node": "d",
"subtype": "column 1o",
"type": "column",
"ref": "P388578.o.i.2",
"n": "1",
"label": "o i"}
,
{
"node": "c",
"type": "discourse",
"subtype": "body",
"id": "P388578.U1",
"cdl": [
{
"node": "c",
"type": "sentence",
"id": "P388578.U2",
"label": "o i 1 - o i 8",
"cdl": [
{
"node": "d",
"type": "line-start",
"ref": "P388578.3",
"n": "1",
"label": "o i 1"}
,
{
"node": "l",
"frag": "dur₁₀-tab-ba{zabar}",
"id": "P388578.l1f2f6",
"ref": "P388578.3.1",
"inst": "durtaba[ax]",
"sig": "@dcclt%sux:dur₁₀-tab-ba{zabar}=durtaba[ax//an ax]N'N$durtaba/dur₁₀-tab-ba{zabar}#~",
"f": {"lang": "sux",
"form": "dur₁₀-tab-ba{zabar}",
"cf": "durtaba",
"gw": "ax",
"sense": "an ax",
"norm0": "durtaba",
"pos": "N",
"epos": "N",
"base": "dur₁₀-tab-ba{zabar}",
"morph": "~"}
}
,
{
"node": "d",
"type": "line-start",
"ref": "P388578.4",
"n": "2",
"label": "o i 2"}
,
{
"node": "l",
"frag": "šen-dilim₂{zabar}",
"id": "P388578.l1f2f7",
"ref": "P388578.4.1",
"inst": "šendili[ewer]",
"sig": "@dcclt%sux:šen-dilim₂{zabar}=šendili[ewer//a ewer]N'N$šendili/šen-dilim₂{zabar}#~",
"f": {"lang": "sux",
"form": "šen-dilim₂{zabar}",
"cf": "šendili",
"gw": "ewer",
"sense": "a ewer",
"norm0": "šendili",
"pos": "N",
"epos": "N",
"base": "šen-dilim₂{zabar}",
"morph": "~"}
}
,
{
"node": "d",
"type": "line-start",
"ref": "P388578.5",
"n": "3",
"label": "o i 3"}
,
{
"node": "l",
"frag": "šen",
"id": "P388578.l1f2f8",
"ref": "P388578.5.1",
"inst": "šen[cauldron]",
"sig": "@dcclt%sux:šen=šen[cauldron//cauldron]N'N$šen/šen#~",
"f": {"lang": "sux",
"form": "šen",
"cf": "šen",
"gw": "cauldron",
"sense": "cauldron",
"norm0": "šen",
"pos": "N",
"epos": "N",
"base": "šen",
"morph": "~"}
}
,
{
"node": "l",
"frag": "burudₓ(U){zabar}",
"id": "P388578.l1f2f9",
"ref": "P388578.5.2",
"inst": "burud[perforate]",
"sig": "@dcclt%sux:burudₓ(U){zabar}=burud[perforate//perforate]V/t'V/t$burud/burudₓ(U){zabar}#~",
"f": {"lang": "sux",
"form": "burudₓ(U){zabar}",
"cf": "burud",
"gw": "perforate",
"sense": "perforate",
"norm0": "burud",
"pos": "V/t",
"epos": "V/t",
"base": "burudₓ(U){zabar}",
"morph": "~"}
}
,
{
"node": "d",
"type": "line-start",
"ref": "P388578.6",
"n": "4",
"label": "o i 4"}
,
{
"node": "l",
"frag": "šukur(|IGI.IR|){zabar}",
"id": "P388578.l1f2fa",
"ref": "P388578.6.1",
"inst": "šukur[lance]",
"sig": "@dcclt%sux:šukur{zabar}=šukur[lance//lance, spear]N'N$šukur/šukur{zabar}#~",
"f": {"lang": "sux",
"form": "šukur{zabar}",
"cf": "šukur",
"gw": "lance",
"sense": "lance, spear",
"norm0": "šukur",
"pos": "N",
"epos": "N",
"base": "šukur{zabar}",
"morph": "~"}
}
,
{
"node": "d",
"type": "nonw",
"ref": ""}
,
{
"node": "d",
"type": "line-start",
"ref": "P388578.7",
"n": "5",
"label": "o i 5"}
,
{
"node": "l",
"frag": "gid₂-da{zabar}",
"id": "P388578.l1f2fb",
"ref": "P388578.7.1",
"inst": "gida[spear]",
"sig": "@dcclt%sux:gid₂-da{zabar}=gida[spear//spear]N'N$gida/gid₂-da{zabar}#~",
"f": {"lang": "sux",
"form": "gid₂-da{zabar}",
"cf": "gida",
"gw": "spear",
"sense": "spear",
"norm0": "gida",
"pos": "N",
"epos": "N",
"base": "gid₂-da{zabar}",
"morph": "~"}
}
,
{
"node": "d",
"type": "line-start",
"ref": "P388578.8",
"n": "6",
"label": "o i 6"}
,
{
"node": "l",
"frag": "alan{zabar}",
"id": "P388578.l1f2fc",
"ref": "P388578.8.1",
"inst": "alan[statue]",
"sig": "@dcclt%sux:alan{zabar}=alan[statue//statue]N'N$alan/alan{zabar}#~",
"f": {"lang": "sux",
"form": "alan{zabar}",
"cf": "alan",
"gw": "statue",
"sense": "statue",
"norm0": "alan",
"pos": "N",
"epos": "N",
"base": "alan{zabar}",
"morph": "~"}
}
,
{
"node": "d",
"type": "line-start",
"ref": "P388578.9",
"n": "7",
"label": "o i 7"}
,
{
"node": "l",
"frag": "ki-gal{zabar}",
"id": "P388578.l1f2fd",
"ref": "P388578.9.1",
"inst": "kigal[pedestal]",
"sig": "@dcclt%sux:ki-gal{zabar}=kigal[platform//platform, pedestal]N'N$kigal/ki-gal{zabar}#~",
"f": {"lang": "sux",
"form": "ki-gal{zabar}",
"cf": "kigal",
"gw": "platform",
"sense": "platform, pedestal",
"norm0": "kigal",
"pos": "N",
"epos": "N",
"base": "ki-gal{zabar}",
"morph": "~"}
}
,
{
"node": "d",
"type": "line-start",
"ref": "P388578.10",
"n": "8",
"label": "o i 8"}
,
{
"node": "l",
"frag": "{⸢d⸣}lamma{zabar}",
"id": "P388578.l1f2fe",
"ref": "P388578.10.1",
"inst": "lammar[deity]",
"sig": "@dcclt%sux:{d}lamma{zabar}=lammar[deity//(female) tutelary deity]N'N$lammar/{d}lamma{zabar}#~",
"f": {"lang": "sux",
"form": "{d}lamma{zabar}",
"cf": "lammar",
"gw": "deity",
"sense": "(female) tutelary deity",
"norm0": "lammar",
"pos": "N",
"epos": "N",
"base": "{d}lamma{zabar}",
"morph": "~"}
}
]}
]}
]}
]}
