{
"type": "cdl",
  "source": "http://oracc.org/dcclt",
  "license": "This data is released under the CC0 license",
  "license-url": "https://creativecommons.org/publicdomain/zero/1.0/",
  "more-info": "http://oracc.org/doc/opendata/",
  "UTC-timestamp": "2017-05-19T18:27:28",
"project": "dcclt",
"textid": "P388547",
"cdl": [
{
"node": "c",
"type": "text",
"id": "P388547.U0",
"cdl": [
{
"node": "d",
"type": "object",
"ref": ""}
,
{
"node": "d",
"subtype": "obverse",
"type": "surface",
"ref": "P388547.o.1",
"type": "obverse",
"label": "o"}
,
{
"node": "c",
"type": "discourse",
"subtype": "body",
"id": "P388547.U1",
"cdl": [
{
"node": "c",
"type": "sentence",
"id": "P388547.U2",
"label": "o 1 - o 3",
"cdl": [
{
"node": "d",
"type": "line-start",
"ref": "P388547.2",
"n": "1",
"label": "o 1"}
,
{
"node": "l",
"frag": "e-zi{mušen}",
"id": "P388547.l238d0",
"ref": "P388547.2.1",
"inst": "ezi[bird]",
"sig": "@dcclt%sux:e-zi{mušen}=ezi[bird//a bird]N'N$ezi/e-zi{mušen}#~",
"f": {"lang": "sux",
"form": "e-zi{mušen}",
"cf": "ezi",
"gw": "bird",
"sense": "a bird",
"norm0": "ezi",
"pos": "N",
"epos": "N",
"base": "e-zi{mušen}",
"morph": "~"}
}
,
{
"node": "d",
"type": "line-start",
"ref": "P388547.3",
"n": "2",
"label": "o 2"}
,
{
"node": "l",
"frag": "šu-lu₂{mušen}",
"id": "P388547.l238d1",
"ref": "P388547.3.1",
"inst": "šulu[bird]",
"sig": "@dcclt%sux:šu-lu₂{mušen}=šulu[bird//a bird]N'N$šulu/šu-lu₂{mušen}#~",
"f": {"lang": "sux",
"form": "šu-lu₂{mušen}",
"cf": "šulu",
"gw": "bird",
"sense": "a bird",
"norm0": "šulu",
"pos": "N",
"epos": "N",
"base": "šu-lu₂{mušen}",
"morph": "~"}
}
,
{
"node": "d",
"type": "line-start",
"ref": "P388547.4",
"n": "3",
"label": "o 3"}
,
{
"node": "l",
"frag": "ga-kad₄{mušen}",
"id": "P388547.l238d2",
"ref": "P388547.4.1",
"inst": "gakid[bird]",
"sig": "@dcclt%sux:ga-kad₄{mušen}=gakid[bird//a bird,]N'N$gakid/ga-kad₄{mušen}#~",
"f": {"lang": "sux",
"form": "ga-kad₄{mušen}",
"cf": "gakid",
"gw": "bird",
"sense": "a bird,",
"norm0": "gakid",
"pos": "N",
"epos": "N",
"base": "ga-kad₄{mušen}",
"morph": "~"}
}
]}
]}
]}
]}
