{
"type": "cdl",
  "source": "http://oracc.org/dcclt",
  "license": "This data is released under the CC0 license",
  "license-url": "https://creativecommons.org/publicdomain/zero/1.0/",
  "more-info": "http://oracc.org/doc/opendata/",
  "UTC-timestamp": "2017-05-19T18:28:04",
"project": "dcclt",
"textid": "P416298",
"cdl": [
{
"node": "c",
"type": "text",
"id": "P416298.U0",
"cdl": [
{
"node": "d",
"type": "object",
"ref": ""}
,
{
"node": "d",
"subtype": "obverse",
"type": "surface",
"ref": "P416298.o.1",
"type": "obverse",
"label": "o"}
,
{
"node": "d",
"type": "nonx",
"ref": "P416298.2",
"strict": "1",
"extent": "beginning",
"scope": "line",
"state": "missing"}
,
{
"node": "d",
"type": "nonx",
"ref": "P416298.3",
"strict": "1",
"extent": "2",
"scope": "line",
"state": "traces"}
,
{
"node": "c",
"type": "discourse",
"subtype": "body",
"id": "P416298.U1",
"cdl": [
{
"node": "c",
"type": "sentence",
"id": "P416298.U2",
"label": "o 3' - r 19'",
"cdl": [
{
"node": "d",
"type": "line-start",
"ref": "P416298.4",
"n": "3'",
"label": "o 3'"}
,
{
"node": "d",
"type": "cell-start"}
,
{
"node": "d",
"type": "field-start",
"subtype": "wp"}
,
{
"node": "l",
"frag": "{⸢u₂⸣}MIN",
"id": "P416298.l517ce",
"ref": "P416298.4.1",
"inst": "X",
"f": {"lang": "sux",
"form": "{u₂}MIN",
"pos": "X"}
}
,
{
"node": "d",
"type": "field-end",
"subtype": "wp"}
,
{
"node": "d",
"type": "cell-end"}
,
{
"node": "d",
"type": "cell-start"}
,
{
"node": "d",
"type": "field-start",
"subtype": "eq"}
,
{
"node": "l",
"frag": "⸢ma⸣-[...]",
"id": "P416298.l517cf",
"ref": "P416298.4.2",
"inst": "u",
"f": {"lang": "akk",
"form": "ma-x",
"pos": "u"}
}
,
{
"node": "d",
"type": "field-end",
"subtype": "eq"}
,
{
"node": "d",
"type": "cell-end"}
,
{
"node": "d",
"type": "line-start",
"ref": "P416298.5",
"n": "4'",
"label": "o 4'"}
,
{
"node": "d",
"type": "cell-start"}
,
{
"node": "d",
"type": "field-start",
"subtype": "wp"}
,
{
"node": "l",
"frag": "{⸢u₂⸣}li-dug₃",
"id": "P416298.l517d0",
"ref": "P416298.5.1",
"inst": "liduga[plant]",
"sig": "@dcclt%sux:{u₂}li-dug₃=liduga[plant//a plant]N'N$liduga/{u₂}li-dug₃#~",
"f": {"lang": "sux",
"form": "{u₂}li-dug₃",
"cf": "liduga",
"gw": "plant",
"sense": "a plant",
"norm0": "liduga",
"pos": "N",
"epos": "N",
"base": "{u₂}li-dug₃",
"morph": "~"}
}
,
{
"node": "d",
"type": "field-end",
"subtype": "wp"}
,
{
"node": "d",
"type": "cell-end"}
,
{
"node": "d",
"type": "cell-start"}
,
{
"node": "d",
"type": "field-start",
"subtype": "eq"}
,
{
"node": "l",
"frag": "ma-[...]",
"id": "P416298.l517d1",
"ref": "P416298.5.2",
"inst": "u",
"f": {"lang": "akk",
"form": "ma-x",
"pos": "u"}
}
,
{
"node": "d",
"type": "field-end",
"subtype": "eq"}
,
{
"node": "d",
"type": "cell-end"}
,
{
"node": "d",
"type": "line-start",
"ref": "P416298.6",
"n": "5'",
"label": "o 5'"}
,
{
"node": "d",
"type": "cell-start"}
,
{
"node": "d",
"type": "field-start",
"subtype": "wp"}
,
{
"node": "l",
"frag": "{⸢u₂}li-x⸣",
"id": "P416298.l517d2",
"ref": "P416298.6.1",
"inst": "u",
"f": {"lang": "sux",
"form": "{u₂}li-x",
"pos": "u"}
}
,
{
"node": "d",
"type": "field-end",
"subtype": "wp"}
,
{
"node": "d",
"type": "cell-end"}
,
{
"node": "d",
"type": "cell-start"}
,
{
"node": "d",
"type": "field-start",
"subtype": "eq"}
,
{
"node": "l",
"frag": "⸢x⸣-[...]",
"id": "P416298.l517d3",
"ref": "P416298.6.2",
"inst": "u",
"f": {"lang": "akk",
"form": "x-x",
"pos": "u"}
}
,
{
"node": "d",
"type": "field-end",
"subtype": "eq"}
,
{
"node": "d",
"type": "cell-end"}
,
{
"node": "d",
"type": "line-start",
"ref": "P416298.7",
"n": "6'",
"label": "o 6'"}
,
{
"node": "d",
"type": "cell-start"}
,
{
"node": "d",
"type": "field-start",
"subtype": "wp"}
,
{
"node": "l",
"frag": "u₂-hab₂",
"id": "P416298.l517d4",
"ref": "P416298.7.1",
"inst": "hab[plant]",
"sig": "@dcclt%sux:u₂-hab₂=hab[plant//a plant]N'N$hab/{u₂}hab₂#~",
"f": {"lang": "sux",
"form": "u₂-hab₂",
"cf": "hab",
"gw": "plant",
"sense": "a plant",
"norm0": "hab",
"pos": "N",
"epos": "N",
"base": "{u₂}hab₂",
"morph": "~"}
}
,
{
"node": "d",
"type": "field-end",
"subtype": "wp"}
,
{
"node": "d",
"type": "cell-end"}
,
{
"node": "d",
"type": "cell-start"}
,
{
"node": "d",
"type": "field-start",
"subtype": "eq"}
,
{
"node": "l",
"frag": "⸢ha⸣-[...]",
"id": "P416298.l517d5",
"ref": "P416298.7.2",
"inst": "u",
"f": {"lang": "akk",
"form": "ha-x",
"pos": "u"}
}
,
{
"node": "d",
"type": "field-end",
"subtype": "eq"}
,
{
"node": "d",
"type": "cell-end"}
,
{
"node": "d",
"type": "line-start",
"ref": "P416298.8",
"n": "7'",
"label": "o 7'"}
,
{
"node": "d",
"type": "cell-start"}
,
{
"node": "d",
"type": "field-start",
"subtype": "wp"}
,
{
"node": "l",
"frag": "{u₂}šalambi{ša₂-lam}",
"id": "P416298.l517d6",
"ref": "P416298.8.1",
"inst": "šalambi[grass]N",
"sig": "@dcclt%sux:{u₂}šalambi{+ša₂-lam}=šalambi[grass//a grass]N'N$šalambi/{u₂}šalambi{+ša₂-lam}#~",
"f": {"lang": "sux",
"form": "{u₂}šalambi{+ša₂-lam}",
"cf": "šalambi",
"gw": "grass",
"sense": "a grass",
"norm0": "šalambi",
"pos": "N",
"epos": "N",
"base": "{u₂}šalambi{+ša₂-lam}",
"morph": "~"}
}
,
{
"node": "d",
"type": "field-end",
"subtype": "wp"}
,
{
"node": "d",
"type": "cell-end"}
,
{
"node": "d",
"type": "cell-start"}
,
{
"node": "d",
"type": "field-start",
"subtype": "eq"}
,
{
"node": "l",
"frag": "[...]",
"id": "P416298.l517d7",
"ref": "P416298.8.2",
"inst": "u",
"f": {"lang": "akk",
"form": "x",
"pos": "u"}
}
,
{
"node": "d",
"type": "field-end",
"subtype": "eq"}
,
{
"node": "d",
"type": "cell-end"}
,
{
"node": "d",
"type": "line-start",
"ref": "P416298.9",
"n": "8'",
"label": "o 8'"}
,
{
"node": "d",
"type": "cell-start"}
,
{
"node": "d",
"type": "field-start",
"subtype": "wp"}
,
{
"node": "l",
"frag": "{u₂}šalambi{ša₂-lam}",
"id": "P416298.l517d8",
"ref": "P416298.9.1",
"inst": "šalambi[grass]",
"sig": "@dcclt%sux:{u₂}šalambi{+ša₂-lam}=šalambi[grass//a grass]N'N$šalambi/{u₂}šalambi{+ša₂-lam}#~",
"f": {"lang": "sux",
"form": "{u₂}šalambi{+ša₂-lam}",
"cf": "šalambi",
"gw": "grass",
"sense": "a grass",
"norm0": "šalambi",
"pos": "N",
"epos": "N",
"base": "{u₂}šalambi{+ša₂-lam}",
"morph": "~"}
}
,
{
"node": "l",
"frag": "gal",
"id": "P416298.l517d9",
"ref": "P416298.9.2",
"inst": "gal[big]",
"sig": "@dcclt%sux:gal=gal[big//big]V/i'V/i$gal/gal#~",
"f": {"lang": "sux",
"form": "gal",
"cf": "gal",
"gw": "big",
"sense": "big",
"norm0": "gal",
"pos": "V/i",
"epos": "V/i",
"base": "gal",
"morph": "~"}
}
,
{
"node": "d",
"type": "field-end",
"subtype": "wp"}
,
{
"node": "d",
"type": "cell-end"}
,
{
"node": "d",
"type": "cell-start"}
,
{
"node": "d",
"type": "field-start",
"subtype": "eq"}
,
{
"node": "l",
"frag": "[...]",
"id": "P416298.l517da",
"ref": "P416298.9.3",
"inst": "u",
"f": {"lang": "akk",
"form": "x",
"pos": "u"}
}
,
{
"node": "d",
"type": "field-end",
"subtype": "eq"}
,
{
"node": "d",
"type": "cell-end"}
,
{
"node": "d",
"type": "line-start",
"ref": "P416298.10",
"n": "9'",
"label": "o 9'"}
,
{
"node": "d",
"type": "cell-start"}
,
{
"node": "d",
"type": "field-start",
"subtype": "wp"}
,
{
"node": "l",
"frag": "{u₂}šalambi{{<MIN(ša₂-lam)>}}",
"id": "P416298.l517db",
"ref": "P416298.10.1",
"inst": "šalambi[grass]",
"sig": "@dcclt%sux:{u₂}šalambi{+ša₂-lam}=šalambi[grass//a grass]N'N$šalambi/{u₂}šalambi{+ša₂-lam}#~",
"f": {"lang": "sux",
"form": "{u₂}šalambi{+ša₂-lam}",
"cf": "šalambi",
"gw": "grass",
"sense": "a grass",
"norm0": "šalambi",
"pos": "N",
"epos": "N",
"base": "{u₂}šalambi{+ša₂-lam}",
"morph": "~"}
}
,
{
"node": "l",
"frag": "⸢tur⸣",
"id": "P416298.l517dc",
"ref": "P416298.10.2",
"inst": "tur[small]",
"sig": "@dcclt%sux:tur=tur[small//small]V/i'V/i$tur/tur#~",
"f": {"lang": "sux",
"form": "tur",
"cf": "tur",
"gw": "small",
"sense": "small",
"norm0": "tur",
"pos": "V/i",
"epos": "V/i",
"base": "tur",
"morph": "~"}
}
,
{
"node": "d",
"type": "field-end",
"subtype": "wp"}
,
{
"node": "d",
"type": "cell-end"}
,
{
"node": "d",
"type": "cell-start"}
,
{
"node": "d",
"type": "field-start",
"subtype": "eq"}
,
{
"node": "l",
"frag": "[...]",
"id": "P416298.l517dd",
"ref": "P416298.10.3",
"inst": "u",
"f": {"lang": "akk",
"form": "x",
"pos": "u"}
}
,
{
"node": "d",
"type": "field-end",
"subtype": "eq"}
,
{
"node": "d",
"type": "cell-end"}
,
{
"node": "d",
"type": "line-start",
"ref": "P416298.11",
"n": "10'",
"label": "o 10'"}
,
{
"node": "d",
"type": "cell-start"}
,
{
"node": "d",
"type": "field-start",
"subtype": "wp"}
,
{
"node": "l",
"frag": "[...]-SAG",
"id": "P416298.l517de",
"ref": "P416298.11.1",
"inst": "u",
"f": {"lang": "sux",
"form": "x-SAG",
"pos": "u"}
}
,
{
"node": "d",
"type": "field-end",
"subtype": "wp"}
,
{
"node": "d",
"type": "cell-end"}
,
{
"node": "d",
"type": "cell-start"}
,
{
"node": "d",
"type": "field-start",
"subtype": "eq"}
,
{
"node": "l",
"frag": "[...]",
"id": "P416298.l517df",
"ref": "P416298.11.2",
"inst": "u",
"f": {"lang": "akk",
"form": "x",
"pos": "u"}
}
,
{
"node": "d",
"type": "field-end",
"subtype": "eq"}
,
{
"node": "d",
"type": "cell-end"}
,
{
"node": "d",
"type": "line-start",
"ref": "P416298.12",
"n": "11'",
"label": "o 11'"}
,
{
"node": "d",
"type": "cell-start"}
,
{
"node": "d",
"type": "field-start",
"subtype": "wp"}
,
{
"node": "l",
"frag": "[...]-⸢x⸣",
"id": "P416298.l517e0",
"ref": "P416298.12.1",
"inst": "u",
"f": {"lang": "sux",
"form": "x-x",
"pos": "u"}
}
,
{
"node": "d",
"type": "field-end",
"subtype": "wp"}
,
{
"node": "d",
"type": "cell-end"}
,
{
"node": "d",
"type": "cell-start"}
,
{
"node": "d",
"type": "field-start",
"subtype": "eq"}
,
{
"node": "l",
"frag": "[...]",
"id": "P416298.l517e1",
"ref": "P416298.12.2",
"inst": "u",
"f": {"lang": "akk",
"form": "x",
"pos": "u"}
}
,
{
"node": "d",
"type": "field-end",
"subtype": "eq"}
,
{
"node": "d",
"type": "cell-end"}
,
{
"node": "d",
"type": "nonx",
"ref": "P416298.13",
"strict": "0",
"extent": "rest",
"state": "missing"}
,
{
"node": "d",
"type": "nonx",
"ref": "P416298.14",
"strict": "1",
"extent": "1",
"scope": "line",
"state": "traces"}
,
{
"node": "d",
"type": "nonx",
"ref": "P416298.15",
"strict": "1",
"extent": "rest",
"scope": "line",
"state": "missing"}
,
{
"node": "d",
"subtype": "reverse",
"type": "surface",
"ref": "P416298.r.16",
"type": "reverse",
"label": "r"}
,
{
"node": "d",
"type": "line-start",
"ref": "P416298.17",
"n": "1'",
"label": "r 1'"}
,
{
"node": "d",
"type": "cell-start"}
,
{
"node": "d",
"type": "field-start",
"subtype": "wp"}
,
{
"node": "l",
"frag": "[numun]",
"id": "P416298.l517e2",
"ref": "P416298.17.1",
"inst": "numun[seed]",
"sig": "@dcclt%sux:numun=numun[seed//seed]N'N$numun/numun#~",
"f": {"lang": "sux",
"form": "numun",
"cf": "numun",
"gw": "seed",
"sense": "seed",
"norm0": "numun",
"pos": "N",
"epos": "N",
"base": "numun",
"morph": "~"}
}
,
{
"node": "l",
"frag": "⸢ulu₃{sar⸣}",
"id": "P416298.l517e3",
"ref": "P416298.17.2",
"inst": "ulu[plant]",
"sig": "@dcclt%sux:ulu₃{sar}=ulu[plant//a plant]N'N$ulu/ulu₃{sar}#~",
"f": {"lang": "sux",
"form": "ulu₃{sar}",
"cf": "ulu",
"gw": "plant",
"sense": "a plant",
"norm0": "ulu",
"pos": "N",
"epos": "N",
"base": "ulu₃{sar}",
"morph": "~"}
}
,
{
"node": "d",
"type": "field-end",
"subtype": "wp"}
,
{
"node": "d",
"type": "cell-end"}
,
{
"node": "d",
"type": "cell-start"}
,
{
"node": "d",
"type": "field-start",
"subtype": "eq"}
,
{
"node": "l",
"frag": "⸢ze⸣-[er",
"id": "P416298.l517e4",
"ref": "P416298.17.3",
"inst": "zēr[seed(s)]N",
"sig": "@dcclt%akk:ze-er=zēru[seed(s)//seed(s)]N'N$zēr",
"f": {"lang": "akk",
"form": "ze-er",
"cf": "zēru",
"gw": "seed(s)",
"sense": "seed(s)",
"norm": "zēr",
"pos": "N",
"epos": "N"}
}
,
{
"node": "l",
"frag": "...]",
"id": "P416298.l517e5",
"ref": "P416298.17.4",
"inst": "u",
"f": {"lang": "akk",
"form": "x",
"pos": "u"}
}
,
{
"node": "d",
"type": "field-end",
"subtype": "eq"}
,
{
"node": "d",
"type": "cell-end"}
,
{
"node": "d",
"type": "line-start",
"ref": "P416298.18",
"n": "2'",
"label": "r 2'"}
,
{
"node": "d",
"type": "cell-start"}
,
{
"node": "d",
"type": "field-start",
"subtype": "wp"}
,
{
"node": "l",
"frag": "⸢lu⸣-ub₂",
"id": "P416298.l517e6",
"ref": "P416298.18.1",
"inst": "lub[turnip]",
"sig": "@dcclt%sux:lu-ub₂=lub[turnip//turnip]N'N$lub/lu-ub₂#~",
"f": {"lang": "sux",
"form": "lu-ub₂",
"cf": "lub",
"gw": "turnip",
"sense": "turnip",
"norm0": "lub",
"pos": "N",
"epos": "N",
"base": "lu-ub₂",
"morph": "~"}
}
,
{
"node": "l",
"frag": "⸢kud⸣-da{sar}",
"id": "P416298.l517e7",
"ref": "P416298.18.2",
"inst": "kud[cut]",
"sig": "@dcclt%sux:kud-da{sar}=kud[cut//cut]V/t'V/t$kud;a/kud-da{sar}+-da=d.a#~;a",
"f": {"lang": "sux",
"form": "kud-da{sar}",
"cf": "kud",
"gw": "cut",
"sense": "cut",
"norm0": "kud;a",
"pos": "V/t",
"epos": "V/t",
"base": "kud-da{sar}",
"cont": "-da=d.a",
"morph": "~;a"}
}
,
{
"node": "d",
"type": "field-end",
"subtype": "wp"}
,
{
"node": "d",
"type": "cell-end"}
,
{
"node": "d",
"type": "cell-start"}
,
{
"node": "d",
"type": "field-start",
"subtype": "eq"}
,
{
"node": "l",
"frag": "⸢ki⸣-[is-mu]",
"id": "P416298.l517e8",
"ref": "P416298.18.3",
"inst": "kismu[cutting]N$",
"sig": "@dcclt%akk:ki-is-mu=kismu[cutting//cutting]N'N$kismu",
"f": {"lang": "akk",
"form": "ki-is-mu",
"cf": "kismu",
"gw": "cutting",
"sense": "cutting",
"norm": "kismu",
"pos": "N",
"epos": "N"}
}
,
{
"node": "d",
"type": "field-end",
"subtype": "eq"}
,
{
"node": "d",
"type": "cell-end"}
,
{
"node": "d",
"type": "line-start",
"ref": "P416298.19",
"n": "3'",
"label": "r 3'"}
,
{
"node": "d",
"type": "cell-start"}
,
{
"node": "d",
"type": "field-start",
"subtype": "wp"}
,
{
"node": "l",
"frag": "lu-ub₂",
"id": "P416298.l517e9",
"ref": "P416298.19.1",
"inst": "lub[turnip]",
"sig": "@dcclt%sux:lu-ub₂=lub[turnip//turnip]N'N$lub/lu-ub₂#~",
"f": {"lang": "sux",
"form": "lu-ub₂",
"cf": "lub",
"gw": "turnip",
"sense": "turnip",
"norm0": "lub",
"pos": "N",
"epos": "N",
"base": "lu-ub₂",
"morph": "~"}
}
,
{
"node": "l",
"frag": "gana₂-zi{sar}",
"id": "P416298.l517ea",
"ref": "P416298.19.2",
"inst": "ganazi[plant]",
"sig": "@dcclt%sux:gana₂-zi{sar}=ganazi[plant//a plant]N'N$ganazi/gana₂-zi{sar}#~",
"f": {"lang": "sux",
"form": "gana₂-zi{sar}",
"cf": "ganazi",
"gw": "plant",
"sense": "a plant",
"norm0": "ganazi",
"pos": "N",
"epos": "N",
"base": "gana₂-zi{sar}",
"morph": "~"}
}
,
{
"node": "d",
"type": "field-end",
"subtype": "wp"}
,
{
"node": "d",
"type": "cell-end"}
,
{
"node": "d",
"type": "cell-start"}
,
{
"node": "d",
"type": "field-start",
"subtype": "eq"}
,
{
"node": "l",
"frag": "šar-[ma-du]",
"id": "P416298.l517eb",
"ref": "P416298.19.3",
"inst": "šarmadu[(a medicinal plant)]N",
"sig": "@dcclt%akk:šar-ma-du=šarmadu[(a medicinal plant)//(a medicinal plant)]N'N$šarmadu",
"f": {"lang": "akk",
"form": "šar-ma-du",
"cf": "šarmadu",
"gw": "(a medicinal plant)",
"sense": "(a medicinal plant)",
"norm": "šarmadu",
"pos": "N",
"epos": "N"}
}
,
{
"node": "d",
"type": "field-end",
"subtype": "eq"}
,
{
"node": "d",
"type": "cell-end"}
,
{
"node": "d",
"type": "line-start",
"ref": "P416298.20",
"n": "4'",
"label": "r 4'"}
,
{
"node": "d",
"type": "cell-start"}
,
{
"node": "d",
"type": "field-start",
"subtype": "wp"}
,
{
"node": "l",
"frag": "⸢gana₂⸣-zi{sar}",
"id": "P416298.l517ec",
"ref": "P416298.20.1",
"inst": "ganazi[plant]",
"sig": "@dcclt%sux:gana₂-zi{sar}=ganazi[plant//a plant]N'N$ganazi/gana₂-zi{sar}#~",
"f": {"lang": "sux",
"form": "gana₂-zi{sar}",
"cf": "ganazi",
"gw": "plant",
"sense": "a plant",
"norm0": "ganazi",
"pos": "N",
"epos": "N",
"base": "gana₂-zi{sar}",
"morph": "~"}
}
,
{
"node": "d",
"type": "field-end",
"subtype": "wp"}
,
{
"node": "d",
"type": "cell-end"}
,
{
"node": "d",
"type": "cell-start"}
,
{
"node": "d",
"type": "field-start",
"subtype": "eq"}
,
{
"node": "d",
"type": "nonw",
"ref": "P416298.20.2",
"lang": "akk",
"type": "surro"}
,
{
"node": "l",
"id": "P416298.l517ed",
"ref": "P416298.20.3",
"inst": "šarmadu[(a medicinal plant)]N",
"sig": "@dcclt%akk:šar-ma-du=šarmadu[(a medicinal plant)//(a medicinal plant)]N'N$šarmadu",
"f": {"lang": "akk",
"form": "šar-ma-du",
"cf": "šarmadu",
"gw": "(a medicinal plant)",
"sense": "(a medicinal plant)",
"norm": "šarmadu",
"pos": "N",
"epos": "N"}
}
,
{
"node": "d",
"type": "field-end",
"subtype": "eq"}
,
{
"node": "d",
"type": "cell-end"}
,
{
"node": "d",
"type": "line-start",
"ref": "P416298.21",
"n": "5'",
"label": "r 5'"}
,
{
"node": "d",
"type": "cell-start"}
,
{
"node": "d",
"type": "field-start",
"subtype": "wp"}
,
{
"node": "l",
"frag": "⸢numun⸣",
"id": "P416298.l517ee",
"ref": "P416298.21.1",
"inst": "numun[seed]",
"sig": "@dcclt%sux:numun=numun[seed//seed]N'N$numun/numun#~",
"f": {"lang": "sux",
"form": "numun",
"cf": "numun",
"gw": "seed",
"sense": "seed",
"norm0": "numun",
"pos": "N",
"epos": "N",
"base": "numun",
"morph": "~"}
}
,
{
"node": "l",
"frag": "gana₂-zi{sar}",
"id": "P416298.l517ef",
"ref": "P416298.21.2",
"inst": "ganazi[plant]",
"sig": "@dcclt%sux:gana₂-zi{sar}=ganazi[plant//a plant]N'N$ganazi/gana₂-zi{sar}#~",
"f": {"lang": "sux",
"form": "gana₂-zi{sar}",
"cf": "ganazi",
"gw": "plant",
"sense": "a plant",
"norm0": "ganazi",
"pos": "N",
"epos": "N",
"base": "gana₂-zi{sar}",
"morph": "~"}
}
,
{
"node": "d",
"type": "field-end",
"subtype": "wp"}
,
{
"node": "d",
"type": "cell-end"}
,
{
"node": "d",
"type": "cell-start"}
,
{
"node": "d",
"type": "field-start",
"subtype": "eq"}
,
{
"node": "l",
"frag": "ze-[er",
"id": "P416298.l517f0",
"ref": "P416298.21.3",
"inst": "zēru[seed(s)]N$zēr",
"sig": "@dcclt%akk:ze-er=zēru[seed(s)//seed(s)]N'N$zēr",
"f": {"lang": "akk",
"form": "ze-er",
"cf": "zēru",
"gw": "seed(s)",
"sense": "seed(s)",
"norm": "zēr",
"pos": "N",
"epos": "N"}
}
,
{
"node": "l",
"frag": "...]",
"id": "P416298.l517f1",
"ref": "P416298.21.4",
"inst": "u",
"f": {"lang": "akk",
"form": "x",
"pos": "u"}
}
,
{
"node": "d",
"type": "field-end",
"subtype": "eq"}
,
{
"node": "d",
"type": "cell-end"}
,
{
"node": "d",
"type": "line-start",
"ref": "P416298.22",
"n": "6'",
"label": "r 6'"}
,
{
"node": "d",
"type": "cell-start"}
,
{
"node": "d",
"type": "field-start",
"subtype": "wp"}
,
{
"node": "l",
"frag": "gana₂-zi{sar}",
"id": "P416298.l517f2",
"ref": "P416298.22.1",
"inst": "ganazi[plant]",
"sig": "@dcclt%sux:gana₂-zi{sar}=ganazi[plant//a plant]N'N$ganazi/gana₂-zi{sar}#~",
"f": {"lang": "sux",
"form": "gana₂-zi{sar}",
"cf": "ganazi",
"gw": "plant",
"sense": "a plant",
"norm0": "ganazi",
"pos": "N",
"epos": "N",
"base": "gana₂-zi{sar}",
"morph": "~"}
}
,
{
"node": "d",
"type": "field-end",
"subtype": "wp"}
,
{
"node": "d",
"type": "cell-end"}
,
{
"node": "d",
"type": "cell-start"}
,
{
"node": "d",
"type": "field-start",
"subtype": "eq"}
,
{
"node": "l",
"frag": "ka-na-[šu-u₂]",
"id": "P416298.l517f3",
"ref": "P416298.22.2",
"inst": "kanašû[(a red flower)]N$",
"sig": "@dcclt%akk:ka-na-šu-u₂=kanašû[(a red flower)//(a red flower)]N'N$kanašû",
"f": {"lang": "akk",
"form": "ka-na-šu-u₂",
"cf": "kanašû",
"gw": "(a red flower)",
"sense": "(a red flower)",
"norm": "kanašû",
"pos": "N",
"epos": "N"}
}
,
{
"node": "d",
"type": "field-end",
"subtype": "eq"}
,
{
"node": "d",
"type": "cell-end"}
,
{
"node": "d",
"type": "line-start",
"ref": "P416298.23",
"n": "7'",
"label": "r 7'"}
,
{
"node": "d",
"type": "cell-start"}
,
{
"node": "d",
"type": "field-start",
"subtype": "wp"}
,
{
"node": "l",
"frag": "⸢numun⸣",
"id": "P416298.l517f4",
"ref": "P416298.23.1",
"inst": "numun[seed]",
"sig": "@dcclt%sux:numun=numun[seed//seed]N'N$numun/numun#~",
"f": {"lang": "sux",
"form": "numun",
"cf": "numun",
"gw": "seed",
"sense": "seed",
"norm0": "numun",
"pos": "N",
"epos": "N",
"base": "numun",
"morph": "~"}
}
,
{
"node": "l",
"frag": "gana₂-zi{sar}",
"id": "P416298.l517f5",
"ref": "P416298.23.2",
"inst": "ganazi[plant]",
"sig": "@dcclt%sux:gana₂-zi{sar}=ganazi[plant//a plant]N'N$ganazi/gana₂-zi{sar}#~",
"f": {"lang": "sux",
"form": "gana₂-zi{sar}",
"cf": "ganazi",
"gw": "plant",
"sense": "a plant",
"norm0": "ganazi",
"pos": "N",
"epos": "N",
"base": "gana₂-zi{sar}",
"morph": "~"}
}
,
{
"node": "d",
"type": "field-end",
"subtype": "wp"}
,
{
"node": "d",
"type": "cell-end"}
,
{
"node": "d",
"type": "cell-start"}
,
{
"node": "d",
"type": "field-start",
"subtype": "eq"}
,
{
"node": "l",
"frag": "ze-⸢er⸣",
"id": "P416298.l517f6",
"ref": "P416298.23.3",
"inst": "zēru[seed(s)]N$zēr",
"sig": "@dcclt%akk:ze-er=zēru[seed(s)//seed(s)]N'N$zēr",
"f": {"lang": "akk",
"form": "ze-er",
"cf": "zēru",
"gw": "seed(s)",
"sense": "seed(s)",
"norm": "zēr",
"pos": "N",
"epos": "N"}
}
,
{
"node": "l",
"frag": "[...]",
"id": "P416298.l517f7",
"ref": "P416298.23.4",
"inst": "u",
"f": {"lang": "akk",
"form": "x",
"pos": "u"}
}
,
{
"node": "d",
"type": "field-end",
"subtype": "eq"}
,
{
"node": "d",
"type": "cell-end"}
,
{
"node": "d",
"type": "line-start",
"ref": "P416298.24",
"n": "8'",
"label": "r 8'"}
,
{
"node": "d",
"type": "cell-start"}
,
{
"node": "d",
"type": "field-start",
"subtype": "wp"}
,
{
"node": "l",
"frag": "a-tar{sar}",
"id": "P416298.l517f8",
"ref": "P416298.24.1",
"inst": "adar[plant]",
"sig": "@dcclt%sux:a-tar{sar}=adar[plant//a plant]N'N$adar/a-tar{sar}#~",
"f": {"lang": "sux",
"form": "a-tar{sar}",
"cf": "adar",
"gw": "plant",
"sense": "a plant",
"norm0": "adar",
"pos": "N",
"epos": "N",
"base": "a-tar{sar}",
"morph": "~"}
}
,
{
"node": "d",
"type": "field-end",
"subtype": "wp"}
,
{
"node": "d",
"type": "cell-end"}
,
{
"node": "d",
"type": "cell-start"}
,
{
"node": "d",
"type": "field-start",
"subtype": "eq"}
,
{
"node": "l",
"frag": "a-[tar-tum]",
"id": "P416298.l517f9",
"ref": "P416298.24.2",
"inst": "atartu[(a type of grass)]N$atartum",
"sig": "@dcclt%akk:a-tar-tum=atartu[(a type of grass)//(a type of grass)]N'N$atartum",
"f": {"lang": "akk",
"form": "a-tar-tum",
"cf": "atartu",
"gw": "(a type of grass)",
"sense": "(a type of grass)",
"norm": "atartum",
"pos": "N",
"epos": "N"}
}
,
{
"node": "d",
"type": "field-end",
"subtype": "eq"}
,
{
"node": "d",
"type": "cell-end"}
,
{
"node": "d",
"type": "line-start",
"ref": "P416298.25",
"n": "9'",
"label": "r 9'"}
,
{
"node": "d",
"type": "cell-start"}
,
{
"node": "d",
"type": "field-start",
"subtype": "wp"}
,
{
"node": "l",
"frag": "numun",
"id": "P416298.l517fa",
"ref": "P416298.25.1",
"inst": "numun[seed]",
"sig": "@dcclt%sux:numun=numun[seed//seed]N'N$numun/numun#~",
"f": {"lang": "sux",
"form": "numun",
"cf": "numun",
"gw": "seed",
"sense": "seed",
"norm0": "numun",
"pos": "N",
"epos": "N",
"base": "numun",
"morph": "~"}
}
,
{
"node": "l",
"frag": "a-tar{sar}",
"id": "P416298.l517fb",
"ref": "P416298.25.2",
"inst": "adar[plant]",
"sig": "@dcclt%sux:a-tar{sar}=adar[plant//a plant]N'N$adar/a-tar{sar}#~",
"f": {"lang": "sux",
"form": "a-tar{sar}",
"cf": "adar",
"gw": "plant",
"sense": "a plant",
"norm0": "adar",
"pos": "N",
"epos": "N",
"base": "a-tar{sar}",
"morph": "~"}
}
,
{
"node": "d",
"type": "field-end",
"subtype": "wp"}
,
{
"node": "d",
"type": "cell-end"}
,
{
"node": "d",
"type": "cell-start"}
,
{
"node": "d",
"type": "field-start",
"subtype": "eq"}
,
{
"node": "l",
"frag": "ze-[er",
"id": "P416298.l517fc",
"ref": "P416298.25.3",
"inst": "zēru[seed(s)]N$zēr",
"sig": "@dcclt%akk:ze-er=zēru[seed(s)//seed(s)]N'N$zēr",
"f": {"lang": "akk",
"form": "ze-er",
"cf": "zēru",
"gw": "seed(s)",
"sense": "seed(s)",
"norm": "zēr",
"pos": "N",
"epos": "N"}
}
,
{
"node": "l",
"frag": "...]",
"id": "P416298.l517fd",
"ref": "P416298.25.4",
"inst": "u",
"f": {"lang": "akk",
"form": "x",
"pos": "u"}
}
,
{
"node": "d",
"type": "field-end",
"subtype": "eq"}
,
{
"node": "d",
"type": "cell-end"}
,
{
"node": "d",
"type": "line-start",
"ref": "P416298.26",
"n": "10'",
"label": "r 10'"}
,
{
"node": "d",
"type": "cell-start"}
,
{
"node": "d",
"type": "field-start",
"subtype": "wp"}
,
{
"node": "l",
"frag": "pugluₓ(|GI.ŠA₃.GI|){⸢pu⸣-ug-lu}",
"id": "P416298.l517fe",
"ref": "P416298.26.1",
"inst": "puglu[unmng//radish]",
"sig": "@dcclt%sux:pugluₓ(|GI.ŠA₃.GI|){+pu-ug-lu}=puglu[unmng//radish]N'N$puglu/pugluₓ(|GI.ŠA₃.GI|){+pu-ug-lu}#~",
"f": {"lang": "sux",
"form": "pugluₓ(|GI.ŠA₃.GI|){+pu-ug-lu}",
"cf": "puglu",
"gw": "unmng",
"sense": "radish",
"norm0": "puglu",
"pos": "N",
"epos": "N",
"base": "pugluₓ(|GI.ŠA₃.GI|){+pu-ug-lu}",
"morph": "~"}
}
,
{
"node": "d",
"type": "field-end",
"subtype": "wp"}
,
{
"node": "d",
"type": "cell-end"}
,
{
"node": "d",
"type": "cell-start"}
,
{
"node": "d",
"type": "field-start",
"subtype": "eq"}
,
{
"node": "l",
"frag": "pu-[ug-lu]",
"id": "P416298.l517ff",
"ref": "P416298.26.2",
"inst": "puglu[radish]N$",
"sig": "@dcclt%akk:pu-ug-lu=puglu[radish//radish]N'N$puglu",
"f": {"lang": "akk",
"form": "pu-ug-lu",
"cf": "puglu",
"gw": "radish",
"sense": "radish",
"norm": "puglu",
"pos": "N",
"epos": "N"}
}
,
{
"node": "d",
"type": "field-end",
"subtype": "eq"}
,
{
"node": "d",
"type": "cell-end"}
,
{
"node": "d",
"type": "line-start",
"ref": "P416298.27",
"n": "11'",
"label": "r 11'"}
,
{
"node": "d",
"type": "cell-start"}
,
{
"node": "d",
"type": "field-start",
"subtype": "wp"}
,
{
"node": "l",
"frag": "⸢numun⸣",
"id": "P416298.l51800",
"ref": "P416298.27.1",
"inst": "numun[seed]",
"sig": "@dcclt%sux:numun=numun[seed//seed]N'N$numun/numun#~",
"f": {"lang": "sux",
"form": "numun",
"cf": "numun",
"gw": "seed",
"sense": "seed",
"norm0": "numun",
"pos": "N",
"epos": "N",
"base": "numun",
"morph": "~"}
}
,
{
"node": "l",
"frag": "pugluₓ(|GI.ŠA₃.GI|){{<MIN(pu-ug-lu)>}}",
"id": "P416298.l51801",
"ref": "P416298.27.2",
"inst": "puglu[radish]",
"sig": "@dcclt%sux:pugluₓ(|GI.ŠA₃.GI|){+pu-ug-lu}=puglu[unmng//radish]N'N$puglu/pugluₓ(|GI.ŠA₃.GI|){+pu-ug-lu}#~",
"f": {"lang": "sux",
"form": "pugluₓ(|GI.ŠA₃.GI|){+pu-ug-lu}",
"cf": "puglu",
"gw": "unmng",
"sense": "radish",
"norm0": "puglu",
"pos": "N",
"epos": "N",
"base": "pugluₓ(|GI.ŠA₃.GI|){+pu-ug-lu}",
"morph": "~"}
}
,
{
"node": "d",
"type": "field-end",
"subtype": "wp"}
,
{
"node": "d",
"type": "cell-end"}
,
{
"node": "d",
"type": "cell-start"}
,
{
"node": "d",
"type": "field-start",
"subtype": "eq"}
,
{
"node": "l",
"frag": "ze-⸢er⸣",
"id": "P416298.l51802",
"ref": "P416298.27.3",
"inst": "zēru[seed(s)]N$zēr",
"sig": "@dcclt%akk:ze-er=zēru[seed(s)//seed(s)]N'N$zēr",
"f": {"lang": "akk",
"form": "ze-er",
"cf": "zēru",
"gw": "seed(s)",
"sense": "seed(s)",
"norm": "zēr",
"pos": "N",
"epos": "N"}
}
,
{
"node": "l",
"frag": "[...]",
"id": "P416298.l51803",
"ref": "P416298.27.4",
"inst": "u",
"f": {"lang": "akk",
"form": "x",
"pos": "u"}
}
,
{
"node": "d",
"type": "field-end",
"subtype": "eq"}
,
{
"node": "d",
"type": "cell-end"}
,
{
"node": "d",
"type": "line-start",
"ref": "P416298.28",
"n": "12'",
"label": "r 12'"}
,
{
"node": "d",
"type": "cell-start"}
,
{
"node": "d",
"type": "field-start",
"subtype": "wp"}
,
{
"node": "l",
"frag": "⸢kur⸣-ka-nam{sar}",
"id": "P416298.l51804",
"ref": "P416298.28.1",
"inst": "kurgirina[plant]",
"sig": "@dcclt%sux:kur-ka-nam{sar}=kurgirina[plant//a plant]N'N$kurgirina/kur-ka-nam{sar}#~",
"f": {"lang": "sux",
"form": "kur-ka-nam{sar}",
"cf": "kurgirina",
"gw": "plant",
"sense": "a plant",
"norm0": "kurgirina",
"pos": "N",
"epos": "N",
"base": "kur-ka-nam{sar}",
"morph": "~"}
}
,
{
"node": "d",
"type": "field-end",
"subtype": "wp"}
,
{
"node": "d",
"type": "cell-end"}
,
{
"node": "d",
"type": "cell-start"}
,
{
"node": "d",
"type": "field-start",
"subtype": "eq"}
,
{
"node": "l",
"frag": "kur-[ka-nu-u₂]",
"id": "P416298.l51805",
"ref": "P416298.28.2",
"inst": "kurkanû[(a medicinal plant)]N$",
"sig": "@dcclt%akk:kur-ka-nu-u₂=kurkanû[(a medicinal plant)//(a medicinal plant)]N'N$kurkanû",
"f": {"lang": "akk",
"form": "kur-ka-nu-u₂",
"cf": "kurkanû",
"gw": "(a medicinal plant)",
"sense": "(a medicinal plant)",
"norm": "kurkanû",
"pos": "N",
"epos": "N"}
}
,
{
"node": "d",
"type": "field-end",
"subtype": "eq"}
,
{
"node": "d",
"type": "cell-end"}
,
{
"node": "d",
"type": "line-start",
"ref": "P416298.29",
"n": "13'",
"label": "r 13'"}
,
{
"node": "d",
"type": "cell-start"}
,
{
"node": "d",
"type": "field-start",
"subtype": "wp"}
,
{
"node": "l",
"frag": "KA-KAK-GAM₃{sar}",
"id": "P416298.l51806",
"ref": "P416298.29.1",
"inst": "X",
"f": {"lang": "sux",
"form": "KA-KAK-GAM₃{sar}",
"pos": "X"}
}
,
{
"node": "d",
"type": "field-end",
"subtype": "wp"}
,
{
"node": "d",
"type": "cell-end"}
,
{
"node": "d",
"type": "cell-start"}
,
{
"node": "d",
"type": "field-start",
"subtype": "eq"}
,
{
"node": "d",
"type": "nonw",
"ref": "P416298.29.2",
"lang": "akk",
"type": "surro"}
,
{
"node": "l",
"id": "P416298.l51807",
"ref": "P416298.29.3",
"inst": "u",
"f": {"lang": "akk",
"form": "kur-ka-nu-u₂",
"pos": "u"}
}
,
{
"node": "d",
"type": "field-end",
"subtype": "eq"}
,
{
"node": "d",
"type": "cell-end"}
,
{
"node": "d",
"type": "line-start",
"ref": "P416298.30",
"n": "14'",
"label": "r 14'"}
,
{
"node": "d",
"type": "cell-start"}
,
{
"node": "d",
"type": "field-start",
"subtype": "wp"}
,
{
"node": "l",
"frag": "ukuš₂{u₂-kuš₃}{sar}",
"id": "P416298.l51808",
"ref": "P416298.30.1",
"inst": "ukuš[cucumber]N",
"sig": "@dcclt%sux:ukuš₂{+u₂-kuš₃}{sar}=ukuš[cucumber//cucumber]N'N$ukuš/ukuš₂{+u₂-kuš₃}{sar}#~",
"f": {"lang": "sux",
"form": "ukuš₂{+u₂-kuš₃}{sar}",
"cf": "ukuš",
"gw": "cucumber",
"sense": "cucumber",
"norm0": "ukuš",
"pos": "N",
"epos": "N",
"base": "ukuš₂{+u₂-kuš₃}{sar}",
"morph": "~"}
}
,
{
"node": "d",
"type": "field-end",
"subtype": "wp"}
,
{
"node": "d",
"type": "cell-end"}
,
{
"node": "d",
"type": "cell-start"}
,
{
"node": "d",
"type": "field-start",
"subtype": "eq"}
,
{
"node": "l",
"frag": "[...]",
"id": "P416298.l51809",
"ref": "P416298.30.2",
"inst": "u",
"f": {"lang": "akk",
"form": "x",
"pos": "u"}
}
,
{
"node": "d",
"type": "field-end",
"subtype": "eq"}
,
{
"node": "d",
"type": "cell-end"}
,
{
"node": "d",
"type": "line-start",
"ref": "P416298.31",
"n": "15'",
"label": "r 15'"}
,
{
"node": "d",
"type": "cell-start"}
,
{
"node": "d",
"type": "field-start",
"subtype": "wp"}
,
{
"node": "l",
"frag": "ukuš₂",
"id": "P416298.l5180a",
"ref": "P416298.31.1",
"inst": "ukuš[cucumber]",
"sig": "@dcclt%sux:ukuš₂=ukuš[cucumber//cucumber]N'N$ukuš/ukuš₂#~",
"f": {"lang": "sux",
"form": "ukuš₂",
"cf": "ukuš",
"gw": "cucumber",
"sense": "cucumber",
"norm0": "ukuš",
"pos": "N",
"epos": "N",
"base": "ukuš₂",
"morph": "~"}
}
,
{
"node": "l",
"frag": "⸢tur⸣{sar}",
"id": "P416298.l5180b",
"ref": "P416298.31.2",
"inst": "tur[small]",
"sig": "@dcclt%sux:tur{sar}=tur[small//small]V/i'V/i$tur/tur{sar}#~",
"f": {"lang": "sux",
"form": "tur{sar}",
"cf": "tur",
"gw": "small",
"sense": "small",
"norm0": "tur",
"pos": "V/i",
"epos": "V/i",
"base": "tur{sar}",
"morph": "~"}
}
,
{
"node": "d",
"type": "field-end",
"subtype": "wp"}
,
{
"node": "d",
"type": "cell-end"}
,
{
"node": "d",
"type": "cell-start"}
,
{
"node": "d",
"type": "field-start",
"subtype": "eq"}
,
{
"node": "l",
"frag": "[...]",
"id": "P416298.l5180c",
"ref": "P416298.31.3",
"inst": "u",
"f": {"lang": "akk",
"form": "x",
"pos": "u"}
}
,
{
"node": "d",
"type": "field-end",
"subtype": "eq"}
,
{
"node": "d",
"type": "cell-end"}
,
{
"node": "d",
"type": "line-start",
"ref": "P416298.32",
"n": "16'",
"label": "r 16'"}
,
{
"node": "d",
"type": "cell-start"}
,
{
"node": "d",
"type": "field-start",
"subtype": "wp"}
,
{
"node": "l",
"frag": "ukuš₂",
"id": "P416298.l5180d",
"ref": "P416298.32.1",
"inst": "ukuš[cucumber]",
"sig": "@dcclt%sux:ukuš₂=ukuš[cucumber//cucumber]N'N$ukuš/ukuš₂#~",
"f": {"lang": "sux",
"form": "ukuš₂",
"cf": "ukuš",
"gw": "cucumber",
"sense": "cucumber",
"norm0": "ukuš",
"pos": "N",
"epos": "N",
"base": "ukuš₂",
"morph": "~"}
}
,
{
"node": "l",
"frag": "⸢bur₁₄⸣-ra{sar}",
"id": "P416298.l5180e",
"ref": "P416298.32.2",
"inst": "u",
"f": {"lang": "sux",
"form": "bur₁₄-ra{sar}",
"pos": "u"}
}
,
{
"node": "d",
"type": "field-end",
"subtype": "wp"}
,
{
"node": "d",
"type": "cell-end"}
,
{
"node": "d",
"type": "cell-start"}
,
{
"node": "d",
"type": "field-start",
"subtype": "eq"}
,
{
"node": "l",
"frag": "[...]",
"id": "P416298.l5180f",
"ref": "P416298.32.3",
"inst": "u",
"f": {"lang": "akk",
"form": "x",
"pos": "u"}
}
,
{
"node": "d",
"type": "field-end",
"subtype": "eq"}
,
{
"node": "d",
"type": "cell-end"}
,
{
"node": "d",
"type": "line-start",
"ref": "P416298.33",
"n": "17'",
"label": "r 17'"}
,
{
"node": "d",
"type": "cell-start"}
,
{
"node": "d",
"type": "field-start",
"subtype": "wp"}
,
{
"node": "l",
"frag": "ukuš₂",
"id": "P416298.l51810",
"ref": "P416298.33.1",
"inst": "ukuš[cucumber]",
"sig": "@dcclt%sux:ukuš₂=ukuš[cucumber//cucumber]N'N$ukuš/ukuš₂#~",
"f": {"lang": "sux",
"form": "ukuš₂",
"cf": "ukuš",
"gw": "cucumber",
"sense": "cucumber",
"norm0": "ukuš",
"pos": "N",
"epos": "N",
"base": "ukuš₂",
"morph": "~"}
}
,
{
"node": "l",
"frag": "en-te-en{⸢sar⸣}",
"id": "P416298.l51811",
"ref": "P416298.33.2",
"inst": "enten[winter]",
"sig": "@dcclt%sux:en-te-en{sar}=enten[winter//winter]N'N$enten/en-te-en{sar}#~",
"f": {"lang": "sux",
"form": "en-te-en{sar}",
"cf": "enten",
"gw": "winter",
"sense": "winter",
"norm0": "enten",
"pos": "N",
"epos": "N",
"base": "en-te-en{sar}",
"morph": "~"}
}
,
{
"node": "d",
"type": "field-end",
"subtype": "wp"}
,
{
"node": "d",
"type": "cell-end"}
,
{
"node": "d",
"type": "cell-start"}
,
{
"node": "d",
"type": "field-start",
"subtype": "eq"}
,
{
"node": "l",
"frag": "[...]",
"id": "P416298.l51812",
"ref": "P416298.33.3",
"inst": "u",
"f": {"lang": "akk",
"form": "x",
"pos": "u"}
}
,
{
"node": "d",
"type": "field-end",
"subtype": "eq"}
,
{
"node": "d",
"type": "cell-end"}
,
{
"node": "d",
"type": "line-start",
"ref": "P416298.34",
"n": "18'",
"label": "r 18'"}
,
{
"node": "d",
"type": "cell-start"}
,
{
"node": "d",
"type": "field-start",
"subtype": "wp"}
,
{
"node": "l",
"frag": "[ukuš₂",
"id": "P416298.l51813",
"ref": "P416298.34.1",
"inst": "ukuš[cucumber]",
"sig": "@dcclt%sux:ukuš₂=ukuš[cucumber//cucumber]N'N$ukuš/ukuš₂#~",
"f": {"lang": "sux",
"form": "ukuš₂",
"cf": "ukuš",
"gw": "cucumber",
"sense": "cucumber",
"norm0": "ukuš",
"pos": "N",
"epos": "N",
"base": "ukuš₂",
"morph": "~"}
}
,
{
"node": "l",
"frag": "al]-šeŋ₆-ŋa₂{[sar]}",
"id": "P416298.l51814",
"ref": "P416298.34.2",
"inst": "X",
"f": {"lang": "sux",
"form": "al-šeŋ₆-ŋa₂{sar}",
"pos": "X"}
}
,
{
"node": "d",
"type": "field-end",
"subtype": "wp"}
,
{
"node": "d",
"type": "cell-end"}
,
{
"node": "d",
"type": "cell-start"}
,
{
"node": "d",
"type": "field-start",
"subtype": "eq"}
,
{
"node": "l",
"frag": "[...]",
"id": "P416298.l51815",
"ref": "P416298.34.3",
"inst": "u",
"f": {"lang": "akk",
"form": "x",
"pos": "u"}
}
,
{
"node": "d",
"type": "field-end",
"subtype": "eq"}
,
{
"node": "d",
"type": "cell-end"}
,
{
"node": "d",
"type": "line-start",
"ref": "P416298.35",
"n": "19'",
"label": "r 19'"}
,
{
"node": "d",
"type": "cell-start"}
,
{
"node": "d",
"type": "field-start",
"subtype": "wp"}
,
{
"node": "l",
"frag": "[ukuš₂",
"id": "P416298.l51816",
"ref": "P416298.35.1",
"inst": "ukuš[cucumber]",
"sig": "@dcclt%sux:ukuš₂=ukuš[cucumber//cucumber]N'N$ukuš/ukuš₂#~",
"f": {"lang": "sux",
"form": "ukuš₂",
"cf": "ukuš",
"gw": "cucumber",
"sense": "cucumber",
"norm0": "ukuš",
"pos": "N",
"epos": "N",
"base": "ukuš₂",
"morph": "~"}
}
,
{
"node": "l",
"frag": "nu-al-šeŋ₆]-⸢ŋa₂⸣{[sar]}",
"id": "P416298.l51817",
"ref": "P416298.35.2",
"inst": "X",
"f": {"lang": "sux",
"form": "nu-al-šeŋ₆-ŋa₂{sar}",
"pos": "X"}
}
,
{
"node": "d",
"type": "field-end",
"subtype": "wp"}
,
{
"node": "d",
"type": "cell-end"}
,
{
"node": "d",
"type": "cell-start"}
,
{
"node": "d",
"type": "field-start",
"subtype": "eq"}
,
{
"node": "l",
"frag": "[...]",
"id": "P416298.l51818",
"ref": "P416298.35.3",
"inst": "u",
"f": {"lang": "akk",
"form": "x",
"pos": "u"}
}
,
{
"node": "d",
"type": "field-end",
"subtype": "eq"}
,
{
"node": "d",
"type": "cell-end"}
]}
]}
]}
]}
