{
"type": "cdl",
  "source": "http://oracc.org/dcclt",
  "license": "This data is released under the CC0 license",
  "license-url": "https://creativecommons.org/publicdomain/zero/1.0/",
  "more-info": "http://oracc.org/doc/opendata/",
  "UTC-timestamp": "2017-05-19T18:28:13",
"project": "dcclt",
"textid": "P429555",
"cdl": [
{
"node": "c",
"type": "text",
"id": "P429555.U0",
"cdl": [
{
"node": "d",
"type": "object",
"ref": ""}
,
{
"node": "d",
"subtype": "obverse",
"type": "surface",
"ref": "P429555.o.1",
"type": "obverse",
"label": "o"}
,
{
"node": "d",
"subtype": "column 1o",
"type": "column",
"ref": "P429555.o.i.2",
"n": "1",
"label": "o i"}
,
{
"node": "d",
"type": "nonx",
"ref": "P429555.3",
"strict": "1",
"extent": "beginning",
"scope": "column",
"state": "missing"}
,
{
"node": "c",
"type": "discourse",
"subtype": "body",
"id": "P429555.U1",
"cdl": [
{
"node": "c",
"type": "sentence",
"id": "P429555.U2",
"label": "o i 1' - o iii 12'",
"cdl": [
{
"node": "d",
"type": "line-start",
"ref": "P429555.4",
"n": "1'",
"label": "o i 1'"}
,
{
"node": "l",
"frag": "{d}nin-sumun₂",
"id": "P429555.l2784c",
"ref": "P429555.4.1",
"inst": "Ninsumunak[1]DN",
"sig": "@dcclt%sux:{d}nin-sumun₂=Ninsumunak[1//1]DN'DN$Ninsumunak/{d}nin-sumun₂#~",
"f": {"lang": "sux",
"form": "{d}nin-sumun₂",
"cf": "Ninsumunak",
"gw": "1",
"sense": "1",
"norm0": "Ninsumunak",
"pos": "DN",
"epos": "DN",
"base": "{d}nin-sumun₂",
"morph": "~"}
}
,
{
"node": "d",
"type": "line-start",
"ref": "P429555.5",
"n": "2",
"label": "o i 2"}
,
{
"node": "l",
"frag": "{[d}lugal]-⸢marad⸣-da",
"id": "P429555.l2784d",
"ref": "P429555.5.1",
"inst": "Lugal-Maradak[1]DN",
"sig": "@dcclt%sux:{d}lugal-marad-da=Lugal-Maradak[1//1]DN'DN$Lugal-Maradak/{d}lugal-marad-da#~",
"f": {"lang": "sux",
"form": "{d}lugal-marad-da",
"cf": "Lugal-Maradak",
"gw": "1",
"sense": "1",
"norm0": "Lugal-Maradak",
"pos": "DN",
"epos": "DN",
"base": "{d}lugal-marad-da",
"morph": "~"}
}
,
{
"node": "d",
"type": "line-start",
"ref": "P429555.6",
"n": "3'",
"label": "o i 3'"}
,
{
"node": "l",
"frag": "{[d}im]-⸢zu⸣-an-na",
"id": "P429555.l2784e",
"ref": "P429555.6.1",
"inst": "Ninzuʾanak[1]DN",
"sig": "@dcclt%sux:{d}im-zu-an-na=Ninzuʾanak[1//1]DN'DN$Ninzuʾanak/{d}im-zu-an-na#~",
"f": {"lang": "sux",
"form": "{d}im-zu-an-na",
"cf": "Ninzuʾanak",
"gw": "1",
"sense": "1",
"norm0": "Ninzuʾanak",
"pos": "DN",
"epos": "DN",
"base": "{d}im-zu-an-na",
"morph": "~"}
}
,
{
"node": "d",
"type": "line-start",
"ref": "P429555.7",
"n": "4'",
"label": "o i 4'"}
,
{
"node": "l",
"frag": "{[d}šu]-⸢zi⸣-an-na",
"id": "P429555.l2784f",
"ref": "P429555.7.1",
"inst": "Šuziʾana[1]DN",
"sig": "@dcclt%sux:{d}šu-zi-an-na=Šuziʾana[1//1]DN'DN$Šuziʾana/{d}šu-zi-an-na#~",
"f": {"lang": "sux",
"form": "{d}šu-zi-an-na",
"cf": "Šuziʾana",
"gw": "1",
"sense": "1",
"norm0": "Šuziʾana",
"pos": "DN",
"epos": "DN",
"base": "{d}šu-zi-an-na",
"morph": "~"}
}
,
{
"node": "d",
"type": "line-start",
"ref": "P429555.8",
"n": "5'",
"label": "o i 5'"}
,
{
"node": "l",
"frag": "{[d]}⸢TUG₂⸣-ZI-na",
"id": "P429555.l27850",
"ref": "P429555.8.1",
"inst": "X",
"f": {"lang": "sux",
"form": "{d}TUG₂-ZI-na",
"pos": "X"}
}
,
{
"node": "d",
"type": "line-start",
"ref": "P429555.9",
"n": "6'",
"label": "o i 6'"}
,
{
"node": "l",
"frag": "{[d]}en-ki",
"id": "P429555.l27851",
"ref": "P429555.9.1",
"inst": "Enki[1]DN",
"sig": "@dcclt%sux:{d}en-ki=Enki[1//1]DN'DN$Enki/{d}en-ki#~",
"f": {"lang": "sux",
"form": "{d}en-ki",
"cf": "Enki",
"gw": "1",
"sense": "1",
"norm0": "Enki",
"pos": "DN",
"epos": "DN",
"base": "{d}en-ki",
"morph": "~"}
}
,
{
"node": "d",
"type": "line-start",
"ref": "P429555.10",
"n": "7'",
"label": "o i 7'"}
,
{
"node": "l",
"frag": "{⸢d⸣}e₂-a",
"id": "P429555.l27852",
"ref": "P429555.10.1",
"inst": "Ea[1]DN",
"sig": "@dcclt%sux:{d}e₂-a=Ea[1//1]DN'DN$Ea/{d}e₂-a#~",
"f": {"lang": "sux",
"form": "{d}e₂-a",
"cf": "Ea",
"gw": "1",
"sense": "1",
"norm0": "Ea",
"pos": "DN",
"epos": "DN",
"base": "{d}e₂-a",
"morph": "~"}
}
,
{
"node": "d",
"type": "line-start",
"ref": "P429555.11",
"n": "8'",
"label": "o i 8'"}
,
{
"node": "l",
"frag": "{d}dam(NIN)-gal-nun-na",
"id": "P429555.l27853",
"ref": "P429555.11.1",
"inst": "Damgalnunak[1]DN",
"sig": "@dcclt%sux:{d}dam-gal-nun-na=Damgalnunak[1//1]DN'DN$Damgalnunak/{d}dam-gal-nun-na#~",
"f": {"lang": "sux",
"form": "{d}dam-gal-nun-na",
"cf": "Damgalnunak",
"gw": "1",
"sense": "1",
"norm0": "Damgalnunak",
"pos": "DN",
"epos": "DN",
"base": "{d}dam-gal-nun-na",
"morph": "~"}
}
,
{
"node": "d",
"type": "line-start",
"ref": "P429555.12",
"n": "9'",
"label": "o i 9'"}
,
{
"node": "l",
"frag": "{[d]}dam-ki-na",
"id": "P429555.l27854",
"ref": "P429555.12.1",
"inst": "X",
"f": {"lang": "sux",
"form": "{d}dam-ki-na",
"pos": "X"}
}
,
{
"node": "d",
"type": "line-start",
"ref": "P429555.13",
"n": "10'",
"label": "o i 10'"}
,
{
"node": "l",
"frag": "{[d]}id₂{id}",
"id": "P429555.l27855",
"ref": "P429555.13.1",
"inst": "X",
"f": {"lang": "sux",
"form": "{d}id₂{+id}",
"pos": "X"}
}
,
{
"node": "d",
"type": "line-start",
"ref": "P429555.14",
"n": "11'",
"label": "o i 11'"}
,
{
"node": "l",
"frag": "{⸢d⸣}ki-sag₉",
"id": "P429555.l27856",
"ref": "P429555.14.1",
"inst": "Kisag[1]DN",
"sig": "@dcclt%sux:{d}ki-sag₉=Kisag[1//1]DN'DN$Kisag/{d}ki-sag₉#~",
"f": {"lang": "sux",
"form": "{d}ki-sag₉",
"cf": "Kisag",
"gw": "1",
"sense": "1",
"norm0": "Kisag",
"pos": "DN",
"epos": "DN",
"base": "{d}ki-sag₉",
"morph": "~"}
}
,
{
"node": "d",
"type": "line-start",
"ref": "P429555.15",
"n": "12'",
"label": "o i 12'"}
,
{
"node": "l",
"frag": "{⸢d⸣}asal-lu₂-hi",
"id": "P429555.l27857",
"ref": "P429555.15.1",
"inst": "Asalluhi[1]DN",
"sig": "@dcclt%sux:{d}asal-lu₂-hi=Asalluhi[1//1]DN'DN$Asalluhi/{d}asal-lu₂-hi#~",
"f": {"lang": "sux",
"form": "{d}asal-lu₂-hi",
"cf": "Asalluhi",
"gw": "1",
"sense": "1",
"norm0": "Asalluhi",
"pos": "DN",
"epos": "DN",
"base": "{d}asal-lu₂-hi",
"morph": "~"}
}
,
{
"node": "d",
"type": "line-start",
"ref": "P429555.16",
"n": "13'",
"label": "o i 13'"}
,
{
"node": "l",
"frag": "{⸢d⸣}amar-utu",
"id": "P429555.l27858",
"ref": "P429555.16.1",
"inst": "Marduk[1]DN",
"sig": "@dcclt%sux:{d}amar-utu=Marduk[1//1]DN'DN$Marduk/{d}amar-utu#~",
"f": {"lang": "sux",
"form": "{d}amar-utu",
"cf": "Marduk",
"gw": "1",
"sense": "1",
"norm0": "Marduk",
"pos": "DN",
"epos": "DN",
"base": "{d}amar-utu",
"morph": "~"}
}
,
{
"node": "d",
"type": "line-start",
"ref": "P429555.17",
"n": "14'",
"label": "o i 14'"}
,
{
"node": "l",
"frag": "{⸢d⸣}zar(|LAGAB×U.SUM|)-pa-ni-tum",
"id": "P429555.l27859",
"ref": "P429555.17.1",
"inst": "X",
"f": {"lang": "sux",
"form": "{d}zar-pa-ni-tum",
"pos": "X"}
}
,
{
"node": "d",
"type": "line-start",
"ref": "P429555.18",
"n": "15'",
"label": "o i 15'"}
,
{
"node": "l",
"frag": "{[d]}⸢taš-mi-tum⸣",
"id": "P429555.l2785a",
"ref": "P429555.18.1",
"inst": "X",
"f": {"lang": "sux",
"form": "{d}taš-mi-tum",
"pos": "X"}
}
,
{
"node": "d",
"type": "nonx",
"ref": "P429555.19",
"strict": "1",
"extent": "rest",
"scope": "column",
"state": "missing"}
,
{
"node": "d",
"subtype": "column 2o",
"type": "column",
"ref": "P429555.o.ii.20",
"n": "2",
"label": "o ii"}
,
{
"node": "d",
"type": "nonx",
"ref": "P429555.21",
"strict": "1",
"extent": "beginning",
"scope": "column",
"state": "missing"}
,
{
"node": "d",
"type": "line-start",
"ref": "P429555.22",
"n": "1'",
"label": "o ii 1'"}
,
{
"node": "l",
"frag": "{⸢d⸣}[nin-maš]",
"id": "P429555.l2785b",
"ref": "P429555.22.1",
"inst": "Ninmaš[1]DN",
"sig": "@dcclt%sux:{d}nin-maš=Ninmaš[1//1]DN'DN$Ninmaš/{d}nin-maš#~",
"f": {"lang": "sux",
"form": "{d}nin-maš",
"cf": "Ninmaš",
"gw": "1",
"sense": "1",
"norm0": "Ninmaš",
"pos": "DN",
"epos": "DN",
"base": "{d}nin-maš",
"morph": "~"}
}
,
{
"node": "d",
"type": "line-start",
"ref": "P429555.23",
"n": "2'",
"label": "o ii 2'"}
,
{
"node": "l",
"frag": "{d}[saggar₂]",
"id": "P429555.l2785c",
"ref": "P429555.23.1",
"inst": "Saggar[1]DN",
"sig": "@dcclt%sux:{d}saggar₂=Saggar[1//1]DN'DN$Saggar/{d}saggar₂#~",
"f": {"lang": "sux",
"form": "{d}saggar₂",
"cf": "Saggar",
"gw": "1",
"sense": "1",
"norm0": "Saggar",
"pos": "DN",
"epos": "DN",
"base": "{d}saggar₂",
"morph": "~"}
}
,
{
"node": "d",
"type": "line-start",
"ref": "P429555.24",
"n": "3'",
"label": "o ii 3'"}
,
{
"node": "l",
"frag": "{d}{⸢šu⸣}[šullat₂]",
"id": "P429555.l2785d",
"ref": "P429555.24.1",
"inst": "X",
"f": {"lang": "sux",
"form": "{d}{+šu}šullat₂",
"pos": "X"}
}
,
{
"node": "d",
"type": "line-start",
"ref": "P429555.25",
"n": "4'",
"label": "o ii 4'"}
,
{
"node": "l",
"frag": "{d}haniš",
"id": "P429555.l2785e",
"ref": "P429555.25.1",
"inst": "X",
"f": {"lang": "sux",
"form": "{d}haniš",
"pos": "X"}
}
,
{
"node": "d",
"type": "line-start",
"ref": "P429555.26",
"n": "5'",
"label": "o ii 5'"}
,
{
"node": "l",
"frag": "{d}⸢ebih⸣",
"id": "P429555.l2785f",
"ref": "P429555.26.1",
"inst": "Ebih[1]DN",
"sig": "@dcclt%sux:{d}ebih=Ebih[1//1]GN'DN$Ebih/{d}ebih#~",
"f": {"lang": "sux",
"form": "{d}ebih",
"cf": "Ebih",
"gw": "1",
"sense": "1",
"norm0": "Ebih",
"pos": "GN",
"epos": "DN",
"base": "{d}ebih",
"morph": "~"}
}
,
{
"node": "d",
"type": "line-start",
"ref": "P429555.27",
"n": "6'",
"label": "o ii 6'"}
,
{
"node": "l",
"frag": "{d}saŋŋa{saŋ}",
"id": "P429555.l27860",
"ref": "P429555.27.1",
"inst": "X",
"f": {"lang": "sux",
"form": "{d}saŋŋa{+saŋ}",
"pos": "X"}
}
,
{
"node": "d",
"type": "line-start",
"ref": "P429555.28",
"n": "7'",
"label": "o ii 7'"}
,
{
"node": "l",
"frag": "{d}GUD",
"id": "P429555.l27861",
"ref": "P429555.28.1",
"inst": "GUD[1]DN",
"sig": "@dcclt%sux:{d}GUD=GUD[1//1]DN'DN$GUD/{d}GUD#~",
"f": {"lang": "sux",
"form": "{d}GUD",
"cf": "GUD",
"gw": "1",
"sense": "1",
"norm0": "GUD",
"pos": "DN",
"epos": "DN",
"base": "{d}GUD",
"morph": "~"}
}
,
{
"node": "d",
"type": "line-start",
"ref": "P429555.29",
"n": "8'",
"label": "o ii 8'"}
,
{
"node": "l",
"frag": "{d}GUD",
"id": "P429555.l27862",
"ref": "P429555.29.1",
"inst": "GUD[1]DN",
"sig": "@dcclt%sux:{d}GUD=GUD[1//1]DN'DN$GUD/{d}GUD#~",
"f": {"lang": "sux",
"form": "{d}GUD",
"cf": "GUD",
"gw": "1",
"sense": "1",
"norm0": "GUD",
"pos": "DN",
"epos": "DN",
"base": "{d}GUD",
"morph": "~"}
}
,
{
"node": "d",
"type": "line-start",
"ref": "P429555.30",
"n": "9'",
"label": "o ii 9'"}
,
{
"node": "l",
"frag": "{d}GUD",
"id": "P429555.l27863",
"ref": "P429555.30.1",
"inst": "GUD[1]DN",
"sig": "@dcclt%sux:{d}GUD=GUD[1//1]DN'DN$GUD/{d}GUD#~",
"f": {"lang": "sux",
"form": "{d}GUD",
"cf": "GUD",
"gw": "1",
"sense": "1",
"norm0": "GUD",
"pos": "DN",
"epos": "DN",
"base": "{d}GUD",
"morph": "~"}
}
,
{
"node": "d",
"type": "line-start",
"ref": "P429555.31",
"n": "10'",
"label": "o ii 10'"}
,
{
"node": "l",
"frag": "{d}GUD",
"id": "P429555.l27864",
"ref": "P429555.31.1",
"inst": "GUD[1]DN",
"sig": "@dcclt%sux:{d}GUD=GUD[1//1]DN'DN$GUD/{d}GUD#~",
"f": {"lang": "sux",
"form": "{d}GUD",
"cf": "GUD",
"gw": "1",
"sense": "1",
"norm0": "GUD",
"pos": "DN",
"epos": "DN",
"base": "{d}GUD",
"morph": "~"}
}
,
{
"node": "d",
"type": "line-start",
"ref": "P429555.32",
"n": "11'",
"label": "o ii 11'"}
,
{
"node": "l",
"frag": "{d}lahar",
"id": "P429555.l27865",
"ref": "P429555.32.1",
"inst": "Lahar[1]DN",
"sig": "@dcclt%sux:{d}lahar=Lahar[1//1]DN'DN$Lahar/{d}lahar#~",
"f": {"lang": "sux",
"form": "{d}lahar",
"cf": "Lahar",
"gw": "1",
"sense": "1",
"norm0": "Lahar",
"pos": "DN",
"epos": "DN",
"base": "{d}lahar",
"morph": "~"}
}
,
{
"node": "d",
"type": "line-start",
"ref": "P429555.33",
"n": "12'",
"label": "o ii 12'"}
,
{
"node": "l",
"frag": "{d}a-ušar",
"id": "P429555.l27866",
"ref": "P429555.33.1",
"inst": "Aʾušar[1]DN",
"sig": "@dcclt%sux:{d}a-ušar=Aʾušar[1//1]DN'DN$Aʾušar/{d}a-ušar#~",
"f": {"lang": "sux",
"form": "{d}a-ušar",
"cf": "Aʾušar",
"gw": "1",
"sense": "1",
"norm0": "Aʾušar",
"pos": "DN",
"epos": "DN",
"base": "{d}a-ušar",
"morph": "~"}
}
,
{
"node": "d",
"type": "line-start",
"ref": "P429555.34",
"n": "13'",
"label": "o ii 13'"}
,
{
"node": "l",
"frag": "{d}{aš}aš₇-gi",
"id": "P429555.l27867",
"ref": "P429555.34.1",
"inst": "X",
"f": {"lang": "sux",
"form": "{d}{+aš}aš₇-gi",
"pos": "X"}
}
,
{
"node": "d",
"type": "line-start",
"ref": "P429555.35",
"n": "14'",
"label": "o ii 14'"}
,
{
"node": "l",
"frag": "{d}šakkan₂",
"id": "P429555.l27868",
"ref": "P429555.35.1",
"inst": "Šakkan[1]DN",
"sig": "@dcclt%sux:{d}šakkan₂=Šakkan[1//1]DN'DN$Šakkan/{d}šakkan₂#~",
"f": {"lang": "sux",
"form": "{d}šakkan₂",
"cf": "Šakkan",
"gw": "1",
"sense": "1",
"norm0": "Šakkan",
"pos": "DN",
"epos": "DN",
"base": "{d}šakkan₂",
"morph": "~"}
}
,
{
"node": "d",
"type": "nonx",
"ref": "P429555.36",
"strict": "1",
"extent": "rest",
"scope": "column",
"state": "missing"}
,
{
"node": "d",
"subtype": "column 3o",
"type": "column",
"ref": "P429555.o.iii.37",
"n": "3",
"label": "o iii"}
,
{
"node": "d",
"type": "nonx",
"ref": "P429555.38",
"strict": "1",
"extent": "beginning",
"scope": "column",
"state": "missing"}
,
{
"node": "d",
"type": "line-start",
"ref": "P429555.39",
"n": "1'",
"label": "o iii 1'"}
,
{
"node": "l",
"frag": "{⸢d⸣}[gu-la-zid-da]",
"id": "P429555.l27869",
"ref": "P429555.39.1",
"inst": "Gulazida[1]DN",
"sig": "@dcclt%sux:{d}gu-la-zid-da=Gulazida[1//1]DN'DN$Gulazida/{d}gu-la-zid-da#~",
"f": {"lang": "sux",
"form": "{d}gu-la-zid-da",
"cf": "Gulazida",
"gw": "1",
"sense": "1",
"norm0": "Gulazida",
"pos": "DN",
"epos": "DN",
"base": "{d}gu-la-zid-da",
"morph": "~"}
}
,
{
"node": "d",
"type": "line-start",
"ref": "P429555.40",
"n": "2'",
"label": "o iii 2'"}
,
{
"node": "l",
"frag": "{d}sud₃",
"id": "P429555.l2786a",
"ref": "P429555.40.1",
"inst": "Sud[1]DN",
"sig": "@dcclt%sux:{d}sud₃=Sud[1//1]DN'DN$Sud/{d}sud₃#~",
"f": {"lang": "sux",
"form": "{d}sud₃",
"cf": "Sud",
"gw": "1",
"sense": "1",
"norm0": "Sud",
"pos": "DN",
"epos": "DN",
"base": "{d}sud₃",
"morph": "~"}
}
,
{
"node": "d",
"type": "line-start",
"ref": "P429555.41",
"n": "3'",
"label": "o iii 3'"}
,
{
"node": "l",
"frag": "{d}kurun₂-[na]",
"id": "P429555.l2786b",
"ref": "P429555.41.1",
"inst": "Kuruna[1]DN",
"sig": "@dcclt%sux:{d}kurun₂-na=Kuruna[1//1]DN'DN$Kuruna/{d}kurun₂-na#~",
"f": {"lang": "sux",
"form": "{d}kurun₂-na",
"cf": "Kuruna",
"gw": "1",
"sense": "1",
"norm0": "Kuruna",
"pos": "DN",
"epos": "DN",
"base": "{d}kurun₂-na",
"morph": "~"}
}
,
{
"node": "d",
"type": "line-start",
"ref": "P429555.42",
"n": "4'",
"label": "o iii 4'"}
,
{
"node": "l",
"frag": "{d}nin(DAM)-⸢niŋin₃⸣-[ŋar-ra]",
"id": "P429555.l2786c",
"ref": "P429555.42.1",
"inst": "Ninniŋinŋarak[1]DN",
"sig": "@dcclt%sux:{d}nin-niŋin₃-ŋar-ra=Ninniŋinŋarak[1//1]DN'DN$Ninniŋinŋarak/{d}nin-niŋin₃-ŋar-ra#~",
"f": {"lang": "sux",
"form": "{d}nin-niŋin₃-ŋar-ra",
"cf": "Ninniŋinŋarak",
"gw": "1",
"sense": "1",
"norm0": "Ninniŋinŋarak",
"pos": "DN",
"epos": "DN",
"base": "{d}nin-niŋin₃-ŋar-ra",
"morph": "~"}
}
,
{
"node": "d",
"type": "line-start",
"ref": "P429555.43",
"n": "5'",
"label": "o iii 5'"}
,
{
"node": "l",
"frag": "{d}AN-[...]",
"id": "P429555.l2786d",
"ref": "P429555.43.1",
"inst": "u",
"f": {"lang": "sux",
"form": "{d}AN-x",
"pos": "u"}
}
,
{
"node": "d",
"type": "line-start",
"ref": "P429555.44",
"n": "6'",
"label": "o iii 6'"}
,
{
"node": "l",
"frag": "{d}da-⸢mu⸣",
"id": "P429555.l2786e",
"ref": "P429555.44.1",
"inst": "Damu[1]DN",
"sig": "@dcclt%sux:{d}da-mu=Damu[1//1]DN'DN$Damu/{d}da-mu#~",
"f": {"lang": "sux",
"form": "{d}da-mu",
"cf": "Damu",
"gw": "1",
"sense": "1",
"norm0": "Damu",
"pos": "DN",
"epos": "DN",
"base": "{d}da-mu",
"morph": "~"}
}
,
{
"node": "d",
"type": "line-start",
"ref": "P429555.45",
"n": "7'",
"label": "o iii 7'"}
,
{
"node": "l",
"frag": "{d}nin(DAM)-⸢UR₂⸣-[...]",
"id": "P429555.l2786f",
"ref": "P429555.45.1",
"inst": "u",
"f": {"lang": "sux",
"form": "{d}nin-UR₂-x",
"pos": "u"}
}
,
{
"node": "d",
"type": "line-start",
"ref": "P429555.46",
"n": "8'",
"label": "o iii 8'"}
,
{
"node": "l",
"frag": "{d}inana",
"id": "P429555.l27870",
"ref": "P429555.46.1",
"inst": "Inana[1]DN",
"sig": "@dcclt%sux:{d}inana=Inana[1//1]DN'DN$Inana/{d}inana#~",
"f": {"lang": "sux",
"form": "{d}inana",
"cf": "Inana",
"gw": "1",
"sense": "1",
"norm0": "Inana",
"pos": "DN",
"epos": "DN",
"base": "{d}inana",
"morph": "~"}
}
,
{
"node": "l",
"frag": "⸢e₂⸣-[an-na]",
"id": "P429555.l27871",
"ref": "P429555.46.2",
"inst": "Eana[1]TN",
"sig": "@dcclt%sux:e₂-an-na=Eana[1//1]TN'TN$Eana/e₂-an-na#~",
"f": {"lang": "sux",
"form": "e₂-an-na",
"cf": "Eana",
"gw": "1",
"sense": "1",
"norm0": "Eana",
"pos": "TN",
"epos": "TN",
"base": "e₂-an-na",
"morph": "~"}
}
,
{
"node": "d",
"type": "line-start",
"ref": "P429555.47",
"n": "9'",
"label": "o iii 9'"}
,
{
"node": "l",
"frag": "{d}inana",
"id": "P429555.l27872",
"ref": "P429555.47.1",
"inst": "Inana[1]DN",
"sig": "@dcclt%sux:{d}inana=Inana[1//1]DN'DN$Inana/{d}inana#~",
"f": {"lang": "sux",
"form": "{d}inana",
"cf": "Inana",
"gw": "1",
"sense": "1",
"norm0": "Inana",
"pos": "DN",
"epos": "DN",
"base": "{d}inana",
"morph": "~"}
}
,
{
"node": "l",
"frag": "i₃-lip{⸢ki⸣}",
"id": "P429555.l27873",
"ref": "P429555.47.2",
"inst": "X",
"f": {"lang": "sux",
"form": "i₃-lip{ki}",
"pos": "X"}
}
,
{
"node": "d",
"type": "line-start",
"ref": "P429555.48",
"n": "10'",
"label": "o iii 10'"}
,
{
"node": "l",
"frag": "{d}inana",
"id": "P429555.l27874",
"ref": "P429555.48.1",
"inst": "Inana[1]DN",
"sig": "@dcclt%sux:{d}inana=Inana[1//1]DN'DN$Inana/{d}inana#~",
"f": {"lang": "sux",
"form": "{d}inana",
"cf": "Inana",
"gw": "1",
"sense": "1",
"norm0": "Inana",
"pos": "DN",
"epos": "DN",
"base": "{d}inana",
"morph": "~"}
}
,
{
"node": "l",
"frag": "kiš{ki}",
"id": "P429555.l27875",
"ref": "P429555.48.2",
"inst": "Kiš[1]SN",
"sig": "@dcclt%sux:kiš{ki}=Kiš[1//1]SN'SN$Kiš/kiš{ki}#~",
"f": {"lang": "sux",
"form": "kiš{ki}",
"cf": "Kiš",
"gw": "1",
"sense": "1",
"norm0": "Kiš",
"pos": "SN",
"epos": "SN",
"base": "kiš{ki}",
"morph": "~"}
}
,
{
"node": "d",
"type": "line-start",
"ref": "P429555.49",
"n": "11'",
"label": "o iii 11'"}
,
{
"node": "l",
"frag": "{d}inana",
"id": "P429555.l27876",
"ref": "P429555.49.1",
"inst": "Inana[1]DN",
"sig": "@dcclt%sux:{d}inana=Inana[1//1]DN'DN$Inana/{d}inana#~",
"f": {"lang": "sux",
"form": "{d}inana",
"cf": "Inana",
"gw": "1",
"sense": "1",
"norm0": "Inana",
"pos": "DN",
"epos": "DN",
"base": "{d}inana",
"morph": "~"}
}
,
{
"node": "l",
"frag": "⸢zabalam⸣{[ki]}",
"id": "P429555.l27877",
"ref": "P429555.49.2",
"inst": "Zabalam[1]SN",
"sig": "@dcclt%sux:zabalam{ki}=Zabalam[1//1]SN'SN$Zabalam/zabalam{ki}#~",
"f": {"lang": "sux",
"form": "zabalam{ki}",
"cf": "Zabalam",
"gw": "1",
"sense": "1",
"norm0": "Zabalam",
"pos": "SN",
"epos": "SN",
"base": "zabalam{ki}",
"morph": "~"}
}
,
{
"node": "d",
"type": "line-start",
"ref": "P429555.50",
"n": "12'",
"label": "o iii 12'"}
,
{
"node": "l",
"frag": "{⸢d}inana",
"id": "P429555.l27878",
"ref": "P429555.50.1",
"inst": "Inana[1]DN",
"sig": "@dcclt%sux:{d}inana=Inana[1//1]DN'DN$Inana/{d}inana#~",
"f": {"lang": "sux",
"form": "{d}inana",
"cf": "Inana",
"gw": "1",
"sense": "1",
"norm0": "Inana",
"pos": "DN",
"epos": "DN",
"base": "{d}inana",
"morph": "~"}
}
,
{
"node": "l",
"frag": "a-ga-de₃⸣",
"id": "P429555.l27879",
"ref": "P429555.50.2",
"inst": "X",
"f": {"lang": "sux",
"form": "a-ga-de₃",
"pos": "X"}
}
,
{
"node": "d",
"type": "nonx",
"ref": "P429555.51",
"strict": "1",
"extent": "rest",
"scope": "column",
"state": "missing"}
]}
]}
]}
]}
