{
"type": "cdl",
  "source": "http://oracc.org/dcclt",
  "license": "This data is released under the CC0 license",
  "license-url": "https://creativecommons.org/publicdomain/zero/1.0/",
  "more-info": "http://oracc.org/doc/opendata/",
  "UTC-timestamp": "2017-05-19T18:28:13",
"project": "dcclt",
"textid": "P433289",
"cdl": [
{
"node": "c",
"type": "text",
"id": "P433289.U0",
"cdl": [
{
"node": "d",
"type": "object",
"ref": ""}
,
{
"node": "d",
"subtype": "obverse",
"type": "surface",
"ref": "P433289.o.1",
"type": "obverse",
"label": "o"}
,
{
"node": "c",
"type": "discourse",
"subtype": "body",
"id": "P433289.U1",
"cdl": [
{
"node": "c",
"type": "sentence",
"id": "P433289.U2",
"label": "o 1 - o 3",
"cdl": [
{
"node": "d",
"type": "line-start",
"ref": "P433289.2",
"n": "1",
"label": "o 1"}
,
{
"node": "l",
"frag": "udu",
"id": "P433289.l1aa57",
"ref": "P433289.2.1",
"inst": "udu[sheep]",
"sig": "@dcclt%sux:udu=udu[sheep//sheep]N'N$udu/udu#~",
"f": {"lang": "sux",
"form": "udu",
"cf": "udu",
"gw": "sheep",
"sense": "sheep",
"norm0": "udu",
"pos": "N",
"epos": "N",
"base": "udu",
"morph": "~"}
}
,
{
"node": "l",
"frag": "a-lum",
"id": "P433289.l1aa58",
"ref": "P433289.2.2",
"inst": "aslum[sheep]",
"sig": "@dcclt%sux:a-lum=aslum[sheep//a sheep]N'N$aslum/aslumₓ(|A.LUM|)#~",
"f": {"lang": "sux",
"form": "a-lum",
"cf": "aslum",
"gw": "sheep",
"sense": "a sheep",
"norm0": "aslum",
"pos": "N",
"epos": "N",
"base": "aslumₓ(|A.LUM|)",
"morph": "~"}
}
,
{
"node": "d",
"type": "line-start",
"ref": "P433289.3",
"n": "2",
"label": "o 2"}
,
{
"node": "l",
"frag": "udu",
"id": "P433289.l1aa59",
"ref": "P433289.3.1",
"inst": "udu[sheep]",
"sig": "@dcclt%sux:udu=udu[sheep//sheep]N'N$udu/udu#~",
"f": {"lang": "sux",
"form": "udu",
"cf": "udu",
"gw": "sheep",
"sense": "sheep",
"norm0": "udu",
"pos": "N",
"epos": "N",
"base": "udu",
"morph": "~"}
}
,
{
"node": "l",
"frag": "a-lum",
"id": "P433289.l1aa5a",
"ref": "P433289.3.2",
"inst": "aslum[sheep]",
"sig": "@dcclt%sux:a-lum=aslum[sheep//a sheep]N'N$aslum/aslumₓ(|A.LUM|)#~",
"f": {"lang": "sux",
"form": "a-lum",
"cf": "aslum",
"gw": "sheep",
"sense": "a sheep",
"norm0": "aslum",
"pos": "N",
"epos": "N",
"base": "aslumₓ(|A.LUM|)",
"morph": "~"}
}
,
{
"node": "l",
"frag": "niga",
"id": "P433289.l1aa5b",
"ref": "P433289.3.3",
"inst": "niga[fattened]",
"sig": "@dcclt%sux:niga=niga[fattened//fattened]V/i'V/i$niga/niga#~",
"f": {"lang": "sux",
"form": "niga",
"cf": "niga",
"gw": "fattened",
"sense": "fattened",
"norm0": "niga",
"pos": "V/i",
"epos": "V/i",
"base": "niga",
"morph": "~"}
}
,
{
"node": "d",
"type": "line-start",
"ref": "P433289.4",
"n": "3",
"label": "o 3"}
,
{
"node": "l",
"frag": "udu",
"id": "P433289.l1aa5c",
"ref": "P433289.4.1",
"inst": "udu[sheep]",
"sig": "@dcclt%sux:udu=udu[sheep//sheep]N'N$udu/udu#~",
"f": {"lang": "sux",
"form": "udu",
"cf": "udu",
"gw": "sheep",
"sense": "sheep",
"norm0": "udu",
"pos": "N",
"epos": "N",
"base": "udu",
"morph": "~"}
}
,
{
"node": "l",
"frag": "a-lum",
"id": "P433289.l1aa5d",
"ref": "P433289.4.2",
"inst": "aslum[sheep]",
"sig": "@dcclt%sux:a-lum=aslum[sheep//a sheep]N'N$aslum/aslumₓ(|A.LUM|)#~",
"f": {"lang": "sux",
"form": "a-lum",
"cf": "aslum",
"gw": "sheep",
"sense": "a sheep",
"norm0": "aslum",
"pos": "N",
"epos": "N",
"base": "aslumₓ(|A.LUM|)",
"morph": "~"}
}
,
{
"node": "l",
"frag": "gukkal",
"id": "P433289.l1aa5e",
"ref": "P433289.4.3",
"inst": "gukkal[sheep]",
"sig": "@dcclt%sux:gukkal=gukkal[sheep//sheep]N'N$gukkal/gukkal#~",
"f": {"lang": "sux",
"form": "gukkal",
"cf": "gukkal",
"gw": "sheep",
"sense": "sheep",
"norm0": "gukkal",
"pos": "N",
"epos": "N",
"base": "gukkal",
"morph": "~"}
}
,
{
"node": "d",
"subtype": "reverse",
"type": "surface",
"ref": "P433289.r.5",
"type": "reverse",
"label": "r"}
,
{
"node": "d",
"type": "nonx",
"ref": "P433289.6",
"strict": "0",
"extent": "0",
"scope": "obverse",
"state": "other"}
]}
]}
]}
]}
