{
"type": "cdl",
  "source": "http://oracc.org/dcclt",
  "license": "This data is released under the CC0 license",
  "license-url": "https://creativecommons.org/publicdomain/zero/1.0/",
  "more-info": "http://oracc.org/doc/opendata/",
  "UTC-timestamp": "2017-05-19T18:28:16",
"project": "dcclt",
"textid": "P434720",
"cdl": [
{
"node": "c",
"type": "text",
"id": "P434720.U0",
"cdl": [
{
"node": "d",
"subtype": "tablet",
"type": "object",
"ref": "P434720.x1249.1",
"type": "tablet",
"label": "x1249"}
,
{
"node": "d",
"type": "surface",
"ref": ""}
,
{
"node": "d",
"type": "nonx",
"ref": "P434720.2",
"strict": "1",
"extent": "beginning",
"scope": "column",
"state": "missing"}
,
{
"node": "c",
"type": "discourse",
"subtype": "body",
"id": "P434720.U1",
"cdl": [
{
"node": "c",
"type": "sentence",
"id": "P434720.U2",
"label": "1' - 18'",
"cdl": [
{
"node": "d",
"type": "line-start",
"ref": "P434720.3",
"n": "1'",
"label": "1'"}
,
{
"node": "d",
"type": "cell-start"}
,
{
"node": "d",
"type": "field-start",
"subtype": "wp"}
,
{
"node": "l",
"frag": "⸢tilla₂⸣",
"id": "P434720.l2e3f1",
"ref": "P434720.3.1",
"inst": "tilla[street]N",
"sig": "@dcclt%sux:tilla₂=tilla[street//street]N'N$tilla/tilla₂#~",
"f": {"lang": "sux",
"form": "tilla₂",
"cf": "tilla",
"gw": "street",
"sense": "street",
"norm0": "tilla",
"pos": "N",
"epos": "N",
"base": "tilla₂",
"morph": "~"}
}
,
{
"node": "d",
"type": "field-end",
"subtype": "wp"}
,
{
"node": "d",
"type": "cell-end"}
,
{
"node": "d",
"type": "cell-start"}
,
{
"node": "d",
"type": "field-start",
"subtype": "pr"}
,
{
"node": "l",
"frag": "[...]",
"id": "P434720.l2e3f2",
"ref": "P434720.3.2",
"inst": "u",
"f": {"lang": "sux",
"form": "x",
"pos": "u"}
}
,
{
"node": "d",
"type": "field-end",
"subtype": "pr"}
,
{
"node": "d",
"type": "cell-end"}
,
{
"node": "d",
"type": "cell-start"}
,
{
"node": "d",
"type": "field-start",
"subtype": "eq"}
,
{
"node": "l",
"frag": "[...]",
"id": "P434720.l2e3f3",
"ref": "P434720.3.3",
"inst": "u",
"f": {"lang": "akk-x-mbperi",
"form": "x",
"pos": "u"}
}
,
{
"node": "d",
"type": "field-end",
"subtype": "eq"}
,
{
"node": "d",
"type": "cell-end"}
,
{
"node": "d",
"type": "line-start",
"ref": "P434720.4",
"n": "2'",
"label": "2'"}
,
{
"node": "d",
"type": "cell-start"}
,
{
"node": "d",
"type": "field-start",
"subtype": "wp"}
,
{
"node": "l",
"frag": "tilla₂(|AN.AŠ.AN|)",
"id": "P434720.l2e3f4",
"ref": "P434720.4.1",
"inst": "tilla[street]N",
"sig": "@dcclt%sux:tilla₂(|AN.AŠ.AN|)=tilla[street//street]N'N$tilla/tilla₂(|AN.AŠ.AN|)#~",
"f": {"lang": "sux",
"form": "tilla₂(|AN.AŠ.AN|)",
"cf": "tilla",
"gw": "street",
"sense": "street",
"norm0": "tilla",
"pos": "N",
"epos": "N",
"base": "tilla₂(|AN.AŠ.AN|)",
"morph": "~"}
}
,
{
"node": "d",
"type": "field-end",
"subtype": "wp"}
,
{
"node": "d",
"type": "cell-end"}
,
{
"node": "d",
"type": "cell-start"}
,
{
"node": "d",
"type": "field-start",
"subtype": "pr"}
,
{
"node": "l",
"frag": "[...]",
"id": "P434720.l2e3f5",
"ref": "P434720.4.2",
"inst": "u",
"f": {"lang": "sux",
"form": "x",
"pos": "u"}
}
,
{
"node": "d",
"type": "field-end",
"subtype": "pr"}
,
{
"node": "d",
"type": "cell-end"}
,
{
"node": "d",
"type": "cell-start"}
,
{
"node": "d",
"type": "field-start",
"subtype": "eq"}
,
{
"node": "l",
"frag": "[...]",
"id": "P434720.l2e3f6",
"ref": "P434720.4.3",
"inst": "u",
"f": {"lang": "akk-x-mbperi",
"form": "x",
"pos": "u"}
}
,
{
"node": "d",
"type": "field-end",
"subtype": "eq"}
,
{
"node": "d",
"type": "cell-end"}
,
{
"node": "d",
"type": "nonx",
"ref": "P434720.5",
"strict": "1",
"extent": "1",
"scope": "line",
"state": "ruling"}
,
{
"node": "d",
"type": "line-start",
"ref": "P434720.6",
"n": "3'",
"label": "3'"}
,
{
"node": "d",
"type": "cell-start"}
,
{
"node": "d",
"type": "field-start",
"subtype": "wp"}
,
{
"node": "l",
"frag": "IŠ",
"id": "P434720.l2e3f7",
"ref": "P434720.6.1",
"inst": "X",
"f": {"lang": "sux",
"form": "IŠ",
"pos": "X"}
}
,
{
"node": "d",
"type": "field-end",
"subtype": "wp"}
,
{
"node": "d",
"type": "cell-end"}
,
{
"node": "d",
"type": "cell-start"}
,
{
"node": "d",
"type": "field-start",
"subtype": "pr"}
,
{
"node": "l",
"frag": "[(...)]",
"id": "P434720.l2e3f8",
"ref": "P434720.6.2",
"inst": "u",
"f": {"lang": "sux",
"form": "x",
"pos": "u"}
}
,
{
"node": "d",
"type": "field-end",
"subtype": "pr"}
,
{
"node": "d",
"type": "cell-end"}
,
{
"node": "d",
"type": "cell-start"}
,
{
"node": "d",
"type": "field-start",
"subtype": "eq"}
,
{
"node": "l",
"frag": "[...]",
"id": "P434720.l2e3f9",
"ref": "P434720.6.3",
"inst": "u",
"f": {"lang": "akk-x-mbperi",
"form": "x",
"pos": "u"}
}
,
{
"node": "d",
"type": "field-end",
"subtype": "eq"}
,
{
"node": "d",
"type": "cell-end"}
,
{
"node": "d",
"type": "line-start",
"ref": "P434720.7",
"n": "4'",
"label": "4'"}
,
{
"node": "d",
"type": "cell-start"}
,
{
"node": "d",
"type": "field-start",
"subtype": "wp"}
,
{
"node": "l",
"frag": "IŠ",
"id": "P434720.l2e3fa",
"ref": "P434720.7.1",
"inst": "X",
"f": {"lang": "sux",
"form": "IŠ",
"pos": "X"}
}
,
{
"node": "d",
"type": "field-end",
"subtype": "wp"}
,
{
"node": "d",
"type": "cell-end"}
,
{
"node": "d",
"type": "cell-start"}
,
{
"node": "d",
"type": "field-start",
"subtype": "pr"}
,
{
"node": "l",
"frag": "[(...)]",
"id": "P434720.l2e3fb",
"ref": "P434720.7.2",
"inst": "u",
"f": {"lang": "sux",
"form": "x",
"pos": "u"}
}
,
{
"node": "d",
"type": "field-end",
"subtype": "pr"}
,
{
"node": "d",
"type": "cell-end"}
,
{
"node": "d",
"type": "cell-start"}
,
{
"node": "d",
"type": "field-start",
"subtype": "eq"}
,
{
"node": "l",
"frag": "[...]",
"id": "P434720.l2e3fc",
"ref": "P434720.7.3",
"inst": "u",
"f": {"lang": "akk-x-mbperi",
"form": "x",
"pos": "u"}
}
,
{
"node": "d",
"type": "field-end",
"subtype": "eq"}
,
{
"node": "d",
"type": "cell-end"}
,
{
"node": "d",
"type": "line-start",
"ref": "P434720.8",
"n": "5'",
"label": "5'"}
,
{
"node": "d",
"type": "cell-start"}
,
{
"node": "d",
"type": "field-start",
"subtype": "wp"}
,
{
"node": "l",
"frag": "IŠ",
"id": "P434720.l2e3fd",
"ref": "P434720.8.1",
"inst": "X",
"f": {"lang": "sux",
"form": "IŠ",
"pos": "X"}
}
,
{
"node": "d",
"type": "field-end",
"subtype": "wp"}
,
{
"node": "d",
"type": "cell-end"}
,
{
"node": "d",
"type": "cell-start"}
,
{
"node": "d",
"type": "field-start",
"subtype": "pr"}
,
{
"node": "l",
"frag": "[(...)]",
"id": "P434720.l2e3fe",
"ref": "P434720.8.2",
"inst": "u",
"f": {"lang": "sux",
"form": "x",
"pos": "u"}
}
,
{
"node": "d",
"type": "field-end",
"subtype": "pr"}
,
{
"node": "d",
"type": "cell-end"}
,
{
"node": "d",
"type": "cell-start"}
,
{
"node": "d",
"type": "field-start",
"subtype": "eq"}
,
{
"node": "l",
"frag": "[...]",
"id": "P434720.l2e3ff",
"ref": "P434720.8.3",
"inst": "u",
"f": {"lang": "akk-x-mbperi",
"form": "x",
"pos": "u"}
}
,
{
"node": "d",
"type": "field-end",
"subtype": "eq"}
,
{
"node": "d",
"type": "cell-end"}
,
{
"node": "d",
"type": "line-start",
"ref": "P434720.9",
"n": "6'",
"label": "6'"}
,
{
"node": "d",
"type": "cell-start"}
,
{
"node": "d",
"type": "field-start",
"subtype": "wp"}
,
{
"node": "l",
"frag": "IŠ",
"id": "P434720.l2e400",
"ref": "P434720.9.1",
"inst": "X",
"f": {"lang": "sux",
"form": "IŠ",
"pos": "X"}
}
,
{
"node": "d",
"type": "field-end",
"subtype": "wp"}
,
{
"node": "d",
"type": "cell-end"}
,
{
"node": "d",
"type": "cell-start"}
,
{
"node": "d",
"type": "field-start",
"subtype": "pr"}
,
{
"node": "l",
"frag": "[(...)]",
"id": "P434720.l2e401",
"ref": "P434720.9.2",
"inst": "u",
"f": {"lang": "sux",
"form": "x",
"pos": "u"}
}
,
{
"node": "d",
"type": "field-end",
"subtype": "pr"}
,
{
"node": "d",
"type": "cell-end"}
,
{
"node": "d",
"type": "cell-start"}
,
{
"node": "d",
"type": "field-start",
"subtype": "eq"}
,
{
"node": "l",
"frag": "[...]",
"id": "P434720.l2e402",
"ref": "P434720.9.3",
"inst": "u",
"f": {"lang": "akk-x-mbperi",
"form": "x",
"pos": "u"}
}
,
{
"node": "d",
"type": "field-end",
"subtype": "eq"}
,
{
"node": "d",
"type": "cell-end"}
,
{
"node": "d",
"type": "line-start",
"ref": "P434720.10",
"n": "7'",
"label": "7'"}
,
{
"node": "d",
"type": "cell-start"}
,
{
"node": "d",
"type": "field-start",
"subtype": "wp"}
,
{
"node": "l",
"frag": "IŠ",
"id": "P434720.l2e403",
"ref": "P434720.10.1",
"inst": "X",
"f": {"lang": "sux",
"form": "IŠ",
"pos": "X"}
}
,
{
"node": "d",
"type": "field-end",
"subtype": "wp"}
,
{
"node": "d",
"type": "cell-end"}
,
{
"node": "d",
"type": "cell-start"}
,
{
"node": "d",
"type": "field-start",
"subtype": "pr"}
,
{
"node": "l",
"frag": "[(...)]",
"id": "P434720.l2e404",
"ref": "P434720.10.2",
"inst": "u",
"f": {"lang": "sux",
"form": "x",
"pos": "u"}
}
,
{
"node": "d",
"type": "field-end",
"subtype": "pr"}
,
{
"node": "d",
"type": "cell-end"}
,
{
"node": "d",
"type": "cell-start"}
,
{
"node": "d",
"type": "field-start",
"subtype": "eq"}
,
{
"node": "l",
"frag": "[...]",
"id": "P434720.l2e405",
"ref": "P434720.10.3",
"inst": "u",
"f": {"lang": "akk-x-mbperi",
"form": "x",
"pos": "u"}
}
,
{
"node": "d",
"type": "field-end",
"subtype": "eq"}
,
{
"node": "d",
"type": "cell-end"}
,
{
"node": "d",
"type": "line-start",
"ref": "P434720.11",
"n": "8'",
"label": "8'"}
,
{
"node": "d",
"type": "cell-start"}
,
{
"node": "d",
"type": "field-start",
"subtype": "wp"}
,
{
"node": "l",
"frag": "IŠ",
"id": "P434720.l2e406",
"ref": "P434720.11.1",
"inst": "X",
"f": {"lang": "sux",
"form": "IŠ",
"pos": "X"}
}
,
{
"node": "d",
"type": "field-end",
"subtype": "wp"}
,
{
"node": "d",
"type": "cell-end"}
,
{
"node": "d",
"type": "cell-start"}
,
{
"node": "d",
"type": "field-start",
"subtype": "pr"}
,
{
"node": "l",
"frag": "[(...)]",
"id": "P434720.l2e407",
"ref": "P434720.11.2",
"inst": "u",
"f": {"lang": "sux",
"form": "x",
"pos": "u"}
}
,
{
"node": "d",
"type": "field-end",
"subtype": "pr"}
,
{
"node": "d",
"type": "cell-end"}
,
{
"node": "d",
"type": "cell-start"}
,
{
"node": "d",
"type": "field-start",
"subtype": "eq"}
,
{
"node": "l",
"frag": "[...]",
"id": "P434720.l2e408",
"ref": "P434720.11.3",
"inst": "u",
"f": {"lang": "akk-x-mbperi",
"form": "x",
"pos": "u"}
}
,
{
"node": "d",
"type": "field-end",
"subtype": "eq"}
,
{
"node": "d",
"type": "cell-end"}
,
{
"node": "d",
"type": "line-start",
"ref": "P434720.12",
"n": "9'",
"label": "9'"}
,
{
"node": "d",
"type": "cell-start"}
,
{
"node": "d",
"type": "field-start",
"subtype": "wp"}
,
{
"node": "l",
"frag": "IŠ",
"id": "P434720.l2e409",
"ref": "P434720.12.1",
"inst": "X",
"f": {"lang": "sux",
"form": "IŠ",
"pos": "X"}
}
,
{
"node": "d",
"type": "field-end",
"subtype": "wp"}
,
{
"node": "d",
"type": "cell-end"}
,
{
"node": "d",
"type": "cell-start"}
,
{
"node": "d",
"type": "field-start",
"subtype": "pr"}
,
{
"node": "l",
"frag": "[(...)]",
"id": "P434720.l2e40a",
"ref": "P434720.12.2",
"inst": "u",
"f": {"lang": "sux",
"form": "x",
"pos": "u"}
}
,
{
"node": "d",
"type": "field-end",
"subtype": "pr"}
,
{
"node": "d",
"type": "cell-end"}
,
{
"node": "d",
"type": "cell-start"}
,
{
"node": "d",
"type": "field-start",
"subtype": "eq"}
,
{
"node": "l",
"frag": "[...]",
"id": "P434720.l2e40b",
"ref": "P434720.12.3",
"inst": "u",
"f": {"lang": "akk-x-mbperi",
"form": "x",
"pos": "u"}
}
,
{
"node": "d",
"type": "field-end",
"subtype": "eq"}
,
{
"node": "d",
"type": "cell-end"}
,
{
"node": "d",
"type": "line-start",
"ref": "P434720.13",
"n": "10'",
"label": "10'"}
,
{
"node": "d",
"type": "cell-start"}
,
{
"node": "d",
"type": "field-start",
"subtype": "wp"}
,
{
"node": "l",
"frag": "IŠ",
"id": "P434720.l2e40c",
"ref": "P434720.13.1",
"inst": "X",
"f": {"lang": "sux",
"form": "IŠ",
"pos": "X"}
}
,
{
"node": "d",
"type": "field-end",
"subtype": "wp"}
,
{
"node": "d",
"type": "cell-end"}
,
{
"node": "d",
"type": "cell-start"}
,
{
"node": "d",
"type": "field-start",
"subtype": "pr"}
,
{
"node": "l",
"frag": "[(...)]",
"id": "P434720.l2e40d",
"ref": "P434720.13.2",
"inst": "u",
"f": {"lang": "sux",
"form": "x",
"pos": "u"}
}
,
{
"node": "d",
"type": "field-end",
"subtype": "pr"}
,
{
"node": "d",
"type": "cell-end"}
,
{
"node": "d",
"type": "cell-start"}
,
{
"node": "d",
"type": "field-start",
"subtype": "eq"}
,
{
"node": "l",
"frag": "[...]",
"id": "P434720.l2e40e",
"ref": "P434720.13.3",
"inst": "u",
"f": {"lang": "akk-x-mbperi",
"form": "x",
"pos": "u"}
}
,
{
"node": "d",
"type": "field-end",
"subtype": "eq"}
,
{
"node": "d",
"type": "cell-end"}
,
{
"node": "d",
"type": "line-start",
"ref": "P434720.14",
"n": "11'",
"label": "11'"}
,
{
"node": "d",
"type": "cell-start"}
,
{
"node": "d",
"type": "field-start",
"subtype": "wp"}
,
{
"node": "l",
"frag": "IŠ",
"id": "P434720.l2e40f",
"ref": "P434720.14.1",
"inst": "X",
"f": {"lang": "sux",
"form": "IŠ",
"pos": "X"}
}
,
{
"node": "d",
"type": "field-end",
"subtype": "wp"}
,
{
"node": "d",
"type": "cell-end"}
,
{
"node": "d",
"type": "cell-start"}
,
{
"node": "d",
"type": "field-start",
"subtype": "pr"}
,
{
"node": "l",
"frag": "[(...)]",
"id": "P434720.l2e410",
"ref": "P434720.14.2",
"inst": "u",
"f": {"lang": "sux",
"form": "x",
"pos": "u"}
}
,
{
"node": "d",
"type": "field-end",
"subtype": "pr"}
,
{
"node": "d",
"type": "cell-end"}
,
{
"node": "d",
"type": "cell-start"}
,
{
"node": "d",
"type": "field-start",
"subtype": "eq"}
,
{
"node": "l",
"frag": "[...]",
"id": "P434720.l2e411",
"ref": "P434720.14.3",
"inst": "u",
"f": {"lang": "akk-x-mbperi",
"form": "x",
"pos": "u"}
}
,
{
"node": "d",
"type": "field-end",
"subtype": "eq"}
,
{
"node": "d",
"type": "cell-end"}
,
{
"node": "d",
"type": "line-start",
"ref": "P434720.15",
"n": "12'",
"label": "12'"}
,
{
"node": "d",
"type": "cell-start"}
,
{
"node": "d",
"type": "field-start",
"subtype": "wp"}
,
{
"node": "l",
"frag": "IŠ",
"id": "P434720.l2e412",
"ref": "P434720.15.1",
"inst": "X",
"f": {"lang": "sux",
"form": "IŠ",
"pos": "X"}
}
,
{
"node": "d",
"type": "field-end",
"subtype": "wp"}
,
{
"node": "d",
"type": "cell-end"}
,
{
"node": "d",
"type": "cell-start"}
,
{
"node": "d",
"type": "field-start",
"subtype": "pr"}
,
{
"node": "l",
"frag": "[(...)]",
"id": "P434720.l2e413",
"ref": "P434720.15.2",
"inst": "u",
"f": {"lang": "sux",
"form": "x",
"pos": "u"}
}
,
{
"node": "d",
"type": "field-end",
"subtype": "pr"}
,
{
"node": "d",
"type": "cell-end"}
,
{
"node": "d",
"type": "cell-start"}
,
{
"node": "d",
"type": "field-start",
"subtype": "eq"}
,
{
"node": "l",
"frag": "[...]",
"id": "P434720.l2e414",
"ref": "P434720.15.3",
"inst": "u",
"f": {"lang": "akk-x-mbperi",
"form": "x",
"pos": "u"}
}
,
{
"node": "d",
"type": "field-end",
"subtype": "eq"}
,
{
"node": "d",
"type": "cell-end"}
,
{
"node": "d",
"type": "line-start",
"ref": "P434720.16",
"n": "13'",
"label": "13'"}
,
{
"node": "d",
"type": "cell-start"}
,
{
"node": "d",
"type": "field-start",
"subtype": "wp"}
,
{
"node": "l",
"frag": "IŠ",
"id": "P434720.l2e415",
"ref": "P434720.16.1",
"inst": "X",
"f": {"lang": "sux",
"form": "IŠ",
"pos": "X"}
}
,
{
"node": "d",
"type": "field-end",
"subtype": "wp"}
,
{
"node": "d",
"type": "cell-end"}
,
{
"node": "d",
"type": "cell-start"}
,
{
"node": "d",
"type": "field-start",
"subtype": "pr"}
,
{
"node": "l",
"frag": "[(...)]",
"id": "P434720.l2e416",
"ref": "P434720.16.2",
"inst": "u",
"f": {"lang": "sux",
"form": "x",
"pos": "u"}
}
,
{
"node": "d",
"type": "field-end",
"subtype": "pr"}
,
{
"node": "d",
"type": "cell-end"}
,
{
"node": "d",
"type": "cell-start"}
,
{
"node": "d",
"type": "field-start",
"subtype": "eq"}
,
{
"node": "l",
"frag": "[...]",
"id": "P434720.l2e417",
"ref": "P434720.16.3",
"inst": "u",
"f": {"lang": "akk-x-mbperi",
"form": "x",
"pos": "u"}
}
,
{
"node": "d",
"type": "field-end",
"subtype": "eq"}
,
{
"node": "d",
"type": "cell-end"}
,
{
"node": "d",
"type": "nonx",
"ref": "P434720.17",
"strict": "1",
"extent": "1",
"scope": "line",
"state": "ruling"}
,
{
"node": "d",
"type": "line-start",
"ref": "P434720.18",
"n": "14'",
"label": "14'"}
,
{
"node": "d",
"type": "cell-start"}
,
{
"node": "d",
"type": "field-start",
"subtype": "wp"}
,
{
"node": "l",
"frag": "⸢iš⸣-iš",
"id": "P434720.l2e418",
"ref": "P434720.18.1",
"inst": "isiš[tears]N/iš-iš#~",
"sig": "@dcclt%sux:iš-iš=isiš[tears//tears]N'N$isiš/iš-iš#~",
"f": {"lang": "sux",
"form": "iš-iš",
"cf": "isiš",
"gw": "tears",
"sense": "tears",
"norm0": "isiš",
"pos": "N",
"epos": "N",
"base": "iš-iš",
"morph": "~"}
}
,
{
"node": "l",
"frag": "la₂",
"id": "P434720.l2e419",
"ref": "P434720.18.2",
"inst": "la[hang]V/t",
"sig": "@dcclt%sux:la₂=la[hang//hang]V/t'V/t$la/la₂#~",
"f": {"lang": "sux",
"form": "la₂",
"cf": "la",
"gw": "hang",
"sense": "hang",
"norm0": "la",
"pos": "V/t",
"epos": "V/t",
"base": "la₂",
"morph": "~"}
}
,
{
"node": "d",
"type": "field-end",
"subtype": "wp"}
,
{
"node": "d",
"type": "cell-end"}
,
{
"node": "d",
"type": "cell-start"}
,
{
"node": "d",
"type": "field-start",
"subtype": "pr"}
,
{
"node": "l",
"frag": "[...]",
"id": "P434720.l2e41a",
"ref": "P434720.18.3",
"inst": "u",
"f": {"lang": "sux",
"form": "x",
"pos": "u"}
}
,
{
"node": "d",
"type": "field-end",
"subtype": "pr"}
,
{
"node": "d",
"type": "cell-end"}
,
{
"node": "d",
"type": "cell-start"}
,
{
"node": "d",
"type": "field-start",
"subtype": "eq"}
,
{
"node": "l",
"frag": "[...]",
"id": "P434720.l2e41b",
"ref": "P434720.18.4",
"inst": "u",
"f": {"lang": "akk-x-mbperi",
"form": "x",
"pos": "u"}
}
,
{
"node": "d",
"type": "field-end",
"subtype": "eq"}
,
{
"node": "d",
"type": "cell-end"}
,
{
"node": "d",
"type": "line-start",
"ref": "P434720.19",
"n": "15'",
"label": "15'"}
,
{
"node": "d",
"type": "cell-start"}
,
{
"node": "d",
"type": "field-start",
"subtype": "wp"}
,
{
"node": "l",
"frag": "⸢iš⸣-iš",
"id": "P434720.l2e41c",
"ref": "P434720.19.1",
"inst": "isiš[tears]N",
"sig": "@dcclt%sux:iš-iš=isiš[tears//tears]N'N$isiš/iš-iš#~",
"f": {"lang": "sux",
"form": "iš-iš",
"cf": "isiš",
"gw": "tears",
"sense": "tears",
"norm0": "isiš",
"pos": "N",
"epos": "N",
"base": "iš-iš",
"morph": "~"}
}
,
{
"node": "l",
"frag": "la₂",
"id": "P434720.l2e41d",
"ref": "P434720.19.2",
"inst": "la[hang]V/t",
"sig": "@dcclt%sux:la₂=la[hang//hang]V/t'V/t$la/la₂#~",
"f": {"lang": "sux",
"form": "la₂",
"cf": "la",
"gw": "hang",
"sense": "hang",
"norm0": "la",
"pos": "V/t",
"epos": "V/t",
"base": "la₂",
"morph": "~"}
}
,
{
"node": "d",
"type": "field-end",
"subtype": "wp"}
,
{
"node": "d",
"type": "cell-end"}
,
{
"node": "d",
"type": "cell-start"}
,
{
"node": "d",
"type": "field-start",
"subtype": "pr"}
,
{
"node": "l",
"frag": "[...]",
"id": "P434720.l2e41e",
"ref": "P434720.19.3",
"inst": "u",
"f": {"lang": "sux",
"form": "x",
"pos": "u"}
}
,
{
"node": "d",
"type": "field-end",
"subtype": "pr"}
,
{
"node": "d",
"type": "cell-end"}
,
{
"node": "d",
"type": "cell-start"}
,
{
"node": "d",
"type": "field-start",
"subtype": "eq"}
,
{
"node": "l",
"frag": "[...]",
"id": "P434720.l2e41f",
"ref": "P434720.19.4",
"inst": "u",
"f": {"lang": "akk-x-mbperi",
"form": "x",
"pos": "u"}
}
,
{
"node": "d",
"type": "field-end",
"subtype": "eq"}
,
{
"node": "d",
"type": "cell-end"}
,
{
"node": "d",
"type": "line-start",
"ref": "P434720.20",
"n": "16'",
"label": "16'"}
,
{
"node": "d",
"type": "cell-start"}
,
{
"node": "d",
"type": "field-start",
"subtype": "wp"}
,
{
"node": "l",
"frag": "⸢iš⸣-iš",
"id": "P434720.l2e420",
"ref": "P434720.20.1",
"inst": "isiš[tears]N",
"sig": "@dcclt%sux:iš-iš=isiš[tears//tears]N'N$isiš/iš-iš#~",
"f": {"lang": "sux",
"form": "iš-iš",
"cf": "isiš",
"gw": "tears",
"sense": "tears",
"norm0": "isiš",
"pos": "N",
"epos": "N",
"base": "iš-iš",
"morph": "~"}
}
,
{
"node": "l",
"frag": "la₂",
"id": "P434720.l2e421",
"ref": "P434720.20.2",
"inst": "la[hang]V/t",
"sig": "@dcclt%sux:la₂=la[hang//hang]V/t'V/t$la/la₂#~",
"f": {"lang": "sux",
"form": "la₂",
"cf": "la",
"gw": "hang",
"sense": "hang",
"norm0": "la",
"pos": "V/t",
"epos": "V/t",
"base": "la₂",
"morph": "~"}
}
,
{
"node": "d",
"type": "field-end",
"subtype": "wp"}
,
{
"node": "d",
"type": "cell-end"}
,
{
"node": "d",
"type": "cell-start"}
,
{
"node": "d",
"type": "field-start",
"subtype": "pr"}
,
{
"node": "l",
"frag": "[...]",
"id": "P434720.l2e422",
"ref": "P434720.20.3",
"inst": "u",
"f": {"lang": "sux",
"form": "x",
"pos": "u"}
}
,
{
"node": "d",
"type": "field-end",
"subtype": "pr"}
,
{
"node": "d",
"type": "cell-end"}
,
{
"node": "d",
"type": "cell-start"}
,
{
"node": "d",
"type": "field-start",
"subtype": "eq"}
,
{
"node": "l",
"frag": "[...]",
"id": "P434720.l2e423",
"ref": "P434720.20.4",
"inst": "u",
"f": {"lang": "akk-x-mbperi",
"form": "x",
"pos": "u"}
}
,
{
"node": "d",
"type": "field-end",
"subtype": "eq"}
,
{
"node": "d",
"type": "cell-end"}
,
{
"node": "d",
"type": "nonx",
"ref": "P434720.21",
"strict": "1",
"extent": "1",
"scope": "line",
"state": "ruling"}
,
{
"node": "d",
"type": "line-start",
"ref": "P434720.22",
"n": "17'",
"label": "17'"}
,
{
"node": "d",
"type": "cell-start"}
,
{
"node": "d",
"type": "field-start",
"subtype": "wp"}
,
{
"node": "l",
"frag": "IŠ",
"id": "P434720.l2e424",
"ref": "P434720.22.1",
"inst": "X",
"f": {"lang": "sux",
"form": "IŠ",
"pos": "X"}
}
,
{
"node": "d",
"type": "field-end",
"subtype": "wp"}
,
{
"node": "d",
"type": "cell-end"}
,
{
"node": "d",
"type": "cell-start"}
,
{
"node": "d",
"type": "field-start",
"subtype": "pr"}
,
{
"node": "l",
"frag": "[...]",
"id": "P434720.l2e425",
"ref": "P434720.22.2",
"inst": "u",
"f": {"lang": "sux",
"form": "x",
"pos": "u"}
}
,
{
"node": "d",
"type": "field-end",
"subtype": "pr"}
,
{
"node": "d",
"type": "cell-end"}
,
{
"node": "d",
"type": "cell-start"}
,
{
"node": "d",
"type": "field-start",
"subtype": "eq"}
,
{
"node": "l",
"frag": "[...]",
"id": "P434720.l2e426",
"ref": "P434720.22.3",
"inst": "u",
"f": {"lang": "akk-x-mbperi",
"form": "x",
"pos": "u"}
}
,
{
"node": "d",
"type": "field-end",
"subtype": "eq"}
,
{
"node": "d",
"type": "cell-end"}
,
{
"node": "d",
"type": "line-start",
"ref": "P434720.23",
"n": "18'",
"label": "18'"}
,
{
"node": "d",
"type": "cell-start"}
,
{
"node": "d",
"type": "field-start",
"subtype": "wp"}
,
{
"node": "l",
"frag": "IŠ",
"id": "P434720.l2e427",
"ref": "P434720.23.1",
"inst": "X",
"f": {"lang": "sux",
"form": "IŠ",
"pos": "X"}
}
,
{
"node": "d",
"type": "field-end",
"subtype": "wp"}
,
{
"node": "d",
"type": "cell-end"}
,
{
"node": "d",
"type": "cell-start"}
,
{
"node": "d",
"type": "field-start",
"subtype": "pr"}
,
{
"node": "l",
"frag": "[...]",
"id": "P434720.l2e428",
"ref": "P434720.23.2",
"inst": "u",
"f": {"lang": "sux",
"form": "x",
"pos": "u"}
}
,
{
"node": "d",
"type": "field-end",
"subtype": "pr"}
,
{
"node": "d",
"type": "cell-end"}
,
{
"node": "d",
"type": "cell-start"}
,
{
"node": "d",
"type": "field-start",
"subtype": "eq"}
,
{
"node": "l",
"frag": "[...]",
"id": "P434720.l2e429",
"ref": "P434720.23.3",
"inst": "u",
"f": {"lang": "akk-x-mbperi",
"form": "x",
"pos": "u"}
}
,
{
"node": "d",
"type": "field-end",
"subtype": "eq"}
,
{
"node": "d",
"type": "cell-end"}
,
{
"node": "d",
"type": "nonx",
"ref": "P434720.24",
"strict": "1",
"extent": "rest",
"scope": "column",
"state": "missing"}
]}
]}
]}
]}
