{
"type": "cdl",
  "source": "http://oracc.org/dcclt",
  "license": "This data is released under the CC0 license",
  "license-url": "https://creativecommons.org/publicdomain/zero/1.0/",
  "more-info": "http://oracc.org/doc/opendata/",
  "UTC-timestamp": "2017-05-19T18:28:14",
"project": "dcclt",
"textid": "P434704",
"cdl": [
{
"node": "c",
"type": "text",
"id": "P434704.U0",
"cdl": [
{
"node": "d",
"subtype": "tablet",
"type": "object",
"ref": "P434704.x1236.1",
"type": "tablet",
"label": "x1236"}
,
{
"node": "d",
"type": "surface",
"ref": ""}
,
{
"node": "d",
"type": "nonx",
"ref": "P434704.2",
"strict": "1",
"extent": "beginning",
"scope": "column",
"state": "missing"}
,
{
"node": "c",
"type": "discourse",
"subtype": "body",
"id": "P434704.U1",
"cdl": [
{
"node": "c",
"type": "sentence",
"id": "P434704.U2",
"label": "1' - 10'",
"cdl": [
{
"node": "d",
"type": "line-start",
"ref": "P434704.3",
"n": "1'",
"label": "1'"}
,
{
"node": "d",
"type": "cell-start"}
,
{
"node": "d",
"type": "field-start",
"subtype": "wp"}
,
{
"node": "l",
"frag": "[nam]-⸢a₂-tah⸣",
"id": "P434704.l2d93f",
"ref": "P434704.3.1",
"inst": "namatah[help]",
"sig": "@dcclt%sux:nam-a₂-tah=namatah[help//help]N'N$namatah/nam-a₂-tah#~",
"f": {"lang": "sux",
"form": "nam-a₂-tah",
"cf": "namatah",
"gw": "help",
"sense": "help",
"norm0": "namatah",
"pos": "N",
"epos": "N",
"base": "nam-a₂-tah",
"morph": "~"}
}
,
{
"node": "d",
"type": "field-end",
"subtype": "wp"}
,
{
"node": "d",
"type": "cell-end"}
,
{
"node": "d",
"type": "cell-start"}
,
{
"node": "d",
"type": "field-start",
"subtype": "eq"}
,
{
"node": "l",
"frag": "[...]",
"id": "P434704.l2d940",
"ref": "P434704.3.2",
"inst": "u",
"f": {"lang": "akk-x-mbperi",
"form": "x",
"pos": "u"}
}
,
{
"node": "d",
"type": "field-end",
"subtype": "eq"}
,
{
"node": "d",
"type": "cell-end"}
,
{
"node": "d",
"type": "cell-start"}
,
{
"node": "d",
"type": "field-start",
"subtype": "eq"}
,
{
"node": "l",
"frag": "šar-di-⸢ia⸣-[tar]",
"id": "P434704.l2d941",
"ref": "P434704.3.3",
"inst": "X",
"f": {"lang": "hit",
"form": "šar-di-ia-tar",
"pos": "X"}
}
,
{
"node": "d",
"type": "field-end",
"subtype": "eq"}
,
{
"node": "d",
"type": "cell-end"}
,
{
"node": "d",
"type": "line-start",
"ref": "P434704.4",
"n": "2'",
"label": "2'"}
,
{
"node": "d",
"type": "cell-start"}
,
{
"node": "d",
"type": "field-start",
"subtype": "wp"}
,
{
"node": "l",
"frag": "⸢nam⸣-sipad",
"id": "P434704.l2d942",
"ref": "P434704.4.1",
"inst": "namsipad[shepherdship]N",
"sig": "@dcclt%sux:nam-sipad=namsipad[shepherdship//shepherdship]N'N$namsipad/nam-sipad#~",
"f": {"lang": "sux",
"form": "nam-sipad",
"cf": "namsipad",
"gw": "shepherdship",
"sense": "shepherdship",
"norm0": "namsipad",
"pos": "N",
"epos": "N",
"base": "nam-sipad",
"morph": "~"}
}
,
{
"node": "d",
"type": "field-end",
"subtype": "wp"}
,
{
"node": "d",
"type": "cell-end"}
,
{
"node": "d",
"type": "cell-start"}
,
{
"node": "d",
"type": "field-start",
"subtype": "eq"}
,
{
"node": "l",
"frag": "re-⸢uʾ-u₂⸣-ut-tum",
"id": "P434704.l2d943",
"ref": "P434704.4.2",
"inst": "+rēʾûtu[shepherdship]N$rēʾuttum",
"sig": "@dcclt%akk-x-mbperi:re-uʾ-u₂-ut-tum=rēʾûtu[shepherdship//shepherdship]N'N$rēʾuttum",
"f": {"lang": "akk-x-mbperi",
"form": "re-uʾ-u₂-ut-tum",
"cf": "rēʾûtu",
"gw": "shepherdship",
"sense": "shepherdship",
"norm": "rēʾuttum",
"pos": "N",
"epos": "N"}
}
,
{
"node": "d",
"type": "field-end",
"subtype": "eq"}
,
{
"node": "d",
"type": "cell-end"}
,
{
"node": "d",
"type": "cell-start"}
,
{
"node": "d",
"type": "field-start",
"subtype": "eq"}
,
{
"node": "l",
"frag": "{lu₂}⸢SIPA⸣-[a-tar]",
"id": "P434704.l2d944",
"ref": "P434704.4.3",
"inst": "X",
"f": {"lang": "hit",
"form": "{lu₂}SIPA-a-tar",
"pos": "X"}
}
,
{
"node": "d",
"type": "field-end",
"subtype": "eq"}
,
{
"node": "d",
"type": "cell-end"}
,
{
"node": "d",
"type": "line-start",
"ref": "P434704.5",
"n": "3'",
"label": "3'"}
,
{
"node": "d",
"type": "cell-start"}
,
{
"node": "d",
"type": "field-start",
"subtype": "wp"}
,
{
"node": "l",
"frag": "⸢nam⸣-gab₂-bar",
"id": "P434704.l2d945",
"ref": "P434704.5.1",
"inst": "namgabar[work of shepherd-boy]",
"sig": "@dcclt%sux:nam-gab₂-bar=namgabar[work of shepherd-boy//work of shepherd-boy]N'N$namgabar/nam-gab₂-bar#~",
"f": {"lang": "sux",
"form": "nam-gab₂-bar",
"cf": "namgabar",
"gw": "work of shepherd-boy",
"sense": "work of shepherd-boy",
"norm0": "namgabar",
"pos": "N",
"epos": "N",
"base": "nam-gab₂-bar",
"morph": "~"}
}
,
{
"node": "d",
"type": "field-end",
"subtype": "wp"}
,
{
"node": "d",
"type": "cell-end"}
,
{
"node": "d",
"type": "cell-start"}
,
{
"node": "d",
"type": "field-start",
"subtype": "eq"}
,
{
"node": "l",
"frag": "kap-par₂-ut-tum",
"id": "P434704.l2d946",
"ref": "P434704.5.2",
"inst": "+kaparrūtu[work of shepherd-boy]N$kapparuttum",
"sig": "@dcclt%akk-x-mbperi:kap-par₂-ut-tum=kaparrūtu[work of shepherd-boy//work of shepherd-boy]N'N$kapparuttum",
"f": {"lang": "akk-x-mbperi",
"form": "kap-par₂-ut-tum",
"cf": "kaparrūtu",
"gw": "work of shepherd-boy",
"sense": "work of shepherd-boy",
"norm": "kapparuttum",
"pos": "N",
"epos": "N"}
}
,
{
"node": "d",
"type": "field-end",
"subtype": "eq"}
,
{
"node": "d",
"type": "cell-end"}
,
{
"node": "d",
"type": "cell-start"}
,
{
"node": "d",
"type": "field-start",
"subtype": "eq"}
,
{
"node": "l",
"frag": "{lu₂}⸢GAB₂⸣.[BAR-x-tar]",
"id": "P434704.l2d947",
"ref": "P434704.5.3",
"inst": "u",
"f": {"lang": "hit",
"form": "{lu₂}GAB₂.BAR-x-tar",
"pos": "u"}
}
,
{
"node": "d",
"type": "field-end",
"subtype": "eq"}
,
{
"node": "d",
"type": "cell-end"}
,
{
"node": "d",
"type": "line-start",
"ref": "P434704.6",
"n": "4'",
"label": "4'"}
,
{
"node": "d",
"type": "cell-start"}
,
{
"node": "d",
"type": "field-start",
"subtype": "wp"}
,
{
"node": "l",
"frag": "[nam]-udul₅",
"id": "P434704.l2d948",
"ref": "P434704.6.1",
"inst": "namudul[post of chief herdsman]",
"sig": "@dcclt%sux:nam-udul₅=namudul[post of chief herdsman//post of chief herdsman]N'N$namudul/nam-udul₅#~",
"f": {"lang": "sux",
"form": "nam-udul₅",
"cf": "namudul",
"gw": "post of chief herdsman",
"sense": "post of chief herdsman",
"norm0": "namudul",
"pos": "N",
"epos": "N",
"base": "nam-udul₅",
"morph": "~"}
}
,
{
"node": "d",
"type": "field-end",
"subtype": "wp"}
,
{
"node": "d",
"type": "cell-end"}
,
{
"node": "d",
"type": "cell-start"}
,
{
"node": "d",
"type": "field-start",
"subtype": "eq"}
,
{
"node": "l",
"frag": "u₂-tu₃-lu-ut-tum",
"id": "P434704.l2d949",
"ref": "P434704.6.2",
"inst": "+utullūtu[post of chief herdsman]N$utulluttum",
"sig": "@dcclt%akk-x-mbperi:u₂-tu₃-lu-ut-tum=utullūtu[post of chief herdsman//post of chief herdsman]N'N$utulluttum",
"f": {"lang": "akk-x-mbperi",
"form": "u₂-tu₃-lu-ut-tum",
"cf": "utullūtu",
"gw": "post of chief herdsman",
"sense": "post of chief herdsman",
"norm": "utulluttum",
"pos": "N",
"epos": "N"}
}
,
{
"node": "d",
"type": "field-end",
"subtype": "eq"}
,
{
"node": "d",
"type": "cell-end"}
,
{
"node": "d",
"type": "cell-start"}
,
{
"node": "d",
"type": "field-start",
"subtype": "eq"}
,
{
"node": "l",
"frag": "GUD",
"id": "P434704.l2d94a",
"ref": "P434704.6.3",
"inst": "X",
"f": {"lang": "hit",
"form": "GUD",
"pos": "X"}
}
,
{
"node": "l",
"frag": "[...]",
"id": "P434704.l2d94b",
"ref": "P434704.6.4",
"inst": "u",
"f": {"lang": "hit",
"form": "x",
"pos": "u"}
}
,
{
"node": "d",
"type": "field-end",
"subtype": "eq"}
,
{
"node": "d",
"type": "cell-end"}
,
{
"node": "d",
"type": "line-start",
"ref": "P434704.7",
"n": "5'",
"label": "5'"}
,
{
"node": "d",
"type": "cell-start"}
,
{
"node": "d",
"type": "field-start",
"subtype": "wp"}
,
{
"node": "l",
"frag": "[nam]-⸢gab₂⸣-sar",
"id": "P434704.l2d94c",
"ref": "P434704.7.1",
"inst": "namgabsar[profession of engraver]",
"sig": "@dcclt%sux:nam-gab₂-sar=namgabsar[profession of engraver//profession of engraver]N'N$namgabsar/nam-gab₂-sar#~",
"f": {"lang": "sux",
"form": "nam-gab₂-sar",
"cf": "namgabsar",
"gw": "profession of engraver",
"sense": "profession of engraver",
"norm0": "namgabsar",
"pos": "N",
"epos": "N",
"base": "nam-gab₂-sar",
"morph": "~"}
}
,
{
"node": "d",
"type": "field-end",
"subtype": "wp"}
,
{
"node": "d",
"type": "cell-end"}
,
{
"node": "d",
"type": "cell-start"}
,
{
"node": "d",
"type": "field-start",
"subtype": "eq"}
,
{
"node": "l",
"frag": "{lu₂}GAB₂.SAR{ut-tum}",
"id": "P434704.l2d94d",
"ref": "P434704.7.2",
"inst": "+kabšarrūtu[profession of stone-carver]N$kabšarruttum",
"sig": "@dcclt%akk-x-mbperi:{lu₂}GAB₂.SAR{+ut-tum}=kabšarrūtu[profession of stone-carver//profession of stone-carver]N'N$kabšarruttum",
"f": {"lang": "akk-x-mbperi",
"form": "{lu₂}GAB₂.SAR{+ut-tum}",
"cf": "kabšarrūtu",
"gw": "profession of stone-carver",
"sense": "profession of stone-carver",
"norm": "kabšarruttum",
"pos": "N",
"epos": "N"}
}
,
{
"node": "d",
"type": "field-end",
"subtype": "eq"}
,
{
"node": "d",
"type": "cell-end"}
,
{
"node": "d",
"type": "cell-start"}
,
{
"node": "d",
"type": "field-start",
"subtype": "eq"}
,
{
"node": "l",
"frag": "{⸢lu₂⸣}[...]",
"id": "P434704.l2d94e",
"ref": "P434704.7.3",
"inst": "u",
"f": {"lang": "hit",
"form": "{lu₂}x",
"pos": "u"}
}
,
{
"node": "d",
"type": "field-end",
"subtype": "eq"}
,
{
"node": "d",
"type": "cell-end"}
,
{
"node": "d",
"type": "line-start",
"ref": "P434704.8",
"n": "6'",
"label": "6'"}
,
{
"node": "d",
"type": "cell-start"}
,
{
"node": "d",
"type": "field-start",
"subtype": "wp"}
,
{
"node": "l",
"frag": "[nam-mu]-⸢sar⸣",
"id": "P434704.l2d94f",
"ref": "P434704.8.1",
"inst": "nammusar[craft of engraver]",
"sig": "@dcclt%sux:nam-mu-sar=nammusar[craft of engraver//craft of engraver]N'N$nammusar/nam-mu-sar#~",
"f": {"lang": "sux",
"form": "nam-mu-sar",
"cf": "nammusar",
"gw": "craft of engraver",
"sense": "craft of engraver",
"norm0": "nammusar",
"pos": "N",
"epos": "N",
"base": "nam-mu-sar",
"morph": "~"}
}
,
{
"node": "d",
"type": "field-end",
"subtype": "wp"}
,
{
"node": "d",
"type": "cell-end"}
,
{
"node": "d",
"type": "cell-start"}
,
{
"node": "d",
"type": "field-start",
"subtype": "eq"}
,
{
"node": "l",
"frag": "mu-uš-šar-ut-tum",
"id": "P434704.l2d950",
"ref": "P434704.8.2",
"inst": "+muššarrūtu[craft of wood inscriber]N$muššarruttum",
"sig": "@dcclt%akk-x-mbperi:mu-uš-šar-ut-tum=muššarrūtu[craft of wood inscriber//craft of wood inscriber]N'N$muššarruttum",
"f": {"lang": "akk-x-mbperi",
"form": "mu-uš-šar-ut-tum",
"cf": "muššarrūtu",
"gw": "craft of wood inscriber",
"sense": "craft of wood inscriber",
"norm": "muššarruttum",
"pos": "N",
"epos": "N"}
}
,
{
"node": "d",
"type": "field-end",
"subtype": "eq"}
,
{
"node": "d",
"type": "cell-end"}
,
{
"node": "d",
"type": "cell-start"}
,
{
"node": "d",
"type": "field-start",
"subtype": "eq"}
,
{
"node": "l",
"frag": "{⸢lu₂⸣}[...]",
"id": "P434704.l2d951",
"ref": "P434704.8.3",
"inst": "u",
"f": {"lang": "hit",
"form": "{lu₂}x",
"pos": "u"}
}
,
{
"node": "d",
"type": "field-end",
"subtype": "eq"}
,
{
"node": "d",
"type": "cell-end"}
,
{
"node": "d",
"type": "nonx",
"ref": "P434704.9",
"strict": "1",
"extent": "1",
"scope": "line",
"state": "ruling"}
,
{
"node": "d",
"type": "line-start",
"ref": "P434704.10",
"n": "7'",
"label": "7'"}
,
{
"node": "d",
"type": "cell-start"}
,
{
"node": "d",
"type": "field-start",
"subtype": "wp"}
,
{
"node": "l",
"frag": "[nam-dub-sar]",
"id": "P434704.l2d952",
"ref": "P434704.10.1",
"inst": "namdubsar[the scribal arts]N",
"sig": "@dcclt%sux:nam-dub-sar=namdubsar[the scribal arts//the scribal arts]N'N$namdubsar/nam-dub-sar#~",
"f": {"lang": "sux",
"form": "nam-dub-sar",
"cf": "namdubsar",
"gw": "the scribal arts",
"sense": "the scribal arts",
"norm0": "namdubsar",
"pos": "N",
"epos": "N",
"base": "nam-dub-sar",
"morph": "~"}
}
,
{
"node": "d",
"type": "field-end",
"subtype": "wp"}
,
{
"node": "d",
"type": "cell-end"}
,
{
"node": "d",
"type": "cell-start"}
,
{
"node": "d",
"type": "field-start",
"subtype": "eq"}
,
{
"node": "l",
"frag": "{⸢lu₂}DUB.SAR{ut⸣-tu₃}",
"id": "P434704.l2d953",
"ref": "P434704.10.2",
"inst": "+ṭupšarrūtu[scribal art]N$ṭupšarruttu",
"sig": "@dcclt%akk-x-mbperi:{lu₂}DUB.SAR{+ut-tu₃}=ṭupšarrūtu[scribal art//scribal art]N'N$ṭupšarruttu",
"f": {"lang": "akk-x-mbperi",
"form": "{lu₂}DUB.SAR{+ut-tu₃}",
"cf": "ṭupšarrūtu",
"gw": "scribal art",
"sense": "scribal art",
"norm": "ṭupšarruttu",
"pos": "N",
"epos": "N"}
}
,
{
"node": "d",
"type": "field-end",
"subtype": "eq"}
,
{
"node": "d",
"type": "cell-end"}
,
{
"node": "d",
"type": "cell-start"}
,
{
"node": "d",
"type": "field-start",
"subtype": "eq"}
,
{
"node": "l",
"frag": "[...]",
"id": "P434704.l2d954",
"ref": "P434704.10.3",
"inst": "u",
"f": {"lang": "hit",
"form": "x",
"pos": "u"}
}
,
{
"node": "d",
"type": "field-end",
"subtype": "eq"}
,
{
"node": "d",
"type": "cell-end"}
,
{
"node": "d",
"type": "line-start",
"ref": "P434704.11",
"n": "8'",
"label": "8'"}
,
{
"node": "d",
"type": "cell-start"}
,
{
"node": "d",
"type": "field-start",
"subtype": "wp"}
,
{
"node": "l",
"frag": "[...]",
"id": "P434704.l2d955",
"ref": "P434704.11.1",
"inst": "u",
"f": {"lang": "sux",
"form": "x",
"pos": "u"}
}
,
{
"node": "d",
"type": "field-end",
"subtype": "wp"}
,
{
"node": "d",
"type": "cell-end"}
,
{
"node": "d",
"type": "cell-start"}
,
{
"node": "d",
"type": "field-start",
"subtype": "eq"}
,
{
"node": "l",
"frag": "[x-x]-⸢x-si-ut⸣-[tu₃]",
"id": "P434704.l2d956",
"ref": "P434704.11.2",
"inst": "u",
"f": {"lang": "akk-x-mbperi",
"form": "x-x-x-si-ut-tu₃",
"pos": "u"}
}
,
{
"node": "d",
"type": "field-end",
"subtype": "eq"}
,
{
"node": "d",
"type": "cell-end"}
,
{
"node": "d",
"type": "cell-start"}
,
{
"node": "d",
"type": "field-start",
"subtype": "eq"}
,
{
"node": "l",
"frag": "[...]",
"id": "P434704.l2d957",
"ref": "P434704.11.3",
"inst": "u",
"f": {"lang": "hit",
"form": "x",
"pos": "u"}
}
,
{
"node": "d",
"type": "field-end",
"subtype": "eq"}
,
{
"node": "d",
"type": "cell-end"}
,
{
"node": "d",
"type": "line-start",
"ref": "P434704.12",
"n": "9'",
"label": "9'"}
,
{
"node": "d",
"type": "cell-start"}
,
{
"node": "d",
"type": "field-start",
"subtype": "wp"}
,
{
"node": "l",
"frag": "[...]",
"id": "P434704.l2d958",
"ref": "P434704.12.1",
"inst": "u",
"f": {"lang": "sux",
"form": "x",
"pos": "u"}
}
,
{
"node": "d",
"type": "field-end",
"subtype": "wp"}
,
{
"node": "d",
"type": "cell-end"}
,
{
"node": "d",
"type": "cell-start"}
,
{
"node": "d",
"type": "field-start",
"subtype": "eq"}
,
{
"node": "l",
"frag": "[x-x]-⸢ut-tu₃⸣",
"id": "P434704.l2d959",
"ref": "P434704.12.2",
"inst": "u",
"f": {"lang": "akk-x-mbperi",
"form": "x-x-ut-tu₃",
"pos": "u"}
}
,
{
"node": "d",
"type": "field-end",
"subtype": "eq"}
,
{
"node": "d",
"type": "cell-end"}
,
{
"node": "d",
"type": "cell-start"}
,
{
"node": "d",
"type": "field-start",
"subtype": "eq"}
,
{
"node": "l",
"frag": "[...]",
"id": "P434704.l2d95a",
"ref": "P434704.12.3",
"inst": "u",
"f": {"lang": "hit",
"form": "x",
"pos": "u"}
}
,
{
"node": "d",
"type": "field-end",
"subtype": "eq"}
,
{
"node": "d",
"type": "cell-end"}
,
{
"node": "d",
"type": "line-start",
"ref": "P434704.13",
"n": "10'",
"label": "10'"}
,
{
"node": "d",
"type": "cell-start"}
,
{
"node": "d",
"type": "field-start",
"subtype": "wp"}
,
{
"node": "l",
"frag": "[...]",
"id": "P434704.l2d95b",
"ref": "P434704.13.1",
"inst": "u",
"f": {"lang": "sux",
"form": "x",
"pos": "u"}
}
,
{
"node": "d",
"type": "field-end",
"subtype": "wp"}
,
{
"node": "d",
"type": "cell-end"}
,
{
"node": "d",
"type": "cell-start"}
,
{
"node": "d",
"type": "field-start",
"subtype": "eq"}
,
{
"node": "l",
"frag": "[x-x]-⸢x-ut⸣-[tu₃]",
"id": "P434704.l2d95c",
"ref": "P434704.13.2",
"inst": "u",
"f": {"lang": "akk-x-mbperi",
"form": "x-x-x-ut-tu₃",
"pos": "u"}
}
,
{
"node": "d",
"type": "field-end",
"subtype": "eq"}
,
{
"node": "d",
"type": "cell-end"}
,
{
"node": "d",
"type": "cell-start"}
,
{
"node": "d",
"type": "field-start",
"subtype": "eq"}
,
{
"node": "l",
"frag": "[...]",
"id": "P434704.l2d95d",
"ref": "P434704.13.3",
"inst": "u",
"f": {"lang": "hit",
"form": "x",
"pos": "u"}
}
,
{
"node": "d",
"type": "field-end",
"subtype": "eq"}
,
{
"node": "d",
"type": "cell-end"}
,
{
"node": "d",
"type": "nonx",
"ref": "P434704.14",
"strict": "1",
"extent": "rest",
"scope": "column",
"state": "missing"}
]}
]}
]}
]}
