{
"type": "cdl",
  "source": "http://oracc.org/dcclt",
  "license": "This data is released under the CC0 license",
  "license-url": "https://creativecommons.org/publicdomain/zero/1.0/",
  "more-info": "http://oracc.org/doc/opendata/",
  "UTC-timestamp": "2017-05-19T18:28:14",
"project": "dcclt",
"textid": "P434703",
"cdl": [
{
"node": "c",
"type": "text",
"id": "P434703.U0",
"cdl": [
{
"node": "d",
"subtype": "tablet",
"type": "object",
"ref": "P434703.x1373.1",
"type": "tablet",
"label": "x1373"}
,
{
"node": "d",
"type": "surface",
"ref": ""}
,
{
"node": "d",
"subtype": "column 1'",
"type": "column",
"ref": "P434703.i_.2",
"n": "1",
"label": "i'"}
,
{
"node": "d",
"type": "nonx",
"ref": "P434703.3",
"strict": "1",
"extent": "beginning",
"scope": "line",
"state": "missing"}
,
{
"node": "c",
"type": "discourse",
"subtype": "body",
"id": "P434703.U1",
"cdl": [
{
"node": "c",
"type": "sentence",
"id": "P434703.U2",
"label": "i' 1' - b.e. 5'",
"cdl": [
{
"node": "d",
"type": "line-start",
"ref": "P434703.4",
"n": "1'",
"label": "i' 1'"}
,
{
"node": "l",
"frag": "[ninda",
"id": "P434703.l341b1",
"ref": "P434703.4.1",
"inst": "ninda[bread]N",
"sig": "@dcclt%sux:ninda=ninda[bread//bread]N'N$ninda/ninda#~",
"f": {"lang": "sux",
"form": "ninda",
"cf": "ninda",
"gw": "bread",
"sense": "bread",
"norm0": "ninda",
"pos": "N",
"epos": "N",
"base": "ninda",
"morph": "~"}
}
,
{
"node": "l",
"frag": "...]-⸢x⸣",
"id": "P434703.l341b2",
"ref": "P434703.4.2",
"inst": "u",
"f": {"lang": "sux",
"form": "x-x",
"pos": "u"}
}
,
{
"node": "d",
"type": "line-start",
"ref": "P434703.5",
"n": "2'",
"label": "i' 2'"}
,
{
"node": "l",
"frag": "[ninda",
"id": "P434703.l341b3",
"ref": "P434703.5.1",
"inst": "ninda[bread]N",
"sig": "@dcclt%sux:ninda=ninda[bread//bread]N'N$ninda/ninda#~",
"f": {"lang": "sux",
"form": "ninda",
"cf": "ninda",
"gw": "bread",
"sense": "bread",
"norm0": "ninda",
"pos": "N",
"epos": "N",
"base": "ninda",
"morph": "~"}
}
,
{
"node": "l",
"frag": "...]-⸢x⸣",
"id": "P434703.l341b4",
"ref": "P434703.5.2",
"inst": "u",
"f": {"lang": "sux",
"form": "x-x",
"pos": "u"}
}
,
{
"node": "d",
"type": "line-start",
"ref": "P434703.6",
"n": "3'",
"label": "i' 3'"}
,
{
"node": "l",
"frag": "[ninda-i₃-de₂]-a",
"id": "P434703.l341b5",
"ref": "P434703.6.1",
"inst": "nindaʾidea[bread]N",
"sig": "@dcclt%sux:ninda-i₃-de₂-a=nindaʾidea[bread//a pastry or a bread]N'N$nindaʾidea/ninda-i₃-de₂-a#~",
"f": {"lang": "sux",
"form": "ninda-i₃-de₂-a",
"cf": "nindaʾidea",
"gw": "bread",
"sense": "a pastry or a bread",
"norm0": "nindaʾidea",
"pos": "N",
"epos": "N",
"base": "ninda-i₃-de₂-a",
"morph": "~"}
}
,
{
"node": "d",
"type": "line-start",
"ref": "P434703.7",
"n": "4'",
"label": "i' 4'"}
,
{
"node": "l",
"frag": "[ninda-i₃-de₂]-⸢a⸣",
"id": "P434703.l341b6",
"ref": "P434703.7.1",
"inst": "nindaʾidea[bread]N",
"sig": "@dcclt%sux:ninda-i₃-de₂-a=nindaʾidea[bread//a pastry or a bread]N'N$nindaʾidea/ninda-i₃-de₂-a#~",
"f": {"lang": "sux",
"form": "ninda-i₃-de₂-a",
"cf": "nindaʾidea",
"gw": "bread",
"sense": "a pastry or a bread",
"norm0": "nindaʾidea",
"pos": "N",
"epos": "N",
"base": "ninda-i₃-de₂-a",
"morph": "~"}
}
,
{
"node": "l",
"frag": "sag₁₀",
"id": "P434703.l341b7",
"ref": "P434703.7.2",
"inst": "sag[(to be) rare, precious]V/i",
"sig": "@dcclt%sux:sag₁₀=sag[rare//(to be) rare, precious]V/i'V/i$sag/sag₁₀#~",
"f": {"lang": "sux",
"form": "sag₁₀",
"cf": "sag",
"gw": "rare",
"sense": "(to be) rare, precious",
"norm0": "sag",
"pos": "V/i",
"epos": "V/i",
"base": "sag₁₀",
"morph": "~"}
}
,
{
"node": "d",
"type": "line-start",
"ref": "P434703.8",
"n": "5'",
"label": "i' 5'"}
,
{
"node": "l",
"frag": "[ninda-i₃-de₂]-⸢a⸣",
"id": "P434703.l341b8",
"ref": "P434703.8.1",
"inst": "nindaʾidea[bread]N",
"sig": "@dcclt%sux:ninda-i₃-de₂-a=nindaʾidea[bread//a pastry or a bread]N'N$nindaʾidea/ninda-i₃-de₂-a#~",
"f": {"lang": "sux",
"form": "ninda-i₃-de₂-a",
"cf": "nindaʾidea",
"gw": "bread",
"sense": "a pastry or a bread",
"norm0": "nindaʾidea",
"pos": "N",
"epos": "N",
"base": "ninda-i₃-de₂-a",
"morph": "~"}
}
,
{
"node": "l",
"frag": "GIR₃",
"id": "P434703.l341b9",
"ref": "P434703.8.2",
"inst": "X",
"f": {"lang": "sux",
"form": "GIR₃",
"pos": "X"}
}
,
{
"node": "d",
"type": "line-start",
"ref": "P434703.9",
"n": "6'",
"label": "i' 6'"}
,
{
"node": "l",
"frag": "[ninda-i₃-de₂]-⸢a",
"id": "P434703.l341ba",
"ref": "P434703.9.1",
"inst": "nindaʾidea[bread]N",
"sig": "@dcclt%sux:ninda-i₃-de₂-a=nindaʾidea[bread//a pastry or a bread]N'N$nindaʾidea/ninda-i₃-de₂-a#~",
"f": {"lang": "sux",
"form": "ninda-i₃-de₂-a",
"cf": "nindaʾidea",
"gw": "bread",
"sense": "a pastry or a bread",
"norm0": "nindaʾidea",
"pos": "N",
"epos": "N",
"base": "ninda-i₃-de₂-a",
"morph": "~"}
}
,
{
"node": "l",
"frag": "mel⸣",
"id": "P434703.l341bb",
"ref": "P434703.9.2",
"inst": "mel[malt-flour]",
"sig": "@dcclt%sux:mel=mel[malt-flour//malt-flour]N'N$mel/mel#~",
"f": {"lang": "sux",
"form": "mel",
"cf": "mel",
"gw": "malt-flour",
"sense": "malt-flour",
"norm0": "mel",
"pos": "N",
"epos": "N",
"base": "mel",
"morph": "~"}
}
,
{
"node": "d",
"type": "line-start",
"ref": "P434703.10",
"n": "7'",
"label": "i' 7'"}
,
{
"node": "l",
"frag": "[ninda-i₃]-⸢de₂⸣-a",
"id": "P434703.l341bc",
"ref": "P434703.10.1",
"inst": "nindaʾidea[bread]N",
"sig": "@dcclt%sux:ninda-i₃-de₂-a=nindaʾidea[bread//a pastry or a bread]N'N$nindaʾidea/ninda-i₃-de₂-a#~",
"f": {"lang": "sux",
"form": "ninda-i₃-de₂-a",
"cf": "nindaʾidea",
"gw": "bread",
"sense": "a pastry or a bread",
"norm0": "nindaʾidea",
"pos": "N",
"epos": "N",
"base": "ninda-i₃-de₂-a",
"morph": "~"}
}
,
{
"node": "l",
"frag": "⸢lam⸣",
"id": "P434703.l341bd",
"ref": "P434703.10.2",
"inst": "lam[tree]",
"sig": "@dcclt%sux:lam=lam[tree//a nut-bearing tree]N'N$lam/lam#~",
"f": {"lang": "sux",
"form": "lam",
"cf": "lam",
"gw": "tree",
"sense": "a nut-bearing tree",
"norm0": "lam",
"pos": "N",
"epos": "N",
"base": "lam",
"morph": "~"}
}
,
{
"node": "d",
"type": "line-start",
"ref": "P434703.11",
"n": "8'",
"label": "i' 8'"}
,
{
"node": "l",
"frag": "[ninda-i₃-de₂]-⸢a⸣",
"id": "P434703.l341be",
"ref": "P434703.11.1",
"inst": "nindaʾidea[bread]N",
"sig": "@dcclt%sux:ninda-i₃-de₂-a=nindaʾidea[bread//a pastry or a bread]N'N$nindaʾidea/ninda-i₃-de₂-a#~",
"f": {"lang": "sux",
"form": "ninda-i₃-de₂-a",
"cf": "nindaʾidea",
"gw": "bread",
"sense": "a pastry or a bread",
"norm0": "nindaʾidea",
"pos": "N",
"epos": "N",
"base": "ninda-i₃-de₂-a",
"morph": "~"}
}
,
{
"node": "l",
"frag": "i₃",
"id": "P434703.l341bf",
"ref": "P434703.11.2",
"inst": "i[oil]N",
"sig": "@dcclt%sux:i₃=i[oil//oil]N'N$i/i₃#~",
"f": {"lang": "sux",
"form": "i₃",
"cf": "i",
"gw": "oil",
"sense": "oil",
"norm0": "i",
"pos": "N",
"epos": "N",
"base": "i₃",
"morph": "~"}
}
,
{
"node": "l",
"frag": "⸢udu⸣",
"id": "P434703.l341c0",
"ref": "P434703.11.3",
"inst": "udu[sheep]N",
"sig": "@dcclt%sux:udu=udu[sheep//sheep]N'N$udu/udu#~",
"f": {"lang": "sux",
"form": "udu",
"cf": "udu",
"gw": "sheep",
"sense": "sheep",
"norm0": "udu",
"pos": "N",
"epos": "N",
"base": "udu",
"morph": "~"}
}
,
{
"node": "d",
"type": "line-start",
"ref": "P434703.12",
"n": "9'",
"label": "i' 9'"}
,
{
"node": "l",
"frag": "[ninda-i₃-de₂]-⸢a⸣",
"id": "P434703.l341c1",
"ref": "P434703.12.1",
"inst": "nindaʾidea[bread]N",
"sig": "@dcclt%sux:ninda-i₃-de₂-a=nindaʾidea[bread//a pastry or a bread]N'N$nindaʾidea/ninda-i₃-de₂-a#~",
"f": {"lang": "sux",
"form": "ninda-i₃-de₂-a",
"cf": "nindaʾidea",
"gw": "bread",
"sense": "a pastry or a bread",
"norm0": "nindaʾidea",
"pos": "N",
"epos": "N",
"base": "ninda-i₃-de₂-a",
"morph": "~"}
}
,
{
"node": "l",
"frag": "i₃-ŋeš",
"id": "P434703.l341c2",
"ref": "P434703.12.2",
"inst": "iŋeš[oil]N",
"sig": "@dcclt%sux:i₃-ŋeš=iŋeš[oil//oil]N'N$iŋeš/i₃-ŋeš#~",
"f": {"lang": "sux",
"form": "i₃-ŋeš",
"cf": "iŋeš",
"gw": "oil",
"sense": "oil",
"norm0": "iŋeš",
"pos": "N",
"epos": "N",
"base": "i₃-ŋeš",
"morph": "~"}
}
,
{
"node": "d",
"type": "line-start",
"ref": "P434703.13",
"n": "10'",
"label": "i' 10'"}
,
{
"node": "l",
"frag": "[ninda-i₃-de₂-a]",
"id": "P434703.l341c3",
"ref": "P434703.13.1",
"inst": "nindaʾidea[bread]N",
"sig": "@dcclt%sux:ninda-i₃-de₂-a=nindaʾidea[bread//a pastry or a bread]N'N$nindaʾidea/ninda-i₃-de₂-a#~",
"f": {"lang": "sux",
"form": "ninda-i₃-de₂-a",
"cf": "nindaʾidea",
"gw": "bread",
"sense": "a pastry or a bread",
"norm0": "nindaʾidea",
"pos": "N",
"epos": "N",
"base": "ninda-i₃-de₂-a",
"morph": "~"}
}
,
{
"node": "l",
"frag": "⸢i₃⸣",
"id": "P434703.l341c4",
"ref": "P434703.13.2",
"inst": "i[oil]N",
"sig": "@dcclt%sux:i₃=i[oil//oil]N'N$i/i₃#~",
"f": {"lang": "sux",
"form": "i₃",
"cf": "i",
"gw": "oil",
"sense": "oil",
"norm0": "i",
"pos": "N",
"epos": "N",
"base": "i₃",
"morph": "~"}
}
,
{
"node": "l",
"frag": "šah",
"id": "P434703.l341c5",
"ref": "P434703.13.3",
"inst": "šah[pig]N",
"sig": "@dcclt%sux:šah=šah[pig//pig]N'N$šah/šah#~",
"f": {"lang": "sux",
"form": "šah",
"cf": "šah",
"gw": "pig",
"sense": "pig",
"norm0": "šah",
"pos": "N",
"epos": "N",
"base": "šah",
"morph": "~"}
}
,
{
"node": "d",
"type": "line-start",
"ref": "P434703.14",
"n": "11'",
"label": "i' 11'"}
,
{
"node": "l",
"frag": "[ninda-i₃-de₂-a]",
"id": "P434703.l341c6",
"ref": "P434703.14.1",
"inst": "nindaʾidea[bread]N",
"sig": "@dcclt%sux:ninda-i₃-de₂-a=nindaʾidea[bread//a pastry or a bread]N'N$nindaʾidea/ninda-i₃-de₂-a#~",
"f": {"lang": "sux",
"form": "ninda-i₃-de₂-a",
"cf": "nindaʾidea",
"gw": "bread",
"sense": "a pastry or a bread",
"norm0": "nindaʾidea",
"pos": "N",
"epos": "N",
"base": "ninda-i₃-de₂-a",
"morph": "~"}
}
,
{
"node": "l",
"frag": "⸢i₃⸣-nun",
"id": "P434703.l341c7",
"ref": "P434703.14.2",
"inst": "inun[ghee, clarified butter]N",
"sig": "@dcclt%sux:i₃-nun=inun[ghee//ghee, clarified butter]N'N$inun/i₃-nun#~",
"f": {"lang": "sux",
"form": "i₃-nun",
"cf": "inun",
"gw": "ghee",
"sense": "ghee, clarified butter",
"norm0": "inun",
"pos": "N",
"epos": "N",
"base": "i₃-nun",
"morph": "~"}
}
,
{
"node": "d",
"type": "line-start",
"ref": "P434703.15",
"n": "12'",
"label": "i' 12'"}
,
{
"node": "l",
"frag": "[ninda-i₃-de₂]-⸢a⸣",
"id": "P434703.l341c8",
"ref": "P434703.15.1",
"inst": "nindaʾidea[bread]N",
"sig": "@dcclt%sux:ninda-i₃-de₂-a=nindaʾidea[bread//a pastry or a bread]N'N$nindaʾidea/ninda-i₃-de₂-a#~",
"f": {"lang": "sux",
"form": "ninda-i₃-de₂-a",
"cf": "nindaʾidea",
"gw": "bread",
"sense": "a pastry or a bread",
"norm0": "nindaʾidea",
"pos": "N",
"epos": "N",
"base": "ninda-i₃-de₂-a",
"morph": "~"}
}
,
{
"node": "l",
"frag": "lal₃",
"id": "P434703.l341c9",
"ref": "P434703.15.2",
"inst": "lal[syrup]N",
"sig": "@dcclt%sux:lal₃=lal[syrup//syrup]N'N$lal/lal₃#~",
"f": {"lang": "sux",
"form": "lal₃",
"cf": "lal",
"gw": "syrup",
"sense": "syrup",
"norm0": "lal",
"pos": "N",
"epos": "N",
"base": "lal₃",
"morph": "~"}
}
,
{
"node": "d",
"type": "nonx",
"ref": "P434703.16",
"strict": "0",
"extent": "0",
"scope": "column",
"state": "other"}
,
{
"node": "d",
"subtype": "column 2'",
"type": "column",
"ref": "P434703.ii_.17",
"n": "2",
"label": "ii'"}
,
{
"node": "d",
"type": "nonx",
"ref": "P434703.18",
"strict": "1",
"extent": "beginning",
"scope": "line",
"state": "missing"}
,
{
"node": "d",
"type": "line-start",
"ref": "P434703.19",
"n": "1'",
"label": "ii' 1'"}
,
{
"node": "l",
"frag": "⸢ninda⸣",
"id": "P434703.l341ca",
"ref": "P434703.19.1",
"inst": "ninda[bread]N",
"sig": "@dcclt%sux:ninda=ninda[bread//bread]N'N$ninda/ninda#~",
"f": {"lang": "sux",
"form": "ninda",
"cf": "ninda",
"gw": "bread",
"sense": "bread",
"norm0": "ninda",
"pos": "N",
"epos": "N",
"base": "ninda",
"morph": "~"}
}
,
{
"node": "l",
"frag": "[...]",
"id": "P434703.l341cb",
"ref": "P434703.19.2",
"inst": "u",
"f": {"lang": "sux",
"form": "x",
"pos": "u"}
}
,
{
"node": "d",
"type": "line-start",
"ref": "P434703.20",
"n": "2'",
"label": "ii' 2'"}
,
{
"node": "l",
"frag": "ninda",
"id": "P434703.l341cc",
"ref": "P434703.20.1",
"inst": "ninda[bread]N",
"sig": "@dcclt%sux:ninda=ninda[bread//bread]N'N$ninda/ninda#~",
"f": {"lang": "sux",
"form": "ninda",
"cf": "ninda",
"gw": "bread",
"sense": "bread",
"norm0": "ninda",
"pos": "N",
"epos": "N",
"base": "ninda",
"morph": "~"}
}
,
{
"node": "l",
"frag": "[...]",
"id": "P434703.l341cd",
"ref": "P434703.20.2",
"inst": "u",
"f": {"lang": "sux",
"form": "x",
"pos": "u"}
}
,
{
"node": "d",
"type": "line-start",
"ref": "P434703.21",
"n": "3'",
"label": "ii' 3'"}
,
{
"node": "l",
"frag": "ninda",
"id": "P434703.l341ce",
"ref": "P434703.21.1",
"inst": "ninda[bread]N",
"sig": "@dcclt%sux:ninda=ninda[bread//bread]N'N$ninda/ninda#~",
"f": {"lang": "sux",
"form": "ninda",
"cf": "ninda",
"gw": "bread",
"sense": "bread",
"norm0": "ninda",
"pos": "N",
"epos": "N",
"base": "ninda",
"morph": "~"}
}
,
{
"node": "l",
"frag": "ba-an-[du]",
"id": "P434703.l341cf",
"ref": "P434703.21.2",
"inst": "pandu[a cake]",
"sig": "@dcclt%sux:ba-an-du=pandu[a cake//a cake]N'N$pandu/ba-an-du#~",
"f": {"lang": "sux",
"form": "ba-an-du",
"cf": "pandu",
"gw": "a cake",
"sense": "a cake",
"norm0": "pandu",
"pos": "N",
"epos": "N",
"base": "ba-an-du",
"morph": "~"}
}
,
{
"node": "d",
"type": "line-start",
"ref": "P434703.22",
"n": "4'",
"label": "ii' 4'"}
,
{
"node": "l",
"frag": "ninda",
"id": "P434703.l341d0",
"ref": "P434703.22.1",
"inst": "ninda[bread]N",
"sig": "@dcclt%sux:ninda=ninda[bread//bread]N'N$ninda/ninda#~",
"f": {"lang": "sux",
"form": "ninda",
"cf": "ninda",
"gw": "bread",
"sense": "bread",
"norm0": "ninda",
"pos": "N",
"epos": "N",
"base": "ninda",
"morph": "~"}
}
,
{
"node": "l",
"frag": "ba-an-[du-nu-um]",
"id": "P434703.l341d1",
"ref": "P434703.22.2",
"inst": "pandunum[bread]",
"sig": "@dcclt%sux:ba-an-du-nu-um=pandunum[bread//bread]N'N$pandunum/ba-an-du-nu-um#~",
"f": {"lang": "sux",
"form": "ba-an-du-nu-um",
"cf": "pandunum",
"gw": "bread",
"sense": "bread",
"norm0": "pandunum",
"pos": "N",
"epos": "N",
"base": "ba-an-du-nu-um",
"morph": "~"}
}
,
{
"node": "d",
"type": "line-start",
"ref": "P434703.23",
"n": "5'",
"label": "ii' 5'"}
,
{
"node": "l",
"frag": "ninda",
"id": "P434703.l341d2",
"ref": "P434703.23.1",
"inst": "ninda[bread]N",
"sig": "@dcclt%sux:ninda=ninda[bread//bread]N'N$ninda/ninda#~",
"f": {"lang": "sux",
"form": "ninda",
"cf": "ninda",
"gw": "bread",
"sense": "bread",
"norm0": "ninda",
"pos": "N",
"epos": "N",
"base": "ninda",
"morph": "~"}
}
,
{
"node": "l",
"frag": "ba-⸢na⸣-[ni-gum]",
"id": "P434703.l341d3",
"ref": "P434703.23.2",
"inst": "pananikum[bread]",
"sig": "@dcclt%sux:ba-na-ni-gum=pananikum[bread//bread]N'N$pananikum/ba-na-ni-gum#~",
"f": {"lang": "sux",
"form": "ba-na-ni-gum",
"cf": "pananikum",
"gw": "bread",
"sense": "bread",
"norm0": "pananikum",
"pos": "N",
"epos": "N",
"base": "ba-na-ni-gum",
"morph": "~"}
}
,
{
"node": "d",
"type": "line-start",
"ref": "P434703.24",
"n": "6'",
"label": "ii' 6'"}
,
{
"node": "l",
"frag": "ninda",
"id": "P434703.l341d4",
"ref": "P434703.24.1",
"inst": "ninda[bread]N",
"sig": "@dcclt%sux:ninda=ninda[bread//bread]N'N$ninda/ninda#~",
"f": {"lang": "sux",
"form": "ninda",
"cf": "ninda",
"gw": "bread",
"sense": "bread",
"norm0": "ninda",
"pos": "N",
"epos": "N",
"base": "ninda",
"morph": "~"}
}
,
{
"node": "l",
"frag": "⸢tah⸣-[ha]",
"id": "P434703.l341d5",
"ref": "P434703.24.2",
"inst": "tah[add]",
"sig": "@dcclt%sux:tah-ha=tah[add//add]V/t'V/t$tah;a/tah#~;a",
"f": {"lang": "sux",
"form": "tah-ha",
"cf": "tah",
"gw": "add",
"sense": "add",
"norm0": "tah;a",
"pos": "V/t",
"epos": "V/t",
"base": "tah",
"morph": "~;a"}
}
,
{
"node": "d",
"type": "line-start",
"ref": "P434703.25",
"n": "7'",
"label": "ii' 7'"}
,
{
"node": "l",
"frag": "ninda",
"id": "P434703.l341d6",
"ref": "P434703.25.1",
"inst": "ninda[bread]N",
"sig": "@dcclt%sux:ninda=ninda[bread//bread]N'N$ninda/ninda#~",
"f": {"lang": "sux",
"form": "ninda",
"cf": "ninda",
"gw": "bread",
"sense": "bread",
"norm0": "ninda",
"pos": "N",
"epos": "N",
"base": "ninda",
"morph": "~"}
}
,
{
"node": "l",
"frag": "⸢ŋarza⸣",
"id": "P434703.l341d7",
"ref": "P434703.25.2",
"inst": "ŋarza[rites]N",
"sig": "@dcclt%sux:ŋarza=ŋarza[rites//rites]N'N$ŋarza/ŋarza#~",
"f": {"lang": "sux",
"form": "ŋarza",
"cf": "ŋarza",
"gw": "rites",
"sense": "rites",
"norm0": "ŋarza",
"pos": "N",
"epos": "N",
"base": "ŋarza",
"morph": "~"}
}
,
{
"node": "d",
"type": "line-start",
"ref": "P434703.26",
"n": "8'",
"label": "ii' 8'"}
,
{
"node": "l",
"frag": "ninda",
"id": "P434703.l341d8",
"ref": "P434703.26.1",
"inst": "ninda[bread]N",
"sig": "@dcclt%sux:ninda=ninda[bread//bread]N'N$ninda/ninda#~",
"f": {"lang": "sux",
"form": "ninda",
"cf": "ninda",
"gw": "bread",
"sense": "bread",
"norm0": "ninda",
"pos": "N",
"epos": "N",
"base": "ninda",
"morph": "~"}
}
,
{
"node": "l",
"frag": "sur-⸢ra⸣",
"id": "P434703.l341d9",
"ref": "P434703.26.2",
"inst": "sur[bread]",
"sig": "@dcclt%sux:sur-ra=sur[bread//bread]N'N$sur,ak/sur#~,ak",
"f": {"lang": "sux",
"form": "sur-ra",
"cf": "sur",
"gw": "bread",
"sense": "bread",
"norm0": "sur,ak",
"pos": "N",
"epos": "N",
"base": "sur",
"morph": "~,ak"}
}
,
{
"node": "d",
"type": "line-start",
"ref": "P434703.27",
"n": "9'",
"label": "ii' 9'"}
,
{
"node": "l",
"frag": "ninda",
"id": "P434703.l341da",
"ref": "P434703.27.1",
"inst": "ninda[bread]N",
"sig": "@dcclt%sux:ninda=ninda[bread//bread]N'N$ninda/ninda#~",
"f": {"lang": "sux",
"form": "ninda",
"cf": "ninda",
"gw": "bread",
"sense": "bread",
"norm0": "ninda",
"pos": "N",
"epos": "N",
"base": "ninda",
"morph": "~"}
}
,
{
"node": "l",
"frag": "al-⸢x⸣-[x]",
"id": "P434703.l341db",
"ref": "P434703.27.2",
"inst": "u",
"f": {"lang": "sux",
"form": "al-x-x",
"pos": "u"}
}
,
{
"node": "d",
"type": "line-start",
"ref": "P434703.28",
"n": "10'",
"label": "ii' 10'"}
,
{
"node": "l",
"frag": "ninda",
"id": "P434703.l341dc",
"ref": "P434703.28.1",
"inst": "ninda[bread]N",
"sig": "@dcclt%sux:ninda=ninda[bread//bread]N'N$ninda/ninda#~",
"f": {"lang": "sux",
"form": "ninda",
"cf": "ninda",
"gw": "bread",
"sense": "bread",
"norm0": "ninda",
"pos": "N",
"epos": "N",
"base": "ninda",
"morph": "~"}
}
,
{
"node": "l",
"frag": "⸢nindaba⸣",
"id": "P434703.l341dd",
"ref": "P434703.28.2",
"inst": "nindaba[(food) offering]N",
"sig": "@dcclt%sux:nindaba=nindaba[offering//(food) offering]N'N$nindaba/nindaba#~",
"f": {"lang": "sux",
"form": "nindaba",
"cf": "nindaba",
"gw": "offering",
"sense": "(food) offering",
"norm0": "nindaba",
"pos": "N",
"epos": "N",
"base": "nindaba",
"morph": "~"}
}
,
{
"node": "d",
"type": "line-start",
"ref": "P434703.29",
"n": "11'",
"label": "ii' 11'"}
,
{
"node": "l",
"frag": "ninda",
"id": "P434703.l341de",
"ref": "P434703.29.1",
"inst": "ninda[bread]N",
"sig": "@dcclt%sux:ninda=ninda[bread//bread]N'N$ninda/ninda#~",
"f": {"lang": "sux",
"form": "ninda",
"cf": "ninda",
"gw": "bread",
"sense": "bread",
"norm0": "ninda",
"pos": "N",
"epos": "N",
"base": "ninda",
"morph": "~"}
}
,
{
"node": "l",
"frag": "⸢nindaba⸣",
"id": "P434703.l341df",
"ref": "P434703.29.2",
"inst": "nindaba[(food) offering]N",
"sig": "@dcclt%sux:nindaba=nindaba[offering//(food) offering]N'N$nindaba/nindaba#~",
"f": {"lang": "sux",
"form": "nindaba",
"cf": "nindaba",
"gw": "offering",
"sense": "(food) offering",
"norm0": "nindaba",
"pos": "N",
"epos": "N",
"base": "nindaba",
"morph": "~"}
}
,
{
"node": "d",
"type": "line-start",
"ref": "P434703.30",
"n": "12'",
"label": "ii' 12'"}
,
{
"node": "l",
"frag": "ninda",
"id": "P434703.l341e0",
"ref": "P434703.30.1",
"inst": "ninda[bread]N",
"sig": "@dcclt%sux:ninda=ninda[bread//bread]N'N$ninda/ninda#~",
"f": {"lang": "sux",
"form": "ninda",
"cf": "ninda",
"gw": "bread",
"sense": "bread",
"norm0": "ninda",
"pos": "N",
"epos": "N",
"base": "ninda",
"morph": "~"}
}
,
{
"node": "l",
"frag": "{ŋeš}⸢hašhur⸣",
"id": "P434703.l341e1",
"ref": "P434703.30.2",
"inst": "hašhur[apple]N",
"sig": "@dcclt%sux:{ŋeš}hašhur=hašhur[apple//apple (tree)]N'N$hašhur/{ŋeš}hašhur#~",
"f": {"lang": "sux",
"form": "{ŋeš}hašhur",
"cf": "hašhur",
"gw": "apple",
"sense": "apple (tree)",
"norm0": "hašhur",
"pos": "N",
"epos": "N",
"base": "{ŋeš}hašhur",
"morph": "~"}
}
,
{
"node": "d",
"type": "line-start",
"ref": "P434703.31",
"n": "13'",
"label": "ii' 13'"}
,
{
"node": "l",
"frag": "ninda",
"id": "P434703.l341e2",
"ref": "P434703.31.1",
"inst": "ninda[bread]N",
"sig": "@dcclt%sux:ninda=ninda[bread//bread]N'N$ninda/ninda#~",
"f": {"lang": "sux",
"form": "ninda",
"cf": "ninda",
"gw": "bread",
"sense": "bread",
"norm0": "ninda",
"pos": "N",
"epos": "N",
"base": "ninda",
"morph": "~"}
}
,
{
"node": "l",
"frag": "⸢gug₂⸣",
"id": "P434703.l341e3",
"ref": "P434703.31.2",
"inst": "gug[cake]N",
"sig": "@dcclt%sux:gug₂=gug[cake//cake]N'N$gug/gug₂#~",
"f": {"lang": "sux",
"form": "gug₂",
"cf": "gug",
"gw": "cake",
"sense": "cake",
"norm0": "gug",
"pos": "N",
"epos": "N",
"base": "gug₂",
"morph": "~"}
}
,
{
"node": "d",
"type": "nonx",
"ref": "P434703.32",
"strict": "0",
"extent": "0",
"scope": "column",
"state": "other"}
,
{
"node": "d",
"subtype": "bottom",
"type": "surface",
"ref": "P434703.b.e..33",
"type": "bottom",
"label": "b.e."}
,
{
"node": "d",
"type": "nonx",
"ref": "P434703.34",
"strict": "1",
"extent": "beginning",
"scope": "line",
"state": "missing"}
,
{
"node": "d",
"type": "line-start",
"ref": "P434703.35",
"n": "1'",
"label": "b.e. 1'"}
,
{
"node": "l",
"frag": "[...]-⸢x",
"id": "P434703.l341e4",
"ref": "P434703.35.1",
"inst": "u",
"f": {"lang": "sux",
"form": "x-x",
"pos": "u"}
}
,
{
"node": "l",
"frag": "{d⸣}[...]",
"id": "P434703.l341e5",
"ref": "P434703.35.2",
"inst": "u",
"f": {"lang": "sux",
"form": "{d}x",
"pos": "u"}
}
,
{
"node": "d",
"type": "line-start",
"ref": "P434703.36",
"n": "2'",
"label": "b.e. 2'"}
,
{
"node": "l",
"frag": "[...]",
"id": "P434703.l341e6",
"ref": "P434703.36.1",
"inst": "u",
"f": {"lang": "sux",
"form": "x",
"pos": "u"}
}
,
{
"node": "l",
"frag": "{⸢d}x⸣-ar-ši-⸢du⸣",
"id": "P434703.l341e7",
"ref": "P434703.36.2",
"inst": "u",
"f": {"lang": "sux",
"form": "{d}x-ar-ši-du",
"pos": "u"}
}
,
{
"node": "l",
"frag": "[...]",
"id": "P434703.l341e8",
"ref": "P434703.36.3",
"inst": "u",
"f": {"lang": "sux",
"form": "x",
"pos": "u"}
}
,
{
"node": "d",
"type": "line-start",
"ref": "P434703.37",
"n": "3'",
"label": "b.e. 3'"}
,
{
"node": "l",
"frag": "[...]",
"id": "P434703.l341e9",
"ref": "P434703.37.1",
"inst": "u",
"f": {"lang": "sux",
"form": "x",
"pos": "u"}
}
,
{
"node": "l",
"frag": "{d}⸢x⸣",
"id": "P434703.l341ea",
"ref": "P434703.37.2",
"inst": "u",
"f": {"lang": "sux",
"form": "{d}x",
"pos": "u"}
}
,
{
"node": "l",
"frag": "{d}⸢li⸣-[...]",
"id": "P434703.l341eb",
"ref": "P434703.37.3",
"inst": "u",
"f": {"lang": "sux",
"form": "{d}li-x",
"pos": "u"}
}
,
{
"node": "d",
"type": "line-start",
"ref": "P434703.38",
"n": "4'",
"label": "b.e. 4'"}
,
{
"node": "l",
"frag": "[...]",
"id": "P434703.l341ec",
"ref": "P434703.38.1",
"inst": "u",
"f": {"lang": "sux",
"form": "x",
"pos": "u"}
}
,
{
"node": "l",
"frag": "{⸢d⸣}en-lil₂",
"id": "P434703.l341ed",
"ref": "P434703.38.2",
"inst": "Enlil[1]DN",
"sig": "@dcclt%sux:{d}en-lil₂=Enlil[1//1]DN'DN$Enlil/{d}en-lil₂#~",
"f": {"lang": "sux",
"form": "{d}en-lil₂",
"cf": "Enlil",
"gw": "1",
"sense": "1",
"norm0": "Enlil",
"pos": "DN",
"epos": "DN",
"base": "{d}en-lil₂",
"morph": "~"}
}
,
{
"node": "l",
"frag": "{⸢d⸣}[...]",
"id": "P434703.l341ee",
"ref": "P434703.38.3",
"inst": "u",
"f": {"lang": "sux",
"form": "{d}x",
"pos": "u"}
}
,
{
"node": "d",
"type": "line-start",
"ref": "P434703.39",
"n": "5'",
"label": "b.e. 5'"}
,
{
"node": "l",
"frag": "[...]-⸢x⸣",
"id": "P434703.l341ef",
"ref": "P434703.39.1",
"inst": "u",
"f": {"lang": "sux",
"form": "x-x",
"pos": "u"}
}
,
{
"node": "l",
"frag": "[...]",
"id": "P434703.l341f0",
"ref": "P434703.39.2",
"inst": "u",
"f": {"lang": "sux",
"form": "x",
"pos": "u"}
}
,
{
"node": "d",
"type": "nonx",
"ref": "P434703.40",
"strict": "1",
"extent": "rest",
"scope": "line",
"state": "missing"}
]}
]}
]}
]}
