{
"type": "cdl",
  "source": "http://oracc.org/dcclt",
  "license": "This data is released under the CC0 license",
  "license-url": "https://creativecommons.org/publicdomain/zero/1.0/",
  "more-info": "http://oracc.org/doc/opendata/",
  "UTC-timestamp": "2017-05-19T18:28:20",
"project": "dcclt",
"textid": "P437099",
"cdl": [
{
"node": "c",
"type": "text",
"id": "P437099.U0",
"cdl": [
{
"node": "d",
"subtype": "tablet",
"type": "object",
"ref": "P437099.x1274.1",
"type": "tablet",
"label": "x1274"}
,
{
"node": "d",
"type": "surface",
"ref": ""}
,
{
"node": "d",
"subtype": "column 1",
"type": "column",
"ref": "P437099.i.2",
"n": "1",
"label": "i"}
,
{
"node": "d",
"type": "nonx",
"ref": "P437099.3",
"strict": "0",
"extent": "beginning",
"state": "missing"}
,
{
"node": "c",
"type": "discourse",
"subtype": "body",
"id": "P437099.U1",
"cdl": [
{
"node": "c",
"type": "sentence",
"id": "P437099.U2",
"label": "i 1' - ii 12'",
"cdl": [
{
"node": "d",
"type": "line-start",
"ref": "P437099.4",
"n": "1'",
"label": "i 1'"}
,
{
"node": "d",
"type": "cell-start"}
,
{
"node": "d",
"type": "field-start",
"subtype": "wp"}
,
{
"node": "l",
"frag": "[sipad",
"id": "P437099.l2fb47",
"ref": "P437099.4.1",
"inst": "sipad[shepherd]N",
"sig": "@dcclt%sux:sipad=sipad[shepherd//shepherd]N'N$sipad/sipad#~",
"f": {"lang": "sux",
"form": "sipad",
"cf": "sipad",
"gw": "shepherd",
"sense": "shepherd",
"norm0": "sipad",
"pos": "N",
"epos": "N",
"base": "sipad",
"morph": "~"}
}
,
{
"node": "l",
"frag": "...]",
"id": "P437099.l2fb48",
"ref": "P437099.4.2",
"inst": "u",
"f": {"lang": "sux",
"form": "x",
"pos": "u"}
}
,
{
"node": "d",
"type": "field-end",
"subtype": "wp"}
,
{
"node": "d",
"type": "cell-end"}
,
{
"node": "d",
"type": "cell-start"}
,
{
"node": "d",
"type": "field-start",
"subtype": "eq"}
,
{
"node": "l",
"frag": "[re]-⸢eʾ⸣-u₂",
"id": "P437099.l2fb49",
"ref": "P437099.4.3",
"inst": "rēʾû[shepherd]N",
"sig": "@dcclt%akk-x-mbperi:re-eʾ-u₂=rēʾû[shepherd//shepherd]N'N$rēʾû",
"f": {"lang": "akk-x-mbperi",
"form": "re-eʾ-u₂",
"cf": "rēʾû",
"gw": "shepherd",
"sense": "shepherd",
"norm": "rēʾû",
"pos": "N",
"epos": "N"}
}
,
{
"node": "l",
"frag": "⸢x⸣-[...]",
"id": "P437099.l2fb4a",
"ref": "P437099.4.4",
"inst": "u",
"f": {"lang": "akk-x-mbperi",
"form": "x-x",
"pos": "u"}
}
,
{
"node": "d",
"type": "field-end",
"subtype": "eq"}
,
{
"node": "d",
"type": "cell-end"}
,
{
"node": "d",
"type": "line-start",
"ref": "P437099.5",
"n": "2'",
"label": "i 2'"}
,
{
"node": "d",
"type": "cell-start"}
,
{
"node": "d",
"type": "field-start",
"subtype": "wp"}
,
{
"node": "l",
"frag": "sipad",
"id": "P437099.l2fb4b",
"ref": "P437099.5.1",
"inst": "sipad[shepherd]N",
"sig": "@dcclt%sux:sipad=sipad[shepherd//shepherd]N'N$sipad/sipad#~",
"f": {"lang": "sux",
"form": "sipad",
"cf": "sipad",
"gw": "shepherd",
"sense": "shepherd",
"norm0": "sipad",
"pos": "N",
"epos": "N",
"base": "sipad",
"morph": "~"}
}
,
{
"node": "l",
"frag": "⸢gukkal⸣",
"id": "P437099.l2fb4c",
"ref": "P437099.5.2",
"inst": "gukkal[fat-tailed sheep]N",
"sig": "@dcclt%sux:gukkal=gukkal[sheep//fat-tailed sheep]N'N$gukkal/gukkal#~",
"f": {"lang": "sux",
"form": "gukkal",
"cf": "gukkal",
"gw": "sheep",
"sense": "fat-tailed sheep",
"norm0": "gukkal",
"pos": "N",
"epos": "N",
"base": "gukkal",
"morph": "~"}
}
,
{
"node": "d",
"type": "field-end",
"subtype": "wp"}
,
{
"node": "d",
"type": "cell-end"}
,
{
"node": "d",
"type": "cell-start"}
,
{
"node": "d",
"type": "field-start",
"subtype": "eq"}
,
{
"node": "l",
"frag": "re-eʾ-u₂",
"id": "P437099.l2fb4d",
"ref": "P437099.5.3",
"inst": "rēʾû[shepherd]N",
"sig": "@dcclt%akk-x-mbperi:re-eʾ-u₂=rēʾû[shepherd//shepherd]N'N$rēʾû",
"f": {"lang": "akk-x-mbperi",
"form": "re-eʾ-u₂",
"cf": "rēʾû",
"gw": "shepherd",
"sense": "shepherd",
"norm": "rēʾû",
"pos": "N",
"epos": "N"}
}
,
{
"node": "l",
"frag": "ku-gal-⸢li⸣",
"id": "P437099.l2fb4e",
"ref": "P437099.5.4",
"inst": "kukkallu[fat-tailed sheep]N$kukkalli",
"sig": "@dcclt%akk-x-mbperi:ku-gal-li=kukkallu[fat-tailed sheep//fat-tailed sheep]N'N$kukkalli",
"f": {"lang": "akk-x-mbperi",
"form": "ku-gal-li",
"cf": "kukkallu",
"gw": "fat-tailed sheep",
"sense": "fat-tailed sheep",
"norm": "kukkalli",
"pos": "N",
"epos": "N"}
}
,
{
"node": "d",
"type": "field-end",
"subtype": "eq"}
,
{
"node": "d",
"type": "cell-end"}
,
{
"node": "d",
"type": "line-start",
"ref": "P437099.6",
"n": "3'",
"label": "i 3'"}
,
{
"node": "d",
"type": "cell-start"}
,
{
"node": "d",
"type": "field-start",
"subtype": "wp"}
,
{
"node": "l",
"frag": "sipad",
"id": "P437099.l2fb4f",
"ref": "P437099.6.1",
"inst": "sipad[shepherd]N",
"sig": "@dcclt%sux:sipad=sipad[shepherd//shepherd]N'N$sipad/sipad#~",
"f": {"lang": "sux",
"form": "sipad",
"cf": "sipad",
"gw": "shepherd",
"sense": "shepherd",
"norm0": "sipad",
"pos": "N",
"epos": "N",
"base": "sipad",
"morph": "~"}
}
,
{
"node": "l",
"frag": "{mi₂}aš₂-gar₃",
"id": "P437099.l2fb50",
"ref": "P437099.6.2",
"inst": "ašgar[female kid]N",
"sig": "@dcclt%sux:{mi₂}aš₂-gar₃=ašgar[kid//female kid]N'N$ašgar/{mi₂}aš₂-gar₃#~",
"f": {"lang": "sux",
"form": "{mi₂}aš₂-gar₃",
"cf": "ašgar",
"gw": "kid",
"sense": "female kid",
"norm0": "ašgar",
"pos": "N",
"epos": "N",
"base": "{mi₂}aš₂-gar₃",
"morph": "~"}
}
,
{
"node": "d",
"type": "field-end",
"subtype": "wp"}
,
{
"node": "d",
"type": "cell-end"}
,
{
"node": "d",
"type": "cell-start"}
,
{
"node": "d",
"type": "field-start",
"subtype": "eq"}
,
{
"node": "l",
"frag": "re-eʾ-u₂",
"id": "P437099.l2fb51",
"ref": "P437099.6.3",
"inst": "rēʾû[shepherd]N",
"sig": "@dcclt%akk-x-mbperi:re-eʾ-u₂=rēʾû[shepherd//shepherd]N'N$rēʾû",
"f": {"lang": "akk-x-mbperi",
"form": "re-eʾ-u₂",
"cf": "rēʾû",
"gw": "shepherd",
"sense": "shepherd",
"norm": "rēʾû",
"pos": "N",
"epos": "N"}
}
,
{
"node": "l",
"frag": "u₂-ni-qi₂",
"id": "P437099.l2fb52",
"ref": "P437099.6.4",
"inst": "unīqu[female kid]N$",
"sig": "@dcclt%akk-x-mbperi:u₂-ni-qi₂=unīqu[female kid//female kid]N'N$unīqu",
"f": {"lang": "akk-x-mbperi",
"form": "u₂-ni-qi₂",
"cf": "unīqu",
"gw": "female kid",
"sense": "female kid",
"norm": "unīqu",
"pos": "N",
"epos": "N"}
}
,
{
"node": "d",
"type": "nonw",
"ref": ""}
,
{
"node": "d",
"type": "field-end",
"subtype": "eq"}
,
{
"node": "d",
"type": "cell-end"}
,
{
"node": "d",
"type": "line-start",
"ref": "P437099.7",
"n": "4'",
"label": "i 4'"}
,
{
"node": "d",
"type": "cell-start"}
,
{
"node": "d",
"type": "field-start",
"subtype": "wp"}
,
{
"node": "l",
"frag": "sipad",
"id": "P437099.l2fb53",
"ref": "P437099.7.1",
"inst": "sipad[shepherd]N",
"sig": "@dcclt%sux:sipad=sipad[shepherd//shepherd]N'N$sipad/sipad#~",
"f": {"lang": "sux",
"form": "sipad",
"cf": "sipad",
"gw": "shepherd",
"sense": "shepherd",
"norm0": "sipad",
"pos": "N",
"epos": "N",
"base": "sipad",
"morph": "~"}
}
,
{
"node": "l",
"frag": "sila₄-nim",
"id": "P437099.l2fb54",
"ref": "P437099.7.2",
"inst": "silanim[spring lamb]N",
"sig": "@dcclt%sux:sila₄-nim=silanim[lamb//spring lamb]N'N$silanim/sila₄-nim#~",
"f": {"lang": "sux",
"form": "sila₄-nim",
"cf": "silanim",
"gw": "lamb",
"sense": "spring lamb",
"norm0": "silanim",
"pos": "N",
"epos": "N",
"base": "sila₄-nim",
"morph": "~"}
}
,
{
"node": "d",
"type": "field-end",
"subtype": "wp"}
,
{
"node": "d",
"type": "cell-end"}
,
{
"node": "d",
"type": "cell-start"}
,
{
"node": "d",
"type": "field-start",
"subtype": "eq"}
,
{
"node": "l",
"frag": "re-⸢eʾ⸣-u₂",
"id": "P437099.l2fb55",
"ref": "P437099.7.3",
"inst": "rēʾû[shepherd]N",
"sig": "@dcclt%akk-x-mbperi:re-eʾ-u₂=rēʾû[shepherd//shepherd]N'N$rēʾû",
"f": {"lang": "akk-x-mbperi",
"form": "re-eʾ-u₂",
"cf": "rēʾû",
"gw": "shepherd",
"sense": "shepherd",
"norm": "rēʾû",
"pos": "N",
"epos": "N"}
}
,
{
"node": "l",
"frag": "hu-ra-pi₂",
"id": "P437099.l2fb56",
"ref": "P437099.7.4",
"inst": "hurāpu[spring lamb]N$hurāpi",
"sig": "@dcclt%akk-x-mbperi:hu-ra-pi₂=hurāpu[spring lamb//spring lamb]N'N$hurāpi",
"f": {"lang": "akk-x-mbperi",
"form": "hu-ra-pi₂",
"cf": "hurāpu",
"gw": "spring lamb",
"sense": "spring lamb",
"norm": "hurāpi",
"pos": "N",
"epos": "N"}
}
,
{
"node": "d",
"type": "field-end",
"subtype": "eq"}
,
{
"node": "d",
"type": "cell-end"}
,
{
"node": "d",
"type": "line-start",
"ref": "P437099.8",
"n": "5'",
"label": "i 5'"}
,
{
"node": "d",
"type": "cell-start"}
,
{
"node": "d",
"type": "field-start",
"subtype": "wp"}
,
{
"node": "l",
"frag": "⸢sipad⸣",
"id": "P437099.l2fb57",
"ref": "P437099.8.1",
"inst": "sipad[shepherd]N",
"sig": "@dcclt%sux:sipad=sipad[shepherd//shepherd]N'N$sipad/sipad#~",
"f": {"lang": "sux",
"form": "sipad",
"cf": "sipad",
"gw": "shepherd",
"sense": "shepherd",
"norm0": "sipad",
"pos": "N",
"epos": "N",
"base": "sipad",
"morph": "~"}
}
,
{
"node": "l",
"frag": "sila₄",
"id": "P437099.l2fb58",
"ref": "P437099.8.2",
"inst": "sila[lamb]N",
"sig": "@dcclt%sux:sila₄=sila[lamb//lamb]N'N$sila/sila₄#~",
"f": {"lang": "sux",
"form": "sila₄",
"cf": "sila",
"gw": "lamb",
"sense": "lamb",
"norm0": "sila",
"pos": "N",
"epos": "N",
"base": "sila₄",
"morph": "~"}
}
,
{
"node": "l",
"frag": "sig",
"id": "P437099.l2fb59",
"ref": "P437099.8.3",
"inst": "sig[weak]V/i",
"sig": "@dcclt%sux:sig=sig[weak//weak]V/i'V/i$sig/sig#~",
"f": {"lang": "sux",
"form": "sig",
"cf": "sig",
"gw": "weak",
"sense": "weak",
"norm0": "sig",
"pos": "V/i",
"epos": "V/i",
"base": "sig",
"morph": "~"}
}
,
{
"node": "d",
"type": "field-end",
"subtype": "wp"}
,
{
"node": "d",
"type": "cell-end"}
,
{
"node": "d",
"type": "cell-start"}
,
{
"node": "d",
"type": "field-start",
"subtype": "eq"}
,
{
"node": "l",
"frag": "re-eʾ-⸢u₂⸣",
"id": "P437099.l2fb5a",
"ref": "P437099.8.4",
"inst": "rēʾû[shepherd]N",
"sig": "@dcclt%akk-x-mbperi:re-eʾ-u₂=rēʾû[shepherd//shepherd]N'N$rēʾû",
"f": {"lang": "akk-x-mbperi",
"form": "re-eʾ-u₂",
"cf": "rēʾû",
"gw": "shepherd",
"sense": "shepherd",
"norm": "rēʾû",
"pos": "N",
"epos": "N"}
}
,
{
"node": "l",
"frag": "<up>-pu-ul-ti",
"id": "P437099.l2fb5b",
"ref": "P437099.8.5",
"inst": "uppultu[late crop//late-born (animal)]N'N$uppulti",
"sig": "@dcclt%akk-x-mbperi:up-pu-ul-ti=uppultu[late crop//late-born (animal)]N'N$uppulti",
"f": {"lang": "akk-x-mbperi",
"form": "up-pu-ul-ti",
"cf": "uppultu",
"gw": "late crop",
"sense": "late-born (animal)",
"norm": "uppulti",
"pos": "N",
"epos": "N"}
}
,
{
"node": "d",
"type": "field-end",
"subtype": "eq"}
,
{
"node": "d",
"type": "cell-end"}
,
{
"node": "d",
"type": "nonx",
"ref": "P437099.9",
"strict": "1",
"extent": "1",
"scope": "line",
"state": "ruling"}
,
{
"node": "d",
"type": "line-start",
"ref": "P437099.10",
"n": "6'",
"label": "i 6'"}
,
{
"node": "d",
"type": "cell-start"}
,
{
"node": "d",
"type": "field-start",
"subtype": "wp"}
,
{
"node": "l",
"frag": "na-gada",
"id": "P437099.l2fb5c",
"ref": "P437099.10.1",
"inst": "nagada[herdsman]N",
"sig": "@dcclt%sux:na-gada=nagada[herdsman//herdsman]N'N$nagada/na-gada#~",
"f": {"lang": "sux",
"form": "na-gada",
"cf": "nagada",
"gw": "herdsman",
"sense": "herdsman",
"norm0": "nagada",
"pos": "N",
"epos": "N",
"base": "na-gada",
"morph": "~"}
}
,
{
"node": "d",
"type": "field-end",
"subtype": "wp"}
,
{
"node": "d",
"type": "cell-end"}
,
{
"node": "d",
"type": "cell-start"}
,
{
"node": "d",
"type": "field-start",
"subtype": "eq"}
,
{
"node": "l",
"frag": "na-a-qi₂-du",
"id": "P437099.l2fb5d",
"ref": "P437099.10.2",
"inst": "nāqidu[stock-breeder]N$",
"sig": "@dcclt%akk-x-mbperi:na-a-qi₂-du=nāqidu[stock-breeder//stock-breeder]N'N$nāqidu",
"f": {"lang": "akk-x-mbperi",
"form": "na-a-qi₂-du",
"cf": "nāqidu",
"gw": "stock-breeder",
"sense": "stock-breeder",
"norm": "nāqidu",
"pos": "N",
"epos": "N"}
}
,
{
"node": "d",
"type": "field-end",
"subtype": "eq"}
,
{
"node": "d",
"type": "cell-end"}
,
{
"node": "d",
"type": "line-start",
"ref": "P437099.11",
"n": "7'",
"label": "i 7'"}
,
{
"node": "d",
"type": "cell-start"}
,
{
"node": "d",
"type": "field-start",
"subtype": "wp"}
,
{
"node": "l",
"frag": "⸢gab₂⸣-bar",
"id": "P437099.l2fb5e",
"ref": "P437099.11.1",
"inst": "gabar[herder, shepherd-boy]N",
"sig": "@dcclt%sux:gab₂-bar=gabar[herder//herder, shepherd-boy]N'N$gabar/gab₂-bar#~",
"f": {"lang": "sux",
"form": "gab₂-bar",
"cf": "gabar",
"gw": "herder",
"sense": "herder, shepherd-boy",
"norm0": "gabar",
"pos": "N",
"epos": "N",
"base": "gab₂-bar",
"morph": "~"}
}
,
{
"node": "d",
"type": "field-end",
"subtype": "wp"}
,
{
"node": "d",
"type": "cell-end"}
,
{
"node": "d",
"type": "cell-start"}
,
{
"node": "d",
"type": "field-start",
"subtype": "eq"}
,
{
"node": "l",
"frag": "na-a-qi₂(EŠ₂)-du",
"id": "P437099.l2fb5f",
"ref": "P437099.11.2",
"inst": "nāqidu[stock-breeder]N",
"sig": "@dcclt%akk-x-mbperi:na-a-qi₂-du=nāqidu[stock-breeder//stock-breeder]N'N$nāqidu",
"f": {"lang": "akk-x-mbperi",
"form": "na-a-qi₂-du",
"cf": "nāqidu",
"gw": "stock-breeder",
"sense": "stock-breeder",
"norm": "nāqidu",
"pos": "N",
"epos": "N"}
}
,
{
"node": "d",
"type": "field-end",
"subtype": "eq"}
,
{
"node": "d",
"type": "cell-end"}
,
{
"node": "d",
"type": "nonx",
"ref": "P437099.12",
"strict": "1",
"extent": "1",
"scope": "line",
"state": "ruling"}
,
{
"node": "d",
"type": "line-start",
"ref": "P437099.13",
"n": "8'",
"label": "i 8'"}
,
{
"node": "d",
"type": "cell-start"}
,
{
"node": "d",
"type": "field-start",
"subtype": "wp"}
,
{
"node": "l",
"frag": "udul",
"id": "P437099.l2fb60",
"ref": "P437099.13.1",
"inst": "udul[herdsman]",
"sig": "@dcclt%sux:udul=udul[herdsman//herdsman]N'N$udul/udul#~",
"f": {"lang": "sux",
"form": "udul",
"cf": "udul",
"gw": "herdsman",
"sense": "herdsman",
"norm0": "udul",
"pos": "N",
"epos": "N",
"base": "udul",
"morph": "~"}
}
,
{
"node": "d",
"type": "field-end",
"subtype": "wp"}
,
{
"node": "d",
"type": "cell-end"}
,
{
"node": "d",
"type": "cell-start"}
,
{
"node": "d",
"type": "field-start",
"subtype": "eq"}
,
{
"node": "l",
"frag": "u₂-tul₂-lu",
"id": "P437099.l2fb61",
"ref": "P437099.13.2",
"inst": "utullu[chief herdsman]N$",
"sig": "@dcclt%akk-x-mbperi:u₂-tul₂-lu=utullu[chief herdsman//chief herdsman]N'N$utullu",
"f": {"lang": "akk-x-mbperi",
"form": "u₂-tul₂-lu",
"cf": "utullu",
"gw": "chief herdsman",
"sense": "chief herdsman",
"norm": "utullu",
"pos": "N",
"epos": "N"}
}
,
{
"node": "d",
"type": "field-end",
"subtype": "eq"}
,
{
"node": "d",
"type": "cell-end"}
,
{
"node": "d",
"type": "line-start",
"ref": "P437099.14",
"n": "9'",
"label": "i 9'"}
,
{
"node": "d",
"type": "cell-start"}
,
{
"node": "d",
"type": "field-start",
"subtype": "wp"}
,
{
"node": "l",
"frag": "udul",
"id": "P437099.l2fb62",
"ref": "P437099.14.1",
"inst": "udul[herdsman]N",
"sig": "@dcclt%sux:udul=udul[herdsman//herdsman]N'N$udul/udul#~",
"f": {"lang": "sux",
"form": "udul",
"cf": "udul",
"gw": "herdsman",
"sense": "herdsman",
"norm0": "udul",
"pos": "N",
"epos": "N",
"base": "udul",
"morph": "~"}
}
,
{
"node": "d",
"type": "field-end",
"subtype": "wp"}
,
{
"node": "d",
"type": "cell-end"}
,
{
"node": "d",
"type": "cell-start"}
,
{
"node": "d",
"type": "field-start",
"subtype": "eq"}
,
{
"node": "l",
"frag": "re-eʾ-u₂",
"id": "P437099.l2fb63",
"ref": "P437099.14.2",
"inst": "rēʾû[shepherd]N",
"sig": "@dcclt%akk-x-mbperi:re-eʾ-u₂=rēʾû[shepherd//shepherd]N'N$rēʾû",
"f": {"lang": "akk-x-mbperi",
"form": "re-eʾ-u₂",
"cf": "rēʾû",
"gw": "shepherd",
"sense": "shepherd",
"norm": "rēʾû",
"pos": "N",
"epos": "N"}
}
,
{
"node": "d",
"type": "field-end",
"subtype": "eq"}
,
{
"node": "d",
"type": "cell-end"}
,
{
"node": "d",
"type": "nonx",
"ref": "P437099.15",
"strict": "1",
"extent": "1",
"scope": "line",
"state": "ruling"}
,
{
"node": "d",
"type": "line-start",
"ref": "P437099.16",
"n": "10'",
"label": "i 10'"}
,
{
"node": "d",
"type": "cell-start"}
,
{
"node": "d",
"type": "field-start",
"subtype": "wp"}
,
{
"node": "l",
"frag": "[gab₂]-⸢bar⸣",
"id": "P437099.l2fb64",
"ref": "P437099.16.1",
"inst": "gabar[herder, shepherd-boy]N",
"sig": "@dcclt%sux:gab₂-bar=gabar[herder//herder, shepherd-boy]N'N$gabar/gab₂-bar#~",
"f": {"lang": "sux",
"form": "gab₂-bar",
"cf": "gabar",
"gw": "herder",
"sense": "herder, shepherd-boy",
"norm0": "gabar",
"pos": "N",
"epos": "N",
"base": "gab₂-bar",
"morph": "~"}
}
,
{
"node": "d",
"type": "field-end",
"subtype": "wp"}
,
{
"node": "d",
"type": "cell-end"}
,
{
"node": "d",
"type": "cell-start"}
,
{
"node": "d",
"type": "field-start",
"subtype": "eq"}
,
{
"node": "l",
"frag": "qa-a-bar-ru",
"id": "P437099.l2fb65",
"ref": "P437099.16.2",
"inst": "kaparru[shepherd-boy]N$kāparru",
"sig": "@dcclt%akk-x-mbperi:qa-a-bar-ru=kaparru[shepherd-boy//shepherd-boy]N'N$kāparru",
"f": {"lang": "akk-x-mbperi",
"form": "qa-a-bar-ru",
"cf": "kaparru",
"gw": "shepherd-boy",
"sense": "shepherd-boy",
"norm": "kāparru",
"pos": "N",
"epos": "N"}
}
,
{
"node": "d",
"type": "field-end",
"subtype": "eq"}
,
{
"node": "d",
"type": "cell-end"}
,
{
"node": "d",
"type": "nonx",
"ref": "P437099.17",
"strict": "1",
"extent": "1",
"scope": "line",
"state": "ruling"}
,
{
"node": "d",
"type": "line-start",
"ref": "P437099.18",
"n": "11'",
"label": "i 11'"}
,
{
"node": "d",
"type": "cell-start"}
,
{
"node": "d",
"type": "field-start",
"subtype": "wp"}
,
{
"node": "l",
"frag": "[tur₃]",
"id": "P437099.l2fb66",
"ref": "P437099.18.1",
"inst": "tur[animal stall]N",
"sig": "@dcclt%sux:tur₃=tur[stall//animal stall]N'N$tur/tur₃#~",
"f": {"lang": "sux",
"form": "tur₃",
"cf": "tur",
"gw": "stall",
"sense": "animal stall",
"norm0": "tur",
"pos": "N",
"epos": "N",
"base": "tur₃",
"morph": "~"}
}
,
{
"node": "d",
"type": "field-end",
"subtype": "wp"}
,
{
"node": "d",
"type": "cell-end"}
,
{
"node": "d",
"type": "cell-start"}
,
{
"node": "d",
"type": "field-start",
"subtype": "eq"}
,
{
"node": "l",
"frag": "tar-pa-zu",
"id": "P437099.l2fb67",
"ref": "P437099.18.2",
"inst": "tarbaṣu[animal stall]N$",
"sig": "@dcclt%akk-x-mbperi:tar-pa-zu=tarbaṣu[animal stall//animal stall]N'N$tarbaṣu",
"f": {"lang": "akk-x-mbperi",
"form": "tar-pa-zu",
"cf": "tarbaṣu",
"gw": "animal stall",
"sense": "animal stall",
"norm": "tarbaṣu",
"pos": "N",
"epos": "N"}
}
,
{
"node": "d",
"type": "field-end",
"subtype": "eq"}
,
{
"node": "d",
"type": "cell-end"}
,
{
"node": "d",
"type": "line-start",
"ref": "P437099.19",
"n": "12'",
"label": "i 12'"}
,
{
"node": "d",
"type": "cell-start"}
,
{
"node": "d",
"type": "field-start",
"subtype": "wp"}
,
{
"node": "l",
"frag": "[maš₂-anše]",
"id": "P437099.l2fb68",
"ref": "P437099.19.1",
"inst": "mašanše[animals, livestock]N",
"sig": "@dcclt%sux:maš₂-anše=mašanše[animals//animals, livestock]N'N$mašanše/maš₂-anše#~",
"f": {"lang": "sux",
"form": "maš₂-anše",
"cf": "mašanše",
"gw": "animals",
"sense": "animals, livestock",
"norm0": "mašanše",
"pos": "N",
"epos": "N",
"base": "maš₂-anše",
"morph": "~"}
}
,
{
"node": "d",
"type": "field-end",
"subtype": "wp"}
,
{
"node": "d",
"type": "cell-end"}
,
{
"node": "d",
"type": "cell-start"}
,
{
"node": "d",
"type": "field-start",
"subtype": "eq"}
,
{
"node": "l",
"frag": "bu-u₂-lu",
"id": "P437099.l2fb69",
"ref": "P437099.19.2",
"inst": "būlu[animals]N$",
"sig": "@dcclt%akk-x-mbperi:bu-u₂-lu=būlu[animals//animals]N'N$būlu",
"f": {"lang": "akk-x-mbperi",
"form": "bu-u₂-lu",
"cf": "būlu",
"gw": "animals",
"sense": "animals",
"norm": "būlu",
"pos": "N",
"epos": "N"}
}
,
{
"node": "d",
"type": "field-end",
"subtype": "eq"}
,
{
"node": "d",
"type": "cell-end"}
,
{
"node": "d",
"type": "nonx",
"ref": "P437099.20",
"strict": "1",
"extent": "1",
"scope": "line",
"state": "ruling"}
,
{
"node": "d",
"type": "line-start",
"ref": "P437099.21",
"n": "13'",
"label": "i 13'"}
,
{
"node": "d",
"type": "cell-start"}
,
{
"node": "d",
"type": "field-start",
"subtype": "wp"}
,
{
"node": "l",
"frag": "[...]",
"id": "P437099.l2fb6a",
"ref": "P437099.21.1",
"inst": "u",
"f": {"lang": "sux",
"form": "x",
"pos": "u"}
}
,
{
"node": "d",
"type": "field-end",
"subtype": "wp"}
,
{
"node": "d",
"type": "cell-end"}
,
{
"node": "d",
"type": "cell-start"}
,
{
"node": "d",
"type": "field-start",
"subtype": "eq"}
,
{
"node": "l",
"frag": "⸢x⸣-[x]-⸢x⸣-tu₃",
"id": "P437099.l2fb6b",
"ref": "P437099.21.2",
"inst": "u",
"f": {"lang": "akk-x-mbperi",
"form": "x-x-x-tu₃",
"pos": "u"}
}
,
{
"node": "d",
"type": "field-end",
"subtype": "eq"}
,
{
"node": "d",
"type": "cell-end"}
,
{
"node": "d",
"type": "nonx",
"ref": "P437099.22",
"strict": "0",
"extent": "rest",
"state": "missing"}
,
{
"node": "d",
"subtype": "column 2",
"type": "column",
"ref": "P437099.ii.23",
"n": "2",
"label": "ii"}
,
{
"node": "d",
"type": "nonx",
"ref": "P437099.24",
"strict": "0",
"extent": "beginning",
"state": "missing"}
,
{
"node": "d",
"type": "line-start",
"ref": "P437099.25",
"n": "1'",
"label": "ii 1'"}
,
{
"node": "d",
"type": "cell-start"}
,
{
"node": "d",
"type": "field-start",
"subtype": "wp"}
,
{
"node": "l",
"frag": "⸢gada",
"id": "P437099.l2fb6c",
"ref": "P437099.25.1",
"inst": "gada[flax]N",
"sig": "@dcclt%sux:gada=gada[flax//flax]N'N$gada/gada#~",
"f": {"lang": "sux",
"form": "gada",
"cf": "gada",
"gw": "flax",
"sense": "flax",
"norm0": "gada",
"pos": "N",
"epos": "N",
"base": "gada",
"morph": "~"}
}
,
{
"node": "l",
"frag": "x",
"id": "P437099.l2fb6d",
"ref": "P437099.25.2",
"inst": "u",
"f": {"lang": "sux",
"form": "x",
"pos": "u"}
}
,
{
"node": "l",
"frag": "NE@s-x⸣",
"id": "P437099.l2fb6e",
"ref": "P437099.25.3",
"inst": "u",
"f": {"lang": "sux",
"form": "NE@s-x",
"pos": "u"}
}
,
{
"node": "d",
"type": "field-end",
"subtype": "wp"}
,
{
"node": "d",
"type": "cell-end"}
,
{
"node": "d",
"type": "cell-start"}
,
{
"node": "d",
"type": "field-start",
"subtype": "eq"}
,
{
"node": "l",
"frag": "[...]",
"id": "P437099.l2fb6f",
"ref": "P437099.25.4",
"inst": "u",
"f": {"lang": "akk-x-mbperi",
"form": "x",
"pos": "u"}
}
,
{
"node": "d",
"type": "field-end",
"subtype": "eq"}
,
{
"node": "d",
"type": "cell-end"}
,
{
"node": "d",
"type": "nonx",
"ref": "P437099.26",
"strict": "1",
"extent": "1",
"scope": "line",
"state": "ruling"}
,
{
"node": "d",
"type": "line-start",
"ref": "P437099.27",
"n": "2'",
"label": "ii 2'"}
,
{
"node": "d",
"type": "cell-start"}
,
{
"node": "d",
"type": "field-start",
"subtype": "wp"}
,
{
"node": "l",
"frag": "bur-u₅",
"id": "P437099.l2fb70",
"ref": "P437099.27.1",
"inst": "bur[priest]N/bur-u₅#~",
"sig": "@dcclt%sux:bur-u₅=bur[priest//priest]N'N$bur/bur-u₅#~",
"f": {"lang": "sux",
"form": "bur-u₅",
"cf": "bur",
"gw": "priest",
"sense": "priest",
"norm0": "bur",
"pos": "N",
"epos": "N",
"base": "bur-u₅",
"morph": "~"}
}
,
{
"node": "d",
"type": "field-end",
"subtype": "wp"}
,
{
"node": "d",
"type": "cell-end"}
,
{
"node": "d",
"type": "cell-start"}
,
{
"node": "d",
"type": "field-start",
"subtype": "eq"}
,
{
"node": "l",
"frag": "[bur-ru-u₂]",
"id": "P437099.l2fb71",
"ref": "P437099.27.2",
"inst": "burrû[(a temple servant)]N$",
"sig": "@dcclt%akk-x-mbperi:bur-ru-u₂=burrû[(a temple servant)//(a temple servant)]N'N$burrû",
"f": {"lang": "akk-x-mbperi",
"form": "bur-ru-u₂",
"cf": "burrû",
"gw": "(a temple servant)",
"sense": "(a temple servant)",
"norm": "burrû",
"pos": "N",
"epos": "N"}
}
,
{
"node": "d",
"type": "field-end",
"subtype": "eq"}
,
{
"node": "d",
"type": "cell-end"}
,
{
"node": "d",
"type": "line-start",
"ref": "P437099.28",
"n": "3'",
"label": "ii 3'"}
,
{
"node": "d",
"type": "cell-start"}
,
{
"node": "d",
"type": "field-start",
"subtype": "wp"}
,
{
"node": "l",
"frag": "bur-u₅",
"id": "P437099.l2fb72",
"ref": "P437099.28.1",
"inst": "bur[priest]N",
"sig": "@dcclt%sux:bur-u₅=bur[priest//priest]N'N$bur/bur-u₅#~",
"f": {"lang": "sux",
"form": "bur-u₅",
"cf": "bur",
"gw": "priest",
"sense": "priest",
"norm0": "bur",
"pos": "N",
"epos": "N",
"base": "bur-u₅",
"morph": "~"}
}
,
{
"node": "l",
"frag": "gal",
"id": "P437099.l2fb73",
"ref": "P437099.28.2",
"inst": "gal[(to be) big, great]V/i",
"sig": "@dcclt%sux:gal=gal[big//(to be) big, great]V/i'V/i$gal/gal#~",
"f": {"lang": "sux",
"form": "gal",
"cf": "gal",
"gw": "big",
"sense": "(to be) big, great",
"norm0": "gal",
"pos": "V/i",
"epos": "V/i",
"base": "gal",
"morph": "~"}
}
,
{
"node": "d",
"type": "field-end",
"subtype": "wp"}
,
{
"node": "d",
"type": "cell-end"}
,
{
"node": "d",
"type": "cell-start"}
,
{
"node": "d",
"type": "field-start",
"subtype": "eq"}
,
{
"node": "l",
"frag": "⸢bur-ru⸣-[u₂",
"id": "P437099.l2fb74",
"ref": "P437099.28.3",
"inst": "burrû[(a temple servant)]N",
"sig": "@dcclt%akk-x-mbperi:bur-ru-u₂=burrû[(a temple servant)//(a temple servant)]N'N$burrû",
"f": {"lang": "akk-x-mbperi",
"form": "bur-ru-u₂",
"cf": "burrû",
"gw": "(a temple servant)",
"sense": "(a temple servant)",
"norm": "burrû",
"pos": "N",
"epos": "N"}
}
,
{
"node": "l",
"frag": "GAL]",
"id": "P437099.l2fb75",
"ref": "P437099.28.4",
"inst": "rabû[big]AJ",
"sig": "@dcclt%akk-x-mbperi:GAL=rabû[big//big]AJ'AJ$rabû",
"f": {"lang": "akk-x-mbperi",
"form": "GAL",
"cf": "rabû",
"gw": "big",
"sense": "big",
"norm": "rabû",
"pos": "AJ",
"epos": "AJ"}
}
,
{
"node": "d",
"type": "field-end",
"subtype": "eq"}
,
{
"node": "d",
"type": "cell-end"}
,
{
"node": "d",
"type": "line-start",
"ref": "P437099.29",
"n": "4'",
"label": "ii 4'"}
,
{
"node": "d",
"type": "cell-start"}
,
{
"node": "d",
"type": "field-start",
"subtype": "wp"}
,
{
"node": "l",
"frag": "bur-u₅",
"id": "P437099.l2fb76",
"ref": "P437099.29.1",
"inst": "bur[priest]N",
"sig": "@dcclt%sux:bur-u₅=bur[priest//priest]N'N$bur/bur-u₅#~",
"f": {"lang": "sux",
"form": "bur-u₅",
"cf": "bur",
"gw": "priest",
"sense": "priest",
"norm0": "bur",
"pos": "N",
"epos": "N",
"base": "bur-u₅",
"morph": "~"}
}
,
{
"node": "l",
"frag": "tur",
"id": "P437099.l2fb77",
"ref": "P437099.29.2",
"inst": "tur[small]V/i",
"sig": "@dcclt%sux:tur=tur[small//small]V/i'V/i$tur/tur#~",
"f": {"lang": "sux",
"form": "tur",
"cf": "tur",
"gw": "small",
"sense": "small",
"norm0": "tur",
"pos": "V/i",
"epos": "V/i",
"base": "tur",
"morph": "~"}
}
,
{
"node": "d",
"type": "field-end",
"subtype": "wp"}
,
{
"node": "d",
"type": "cell-end"}
,
{
"node": "d",
"type": "cell-start"}
,
{
"node": "d",
"type": "field-start",
"subtype": "eq"}
,
{
"node": "l",
"frag": "bur-ru-u₂",
"id": "P437099.l2fb78",
"ref": "P437099.29.3",
"inst": "burrû[(a temple servant)]N",
"sig": "@dcclt%akk-x-mbperi:bur-ru-u₂=burrû[(a temple servant)//(a temple servant)]N'N$burrû",
"f": {"lang": "akk-x-mbperi",
"form": "bur-ru-u₂",
"cf": "burrû",
"gw": "(a temple servant)",
"sense": "(a temple servant)",
"norm": "burrû",
"pos": "N",
"epos": "N"}
}
,
{
"node": "l",
"frag": "[TUR]",
"id": "P437099.l2fb79",
"ref": "P437099.29.4",
"inst": "ṣehru[small//junior]AJ'AJ$",
"sig": "@dcclt%akk-x-mbperi:TUR=ṣehru[small//junior]AJ'AJ$ṣehru",
"f": {"lang": "akk-x-mbperi",
"form": "TUR",
"cf": "ṣehru",
"gw": "small",
"sense": "junior",
"norm": "ṣehru",
"pos": "AJ",
"epos": "AJ"}
}
,
{
"node": "d",
"type": "field-end",
"subtype": "eq"}
,
{
"node": "d",
"type": "cell-end"}
,
{
"node": "d",
"type": "line-start",
"ref": "P437099.30",
"n": "5'",
"label": "ii 5'"}
,
{
"node": "d",
"type": "cell-start"}
,
{
"node": "d",
"type": "field-start",
"subtype": "wp"}
,
{
"node": "l",
"frag": "bur-u₅",
"id": "P437099.l2fb7a",
"ref": "P437099.30.1",
"inst": "bur[priest]N",
"sig": "@dcclt%sux:bur-u₅=bur[priest//priest]N'N$bur/bur-u₅#~",
"f": {"lang": "sux",
"form": "bur-u₅",
"cf": "bur",
"gw": "priest",
"sense": "priest",
"norm0": "bur",
"pos": "N",
"epos": "N",
"base": "bur-u₅",
"morph": "~"}
}
,
{
"node": "l",
"frag": "dumu-zid",
"id": "P437099.l2fb7b",
"ref": "P437099.30.2",
"inst": "Dumuzid[1]DN/dumu-zid#~",
"sig": "@dcclt%sux:dumu-zid=Dumuzid[1//1]DN'DN$Dumuzid/dumu-zid#~",
"f": {"lang": "sux",
"form": "dumu-zid",
"cf": "Dumuzid",
"gw": "1",
"sense": "1",
"norm0": "Dumuzid",
"pos": "DN",
"epos": "DN",
"base": "dumu-zid",
"morph": "~"}
}
,
{
"node": "d",
"type": "field-end",
"subtype": "wp"}
,
{
"node": "d",
"type": "cell-end"}
,
{
"node": "d",
"type": "cell-start"}
,
{
"node": "d",
"type": "field-start",
"subtype": "eq"}
,
{
"node": "l",
"frag": "bur-ru-u₂",
"id": "P437099.l2fb7c",
"ref": "P437099.30.3",
"inst": "burrû[(a temple servant)]N",
"sig": "@dcclt%akk-x-mbperi:bur-ru-u₂=burrû[(a temple servant)//(a temple servant)]N'N$burrû",
"f": {"lang": "akk-x-mbperi",
"form": "bur-ru-u₂",
"cf": "burrû",
"gw": "(a temple servant)",
"sense": "(a temple servant)",
"norm": "burrû",
"pos": "N",
"epos": "N"}
}
,
{
"node": "l",
"frag": "⸢dumu⸣-zi",
"id": "P437099.l2fb7d",
"ref": "P437099.30.4",
"inst": "Dumuzid[1]DN$dumu-zi",
"sig": "@dcclt%akk-x-mbperi:dumu-zi=Dumuzid[1//1]DN'DN$dumu-zi",
"f": {"lang": "akk-x-mbperi",
"form": "dumu-zi",
"cf": "Dumuzid",
"gw": "1",
"sense": "1",
"norm": "dumu-zi",
"pos": "DN",
"epos": "DN"}
}
,
{
"node": "d",
"type": "field-end",
"subtype": "eq"}
,
{
"node": "d",
"type": "cell-end"}
,
{
"node": "d",
"type": "line-start",
"ref": "P437099.31",
"n": "6'",
"label": "ii 6'"}
,
{
"node": "d",
"type": "cell-start"}
,
{
"node": "d",
"type": "field-start",
"subtype": "wp"}
,
{
"node": "l",
"frag": "{mi₂}bur-u₅",
"id": "P437099.l2fb7e",
"ref": "P437099.31.1",
"inst": "bur[priest]N/{mi₂}bur-u₅#~",
"sig": "@dcclt%sux:{mi₂}bur-u₅=bur[priest//priest]N'N$bur/{mi₂}bur-u₅#~",
"f": {"lang": "sux",
"form": "{mi₂}bur-u₅",
"cf": "bur",
"gw": "priest",
"sense": "priest",
"norm0": "bur",
"pos": "N",
"epos": "N",
"base": "{mi₂}bur-u₅",
"morph": "~"}
}
,
{
"node": "d",
"type": "field-end",
"subtype": "wp"}
,
{
"node": "d",
"type": "cell-end"}
,
{
"node": "d",
"type": "cell-start"}
,
{
"node": "d",
"type": "field-start",
"subtype": "eq"}
,
{
"node": "l",
"frag": "bur-ru-⸢u₂-du⸣",
"id": "P437099.l2fb7f",
"ref": "P437099.31.2",
"inst": "burrû[(a temple servant)]N$burrûtu",
"sig": "@dcclt%akk-x-mbperi:bur-ru-u₂-du=burrû[(a temple servant)//(a temple servant)]N'N$burrûtu",
"f": {"lang": "akk-x-mbperi",
"form": "bur-ru-u₂-du",
"cf": "burrû",
"gw": "(a temple servant)",
"sense": "(a temple servant)",
"norm": "burrûtu",
"pos": "N",
"epos": "N"}
}
,
{
"node": "d",
"type": "field-end",
"subtype": "eq"}
,
{
"node": "d",
"type": "cell-end"}
,
{
"node": "d",
"type": "nonx",
"ref": "P437099.32",
"strict": "1",
"extent": "1",
"scope": "line",
"state": "ruling"}
,
{
"node": "d",
"type": "line-start",
"ref": "P437099.33",
"n": "7'",
"label": "ii 7'"}
,
{
"node": "d",
"type": "cell-start"}
,
{
"node": "d",
"type": "field-start",
"subtype": "wp"}
,
{
"node": "l",
"frag": "saŋ-bur",
"id": "P437099.l2fb80",
"ref": "P437099.33.1",
"inst": "saŋbur[priest]N",
"sig": "@dcclt%sux:saŋ-bur=saŋbur[priest//priest]N'N$saŋbur/saŋ-bur#~",
"f": {"lang": "sux",
"form": "saŋ-bur",
"cf": "saŋbur",
"gw": "priest",
"sense": "priest",
"norm0": "saŋbur",
"pos": "N",
"epos": "N",
"base": "saŋ-bur",
"morph": "~"}
}
,
{
"node": "d",
"type": "field-end",
"subtype": "wp"}
,
{
"node": "d",
"type": "cell-end"}
,
{
"node": "d",
"type": "cell-start"}
,
{
"node": "d",
"type": "field-start",
"subtype": "eq"}
,
{
"node": "l",
"frag": "ra-ab",
"id": "P437099.l2fb81",
"ref": "P437099.33.2",
"inst": "rabû[big]AJ$rab",
"sig": "@dcclt%akk-x-mbperi:ra-ab=rabû[big//big]AJ'AJ$rab",
"f": {"lang": "akk-x-mbperi",
"form": "ra-ab",
"cf": "rabû",
"gw": "big",
"sense": "big",
"norm": "rab",
"pos": "AJ",
"epos": "AJ"}
}
,
{
"node": "l",
"frag": "⸢bu⸣-[re-e]",
"id": "P437099.l2fb82",
"ref": "P437099.33.3",
"inst": "burrû[(a temple servant)]N$burrê",
"sig": "@dcclt%akk-x-mbperi:bu-re-e=burrû[(a temple servant)//(a temple servant)]N'N$burrê",
"f": {"lang": "akk-x-mbperi",
"form": "bu-re-e",
"cf": "burrû",
"gw": "(a temple servant)",
"sense": "(a temple servant)",
"norm": "burrê",
"pos": "N",
"epos": "N"}
}
,
{
"node": "d",
"type": "field-end",
"subtype": "eq"}
,
{
"node": "d",
"type": "cell-end"}
,
{
"node": "d",
"type": "line-start",
"ref": "P437099.34",
"n": "8'",
"label": "ii 8'"}
,
{
"node": "d",
"type": "cell-start"}
,
{
"node": "d",
"type": "field-start",
"subtype": "wp"}
,
{
"node": "l",
"frag": "bur-saŋ",
"id": "P437099.l2fb83",
"ref": "P437099.34.1",
"inst": "bursaŋ[offering]N",
"sig": "@dcclt%sux:bur-saŋ=bursaŋ[offering//an offering]N'N$bursaŋ/bur-saŋ#~",
"f": {"lang": "sux",
"form": "bur-saŋ",
"cf": "bursaŋ",
"gw": "offering",
"sense": "an offering",
"norm0": "bursaŋ",
"pos": "N",
"epos": "N",
"base": "bur-saŋ",
"morph": "~"}
}
,
{
"node": "d",
"type": "field-end",
"subtype": "wp"}
,
{
"node": "d",
"type": "cell-end"}
,
{
"node": "d",
"type": "cell-start"}
,
{
"node": "d",
"type": "field-start",
"subtype": "eq"}
,
{
"node": "l",
"frag": "bur-ša₂-nu",
"id": "P437099.l2fb84",
"ref": "P437099.34.2",
"inst": "bursaggu[(a kind of offering)]N$buršanu",
"sig": "@dcclt%akk-x-mbperi:bur-ša₂-nu=bursaggu[(a kind of offering)//(a kind of offering)]N'N$buršanu",
"f": {"lang": "akk-x-mbperi",
"form": "bur-ša₂-nu",
"cf": "bursaggu",
"gw": "(a kind of offering)",
"sense": "(a kind of offering)",
"norm": "buršanu",
"pos": "N",
"epos": "N"}
}
,
{
"node": "d",
"type": "field-end",
"subtype": "eq"}
,
{
"node": "d",
"type": "cell-end"}
,
{
"node": "d",
"type": "line-start",
"ref": "P437099.35",
"n": "9'",
"label": "ii 9'"}
,
{
"node": "d",
"type": "cell-start"}
,
{
"node": "d",
"type": "field-start",
"subtype": "wp"}
,
{
"node": "l",
"frag": "⸢bur⸣-[...]",
"id": "P437099.l2fb85",
"ref": "P437099.35.1",
"inst": "u",
"f": {"lang": "sux",
"form": "bur-x",
"pos": "u"}
}
,
{
"node": "d",
"type": "field-end",
"subtype": "wp"}
,
{
"node": "d",
"type": "cell-end"}
,
{
"node": "d",
"type": "cell-start"}
,
{
"node": "d",
"type": "field-start",
"subtype": "eq"}
,
{
"node": "l",
"frag": "⸢bur⸣-[...]",
"id": "P437099.l2fb86",
"ref": "P437099.35.2",
"inst": "u",
"f": {"lang": "akk-x-mbperi",
"form": "bur-x",
"pos": "u"}
}
,
{
"node": "d",
"type": "field-end",
"subtype": "eq"}
,
{
"node": "d",
"type": "cell-end"}
,
{
"node": "d",
"type": "nonx",
"ref": "P437099.36",
"strict": "1",
"extent": "1",
"scope": "line",
"state": "ruling"}
,
{
"node": "d",
"type": "line-start",
"ref": "P437099.37",
"n": "10'",
"label": "ii 10'"}
,
{
"node": "d",
"type": "cell-start"}
,
{
"node": "d",
"type": "field-start",
"subtype": "wp"}
,
{
"node": "l",
"frag": "⸢x⸣-[...]",
"id": "P437099.l2fb87",
"ref": "P437099.37.1",
"inst": "u",
"f": {"lang": "sux",
"form": "x-x",
"pos": "u"}
}
,
{
"node": "d",
"type": "field-end",
"subtype": "wp"}
,
{
"node": "d",
"type": "cell-end"}
,
{
"node": "d",
"type": "cell-start"}
,
{
"node": "d",
"type": "field-start",
"subtype": "eq"}
,
{
"node": "l",
"frag": "[...]",
"id": "P437099.l2fb88",
"ref": "P437099.37.2",
"inst": "u",
"f": {"lang": "akk-x-mbperi",
"form": "x",
"pos": "u"}
}
,
{
"node": "d",
"type": "field-end",
"subtype": "eq"}
,
{
"node": "d",
"type": "cell-end"}
,
{
"node": "d",
"type": "line-start",
"ref": "P437099.38",
"n": "11'",
"label": "ii 11'"}
,
{
"node": "d",
"type": "cell-start"}
,
{
"node": "d",
"type": "field-start",
"subtype": "wp"}
,
{
"node": "l",
"frag": "a-⸢x⸣-[...]",
"id": "P437099.l2fb89",
"ref": "P437099.38.1",
"inst": "u",
"f": {"lang": "sux",
"form": "a-x-x",
"pos": "u"}
}
,
{
"node": "d",
"type": "field-end",
"subtype": "wp"}
,
{
"node": "d",
"type": "cell-end"}
,
{
"node": "d",
"type": "cell-start"}
,
{
"node": "d",
"type": "field-start",
"subtype": "eq"}
,
{
"node": "l",
"frag": "[...]",
"id": "P437099.l2fb8a",
"ref": "P437099.38.2",
"inst": "u",
"f": {"lang": "akk-x-mbperi",
"form": "x",
"pos": "u"}
}
,
{
"node": "d",
"type": "field-end",
"subtype": "eq"}
,
{
"node": "d",
"type": "cell-end"}
,
{
"node": "d",
"type": "nonx",
"ref": "P437099.39",
"strict": "1",
"extent": "1",
"scope": "line",
"state": "ruling"}
,
{
"node": "d",
"type": "line-start",
"ref": "P437099.40",
"n": "12'",
"label": "ii 12'"}
,
{
"node": "d",
"type": "cell-start"}
,
{
"node": "d",
"type": "field-start",
"subtype": "wp"}
,
{
"node": "l",
"frag": "a-[...]",
"id": "P437099.l2fb8b",
"ref": "P437099.40.1",
"inst": "u",
"f": {"lang": "sux",
"form": "a-x",
"pos": "u"}
}
,
{
"node": "d",
"type": "field-end",
"subtype": "wp"}
,
{
"node": "d",
"type": "cell-end"}
,
{
"node": "d",
"type": "cell-start"}
,
{
"node": "d",
"type": "field-start",
"subtype": "eq"}
,
{
"node": "l",
"frag": "[...]",
"id": "P437099.l2fb8c",
"ref": "P437099.40.2",
"inst": "u",
"f": {"lang": "akk-x-mbperi",
"form": "x",
"pos": "u"}
}
,
{
"node": "d",
"type": "field-end",
"subtype": "eq"}
,
{
"node": "d",
"type": "cell-end"}
,
{
"node": "d",
"type": "nonx",
"ref": "P437099.41",
"strict": "0",
"extent": "rest",
"state": "missing"}
]}
]}
]}
]}
