{
"type": "cdl",
  "source": "http://oracc.org/dcclt",
  "license": "This data is released under the CC0 license",
  "license-url": "https://creativecommons.org/publicdomain/zero/1.0/",
  "more-info": "http://oracc.org/doc/opendata/",
  "UTC-timestamp": "2017-05-19T18:28:22",
"project": "dcclt",
"textid": "P437116",
"cdl": [
{
"node": "c",
"type": "text",
"id": "P437116.U0",
"cdl": [
{
"node": "d",
"subtype": "tablet",
"type": "object",
"ref": "P437116.x1277.1",
"type": "tablet",
"label": "x1277"}
,
{
"node": "d",
"type": "surface",
"ref": ""}
,
{
"node": "d",
"type": "nonx",
"ref": "P437116.2",
"strict": "0",
"extent": "beginning",
"state": "missing"}
,
{
"node": "c",
"type": "discourse",
"subtype": "body",
"id": "P437116.U1",
"cdl": [
{
"node": "c",
"type": "sentence",
"id": "P437116.U2",
"label": "1' - 8'",
"cdl": [
{
"node": "d",
"type": "line-start",
"ref": "P437116.3",
"n": "1'",
"label": "1'"}
,
{
"node": "d",
"type": "cell-start"}
,
{
"node": "d",
"type": "field-start",
"subtype": "tx"}
,
{
"node": "l",
"frag": "[...]-⸢x⸣",
"id": "P437116.l2fc04",
"ref": "P437116.3.1",
"inst": "%sux:x-x=",
"f": {"lang": "sux",
"form": "x-x"}
}
,
{
"node": "d",
"type": "field-end",
"subtype": "tx"}
,
{
"node": "d",
"type": "cell-end"}
,
{
"node": "d",
"type": "cell-start"}
,
{
"node": "d",
"type": "field-start",
"subtype": "pr"}
,
{
"node": "l",
"frag": "[...]",
"id": "P437116.l2fc05",
"ref": "P437116.3.2",
"inst": "%sux:x=",
"f": {"lang": "sux",
"form": "x"}
}
,
{
"node": "d",
"type": "field-end",
"subtype": "pr"}
,
{
"node": "d",
"type": "cell-end"}
,
{
"node": "d",
"type": "cell-start"}
,
{
"node": "d",
"type": "field-start",
"subtype": "eq"}
,
{
"node": "l",
"frag": "[...]",
"id": "P437116.l2fc06",
"ref": "P437116.3.3",
"inst": "%akk-x-mbperi:x=",
"f": {"lang": "akk-x-mbperi",
"form": "x"}
}
,
{
"node": "d",
"type": "field-end",
"subtype": "eq"}
,
{
"node": "d",
"type": "cell-end"}
,
{
"node": "d",
"type": "line-start",
"ref": "P437116.4",
"n": "2'",
"label": "2'"}
,
{
"node": "d",
"type": "cell-start"}
,
{
"node": "d",
"type": "field-start",
"subtype": "tx"}
,
{
"node": "l",
"frag": "|[KUŠU₂.AN].MUŠ₃@g|",
"id": "P437116.l2fc07",
"ref": "P437116.4.1",
"inst": "uruh[priest]",
"sig": "@dcclt%sux:|KUŠU₂.AN.MUŠ₃@g|=uruh[priest//priest]N'N$uruh/|KUŠU₂.AN.MUŠ₃@g|#~",
"f": {"lang": "sux",
"form": "|KUŠU₂.AN.MUŠ₃@g|",
"cf": "uruh",
"gw": "priest",
"sense": "priest",
"norm0": "uruh",
"pos": "N",
"epos": "N",
"base": "|KUŠU₂.AN.MUŠ₃@g|",
"morph": "~"}
}
,
{
"node": "d",
"type": "field-end",
"subtype": "tx"}
,
{
"node": "d",
"type": "cell-end"}
,
{
"node": "d",
"type": "cell-start"}
,
{
"node": "d",
"type": "field-start",
"subtype": "pr"}
,
{
"node": "l",
"frag": "u₂-⸢ru-uh⸣",
"id": "P437116.l2fc08",
"ref": "P437116.4.2",
"inst": "%sux:u₂-ru-uh=",
"f": {"lang": "sux",
"form": "u₂-ru-uh"}
}
,
{
"node": "d",
"type": "field-end",
"subtype": "pr"}
,
{
"node": "d",
"type": "cell-end"}
,
{
"node": "d",
"type": "cell-start"}
,
{
"node": "d",
"type": "field-start",
"subtype": "eq"}
,
{
"node": "l",
"frag": "[...]",
"id": "P437116.l2fc09",
"ref": "P437116.4.3",
"inst": "u",
"f": {"lang": "akk-x-mbperi",
"form": "x",
"pos": "u"}
}
,
{
"node": "d",
"type": "field-end",
"subtype": "eq"}
,
{
"node": "d",
"type": "cell-end"}
,
{
"node": "d",
"type": "line-start",
"ref": "P437116.5",
"n": "3'",
"label": "3'"}
,
{
"node": "d",
"type": "cell-start"}
,
{
"node": "d",
"type": "field-start",
"subtype": "tx"}
,
{
"node": "l",
"frag": "[šita]-{[d]}⸢inanna⸣",
"id": "P437116.l2fc0a",
"ref": "P437116.5.1",
"inst": "šitaʾinana[priest]N",
"sig": "@dcclt%sux:šita-{d}inanna=šitaʾinana[priest//a funerary priest]N'N$šitaʾinana/šita-{d}inana#~",
"f": {"lang": "sux",
"form": "šita-{d}inanna",
"cf": "šitaʾinana",
"gw": "priest",
"sense": "a funerary priest",
"norm0": "šitaʾinana",
"pos": "N",
"epos": "N",
"base": "šita-{d}inana",
"morph": "~"}
}
,
{
"node": "d",
"type": "field-end",
"subtype": "tx"}
,
{
"node": "d",
"type": "cell-end"}
,
{
"node": "d",
"type": "cell-start"}
,
{
"node": "d",
"type": "field-start",
"subtype": "pr"}
,
{
"node": "l",
"frag": "ši-da(BA)-an-ni-na-⸢na⸣",
"id": "P437116.l2fc0b",
"ref": "P437116.5.2",
"inst": "%sux:ši-da-an-ni-na-na=",
"f": {"lang": "sux",
"form": "ši-da-an-ni-na-na"}
}
,
{
"node": "d",
"type": "field-end",
"subtype": "pr"}
,
{
"node": "d",
"type": "cell-end"}
,
{
"node": "d",
"type": "cell-start"}
,
{
"node": "d",
"type": "field-start",
"subtype": "eq"}
,
{
"node": "l",
"frag": "[...]",
"id": "P437116.l2fc0c",
"ref": "P437116.5.3",
"inst": "u",
"f": {"lang": "akk-x-mbperi",
"form": "x",
"pos": "u"}
}
,
{
"node": "d",
"type": "field-end",
"subtype": "eq"}
,
{
"node": "d",
"type": "cell-end"}
,
{
"node": "d",
"type": "line-start",
"ref": "P437116.6",
"n": "4'",
"label": "4'"}
,
{
"node": "d",
"type": "cell-start"}
,
{
"node": "d",
"type": "field-start",
"subtype": "tx"}
,
{
"node": "l",
"frag": "lukur(|[SAL].ME|)",
"id": "P437116.l2fc0d",
"ref": "P437116.6.1",
"inst": "lukur[a priestess]N",
"sig": "@dcclt%sux:lukur(|SAL.ME|)=lukur[priestess//a priestess]N'N$lukur/lukur(|SAL.ME|)#~",
"f": {"lang": "sux",
"form": "lukur(|SAL.ME|)",
"cf": "lukur",
"gw": "priestess",
"sense": "a priestess",
"norm0": "lukur",
"pos": "N",
"epos": "N",
"base": "lukur(|SAL.ME|)",
"morph": "~"}
}
,
{
"node": "d",
"type": "field-end",
"subtype": "tx"}
,
{
"node": "d",
"type": "cell-end"}
,
{
"node": "d",
"type": "cell-start"}
,
{
"node": "d",
"type": "field-start",
"subtype": "pr"}
,
{
"node": "l",
"frag": "lu-ku-ur",
"id": "P437116.l2fc0e",
"ref": "P437116.6.2",
"inst": "%sux:lu-ku-ur=",
"f": {"lang": "sux",
"form": "lu-ku-ur"}
}
,
{
"node": "d",
"type": "field-end",
"subtype": "pr"}
,
{
"node": "d",
"type": "cell-end"}
,
{
"node": "d",
"type": "cell-start"}
,
{
"node": "d",
"type": "field-start",
"subtype": "eq"}
,
{
"node": "l",
"frag": "[...]",
"id": "P437116.l2fc0f",
"ref": "P437116.6.3",
"inst": "u",
"f": {"lang": "akk-x-mbperi",
"form": "x",
"pos": "u"}
}
,
{
"node": "d",
"type": "field-end",
"subtype": "eq"}
,
{
"node": "d",
"type": "cell-end"}
,
{
"node": "d",
"type": "line-start",
"ref": "P437116.7",
"n": "5'",
"label": "5'"}
,
{
"node": "d",
"type": "cell-start"}
,
{
"node": "d",
"type": "field-start",
"subtype": "tx"}
,
{
"node": "l",
"frag": "[lukur]",
"id": "P437116.l2fc10",
"ref": "P437116.7.1",
"inst": "lukur[a priestess]N",
"sig": "@dcclt%sux:lukur=lukur[priestess//a priestess]N'N$lukur/lukur#~",
"f": {"lang": "sux",
"form": "lukur",
"cf": "lukur",
"gw": "priestess",
"sense": "a priestess",
"norm0": "lukur",
"pos": "N",
"epos": "N",
"base": "lukur",
"morph": "~"}
}
,
{
"node": "l",
"frag": "gal",
"id": "P437116.l2fc11",
"ref": "P437116.7.2",
"inst": "gal[(to be) big, great]V/i",
"sig": "@dcclt%sux:gal=gal[big//(to be) big, great]V/i'V/i$gal/gal#~",
"f": {"lang": "sux",
"form": "gal",
"cf": "gal",
"gw": "big",
"sense": "(to be) big, great",
"norm0": "gal",
"pos": "V/i",
"epos": "V/i",
"base": "gal",
"morph": "~"}
}
,
{
"node": "d",
"type": "field-end",
"subtype": "tx"}
,
{
"node": "d",
"type": "cell-end"}
,
{
"node": "d",
"type": "cell-start"}
,
{
"node": "d",
"type": "field-start",
"subtype": "pr"}
,
{
"node": "l",
"frag": "lu-ku-ur",
"id": "P437116.l2fc12",
"ref": "P437116.7.3",
"inst": "%sux:lu-ku-ur=",
"f": {"lang": "sux",
"form": "lu-ku-ur"}
}
,
{
"node": "l",
"frag": "gal",
"id": "P437116.l2fc13",
"ref": "P437116.7.4",
"inst": "%sux:gal=",
"f": {"lang": "sux",
"form": "gal"}
}
,
{
"node": "d",
"type": "field-end",
"subtype": "pr"}
,
{
"node": "d",
"type": "cell-end"}
,
{
"node": "d",
"type": "cell-start"}
,
{
"node": "d",
"type": "field-start",
"subtype": "eq"}
,
{
"node": "l",
"frag": "[...]",
"id": "P437116.l2fc14",
"ref": "P437116.7.5",
"inst": "u",
"f": {"lang": "akk-x-mbperi",
"form": "x",
"pos": "u"}
}
,
{
"node": "d",
"type": "field-end",
"subtype": "eq"}
,
{
"node": "d",
"type": "cell-end"}
,
{
"node": "d",
"type": "line-start",
"ref": "P437116.8",
"n": "6'",
"label": "6'"}
,
{
"node": "d",
"type": "cell-start"}
,
{
"node": "d",
"type": "field-start",
"subtype": "tx"}
,
{
"node": "l",
"frag": "[lukur]",
"id": "P437116.l2fc15",
"ref": "P437116.8.1",
"inst": "lukur[a priestess]N",
"sig": "@dcclt%sux:lukur=lukur[priestess//a priestess]N'N$lukur/lukur#~",
"f": {"lang": "sux",
"form": "lukur",
"cf": "lukur",
"gw": "priestess",
"sense": "a priestess",
"norm0": "lukur",
"pos": "N",
"epos": "N",
"base": "lukur",
"morph": "~"}
}
,
{
"node": "l",
"frag": "{⸢d⸣}utu",
"id": "P437116.l2fc16",
"ref": "P437116.8.2",
"inst": "Utu[1]DN",
"sig": "@dcclt%sux:{d}utu=Utu[1//1]DN'DN$Utu/{d}utu#~",
"f": {"lang": "sux",
"form": "{d}utu",
"cf": "Utu",
"gw": "1",
"sense": "1",
"norm0": "Utu",
"pos": "DN",
"epos": "DN",
"base": "{d}utu",
"morph": "~"}
}
,
{
"node": "d",
"type": "field-end",
"subtype": "tx"}
,
{
"node": "d",
"type": "cell-end"}
,
{
"node": "d",
"type": "cell-start"}
,
{
"node": "d",
"type": "field-start",
"subtype": "pr"}
,
{
"node": "l",
"frag": "lu-ku-ur",
"id": "P437116.l2fc17",
"ref": "P437116.8.3",
"inst": "%sux:lu-ku-ur=",
"f": {"lang": "sux",
"form": "lu-ku-ur"}
}
,
{
"node": "l",
"frag": "u-du",
"id": "P437116.l2fc18",
"ref": "P437116.8.4",
"inst": "%sux:u-du=",
"f": {"lang": "sux",
"form": "u-du"}
}
,
{
"node": "d",
"type": "field-end",
"subtype": "pr"}
,
{
"node": "d",
"type": "cell-end"}
,
{
"node": "d",
"type": "cell-start"}
,
{
"node": "d",
"type": "field-start",
"subtype": "eq"}
,
{
"node": "l",
"frag": "[...]",
"id": "P437116.l2fc19",
"ref": "P437116.8.5",
"inst": "u",
"f": {"lang": "akk-x-mbperi",
"form": "x",
"pos": "u"}
}
,
{
"node": "d",
"type": "field-end",
"subtype": "eq"}
,
{
"node": "d",
"type": "cell-end"}
,
{
"node": "d",
"type": "line-start",
"ref": "P437116.9",
"n": "7'",
"label": "7'"}
,
{
"node": "d",
"type": "cell-start"}
,
{
"node": "d",
"type": "field-start",
"subtype": "tx"}
,
{
"node": "l",
"frag": "[ama]",
"id": "P437116.l2fc1a",
"ref": "P437116.9.1",
"inst": "ama[mother]N",
"sig": "@dcclt%sux:ama=ama[mother//mother]N'N$ama/ama#~",
"f": {"lang": "sux",
"form": "ama",
"cf": "ama",
"gw": "mother",
"sense": "mother",
"norm0": "ama",
"pos": "N",
"epos": "N",
"base": "ama",
"morph": "~"}
}
,
{
"node": "l",
"frag": "⸢diŋir⸣-ra",
"id": "P437116.l2fc1b",
"ref": "P437116.9.2",
"inst": "diŋir[deity]N",
"sig": "@dcclt%sux:diŋir-ra=diŋir[deity//deity]N'N$diŋir,ak/diŋir+-ra=r.a#~,ak",
"f": {"lang": "sux",
"form": "diŋir-ra",
"cf": "diŋir",
"gw": "deity",
"sense": "deity",
"norm0": "diŋir,ak",
"pos": "N",
"epos": "N",
"base": "diŋir",
"cont": "-ra=r.a",
"morph": "~,ak"}
}
,
{
"node": "d",
"type": "field-end",
"subtype": "tx"}
,
{
"node": "d",
"type": "cell-end"}
,
{
"node": "d",
"type": "cell-start"}
,
{
"node": "d",
"type": "field-start",
"subtype": "pr"}
,
{
"node": "l",
"frag": "am-ma",
"id": "P437116.l2fc1c",
"ref": "P437116.9.3",
"inst": "%sux:am-ma=",
"f": {"lang": "sux",
"form": "am-ma"}
}
,
{
"node": "l",
"frag": "ti-kar-⸢ra⸣",
"id": "P437116.l2fc1d",
"ref": "P437116.9.4",
"inst": "%sux:ti-kar-ra=",
"f": {"lang": "sux",
"form": "ti-kar-ra"}
}
,
{
"node": "d",
"type": "field-end",
"subtype": "pr"}
,
{
"node": "d",
"type": "cell-end"}
,
{
"node": "d",
"type": "cell-start"}
,
{
"node": "d",
"type": "field-start",
"subtype": "eq"}
,
{
"node": "l",
"frag": "[...]",
"id": "P437116.l2fc1e",
"ref": "P437116.9.5",
"inst": "u",
"f": {"lang": "akk-x-mbperi",
"form": "x",
"pos": "u"}
}
,
{
"node": "d",
"type": "nonw",
"ref": ""}
,
{
"node": "d",
"type": "field-end",
"subtype": "eq"}
,
{
"node": "d",
"type": "cell-end"}
,
{
"node": "d",
"type": "line-start",
"ref": "P437116.10",
"n": "8'",
"label": "8'"}
,
{
"node": "d",
"type": "cell-start"}
,
{
"node": "d",
"type": "field-start",
"subtype": "tx"}
,
{
"node": "l",
"frag": "⸢ama⸣",
"id": "P437116.l2fc1f",
"ref": "P437116.10.1",
"inst": "ama[mother]N",
"sig": "@dcclt%sux:ama=ama[mother//mother]N'N$ama/ama#~",
"f": {"lang": "sux",
"form": "ama",
"cf": "ama",
"gw": "mother",
"sense": "mother",
"norm0": "ama",
"pos": "N",
"epos": "N",
"base": "ama",
"morph": "~"}
}
,
{
"node": "l",
"frag": "lukur",
"id": "P437116.l2fc20",
"ref": "P437116.10.2",
"inst": "lukur[a priestess]N",
"sig": "@dcclt%sux:lukur=lukur[priestess//a priestess]N'N$lukur/lukur#~",
"f": {"lang": "sux",
"form": "lukur",
"cf": "lukur",
"gw": "priestess",
"sense": "a priestess",
"norm0": "lukur",
"pos": "N",
"epos": "N",
"base": "lukur",
"morph": "~"}
}
,
{
"node": "d",
"type": "field-end",
"subtype": "tx"}
,
{
"node": "d",
"type": "cell-end"}
,
{
"node": "d",
"type": "cell-start"}
,
{
"node": "d",
"type": "field-start",
"subtype": "pr"}
,
{
"node": "l",
"frag": "am-ma",
"id": "P437116.l2fc21",
"ref": "P437116.10.3",
"inst": "%sux:am-ma=",
"f": {"lang": "sux",
"form": "am-ma"}
}
,
{
"node": "l",
"frag": "lu-ku-ur",
"id": "P437116.l2fc22",
"ref": "P437116.10.4",
"inst": "%sux:lu-ku-ur=",
"f": {"lang": "sux",
"form": "lu-ku-ur"}
}
,
{
"node": "d",
"type": "field-end",
"subtype": "pr"}
,
{
"node": "d",
"type": "cell-end"}
,
{
"node": "d",
"type": "cell-start"}
,
{
"node": "d",
"type": "field-start",
"subtype": "eq"}
,
{
"node": "l",
"frag": "[...]",
"id": "P437116.l2fc23",
"ref": "P437116.10.5",
"inst": "u",
"f": {"lang": "akk-x-mbperi",
"form": "x",
"pos": "u"}
}
,
{
"node": "d",
"type": "field-end",
"subtype": "eq"}
,
{
"node": "d",
"type": "cell-end"}
,
{
"node": "d",
"type": "nonx",
"ref": "P437116.11",
"strict": "1",
"extent": "1",
"scope": "line",
"state": "ruling"}
,
{
"node": "d",
"type": "nonx",
"ref": "P437116.12",
"strict": "0",
"extent": "rest",
"state": "missing"}
]}
]}
]}
]}
