{
"type": "cdl",
  "source": "http://oracc.org/dcclt",
  "license": "This data is released under the CC0 license",
  "license-url": "https://creativecommons.org/publicdomain/zero/1.0/",
  "more-info": "http://oracc.org/doc/opendata/",
  "UTC-timestamp": "2017-05-19T18:28:21",
"project": "dcclt",
"textid": "P437112",
"cdl": [
{
"node": "c",
"type": "text",
"id": "P437112.U0",
"cdl": [
{
"node": "d",
"subtype": "tablet",
"type": "object",
"ref": "P437112.x1232.1",
"type": "tablet",
"label": "x1232"}
,
{
"node": "d",
"type": "surface",
"ref": ""}
,
{
"node": "d",
"subtype": "column 1'",
"type": "column",
"ref": "P437112.i_.2",
"n": "1",
"label": "i'"}
,
{
"node": "d",
"type": "nonx",
"ref": "P437112.3",
"strict": "1",
"extent": "beginning",
"scope": "column",
"state": "missing"}
,
{
"node": "c",
"type": "discourse",
"subtype": "body",
"id": "P437112.U1",
"cdl": [
{
"node": "c",
"type": "sentence",
"id": "P437112.U2",
"label": "i' 1' - ii' 10'",
"cdl": [
{
"node": "d",
"type": "line-start",
"ref": "P437112.4",
"n": "1'",
"label": "i' 1'"}
,
{
"node": "d",
"type": "cell-start"}
,
{
"node": "d",
"type": "field-start",
"subtype": "wp"}
,
{
"node": "l",
"frag": "[...]",
"id": "P437112.l2d8d5",
"ref": "P437112.4.1",
"inst": "u",
"f": {"lang": "sux",
"form": "x",
"pos": "u"}
}
,
{
"node": "d",
"type": "field-end",
"subtype": "wp"}
,
{
"node": "d",
"type": "cell-end"}
,
{
"node": "d",
"type": "cell-start"}
,
{
"node": "d",
"type": "field-start",
"subtype": "eq"}
,
{
"node": "l",
"frag": "[...]-⸢ti⸣",
"id": "P437112.l2d8d6",
"ref": "P437112.4.2",
"inst": "u",
"f": {"lang": "akk-x-mbperi",
"form": "x-ti",
"pos": "u"}
}
,
{
"node": "d",
"type": "field-end",
"subtype": "eq"}
,
{
"node": "d",
"type": "cell-end"}
,
{
"node": "d",
"type": "nonx",
"ref": "P437112.5",
"strict": "1",
"extent": "1",
"scope": "line",
"state": "ruling"}
,
{
"node": "d",
"type": "line-start",
"ref": "P437112.6",
"n": "2'",
"label": "i' 2'"}
,
{
"node": "d",
"type": "cell-start"}
,
{
"node": "d",
"type": "field-start",
"subtype": "wp"}
,
{
"node": "l",
"frag": "[...]",
"id": "P437112.l2d8d7",
"ref": "P437112.6.1",
"inst": "u",
"f": {"lang": "sux",
"form": "x",
"pos": "u"}
}
,
{
"node": "d",
"type": "field-end",
"subtype": "wp"}
,
{
"node": "d",
"type": "cell-end"}
,
{
"node": "d",
"type": "cell-start"}
,
{
"node": "d",
"type": "field-start",
"subtype": "eq"}
,
{
"node": "l",
"frag": "[...]",
"id": "P437112.l2d8d8",
"ref": "P437112.6.2",
"inst": "u",
"f": {"lang": "akk-x-mbperi",
"form": "x",
"pos": "u"}
}
,
{
"node": "d",
"type": "nonw",
"ref": ""}
,
{
"node": "d",
"type": "field-end",
"subtype": "eq"}
,
{
"node": "d",
"type": "cell-end"}
,
{
"node": "d",
"type": "line-start",
"ref": "P437112.7",
"n": "3'",
"label": "i' 3'"}
,
{
"node": "d",
"type": "cell-start"}
,
{
"node": "d",
"type": "field-start",
"subtype": "wp"}
,
{
"node": "l",
"frag": "[...]",
"id": "P437112.l2d8d9",
"ref": "P437112.7.1",
"inst": "u",
"f": {"lang": "sux",
"form": "x",
"pos": "u"}
}
,
{
"node": "d",
"type": "field-end",
"subtype": "wp"}
,
{
"node": "d",
"type": "cell-end"}
,
{
"node": "d",
"type": "cell-start"}
,
{
"node": "d",
"type": "field-start",
"subtype": "eq"}
,
{
"node": "l",
"frag": "[...]-u",
"id": "P437112.l2d8da",
"ref": "P437112.7.2",
"inst": "u",
"f": {"lang": "akk-x-mbperi",
"form": "x-u",
"pos": "u"}
}
,
{
"node": "d",
"type": "field-end",
"subtype": "eq"}
,
{
"node": "d",
"type": "cell-end"}
,
{
"node": "d",
"type": "nonx",
"ref": "P437112.8",
"strict": "1",
"extent": "rest",
"scope": "column",
"state": "missing"}
,
{
"node": "d",
"subtype": "column 2'",
"type": "column",
"ref": "P437112.ii_.9",
"n": "2",
"label": "ii'"}
,
{
"node": "d",
"type": "nonx",
"ref": "P437112.10",
"strict": "1",
"extent": "beginning",
"scope": "column",
"state": "missing"}
,
{
"node": "d",
"type": "line-start",
"ref": "P437112.11",
"n": "1'",
"label": "ii' 1'"}
,
{
"node": "d",
"type": "cell-start"}
,
{
"node": "d",
"type": "field-start",
"subtype": "wp"}
,
{
"node": "l",
"frag": "[...]",
"id": "P437112.l2d8db",
"ref": "P437112.11.1",
"inst": "u",
"f": {"lang": "sux",
"form": "x",
"pos": "u"}
}
,
{
"node": "d",
"type": "field-end",
"subtype": "wp"}
,
{
"node": "d",
"type": "cell-end"}
,
{
"node": "d",
"type": "cell-start"}
,
{
"node": "d",
"type": "field-start",
"subtype": "eq"}
,
{
"node": "l",
"frag": "⸢a⸣-[...]",
"id": "P437112.l2d8dc",
"ref": "P437112.11.2",
"inst": "u",
"f": {"lang": "akk-x-mbperi",
"form": "a-x",
"pos": "u"}
}
,
{
"node": "d",
"type": "field-end",
"subtype": "eq"}
,
{
"node": "d",
"type": "cell-end"}
,
{
"node": "d",
"type": "line-start",
"ref": "P437112.12",
"n": "2'",
"label": "ii' 2'"}
,
{
"node": "d",
"type": "cell-start"}
,
{
"node": "d",
"type": "field-start",
"subtype": "wp"}
,
{
"node": "l",
"frag": "[...]",
"id": "P437112.l2d8dd",
"ref": "P437112.12.1",
"inst": "u",
"f": {"lang": "sux",
"form": "x",
"pos": "u"}
}
,
{
"node": "d",
"type": "field-end",
"subtype": "wp"}
,
{
"node": "d",
"type": "cell-end"}
,
{
"node": "d",
"type": "cell-start"}
,
{
"node": "d",
"type": "field-start",
"subtype": "eq"}
,
{
"node": "l",
"frag": "a-[...]",
"id": "P437112.l2d8de",
"ref": "P437112.12.2",
"inst": "u",
"f": {"lang": "akk-x-mbperi",
"form": "a-x",
"pos": "u"}
}
,
{
"node": "d",
"type": "field-end",
"subtype": "eq"}
,
{
"node": "d",
"type": "cell-end"}
,
{
"node": "d",
"type": "nonx",
"ref": "P437112.13",
"strict": "1",
"extent": "1",
"scope": "line",
"state": "ruling"}
,
{
"node": "d",
"type": "line-start",
"ref": "P437112.14",
"n": "3'",
"label": "ii' 3'"}
,
{
"node": "d",
"type": "cell-start"}
,
{
"node": "d",
"type": "field-start",
"subtype": "wp"}
,
{
"node": "l",
"frag": "a-mar-ru₁₀",
"id": "P437112.l2d8df",
"ref": "P437112.14.1",
"inst": "emarru[quiver]",
"sig": "@dcclt%sux:a-mar-ru₁₀=emarru[quiver//quiver]N'N$emarru/a-ma-ru₁₀#~",
"f": {"lang": "sux",
"form": "a-mar-ru₁₀",
"cf": "emarru",
"gw": "quiver",
"sense": "quiver",
"norm0": "emarru",
"pos": "N",
"epos": "N",
"base": "a-ma-ru₁₀",
"morph": "~"}
}
,
{
"node": "d",
"type": "field-end",
"subtype": "wp"}
,
{
"node": "d",
"type": "cell-end"}
,
{
"node": "d",
"type": "cell-start"}
,
{
"node": "d",
"type": "field-start",
"subtype": "eq"}
,
{
"node": "l",
"frag": "iš-[pa-du]",
"id": "P437112.l2d8e0",
"ref": "P437112.14.2",
"inst": "+išpatu[quiver]N$",
"sig": "@dcclt%akk-x-mbperi:iš-pa-du=išpatu[quiver//quiver]N'N$išpatu",
"f": {"lang": "akk-x-mbperi",
"form": "iš-pa-du",
"cf": "išpatu",
"gw": "quiver",
"sense": "quiver",
"norm": "išpatu",
"pos": "N",
"epos": "N"}
}
,
{
"node": "d",
"type": "field-end",
"subtype": "eq"}
,
{
"node": "d",
"type": "cell-end"}
,
{
"node": "d",
"type": "line-start",
"ref": "P437112.15",
"n": "4'",
"label": "ii' 4'"}
,
{
"node": "d",
"type": "cell-start"}
,
{
"node": "d",
"type": "field-start",
"subtype": "wp"}
,
{
"node": "l",
"frag": "<(a-mar-ru₁₀)>",
"id": "P437112.l2d8e1",
"ref": "P437112.15.1",
"inst": "amaru[flood]",
"sig": "@dcclt%sux:a-mar-ru₁₀=amaru[flood//flood]N'N$amaru/a-mar-ru₁₀#~",
"f": {"lang": "sux",
"form": "a-mar-ru₁₀",
"cf": "amaru",
"gw": "flood",
"sense": "flood",
"norm0": "amaru",
"pos": "N",
"epos": "N",
"base": "a-mar-ru₁₀",
"morph": "~"}
}
,
{
"node": "d",
"type": "field-end",
"subtype": "wp"}
,
{
"node": "d",
"type": "cell-end"}
,
{
"node": "d",
"type": "cell-start"}
,
{
"node": "d",
"type": "field-start",
"subtype": "eq"}
,
{
"node": "l",
"frag": "a-bu-[bu]",
"id": "P437112.l2d8e2",
"ref": "P437112.15.2",
"inst": "+abūbu[flood]N$",
"sig": "@dcclt%akk-x-mbperi:a-bu-bu=abūbu[flood//flood]N'N$abūbu",
"f": {"lang": "akk-x-mbperi",
"form": "a-bu-bu",
"cf": "abūbu",
"gw": "flood",
"sense": "flood",
"norm": "abūbu",
"pos": "N",
"epos": "N"}
}
,
{
"node": "d",
"type": "field-end",
"subtype": "eq"}
,
{
"node": "d",
"type": "cell-end"}
,
{
"node": "d",
"type": "line-start",
"ref": "P437112.16",
"n": "5'",
"label": "ii' 5'"}
,
{
"node": "d",
"type": "cell-start"}
,
{
"node": "d",
"type": "field-start",
"subtype": "wp"}
,
{
"node": "l",
"frag": "<(a-mar-ru₁₀)>",
"id": "P437112.l2d8e3",
"ref": "P437112.16.1",
"inst": "amaru[flood]N",
"sig": "@dcclt%sux:a-mar-ru₁₀=amaru[flood//flood]N'N$amaru/a-mar-ru₁₀#~",
"f": {"lang": "sux",
"form": "a-mar-ru₁₀",
"cf": "amaru",
"gw": "flood",
"sense": "flood",
"norm0": "amaru",
"pos": "N",
"epos": "N",
"base": "a-mar-ru₁₀",
"morph": "~"}
}
,
{
"node": "d",
"type": "field-end",
"subtype": "wp"}
,
{
"node": "d",
"type": "cell-end"}
,
{
"node": "d",
"type": "cell-start"}
,
{
"node": "d",
"type": "field-start",
"subtype": "eq"}
,
{
"node": "l",
"frag": "a-ša-⸢am⸣-[šu-du]",
"id": "P437112.l2d8e4",
"ref": "P437112.16.2",
"inst": "+ašamšūtu[dust storm]N$",
"sig": "@dcclt%akk-x-mbperi:a-ša-am-šu-du=ašamšūtu[dust storm//dust storm]N'N$ašamšūtu",
"f": {"lang": "akk-x-mbperi",
"form": "a-ša-am-šu-du",
"cf": "ašamšūtu",
"gw": "dust storm",
"sense": "dust storm",
"norm": "ašamšūtu",
"pos": "N",
"epos": "N"}
}
,
{
"node": "d",
"type": "field-end",
"subtype": "eq"}
,
{
"node": "d",
"type": "cell-end"}
,
{
"node": "d",
"type": "line-start",
"ref": "P437112.17",
"n": "6'",
"label": "ii' 6'"}
,
{
"node": "d",
"type": "cell-start"}
,
{
"node": "d",
"type": "field-start",
"subtype": "wp"}
,
{
"node": "l",
"frag": "a-mar-ru₁₀-kam",
"id": "P437112.l2d8e5",
"ref": "P437112.17.1",
"inst": "amaru[flood]",
"sig": "@dcclt%sux:a-mar-ru₁₀-kam=amaru[flood//flood]N'N$amaru,ak.am/a-mar-ru₁₀#~,ak.am",
"f": {"lang": "sux",
"form": "a-mar-ru₁₀-kam",
"cf": "amaru",
"gw": "flood",
"sense": "flood",
"norm0": "amaru,ak.am",
"pos": "N",
"epos": "N",
"base": "a-mar-ru₁₀",
"morph": "~,ak.am"}
}
,
{
"node": "d",
"type": "field-end",
"subtype": "wp"}
,
{
"node": "d",
"type": "cell-end"}
,
{
"node": "d",
"type": "cell-start"}
,
{
"node": "d",
"type": "field-start",
"subtype": "eq"}
,
{
"node": "l",
"frag": "BU-ul-[...]",
"id": "P437112.l2d8e6",
"ref": "P437112.17.2",
"inst": "u",
"f": {"lang": "akk-x-mbperi",
"form": "BU-ul-x",
"pos": "u"}
}
,
{
"node": "d",
"type": "field-end",
"subtype": "eq"}
,
{
"node": "d",
"type": "cell-end"}
,
{
"node": "d",
"type": "nonx",
"ref": "P437112.18",
"strict": "1",
"extent": "1",
"scope": "line",
"state": "ruling"}
,
{
"node": "d",
"type": "line-start",
"ref": "P437112.19",
"n": "7'",
"label": "ii' 7'"}
,
{
"node": "d",
"type": "cell-start"}
,
{
"node": "d",
"type": "field-start",
"subtype": "wp"}
,
{
"node": "l",
"frag": "me",
"id": "P437112.l2d8e7",
"ref": "P437112.19.1",
"inst": "me[Being, divine properties enabling cosmic activity]N",
"sig": "@dcclt%sux:me=me[Being//Being, divine properties enabling cosmic activity]N'N$me/me#~",
"f": {"lang": "sux",
"form": "me",
"cf": "me",
"gw": "Being",
"sense": "Being, divine properties enabling cosmic activity",
"norm0": "me",
"pos": "N",
"epos": "N",
"base": "me",
"morph": "~"}
}
,
{
"node": "d",
"type": "field-end",
"subtype": "wp"}
,
{
"node": "d",
"type": "cell-end"}
,
{
"node": "d",
"type": "cell-start"}
,
{
"node": "d",
"type": "field-start",
"subtype": "eq"}
,
{
"node": "l",
"frag": "el₃-lum",
"id": "P437112.l2d8e8",
"ref": "P437112.19.2",
"inst": "+ellu[pure]AJ$ellum",
"sig": "@dcclt%akk-x-mbperi:el₃-lum=ellu[pure//pure]AJ'AJ$ellum",
"f": {"lang": "akk-x-mbperi",
"form": "el₃-lum",
"cf": "ellu",
"gw": "pure",
"sense": "pure",
"norm": "ellum",
"pos": "AJ",
"epos": "AJ"}
}
,
{
"node": "d",
"type": "field-end",
"subtype": "eq"}
,
{
"node": "d",
"type": "cell-end"}
,
{
"node": "d",
"type": "line-start",
"ref": "P437112.20",
"n": "8'",
"label": "ii' 8'"}
,
{
"node": "d",
"type": "cell-start"}
,
{
"node": "d",
"type": "field-start",
"subtype": "wp"}
,
{
"node": "l",
"frag": "<(me)>",
"id": "P437112.l2d8e9",
"ref": "P437112.20.1",
"inst": "me[Being, divine properties enabling cosmic activity]N",
"sig": "@dcclt%sux:me=me[Being//Being, divine properties enabling cosmic activity]N'N$me/me#~",
"f": {"lang": "sux",
"form": "me",
"cf": "me",
"gw": "Being",
"sense": "Being, divine properties enabling cosmic activity",
"norm0": "me",
"pos": "N",
"epos": "N",
"base": "me",
"morph": "~"}
}
,
{
"node": "d",
"type": "field-end",
"subtype": "wp"}
,
{
"node": "d",
"type": "cell-end"}
,
{
"node": "d",
"type": "cell-start"}
,
{
"node": "d",
"type": "field-start",
"subtype": "eq"}
,
{
"node": "l",
"frag": "par₂-ṣu₂",
"id": "P437112.l2d8ea",
"ref": "P437112.20.2",
"inst": "+parṣu[office]N$",
"sig": "@dcclt%akk-x-mbperi:par₂-ṣu₂=parṣu[office//office]N'N$parṣu",
"f": {"lang": "akk-x-mbperi",
"form": "par₂-ṣu₂",
"cf": "parṣu",
"gw": "office",
"sense": "office",
"norm": "parṣu",
"pos": "N",
"epos": "N"}
}
,
{
"node": "d",
"type": "field-end",
"subtype": "eq"}
,
{
"node": "d",
"type": "cell-end"}
,
{
"node": "d",
"type": "line-start",
"ref": "P437112.21",
"n": "9'",
"label": "ii' 9'"}
,
{
"node": "d",
"type": "cell-start"}
,
{
"node": "d",
"type": "field-start",
"subtype": "wp"}
,
{
"node": "l",
"frag": "<(me)>",
"id": "P437112.l2d8eb",
"ref": "P437112.21.1",
"inst": "eme[tongue]",
"sig": "@dcclt%sux:me=eme[tongue//tongue]N'N$eme/me#~",
"f": {"lang": "sux",
"form": "me",
"cf": "eme",
"gw": "tongue",
"sense": "tongue",
"norm0": "eme",
"pos": "N",
"epos": "N",
"base": "me",
"morph": "~"}
}
,
{
"node": "d",
"type": "field-end",
"subtype": "wp"}
,
{
"node": "d",
"type": "cell-end"}
,
{
"node": "d",
"type": "cell-start"}
,
{
"node": "d",
"type": "field-start",
"subtype": "eq"}
,
{
"node": "l",
"frag": "li-⸢ša⸣-[nu]",
"id": "P437112.l2d8ec",
"ref": "P437112.21.2",
"inst": "+lišānu[tongue]N$",
"sig": "@dcclt%akk-x-mbperi:li-ša-nu=lišānu[tongue//tongue]N'N$lišānu",
"f": {"lang": "akk-x-mbperi",
"form": "li-ša-nu",
"cf": "lišānu",
"gw": "tongue",
"sense": "tongue",
"norm": "lišānu",
"pos": "N",
"epos": "N"}
}
,
{
"node": "d",
"type": "nonw",
"ref": ""}
,
{
"node": "d",
"type": "field-end",
"subtype": "eq"}
,
{
"node": "d",
"type": "cell-end"}
,
{
"node": "d",
"type": "line-start",
"ref": "P437112.22",
"n": "10'",
"label": "ii' 10'"}
,
{
"node": "d",
"type": "cell-start"}
,
{
"node": "d",
"type": "field-start",
"subtype": "wp"}
,
{
"node": "l",
"frag": "[<(me)>]",
"id": "P437112.l2d8ed",
"ref": "P437112.22.1",
"inst": "me[desire]N",
"sig": "@dcclt%sux:me=me[desire//desire]N'N$me/me#~",
"f": {"lang": "sux",
"form": "me",
"cf": "me",
"gw": "desire",
"sense": "desire",
"norm0": "me",
"pos": "N",
"epos": "N",
"base": "me",
"morph": "~"}
}
,
{
"node": "d",
"type": "field-end",
"subtype": "wp"}
,
{
"node": "d",
"type": "cell-end"}
,
{
"node": "d",
"type": "cell-start"}
,
{
"node": "d",
"type": "field-start",
"subtype": "eq"}
,
{
"node": "l",
"frag": "⸢ba-aš⸣-[du]",
"id": "P437112.l2d8ee",
"ref": "P437112.22.2",
"inst": "+bāštu[dignity]N$",
"sig": "@dcclt%akk-x-mbperi:ba-aš-du=bāštu[dignity//dignity]N'N$bāštu",
"f": {"lang": "akk-x-mbperi",
"form": "ba-aš-du",
"cf": "bāštu",
"gw": "dignity",
"sense": "dignity",
"norm": "bāštu",
"pos": "N",
"epos": "N"}
}
,
{
"node": "d",
"type": "field-end",
"subtype": "eq"}
,
{
"node": "d",
"type": "cell-end"}
,
{
"node": "d",
"type": "nonx",
"ref": "P437112.23",
"strict": "1",
"extent": "rest",
"scope": "column",
"state": "missing"}
]}
]}
]}
]}
