{
"type": "cdl",
  "source": "http://oracc.org/dcclt",
  "license": "This data is released under the CC0 license",
  "license-url": "https://creativecommons.org/publicdomain/zero/1.0/",
  "more-info": "http://oracc.org/doc/opendata/",
  "UTC-timestamp": "2017-05-19T18:28:22",
"project": "dcclt",
"textid": "P443829",
"cdl": [
{
"node": "c",
"type": "text",
"id": "P443829.U0",
"cdl": [
{
"node": "d",
"subtype": "tablet",
"type": "object",
"ref": "P443829.x1233.1",
"type": "tablet",
"label": "x1233"}
,
{
"node": "d",
"type": "surface",
"ref": ""}
,
{
"node": "d",
"subtype": "column 1'",
"type": "column",
"ref": "P443829.i_.2",
"n": "1",
"label": "i'"}
,
{
"node": "d",
"type": "nonx",
"ref": "P443829.3",
"strict": "1",
"extent": "beginning",
"scope": "column",
"state": "missing"}
,
{
"node": "c",
"type": "discourse",
"subtype": "body",
"id": "P443829.U1",
"cdl": [
{
"node": "c",
"type": "sentence",
"id": "P443829.U2",
"label": "i' 1' - ii' 9'",
"cdl": [
{
"node": "d",
"type": "line-start",
"ref": "P443829.4",
"n": "1'",
"label": "i' 1'"}
,
{
"node": "d",
"type": "cell-start"}
,
{
"node": "d",
"type": "field-start",
"subtype": "wp"}
,
{
"node": "l",
"frag": "[...]",
"id": "P443829.l2d8ef",
"ref": "P443829.4.1",
"inst": "u",
"f": {"lang": "sux",
"form": "x",
"pos": "u"}
}
,
{
"node": "d",
"type": "field-end",
"subtype": "wp"}
,
{
"node": "d",
"type": "cell-end"}
,
{
"node": "d",
"type": "cell-start"}
,
{
"node": "d",
"type": "field-start",
"subtype": "eq"}
,
{
"node": "l",
"frag": "[...]",
"id": "P443829.l2d8f0",
"ref": "P443829.4.2",
"inst": "u",
"f": {"lang": "akk-x-mbperi",
"form": "x",
"pos": "u"}
}
,
{
"node": "d",
"type": "field-end",
"subtype": "eq"}
,
{
"node": "d",
"type": "cell-end"}
,
{
"node": "d",
"type": "cell-start"}
,
{
"node": "d",
"type": "field-start",
"subtype": "eq"}
,
{
"node": "l",
"frag": "[...]-⸢iš⸣",
"id": "P443829.l2d8f1",
"ref": "P443829.4.3",
"inst": "u",
"f": {"lang": "hit",
"form": "x-iš",
"pos": "u"}
}
,
{
"node": "d",
"type": "field-end",
"subtype": "eq"}
,
{
"node": "d",
"type": "cell-end"}
,
{
"node": "d",
"type": "line-start",
"ref": "P443829.5",
"n": "2'",
"label": "i' 2'"}
,
{
"node": "d",
"type": "cell-start"}
,
{
"node": "d",
"type": "field-start",
"subtype": "wp"}
,
{
"node": "l",
"frag": "[...]",
"id": "P443829.l2d8f2",
"ref": "P443829.5.1",
"inst": "u",
"f": {"lang": "sux",
"form": "x",
"pos": "u"}
}
,
{
"node": "d",
"type": "field-end",
"subtype": "wp"}
,
{
"node": "d",
"type": "cell-end"}
,
{
"node": "d",
"type": "cell-start"}
,
{
"node": "d",
"type": "field-start",
"subtype": "eq"}
,
{
"node": "l",
"frag": "[...]",
"id": "P443829.l2d8f3",
"ref": "P443829.5.2",
"inst": "u",
"f": {"lang": "akk-x-mbperi",
"form": "x",
"pos": "u"}
}
,
{
"node": "d",
"type": "field-end",
"subtype": "eq"}
,
{
"node": "d",
"type": "cell-end"}
,
{
"node": "d",
"type": "cell-start"}
,
{
"node": "d",
"type": "field-start",
"subtype": "eq"}
,
{
"node": "l",
"frag": "[...]-⸢eš⸣-šar",
"id": "P443829.l2d8f4",
"ref": "P443829.5.3",
"inst": "u",
"f": {"lang": "hit",
"form": "x-eš-šar",
"pos": "u"}
}
,
{
"node": "d",
"type": "field-end",
"subtype": "eq"}
,
{
"node": "d",
"type": "cell-end"}
,
{
"node": "d",
"type": "nonx",
"ref": "P443829.6",
"strict": "1",
"extent": "1",
"scope": "line",
"state": "ruling"}
,
{
"node": "d",
"type": "line-start",
"ref": "P443829.7",
"n": "3'",
"label": "i' 3'"}
,
{
"node": "d",
"type": "cell-start"}
,
{
"node": "d",
"type": "field-start",
"subtype": "wp"}
,
{
"node": "l",
"frag": "[...]",
"id": "P443829.l2d8f5",
"ref": "P443829.7.1",
"inst": "u",
"f": {"lang": "sux",
"form": "x",
"pos": "u"}
}
,
{
"node": "d",
"type": "field-end",
"subtype": "wp"}
,
{
"node": "d",
"type": "cell-end"}
,
{
"node": "d",
"type": "cell-start"}
,
{
"node": "d",
"type": "field-start",
"subtype": "eq"}
,
{
"node": "l",
"frag": "[...]",
"id": "P443829.l2d8f6",
"ref": "P443829.7.2",
"inst": "u",
"f": {"lang": "akk-x-mbperi",
"form": "x",
"pos": "u"}
}
,
{
"node": "d",
"type": "field-end",
"subtype": "eq"}
,
{
"node": "d",
"type": "cell-end"}
,
{
"node": "d",
"type": "cell-start"}
,
{
"node": "d",
"type": "field-start",
"subtype": "eq"}
,
{
"node": "l",
"frag": "[...]-iš",
"id": "P443829.l2d8f7",
"ref": "P443829.7.3",
"inst": "u",
"f": {"lang": "hit",
"form": "x-iš",
"pos": "u"}
}
,
{
"node": "d",
"type": "field-end",
"subtype": "eq"}
,
{
"node": "d",
"type": "cell-end"}
,
{
"node": "d",
"type": "line-start",
"ref": "P443829.8",
"n": "4'",
"label": "i' 4'"}
,
{
"node": "d",
"type": "cell-start"}
,
{
"node": "d",
"type": "field-start",
"subtype": "wp"}
,
{
"node": "l",
"frag": "[...]",
"id": "P443829.l2d8f8",
"ref": "P443829.8.1",
"inst": "u",
"f": {"lang": "sux",
"form": "x",
"pos": "u"}
}
,
{
"node": "d",
"type": "field-end",
"subtype": "wp"}
,
{
"node": "d",
"type": "cell-end"}
,
{
"node": "d",
"type": "cell-start"}
,
{
"node": "d",
"type": "field-start",
"subtype": "eq"}
,
{
"node": "l",
"frag": "[...]",
"id": "P443829.l2d8f9",
"ref": "P443829.8.2",
"inst": "u",
"f": {"lang": "akk-x-mbperi",
"form": "x",
"pos": "u"}
}
,
{
"node": "d",
"type": "field-end",
"subtype": "eq"}
,
{
"node": "d",
"type": "cell-end"}
,
{
"node": "d",
"type": "cell-start"}
,
{
"node": "d",
"type": "field-start",
"subtype": "eq"}
,
{
"node": "l",
"frag": "[...]-zi",
"id": "P443829.l2d8fa",
"ref": "P443829.8.3",
"inst": "u",
"f": {"lang": "hit",
"form": "x-zi",
"pos": "u"}
}
,
{
"node": "d",
"type": "field-end",
"subtype": "eq"}
,
{
"node": "d",
"type": "cell-end"}
,
{
"node": "d",
"type": "line-start",
"ref": "P443829.9",
"n": "5'",
"label": "i' 5'"}
,
{
"node": "d",
"type": "cell-start"}
,
{
"node": "d",
"type": "field-start",
"subtype": "wp"}
,
{
"node": "l",
"frag": "[...]",
"id": "P443829.l2d8fb",
"ref": "P443829.9.1",
"inst": "u",
"f": {"lang": "sux",
"form": "x",
"pos": "u"}
}
,
{
"node": "d",
"type": "field-end",
"subtype": "wp"}
,
{
"node": "d",
"type": "cell-end"}
,
{
"node": "d",
"type": "cell-start"}
,
{
"node": "d",
"type": "field-start",
"subtype": "eq"}
,
{
"node": "l",
"frag": "[...]",
"id": "P443829.l2d8fc",
"ref": "P443829.9.2",
"inst": "u",
"f": {"lang": "akk-x-mbperi",
"form": "x",
"pos": "u"}
}
,
{
"node": "d",
"type": "field-end",
"subtype": "eq"}
,
{
"node": "d",
"type": "cell-end"}
,
{
"node": "d",
"type": "cell-start"}
,
{
"node": "d",
"type": "field-start",
"subtype": "eq"}
,
{
"node": "l",
"frag": "[...]-⸢an⸣-za",
"id": "P443829.l2d8fd",
"ref": "P443829.9.3",
"inst": "u",
"f": {"lang": "hit",
"form": "x-an-za",
"pos": "u"}
}
,
{
"node": "d",
"type": "field-end",
"subtype": "eq"}
,
{
"node": "d",
"type": "cell-end"}
,
{
"node": "d",
"type": "line-start",
"ref": "P443829.10",
"n": "6'",
"label": "i' 6'"}
,
{
"node": "d",
"type": "cell-start"}
,
{
"node": "d",
"type": "field-start",
"subtype": "wp"}
,
{
"node": "l",
"frag": "[...]",
"id": "P443829.l2d8fe",
"ref": "P443829.10.1",
"inst": "u",
"f": {"lang": "sux",
"form": "x",
"pos": "u"}
}
,
{
"node": "d",
"type": "field-end",
"subtype": "wp"}
,
{
"node": "d",
"type": "cell-end"}
,
{
"node": "d",
"type": "cell-start"}
,
{
"node": "d",
"type": "field-start",
"subtype": "eq"}
,
{
"node": "l",
"frag": "[...]",
"id": "P443829.l2d8ff",
"ref": "P443829.10.2",
"inst": "u",
"f": {"lang": "akk-x-mbperi",
"form": "x",
"pos": "u"}
}
,
{
"node": "d",
"type": "field-end",
"subtype": "eq"}
,
{
"node": "d",
"type": "cell-end"}
,
{
"node": "d",
"type": "cell-start"}
,
{
"node": "d",
"type": "field-start",
"subtype": "eq"}
,
{
"node": "l",
"frag": "[...]-⸢x⸣-wa-ar",
"id": "P443829.l2d900",
"ref": "P443829.10.3",
"inst": "u",
"f": {"lang": "hit",
"form": "x-x-wa-ar",
"pos": "u"}
}
,
{
"node": "d",
"type": "field-end",
"subtype": "eq"}
,
{
"node": "d",
"type": "cell-end"}
,
{
"node": "d",
"type": "line-start",
"ref": "P443829.11",
"n": "7'",
"label": "i' 7'"}
,
{
"node": "d",
"type": "cell-start"}
,
{
"node": "d",
"type": "field-start",
"subtype": "wp"}
,
{
"node": "l",
"frag": "[...]",
"id": "P443829.l2d901",
"ref": "P443829.11.1",
"inst": "u",
"f": {"lang": "sux",
"form": "x",
"pos": "u"}
}
,
{
"node": "d",
"type": "field-end",
"subtype": "wp"}
,
{
"node": "d",
"type": "cell-end"}
,
{
"node": "d",
"type": "cell-start"}
,
{
"node": "d",
"type": "field-start",
"subtype": "eq"}
,
{
"node": "l",
"frag": "[...]",
"id": "P443829.l2d902",
"ref": "P443829.11.2",
"inst": "u",
"f": {"lang": "akk-x-mbperi",
"form": "x",
"pos": "u"}
}
,
{
"node": "d",
"type": "field-end",
"subtype": "eq"}
,
{
"node": "d",
"type": "cell-end"}
,
{
"node": "d",
"type": "cell-start"}
,
{
"node": "d",
"type": "field-start",
"subtype": "eq"}
,
{
"node": "l",
"frag": "[...]-⸢x⸣-u-ar",
"id": "P443829.l2d903",
"ref": "P443829.11.3",
"inst": "u",
"f": {"lang": "hit",
"form": "x-x-u-ar",
"pos": "u"}
}
,
{
"node": "d",
"type": "field-end",
"subtype": "eq"}
,
{
"node": "d",
"type": "cell-end"}
,
{
"node": "d",
"type": "line-start",
"ref": "P443829.12",
"n": "8'",
"label": "i' 8'"}
,
{
"node": "d",
"type": "cell-start"}
,
{
"node": "d",
"type": "field-start",
"subtype": "wp"}
,
{
"node": "l",
"frag": "[...]",
"id": "P443829.l2d904",
"ref": "P443829.12.1",
"inst": "u",
"f": {"lang": "sux",
"form": "x",
"pos": "u"}
}
,
{
"node": "d",
"type": "field-end",
"subtype": "wp"}
,
{
"node": "d",
"type": "cell-end"}
,
{
"node": "d",
"type": "cell-start"}
,
{
"node": "d",
"type": "field-start",
"subtype": "eq"}
,
{
"node": "l",
"frag": "[...]",
"id": "P443829.l2d905",
"ref": "P443829.12.2",
"inst": "u",
"f": {"lang": "akk-x-mbperi",
"form": "x",
"pos": "u"}
}
,
{
"node": "d",
"type": "field-end",
"subtype": "eq"}
,
{
"node": "d",
"type": "cell-end"}
,
{
"node": "d",
"type": "cell-start"}
,
{
"node": "d",
"type": "field-start",
"subtype": "eq"}
,
{
"node": "l",
"frag": "[...]-⸢ar⸣",
"id": "P443829.l2d906",
"ref": "P443829.12.3",
"inst": "u",
"f": {"lang": "hit",
"form": "x-ar",
"pos": "u"}
}
,
{
"node": "d",
"type": "field-end",
"subtype": "eq"}
,
{
"node": "d",
"type": "cell-end"}
,
{
"node": "d",
"type": "line-start",
"ref": "P443829.13",
"n": "9'",
"label": "i' 9'"}
,
{
"node": "d",
"type": "cell-start"}
,
{
"node": "d",
"type": "field-start",
"subtype": "wp"}
,
{
"node": "l",
"frag": "[...]",
"id": "P443829.l2d907",
"ref": "P443829.13.1",
"inst": "u",
"f": {"lang": "sux",
"form": "x",
"pos": "u"}
}
,
{
"node": "d",
"type": "field-end",
"subtype": "wp"}
,
{
"node": "d",
"type": "cell-end"}
,
{
"node": "d",
"type": "cell-start"}
,
{
"node": "d",
"type": "field-start",
"subtype": "eq"}
,
{
"node": "l",
"frag": "[...]",
"id": "P443829.l2d908",
"ref": "P443829.13.2",
"inst": "u",
"f": {"lang": "akk-x-mbperi",
"form": "x",
"pos": "u"}
}
,
{
"node": "d",
"type": "field-end",
"subtype": "eq"}
,
{
"node": "d",
"type": "cell-end"}
,
{
"node": "d",
"type": "cell-start"}
,
{
"node": "d",
"type": "field-start",
"subtype": "eq"}
,
{
"node": "l",
"frag": "[...]-⸢ar⸣",
"id": "P443829.l2d909",
"ref": "P443829.13.3",
"inst": "u",
"f": {"lang": "hit",
"form": "x-ar",
"pos": "u"}
}
,
{
"node": "d",
"type": "field-end",
"subtype": "eq"}
,
{
"node": "d",
"type": "cell-end"}
,
{
"node": "d",
"type": "nonx",
"ref": "P443829.14",
"strict": "1",
"extent": "rest",
"scope": "column",
"state": "missing"}
,
{
"node": "d",
"subtype": "column 2'",
"type": "column",
"ref": "P443829.ii_.15",
"n": "2",
"label": "ii'"}
,
{
"node": "d",
"type": "nonx",
"ref": "P443829.16",
"strict": "1",
"extent": "beginning",
"scope": "column",
"state": "missing"}
,
{
"node": "d",
"type": "line-start",
"ref": "P443829.17",
"n": "1'",
"label": "ii' 1'"}
,
{
"node": "d",
"type": "cell-start"}
,
{
"node": "d",
"type": "field-start",
"subtype": "wp"}
,
{
"node": "l",
"frag": "⸢bala⸣",
"id": "P443829.l2d90a",
"ref": "P443829.17.1",
"inst": "bala[turn]V/t",
"sig": "@dcclt%sux:bala=bala[turn//turn]V/t'V/t$bala/bala#~",
"f": {"lang": "sux",
"form": "bala",
"cf": "bala",
"gw": "turn",
"sense": "turn",
"norm0": "bala",
"pos": "V/t",
"epos": "V/t",
"base": "bala",
"morph": "~"}
}
,
{
"node": "d",
"type": "field-end",
"subtype": "wp"}
,
{
"node": "d",
"type": "cell-end"}
,
{
"node": "d",
"type": "cell-start"}
,
{
"node": "d",
"type": "field-start",
"subtype": "eq"}
,
{
"node": "l",
"frag": "[...]",
"id": "P443829.l2d90b",
"ref": "P443829.17.2",
"inst": "u",
"f": {"lang": "akk-x-mbperi",
"form": "x",
"pos": "u"}
}
,
{
"node": "d",
"type": "field-end",
"subtype": "eq"}
,
{
"node": "d",
"type": "cell-end"}
,
{
"node": "d",
"type": "cell-start"}
,
{
"node": "d",
"type": "field-start",
"subtype": "eq"}
,
{
"node": "l",
"frag": "[...]",
"id": "P443829.l2d90c",
"ref": "P443829.17.3",
"inst": "u",
"f": {"lang": "hit",
"form": "x",
"pos": "u"}
}
,
{
"node": "d",
"type": "field-end",
"subtype": "eq"}
,
{
"node": "d",
"type": "cell-end"}
,
{
"node": "d",
"type": "line-start",
"ref": "P443829.18",
"n": "2'",
"label": "ii' 2'"}
,
{
"node": "d",
"type": "cell-start"}
,
{
"node": "d",
"type": "field-start",
"subtype": "wp"}
,
{
"node": "l",
"frag": "bala",
"id": "P443829.l2d90d",
"ref": "P443829.18.1",
"inst": "bala[turn]V/t",
"sig": "@dcclt%sux:bala=bala[turn//turn]V/t'V/t$bala/bala#~",
"f": {"lang": "sux",
"form": "bala",
"cf": "bala",
"gw": "turn",
"sense": "turn",
"norm0": "bala",
"pos": "V/t",
"epos": "V/t",
"base": "bala",
"morph": "~"}
}
,
{
"node": "d",
"type": "field-end",
"subtype": "wp"}
,
{
"node": "d",
"type": "cell-end"}
,
{
"node": "d",
"type": "cell-start"}
,
{
"node": "d",
"type": "field-start",
"subtype": "eq"}
,
{
"node": "l",
"frag": "⸢BU⸣-[...]",
"id": "P443829.l2d90e",
"ref": "P443829.18.2",
"inst": "u",
"f": {"lang": "akk-x-mbperi",
"form": "BU-x",
"pos": "u"}
}
,
{
"node": "d",
"type": "field-end",
"subtype": "eq"}
,
{
"node": "d",
"type": "cell-end"}
,
{
"node": "d",
"type": "cell-start"}
,
{
"node": "d",
"type": "field-start",
"subtype": "eq"}
,
{
"node": "l",
"frag": "[...]",
"id": "P443829.l2d90f",
"ref": "P443829.18.3",
"inst": "u",
"f": {"lang": "hit",
"form": "x",
"pos": "u"}
}
,
{
"node": "d",
"type": "field-end",
"subtype": "eq"}
,
{
"node": "d",
"type": "cell-end"}
,
{
"node": "d",
"type": "line-start",
"ref": "P443829.19",
"n": "3'",
"label": "ii' 3'"}
,
{
"node": "d",
"type": "cell-start"}
,
{
"node": "d",
"type": "field-start",
"subtype": "wp"}
,
{
"node": "l",
"frag": "bala",
"id": "P443829.l2d910",
"ref": "P443829.19.1",
"inst": "bala[turn]V/t",
"sig": "@dcclt%sux:bala=bala[turn//turn]V/t'V/t$bala/bala#~",
"f": {"lang": "sux",
"form": "bala",
"cf": "bala",
"gw": "turn",
"sense": "turn",
"norm0": "bala",
"pos": "V/t",
"epos": "V/t",
"base": "bala",
"morph": "~"}
}
,
{
"node": "d",
"type": "field-end",
"subtype": "wp"}
,
{
"node": "d",
"type": "cell-end"}
,
{
"node": "d",
"type": "cell-start"}
,
{
"node": "d",
"type": "field-start",
"subtype": "eq"}
,
{
"node": "l",
"frag": "ni-[...]",
"id": "P443829.l2d911",
"ref": "P443829.19.2",
"inst": "u",
"f": {"lang": "akk-x-mbperi",
"form": "ni-x",
"pos": "u"}
}
,
{
"node": "d",
"type": "field-end",
"subtype": "eq"}
,
{
"node": "d",
"type": "cell-end"}
,
{
"node": "d",
"type": "cell-start"}
,
{
"node": "d",
"type": "field-start",
"subtype": "eq"}
,
{
"node": "l",
"frag": "[...]",
"id": "P443829.l2d912",
"ref": "P443829.19.3",
"inst": "u",
"f": {"lang": "hit",
"form": "x",
"pos": "u"}
}
,
{
"node": "d",
"type": "field-end",
"subtype": "eq"}
,
{
"node": "d",
"type": "cell-end"}
,
{
"node": "d",
"type": "nonx",
"ref": "P443829.20",
"strict": "1",
"extent": "1",
"scope": "line",
"state": "ruling"}
,
{
"node": "d",
"type": "line-start",
"ref": "P443829.21",
"n": "4'",
"label": "ii' 4'"}
,
{
"node": "d",
"type": "cell-start"}
,
{
"node": "d",
"type": "field-start",
"subtype": "wp"}
,
{
"node": "l",
"frag": "bala-bala",
"id": "P443829.l2d913",
"ref": "P443829.21.1",
"inst": "bala[turn]V/t",
"sig": "@dcclt%sux:bala-bala=bala[turn//turn]V/t'V/t$bala/bala-bala#~",
"f": {"lang": "sux",
"form": "bala-bala",
"cf": "bala",
"gw": "turn",
"sense": "turn",
"norm0": "bala",
"pos": "V/t",
"epos": "V/t",
"base": "bala-bala",
"morph": "~"}
}
,
{
"node": "d",
"type": "field-end",
"subtype": "wp"}
,
{
"node": "d",
"type": "cell-end"}
,
{
"node": "d",
"type": "cell-start"}
,
{
"node": "d",
"type": "field-start",
"subtype": "eq"}
,
{
"node": "l",
"frag": "at-⸢mu⸣-[u]",
"id": "P443829.l2d914",
"ref": "P443829.21.2",
"inst": "+awû[speak//speaking]V'N$atmû",
"sig": "@dcclt%akk-x-mbperi:at-mu-u=awû[speak//speaking]V'N$atmû",
"f": {"lang": "akk-x-mbperi",
"form": "at-mu-u",
"cf": "awû",
"gw": "speak",
"sense": "speaking",
"norm": "atmû",
"pos": "V",
"epos": "N"}
}
,
{
"node": "d",
"type": "field-end",
"subtype": "eq"}
,
{
"node": "d",
"type": "cell-end"}
,
{
"node": "d",
"type": "cell-start"}
,
{
"node": "d",
"type": "field-start",
"subtype": "eq"}
,
{
"node": "l",
"frag": "[...]",
"id": "P443829.l2d915",
"ref": "P443829.21.3",
"inst": "u",
"f": {"lang": "hit",
"form": "x",
"pos": "u"}
}
,
{
"node": "d",
"type": "field-end",
"subtype": "eq"}
,
{
"node": "d",
"type": "cell-end"}
,
{
"node": "d",
"type": "line-start",
"ref": "P443829.22",
"n": "5'",
"label": "ii' 5'"}
,
{
"node": "d",
"type": "cell-start"}
,
{
"node": "d",
"type": "field-start",
"subtype": "wp"}
,
{
"node": "l",
"frag": "bala-bala",
"id": "P443829.l2d916",
"ref": "P443829.22.1",
"inst": "bala[turn]V/t",
"sig": "@dcclt%sux:bala-bala=bala[turn//turn]V/t'V/t$bala/bala-bala#~",
"f": {"lang": "sux",
"form": "bala-bala",
"cf": "bala",
"gw": "turn",
"sense": "turn",
"norm0": "bala",
"pos": "V/t",
"epos": "V/t",
"base": "bala-bala",
"morph": "~"}
}
,
{
"node": "d",
"type": "field-end",
"subtype": "wp"}
,
{
"node": "d",
"type": "cell-end"}
,
{
"node": "d",
"type": "cell-start"}
,
{
"node": "d",
"type": "field-start",
"subtype": "eq"}
,
{
"node": "l",
"frag": "⸢šu⸣-[...]",
"id": "P443829.l2d917",
"ref": "P443829.22.2",
"inst": "u",
"f": {"lang": "akk-x-mbperi",
"form": "šu-x",
"pos": "u"}
}
,
{
"node": "d",
"type": "field-end",
"subtype": "eq"}
,
{
"node": "d",
"type": "cell-end"}
,
{
"node": "d",
"type": "cell-start"}
,
{
"node": "d",
"type": "field-start",
"subtype": "eq"}
,
{
"node": "l",
"frag": "[...]",
"id": "P443829.l2d918",
"ref": "P443829.22.3",
"inst": "u",
"f": {"lang": "hit",
"form": "x",
"pos": "u"}
}
,
{
"node": "d",
"type": "field-end",
"subtype": "eq"}
,
{
"node": "d",
"type": "cell-end"}
,
{
"node": "d",
"type": "line-start",
"ref": "P443829.23",
"n": "6'",
"label": "ii' 6'"}
,
{
"node": "d",
"type": "cell-start"}
,
{
"node": "d",
"type": "field-start",
"subtype": "wp"}
,
{
"node": "l",
"frag": "bala-bala",
"id": "P443829.l2d919",
"ref": "P443829.23.1",
"inst": "bala[turn]V/t",
"sig": "@dcclt%sux:bala-bala=bala[turn//turn]V/t'V/t$bala/bala-bala#~",
"f": {"lang": "sux",
"form": "bala-bala",
"cf": "bala",
"gw": "turn",
"sense": "turn",
"norm0": "bala",
"pos": "V/t",
"epos": "V/t",
"base": "bala-bala",
"morph": "~"}
}
,
{
"node": "d",
"type": "field-end",
"subtype": "wp"}
,
{
"node": "d",
"type": "cell-end"}
,
{
"node": "d",
"type": "cell-start"}
,
{
"node": "d",
"type": "field-start",
"subtype": "eq"}
,
{
"node": "l",
"frag": "⸢šu⸣-[...]",
"id": "P443829.l2d91a",
"ref": "P443829.23.2",
"inst": "u",
"f": {"lang": "akk-x-mbperi",
"form": "šu-x",
"pos": "u"}
}
,
{
"node": "d",
"type": "field-end",
"subtype": "eq"}
,
{
"node": "d",
"type": "cell-end"}
,
{
"node": "d",
"type": "cell-start"}
,
{
"node": "d",
"type": "field-start",
"subtype": "eq"}
,
{
"node": "l",
"frag": "[...]",
"id": "P443829.l2d91b",
"ref": "P443829.23.3",
"inst": "u",
"f": {"lang": "hit",
"form": "x",
"pos": "u"}
}
,
{
"node": "d",
"type": "nonw",
"ref": ""}
,
{
"node": "d",
"type": "field-end",
"subtype": "eq"}
,
{
"node": "d",
"type": "cell-end"}
,
{
"node": "d",
"type": "nonx",
"ref": "P443829.24",
"strict": "1",
"extent": "1",
"scope": "line",
"state": "ruling"}
,
{
"node": "d",
"type": "line-start",
"ref": "P443829.25",
"n": "7'",
"label": "ii' 7'"}
,
{
"node": "d",
"type": "cell-start"}
,
{
"node": "d",
"type": "field-start",
"subtype": "wp"}
,
{
"node": "l",
"frag": "GIR₂",
"id": "P443829.l2d91c",
"ref": "P443829.25.1",
"inst": "X",
"f": {"lang": "sux",
"form": "GIR₂",
"pos": "X"}
}
,
{
"node": "d",
"type": "field-end",
"subtype": "wp"}
,
{
"node": "d",
"type": "cell-end"}
,
{
"node": "d",
"type": "cell-start"}
,
{
"node": "d",
"type": "field-start",
"subtype": "eq"}
,
{
"node": "l",
"frag": "[...]",
"id": "P443829.l2d91d",
"ref": "P443829.25.2",
"inst": "u",
"f": {"lang": "akk-x-mbperi",
"form": "x",
"pos": "u"}
}
,
{
"node": "d",
"type": "field-end",
"subtype": "eq"}
,
{
"node": "d",
"type": "cell-end"}
,
{
"node": "d",
"type": "cell-start"}
,
{
"node": "d",
"type": "field-start",
"subtype": "eq"}
,
{
"node": "l",
"frag": "[...]",
"id": "P443829.l2d91e",
"ref": "P443829.25.3",
"inst": "u",
"f": {"lang": "hit",
"form": "x",
"pos": "u"}
}
,
{
"node": "d",
"type": "field-end",
"subtype": "eq"}
,
{
"node": "d",
"type": "cell-end"}
,
{
"node": "d",
"type": "line-start",
"ref": "P443829.26",
"n": "8'",
"label": "ii' 8'"}
,
{
"node": "d",
"type": "cell-start"}
,
{
"node": "d",
"type": "field-start",
"subtype": "wp"}
,
{
"node": "l",
"frag": "GIR₂",
"id": "P443829.l2d91f",
"ref": "P443829.26.1",
"inst": "X",
"f": {"lang": "sux",
"form": "GIR₂",
"pos": "X"}
}
,
{
"node": "d",
"type": "field-end",
"subtype": "wp"}
,
{
"node": "d",
"type": "cell-end"}
,
{
"node": "d",
"type": "cell-start"}
,
{
"node": "d",
"type": "field-start",
"subtype": "eq"}
,
{
"node": "l",
"frag": "[...]",
"id": "P443829.l2d920",
"ref": "P443829.26.2",
"inst": "u",
"f": {"lang": "akk-x-mbperi",
"form": "x",
"pos": "u"}
}
,
{
"node": "d",
"type": "field-end",
"subtype": "eq"}
,
{
"node": "d",
"type": "cell-end"}
,
{
"node": "d",
"type": "cell-start"}
,
{
"node": "d",
"type": "field-start",
"subtype": "eq"}
,
{
"node": "l",
"frag": "[...]",
"id": "P443829.l2d921",
"ref": "P443829.26.3",
"inst": "u",
"f": {"lang": "hit",
"form": "x",
"pos": "u"}
}
,
{
"node": "d",
"type": "field-end",
"subtype": "eq"}
,
{
"node": "d",
"type": "cell-end"}
,
{
"node": "d",
"type": "line-start",
"ref": "P443829.27",
"n": "9'",
"label": "ii' 9'"}
,
{
"node": "d",
"type": "cell-start"}
,
{
"node": "d",
"type": "field-start",
"subtype": "wp"}
,
{
"node": "l",
"frag": "⸢GIR₂⸣",
"id": "P443829.l2d922",
"ref": "P443829.27.1",
"inst": "X",
"f": {"lang": "sux",
"form": "GIR₂",
"pos": "X"}
}
,
{
"node": "d",
"type": "field-end",
"subtype": "wp"}
,
{
"node": "d",
"type": "cell-end"}
,
{
"node": "d",
"type": "cell-start"}
,
{
"node": "d",
"type": "field-start",
"subtype": "eq"}
,
{
"node": "l",
"frag": "[...]",
"id": "P443829.l2d923",
"ref": "P443829.27.2",
"inst": "u",
"f": {"lang": "akk-x-mbperi",
"form": "x",
"pos": "u"}
}
,
{
"node": "d",
"type": "field-end",
"subtype": "eq"}
,
{
"node": "d",
"type": "cell-end"}
,
{
"node": "d",
"type": "cell-start"}
,
{
"node": "d",
"type": "field-start",
"subtype": "eq"}
,
{
"node": "l",
"frag": "[...]",
"id": "P443829.l2d924",
"ref": "P443829.27.3",
"inst": "u",
"f": {"lang": "hit",
"form": "x",
"pos": "u"}
}
,
{
"node": "d",
"type": "field-end",
"subtype": "eq"}
,
{
"node": "d",
"type": "cell-end"}
,
{
"node": "d",
"type": "nonx",
"ref": "P443829.28",
"strict": "1",
"extent": "rest",
"scope": "column",
"state": "missing"}
]}
]}
]}
]}
