{
"type": "cdl",
  "source": "http://oracc.org/dcclt",
  "license": "This data is released under the CC0 license",
  "license-url": "https://creativecommons.org/publicdomain/zero/1.0/",
  "more-info": "http://oracc.org/doc/opendata/",
  "UTC-timestamp": "2017-05-19T18:28:23",
"project": "dcclt",
"textid": "P443839",
"cdl": [
{
"node": "c",
"type": "text",
"id": "P443839.U0",
"cdl": [
{
"node": "d",
"subtype": "tablet",
"type": "object",
"ref": "P443839.x1243.1",
"type": "tablet",
"label": "x1243"}
,
{
"node": "d",
"type": "surface",
"ref": ""}
,
{
"node": "d",
"subtype": "column 1'",
"type": "column",
"ref": "P443839.i_.2",
"n": "1",
"label": "i'"}
,
{
"node": "d",
"type": "nonx",
"ref": "P443839.3",
"strict": "1",
"extent": "beginning",
"scope": "column",
"state": "missing"}
,
{
"node": "c",
"type": "discourse",
"subtype": "body",
"id": "P443839.U1",
"cdl": [
{
"node": "c",
"type": "sentence",
"id": "P443839.U2",
"label": "i' 1' - ii' 7'",
"cdl": [
{
"node": "d",
"type": "line-start",
"ref": "P443839.4",
"n": "1'",
"label": "i' 1'"}
,
{
"node": "l",
"frag": "[...]-⸢x⸣",
"id": "P443839.l2dfb1",
"ref": "P443839.4.1",
"inst": "u",
"f": {"lang": "sux",
"form": "x-x",
"pos": "u"}
}
,
{
"node": "d",
"type": "line-start",
"ref": "P443839.5",
"n": "2'",
"label": "i' 2'"}
,
{
"node": "l",
"frag": "[...]-⸢ta⸣",
"id": "P443839.l2dfb2",
"ref": "P443839.5.1",
"inst": "u",
"f": {"lang": "sux",
"form": "x-ta",
"pos": "u"}
}
,
{
"node": "d",
"type": "line-start",
"ref": "P443839.6",
"n": "3'",
"label": "i' 3'"}
,
{
"node": "l",
"frag": "[...]-⸢ra⸣",
"id": "P443839.l2dfb3",
"ref": "P443839.6.1",
"inst": "u",
"f": {"lang": "sux",
"form": "x-ra",
"pos": "u"}
}
,
{
"node": "d",
"type": "line-start",
"ref": "P443839.7",
"n": "4'",
"label": "i' 4'"}
,
{
"node": "l",
"frag": "[...]-⸢ra⸣",
"id": "P443839.l2dfb4",
"ref": "P443839.7.1",
"inst": "u",
"f": {"lang": "sux",
"form": "x-ra",
"pos": "u"}
}
,
{
"node": "d",
"type": "line-start",
"ref": "P443839.8",
"n": "5'",
"label": "i' 5'"}
,
{
"node": "l",
"frag": "[...]-⸢ra⸣",
"id": "P443839.l2dfb5",
"ref": "P443839.8.1",
"inst": "u",
"f": {"lang": "sux",
"form": "x-ra",
"pos": "u"}
}
,
{
"node": "d",
"type": "line-start",
"ref": "P443839.9",
"n": "6'",
"label": "i' 6'"}
,
{
"node": "l",
"frag": "[...]-⸢ra⸣",
"id": "P443839.l2dfb6",
"ref": "P443839.9.1",
"inst": "u",
"f": {"lang": "sux",
"form": "x-ra",
"pos": "u"}
}
,
{
"node": "d",
"type": "line-start",
"ref": "P443839.10",
"n": "7'",
"label": "i' 7'"}
,
{
"node": "l",
"frag": "[...]-⸢ti⸣",
"id": "P443839.l2dfb7",
"ref": "P443839.10.1",
"inst": "u",
"f": {"lang": "sux",
"form": "x-ti",
"pos": "u"}
}
,
{
"node": "d",
"type": "line-start",
"ref": "P443839.11",
"n": "8'",
"label": "i' 8'"}
,
{
"node": "l",
"frag": "[...]",
"id": "P443839.l2dfb8",
"ref": "P443839.11.1",
"inst": "u",
"f": {"lang": "sux",
"form": "x",
"pos": "u"}
}
,
{
"node": "l",
"frag": "|U.DAR|",
"id": "P443839.l2dfb9",
"ref": "P443839.11.2",
"inst": "X",
"f": {"lang": "sux",
"form": "|U.DAR|",
"pos": "X"}
}
,
{
"node": "d",
"type": "nonx",
"ref": "P443839.12",
"strict": "1",
"extent": "rest",
"scope": "column",
"state": "missing"}
,
{
"node": "d",
"subtype": "column 2'",
"type": "column",
"ref": "P443839.ii_.13",
"n": "2",
"label": "ii'"}
,
{
"node": "d",
"type": "nonx",
"ref": "P443839.14",
"strict": "1",
"extent": "beginning",
"scope": "column",
"state": "missing"}
,
{
"node": "d",
"type": "line-start",
"ref": "P443839.15",
"n": "1'",
"label": "ii' 1'"}
,
{
"node": "l",
"frag": "⸢e₂⸣",
"id": "P443839.l2dfba",
"ref": "P443839.15.1",
"inst": "e[house]N",
"sig": "@dcclt%sux:e₂=e[house//house]N'N$e/e₂#~",
"f": {"lang": "sux",
"form": "e₂",
"cf": "e",
"gw": "house",
"sense": "house",
"norm0": "e",
"pos": "N",
"epos": "N",
"base": "e₂",
"morph": "~"}
}
,
{
"node": "l",
"frag": "[...]",
"id": "P443839.l2dfbb",
"ref": "P443839.15.2",
"inst": "u",
"f": {"lang": "sux",
"form": "x",
"pos": "u"}
}
,
{
"node": "d",
"type": "nonx",
"ref": "P443839.16",
"strict": "1",
"extent": "1",
"scope": "line",
"state": "ruling"}
,
{
"node": "d",
"type": "line-start",
"ref": "P443839.17",
"n": "2'",
"label": "ii' 2'"}
,
{
"node": "l",
"frag": "⸢e₂⸣",
"id": "P443839.l2dfbc",
"ref": "P443839.17.1",
"inst": "e[house]N",
"sig": "@dcclt%sux:e₂=e[house//house]N'N$e/e₂#~",
"f": {"lang": "sux",
"form": "e₂",
"cf": "e",
"gw": "house",
"sense": "house",
"norm0": "e",
"pos": "N",
"epos": "N",
"base": "e₂",
"morph": "~"}
}
,
{
"node": "l",
"frag": "[...]",
"id": "P443839.l2dfbd",
"ref": "P443839.17.2",
"inst": "u",
"f": {"lang": "sux",
"form": "x",
"pos": "u"}
}
,
{
"node": "d",
"type": "line-start",
"ref": "P443839.18",
"n": "3'",
"label": "ii' 3'"}
,
{
"node": "l",
"frag": "⸢e₂⸣",
"id": "P443839.l2dfbe",
"ref": "P443839.18.1",
"inst": "e[house]N",
"sig": "@dcclt%sux:e₂=e[house//house]N'N$e/e₂#~",
"f": {"lang": "sux",
"form": "e₂",
"cf": "e",
"gw": "house",
"sense": "house",
"norm0": "e",
"pos": "N",
"epos": "N",
"base": "e₂",
"morph": "~"}
}
,
{
"node": "l",
"frag": "[...]",
"id": "P443839.l2dfbf",
"ref": "P443839.18.2",
"inst": "u",
"f": {"lang": "sux",
"form": "x",
"pos": "u"}
}
,
{
"node": "d",
"type": "line-start",
"ref": "P443839.19",
"n": "4'",
"label": "ii' 4'"}
,
{
"node": "l",
"frag": "e₂",
"id": "P443839.l2dfc0",
"ref": "P443839.19.1",
"inst": "e[house]N",
"sig": "@dcclt%sux:e₂=e[house//house]N'N$e/e₂#~",
"f": {"lang": "sux",
"form": "e₂",
"cf": "e",
"gw": "house",
"sense": "house",
"norm0": "e",
"pos": "N",
"epos": "N",
"base": "e₂",
"morph": "~"}
}
,
{
"node": "l",
"frag": "[...]",
"id": "P443839.l2dfc1",
"ref": "P443839.19.2",
"inst": "u",
"f": {"lang": "sux",
"form": "x",
"pos": "u"}
}
,
{
"node": "d",
"type": "line-start",
"ref": "P443839.20",
"n": "5'",
"label": "ii' 5'"}
,
{
"node": "l",
"frag": "e₂",
"id": "P443839.l2dfc2",
"ref": "P443839.20.1",
"inst": "e[house]N",
"sig": "@dcclt%sux:e₂=e[house//house]N'N$e/e₂#~",
"f": {"lang": "sux",
"form": "e₂",
"cf": "e",
"gw": "house",
"sense": "house",
"norm0": "e",
"pos": "N",
"epos": "N",
"base": "e₂",
"morph": "~"}
}
,
{
"node": "l",
"frag": "[...]",
"id": "P443839.l2dfc3",
"ref": "P443839.20.2",
"inst": "u",
"f": {"lang": "sux",
"form": "x",
"pos": "u"}
}
,
{
"node": "d",
"type": "nonx",
"ref": "P443839.21",
"strict": "1",
"extent": "1",
"scope": "line",
"state": "ruling"}
,
{
"node": "d",
"type": "line-start",
"ref": "P443839.22",
"n": "6'",
"label": "ii' 6'"}
,
{
"node": "l",
"frag": "e₂",
"id": "P443839.l2dfc4",
"ref": "P443839.22.1",
"inst": "e[house]N",
"sig": "@dcclt%sux:e₂=e[house//house]N'N$e/e₂#~",
"f": {"lang": "sux",
"form": "e₂",
"cf": "e",
"gw": "house",
"sense": "house",
"norm0": "e",
"pos": "N",
"epos": "N",
"base": "e₂",
"morph": "~"}
}
,
{
"node": "l",
"frag": "[...]",
"id": "P443839.l2dfc5",
"ref": "P443839.22.2",
"inst": "u",
"f": {"lang": "sux",
"form": "x",
"pos": "u"}
}
,
{
"node": "d",
"type": "line-start",
"ref": "P443839.23",
"n": "7'",
"label": "ii' 7'"}
,
{
"node": "l",
"frag": "⸢e₂⸣",
"id": "P443839.l2dfc6",
"ref": "P443839.23.1",
"inst": "e[house]N",
"sig": "@dcclt%sux:e₂=e[house//house]N'N$e/e₂#~",
"f": {"lang": "sux",
"form": "e₂",
"cf": "e",
"gw": "house",
"sense": "house",
"norm0": "e",
"pos": "N",
"epos": "N",
"base": "e₂",
"morph": "~"}
}
,
{
"node": "l",
"frag": "[...]",
"id": "P443839.l2dfc7",
"ref": "P443839.23.2",
"inst": "u",
"f": {"lang": "sux",
"form": "x",
"pos": "u"}
}
,
{
"node": "d",
"type": "nonx",
"ref": "P443839.24",
"strict": "1",
"extent": "rest",
"scope": "column",
"state": "missing"}
]}
]}
]}
]}
