{
"type": "cdl",
  "source": "http://oracc.org/dcclt",
  "license": "This data is released under the CC0 license",
  "license-url": "https://creativecommons.org/publicdomain/zero/1.0/",
  "more-info": "http://oracc.org/doc/opendata/",
  "UTC-timestamp": "2017-05-19T18:28:23",
"project": "dcclt",
"textid": "P443833",
"cdl": [
{
"node": "c",
"type": "text",
"id": "P443833.U0",
"cdl": [
{
"node": "d",
"subtype": "tablet",
"type": "object",
"ref": "P443833.x1198.1",
"type": "tablet",
"label": "x1198"}
,
{
"node": "d",
"type": "surface",
"ref": ""}
,
{
"node": "d",
"type": "nonx",
"ref": "P443833.2",
"strict": "1",
"extent": "beginning",
"scope": "line",
"state": "missing"}
,
{
"node": "d",
"type": "nonx",
"ref": "P443833.3",
"strict": "1",
"extent": "1",
"scope": "line",
"state": "ruling"}
,
{
"node": "d",
"type": "nonx",
"ref": "P443833.4",
"strict": "0",
"extent": "1",
"scope": "column",
"state": "other"}
,
{
"node": "c",
"type": "discourse",
"subtype": "body",
"id": "P443833.U1",
"cdl": [
{
"node": "c",
"type": "sentence",
"id": "P443833.U2",
"label": "1' - 8'",
"cdl": [
{
"node": "d",
"type": "line-start",
"ref": "P443833.5",
"n": "1'",
"label": "1'"}
,
{
"node": "d",
"type": "cell-start"}
,
{
"node": "d",
"type": "field-start",
"subtype": "sv"}
,
{
"node": "l",
"frag": "{u₂}šalambi{sar}",
"id": "P443833.l2cc33",
"ref": "P443833.5.1",
"inst": "šalambi[a grass]N",
"sig": "@dcclt%sux:{u₂}šalambi{sar}=šalambi[grass//a grass]N'N$šalambi/{u₂}šalambi{sar}#~",
"f": {"lang": "sux",
"form": "{u₂}šalambi{sar}",
"cf": "šalambi",
"gw": "grass",
"sense": "a grass",
"norm0": "šalambi",
"pos": "N",
"epos": "N",
"base": "{u₂}šalambi{sar}",
"morph": "~"}
}
,
{
"node": "d",
"type": "field-end",
"subtype": "sv"}
,
{
"node": "d",
"type": "cell-end"}
,
{
"node": "d",
"type": "cell-start"}
,
{
"node": "d",
"type": "field-start",
"subtype": "sg"}
,
{
"node": "l",
"frag": "|U₂.ŠA₃.SAR|",
"id": "P443833.l2cc34",
"ref": "P443833.5.2",
"inst": "%sux:|U₂.ŠA₃.SAR|=",
"f": {"lang": "sux",
"form": "|U₂.ŠA₃.SAR|"}
}
,
{
"node": "d",
"type": "field-end",
"subtype": "sg"}
,
{
"node": "d",
"type": "cell-end"}
,
{
"node": "d",
"type": "cell-start"}
,
{
"node": "d",
"type": "field-start",
"subtype": "eq"}
,
{
"node": "l",
"frag": "ša-ad-dar₆-ru",
"id": "P443833.l2cc35",
"ref": "P443833.5.3",
"inst": "+šaddaru[(a grass)]N$",
"sig": "@dcclt%akk-x-mbperi:ša-ad-dar₆-ru=šaddaru[(a grass)//(a grass)]N'N$šaddaru",
"f": {"lang": "akk-x-mbperi",
"form": "ša-ad-dar₆-ru",
"cf": "šaddaru",
"gw": "(a grass)",
"sense": "(a grass)",
"norm": "šaddaru",
"pos": "N",
"epos": "N"}
}
,
{
"node": "d",
"type": "field-end",
"subtype": "eq"}
,
{
"node": "d",
"type": "cell-end"}
,
{
"node": "d",
"type": "cell-start"}
,
{
"node": "d",
"type": "field-start",
"subtype": "eq"}
,
{
"node": "l",
"frag": "[...]",
"id": "P443833.l2cc36",
"ref": "P443833.5.4",
"inst": "u",
"f": {"lang": "hit",
"form": "x",
"pos": "u"}
}
,
{
"node": "d",
"type": "field-end",
"subtype": "eq"}
,
{
"node": "d",
"type": "cell-end"}
,
{
"node": "d",
"type": "nonx",
"ref": "P443833.6",
"strict": "1",
"extent": "1",
"scope": "line",
"state": "ruling"}
,
{
"node": "d",
"type": "line-start",
"ref": "P443833.7",
"n": "2'",
"label": "2'"}
,
{
"node": "d",
"type": "cell-start"}
,
{
"node": "d",
"type": "field-start",
"subtype": "sv"}
,
{
"node": "l",
"frag": "{u₂}šub₅",
"id": "P443833.l2cc37",
"ref": "P443833.7.1",
"inst": "šub[rush]",
"sig": "@dcclt%sux:{u₂}šub₅=šub[rush//rush, sedge]N'N$šub/{u₂}šub₅#~",
"f": {"lang": "sux",
"form": "{u₂}šub₅",
"cf": "šub",
"gw": "rush",
"sense": "rush, sedge",
"norm0": "šub",
"pos": "N",
"epos": "N",
"base": "{u₂}šub₅",
"morph": "~"}
}
,
{
"node": "d",
"type": "field-end",
"subtype": "sv"}
,
{
"node": "d",
"type": "cell-end"}
,
{
"node": "d",
"type": "cell-start"}
,
{
"node": "d",
"type": "field-start",
"subtype": "sg"}
,
{
"node": "l",
"frag": "|U₂.ZI&ZI.LAGAB|",
"id": "P443833.l2cc38",
"ref": "P443833.7.2",
"inst": "%sux:|U₂.ZI&ZI.LAGAB|=",
"f": {"lang": "sux",
"form": "|U₂.ZI&ZI.LAGAB|"}
}
,
{
"node": "d",
"type": "field-end",
"subtype": "sg"}
,
{
"node": "d",
"type": "cell-end"}
,
{
"node": "d",
"type": "cell-start"}
,
{
"node": "d",
"type": "field-start",
"subtype": "eq"}
,
{
"node": "l",
"frag": "šu-up-pa-du",
"id": "P443833.l2cc39",
"ref": "P443833.7.3",
"inst": "+šuppatu[rush]N$",
"sig": "@dcclt%akk-x-mbperi:šu-up-pa-du=šuppatu[rush//rush]N'N$šuppatu",
"f": {"lang": "akk-x-mbperi",
"form": "šu-up-pa-du",
"cf": "šuppatu",
"gw": "rush",
"sense": "rush",
"norm": "šuppatu",
"pos": "N",
"epos": "N"}
}
,
{
"node": "d",
"type": "field-end",
"subtype": "eq"}
,
{
"node": "d",
"type": "cell-end"}
,
{
"node": "d",
"type": "cell-start"}
,
{
"node": "d",
"type": "field-start",
"subtype": "eq"}
,
{
"node": "l",
"frag": "[...]",
"id": "P443833.l2cc3a",
"ref": "P443833.7.4",
"inst": "u",
"f": {"lang": "hit",
"form": "x",
"pos": "u"}
}
,
{
"node": "d",
"type": "field-end",
"subtype": "eq"}
,
{
"node": "d",
"type": "cell-end"}
,
{
"node": "d",
"type": "nonx",
"ref": "P443833.8",
"strict": "1",
"extent": "1",
"scope": "line",
"state": "ruling"}
,
{
"node": "d",
"type": "line-start",
"ref": "P443833.9",
"n": "3'",
"label": "3'"}
,
{
"node": "d",
"type": "cell-start"}
,
{
"node": "d",
"type": "field-start",
"subtype": "sv"}
,
{
"node": "l",
"frag": "{u₂}aški",
"id": "P443833.l2cc3b",
"ref": "P443833.9.1",
"inst": "aški[rushes]N",
"sig": "@dcclt%sux:{u₂}aški=aški[rushes//rushes]N'N$aški/{u₂}aški#~",
"f": {"lang": "sux",
"form": "{u₂}aški",
"cf": "aški",
"gw": "rushes",
"sense": "rushes",
"norm0": "aški",
"pos": "N",
"epos": "N",
"base": "{u₂}aški",
"morph": "~"}
}
,
{
"node": "d",
"type": "field-end",
"subtype": "sv"}
,
{
"node": "d",
"type": "cell-end"}
,
{
"node": "d",
"type": "cell-start"}
,
{
"node": "d",
"type": "field-start",
"subtype": "sg"}
,
{
"node": "l",
"frag": "|U₂.ZI&ZI.LAGAB|",
"id": "P443833.l2cc3c",
"ref": "P443833.9.2",
"inst": "%sux:|U₂.ZI&ZI.LAGAB|=",
"f": {"lang": "sux",
"form": "|U₂.ZI&ZI.LAGAB|"}
}
,
{
"node": "d",
"type": "field-end",
"subtype": "sg"}
,
{
"node": "d",
"type": "cell-end"}
,
{
"node": "d",
"type": "cell-start"}
,
{
"node": "d",
"type": "field-start",
"subtype": "eq"}
,
{
"node": "l",
"frag": "ur(KAB)-pa-du",
"id": "P443833.l2cc3d",
"ref": "P443833.9.3",
"inst": "+urbatu[rush]N$",
"sig": "@dcclt%akk-x-mbperi:ur-pa-du=urbatu[rush//rush]N'N$urbatu",
"f": {"lang": "akk-x-mbperi",
"form": "ur-pa-du",
"cf": "urbatu",
"gw": "rush",
"sense": "rush",
"norm": "urbatu",
"pos": "N",
"epos": "N"}
}
,
{
"node": "d",
"type": "field-end",
"subtype": "eq"}
,
{
"node": "d",
"type": "cell-end"}
,
{
"node": "d",
"type": "cell-start"}
,
{
"node": "d",
"type": "field-start",
"subtype": "eq"}
,
{
"node": "l",
"frag": "[...]",
"id": "P443833.l2cc3e",
"ref": "P443833.9.4",
"inst": "u",
"f": {"lang": "hit",
"form": "x",
"pos": "u"}
}
,
{
"node": "d",
"type": "field-end",
"subtype": "eq"}
,
{
"node": "d",
"type": "cell-end"}
,
{
"node": "d",
"type": "nonx",
"ref": "P443833.10",
"strict": "1",
"extent": "1",
"scope": "line",
"state": "ruling"}
,
{
"node": "d",
"type": "line-start",
"ref": "P443833.11",
"n": "4'",
"label": "4'"}
,
{
"node": "d",
"type": "cell-start"}
,
{
"node": "d",
"type": "field-start",
"subtype": "sv"}
,
{
"node": "l",
"frag": "{u₂}numun₂",
"id": "P443833.l2cc3f",
"ref": "P443833.11.1",
"inst": "numun[alfalfa grass]N",
"sig": "@dcclt%sux:{u₂}numun₂=numun[grass//alfalfa grass]N'N$numun/{u₂}numun₂#~",
"f": {"lang": "sux",
"form": "{u₂}numun₂",
"cf": "numun",
"gw": "grass",
"sense": "alfalfa grass",
"norm0": "numun",
"pos": "N",
"epos": "N",
"base": "{u₂}numun₂",
"morph": "~"}
}
,
{
"node": "d",
"type": "field-end",
"subtype": "sv"}
,
{
"node": "d",
"type": "cell-end"}
,
{
"node": "d",
"type": "cell-start"}
,
{
"node": "d",
"type": "field-start",
"subtype": "sg"}
,
{
"node": "l",
"frag": "|U₂.ZI&ZI.LAGAB|",
"id": "P443833.l2cc40",
"ref": "P443833.11.2",
"inst": "%sux:|U₂.ZI&ZI.LAGAB|=",
"f": {"lang": "sux",
"form": "|U₂.ZI&ZI.LAGAB|"}
}
,
{
"node": "d",
"type": "field-end",
"subtype": "sg"}
,
{
"node": "d",
"type": "cell-end"}
,
{
"node": "d",
"type": "cell-start"}
,
{
"node": "d",
"type": "field-start",
"subtype": "eq"}
,
{
"node": "d",
"frag": "<<NI>>",
"type": "nonw",
"ref": "P443833.11.3",
"lang": "akk-x-mbperi",
"type": "excised",
"gdl_delim": " "}
,
{
"node": "l",
"frag": "el-pe₂-du",
"id": "P443833.l2cc41",
"ref": "P443833.11.4",
"inst": "+elpetu[alfalfa grass]N$",
"sig": "@dcclt%akk-x-mbperi:el-pe₂-du=elpetu[alfalfa grass//alfalfa grass]N'N$elpetu",
"f": {"lang": "akk-x-mbperi",
"form": "el-pe₂-du",
"cf": "elpetu",
"gw": "alfalfa grass",
"sense": "alfalfa grass",
"norm": "elpetu",
"pos": "N",
"epos": "N"}
}
,
{
"node": "d",
"type": "field-end",
"subtype": "eq"}
,
{
"node": "d",
"type": "cell-end"}
,
{
"node": "d",
"type": "cell-start"}
,
{
"node": "d",
"type": "field-start",
"subtype": "eq"}
,
{
"node": "l",
"frag": "[...]",
"id": "P443833.l2cc42",
"ref": "P443833.11.5",
"inst": "u",
"f": {"lang": "hit",
"form": "x",
"pos": "u"}
}
,
{
"node": "d",
"type": "field-end",
"subtype": "eq"}
,
{
"node": "d",
"type": "cell-end"}
,
{
"node": "d",
"type": "line-start",
"ref": "P443833.12",
"n": "5'",
"label": "5'"}
,
{
"node": "d",
"type": "cell-start"}
,
{
"node": "d",
"type": "field-start",
"subtype": "sv"}
,
{
"node": "d",
"type": "field-end",
"subtype": "sv"}
,
{
"node": "d",
"type": "cell-end"}
,
{
"node": "d",
"type": "cell-start"}
,
{
"node": "d",
"type": "field-start",
"subtype": "sg"}
,
{
"node": "l",
"frag": "<([...])>",
"id": "P443833.l2cc43",
"ref": "P443833.12.1",
"inst": "%sux:x=",
"f": {"lang": "sux",
"form": "x"}
}
,
{
"node": "d",
"type": "field-end",
"subtype": "sg"}
,
{
"node": "d",
"type": "cell-end"}
,
{
"node": "d",
"type": "cell-start"}
,
{
"node": "d",
"type": "field-start",
"subtype": "eq"}
,
{
"node": "l",
"frag": "NI-⸢BI⸣-rum",
"id": "P443833.l2cc44",
"ref": "P443833.12.2",
"inst": "u",
"f": {"lang": "akk-x-mbperi",
"form": "NI-BI-rum",
"pos": "u"}
}
,
{
"node": "d",
"type": "field-end",
"subtype": "eq"}
,
{
"node": "d",
"type": "cell-end"}
,
{
"node": "d",
"type": "cell-start"}
,
{
"node": "d",
"type": "field-start",
"subtype": "eq"}
,
{
"node": "l",
"frag": "[...]",
"id": "P443833.l2cc45",
"ref": "P443833.12.3",
"inst": "u",
"f": {"lang": "hit",
"form": "x",
"pos": "u"}
}
,
{
"node": "d",
"type": "field-end",
"subtype": "eq"}
,
{
"node": "d",
"type": "cell-end"}
,
{
"node": "d",
"type": "line-start",
"ref": "P443833.13",
"n": "6'",
"label": "6'"}
,
{
"node": "d",
"type": "cell-start"}
,
{
"node": "d",
"type": "field-start",
"subtype": "sv"}
,
{
"node": "d",
"type": "field-end",
"subtype": "sv"}
,
{
"node": "d",
"type": "cell-end"}
,
{
"node": "d",
"type": "cell-start"}
,
{
"node": "d",
"type": "field-start",
"subtype": "sg"}
,
{
"node": "l",
"frag": "<([...])>",
"id": "P443833.l2cc46",
"ref": "P443833.13.1",
"inst": "%sux:x=",
"f": {"lang": "sux",
"form": "x"}
}
,
{
"node": "d",
"type": "field-end",
"subtype": "sg"}
,
{
"node": "d",
"type": "cell-end"}
,
{
"node": "d",
"type": "cell-start"}
,
{
"node": "d",
"type": "field-start",
"subtype": "eq"}
,
{
"node": "l",
"frag": "nam-ku-ru₃-rum",
"id": "P443833.l2cc47",
"ref": "P443833.13.2",
"inst": "+imikkarūru[(a kind of grass)]N$namkarūrum",
"sig": "@dcclt%akk-x-mbperi:nam-ku-ru₃-rum=imikkarūru[(a kind of grass)//(a kind of grass)]N'N$namkarūrum",
"f": {"lang": "akk-x-mbperi",
"form": "nam-ku-ru₃-rum",
"cf": "imikkarūru",
"gw": "(a kind of grass)",
"sense": "(a kind of grass)",
"norm": "namkarūrum",
"pos": "N",
"epos": "N"}
}
,
{
"node": "d",
"type": "field-end",
"subtype": "eq"}
,
{
"node": "d",
"type": "cell-end"}
,
{
"node": "d",
"type": "cell-start"}
,
{
"node": "d",
"type": "field-start",
"subtype": "eq"}
,
{
"node": "l",
"frag": "[...]",
"id": "P443833.l2cc48",
"ref": "P443833.13.3",
"inst": "u",
"f": {"lang": "hit",
"form": "x",
"pos": "u"}
}
,
{
"node": "d",
"type": "field-end",
"subtype": "eq"}
,
{
"node": "d",
"type": "cell-end"}
,
{
"node": "d",
"type": "nonx",
"ref": "P443833.14",
"strict": "1",
"extent": "1",
"scope": "line",
"state": "ruling"}
,
{
"node": "d",
"type": "line-start",
"ref": "P443833.15",
"n": "7'",
"label": "7'"}
,
{
"node": "d",
"type": "cell-start"}
,
{
"node": "d",
"type": "field-start",
"subtype": "sv"}
,
{
"node": "d",
"type": "field-end",
"subtype": "sv"}
,
{
"node": "d",
"type": "cell-end"}
,
{
"node": "d",
"type": "cell-start"}
,
{
"node": "d",
"type": "field-start",
"subtype": "sg"}
,
{
"node": "l",
"frag": "|U₂.KUL.ŠA₃.SAR|",
"id": "P443833.l2cc49",
"ref": "P443833.15.1",
"inst": "%sux:|U₂.KUL.ŠA₃.SAR|=",
"f": {"lang": "sux",
"form": "|U₂.KUL.ŠA₃.SAR|"}
}
,
{
"node": "d",
"type": "field-end",
"subtype": "sg"}
,
{
"node": "d",
"type": "cell-end"}
,
{
"node": "d",
"type": "cell-start"}
,
{
"node": "d",
"type": "field-start",
"subtype": "eq"}
,
{
"node": "l",
"frag": "nam-ku-ru-rum",
"id": "P443833.l2cc4a",
"ref": "P443833.15.2",
"inst": "+imikkarūru[(a kind of grass)]N$namkarūrum",
"sig": "@dcclt%akk-x-mbperi:nam-ku-ru-rum=imikkarūru[(a kind of grass)//(a kind of grass)]N'N$namkarūrum",
"f": {"lang": "akk-x-mbperi",
"form": "nam-ku-ru-rum",
"cf": "imikkarūru",
"gw": "(a kind of grass)",
"sense": "(a kind of grass)",
"norm": "namkarūrum",
"pos": "N",
"epos": "N"}
}
,
{
"node": "d",
"type": "field-end",
"subtype": "eq"}
,
{
"node": "d",
"type": "cell-end"}
,
{
"node": "d",
"type": "cell-start"}
,
{
"node": "d",
"type": "field-start",
"subtype": "eq"}
,
{
"node": "l",
"frag": "[...]",
"id": "P443833.l2cc4b",
"ref": "P443833.15.3",
"inst": "u",
"f": {"lang": "hit",
"form": "x",
"pos": "u"}
}
,
{
"node": "d",
"type": "field-end",
"subtype": "eq"}
,
{
"node": "d",
"type": "cell-end"}
,
{
"node": "d",
"type": "nonx",
"ref": "P443833.16",
"strict": "1",
"extent": "1",
"scope": "line",
"state": "ruling"}
,
{
"node": "d",
"type": "line-start",
"ref": "P443833.17",
"n": "8'",
"label": "8'"}
,
{
"node": "d",
"type": "cell-start"}
,
{
"node": "d",
"type": "field-start",
"subtype": "sv"}
,
{
"node": "d",
"type": "field-end",
"subtype": "sv"}
,
{
"node": "d",
"type": "cell-end"}
,
{
"node": "d",
"type": "cell-start"}
,
{
"node": "d",
"type": "field-start",
"subtype": "sg"}
,
{
"node": "l",
"frag": "[...]",
"id": "P443833.l2cc4c",
"ref": "P443833.17.1",
"inst": "%sux:x=",
"f": {"lang": "sux",
"form": "x"}
}
,
{
"node": "d",
"type": "field-end",
"subtype": "sg"}
,
{
"node": "d",
"type": "cell-end"}
,
{
"node": "d",
"type": "cell-start"}
,
{
"node": "d",
"type": "field-start",
"subtype": "eq"}
,
{
"node": "l",
"frag": "[aš]-lu",
"id": "P443833.l2cc4d",
"ref": "P443833.17.2",
"inst": "+ašlu[rush]N$",
"sig": "@dcclt%akk-x-mbperi:aš-lu=ašlu[rush//rush]N'N$ašlu",
"f": {"lang": "akk-x-mbperi",
"form": "aš-lu",
"cf": "ašlu",
"gw": "rush",
"sense": "rush",
"norm": "ašlu",
"pos": "N",
"epos": "N"}
}
,
{
"node": "d",
"type": "field-end",
"subtype": "eq"}
,
{
"node": "d",
"type": "cell-end"}
,
{
"node": "d",
"type": "cell-start"}
,
{
"node": "d",
"type": "field-start",
"subtype": "eq"}
,
{
"node": "l",
"frag": "[...]",
"id": "P443833.l2cc4e",
"ref": "P443833.17.3",
"inst": "u",
"f": {"lang": "hit",
"form": "x",
"pos": "u"}
}
,
{
"node": "d",
"type": "field-end",
"subtype": "eq"}
,
{
"node": "d",
"type": "cell-end"}
,
{
"node": "d",
"type": "nonx",
"ref": "P443833.18",
"strict": "1",
"extent": "1",
"scope": "line",
"state": "ruling"}
,
{
"node": "d",
"type": "nonx",
"ref": "P443833.19",
"strict": "1",
"extent": "rest",
"scope": "line",
"state": "missing"}
]}
]}
]}
]}
