{
"type": "cdl",
  "source": "http://oracc.org/dcclt",
  "license": "This data is released under the CC0 license",
  "license-url": "https://creativecommons.org/publicdomain/zero/1.0/",
  "more-info": "http://oracc.org/doc/opendata/",
  "UTC-timestamp": "2017-05-19T18:28:24",
"project": "dcclt",
"textid": "P445878",
"cdl": [
{
"node": "c",
"type": "text",
"id": "P445878.U0",
"cdl": [
{
"node": "d",
"subtype": "tablet",
"type": "object",
"ref": "P445878.x1202.1",
"type": "tablet",
"label": "x1202"}
,
{
"node": "d",
"subtype": "obverse",
"type": "surface",
"ref": "P445878.o.2",
"type": "obverse",
"label": "o"}
,
{
"node": "d",
"subtype": "column 1o '",
"type": "column",
"ref": "P445878.o.i_.3",
"n": "1",
"label": "o i'"}
,
{
"node": "d",
"type": "nonx",
"ref": "P445878.4",
"strict": "0",
"extent": "2049",
"state": "other"}
,
{
"node": "d",
"type": "nonx",
"ref": "P445878.5",
"strict": "0",
"extent": "2",
"scope": "line",
"state": "blank"}
,
{
"node": "c",
"type": "discourse",
"subtype": "body",
"id": "P445878.U1",
"cdl": [
{
"node": "c",
"type": "sentence",
"id": "P445878.U2",
"label": "o i' 3' - r frg.1 6'",
"cdl": [
{
"node": "d",
"type": "line-start",
"ref": "P445878.6",
"n": "3'",
"label": "o i' 3'"}
,
{
"node": "l",
"frag": "[...]-⸢a⸣",
"id": "P445878.l2cd16",
"ref": "P445878.6.1",
"inst": "u",
"f": {"lang": "sux",
"form": "x-a",
"pos": "u"}
}
,
{
"node": "d",
"type": "line-start",
"ref": "P445878.7",
"n": "4'",
"label": "o i' 4'"}
,
{
"node": "l",
"frag": "[...]",
"id": "P445878.l2cd17",
"ref": "P445878.7.1",
"inst": "u",
"f": {"lang": "sux",
"form": "x",
"pos": "u"}
}
,
{
"node": "d",
"type": "line-start",
"ref": "P445878.8",
"n": "5'",
"label": "o i' 5'"}
,
{
"node": "l",
"frag": "[...]-⸢ge⸣",
"id": "P445878.l2cd18",
"ref": "P445878.8.1",
"inst": "u",
"f": {"lang": "sux",
"form": "x-ge",
"pos": "u"}
}
,
{
"node": "d",
"type": "line-start",
"ref": "P445878.9",
"n": "6'",
"label": "o i' 6'"}
,
{
"node": "l",
"frag": "[...]-⸢x⸣",
"id": "P445878.l2cd19",
"ref": "P445878.9.1",
"inst": "u",
"f": {"lang": "sux",
"form": "x-x",
"pos": "u"}
}
,
{
"node": "d",
"type": "line-start",
"ref": "P445878.10",
"n": "7'",
"label": "o i' 7'"}
,
{
"node": "l",
"frag": "[...]",
"id": "P445878.l2cd1a",
"ref": "P445878.10.1",
"inst": "u",
"f": {"lang": "sux",
"form": "x",
"pos": "u"}
}
,
{
"node": "d",
"type": "line-start",
"ref": "P445878.11",
"n": "8'",
"label": "o i' 8'"}
,
{
"node": "l",
"frag": "[...]-⸢x⸣",
"id": "P445878.l2cd1b",
"ref": "P445878.11.1",
"inst": "u",
"f": {"lang": "sux",
"form": "x-x",
"pos": "u"}
}
,
{
"node": "d",
"type": "nonx",
"ref": "P445878.12",
"strict": "0",
"extent": "n",
"scope": "line",
"state": "missing"}
,
{
"node": "d",
"type": "nonx",
"ref": "P445878.13",
"strict": "0",
"extent": "1147",
"state": "other"}
,
{
"node": "d",
"type": "line-start",
"ref": "P445878.14",
"n": "1''",
"label": "o i' 1''"}
,
{
"node": "l",
"frag": "⸢x-x",
"id": "P445878.l2cd1c",
"ref": "P445878.14.1",
"inst": "u",
"f": {"lang": "sux",
"form": "x-x",
"pos": "u"}
}
,
{
"node": "l",
"frag": "x-a⸣",
"id": "P445878.l2cd1d",
"ref": "P445878.14.2",
"inst": "u",
"f": {"lang": "sux",
"form": "x-a",
"pos": "u"}
}
,
{
"node": "d",
"type": "nonx",
"ref": "P445878.15",
"strict": "1",
"extent": "1",
"scope": "line",
"state": "ruling"}
,
{
"node": "d",
"type": "line-start",
"ref": "P445878.16",
"n": "2''",
"label": "o i' 2''"}
,
{
"node": "l",
"frag": "ur₅-ra",
"id": "P445878.l2cd1e",
"ref": "P445878.16.1",
"inst": "urra[interest-bearing loan]N",
"sig": "@dcclt%sux:ur₅-ra=urra[loan//interest-bearing loan]N'N$urra/ur₅-ra#~",
"f": {"lang": "sux",
"form": "ur₅-ra",
"cf": "urra",
"gw": "loan",
"sense": "interest-bearing loan",
"norm0": "urra",
"pos": "N",
"epos": "N",
"base": "ur₅-ra",
"morph": "~"}
}
,
{
"node": "d",
"type": "line-start",
"ref": "P445878.17",
"n": "3''",
"label": "o i' 3''"}
,
{
"node": "l",
"frag": "⸢šu⸣",
"id": "P445878.l2cd1f",
"ref": "P445878.17.1",
"inst": "šu[hand]N",
"sig": "@dcclt%sux:šu=šu[hand//hand]N'N$šu/šu#~",
"f": {"lang": "sux",
"form": "šu",
"cf": "šu",
"gw": "hand",
"sense": "hand",
"norm0": "šu",
"pos": "N",
"epos": "N",
"base": "šu",
"morph": "~"}
}
,
{
"node": "l",
"frag": "la₂",
"id": "P445878.l2cd20",
"ref": "P445878.17.2",
"inst": "la[hang]V/t",
"sig": "@dcclt%sux:la₂=la[hang//hang]V/t'V/t$la/la₂#~",
"f": {"lang": "sux",
"form": "la₂",
"cf": "la",
"gw": "hang",
"sense": "hang",
"norm0": "la",
"pos": "V/t",
"epos": "V/t",
"base": "la₂",
"morph": "~"}
}
,
{
"node": "d",
"type": "line-start",
"ref": "P445878.18",
"n": "4''",
"label": "o i' 4''"}
,
{
"node": "c",
"type": "phrase",
"tag": "phr",
"id": "P445878.U4",
"ref": "P445878.ls00000",
"cdl": [
{
"node": "l",
"frag": "šu",
"id": "P445878.l2cd21",
"ref": "P445878.18.1",
"inst": "šu[hand]N",
"sig": "@dcclt%sux:šu=šu[hand//hand]N'N$šu/šu#~",
"f": {"lang": "sux",
"form": "šu",
"cf": "šu",
"gw": "hand",
"sense": "hand",
"norm0": "šu",
"pos": "N",
"epos": "N",
"base": "šu",
"morph": "~"}
}
,
{
"node": "l",
"frag": "bala",
"id": "P445878.l2cd22",
"ref": "P445878.18.2",
"inst": "bala[turn]V/t",
"sig": "@dcclt%sux:bala=bala[turn//turn]V/t'V/t$bala/bala#~",
"f": {"lang": "sux",
"form": "bala",
"cf": "bala",
"gw": "turn",
"sense": "turn",
"norm0": "bala",
"pos": "V/t",
"epos": "V/t",
"base": "bala",
"morph": "~"}
}
]}
,
{
"node": "d",
"type": "line-start",
"ref": "P445878.19",
"n": "5''",
"label": "o i' 5''"}
,
{
"node": "l",
"frag": "šu",
"id": "P445878.l2cd23",
"ref": "P445878.19.1",
"inst": "šu[hand]N",
"sig": "@dcclt%sux:šu=šu[hand//hand]N'N$šu/šu#~",
"f": {"lang": "sux",
"form": "šu",
"cf": "šu",
"gw": "hand",
"sense": "hand",
"norm0": "šu",
"pos": "N",
"epos": "N",
"base": "šu",
"morph": "~"}
}
,
{
"node": "l",
"frag": "bala-bala",
"id": "P445878.l2cd24",
"ref": "P445878.19.2",
"inst": "bala[turn]V/t",
"sig": "@dcclt%sux:bala-bala=bala[turn//turn]V/t'V/t$bala/bala-bala#~",
"f": {"lang": "sux",
"form": "bala-bala",
"cf": "bala",
"gw": "turn",
"sense": "turn",
"norm0": "bala",
"pos": "V/t",
"epos": "V/t",
"base": "bala-bala",
"morph": "~"}
}
,
{
"node": "d",
"type": "nonx",
"ref": "P445878.20",
"strict": "1",
"extent": "1",
"scope": "line",
"state": "ruling"}
,
{
"node": "d",
"type": "line-start",
"ref": "P445878.21",
"n": "6''",
"label": "o i' 6''"}
,
{
"node": "l",
"frag": "⸢šu",
"id": "P445878.l2cd25",
"ref": "P445878.21.1",
"inst": "šu[hand]N",
"sig": "@dcclt%sux:šu=šu[hand//hand]N'N$šu/šu#~",
"f": {"lang": "sux",
"form": "šu",
"cf": "šu",
"gw": "hand",
"sense": "hand",
"norm0": "šu",
"pos": "N",
"epos": "N",
"base": "šu",
"morph": "~"}
}
,
{
"node": "l",
"frag": "gir₅(ŠUDUL₃)",
"id": "P445878.l2cd26",
"ref": "P445878.21.2",
"inst": "gir[to slip (in or through), glide]V/i",
"sig": "@dcclt%sux:gir₅=gir[slip//to slip (in or through), glide]V/i'V/i$gir/gir₅#~",
"f": {"lang": "sux",
"form": "gir₅",
"cf": "gir",
"gw": "slip",
"sense": "to slip (in or through), glide",
"norm0": "gir",
"pos": "V/i",
"epos": "V/i",
"base": "gir₅",
"morph": "~"}
}
,
{
"node": "d",
"type": "line-start",
"ref": "P445878.22",
"n": "7''",
"label": "o i' 7''"}
,
{
"node": "l",
"frag": "⸢šu",
"id": "P445878.l2cd27",
"ref": "P445878.22.1",
"inst": "šu[hand]N",
"sig": "@dcclt%sux:šu=šu[hand//hand]N'N$šu/šu#~",
"f": {"lang": "sux",
"form": "šu",
"cf": "šu",
"gw": "hand",
"sense": "hand",
"norm0": "šu",
"pos": "N",
"epos": "N",
"base": "šu",
"morph": "~"}
}
,
{
"node": "l",
"frag": "gir₅(ŠUDUL₃)-gir₅(ŠUDUL₃)",
"id": "P445878.l2cd28",
"ref": "P445878.22.2",
"inst": "gir[to slip (in or through), glide]V/i",
"sig": "@dcclt%sux:gir₅-gir₅=gir[slip//to slip (in or through), glide]V/i'V/i$gir/gir₅-gir₅#~",
"f": {"lang": "sux",
"form": "gir₅-gir₅",
"cf": "gir",
"gw": "slip",
"sense": "to slip (in or through), glide",
"norm0": "gir",
"pos": "V/i",
"epos": "V/i",
"base": "gir₅-gir₅",
"morph": "~"}
}
,
{
"node": "d",
"type": "line-start",
"ref": "P445878.23",
"n": "8''",
"label": "o i' 8''"}
,
{
"node": "l",
"frag": "⸢šu",
"id": "P445878.l2cd29",
"ref": "P445878.23.1",
"inst": "šu[hand]N",
"sig": "@dcclt%sux:šu=šu[hand//hand]N'N$šu/šu#~",
"f": {"lang": "sux",
"form": "šu",
"cf": "šu",
"gw": "hand",
"sense": "hand",
"norm0": "šu",
"pos": "N",
"epos": "N",
"base": "šu",
"morph": "~"}
}
,
{
"node": "l",
"frag": "gir₅(ŠUDUL₃)",
"id": "P445878.l2cd2a",
"ref": "P445878.23.2",
"inst": "gir[to slip (in or through), glide]V/i",
"sig": "@dcclt%sux:gir₅=gir[slip//to slip (in or through), glide]V/i'V/i$gir/gir₅#~",
"f": {"lang": "sux",
"form": "gir₅",
"cf": "gir",
"gw": "slip",
"sense": "to slip (in or through), glide",
"norm0": "gir",
"pos": "V/i",
"epos": "V/i",
"base": "gir₅",
"morph": "~"}
}
,
{
"node": "l",
"frag": "kar₂-kar₂",
"id": "P445878.l2cd2b",
"ref": "P445878.23.3",
"inst": "kar[to insult, slander]V/t",
"sig": "@dcclt%sux:kar₂-kar₂=kar[insult//to insult, slander]V/t'V/t$kar/kar₂-kar₂#~",
"f": {"lang": "sux",
"form": "kar₂-kar₂",
"cf": "kar",
"gw": "insult",
"sense": "to insult, slander",
"norm0": "kar",
"pos": "V/t",
"epos": "V/t",
"base": "kar₂-kar₂",
"morph": "~"}
}
,
{
"node": "d",
"type": "nonx",
"ref": "P445878.24",
"strict": "1",
"extent": "1",
"scope": "line",
"state": "ruling"}
,
{
"node": "d",
"type": "line-start",
"ref": "P445878.25",
"n": "9''",
"label": "o i' 9''"}
,
{
"node": "l",
"frag": "⸢šu⸣",
"id": "P445878.l2cd2c",
"ref": "P445878.25.1",
"inst": "šu[hand]N",
"sig": "@dcclt%sux:šu=šu[hand//hand]N'N$šu/šu#~",
"f": {"lang": "sux",
"form": "šu",
"cf": "šu",
"gw": "hand",
"sense": "hand",
"norm0": "šu",
"pos": "N",
"epos": "N",
"base": "šu",
"morph": "~"}
}
,
{
"node": "l",
"frag": "hi",
"id": "P445878.l2cd2d",
"ref": "P445878.25.2",
"inst": "hi[to mix (up)]V/t",
"sig": "@dcclt%sux:hi=hi[mix//to mix (up)]V/t'V/t$hi/hi#~",
"f": {"lang": "sux",
"form": "hi",
"cf": "hi",
"gw": "mix",
"sense": "to mix (up)",
"norm0": "hi",
"pos": "V/t",
"epos": "V/t",
"base": "hi",
"morph": "~"}
}
,
{
"node": "d",
"type": "line-start",
"ref": "P445878.26",
"n": "10''",
"label": "o i' 10''"}
,
{
"node": "l",
"frag": "⸢šu⸣",
"id": "P445878.l2cd2e",
"ref": "P445878.26.1",
"inst": "šu[hand]N",
"sig": "@dcclt%sux:šu=šu[hand//hand]N'N$šu/šu#~",
"f": {"lang": "sux",
"form": "šu",
"cf": "šu",
"gw": "hand",
"sense": "hand",
"norm0": "šu",
"pos": "N",
"epos": "N",
"base": "šu",
"morph": "~"}
}
,
{
"node": "l",
"frag": "hi-hi",
"id": "P445878.l2cd2f",
"ref": "P445878.26.2",
"inst": "hi[to mix (up)]V/t",
"sig": "@dcclt%sux:hi-hi=hi[mix//to mix (up)]V/t'V/t$hi/hi-hi#~",
"f": {"lang": "sux",
"form": "hi-hi",
"cf": "hi",
"gw": "mix",
"sense": "to mix (up)",
"norm0": "hi",
"pos": "V/t",
"epos": "V/t",
"base": "hi-hi",
"morph": "~"}
}
,
{
"node": "d",
"type": "line-start",
"ref": "P445878.27",
"n": "11''",
"label": "o i' 11''"}
,
{
"node": "l",
"frag": "⸢šu⸣",
"id": "P445878.l2cd30",
"ref": "P445878.27.1",
"inst": "šu[hand]N",
"sig": "@dcclt%sux:šu=šu[hand//hand]N'N$šu/šu#~",
"f": {"lang": "sux",
"form": "šu",
"cf": "šu",
"gw": "hand",
"sense": "hand",
"norm0": "šu",
"pos": "N",
"epos": "N",
"base": "šu",
"morph": "~"}
}
,
{
"node": "l",
"frag": "hi",
"id": "P445878.l2cd31",
"ref": "P445878.27.2",
"inst": "hi[to mix (up)]V/t",
"sig": "@dcclt%sux:hi=hi[mix//to mix (up)]V/t'V/t$hi/hi#~",
"f": {"lang": "sux",
"form": "hi",
"cf": "hi",
"gw": "mix",
"sense": "to mix (up)",
"norm0": "hi",
"pos": "V/t",
"epos": "V/t",
"base": "hi",
"morph": "~"}
}
,
{
"node": "l",
"frag": "tab-ba",
"id": "P445878.l2cd32",
"ref": "P445878.27.3",
"inst": "tab[to double]V/t",
"sig": "@dcclt%sux:tab-ba=tab[double//to double]V/t'V/t$tab;a/tab+-ba=b.a#~;a",
"f": {"lang": "sux",
"form": "tab-ba",
"cf": "tab",
"gw": "double",
"sense": "to double",
"norm0": "tab;a",
"pos": "V/t",
"epos": "V/t",
"base": "tab",
"cont": "-ba=b.a",
"morph": "~;a"}
}
,
{
"node": "d",
"type": "nonw",
"ref": ""}
,
{
"node": "d",
"type": "nonx",
"ref": "P445878.28",
"strict": "1",
"extent": "1",
"scope": "line",
"state": "ruling"}
,
{
"node": "d",
"type": "line-start",
"ref": "P445878.29",
"n": "12''",
"label": "o i' 12''"}
,
{
"node": "c",
"type": "phrase",
"tag": "phr",
"id": "P445878.U5",
"ref": "P445878.ls00001",
"cdl": [
{
"node": "l",
"frag": "⸢šu⸣",
"id": "P445878.l2cd33",
"ref": "P445878.29.1",
"inst": "šu[hand]N",
"sig": "@dcclt%sux:šu=šu[hand//hand]N'N$šu/šu#~",
"f": {"lang": "sux",
"form": "šu",
"cf": "šu",
"gw": "hand",
"sense": "hand",
"norm0": "šu",
"pos": "N",
"epos": "N",
"base": "šu",
"morph": "~"}
}
,
{
"node": "l",
"frag": "gid₂-da",
"id": "P445878.l2cd34",
"ref": "P445878.29.2",
"inst": "gid[drag]V/t",
"sig": "@dcclt%sux:gid₂-da=gid[drag//drag]V/t'V/t$gid;a/gid₂+-da=d.a#~;a",
"f": {"lang": "sux",
"form": "gid₂-da",
"cf": "gid",
"gw": "drag",
"sense": "drag",
"norm0": "gid;a",
"pos": "V/t",
"epos": "V/t",
"base": "gid₂",
"cont": "-da=d.a",
"morph": "~;a"}
}
]}
,
{
"node": "d",
"type": "line-start",
"ref": "P445878.30",
"n": "13''",
"label": "o i' 13''"}
,
{
"node": "l",
"frag": "⸢šu⸣",
"id": "P445878.l2cd35",
"ref": "P445878.30.1",
"inst": "šu[hand]N",
"sig": "@dcclt%sux:šu=šu[hand//hand]N'N$šu/šu#~",
"f": {"lang": "sux",
"form": "šu",
"cf": "šu",
"gw": "hand",
"sense": "hand",
"norm0": "šu",
"pos": "N",
"epos": "N",
"base": "šu",
"morph": "~"}
}
,
{
"node": "l",
"frag": "su₃-ud-da",
"id": "P445878.l2cd36",
"ref": "P445878.30.2",
"inst": "sud[(to be) distant]V/i",
"sig": "@dcclt%sux:su₃-ud-da=sud[distant//(to be) distant]V/i'V/i$sud;a/su₃-ud+-da=d.a#~;a",
"f": {"lang": "sux",
"form": "su₃-ud-da",
"cf": "sud",
"gw": "distant",
"sense": "(to be) distant",
"norm0": "sud;a",
"pos": "V/i",
"epos": "V/i",
"base": "su₃-ud",
"cont": "-da=d.a",
"morph": "~;a"}
}
,
{
"node": "d",
"type": "line-start",
"ref": "P445878.31",
"n": "14''",
"label": "o i' 14''"}
,
{
"node": "l",
"frag": "⸢šu⸣",
"id": "P445878.l2cd37",
"ref": "P445878.31.1",
"inst": "šu[hand]N",
"sig": "@dcclt%sux:šu=šu[hand//hand]N'N$šu/šu#~",
"f": {"lang": "sux",
"form": "šu",
"cf": "šu",
"gw": "hand",
"sense": "hand",
"norm0": "šu",
"pos": "N",
"epos": "N",
"base": "šu",
"morph": "~"}
}
,
{
"node": "l",
"frag": "su₃-ud-da",
"id": "P445878.l2cd38",
"ref": "P445878.31.2",
"inst": "sud[(to be) distant]V/i",
"sig": "@dcclt%sux:su₃-ud-da=sud[distant//(to be) distant]V/i'V/i$sud;a/su₃-ud+-da=d.a#~;a",
"f": {"lang": "sux",
"form": "su₃-ud-da",
"cf": "sud",
"gw": "distant",
"sense": "(to be) distant",
"norm0": "sud;a",
"pos": "V/i",
"epos": "V/i",
"base": "su₃-ud",
"cont": "-da=d.a",
"morph": "~;a"}
}
,
{
"node": "l",
"frag": "ri-⸢a⸣",
"id": "P445878.l2cd39",
"ref": "P445878.31.3",
"inst": "ri[distant]V/i",
"sig": "@dcclt%sux:ri-a=ri[distant//distant]V/i'V/i$ri;a/ri#~;a",
"f": {"lang": "sux",
"form": "ri-a",
"cf": "ri",
"gw": "distant",
"sense": "distant",
"norm0": "ri;a",
"pos": "V/i",
"epos": "V/i",
"base": "ri",
"morph": "~;a"}
}
,
{
"node": "d",
"type": "line-start",
"ref": "P445878.32",
"n": "15''",
"label": "o i' 15''"}
,
{
"node": "c",
"type": "phrase",
"tag": "phr",
"id": "P445878.U6",
"ref": "P445878.ls00002",
"cdl": [
{
"node": "l",
"frag": "⸢šu",
"id": "P445878.l2cd3a",
"ref": "P445878.32.1",
"inst": "šu[hand]N",
"sig": "@dcclt%sux:šu=šu[hand//hand]N'N$šu/šu#~",
"f": {"lang": "sux",
"form": "šu",
"cf": "šu",
"gw": "hand",
"sense": "hand",
"norm0": "šu",
"pos": "N",
"epos": "N",
"base": "šu",
"morph": "~"}
}
,
{
"node": "l",
"frag": "bar⸣",
"id": "P445878.l2cd3b",
"ref": "P445878.32.2",
"inst": "bar[(compound verb verbal element)]V/t",
"sig": "@dcclt%sux:bar=bar[cvve//(compound verb verbal element)]V/t'V/t$bar/bar#~",
"f": {"lang": "sux",
"form": "bar",
"cf": "bar",
"gw": "cvve",
"sense": "(compound verb verbal element)",
"norm0": "bar",
"pos": "V/t",
"epos": "V/t",
"base": "bar",
"morph": "~"}
}
]}
,
{
"node": "l",
"frag": "zi₂",
"id": "P445878.l2cd3c",
"ref": "P445878.32.3",
"inst": "zig[rise]",
"sig": "@dcclt%sux:zi₂=zig[rise//rise]V/t'V/t$zig/zi₂#~",
"f": {"lang": "sux",
"form": "zi₂",
"cf": "zig",
"gw": "rise",
"sense": "rise",
"norm0": "zig",
"pos": "V/t",
"epos": "V/t",
"base": "zi₂",
"morph": "~"}
}
,
{
"node": "l",
"frag": "ri-a",
"id": "P445878.l2cd3d",
"ref": "P445878.32.4",
"inst": "ri[distant]V/i",
"sig": "@dcclt%sux:ri-a=ri[distant//distant]V/i'V/i$ri;a/ri#~;a",
"f": {"lang": "sux",
"form": "ri-a",
"cf": "ri",
"gw": "distant",
"sense": "distant",
"norm0": "ri;a",
"pos": "V/i",
"epos": "V/i",
"base": "ri",
"morph": "~;a"}
}
,
{
"node": "d",
"type": "line-start",
"ref": "P445878.33",
"n": "16''",
"label": "o i' 16''"}
,
{
"node": "l",
"frag": "[...]",
"id": "P445878.l2cd3e",
"ref": "P445878.33.1",
"inst": "u",
"f": {"lang": "sux",
"form": "x",
"pos": "u"}
}
,
{
"node": "l",
"frag": "⸢x",
"id": "P445878.l2cd3f",
"ref": "P445878.33.2",
"inst": "u",
"f": {"lang": "sux",
"form": "x",
"pos": "u"}
}
,
{
"node": "l",
"frag": "x⸣",
"id": "P445878.l2cd40",
"ref": "P445878.33.3",
"inst": "u",
"f": {"lang": "sux",
"form": "x",
"pos": "u"}
}
,
{
"node": "d",
"type": "nonx",
"ref": "P445878.34",
"strict": "0",
"extent": "rest",
"state": "missing"}
,
{
"node": "d",
"subtype": "column 2o '",
"type": "column",
"ref": "P445878.o.ii_.35",
"n": "2",
"label": "o ii'"}
,
{
"node": "d",
"type": "nonx",
"ref": "P445878.36",
"strict": "0",
"extent": "8385",
"state": "other"}
,
{
"node": "d",
"type": "nonx",
"ref": "P445878.37",
"strict": "0",
"extent": "beginning",
"state": "missing"}
,
{
"node": "d",
"type": "line-start",
"ref": "P445878.38",
"n": "1'",
"label": "o ii' 1'"}
,
{
"node": "l",
"frag": "[...]-⸢bal⸣",
"id": "P445878.l2cd41",
"ref": "P445878.38.1",
"inst": "u",
"f": {"lang": "sux",
"form": "x-bal",
"pos": "u"}
}
,
{
"node": "d",
"type": "line-start",
"ref": "P445878.39",
"n": "2'",
"label": "o ii' 2'"}
,
{
"node": "l",
"frag": "[...]-⸢ta⸣",
"id": "P445878.l2cd42",
"ref": "P445878.39.1",
"inst": "u",
"f": {"lang": "sux",
"form": "x-ta",
"pos": "u"}
}
,
{
"node": "d",
"type": "nonx",
"ref": "P445878.40",
"strict": "1",
"extent": "1",
"scope": "line",
"state": "ruling"}
,
{
"node": "d",
"type": "line-start",
"ref": "P445878.41",
"n": "3'",
"label": "o ii' 3'"}
,
{
"node": "l",
"frag": "[zu₉]",
"id": "P445878.l2cd43",
"ref": "P445878.41.1",
"inst": "zu[tooth]N",
"sig": "@dcclt%sux:zu₉=zu[tooth//tooth]N'N$zu/zu₉#~",
"f": {"lang": "sux",
"form": "zu₉",
"cf": "zu",
"gw": "tooth",
"sense": "tooth",
"norm0": "zu",
"pos": "N",
"epos": "N",
"base": "zu₉",
"morph": "~"}
}
,
{
"node": "d",
"type": "line-start",
"ref": "P445878.42",
"n": "4'",
"label": "o ii' 4'"}
,
{
"node": "l",
"frag": "[zu₉]",
"id": "P445878.l2cd44",
"ref": "P445878.42.1",
"inst": "zu[tooth]N",
"sig": "@dcclt%sux:zu₉=zu[tooth//tooth]N'N$zu/zu₉#~",
"f": {"lang": "sux",
"form": "zu₉",
"cf": "zu",
"gw": "tooth",
"sense": "tooth",
"norm0": "zu",
"pos": "N",
"epos": "N",
"base": "zu₉",
"morph": "~"}
}
,
{
"node": "l",
"frag": "⸢e₃-a⸣",
"id": "P445878.l2cd45",
"ref": "P445878.42.2",
"inst": "e[leave]V/i",
"sig": "@dcclt%sux:e₃-a=e[leave//leave]V/i'V/i$e;a/e₃#~;a",
"f": {"lang": "sux",
"form": "e₃-a",
"cf": "e",
"gw": "leave",
"sense": "leave",
"norm0": "e;a",
"pos": "V/i",
"epos": "V/i",
"base": "e₃",
"morph": "~;a"}
}
,
{
"node": "d",
"type": "line-start",
"ref": "P445878.43",
"n": "5'",
"label": "o ii' 5'"}
,
{
"node": "l",
"frag": "⸢zu₉⸣",
"id": "P445878.l2cd46",
"ref": "P445878.43.1",
"inst": "zu[tooth]N",
"sig": "@dcclt%sux:zu₉=zu[tooth//tooth]N'N$zu/zu₉#~",
"f": {"lang": "sux",
"form": "zu₉",
"cf": "zu",
"gw": "tooth",
"sense": "tooth",
"norm0": "zu",
"pos": "N",
"epos": "N",
"base": "zu₉",
"morph": "~"}
}
,
{
"node": "l",
"frag": "e₃-a",
"id": "P445878.l2cd47",
"ref": "P445878.43.2",
"inst": "e[leave]V/i",
"sig": "@dcclt%sux:e₃-a=e[leave//leave]V/i'V/i$e;a/e₃#~;a",
"f": {"lang": "sux",
"form": "e₃-a",
"cf": "e",
"gw": "leave",
"sense": "leave",
"norm0": "e;a",
"pos": "V/i",
"epos": "V/i",
"base": "e₃",
"morph": "~;a"}
}
,
{
"node": "l",
"frag": "di",
"id": "P445878.l2cd48",
"ref": "P445878.43.3",
"inst": "dug[to do, perform]V/t",
"sig": "@dcclt%sux:di=dug[speak//to do, perform]V/t'V/t$dug/di#~",
"f": {"lang": "sux",
"form": "di",
"cf": "dug",
"gw": "speak",
"sense": "to do, perform",
"norm0": "dug",
"pos": "V/t",
"epos": "V/t",
"base": "di",
"morph": "~"}
}
,
{
"node": "d",
"type": "nonx",
"ref": "P445878.44",
"strict": "1",
"extent": "1",
"scope": "line",
"state": "ruling"}
,
{
"node": "d",
"type": "line-start",
"ref": "P445878.45",
"n": "6'",
"label": "o ii' 6'"}
,
{
"node": "l",
"frag": "[x]-⸢šu₂⸣",
"id": "P445878.l2cd49",
"ref": "P445878.45.1",
"inst": "u",
"f": {"lang": "sux",
"form": "x-šu₂",
"pos": "u"}
}
,
{
"node": "d",
"type": "line-start",
"ref": "P445878.46",
"n": "7'",
"label": "o ii' 7'"}
,
{
"node": "l",
"frag": "⸢x⸣",
"id": "P445878.l2cd4a",
"ref": "P445878.46.1",
"inst": "u",
"f": {"lang": "sux",
"form": "x",
"pos": "u"}
}
,
{
"node": "l",
"frag": "niŋ₂-⸢GA⸣",
"id": "P445878.l2cd4b",
"ref": "P445878.46.2",
"inst": "X",
"f": {"lang": "sux",
"form": "niŋ₂-GA",
"pos": "X"}
}
,
{
"node": "d",
"type": "line-start",
"ref": "P445878.47",
"n": "8'",
"label": "o ii' 8'"}
,
{
"node": "l",
"frag": "⸢niŋ₂⸣-šu₂",
"id": "P445878.l2cd4c",
"ref": "P445878.47.1",
"inst": "X",
"f": {"lang": "sux",
"form": "niŋ₂-šu₂",
"pos": "X"}
}
,
{
"node": "d",
"type": "nonx",
"ref": "P445878.48",
"strict": "1",
"extent": "1",
"scope": "line",
"state": "ruling"}
,
{
"node": "d",
"type": "line-start",
"ref": "P445878.49",
"n": "9'",
"label": "o ii' 9'"}
,
{
"node": "l",
"frag": "DU",
"id": "P445878.l2cd4d",
"ref": "P445878.49.1",
"inst": "X",
"f": {"lang": "sux",
"form": "DU",
"pos": "X"}
}
,
{
"node": "d",
"type": "line-start",
"ref": "P445878.50",
"n": "10'",
"label": "o ii' 10'"}
,
{
"node": "l",
"frag": "lu₂",
"id": "P445878.l2cd4e",
"ref": "P445878.50.1",
"inst": "lu[person]N",
"sig": "@dcclt%sux:lu₂=lu[person//person]N'N$lu/lu₂#~",
"f": {"lang": "sux",
"form": "lu₂",
"cf": "lu",
"gw": "person",
"sense": "person",
"norm0": "lu",
"pos": "N",
"epos": "N",
"base": "lu₂",
"morph": "~"}
}
,
{
"node": "d",
"type": "line-start",
"ref": "P445878.51",
"n": "11'",
"label": "o ii' 11'"}
,
{
"node": "l",
"frag": "e-še",
"id": "P445878.l2cd4f",
"ref": "P445878.51.1",
"inst": "M",
"f": {"lang": "sux",
"form": "e-še",
"pos": "M"}
}
,
{
"node": "d",
"type": "nonw",
"ref": ""}
,
{
"node": "d",
"type": "nonx",
"ref": "P445878.52",
"strict": "1",
"extent": "1",
"scope": "line",
"state": "ruling"}
,
{
"node": "d",
"type": "line-start",
"ref": "P445878.53",
"n": "12'",
"label": "o ii' 12'"}
,
{
"node": "l",
"frag": "di",
"id": "P445878.l2cd50",
"ref": "P445878.53.1",
"inst": "X",
"f": {"lang": "sux",
"form": "di",
"pos": "X"}
}
,
{
"node": "l",
"frag": "di",
"id": "P445878.l2cd51",
"ref": "P445878.53.2",
"inst": "X",
"f": {"lang": "sux",
"form": "di",
"pos": "X"}
}
,
{
"node": "l",
"frag": "⸢di⸣",
"id": "P445878.l2cd52",
"ref": "P445878.53.3",
"inst": "X",
"f": {"lang": "sux",
"form": "di",
"pos": "X"}
}
,
{
"node": "l",
"frag": "di",
"id": "P445878.l2cd53",
"ref": "P445878.53.4",
"inst": "X",
"f": {"lang": "sux",
"form": "di",
"pos": "X"}
}
,
{
"node": "d",
"type": "line-start",
"ref": "P445878.54",
"n": "13'",
"label": "o ii' 13'"}
,
{
"node": "l",
"frag": "⸢di",
"id": "P445878.l2cd54",
"ref": "P445878.54.1",
"inst": "X",
"f": {"lang": "sux",
"form": "di",
"pos": "X"}
}
,
{
"node": "l",
"frag": "di⸣",
"id": "P445878.l2cd55",
"ref": "P445878.54.2",
"inst": "X",
"f": {"lang": "sux",
"form": "di",
"pos": "X"}
}
,
{
"node": "l",
"frag": "di",
"id": "P445878.l2cd56",
"ref": "P445878.54.3",
"inst": "X",
"f": {"lang": "sux",
"form": "di",
"pos": "X"}
}
,
{
"node": "l",
"frag": "⸢x⸣",
"id": "P445878.l2cd57",
"ref": "P445878.54.4",
"inst": "u",
"f": {"lang": "sux",
"form": "x",
"pos": "u"}
}
,
{
"node": "d",
"type": "line-start",
"ref": "P445878.55",
"n": "14'",
"label": "o ii' 14'"}
,
{
"node": "l",
"frag": "[x]",
"id": "P445878.l2cd58",
"ref": "P445878.55.1",
"inst": "u",
"f": {"lang": "sux",
"form": "x",
"pos": "u"}
}
,
{
"node": "l",
"frag": "⸢x",
"id": "P445878.l2cd59",
"ref": "P445878.55.2",
"inst": "u",
"f": {"lang": "sux",
"form": "x",
"pos": "u"}
}
,
{
"node": "l",
"frag": "x",
"id": "P445878.l2cd5a",
"ref": "P445878.55.3",
"inst": "u",
"f": {"lang": "sux",
"form": "x",
"pos": "u"}
}
,
{
"node": "l",
"frag": "x⸣",
"id": "P445878.l2cd5b",
"ref": "P445878.55.4",
"inst": "u",
"f": {"lang": "sux",
"form": "x",
"pos": "u"}
}
,
{
"node": "l",
"frag": "[(...)]",
"id": "P445878.l2cd5c",
"ref": "P445878.55.5",
"inst": "u",
"f": {"lang": "sux",
"form": "x",
"pos": "u"}
}
,
{
"node": "d",
"type": "nonx",
"ref": "P445878.56",
"strict": "0",
"state": "other"}
,
{
"node": "d",
"type": "nonx",
"ref": "P445878.57",
"strict": "0",
"extent": "2049",
"state": "other"}
,
{
"node": "d",
"type": "line-start",
"ref": "P445878.58",
"n": "1''",
"label": "o ii' 1''"}
,
{
"node": "l",
"frag": "ŋizzalₓ(|GIŠ.TUG₂.[PI].SILA₃.A|)",
"id": "P445878.l2cd5d",
"ref": "P445878.58.1",
"inst": "ŋizzal[ear]N/ŋizzalₓ(|GIŠ.TUG₂.PI.SILA₃.A|)",
"sig": "@dcclt%sux:ŋizzalₓ(|GIŠ.TUG₂.PI.SILA₃.A|)=ŋizzal[ear//ear]N'N$ŋizzal/ŋizzalₓ(|GIŠ.TUG₂.PI.SILA₃.A|)#~",
"f": {"lang": "sux",
"form": "ŋizzalₓ(|GIŠ.TUG₂.PI.SILA₃.A|)",
"cf": "ŋizzal",
"gw": "ear",
"sense": "ear",
"norm0": "ŋizzal",
"pos": "N",
"epos": "N",
"base": "ŋizzalₓ(|GIŠ.TUG₂.PI.SILA₃.A|)",
"morph": "~"}
}
,
{
"node": "d",
"type": "nonw",
"ref": ""}
,
{
"node": "d",
"type": "line-start",
"ref": "P445878.59",
"n": "2''",
"label": "o ii' 2''"}
,
{
"node": "l",
"frag": "ŋizzalₓ(|GIŠ.TUG₂.PI.SILA₃.A|)",
"id": "P445878.l2cd5e",
"ref": "P445878.59.1",
"inst": "ŋizzal[ear]N",
"sig": "@dcclt%sux:ŋizzalₓ(|GIŠ.TUG₂.PI.SILA₃.A|)=ŋizzal[ear//ear]N'N$ŋizzal/ŋizzalₓ(|GIŠ.TUG₂.PI.SILA₃.A|)#~",
"f": {"lang": "sux",
"form": "ŋizzalₓ(|GIŠ.TUG₂.PI.SILA₃.A|)",
"cf": "ŋizzal",
"gw": "ear",
"sense": "ear",
"norm0": "ŋizzal",
"pos": "N",
"epos": "N",
"base": "ŋizzalₓ(|GIŠ.TUG₂.PI.SILA₃.A|)",
"morph": "~"}
}
,
{
"node": "l",
"frag": "gu-⸢la⸣",
"id": "P445878.l2cd5f",
"ref": "P445878.59.2",
"inst": "gal[(to be) big, great]V/i",
"sig": "@dcclt%sux:gu-la=gal[big//(to be) big, great]V/i'V/i$gal/gu-la#~",
"f": {"lang": "sux",
"form": "gu-la",
"cf": "gal",
"gw": "big",
"sense": "(to be) big, great",
"norm0": "gal",
"pos": "V/i",
"epos": "V/i",
"base": "gu-la",
"morph": "~"}
}
,
{
"node": "d",
"type": "line-start",
"ref": "P445878.60",
"n": "3''",
"label": "o ii' 3''"}
,
{
"node": "l",
"frag": "ŋizzalₓ(|GIŠ.TUG₂.PI.SILA₃.A|)",
"id": "P445878.l2cd60",
"ref": "P445878.60.1",
"inst": "ŋizzal[ear]N",
"sig": "@dcclt%sux:ŋizzalₓ(|GIŠ.TUG₂.PI.SILA₃.A|)=ŋizzal[ear//ear]N'N$ŋizzal/ŋizzalₓ(|GIŠ.TUG₂.PI.SILA₃.A|)#~",
"f": {"lang": "sux",
"form": "ŋizzalₓ(|GIŠ.TUG₂.PI.SILA₃.A|)",
"cf": "ŋizzal",
"gw": "ear",
"sense": "ear",
"norm0": "ŋizzal",
"pos": "N",
"epos": "N",
"base": "ŋizzalₓ(|GIŠ.TUG₂.PI.SILA₃.A|)",
"morph": "~"}
}
,
{
"node": "l",
"frag": "ŋar-ra",
"id": "P445878.l2cd61",
"ref": "P445878.60.2",
"inst": "ŋar[place]V/t",
"sig": "@dcclt%sux:ŋar-ra=ŋar[place//place]V/t'V/t$ŋar;a/ŋar+-ra=r.a#~;a",
"f": {"lang": "sux",
"form": "ŋar-ra",
"cf": "ŋar",
"gw": "place",
"sense": "place",
"norm0": "ŋar;a",
"pos": "V/t",
"epos": "V/t",
"base": "ŋar",
"cont": "-ra=r.a",
"morph": "~;a"}
}
,
{
"node": "d",
"type": "nonx",
"ref": "P445878.61",
"strict": "1",
"extent": "1",
"scope": "line",
"state": "ruling"}
,
{
"node": "d",
"type": "line-start",
"ref": "P445878.62",
"n": "17'",
"label": "o ii' 17'"}
,
{
"node": "l",
"frag": "libₓ(|LUL.A|)",
"id": "P445878.l2cd62",
"ref": "P445878.62.1",
"inst": "lib[heart]N/libₓ(|LUL.A|)#~",
"sig": "@dcclt%sux:libₓ(|LUL.A|)=lib[heart//heart]N'N$lib/libₓ(|LUL.A|)#~",
"f": {"lang": "sux",
"form": "libₓ(|LUL.A|)",
"cf": "lib",
"gw": "heart",
"sense": "heart",
"norm0": "lib",
"pos": "N",
"epos": "N",
"base": "libₓ(|LUL.A|)",
"morph": "~"}
}
,
{
"node": "l",
"frag": "⸢ŋar⸣",
"id": "P445878.l2cd63",
"ref": "P445878.62.2",
"inst": "ŋar[place]V/t",
"sig": "@dcclt%sux:ŋar=ŋar[place//place]V/t'V/t$ŋar/ŋar#~",
"f": {"lang": "sux",
"form": "ŋar",
"cf": "ŋar",
"gw": "place",
"sense": "place",
"norm0": "ŋar",
"pos": "V/t",
"epos": "V/t",
"base": "ŋar",
"morph": "~"}
}
,
{
"node": "d",
"type": "line-start",
"ref": "P445878.63",
"n": "18'",
"label": "o ii' 18'"}
,
{
"node": "l",
"frag": "libₓ(|LUL.A|)",
"id": "P445878.l2cd64",
"ref": "P445878.63.1",
"inst": "lib[heart]N",
"sig": "@dcclt%sux:libₓ(|LUL.A|)=lib[heart//heart]N'N$lib/libₓ(|LUL.A|)#~",
"f": {"lang": "sux",
"form": "libₓ(|LUL.A|)",
"cf": "lib",
"gw": "heart",
"sense": "heart",
"norm0": "lib",
"pos": "N",
"epos": "N",
"base": "libₓ(|LUL.A|)",
"morph": "~"}
}
,
{
"node": "l",
"frag": "ŋar-ŋar",
"id": "P445878.l2cd65",
"ref": "P445878.63.2",
"inst": "ŋar[place]V/t",
"sig": "@dcclt%sux:ŋar-ŋar=ŋar[place//place]V/t'V/t$ŋar/ŋar-ŋar#~",
"f": {"lang": "sux",
"form": "ŋar-ŋar",
"cf": "ŋar",
"gw": "place",
"sense": "place",
"norm0": "ŋar",
"pos": "V/t",
"epos": "V/t",
"base": "ŋar-ŋar",
"morph": "~"}
}
,
{
"node": "d",
"type": "line-start",
"ref": "P445878.64",
"n": "19'",
"label": "o ii' 19'"}
,
{
"node": "l",
"frag": "libₓ(|LUL.A|)",
"id": "P445878.l2cd66",
"ref": "P445878.64.1",
"inst": "lib[heart]N",
"sig": "@dcclt%sux:libₓ(|LUL.A|)=lib[heart//heart]N'N$lib/libₓ(|LUL.A|)#~",
"f": {"lang": "sux",
"form": "libₓ(|LUL.A|)",
"cf": "lib",
"gw": "heart",
"sense": "heart",
"norm0": "lib",
"pos": "N",
"epos": "N",
"base": "libₓ(|LUL.A|)",
"morph": "~"}
}
,
{
"node": "l",
"frag": "ŋar",
"id": "P445878.l2cd67",
"ref": "P445878.64.2",
"inst": "ŋar[place]V/t",
"sig": "@dcclt%sux:ŋar=ŋar[place//place]V/t'V/t$ŋar/ŋar#~",
"f": {"lang": "sux",
"form": "ŋar",
"cf": "ŋar",
"gw": "place",
"sense": "place",
"norm0": "ŋar",
"pos": "V/t",
"epos": "V/t",
"base": "ŋar",
"morph": "~"}
}
,
{
"node": "l",
"frag": "⸢ri⸣-a",
"id": "P445878.l2cd68",
"ref": "P445878.64.3",
"inst": "ri[distant]V/i",
"sig": "@dcclt%sux:ri-a=ri[distant//distant]V/i'V/i$ri;a/ri#~;a",
"f": {"lang": "sux",
"form": "ri-a",
"cf": "ri",
"gw": "distant",
"sense": "distant",
"norm0": "ri;a",
"pos": "V/i",
"epos": "V/i",
"base": "ri",
"morph": "~;a"}
}
,
{
"node": "d",
"type": "nonx",
"ref": "P445878.65",
"strict": "1",
"extent": "1",
"scope": "line",
"state": "ruling"}
,
{
"node": "d",
"type": "line-start",
"ref": "P445878.66",
"n": "20'",
"label": "o ii' 20'"}
,
{
"node": "l",
"frag": "libₓ(|LUL.A|)",
"id": "P445878.l2cd69",
"ref": "P445878.66.1",
"inst": "lib[heart]N",
"sig": "@dcclt%sux:libₓ(|LUL.A|)=lib[heart//heart]N'N$lib/libₓ(|LUL.A|)#~",
"f": {"lang": "sux",
"form": "libₓ(|LUL.A|)",
"cf": "lib",
"gw": "heart",
"sense": "heart",
"norm0": "lib",
"pos": "N",
"epos": "N",
"base": "libₓ(|LUL.A|)",
"morph": "~"}
}
,
{
"node": "l",
"frag": "kur₂",
"id": "P445878.l2cd6a",
"ref": "P445878.66.2",
"inst": "kur[(to be) different]V/i",
"sig": "@dcclt%sux:kur₂=kur[different//(to be) different]V/i'V/i$kur/kur₂#~",
"f": {"lang": "sux",
"form": "kur₂",
"cf": "kur",
"gw": "different",
"sense": "(to be) different",
"norm0": "kur",
"pos": "V/i",
"epos": "V/i",
"base": "kur₂",
"morph": "~"}
}
,
{
"node": "d",
"type": "line-start",
"ref": "P445878.67",
"n": "21'",
"label": "o ii' 21'"}
,
{
"node": "l",
"frag": "libₓ(|LUL.A|)",
"id": "P445878.l2cd6b",
"ref": "P445878.67.1",
"inst": "lib[heart]N",
"sig": "@dcclt%sux:libₓ(|LUL.A|)=lib[heart//heart]N'N$lib/libₓ(|LUL.A|)#~",
"f": {"lang": "sux",
"form": "libₓ(|LUL.A|)",
"cf": "lib",
"gw": "heart",
"sense": "heart",
"norm0": "lib",
"pos": "N",
"epos": "N",
"base": "libₓ(|LUL.A|)",
"morph": "~"}
}
,
{
"node": "l",
"frag": "kur₂-kur₂",
"id": "P445878.l2cd6c",
"ref": "P445878.67.2",
"inst": "kur[(to be) different]V/i",
"sig": "@dcclt%sux:kur₂-kur₂=kur[different//(to be) different]V/i'V/i$kur/kur₂-kur₂#~",
"f": {"lang": "sux",
"form": "kur₂-kur₂",
"cf": "kur",
"gw": "different",
"sense": "(to be) different",
"norm0": "kur",
"pos": "V/i",
"epos": "V/i",
"base": "kur₂-kur₂",
"morph": "~"}
}
,
{
"node": "d",
"type": "nonx",
"ref": "P445878.68",
"strict": "1",
"extent": "1",
"scope": "line",
"state": "ruling"}
,
{
"node": "d",
"type": "line-start",
"ref": "P445878.69",
"n": "22'",
"label": "o ii' 22'"}
,
{
"node": "c",
"type": "phrase",
"tag": "phr",
"id": "P445878.U7",
"ref": "P445878.ls00003",
"cdl": [
{
"node": "l",
"frag": "šu",
"id": "P445878.l2cd6d",
"ref": "P445878.69.1",
"inst": "šu[hand]N",
"sig": "@dcclt%sux:šu=šu[hand//hand]N'N$šu/šu#~",
"f": {"lang": "sux",
"form": "šu",
"cf": "šu",
"gw": "hand",
"sense": "hand",
"norm0": "šu",
"pos": "N",
"epos": "N",
"base": "šu",
"morph": "~"}
}
,
{
"node": "l",
"frag": "bala",
"id": "P445878.l2cd6e",
"ref": "P445878.69.2",
"inst": "bala[turn]V/t",
"sig": "@dcclt%sux:bala=bala[turn//turn]V/t'V/t$bala/bala#~",
"f": {"lang": "sux",
"form": "bala",
"cf": "bala",
"gw": "turn",
"sense": "turn",
"norm0": "bala",
"pos": "V/t",
"epos": "V/t",
"base": "bala",
"morph": "~"}
}
]}
,
{
"node": "d",
"type": "line-start",
"ref": "P445878.70",
"n": "23'",
"label": "o ii' 23'"}
,
{
"node": "l",
"frag": "šu-lum",
"id": "P445878.l2cd6f",
"ref": "P445878.70.1",
"inst": "X",
"f": {"lang": "sux",
"form": "šu-lum",
"pos": "X"}
}
,
{
"node": "d",
"type": "line-start",
"ref": "P445878.71",
"n": "24'",
"label": "o ii' 24'"}
,
{
"node": "l",
"frag": "šu",
"id": "P445878.l2cd70",
"ref": "P445878.71.1",
"inst": "šu[hand]N",
"sig": "@dcclt%sux:šu=šu[hand//hand]N'N$šu/šu#~",
"f": {"lang": "sux",
"form": "šu",
"cf": "šu",
"gw": "hand",
"sense": "hand",
"norm0": "šu",
"pos": "N",
"epos": "N",
"base": "šu",
"morph": "~"}
}
,
{
"node": "l",
"frag": "sa",
"id": "P445878.l2cd71",
"ref": "P445878.71.2",
"inst": "sa[net]N",
"sig": "@dcclt%sux:sa=sa[net//net]N'N$sa/sa#~",
"f": {"lang": "sux",
"form": "sa",
"cf": "sa",
"gw": "net",
"sense": "net",
"norm0": "sa",
"pos": "N",
"epos": "N",
"base": "sa",
"morph": "~"}
}
,
{
"node": "l",
"frag": "la₂-e",
"id": "P445878.l2cd72",
"ref": "P445878.71.3",
"inst": "la[to stretch out]V/t",
"sig": "@dcclt%sux:la₂-e=la[stretch//to stretch out]V/t'V/t$la;e/la₂#~;e",
"f": {"lang": "sux",
"form": "la₂-e",
"cf": "la",
"gw": "stretch",
"sense": "to stretch out",
"norm0": "la;e",
"pos": "V/t",
"epos": "V/t",
"base": "la₂",
"morph": "~;e"}
}
,
{
"node": "d",
"type": "nonx",
"ref": "P445878.72",
"strict": "1",
"extent": "1",
"scope": "line",
"state": "ruling"}
,
{
"node": "d",
"type": "line-start",
"ref": "P445878.73",
"n": "25'",
"label": "o ii' 25'"}
,
{
"node": "l",
"frag": "šu",
"id": "P445878.l2cd73",
"ref": "P445878.73.1",
"inst": "šu[hand]N",
"sig": "@dcclt%sux:šu=šu[hand//hand]N'N$šu/šu#~",
"f": {"lang": "sux",
"form": "šu",
"cf": "šu",
"gw": "hand",
"sense": "hand",
"norm0": "šu",
"pos": "N",
"epos": "N",
"base": "šu",
"morph": "~"}
}
,
{
"node": "d",
"type": "line-start",
"ref": "P445878.74",
"n": "26'",
"label": "o ii' 26'"}
,
{
"node": "l",
"frag": "sa",
"id": "P445878.l2cd74",
"ref": "P445878.74.1",
"inst": "sa[sinew, tendon]N",
"sig": "@dcclt%sux:sa=sa[sinew//sinew]N'N$sa/sa#~",
"f": {"lang": "sux",
"form": "sa",
"cf": "sa",
"gw": "sinew",
"sense": "sinew",
"norm0": "sa",
"pos": "N",
"epos": "N",
"base": "sa",
"morph": "~"}
}
,
{
"node": "d",
"type": "line-start",
"ref": "P445878.75",
"n": "27'",
"label": "o ii' 27'"}
,
{
"node": "l",
"frag": "šar₂(ŠE)",
"id": "P445878.l2cd75",
"ref": "P445878.75.1",
"inst": "šar[3600]NU",
"sig": "@dcclt%sux:šar₂=šar[3600//3600]NU'NU$šar/šar₂#~",
"f": {"lang": "sux",
"form": "šar₂",
"cf": "šar",
"gw": "3600",
"sense": "3600",
"norm0": "šar",
"pos": "NU",
"epos": "NU",
"base": "šar₂",
"morph": "~"}
}
,
{
"node": "d",
"type": "nonx",
"ref": "P445878.76",
"strict": "1",
"extent": "1",
"scope": "line",
"state": "ruling"}
,
{
"node": "d",
"type": "line-start",
"ref": "P445878.77",
"n": "28'",
"label": "o ii' 28'"}
,
{
"node": "l",
"frag": "⸢erin₂⸣",
"id": "P445878.l2cd76",
"ref": "P445878.77.1",
"inst": "erin[people]N",
"sig": "@dcclt%sux:erin₂=erin[people//people]N'N$erin/erin₂#~",
"f": {"lang": "sux",
"form": "erin₂",
"cf": "erin",
"gw": "people",
"sense": "people",
"norm0": "erin",
"pos": "N",
"epos": "N",
"base": "erin₂",
"morph": "~"}
}
,
{
"node": "l",
"frag": "tah",
"id": "P445878.l2cd77",
"ref": "P445878.77.2",
"inst": "tah[to add, increase]V/t",
"sig": "@dcclt%sux:tah=tah[add//to add, increase]V/t'V/t$tah/tah#~",
"f": {"lang": "sux",
"form": "tah",
"cf": "tah",
"gw": "add",
"sense": "to add, increase",
"norm0": "tah",
"pos": "V/t",
"epos": "V/t",
"base": "tah",
"morph": "~"}
}
,
{
"node": "d",
"type": "nonw",
"ref": ""}
,
{
"node": "d",
"type": "line-start",
"ref": "P445878.78",
"n": "29'",
"label": "o ii' 29'"}
,
{
"node": "l",
"frag": "⸢erin₂⸣",
"id": "P445878.l2cd78",
"ref": "P445878.78.1",
"inst": "erin[people]N",
"sig": "@dcclt%sux:erin₂=erin[people//people]N'N$erin/erin₂#~",
"f": {"lang": "sux",
"form": "erin₂",
"cf": "erin",
"gw": "people",
"sense": "people",
"norm0": "erin",
"pos": "N",
"epos": "N",
"base": "erin₂",
"morph": "~"}
}
,
{
"node": "c",
"type": "phrase",
"tag": "phr",
"id": "P445878.U8",
"ref": "P445878.ls00004",
"cdl": [
{
"node": "l",
"frag": "zu₂",
"id": "P445878.l2cd79",
"ref": "P445878.78.2",
"inst": "zu[tooth]N",
"sig": "@dcclt%sux:zu₂=zu[tooth//tooth]N'N$zu/zu₂#~",
"f": {"lang": "sux",
"form": "zu₂",
"cf": "zu",
"gw": "tooth",
"sense": "tooth",
"norm0": "zu",
"pos": "N",
"epos": "N",
"base": "zu₂",
"morph": "~"}
}
,
{
"node": "l",
"frag": "keš₂",
"id": "P445878.l2cd7a",
"ref": "P445878.78.3",
"inst": "kešed[to bind]V/t",
"sig": "@dcclt%sux:keš₂=kešed[bind//to bind]V/t'V/t$kešed/keš₂#~",
"f": {"lang": "sux",
"form": "keš₂",
"cf": "kešed",
"gw": "bind",
"sense": "to bind",
"norm0": "kešed",
"pos": "V/t",
"epos": "V/t",
"base": "keš₂",
"morph": "~"}
}
]}
,
{
"node": "d",
"type": "line-start",
"ref": "P445878.79",
"n": "30'",
"label": "o ii' 30'"}
,
{
"node": "l",
"frag": "⸢erin₂⸣",
"id": "P445878.l2cd7b",
"ref": "P445878.79.1",
"inst": "erin[people]N",
"sig": "@dcclt%sux:erin₂=erin[people//people]N'N$erin/erin₂#~",
"f": {"lang": "sux",
"form": "erin₂",
"cf": "erin",
"gw": "people",
"sense": "people",
"norm0": "erin",
"pos": "N",
"epos": "N",
"base": "erin₂",
"morph": "~"}
}
,
{
"node": "l",
"frag": "nir-ra",
"id": "P445878.l2cd7c",
"ref": "P445878.79.2",
"inst": "nir[lordly]",
"sig": "@dcclt%sux:nir-ra=nir[lordly//lordly]AJ'AJ$nir,ak/nir+-ra=r.a#~,ak",
"f": {"lang": "sux",
"form": "nir-ra",
"cf": "nir",
"gw": "lordly",
"sense": "lordly",
"norm0": "nir,ak",
"pos": "AJ",
"epos": "AJ",
"base": "nir",
"cont": "-ra=r.a",
"morph": "~,ak"}
}
,
{
"node": "d",
"type": "line-start",
"ref": "P445878.80",
"n": "31'",
"label": "o ii' 31'"}
,
{
"node": "l",
"frag": "⸢erin₂⸣",
"id": "P445878.l2cd7d",
"ref": "P445878.80.1",
"inst": "erin[people]N",
"sig": "@dcclt%sux:erin₂=erin[people//people]N'N$erin/erin₂#~",
"f": {"lang": "sux",
"form": "erin₂",
"cf": "erin",
"gw": "people",
"sense": "people",
"norm0": "erin",
"pos": "N",
"epos": "N",
"base": "erin₂",
"morph": "~"}
}
,
{
"node": "l",
"frag": "nir",
"id": "P445878.l2cd7e",
"ref": "P445878.80.2",
"inst": "nir[lordly]AJ",
"sig": "@dcclt%sux:nir=nir[lordly//lordly]AJ'AJ$nir/nir#~",
"f": {"lang": "sux",
"form": "nir",
"cf": "nir",
"gw": "lordly",
"sense": "lordly",
"norm0": "nir",
"pos": "AJ",
"epos": "AJ",
"base": "nir",
"morph": "~"}
}
,
{
"node": "l",
"frag": "ra-a",
"id": "P445878.l2cd7f",
"ref": "P445878.80.3",
"inst": "ri[distant]V/i/r·a#~;a",
"sig": "@dcclt%sux:ra-a=ri[distant//distant]V/i'V/i$ri;a/r·a#~;a",
"f": {"lang": "sux",
"form": "ra-a",
"cf": "ri",
"gw": "distant",
"sense": "distant",
"norm0": "ri;a",
"pos": "V/i",
"epos": "V/i",
"base": "r·a",
"morph": "~;a"}
}
,
{
"node": "d",
"type": "nonx",
"ref": "P445878.81",
"strict": "1",
"extent": "1",
"scope": "line",
"state": "ruling"}
,
{
"node": "d",
"type": "line-start",
"ref": "P445878.82",
"n": "32'",
"label": "o ii' 32'"}
,
{
"node": "l",
"frag": "⸢erin₂⸣",
"id": "P445878.l2cd80",
"ref": "P445878.82.1",
"inst": "erin[people]N",
"sig": "@dcclt%sux:erin₂=erin[people//people]N'N$erin/erin₂#~",
"f": {"lang": "sux",
"form": "erin₂",
"cf": "erin",
"gw": "people",
"sense": "people",
"norm0": "erin",
"pos": "N",
"epos": "N",
"base": "erin₂",
"morph": "~"}
}
,
{
"node": "l",
"frag": "illat",
"id": "P445878.l2cd81",
"ref": "P445878.82.2",
"inst": "ildum[band]N",
"sig": "@dcclt%sux:illat=ildum[band//band]N'N$ildum/illat#~",
"f": {"lang": "sux",
"form": "illat",
"cf": "ildum",
"gw": "band",
"sense": "band",
"norm0": "ildum",
"pos": "N",
"epos": "N",
"base": "illat",
"morph": "~"}
}
,
{
"node": "l",
"frag": "⸢la₂⸣",
"id": "P445878.l2cd82",
"ref": "P445878.82.3",
"inst": "la[to bind]V/t",
"sig": "@dcclt%sux:la₂=la[hang//to bind]V/t'V/t$la/la₂#~",
"f": {"lang": "sux",
"form": "la₂",
"cf": "la",
"gw": "hang",
"sense": "to bind",
"norm0": "la",
"pos": "V/t",
"epos": "V/t",
"base": "la₂",
"morph": "~"}
}
,
{
"node": "d",
"type": "line-start",
"ref": "P445878.83",
"n": "33'",
"label": "o ii' 33'"}
,
{
"node": "l",
"frag": "erin₂",
"id": "P445878.l2cd83",
"ref": "P445878.83.1",
"inst": "erin[people]N",
"sig": "@dcclt%sux:erin₂=erin[people//people]N'N$erin/erin₂#~",
"f": {"lang": "sux",
"form": "erin₂",
"cf": "erin",
"gw": "people",
"sense": "people",
"norm0": "erin",
"pos": "N",
"epos": "N",
"base": "erin₂",
"morph": "~"}
}
,
{
"node": "l",
"frag": "keš₂-da",
"id": "P445878.l2cd84",
"ref": "P445878.83.2",
"inst": "kešed[to bind]V/t",
"sig": "@dcclt%sux:keš₂-da=kešed[bind//to bind]V/t'V/t$kešed;a/keš₂-d·a#~;a",
"f": {"lang": "sux",
"form": "keš₂-da",
"cf": "kešed",
"gw": "bind",
"sense": "to bind",
"norm0": "kešed;a",
"pos": "V/t",
"epos": "V/t",
"base": "keš₂-d·a",
"morph": "~;a"}
}
,
{
"node": "d",
"type": "nonx",
"ref": "P445878.84",
"strict": "1",
"extent": "1",
"scope": "line",
"state": "ruling"}
,
{
"node": "d",
"type": "line-start",
"ref": "P445878.85",
"n": "34'",
"label": "o ii' 34'"}
,
{
"node": "l",
"frag": "⸢ŋeš-šub-ba⸣",
"id": "P445878.l2cd85",
"ref": "P445878.85.1",
"inst": "ŋeššub[lot, share]N",
"sig": "@dcclt%sux:ŋeš-šub-ba=ŋeššub[lot//lot]N'N$ŋeššub/ŋeš-šub-ba#~",
"f": {"lang": "sux",
"form": "ŋeš-šub-ba",
"cf": "ŋeššub",
"gw": "lot",
"sense": "lot",
"norm0": "ŋeššub",
"pos": "N",
"epos": "N",
"base": "ŋeš-šub-ba",
"morph": "~"}
}
,
{
"node": "d",
"type": "line-start",
"ref": "P445878.86",
"n": "35'",
"label": "o ii' 35'"}
,
{
"node": "l",
"frag": "⸢erin₂⸣",
"id": "P445878.l2cd86",
"ref": "P445878.86.1",
"inst": "erin[people]N",
"sig": "@dcclt%sux:erin₂=erin[people//people]N'N$erin/erin₂#~",
"f": {"lang": "sux",
"form": "erin₂",
"cf": "erin",
"gw": "people",
"sense": "people",
"norm0": "erin",
"pos": "N",
"epos": "N",
"base": "erin₂",
"morph": "~"}
}
,
{
"node": "l",
"frag": "[x]",
"id": "P445878.l2cd87",
"ref": "P445878.86.2",
"inst": "u",
"f": {"lang": "sux",
"form": "x",
"pos": "u"}
}
,
{
"node": "d",
"type": "nonx",
"ref": "P445878.87",
"strict": "0",
"extent": "rest",
"state": "missing"}
,
{
"node": "d",
"subtype": "column 3o '",
"type": "column",
"ref": "P445878.o.iii_.88",
"n": "3",
"label": "o iii'"}
,
{
"node": "d",
"type": "nonx",
"ref": "P445878.89",
"strict": "0",
"extent": "8385",
"state": "other"}
,
{
"node": "d",
"type": "nonx",
"ref": "P445878.90",
"strict": "0",
"extent": "beginning",
"state": "missing"}
,
{
"node": "d",
"type": "line-start",
"ref": "P445878.91",
"n": "1'",
"label": "o iii' 1'"}
,
{
"node": "l",
"frag": "⸢HAR⸣-ra",
"id": "P445878.l2cd88",
"ref": "P445878.91.1",
"inst": "X",
"f": {"lang": "sux",
"form": "HAR-ra",
"pos": "X"}
}
,
{
"node": "l",
"frag": "[(...)]",
"id": "P445878.l2cd89",
"ref": "P445878.91.2",
"inst": "u",
"f": {"lang": "sux",
"form": "x",
"pos": "u"}
}
,
{
"node": "d",
"type": "nonx",
"ref": "P445878.92",
"strict": "1",
"extent": "1",
"scope": "line",
"state": "ruling"}
,
{
"node": "d",
"type": "line-start",
"ref": "P445878.93",
"n": "2'",
"label": "o iii' 2'"}
,
{
"node": "l",
"frag": "ki",
"id": "P445878.l2cd8a",
"ref": "P445878.93.1",
"inst": "ki[place]N",
"sig": "@dcclt%sux:ki=ki[place//place]N'N$ki/ki#~",
"f": {"lang": "sux",
"form": "ki",
"cf": "ki",
"gw": "place",
"sense": "place",
"norm0": "ki",
"pos": "N",
"epos": "N",
"base": "ki",
"morph": "~"}
}
,
{
"node": "l",
"frag": "⸢x⸣-[...]",
"id": "P445878.l2cd8b",
"ref": "P445878.93.2",
"inst": "u",
"f": {"lang": "sux",
"form": "x-x",
"pos": "u"}
}
,
{
"node": "d",
"type": "line-start",
"ref": "P445878.94",
"n": "3'",
"label": "o iii' 3'"}
,
{
"node": "l",
"frag": "PAP-⸢x⸣-[...]",
"id": "P445878.l2cd8c",
"ref": "P445878.94.1",
"inst": "u",
"f": {"lang": "sux",
"form": "PAP-x-x",
"pos": "u"}
}
,
{
"node": "d",
"type": "line-start",
"ref": "P445878.95",
"n": "4'",
"label": "o iii' 4'"}
,
{
"node": "l",
"frag": "di",
"id": "P445878.l2cd8d",
"ref": "P445878.95.1",
"inst": "dug[to do, perform]V/t",
"sig": "@dcclt%sux:di=dug[speak//to do, perform]V/t'V/t$dug/di#~",
"f": {"lang": "sux",
"form": "di",
"cf": "dug",
"gw": "speak",
"sense": "to do, perform",
"norm0": "dug",
"pos": "V/t",
"epos": "V/t",
"base": "di",
"morph": "~"}
}
,
{
"node": "l",
"frag": "[...]",
"id": "P445878.l2cd8e",
"ref": "P445878.95.2",
"inst": "u",
"f": {"lang": "sux",
"form": "x",
"pos": "u"}
}
,
{
"node": "d",
"type": "nonx",
"ref": "P445878.96",
"strict": "1",
"extent": "1",
"scope": "line",
"state": "ruling"}
,
{
"node": "d",
"type": "line-start",
"ref": "P445878.97",
"n": "5'",
"label": "o iii' 5'"}
,
{
"node": "l",
"frag": "⸢saŋ⸣",
"id": "P445878.l2cd8f",
"ref": "P445878.97.1",
"inst": "saŋ[head]N",
"sig": "@dcclt%sux:saŋ=saŋ[head//head]N'N$saŋ/saŋ#~",
"f": {"lang": "sux",
"form": "saŋ",
"cf": "saŋ",
"gw": "head",
"sense": "head",
"norm0": "saŋ",
"pos": "N",
"epos": "N",
"base": "saŋ",
"morph": "~"}
}
,
{
"node": "l",
"frag": "[...]",
"id": "P445878.l2cd90",
"ref": "P445878.97.2",
"inst": "u",
"f": {"lang": "sux",
"form": "x",
"pos": "u"}
}
,
{
"node": "d",
"type": "line-start",
"ref": "P445878.98",
"n": "6'",
"label": "o iii' 6'"}
,
{
"node": "l",
"frag": "⸢saŋ⸣",
"id": "P445878.l2cd91",
"ref": "P445878.98.1",
"inst": "saŋ[head]N",
"sig": "@dcclt%sux:saŋ=saŋ[head//head]N'N$saŋ/saŋ#~",
"f": {"lang": "sux",
"form": "saŋ",
"cf": "saŋ",
"gw": "head",
"sense": "head",
"norm0": "saŋ",
"pos": "N",
"epos": "N",
"base": "saŋ",
"morph": "~"}
}
,
{
"node": "l",
"frag": "[...]",
"id": "P445878.l2cd92",
"ref": "P445878.98.2",
"inst": "u",
"f": {"lang": "sux",
"form": "x",
"pos": "u"}
}
,
{
"node": "d",
"type": "line-start",
"ref": "P445878.99",
"n": "7'",
"label": "o iii' 7'"}
,
{
"node": "l",
"frag": "⸢saŋ⸣",
"id": "P445878.l2cd93",
"ref": "P445878.99.1",
"inst": "saŋ[head]N",
"sig": "@dcclt%sux:saŋ=saŋ[head//head]N'N$saŋ/saŋ#~",
"f": {"lang": "sux",
"form": "saŋ",
"cf": "saŋ",
"gw": "head",
"sense": "head",
"norm0": "saŋ",
"pos": "N",
"epos": "N",
"base": "saŋ",
"morph": "~"}
}
,
{
"node": "l",
"frag": "[...]",
"id": "P445878.l2cd94",
"ref": "P445878.99.2",
"inst": "u",
"f": {"lang": "sux",
"form": "x",
"pos": "u"}
}
,
{
"node": "d",
"type": "nonx",
"ref": "P445878.100",
"strict": "1",
"extent": "1",
"scope": "line",
"state": "ruling"}
,
{
"node": "d",
"type": "line-start",
"ref": "P445878.101",
"n": "8'",
"label": "o iii' 8'"}
,
{
"node": "l",
"frag": "⸢x⸣",
"id": "P445878.l2cd95",
"ref": "P445878.101.1",
"inst": "u",
"f": {"lang": "sux",
"form": "x",
"pos": "u"}
}
,
{
"node": "l",
"frag": "[...]",
"id": "P445878.l2cd96",
"ref": "P445878.101.2",
"inst": "u",
"f": {"lang": "sux",
"form": "x",
"pos": "u"}
}
,
{
"node": "d",
"type": "nonx",
"ref": "P445878.102",
"strict": "0",
"extent": "n",
"scope": "line",
"state": "missing"}
,
{
"node": "d",
"type": "nonx",
"ref": "P445878.103",
"strict": "0",
"extent": "2049",
"state": "other"}
,
{
"node": "d",
"type": "line-start",
"ref": "P445878.104",
"n": "1''",
"label": "o iii' 1''"}
,
{
"node": "l",
"frag": "⸢ki⸣-[...]",
"id": "P445878.l2cd97",
"ref": "P445878.104.1",
"inst": "u",
"f": {"lang": "sux",
"form": "ki-x",
"pos": "u"}
}
,
{
"node": "d",
"type": "line-start",
"ref": "P445878.105",
"n": "2''",
"label": "o iii' 2''"}
,
{
"node": "l",
"frag": "⸢ki-ki⸣",
"id": "P445878.l2cd98",
"ref": "P445878.105.1",
"inst": "ki[ground, earth, land]N",
"sig": "@dcclt%sux:ki-ki=ki[place//ground, earth, land]N'N$ki/ki-ki#~",
"f": {"lang": "sux",
"form": "ki-ki",
"cf": "ki",
"gw": "place",
"sense": "ground, earth, land",
"norm0": "ki",
"pos": "N",
"epos": "N",
"base": "ki-ki",
"morph": "~"}
}
,
{
"node": "l",
"frag": "[(...)]",
"id": "P445878.l2cd99",
"ref": "P445878.105.2",
"inst": "u",
"f": {"lang": "sux",
"form": "x",
"pos": "u"}
}
,
{
"node": "d",
"type": "nonx",
"ref": "P445878.106",
"strict": "1",
"extent": "1",
"scope": "line",
"state": "ruling"}
,
{
"node": "d",
"type": "line-start",
"ref": "P445878.107",
"n": "3''",
"label": "o iii' 3''"}
,
{
"node": "l",
"frag": "šag₄",
"id": "P445878.l2cd9a",
"ref": "P445878.107.1",
"inst": "šag[heart]N",
"sig": "@dcclt%sux:šag₄=šag[heart//heart]N'N$šag/šag₄#~",
"f": {"lang": "sux",
"form": "šag₄",
"cf": "šag",
"gw": "heart",
"sense": "heart",
"norm0": "šag",
"pos": "N",
"epos": "N",
"base": "šag₄",
"morph": "~"}
}
,
{
"node": "l",
"frag": "UD",
"id": "P445878.l2cd9b",
"ref": "P445878.107.2",
"inst": "X",
"f": {"lang": "sux",
"form": "UD",
"pos": "X"}
}
,
{
"node": "d",
"type": "line-start",
"ref": "P445878.108",
"n": "4''",
"label": "o iii' 4''"}
,
{
"node": "l",
"frag": "šag₄",
"id": "P445878.l2cd9c",
"ref": "P445878.108.1",
"inst": "šag[heart]N",
"sig": "@dcclt%sux:šag₄=šag[heart//heart]N'N$šag/šag₄#~",
"f": {"lang": "sux",
"form": "šag₄",
"cf": "šag",
"gw": "heart",
"sense": "heart",
"norm0": "šag",
"pos": "N",
"epos": "N",
"base": "šag₄",
"morph": "~"}
}
,
{
"node": "l",
"frag": "UD-⸢UD⸣",
"id": "P445878.l2cd9d",
"ref": "P445878.108.2",
"inst": "X",
"f": {"lang": "sux",
"form": "UD-UD",
"pos": "X"}
}
,
{
"node": "d",
"type": "line-start",
"ref": "P445878.109",
"n": "5''",
"label": "o iii' 5''"}
,
{
"node": "l",
"frag": "šu",
"id": "P445878.l2cd9e",
"ref": "P445878.109.1",
"inst": "šu[hand]N",
"sig": "@dcclt%sux:šu=šu[hand//hand]N'N$šu/šu#~",
"f": {"lang": "sux",
"form": "šu",
"cf": "šu",
"gw": "hand",
"sense": "hand",
"norm0": "šu",
"pos": "N",
"epos": "N",
"base": "šu",
"morph": "~"}
}
,
{
"node": "l",
"frag": "⸢UD⸣",
"id": "P445878.l2cd9f",
"ref": "P445878.109.2",
"inst": "X",
"f": {"lang": "sux",
"form": "UD",
"pos": "X"}
}
,
{
"node": "d",
"type": "line-start",
"ref": "P445878.110",
"n": "6''",
"label": "o iii' 6''"}
,
{
"node": "l",
"frag": "šag₄",
"id": "P445878.l2cda0",
"ref": "P445878.110.1",
"inst": "šag[heart]N",
"sig": "@dcclt%sux:šag₄=šag[heart//heart]N'N$šag/šag₄#~",
"f": {"lang": "sux",
"form": "šag₄",
"cf": "šag",
"gw": "heart",
"sense": "heart",
"norm0": "šag",
"pos": "N",
"epos": "N",
"base": "šag₄",
"morph": "~"}
}
,
{
"node": "l",
"frag": "⸢UD⸣",
"id": "P445878.l2cda1",
"ref": "P445878.110.2",
"inst": "X",
"f": {"lang": "sux",
"form": "UD",
"pos": "X"}
}
,
{
"node": "d",
"type": "nonx",
"ref": "P445878.111",
"strict": "1",
"extent": "1",
"scope": "line",
"state": "ruling"}
,
{
"node": "d",
"type": "line-start",
"ref": "P445878.112",
"n": "7''",
"label": "o iii' 7''"}
,
{
"node": "l",
"frag": "ni-ir-[x]",
"id": "P445878.l2cda2",
"ref": "P445878.112.1",
"inst": "u",
"f": {"lang": "sux",
"form": "ni-ir-x",
"pos": "u"}
}
,
{
"node": "d",
"type": "line-start",
"ref": "P445878.113",
"n": "8''",
"label": "o iii' 8''"}
,
{
"node": "l",
"frag": "gu-li",
"id": "P445878.l2cda3",
"ref": "P445878.113.1",
"inst": "guli[friend, comrade]N",
"sig": "@dcclt%sux:gu-li=guli[friend//friend, comrade]N'N$guli/gu-li#~",
"f": {"lang": "sux",
"form": "gu-li",
"cf": "guli",
"gw": "friend",
"sense": "friend, comrade",
"norm0": "guli",
"pos": "N",
"epos": "N",
"base": "gu-li",
"morph": "~"}
}
,
{
"node": "d",
"type": "line-start",
"ref": "P445878.114",
"n": "9''",
"label": "o iii' 9''"}
,
{
"node": "l",
"frag": "gu-li",
"id": "P445878.l2cda4",
"ref": "P445878.114.1",
"inst": "guli[friend, comrade]N",
"sig": "@dcclt%sux:gu-li=guli[friend//friend, comrade]N'N$guli/gu-li#~",
"f": {"lang": "sux",
"form": "gu-li",
"cf": "guli",
"gw": "friend",
"sense": "friend, comrade",
"norm0": "guli",
"pos": "N",
"epos": "N",
"base": "gu-li",
"morph": "~"}
}
,
{
"node": "l",
"frag": "ri-a",
"id": "P445878.l2cda5",
"ref": "P445878.114.2",
"inst": "ri[distant]V/i",
"sig": "@dcclt%sux:ri-a=ri[distant//distant]V/i'V/i$ri;a/ri#~;a",
"f": {"lang": "sux",
"form": "ri-a",
"cf": "ri",
"gw": "distant",
"sense": "distant",
"norm0": "ri;a",
"pos": "V/i",
"epos": "V/i",
"base": "ri",
"morph": "~;a"}
}
,
{
"node": "d",
"type": "nonx",
"ref": "P445878.115",
"strict": "1",
"extent": "1",
"scope": "line",
"state": "ruling"}
,
{
"node": "d",
"type": "line-start",
"ref": "P445878.116",
"n": "10''",
"label": "o iii' 10''"}
,
{
"node": "l",
"frag": "diŋir",
"id": "P445878.l2cda6",
"ref": "P445878.116.1",
"inst": "diŋir[deity]N",
"sig": "@dcclt%sux:diŋir=diŋir[deity//deity]N'N$diŋir/diŋir#~",
"f": {"lang": "sux",
"form": "diŋir",
"cf": "diŋir",
"gw": "deity",
"sense": "deity",
"norm0": "diŋir",
"pos": "N",
"epos": "N",
"base": "diŋir",
"morph": "~"}
}
,
{
"node": "l",
"frag": "kur₂",
"id": "P445878.l2cda7",
"ref": "P445878.116.2",
"inst": "kur[(to be) hostile]V/i",
"sig": "@dcclt%sux:kur₂=kur[different//(to be) hostile]V/i'V/i$kur/kur₂#~",
"f": {"lang": "sux",
"form": "kur₂",
"cf": "kur",
"gw": "different",
"sense": "(to be) hostile",
"norm0": "kur",
"pos": "V/i",
"epos": "V/i",
"base": "kur₂",
"morph": "~"}
}
,
{
"node": "d",
"type": "line-start",
"ref": "P445878.117",
"n": "11''",
"label": "o iii' 11''"}
,
{
"node": "l",
"frag": "lu₂-kur₂",
"id": "P445878.l2cda8",
"ref": "P445878.117.1",
"inst": "lukur[stranger, foreigner]N",
"sig": "@dcclt%sux:lu₂-kur₂=lukur[stranger//stranger, foreigner]N'N$lukur/lu₂-kur₂#~",
"f": {"lang": "sux",
"form": "lu₂-kur₂",
"cf": "lukur",
"gw": "stranger",
"sense": "stranger, foreigner",
"norm0": "lukur",
"pos": "N",
"epos": "N",
"base": "lu₂-kur₂",
"morph": "~"}
}
,
{
"node": "d",
"type": "line-start",
"ref": "P445878.118",
"n": "12''",
"label": "o iii' 12''"}
,
{
"node": "l",
"frag": "ib₂-ba",
"id": "P445878.l2cda9",
"ref": "P445878.118.1",
"inst": "ib[(to be) angry]V/i",
"sig": "@dcclt%sux:ib₂-ba=ib[angry//(to be) angry]V/i'V/i$ib;a/ib₂#~;a",
"f": {"lang": "sux",
"form": "ib₂-ba",
"cf": "ib",
"gw": "angry",
"sense": "(to be) angry",
"norm0": "ib;a",
"pos": "V/i",
"epos": "V/i",
"base": "ib₂",
"morph": "~;a"}
}
,
{
"node": "l",
"frag": "nu-me-en",
"id": "P445878.l2cdaa",
"ref": "P445878.118.2",
"inst": "me[to be]V/i",
"sig": "@dcclt%sux:nu-me-en=me[be//to be]V/i'V/i$nu:me;en/me#nu:~;en",
"f": {"lang": "sux",
"form": "nu-me-en",
"cf": "me",
"gw": "be",
"sense": "to be",
"norm0": "nu:me;en",
"pos": "V/i",
"epos": "V/i",
"base": "me",
"morph": "nu:~;en"}
}
,
{
"node": "d",
"type": "nonx",
"ref": "P445878.119",
"strict": "1",
"extent": "1",
"scope": "line",
"state": "ruling"}
,
{
"node": "d",
"type": "line-start",
"ref": "P445878.120",
"n": "13''",
"label": "o iii' 13''"}
,
{
"node": "l",
"frag": "an-kur₂",
"id": "P445878.l2cdab",
"ref": "P445878.120.1",
"inst": "kur[(to be) different]V/i",
"sig": "@dcclt%sux:an-kur₂=kur[different//(to be) different]V/i'V/i$V.n:kur/kur₂#V.n:~",
"f": {"lang": "sux",
"form": "an-kur₂",
"cf": "kur",
"gw": "different",
"sense": "(to be) different",
"norm0": "V.n:kur",
"pos": "V/i",
"epos": "V/i",
"base": "kur₂",
"morph": "V.n:~"}
}
,
{
"node": "d",
"type": "line-start",
"ref": "P445878.121",
"n": "14''",
"label": "o iii' 14''"}
,
{
"node": "l",
"frag": "an-kur₂-kur₂",
"id": "P445878.l2cdac",
"ref": "P445878.121.1",
"inst": "kur[(to be) different]V/i",
"sig": "@dcclt%sux:an-kur₂-kur₂=kur[different//(to be) different]V/i'V/i$V.n:kur/kur₂-kur₂#V.n:~",
"f": {"lang": "sux",
"form": "an-kur₂-kur₂",
"cf": "kur",
"gw": "different",
"sense": "(to be) different",
"norm0": "V.n:kur",
"pos": "V/i",
"epos": "V/i",
"base": "kur₂-kur₂",
"morph": "V.n:~"}
}
,
{
"node": "d",
"type": "line-start",
"ref": "P445878.122",
"n": "15''",
"label": "o iii' 15''"}
,
{
"node": "l",
"frag": "igi",
"id": "P445878.l2cdad",
"ref": "P445878.122.1",
"inst": "igi[eye]N",
"sig": "@dcclt%sux:igi=igi[eye//eye]N'N$igi/igi#~",
"f": {"lang": "sux",
"form": "igi",
"cf": "igi",
"gw": "eye",
"sense": "eye",
"norm0": "igi",
"pos": "N",
"epos": "N",
"base": "igi",
"morph": "~"}
}
,
{
"node": "l",
"frag": "an-kur₂-kur₂",
"id": "P445878.l2cdae",
"ref": "P445878.122.2",
"inst": "kur[(to be) different]V/i",
"sig": "@dcclt%sux:an-kur₂-kur₂=kur[different//(to be) different]V/i'V/i$V.n:kur/kur₂-kur₂#V.n:~",
"f": {"lang": "sux",
"form": "an-kur₂-kur₂",
"cf": "kur",
"gw": "different",
"sense": "(to be) different",
"norm0": "V.n:kur",
"pos": "V/i",
"epos": "V/i",
"base": "kur₂-kur₂",
"morph": "V.n:~"}
}
,
{
"node": "d",
"type": "nonx",
"ref": "P445878.123",
"strict": "1",
"extent": "1",
"scope": "line",
"state": "ruling"}
,
{
"node": "d",
"type": "line-start",
"ref": "P445878.124",
"n": "16''",
"label": "o iii' 16''"}
,
{
"node": "l",
"frag": "hu-⸢hu⸣-[nu]",
"id": "P445878.l2cdaf",
"ref": "P445878.124.1",
"inst": "hunu[weak]",
"sig": "@dcclt%sux:hu-hu-nu=hunu[weak//(to be) weak (of animals)]V/i'V/i$hunu/hu-hu-nu#~",
"f": {"lang": "sux",
"form": "hu-hu-nu",
"cf": "hunu",
"gw": "weak",
"sense": "(to be) weak (of animals)",
"norm0": "hunu",
"pos": "V/i",
"epos": "V/i",
"base": "hu-hu-nu",
"morph": "~"}
}
,
{
"node": "d",
"type": "line-start",
"ref": "P445878.125",
"n": "17''",
"label": "o iii' 17''"}
,
{
"node": "l",
"frag": "⸢hu⸣-[ba]",
"id": "P445878.l2cdb0",
"ref": "P445878.125.1",
"inst": "huba[weak]N",
"sig": "@dcclt%sux:hu-ba=huba[weak//weak]N'N$huba/hu-ba#~",
"f": {"lang": "sux",
"form": "hu-ba",
"cf": "huba",
"gw": "weak",
"sense": "weak",
"norm0": "huba",
"pos": "N",
"epos": "N",
"base": "hu-ba",
"morph": "~"}
}
,
{
"node": "d",
"type": "nonx",
"ref": "P445878.126",
"strict": "1",
"extent": "rest",
"scope": "column",
"state": "missing"}
,
{
"node": "d",
"subtype": "column 4o '",
"type": "column",
"ref": "P445878.o.iv_.127",
"n": "4",
"label": "o iv'"}
,
{
"node": "d",
"type": "nonx",
"ref": "P445878.128",
"strict": "0",
"extent": "2049",
"state": "other"}
,
{
"node": "d",
"type": "nonx",
"ref": "P445878.129",
"strict": "1",
"extent": "beginning",
"scope": "column",
"state": "missing"}
,
{
"node": "d",
"type": "line-start",
"ref": "P445878.130",
"n": "1'",
"label": "o iv' 1'"}
,
{
"node": "l",
"frag": "⸢me⸣-[...]",
"id": "P445878.l2cdb1",
"ref": "P445878.130.1",
"inst": "u",
"f": {"lang": "sux",
"form": "me-x",
"pos": "u"}
}
,
{
"node": "d",
"type": "line-start",
"ref": "P445878.131",
"n": "2'",
"label": "o iv' 2'"}
,
{
"node": "l",
"frag": "me-[...]",
"id": "P445878.l2cdb2",
"ref": "P445878.131.1",
"inst": "u",
"f": {"lang": "sux",
"form": "me-x",
"pos": "u"}
}
,
{
"node": "d",
"type": "nonx",
"ref": "P445878.132",
"strict": "1",
"extent": "1",
"scope": "line",
"state": "ruling"}
,
{
"node": "d",
"type": "nonx",
"ref": "P445878.133",
"strict": "1",
"extent": "rest",
"scope": "column",
"state": "missing"}
,
{
"node": "d",
"type": "nonx",
"ref": "P445878.134",
"strict": "0",
"extent": "1933-1058",
"state": "other"}
,
{
"node": "d",
"type": "line-start",
"ref": "P445878.135",
"n": "1",
"label": "o frg.1 1"}
,
{
"node": "l",
"frag": "mah",
"id": "P445878.l2cdb3",
"ref": "P445878.135.1",
"inst": "mah[great]V/i",
"sig": "@dcclt%sux:mah=mah[great//great]V/i'V/i$mah/mah#~",
"f": {"lang": "sux",
"form": "mah",
"cf": "mah",
"gw": "great",
"sense": "great",
"norm0": "mah",
"pos": "V/i",
"epos": "V/i",
"base": "mah",
"morph": "~"}
}
,
{
"node": "d",
"type": "line-start",
"ref": "P445878.136",
"n": "2",
"label": "o frg.1 2"}
,
{
"node": "l",
"frag": "tur",
"id": "P445878.l2cdb4",
"ref": "P445878.136.1",
"inst": "tur[(to be) small]V/i",
"sig": "@dcclt%sux:tur=tur[small//(to be) small]V/i'V/i$tur/tur#~",
"f": {"lang": "sux",
"form": "tur",
"cf": "tur",
"gw": "small",
"sense": "(to be) small",
"norm0": "tur",
"pos": "V/i",
"epos": "V/i",
"base": "tur",
"morph": "~"}
}
,
{
"node": "d",
"type": "line-start",
"ref": "P445878.137",
"n": "3",
"label": "o frg.1 3"}
,
{
"node": "l",
"frag": "sig",
"id": "P445878.l2cdb5",
"ref": "P445878.137.1",
"inst": "sig[(to be) weak]V/i",
"sig": "@dcclt%sux:sig=sig[weak//(to be) weak]V/i'V/i$sig/sig#~",
"f": {"lang": "sux",
"form": "sig",
"cf": "sig",
"gw": "weak",
"sense": "(to be) weak",
"norm0": "sig",
"pos": "V/i",
"epos": "V/i",
"base": "sig",
"morph": "~"}
}
,
{
"node": "d",
"type": "line-start",
"ref": "P445878.138",
"n": "4",
"label": "o frg.1 4"}
,
{
"node": "l",
"frag": "daŋal",
"id": "P445878.l2cdb6",
"ref": "P445878.138.1",
"inst": "daŋal[(to be) wide]V/i",
"sig": "@dcclt%sux:daŋal=daŋal[wide//(to be) wide]V/i'V/i$daŋal/daŋal#~",
"f": {"lang": "sux",
"form": "daŋal",
"cf": "daŋal",
"gw": "wide",
"sense": "(to be) wide",
"norm0": "daŋal",
"pos": "V/i",
"epos": "V/i",
"base": "daŋal",
"morph": "~"}
}
,
{
"node": "d",
"type": "nonx",
"ref": "P445878.139",
"strict": "1",
"extent": "1",
"scope": "line",
"state": "ruling"}
,
{
"node": "d",
"type": "nonx",
"ref": "P445878.140",
"strict": "0",
"extent": "rest",
"state": "missing"}
,
{
"node": "d",
"subtype": "reverse",
"type": "surface",
"ref": "P445878.r.frg.1.141",
"type": "reverse",
"label": "r frg.1"}
,
{
"node": "d",
"type": "nonx",
"ref": "P445878.142",
"strict": "0",
"extent": "1933-1058",
"state": "other"}
,
{
"node": "d",
"type": "nonx",
"ref": "P445878.143",
"strict": "1",
"extent": "beginning",
"scope": "column",
"state": "missing"}
,
{
"node": "d",
"type": "line-start",
"ref": "P445878.144",
"n": "1'",
"label": "r frg.1 1'"}
,
{
"node": "l",
"frag": "[u₄-uh]-⸢hu⸣",
"id": "P445878.l2cdb7",
"ref": "P445878.144.1",
"inst": "eh[insect]",
"sig": "@dcclt%sux:u₄-uh-hu=eh[insect//insect]N'N$eh/u₄-uh-hu#~",
"f": {"lang": "sux",
"form": "u₄-uh-hu",
"cf": "eh",
"gw": "insect",
"sense": "insect",
"norm0": "eh",
"pos": "N",
"epos": "N",
"base": "u₄-uh-hu",
"morph": "~"}
}
,
{
"node": "l",
"frag": "[x]",
"id": "P445878.l2cdb8",
"ref": "P445878.144.2",
"inst": "u",
"f": {"lang": "sux",
"form": "x",
"pos": "u"}
}
,
{
"node": "d",
"type": "line-start",
"ref": "P445878.145",
"n": "2'",
"label": "r frg.1 2'"}
,
{
"node": "l",
"frag": "[u₄]-⸢uh⸣-hu",
"id": "P445878.l2cdb9",
"ref": "P445878.145.1",
"inst": "eh[insect]N",
"sig": "@dcclt%sux:u₄-uh-hu=eh[insect//insect]N'N$eh/u₄-uh-hu#~",
"f": {"lang": "sux",
"form": "u₄-uh-hu",
"cf": "eh",
"gw": "insect",
"sense": "insect",
"norm0": "eh",
"pos": "N",
"epos": "N",
"base": "u₄-uh-hu",
"morph": "~"}
}
,
{
"node": "l",
"frag": "tag-⸢ga⸣",
"id": "P445878.l2cdba",
"ref": "P445878.145.2",
"inst": "tag[touch]V/t",
"sig": "@dcclt%sux:tag-ga=tag[touch//touch]V/t'V/t$tag/tag-ga#~",
"f": {"lang": "sux",
"form": "tag-ga",
"cf": "tag",
"gw": "touch",
"sense": "touch",
"norm0": "tag",
"pos": "V/t",
"epos": "V/t",
"base": "tag-ga",
"morph": "~"}
}
,
{
"node": "d",
"type": "line-start",
"ref": "P445878.146",
"n": "3'",
"label": "r frg.1 3'"}
,
{
"node": "l",
"frag": "u₄-uh-hu",
"id": "P445878.l2cdbb",
"ref": "P445878.146.1",
"inst": "eh[insect]N",
"sig": "@dcclt%sux:u₄-uh-hu=eh[insect//insect]N'N$eh/u₄-uh-hu#~",
"f": {"lang": "sux",
"form": "u₄-uh-hu",
"cf": "eh",
"gw": "insect",
"sense": "insect",
"norm0": "eh",
"pos": "N",
"epos": "N",
"base": "u₄-uh-hu",
"morph": "~"}
}
,
{
"node": "l",
"frag": "tag-ga",
"id": "P445878.l2cdbc",
"ref": "P445878.146.2",
"inst": "tag[touch]V/t",
"sig": "@dcclt%sux:tag-ga=tag[touch//touch]V/t'V/t$tag/tag-ga#~",
"f": {"lang": "sux",
"form": "tag-ga",
"cf": "tag",
"gw": "touch",
"sense": "touch",
"norm0": "tag",
"pos": "V/t",
"epos": "V/t",
"base": "tag-ga",
"morph": "~"}
}
,
{
"node": "d",
"type": "nonx",
"ref": "P445878.147",
"strict": "1",
"extent": "1",
"scope": "line",
"state": "ruling"}
,
{
"node": "d",
"type": "line-start",
"ref": "P445878.148",
"n": "4'",
"label": "r frg.1 4'"}
,
{
"node": "l",
"frag": "UD",
"id": "P445878.l2cdbd",
"ref": "P445878.148.1",
"inst": "X",
"f": {"lang": "sux",
"form": "UD",
"pos": "X"}
}
,
{
"node": "l",
"frag": "alan",
"id": "P445878.l2cdbe",
"ref": "P445878.148.2",
"inst": "alan[statue]N",
"sig": "@dcclt%sux:alan=alan[statue//statue]N'N$alan/alan#~",
"f": {"lang": "sux",
"form": "alan",
"cf": "alan",
"gw": "statue",
"sense": "statue",
"norm0": "alan",
"pos": "N",
"epos": "N",
"base": "alan",
"morph": "~"}
}
,
{
"node": "d",
"type": "nonw",
"ref": ""}
,
{
"node": "d",
"type": "line-start",
"ref": "P445878.149",
"n": "5'",
"label": "r frg.1 5'"}
,
{
"node": "l",
"frag": "alan",
"id": "P445878.l2cdbf",
"ref": "P445878.149.1",
"inst": "alan[statue]N",
"sig": "@dcclt%sux:alan=alan[statue//statue]N'N$alan/alan#~",
"f": {"lang": "sux",
"form": "alan",
"cf": "alan",
"gw": "statue",
"sense": "statue",
"norm0": "alan",
"pos": "N",
"epos": "N",
"base": "alan",
"morph": "~"}
}
,
{
"node": "d",
"type": "line-start",
"ref": "P445878.150",
"n": "6'",
"label": "r frg.1 6'"}
,
{
"node": "l",
"frag": "{d}lamma",
"id": "P445878.l2cdc0",
"ref": "P445878.150.1",
"inst": "lammar[(female) tutelary deity]N",
"sig": "@dcclt%sux:{d}lamma=lammar[deity//(female) tutelary deity]N'N$lammar/{d}lamma#~",
"f": {"lang": "sux",
"form": "{d}lamma",
"cf": "lammar",
"gw": "deity",
"sense": "(female) tutelary deity",
"norm0": "lammar",
"pos": "N",
"epos": "N",
"base": "{d}lamma",
"morph": "~"}
}
,
{
"node": "d",
"type": "nonx",
"ref": "P445878.151",
"strict": "1",
"extent": "1",
"scope": "line",
"state": "ruling"}
,
{
"node": "d",
"type": "nonx",
"ref": "P445878.152",
"strict": "0",
"extent": "0",
"scope": "bottom edge",
"state": "other"}
]}
]}
]}
,
{
"linkbase": [{
"type": "linkset",
"xlink_title": "šu bala[change//to change]V/t'V/t",
"id": "P445878.ls00000",
"xlink_type": "extended",
"xlink_role": "psu",
"sig": "{šu bala = šu[hand]N bala[turn]V/t += šu bala[change//to change]V/t'V/t}::@dcclt%sux:šu=šu[hand//hand]N'N$šu/šu#~++@dcclt%sux:bala=bala[turn//turn]V/t'V/t$bala/bala#~",
"links": [
{
"type": "link",
"xlink_title": "šu",
"xlink_type": "locator",
"xlink_href": "#P445878.l2cd21",
"xlink_role": "elt"}
,
{
"type": "link",
"xlink_title": "bala",
"xlink_type": "locator",
"xlink_href": "#P445878.l2cd22",
"xlink_role": "elt"}
]}
,
{
"type": "linkset",
"xlink_title": "šu gid[accept//to accept]V/t'V/t",
"id": "P445878.ls00001",
"xlink_type": "extended",
"xlink_role": "psu",
"sig": "{šu gid₂-da = šu[hand]N gid[drag]V/t += šu gid[accept//to accept]V/t'V/t}::@dcclt%sux:šu=šu[hand//hand]N'N$šu/šu#~++@dcclt%sux:gid₂-da=gid[drag//to drag, tow (a boat upstream)]V/t'V/t$gid;a/gid₂+-da=d.a#~;a",
"links": [
{
"type": "link",
"xlink_title": "šu",
"xlink_type": "locator",
"xlink_href": "#P445878.l2cd33",
"xlink_role": "elt"}
,
{
"type": "link",
"xlink_title": "gid",
"xlink_type": "locator",
"xlink_href": "#P445878.l2cd34",
"xlink_role": "elt"}
]}
,
{
"type": "linkset",
"xlink_title": "šu bar[release//to release]V/t'V/t",
"id": "P445878.ls00002",
"xlink_type": "extended",
"xlink_role": "psu",
"sig": "{šu bar = šu[hand]N bar[cvve]V/t += šu bar[release//to release]V/t'V/t}::@dcclt%sux:šu=šu[hand//hand]N'N$šu/šu#~++@dcclt%sux:bar=bar[cvve//cvve]V/t'V/t$bar/bar#~",
"links": [
{
"type": "link",
"xlink_title": "šu",
"xlink_type": "locator",
"xlink_href": "#P445878.l2cd3a",
"xlink_role": "elt"}
,
{
"type": "link",
"xlink_title": "bar",
"xlink_type": "locator",
"xlink_href": "#P445878.l2cd3b",
"xlink_role": "elt"}
]}
,
{
"type": "linkset",
"xlink_title": "šu bala[change//to change]V/t'V/t",
"id": "P445878.ls00003",
"xlink_type": "extended",
"xlink_role": "psu",
"sig": "{šu bala = šu[hand]N bala[turn]V/t += šu bala[change//to change]V/t'V/t}::@dcclt%sux:šu=šu[hand//hand]N'N$šu/šu#~++@dcclt%sux:bala=bala[turn//turn]V/t'V/t$bala/bala#~",
"links": [
{
"type": "link",
"xlink_title": "šu",
"xlink_type": "locator",
"xlink_href": "#P445878.l2cd6d",
"xlink_role": "elt"}
,
{
"type": "link",
"xlink_title": "bala",
"xlink_type": "locator",
"xlink_href": "#P445878.l2cd6e",
"xlink_role": "elt"}
]}
,
{
"type": "linkset",
"xlink_title": "zu kešed[assemble//to assemble, gather]V/t'V/t",
"id": "P445878.ls00004",
"xlink_type": "extended",
"xlink_role": "psu",
"sig": "{zu₂ keš₂ = zu[tooth]N kešed[bind]V/t += zu kešed[assemble//to assemble, gather]V/t'V/t}::@dcclt%sux:zu₂=zu[tooth//tooth]N'N$zu/zu₂#~++@dcclt%sux:keš₂=kešed[bind//to bind]V/t'V/t$kešed/keš₂#~",
"links": [
{
"type": "link",
"xlink_title": "zu",
"xlink_type": "locator",
"xlink_href": "#P445878.l2cd79",
"xlink_role": "elt"}
,
{
"type": "link",
"xlink_title": "kešed",
"xlink_type": "locator",
"xlink_href": "#P445878.l2cd7a",
"xlink_role": "elt"}
]}
]}
]}
