{
"type": "cdl",
  "source": "http://oracc.org/dcclt",
  "license": "This data is released under the CC0 license",
  "license-url": "https://creativecommons.org/publicdomain/zero/1.0/",
  "more-info": "http://oracc.org/doc/opendata/",
  "UTC-timestamp": "2017-05-19T18:28:29",
"project": "dcclt",
"textid": "P450779",
"cdl": [
{
"node": "c",
"type": "text",
"id": "P450779.U0",
"cdl": [
{
"node": "d",
"subtype": "tablet",
"type": "object",
"ref": "P450779.x1926.1",
"type": "tablet",
"label": "x1926"}
,
{
"node": "d",
"subtype": "obverse",
"type": "surface",
"ref": "P450779.o.2",
"type": "obverse",
"label": "o"}
,
{
"node": "d",
"subtype": "column 1o '",
"type": "column",
"ref": "P450779.o.i_.3",
"n": "1",
"label": "o i'"}
,
{
"node": "d",
"type": "nonx",
"ref": "P450779.4",
"strict": "1",
"extent": "beginning",
"scope": "line",
"state": "missing"}
,
{
"node": "c",
"type": "discourse",
"subtype": "body",
"id": "P450779.U1",
"cdl": [
{
"node": "c",
"type": "sentence",
"id": "P450779.U2",
"label": "o i' 1' - o iii' 8'",
"cdl": [
{
"node": "d",
"type": "line-start",
"ref": "P450779.5",
"n": "1'",
"label": "o i' 1'"}
,
{
"node": "d",
"type": "cell-start"}
,
{
"node": "d",
"type": "field-start",
"subtype": "wp"}
,
{
"node": "l",
"frag": "[...]",
"id": "P450779.l4df17",
"ref": "P450779.5.1",
"inst": "u",
"f": {"lang": "sux",
"form": "x",
"pos": "u"}
}
,
{
"node": "d",
"type": "field-end",
"subtype": "wp"}
,
{
"node": "d",
"type": "cell-end"}
,
{
"node": "d",
"type": "cell-start"}
,
{
"node": "d",
"type": "field-start",
"subtype": "eq"}
,
{
"node": "l",
"frag": "[bu-bu]-⸢tum⸣",
"id": "P450779.l4df18",
"ref": "P450779.5.2",
"inst": "bubūtum[hunger]N",
"sig": "@dcclt%akk:bu-bu-tum=bubūtu[hunger//hunger]N'N$bubūtum",
"f": {"lang": "akk",
"form": "bu-bu-tum",
"cf": "bubūtu",
"gw": "hunger",
"sense": "hunger",
"norm": "bubūtum",
"pos": "N",
"epos": "N"}
}
,
{
"node": "d",
"type": "field-end",
"subtype": "eq"}
,
{
"node": "d",
"type": "cell-end"}
,
{
"node": "d",
"type": "line-start",
"ref": "P450779.6",
"n": "2'",
"label": "o i' 2'"}
,
{
"node": "d",
"type": "cell-start"}
,
{
"node": "d",
"type": "field-start",
"subtype": "wp"}
,
{
"node": "l",
"frag": "[...]",
"id": "P450779.l4df19",
"ref": "P450779.6.1",
"inst": "u",
"f": {"lang": "sux",
"form": "x",
"pos": "u"}
}
,
{
"node": "d",
"type": "field-end",
"subtype": "wp"}
,
{
"node": "d",
"type": "cell-end"}
,
{
"node": "d",
"type": "cell-start"}
,
{
"node": "d",
"type": "field-start",
"subtype": "eq"}
,
{
"node": "l",
"frag": "[im-ru]-u₂",
"id": "P450779.l4df1a",
"ref": "P450779.6.2",
"inst": "imrû[fodder]N",
"sig": "@dcclt%akk:im-ru-u₂=imrû[fodder//fodder]N'N$imrû",
"f": {"lang": "akk",
"form": "im-ru-u₂",
"cf": "imrû",
"gw": "fodder",
"sense": "fodder",
"norm": "imrû",
"pos": "N",
"epos": "N"}
}
,
{
"node": "d",
"type": "field-end",
"subtype": "eq"}
,
{
"node": "d",
"type": "cell-end"}
,
{
"node": "d",
"type": "line-start",
"ref": "P450779.7",
"n": "3'",
"label": "o i' 3'"}
,
{
"node": "d",
"type": "cell-start"}
,
{
"node": "d",
"type": "field-start",
"subtype": "wp"}
,
{
"node": "l",
"frag": "[...]",
"id": "P450779.l4df1b",
"ref": "P450779.7.1",
"inst": "u",
"f": {"lang": "sux",
"form": "x",
"pos": "u"}
}
,
{
"node": "d",
"type": "field-end",
"subtype": "wp"}
,
{
"node": "d",
"type": "cell-end"}
,
{
"node": "d",
"type": "cell-start"}
,
{
"node": "d",
"type": "field-start",
"subtype": "eq"}
,
{
"node": "l",
"frag": "[ši-ih]-⸢ṭu⸣",
"id": "P450779.l4df1c",
"ref": "P450779.7.2",
"inst": "šihṭu[(a kind of fodder)]N",
"sig": "@dcclt%akk:ši-ih-ṭu=šihṭu[(a kind of fodder)//(a kind of fodder)]N'N$šihṭu",
"f": {"lang": "akk",
"form": "ši-ih-ṭu",
"cf": "šihṭu",
"gw": "(a kind of fodder)",
"sense": "(a kind of fodder)",
"norm": "šihṭu",
"pos": "N",
"epos": "N"}
}
,
{
"node": "d",
"type": "field-end",
"subtype": "eq"}
,
{
"node": "d",
"type": "cell-end"}
,
{
"node": "d",
"type": "line-start",
"ref": "P450779.8",
"n": "4'",
"label": "o i' 4'"}
,
{
"node": "d",
"type": "cell-start"}
,
{
"node": "d",
"type": "field-start",
"subtype": "wp"}
,
{
"node": "l",
"frag": "[...]",
"id": "P450779.l4df1d",
"ref": "P450779.8.1",
"inst": "u",
"f": {"lang": "sux",
"form": "x",
"pos": "u"}
}
,
{
"node": "d",
"type": "field-end",
"subtype": "wp"}
,
{
"node": "d",
"type": "cell-end"}
,
{
"node": "d",
"type": "cell-start"}
,
{
"node": "d",
"type": "field-start",
"subtype": "eq"}
,
{
"node": "d",
"type": "nonw",
"ref": "P450779.8.2",
"lang": "akk",
"type": "surro"}
,
{
"node": "l",
"id": "P450779.l4df1e",
"ref": "P450779.8.3",
"inst": "igisû[contribution]N",
"sig": "@dcclt%akk-949:*=igisû[contribution//contribution]N'N$igisû",
"f": {"lang": "akk-949",
"form": "*",
"cf": "igisû",
"gw": "contribution",
"sense": "contribution",
"norm": "igisû",
"pos": "N",
"epos": "N"}
}
,
{
"node": "d",
"type": "field-end",
"subtype": "eq"}
,
{
"node": "d",
"type": "cell-end"}
,
{
"node": "d",
"type": "line-start",
"ref": "P450779.9",
"n": "5'",
"label": "o i' 5'"}
,
{
"node": "d",
"type": "cell-start"}
,
{
"node": "d",
"type": "field-start",
"subtype": "wp"}
,
{
"node": "l",
"frag": "[...]",
"id": "P450779.l4df1f",
"ref": "P450779.9.1",
"inst": "u",
"f": {"lang": "sux",
"form": "x",
"pos": "u"}
}
,
{
"node": "d",
"type": "field-end",
"subtype": "wp"}
,
{
"node": "d",
"type": "cell-end"}
,
{
"node": "d",
"type": "cell-start"}
,
{
"node": "d",
"type": "field-start",
"subtype": "eq"}
,
{
"node": "l",
"frag": "[a]-⸢šir₃-tum⸣",
"id": "P450779.l4df20",
"ref": "P450779.9.2",
"inst": "+aširtu[tithe]N$aširtum",
"sig": "@dcclt%akk:a-šir₃-tum=aširtu[tithe//tithe]N'N$aširtum",
"f": {"lang": "akk",
"form": "a-šir₃-tum",
"cf": "aširtu",
"gw": "tithe",
"sense": "tithe",
"norm": "aširtum",
"pos": "N",
"epos": "N"}
}
,
{
"node": "d",
"type": "field-end",
"subtype": "eq"}
,
{
"node": "d",
"type": "cell-end"}
,
{
"node": "d",
"type": "line-start",
"ref": "P450779.10",
"n": "6'",
"label": "o i' 6'"}
,
{
"node": "d",
"type": "cell-start"}
,
{
"node": "d",
"type": "field-start",
"subtype": "wp"}
,
{
"node": "l",
"frag": "[...]",
"id": "P450779.l4df21",
"ref": "P450779.10.1",
"inst": "u",
"f": {"lang": "sux",
"form": "x",
"pos": "u"}
}
,
{
"node": "d",
"type": "field-end",
"subtype": "wp"}
,
{
"node": "d",
"type": "cell-end"}
,
{
"node": "d",
"type": "cell-start"}
,
{
"node": "d",
"type": "field-start",
"subtype": "eq"}
,
{
"node": "l",
"frag": "[ta]-⸢am-mar⸣-tum",
"id": "P450779.l4df22",
"ref": "P450779.10.2",
"inst": "+tāmartu[view(ing)]N$tammartum",
"sig": "@dcclt%akk:ta-am-mar-tum=tāmartu[view(ing)//view(ing)]N'N$tammartum",
"f": {"lang": "akk",
"form": "ta-am-mar-tum",
"cf": "tāmartu",
"gw": "view(ing)",
"sense": "view(ing)",
"norm": "tammartum",
"pos": "N",
"epos": "N"}
}
,
{
"node": "d",
"type": "field-end",
"subtype": "eq"}
,
{
"node": "d",
"type": "cell-end"}
,
{
"node": "d",
"type": "line-start",
"ref": "P450779.11",
"n": "7'",
"label": "o i' 7'"}
,
{
"node": "d",
"type": "cell-start"}
,
{
"node": "d",
"type": "field-start",
"subtype": "wp"}
,
{
"node": "l",
"frag": "[...]",
"id": "P450779.l4df23",
"ref": "P450779.11.1",
"inst": "u",
"f": {"lang": "sux",
"form": "x",
"pos": "u"}
}
,
{
"node": "d",
"type": "field-end",
"subtype": "wp"}
,
{
"node": "d",
"type": "cell-end"}
,
{
"node": "d",
"type": "cell-start"}
,
{
"node": "d",
"type": "field-start",
"subtype": "eq"}
,
{
"node": "l",
"frag": "[sat]-⸢tuk⸣-ku",
"id": "P450779.l4df24",
"ref": "P450779.11.2",
"inst": "sattukku[regular offering]N",
"sig": "@dcclt%akk:sat-tuk-ku=sattukku[regular offering//regular offering]N'N$sattukku",
"f": {"lang": "akk",
"form": "sat-tuk-ku",
"cf": "sattukku",
"gw": "regular offering",
"sense": "regular offering",
"norm": "sattukku",
"pos": "N",
"epos": "N"}
}
,
{
"node": "d",
"type": "field-end",
"subtype": "eq"}
,
{
"node": "d",
"type": "cell-end"}
,
{
"node": "d",
"type": "line-start",
"ref": "P450779.12",
"n": "8'",
"label": "o i' 8'"}
,
{
"node": "d",
"type": "cell-start"}
,
{
"node": "d",
"type": "field-start",
"subtype": "wp"}
,
{
"node": "l",
"frag": "[...]",
"id": "P450779.l4df25",
"ref": "P450779.12.1",
"inst": "u",
"f": {"lang": "sux",
"form": "x",
"pos": "u"}
}
,
{
"node": "d",
"type": "field-end",
"subtype": "wp"}
,
{
"node": "d",
"type": "cell-end"}
,
{
"node": "d",
"type": "cell-start"}
,
{
"node": "d",
"type": "field-start",
"subtype": "eq"}
,
{
"node": "l",
"frag": "[kiš]-⸢ša₂⸣-tum",
"id": "P450779.l4df26",
"ref": "P450779.12.2",
"inst": "kiššatum[emmer]N",
"sig": "@dcclt%akk:kiš-ša₂-tum=kiššatu[emmer//emmer]N'N$kiššatum",
"f": {"lang": "akk",
"form": "kiš-ša₂-tum",
"cf": "kiššatu",
"gw": "emmer",
"sense": "emmer",
"norm": "kiššatum",
"pos": "N",
"epos": "N"}
}
,
{
"node": "d",
"type": "field-end",
"subtype": "eq"}
,
{
"node": "d",
"type": "cell-end"}
,
{
"node": "d",
"type": "line-start",
"ref": "P450779.13",
"n": "9'",
"label": "o i' 9'"}
,
{
"node": "d",
"type": "cell-start"}
,
{
"node": "d",
"type": "field-start",
"subtype": "wp"}
,
{
"node": "l",
"frag": "[...]",
"id": "P450779.l4df27",
"ref": "P450779.13.1",
"inst": "u",
"f": {"lang": "sux",
"form": "x",
"pos": "u"}
}
,
{
"node": "d",
"type": "field-end",
"subtype": "wp"}
,
{
"node": "d",
"type": "cell-end"}
,
{
"node": "d",
"type": "cell-start"}
,
{
"node": "d",
"type": "field-start",
"subtype": "eq"}
,
{
"node": "l",
"frag": "[qe₂-re]-⸢e⸣-ti",
"id": "P450779.l4df28",
"ref": "P450779.13.2",
"inst": "qerēti[banquet]N",
"sig": "@dcclt%akk:qe₂-re-e-ti=qerītu[banquet//banquet]N'N$qerēti",
"f": {"lang": "akk",
"form": "qe₂-re-e-ti",
"cf": "qerītu",
"gw": "banquet",
"sense": "banquet",
"norm": "qerēti",
"pos": "N",
"epos": "N"}
}
,
{
"node": "d",
"type": "field-end",
"subtype": "eq"}
,
{
"node": "d",
"type": "cell-end"}
,
{
"node": "d",
"type": "nonx",
"ref": "P450779.14",
"strict": "1",
"extent": "rest",
"scope": "line",
"state": "missing"}
,
{
"node": "d",
"subtype": "column 2o '",
"type": "column",
"ref": "P450779.o.ii_.15",
"n": "2",
"label": "o ii'"}
,
{
"node": "d",
"type": "nonx",
"ref": "P450779.16",
"strict": "1",
"extent": "beginning",
"scope": "line",
"state": "missing"}
,
{
"node": "d",
"type": "line-start",
"ref": "P450779.17",
"n": "1'",
"label": "o ii' 1'"}
,
{
"node": "d",
"type": "cell-start"}
,
{
"node": "d",
"type": "field-start",
"subtype": "wp"}
,
{
"node": "l",
"frag": "⸢maš₂⸣",
"id": "P450779.l4df29",
"ref": "P450779.17.1",
"inst": "maš[interest (on a loan)]N",
"sig": "@dcclt%sux:maš₂=maš[interest//interest (on a loan)]N'N$maš/maš₂#~",
"f": {"lang": "sux",
"form": "maš₂",
"cf": "maš",
"gw": "interest",
"sense": "interest (on a loan)",
"norm0": "maš",
"pos": "N",
"epos": "N",
"base": "maš₂",
"morph": "~"}
}
,
{
"node": "l",
"frag": "[...]",
"id": "P450779.l4df2a",
"ref": "P450779.17.2",
"inst": "u",
"f": {"lang": "sux",
"form": "x",
"pos": "u"}
}
,
{
"node": "d",
"type": "field-end",
"subtype": "wp"}
,
{
"node": "d",
"type": "cell-end"}
,
{
"node": "d",
"type": "cell-start"}
,
{
"node": "d",
"type": "field-start",
"subtype": "eq"}
,
{
"node": "l",
"frag": "[...]",
"id": "P450779.l4df2b",
"ref": "P450779.17.3",
"inst": "u",
"f": {"lang": "akk",
"form": "x",
"pos": "u"}
}
,
{
"node": "d",
"type": "field-end",
"subtype": "eq"}
,
{
"node": "d",
"type": "cell-end"}
,
{
"node": "d",
"type": "line-start",
"ref": "P450779.18",
"n": "2'",
"label": "o ii' 2'"}
,
{
"node": "d",
"type": "cell-start"}
,
{
"node": "d",
"type": "field-start",
"subtype": "wp"}
,
{
"node": "l",
"frag": "maš₂",
"id": "P450779.l4df2c",
"ref": "P450779.18.1",
"inst": "maš[interest (on a loan)]N",
"sig": "@dcclt%sux:maš₂=maš[interest//interest (on a loan)]N'N$maš/maš₂#~",
"f": {"lang": "sux",
"form": "maš₂",
"cf": "maš",
"gw": "interest",
"sense": "interest (on a loan)",
"norm0": "maš",
"pos": "N",
"epos": "N",
"base": "maš₂",
"morph": "~"}
}
,
{
"node": "l",
"frag": "⸢iri⸣-[gin₇]",
"id": "P450779.l4df2d",
"ref": "P450779.18.2",
"inst": "iri[city]N",
"sig": "@dcclt%sux:iri-gin₇=iri[city//city]N'N$iri,gin/iri#~,gin",
"f": {"lang": "sux",
"form": "iri-gin₇",
"cf": "iri",
"gw": "city",
"sense": "city",
"norm0": "iri,gin",
"pos": "N",
"epos": "N",
"base": "iri",
"morph": "~,gin"}
}
,
{
"node": "d",
"type": "field-end",
"subtype": "wp"}
,
{
"node": "d",
"type": "cell-end"}
,
{
"node": "d",
"type": "cell-start"}
,
{
"node": "d",
"type": "field-start",
"subtype": "eq"}
,
{
"node": "l",
"frag": "[...]",
"id": "P450779.l4df2e",
"ref": "P450779.18.3",
"inst": "u",
"f": {"lang": "akk",
"form": "x",
"pos": "u"}
}
,
{
"node": "d",
"type": "field-end",
"subtype": "eq"}
,
{
"node": "d",
"type": "cell-end"}
,
{
"node": "d",
"type": "line-start",
"ref": "P450779.19",
"n": "3'",
"label": "o ii' 3'"}
,
{
"node": "d",
"type": "cell-start"}
,
{
"node": "d",
"type": "field-start",
"subtype": "wp"}
,
{
"node": "l",
"frag": "maš₂",
"id": "P450779.l4df2f",
"ref": "P450779.19.1",
"inst": "maš[interest (on a loan)]N",
"sig": "@dcclt%sux:maš₂=maš[interest//interest (on a loan)]N'N$maš/maš₂#~",
"f": {"lang": "sux",
"form": "maš₂",
"cf": "maš",
"gw": "interest",
"sense": "interest (on a loan)",
"norm0": "maš",
"pos": "N",
"epos": "N",
"base": "maš₂",
"morph": "~"}
}
,
{
"node": "l",
"frag": "⸢ba-ra⸣-[bala]",
"id": "P450779.l4df30",
"ref": "P450779.19.2",
"inst": "bala[turn]V/t",
"sig": "@dcclt%sux:ba-ra-bala=bala[turn//turn]V/t'V/t$bara:bala/bala#bara:~",
"f": {"lang": "sux",
"form": "ba-ra-bala",
"cf": "bala",
"gw": "turn",
"sense": "turn",
"norm0": "bara:bala",
"pos": "V/t",
"epos": "V/t",
"base": "bala",
"morph": "bara:~"}
}
,
{
"node": "d",
"type": "field-end",
"subtype": "wp"}
,
{
"node": "d",
"type": "cell-end"}
,
{
"node": "d",
"type": "cell-start"}
,
{
"node": "d",
"type": "field-start",
"subtype": "eq"}
,
{
"node": "l",
"frag": "[...]",
"id": "P450779.l4df31",
"ref": "P450779.19.3",
"inst": "u",
"f": {"lang": "akk",
"form": "x",
"pos": "u"}
}
,
{
"node": "d",
"type": "field-end",
"subtype": "eq"}
,
{
"node": "d",
"type": "cell-end"}
,
{
"node": "d",
"type": "line-start",
"ref": "P450779.20",
"n": "4'",
"label": "o ii' 4'"}
,
{
"node": "d",
"type": "cell-start"}
,
{
"node": "d",
"type": "field-start",
"subtype": "wp"}
,
{
"node": "l",
"frag": "maš₂",
"id": "P450779.l4df32",
"ref": "P450779.20.1",
"inst": "maš[interest (on a loan)]N",
"sig": "@dcclt%sux:maš₂=maš[interest//interest (on a loan)]N'N$maš/maš₂#~",
"f": {"lang": "sux",
"form": "maš₂",
"cf": "maš",
"gw": "interest",
"sense": "interest (on a loan)",
"norm0": "maš",
"pos": "N",
"epos": "N",
"base": "maš₂",
"morph": "~"}
}
,
{
"node": "l",
"frag": "maš₂",
"id": "P450779.l4df33",
"ref": "P450779.20.2",
"inst": "maš[interest (on a loan)]N",
"sig": "@dcclt%sux:maš₂=maš[interest//interest (on a loan)]N'N$maš/maš₂#~",
"f": {"lang": "sux",
"form": "maš₂",
"cf": "maš",
"gw": "interest",
"sense": "interest (on a loan)",
"norm0": "maš",
"pos": "N",
"epos": "N",
"base": "maš₂",
"morph": "~"}
}
,
{
"node": "d",
"type": "field-end",
"subtype": "wp"}
,
{
"node": "d",
"type": "cell-end"}
,
{
"node": "d",
"type": "cell-start"}
,
{
"node": "d",
"type": "field-start",
"subtype": "eq"}
,
{
"node": "l",
"frag": "[...]",
"id": "P450779.l4df34",
"ref": "P450779.20.3",
"inst": "u",
"f": {"lang": "akk",
"form": "x",
"pos": "u"}
}
,
{
"node": "d",
"type": "field-end",
"subtype": "eq"}
,
{
"node": "d",
"type": "cell-end"}
,
{
"node": "d",
"type": "line-start",
"ref": "P450779.21",
"n": "5'",
"label": "o ii' 5'"}
,
{
"node": "d",
"type": "cell-start"}
,
{
"node": "d",
"type": "field-start",
"subtype": "wp"}
,
{
"node": "l",
"frag": "maš₂",
"id": "P450779.l4df35",
"ref": "P450779.21.1",
"inst": "maš[interest (on a loan)]N",
"sig": "@dcclt%sux:maš₂=maš[interest//interest (on a loan)]N'N$maš/maš₂#~",
"f": {"lang": "sux",
"form": "maš₂",
"cf": "maš",
"gw": "interest",
"sense": "interest (on a loan)",
"norm0": "maš",
"pos": "N",
"epos": "N",
"base": "maš₂",
"morph": "~"}
}
,
{
"node": "l",
"frag": "ba-⸢an⸣-tuku",
"id": "P450779.l4df36",
"ref": "P450779.21.2",
"inst": "tuku[to have]V/t",
"sig": "@dcclt%sux:ba-an-tuku=tuku[acquire//to have]V/t'V/t$ba.n:tuku/tuku#ba.n:~",
"f": {"lang": "sux",
"form": "ba-an-tuku",
"cf": "tuku",
"gw": "acquire",
"sense": "to have",
"norm0": "ba.n:tuku",
"pos": "V/t",
"epos": "V/t",
"base": "tuku",
"morph": "ba.n:~"}
}
,
{
"node": "d",
"type": "field-end",
"subtype": "wp"}
,
{
"node": "d",
"type": "cell-end"}
,
{
"node": "d",
"type": "cell-start"}
,
{
"node": "d",
"type": "field-start",
"subtype": "eq"}
,
{
"node": "l",
"frag": "[...]",
"id": "P450779.l4df37",
"ref": "P450779.21.3",
"inst": "u",
"f": {"lang": "akk",
"form": "x",
"pos": "u"}
}
,
{
"node": "d",
"type": "field-end",
"subtype": "eq"}
,
{
"node": "d",
"type": "cell-end"}
,
{
"node": "d",
"type": "line-start",
"ref": "P450779.22",
"n": "6'",
"label": "o ii' 6'"}
,
{
"node": "d",
"type": "cell-start"}
,
{
"node": "d",
"type": "field-start",
"subtype": "wp"}
,
{
"node": "l",
"frag": "tah-he-dam",
"id": "P450779.l4df38",
"ref": "P450779.22.1",
"inst": "tah[add]V/t",
"sig": "@dcclt%sux:tah-he-dam=tah[add//add]V/t'V/t$tah;e.de.am/tah+-he=h.e#~;e.de.am",
"f": {"lang": "sux",
"form": "tah-he-dam",
"cf": "tah",
"gw": "add",
"sense": "add",
"norm0": "tah;e.de.am",
"pos": "V/t",
"epos": "V/t",
"base": "tah",
"cont": "-he=h.e",
"morph": "~;e.de.am"}
}
,
{
"node": "d",
"type": "field-end",
"subtype": "wp"}
,
{
"node": "d",
"type": "cell-end"}
,
{
"node": "d",
"type": "cell-start"}
,
{
"node": "d",
"type": "field-start",
"subtype": "eq"}
,
{
"node": "l",
"frag": "uṣ-⸢ṣab⸣",
"id": "P450779.l4df39",
"ref": "P450779.22.2",
"inst": "uṣṣab[add]V",
"sig": "@dcclt%akk:uṣ-ṣab=waṣābu[add//add]V'V$uṣṣab",
"f": {"lang": "akk",
"form": "uṣ-ṣab",
"cf": "waṣābu",
"gw": "add",
"sense": "add",
"norm": "uṣṣab",
"pos": "V",
"epos": "V"}
}
,
{
"node": "d",
"type": "field-end",
"subtype": "eq"}
,
{
"node": "d",
"type": "cell-end"}
,
{
"node": "d",
"type": "line-start",
"ref": "P450779.23",
"n": "7'",
"label": "o ii' 7'"}
,
{
"node": "d",
"type": "cell-start"}
,
{
"node": "d",
"type": "field-start",
"subtype": "wp"}
,
{
"node": "l",
"frag": "⸢tuku⸣",
"id": "P450779.l4df3a",
"ref": "P450779.23.1",
"inst": "tuku[to acquire, get]V/t",
"sig": "@dcclt%sux:tuku=tuku[acquire//to acquire, get]V/t'V/t$tuku/tuku#~",
"f": {"lang": "sux",
"form": "tuku",
"cf": "tuku",
"gw": "acquire",
"sense": "to acquire, get",
"norm0": "tuku",
"pos": "V/t",
"epos": "V/t",
"base": "tuku",
"morph": "~"}
}
,
{
"node": "d",
"type": "field-end",
"subtype": "wp"}
,
{
"node": "d",
"type": "cell-end"}
,
{
"node": "d",
"type": "cell-start"}
,
{
"node": "d",
"type": "field-start",
"subtype": "eq"}
,
{
"node": "l",
"frag": "i-ši",
"id": "P450779.l4df3b",
"ref": "P450779.23.2",
"inst": "īši[have]V",
"sig": "@dcclt%akk:i-ši=išû[have//have]V'V$īši",
"f": {"lang": "akk",
"form": "i-ši",
"cf": "išû",
"gw": "have",
"sense": "have",
"norm": "īši",
"pos": "V",
"epos": "V"}
}
,
{
"node": "d",
"type": "field-end",
"subtype": "eq"}
,
{
"node": "d",
"type": "cell-end"}
,
{
"node": "d",
"type": "line-start",
"ref": "P450779.24",
"n": "8'",
"label": "o ii' 8'"}
,
{
"node": "d",
"type": "cell-start"}
,
{
"node": "d",
"type": "field-start",
"subtype": "wp"}
,
{
"node": "l",
"frag": "nu-⸢tuku⸣",
"id": "P450779.l4df3c",
"ref": "P450779.24.1",
"inst": "tuku[to acquire, get]V/t",
"sig": "@dcclt%sux:nu-tuku=tuku[acquire//to acquire, get]V/t'V/t$nu:tuku/tuku#nu:~",
"f": {"lang": "sux",
"form": "nu-tuku",
"cf": "tuku",
"gw": "acquire",
"sense": "to acquire, get",
"norm0": "nu:tuku",
"pos": "V/t",
"epos": "V/t",
"base": "tuku",
"morph": "nu:~"}
}
,
{
"node": "d",
"type": "field-end",
"subtype": "wp"}
,
{
"node": "d",
"type": "cell-end"}
,
{
"node": "d",
"type": "cell-start"}
,
{
"node": "d",
"type": "field-start",
"subtype": "eq"}
,
{
"node": "d",
"frag": "<<MIN>>",
"type": "nonw",
"ref": "P450779.24.2",
"lang": "akk",
"type": "excised",
"gdl_delim": " "}
,
{
"node": "l",
"frag": "ul",
"id": "P450779.l4df3d",
"ref": "P450779.24.3",
"inst": "ul[not]MOD",
"sig": "@dcclt%akk:ul=ul[not//not]MOD'MOD$ul",
"f": {"lang": "akk",
"form": "ul",
"cf": "ul",
"gw": "not",
"sense": "not",
"norm": "ul",
"pos": "MOD",
"epos": "MOD"}
}
,
{
"node": "d",
"type": "nonw",
"ref": "P450779.24.4",
"lang": "akk",
"type": "surro"}
,
{
"node": "l",
"id": "P450779.l4df3e",
"ref": "P450779.24.5",
"inst": "īši[have]V",
"sig": "@dcclt%akk:i-ši=išû[have//have]V'V$īši",
"f": {"lang": "akk",
"form": "i-ši",
"cf": "išû",
"gw": "have",
"sense": "have",
"norm": "īši",
"pos": "V",
"epos": "V"}
}
,
{
"node": "d",
"type": "field-end",
"subtype": "eq"}
,
{
"node": "d",
"type": "cell-end"}
,
{
"node": "d",
"type": "line-start",
"ref": "P450779.25",
"n": "9'",
"label": "o ii' 9'"}
,
{
"node": "d",
"type": "cell-start"}
,
{
"node": "d",
"type": "field-start",
"subtype": "wp"}
,
{
"node": "l",
"frag": "an-⸢tuku⸣",
"id": "P450779.l4df3f",
"ref": "P450779.25.1",
"inst": "tuku[to acquire, get]V/t",
"sig": "@dcclt%sux:an-tuku=tuku[acquire//to acquire, get]V/t'V/t$V.n:tuku/tuku#V.n:~",
"f": {"lang": "sux",
"form": "an-tuku",
"cf": "tuku",
"gw": "acquire",
"sense": "to acquire, get",
"norm0": "V.n:tuku",
"pos": "V/t",
"epos": "V/t",
"base": "tuku",
"morph": "V.n:~"}
}
,
{
"node": "d",
"type": "field-end",
"subtype": "wp"}
,
{
"node": "d",
"type": "cell-end"}
,
{
"node": "d",
"type": "cell-start"}
,
{
"node": "d",
"type": "field-start",
"subtype": "eq"}
,
{
"node": "l",
"frag": "i-ši",
"id": "P450779.l4df40",
"ref": "P450779.25.2",
"inst": "īši[have]V",
"sig": "@dcclt%akk:i-ši=išû[have//have]V'V$īši",
"f": {"lang": "akk",
"form": "i-ši",
"cf": "išû",
"gw": "have",
"sense": "have",
"norm": "īši",
"pos": "V",
"epos": "V"}
}
,
{
"node": "d",
"type": "field-end",
"subtype": "eq"}
,
{
"node": "d",
"type": "cell-end"}
,
{
"node": "d",
"type": "line-start",
"ref": "P450779.26",
"n": "10'",
"label": "o ii' 10'"}
,
{
"node": "d",
"type": "cell-start"}
,
{
"node": "d",
"type": "field-start",
"subtype": "wp"}
,
{
"node": "l",
"frag": "⸢nu⸣-an-⸢tuku⸣",
"id": "P450779.l4df41",
"ref": "P450779.26.1",
"inst": "tuku[to acquire, get]V/t",
"sig": "@dcclt%sux:nu-an-tuku=tuku[acquire//to acquire, get]V/t'V/t$nu.V.n:tuku/tuku#nu.V.n:~",
"f": {"lang": "sux",
"form": "nu-an-tuku",
"cf": "tuku",
"gw": "acquire",
"sense": "to acquire, get",
"norm0": "nu.V.n:tuku",
"pos": "V/t",
"epos": "V/t",
"base": "tuku",
"morph": "nu.V.n:~"}
}
,
{
"node": "d",
"type": "field-end",
"subtype": "wp"}
,
{
"node": "d",
"type": "cell-end"}
,
{
"node": "d",
"type": "cell-start"}
,
{
"node": "d",
"type": "field-start",
"subtype": "eq"}
,
{
"node": "d",
"frag": "<<MIN>>",
"type": "nonw",
"ref": "P450779.26.2",
"lang": "akk",
"type": "excised",
"gdl_delim": " "}
,
{
"node": "l",
"frag": "ul",
"id": "P450779.l4df42",
"ref": "P450779.26.3",
"inst": "ul[not]MOD",
"sig": "@dcclt%akk:ul=ul[not//not]MOD'MOD$ul",
"f": {"lang": "akk",
"form": "ul",
"cf": "ul",
"gw": "not",
"sense": "not",
"norm": "ul",
"pos": "MOD",
"epos": "MOD"}
}
,
{
"node": "d",
"type": "nonw",
"ref": "P450779.26.4",
"lang": "akk",
"type": "surro"}
,
{
"node": "l",
"id": "P450779.l4df43",
"ref": "P450779.26.5",
"inst": "īši[have]V",
"sig": "@dcclt%akk:i-ši=išû[have//have]V'V$īši",
"f": {"lang": "akk",
"form": "i-ši",
"cf": "išû",
"gw": "have",
"sense": "have",
"norm": "īši",
"pos": "V",
"epos": "V"}
}
,
{
"node": "d",
"type": "field-end",
"subtype": "eq"}
,
{
"node": "d",
"type": "cell-end"}
,
{
"node": "d",
"type": "line-start",
"ref": "P450779.27",
"n": "11'",
"label": "o ii' 11'"}
,
{
"node": "d",
"type": "cell-start"}
,
{
"node": "d",
"type": "field-start",
"subtype": "wp"}
,
{
"node": "l",
"frag": "[ba]-⸢an⸣-[tuku]",
"id": "P450779.l4df44",
"ref": "P450779.27.1",
"inst": "tuku[to have]V/t",
"sig": "@dcclt%sux:ba-an-tuku=tuku[acquire//to have]V/t'V/t$ba.n:tuku/tuku#ba.n:~",
"f": {"lang": "sux",
"form": "ba-an-tuku",
"cf": "tuku",
"gw": "acquire",
"sense": "to have",
"norm0": "ba.n:tuku",
"pos": "V/t",
"epos": "V/t",
"base": "tuku",
"morph": "ba.n:~"}
}
,
{
"node": "d",
"type": "field-end",
"subtype": "wp"}
,
{
"node": "d",
"type": "cell-end"}
,
{
"node": "d",
"type": "cell-start"}
,
{
"node": "d",
"type": "field-start",
"subtype": "eq"}
,
{
"node": "l",
"frag": "⸢i-ši⸣",
"id": "P450779.l4df45",
"ref": "P450779.27.2",
"inst": "īši[have]V",
"sig": "@dcclt%akk:i-ši=išû[have//have]V'V$īši",
"f": {"lang": "akk",
"form": "i-ši",
"cf": "išû",
"gw": "have",
"sense": "have",
"norm": "īši",
"pos": "V",
"epos": "V"}
}
,
{
"node": "d",
"type": "field-end",
"subtype": "eq"}
,
{
"node": "d",
"type": "cell-end"}
,
{
"node": "d",
"type": "line-start",
"ref": "P450779.28",
"n": "12'",
"label": "o ii' 12'"}
,
{
"node": "d",
"type": "cell-start"}
,
{
"node": "d",
"type": "field-start",
"subtype": "wp"}
,
{
"node": "l",
"frag": "[...]",
"id": "P450779.l4df46",
"ref": "P450779.28.1",
"inst": "u",
"f": {"lang": "sux",
"form": "x",
"pos": "u"}
}
,
{
"node": "d",
"type": "field-end",
"subtype": "wp"}
,
{
"node": "d",
"type": "cell-end"}
,
{
"node": "d",
"type": "cell-start"}
,
{
"node": "d",
"type": "field-start",
"subtype": "eq"}
,
{
"node": "d",
"frag": "[<<MIN>>]",
"type": "nonw",
"ref": "P450779.28.2",
"lang": "akk",
"type": "excised",
"gdl_delim": " "}
,
{
"node": "l",
"frag": "⸢ul⸣",
"id": "P450779.l4df47",
"ref": "P450779.28.3",
"inst": "ul[not]MOD",
"sig": "@dcclt%akk:ul=ul[not//not]MOD'MOD$ul",
"f": {"lang": "akk",
"form": "ul",
"cf": "ul",
"gw": "not",
"sense": "not",
"norm": "ul",
"pos": "MOD",
"epos": "MOD"}
}
,
{
"node": "d",
"type": "nonw",
"ref": "P450779.28.4",
"lang": "akk",
"type": "surro"}
,
{
"node": "l",
"id": "P450779.l4df48",
"ref": "P450779.28.5",
"inst": "īši[have]V",
"sig": "@dcclt%akk:i-ši=išû[have//have]V'V$īši",
"f": {"lang": "akk",
"form": "i-ši",
"cf": "išû",
"gw": "have",
"sense": "have",
"norm": "īši",
"pos": "V",
"epos": "V"}
}
,
{
"node": "d",
"type": "field-end",
"subtype": "eq"}
,
{
"node": "d",
"type": "cell-end"}
,
{
"node": "d",
"type": "line-start",
"ref": "P450779.29",
"n": "13'",
"label": "o ii' 13'"}
,
{
"node": "d",
"type": "cell-start"}
,
{
"node": "d",
"type": "field-start",
"subtype": "wp"}
,
{
"node": "l",
"frag": "[...]",
"id": "P450779.l4df49",
"ref": "P450779.29.1",
"inst": "u",
"f": {"lang": "sux",
"form": "x",
"pos": "u"}
}
,
{
"node": "d",
"type": "field-end",
"subtype": "wp"}
,
{
"node": "d",
"type": "cell-end"}
,
{
"node": "d",
"type": "cell-start"}
,
{
"node": "d",
"type": "field-start",
"subtype": "eq"}
,
{
"node": "l",
"frag": "⸢qaq-qa-du⸣",
"id": "P450779.l4df4a",
"ref": "P450779.29.2",
"inst": "qaqqadu[head]N",
"sig": "@dcclt%akk:qaq-qa-du=qaqqadu[head//head]N'N$qaqqadu",
"f": {"lang": "akk",
"form": "qaq-qa-du",
"cf": "qaqqadu",
"gw": "head",
"sense": "head",
"norm": "qaqqadu",
"pos": "N",
"epos": "N"}
}
,
{
"node": "d",
"type": "field-end",
"subtype": "eq"}
,
{
"node": "d",
"type": "cell-end"}
,
{
"node": "d",
"type": "line-start",
"ref": "P450779.30",
"n": "14'",
"label": "o ii' 14'"}
,
{
"node": "d",
"type": "cell-start"}
,
{
"node": "d",
"type": "field-start",
"subtype": "wp"}
,
{
"node": "l",
"frag": "[...]",
"id": "P450779.l4df4b",
"ref": "P450779.30.1",
"inst": "u",
"f": {"lang": "sux",
"form": "x",
"pos": "u"}
}
,
{
"node": "d",
"type": "field-end",
"subtype": "wp"}
,
{
"node": "d",
"type": "cell-end"}
,
{
"node": "d",
"type": "cell-start"}
,
{
"node": "d",
"type": "field-start",
"subtype": "eq"}
,
{
"node": "l",
"frag": "⸢x-x⸣-du",
"id": "P450779.l4df4c",
"ref": "P450779.30.2",
"inst": "u",
"f": {"lang": "akk",
"form": "x-x-du",
"pos": "u"}
}
,
{
"node": "d",
"type": "field-end",
"subtype": "eq"}
,
{
"node": "d",
"type": "cell-end"}
,
{
"node": "d",
"type": "line-start",
"ref": "P450779.31",
"n": "15'",
"label": "o ii' 15'"}
,
{
"node": "d",
"type": "cell-start"}
,
{
"node": "d",
"type": "field-start",
"subtype": "wp"}
,
{
"node": "l",
"frag": "[...]",
"id": "P450779.l4df4d",
"ref": "P450779.31.1",
"inst": "u",
"f": {"lang": "sux",
"form": "x",
"pos": "u"}
}
,
{
"node": "d",
"type": "field-end",
"subtype": "wp"}
,
{
"node": "d",
"type": "cell-end"}
,
{
"node": "d",
"type": "cell-start"}
,
{
"node": "d",
"type": "field-start",
"subtype": "eq"}
,
{
"node": "l",
"frag": "⸢kal⸣-la-ti",
"id": "P450779.l4df4e",
"ref": "P450779.31.2",
"inst": "+kallātu[daughter-in-law]N$kallāti",
"sig": "@dcclt%akk:kal-la-ti=kallātu[daughter-in-law//daughter-in-law]N'N$kallāti",
"f": {"lang": "akk",
"form": "kal-la-ti",
"cf": "kallātu",
"gw": "daughter-in-law",
"sense": "daughter-in-law",
"norm": "kallāti",
"pos": "N",
"epos": "N"}
}
,
{
"node": "d",
"type": "field-end",
"subtype": "eq"}
,
{
"node": "d",
"type": "cell-end"}
,
{
"node": "d",
"type": "nonx",
"ref": "P450779.32",
"strict": "1",
"extent": "rest",
"scope": "line",
"state": "missing"}
,
{
"node": "d",
"subtype": "column 3o '",
"type": "column",
"ref": "P450779.o.iii_.33",
"n": "3",
"label": "o iii'"}
,
{
"node": "d",
"type": "nonx",
"ref": "P450779.34",
"strict": "1",
"extent": "beginning",
"scope": "line",
"state": "missing"}
,
{
"node": "d",
"type": "line-start",
"ref": "P450779.35",
"n": "1'",
"label": "o iii' 1'"}
,
{
"node": "d",
"type": "cell-start"}
,
{
"node": "d",
"type": "field-start",
"subtype": "wp"}
,
{
"node": "l",
"frag": "⸢šeš",
"id": "P450779.l4df4f",
"ref": "P450779.35.1",
"inst": "šeš[brother]N",
"sig": "@dcclt%sux:šeš=šeš[brother//brother]N'N$šeš/šeš#~",
"f": {"lang": "sux",
"form": "šeš",
"cf": "šeš",
"gw": "brother",
"sense": "brother",
"norm0": "šeš",
"pos": "N",
"epos": "N",
"base": "šeš",
"morph": "~"}
}
,
{
"node": "l",
"frag": "gu⸣-[la]",
"id": "P450779.l4df50",
"ref": "P450779.35.2",
"inst": "gal[(to be) big, great]V/i",
"sig": "@dcclt%sux:gu-la=gal[big//(to be) big, great]V/i'V/i$gal/gu-la#~",
"f": {"lang": "sux",
"form": "gu-la",
"cf": "gal",
"gw": "big",
"sense": "(to be) big, great",
"norm0": "gal",
"pos": "V/i",
"epos": "V/i",
"base": "gu-la",
"morph": "~"}
}
,
{
"node": "d",
"type": "field-end",
"subtype": "wp"}
,
{
"node": "d",
"type": "cell-end"}
,
{
"node": "d",
"type": "cell-start"}
,
{
"node": "d",
"type": "field-start",
"subtype": "eq"}
,
{
"node": "l",
"frag": "[...]",
"id": "P450779.l4df51",
"ref": "P450779.35.3",
"inst": "u",
"f": {"lang": "akk",
"form": "x",
"pos": "u"}
}
,
{
"node": "d",
"type": "field-end",
"subtype": "eq"}
,
{
"node": "d",
"type": "cell-end"}
,
{
"node": "d",
"type": "line-start",
"ref": "P450779.36",
"n": "2'",
"label": "o iii' 2'"}
,
{
"node": "d",
"type": "cell-start"}
,
{
"node": "d",
"type": "field-start",
"subtype": "wp"}
,
{
"node": "l",
"frag": "šeš",
"id": "P450779.l4df52",
"ref": "P450779.36.1",
"inst": "šeš[brother]N",
"sig": "@dcclt%sux:šeš=šeš[brother//brother]N'N$šeš/šeš#~",
"f": {"lang": "sux",
"form": "šeš",
"cf": "šeš",
"gw": "brother",
"sense": "brother",
"norm0": "šeš",
"pos": "N",
"epos": "N",
"base": "šeš",
"morph": "~"}
}
,
{
"node": "l",
"frag": "⸢banda₃⸣",
"id": "P450779.l4df53",
"ref": "P450779.36.2",
"inst": "banda[(to be) junior]V/i",
"sig": "@dcclt%sux:banda₃=banda[junior//(to be) junior]V/i'V/i$banda/banda₃#~",
"f": {"lang": "sux",
"form": "banda₃",
"cf": "banda",
"gw": "junior",
"sense": "(to be) junior",
"norm0": "banda",
"pos": "V/i",
"epos": "V/i",
"base": "banda₃",
"morph": "~"}
}
,
{
"node": "d",
"type": "field-end",
"subtype": "wp"}
,
{
"node": "d",
"type": "cell-end"}
,
{
"node": "d",
"type": "cell-start"}
,
{
"node": "d",
"type": "field-start",
"subtype": "eq"}
,
{
"node": "l",
"frag": "[...]",
"id": "P450779.l4df54",
"ref": "P450779.36.3",
"inst": "u",
"f": {"lang": "akk",
"form": "x",
"pos": "u"}
}
,
{
"node": "d",
"type": "field-end",
"subtype": "eq"}
,
{
"node": "d",
"type": "cell-end"}
,
{
"node": "d",
"type": "line-start",
"ref": "P450779.37",
"n": "3'",
"label": "o iii' 3'"}
,
{
"node": "d",
"type": "cell-start"}
,
{
"node": "d",
"type": "field-start",
"subtype": "wp"}
,
{
"node": "l",
"frag": "šeš-a-ni",
"id": "P450779.l4df55",
"ref": "P450779.37.1",
"inst": "šeš[brother]N",
"sig": "@dcclt%sux:šeš-a-ni=šeš[brother//brother]N'N$šeš,ani/šeš#~,ani",
"f": {"lang": "sux",
"form": "šeš-a-ni",
"cf": "šeš",
"gw": "brother",
"sense": "brother",
"norm0": "šeš,ani",
"pos": "N",
"epos": "N",
"base": "šeš",
"morph": "~,ani"}
}
,
{
"node": "d",
"type": "field-end",
"subtype": "wp"}
,
{
"node": "d",
"type": "cell-end"}
,
{
"node": "d",
"type": "cell-start"}
,
{
"node": "d",
"type": "field-start",
"subtype": "eq"}
,
{
"node": "l",
"frag": "[...]",
"id": "P450779.l4df56",
"ref": "P450779.37.2",
"inst": "u",
"f": {"lang": "akk",
"form": "x",
"pos": "u"}
}
,
{
"node": "d",
"type": "field-end",
"subtype": "eq"}
,
{
"node": "d",
"type": "cell-end"}
,
{
"node": "d",
"type": "line-start",
"ref": "P450779.38",
"n": "4'",
"label": "o iii' 4'"}
,
{
"node": "d",
"type": "cell-start"}
,
{
"node": "d",
"type": "field-start",
"subtype": "wp"}
,
{
"node": "l",
"frag": "⸢nin⸣-a-ni",
"id": "P450779.l4df57",
"ref": "P450779.38.1",
"inst": "nin[sister]N",
"sig": "@dcclt%sux:nin-a-ni=nin[sister//sister]N'N$nin,ani/nin#~,ani",
"f": {"lang": "sux",
"form": "nin-a-ni",
"cf": "nin",
"gw": "sister",
"sense": "sister",
"norm0": "nin,ani",
"pos": "N",
"epos": "N",
"base": "nin",
"morph": "~,ani"}
}
,
{
"node": "d",
"type": "field-end",
"subtype": "wp"}
,
{
"node": "d",
"type": "cell-end"}
,
{
"node": "d",
"type": "cell-start"}
,
{
"node": "d",
"type": "field-start",
"subtype": "eq"}
,
{
"node": "l",
"frag": "[...]",
"id": "P450779.l4df58",
"ref": "P450779.38.2",
"inst": "u",
"f": {"lang": "akk",
"form": "x",
"pos": "u"}
}
,
{
"node": "d",
"type": "field-end",
"subtype": "eq"}
,
{
"node": "d",
"type": "cell-end"}
,
{
"node": "d",
"type": "line-start",
"ref": "P450779.39",
"n": "5'",
"label": "o iii' 5'"}
,
{
"node": "d",
"type": "cell-start"}
,
{
"node": "d",
"type": "field-start",
"subtype": "wp"}
,
{
"node": "l",
"frag": "⸢ad⸣-a-⸢ni⸣",
"id": "P450779.l4df59",
"ref": "P450779.39.1",
"inst": "adda[father]N",
"sig": "@dcclt%sux:ad-a-ni=adda[father//father]N'N$adda,ani/ad#~,ani",
"f": {"lang": "sux",
"form": "ad-a-ni",
"cf": "adda",
"gw": "father",
"sense": "father",
"norm0": "adda,ani",
"pos": "N",
"epos": "N",
"base": "ad",
"morph": "~,ani"}
}
,
{
"node": "d",
"type": "field-end",
"subtype": "wp"}
,
{
"node": "d",
"type": "cell-end"}
,
{
"node": "d",
"type": "cell-start"}
,
{
"node": "d",
"type": "field-start",
"subtype": "eq"}
,
{
"node": "l",
"frag": "[...]",
"id": "P450779.l4df5a",
"ref": "P450779.39.2",
"inst": "u",
"f": {"lang": "akk",
"form": "x",
"pos": "u"}
}
,
{
"node": "d",
"type": "field-end",
"subtype": "eq"}
,
{
"node": "d",
"type": "cell-end"}
,
{
"node": "d",
"type": "line-start",
"ref": "P450779.40",
"n": "6'",
"label": "o iii' 6'"}
,
{
"node": "d",
"type": "cell-start"}
,
{
"node": "d",
"type": "field-start",
"subtype": "wp"}
,
{
"node": "l",
"frag": "⸢ama⸣-a-[ni]",
"id": "P450779.l4df5b",
"ref": "P450779.40.1",
"inst": "ama[mother]N",
"sig": "@dcclt%sux:ama-a-ni=ama[mother//mother]N'N$ama,ani/ama#~,ani",
"f": {"lang": "sux",
"form": "ama-a-ni",
"cf": "ama",
"gw": "mother",
"sense": "mother",
"norm0": "ama,ani",
"pos": "N",
"epos": "N",
"base": "ama",
"morph": "~,ani"}
}
,
{
"node": "d",
"type": "field-end",
"subtype": "wp"}
,
{
"node": "d",
"type": "cell-end"}
,
{
"node": "d",
"type": "cell-start"}
,
{
"node": "d",
"type": "field-start",
"subtype": "eq"}
,
{
"node": "l",
"frag": "[...]",
"id": "P450779.l4df5c",
"ref": "P450779.40.2",
"inst": "u",
"f": {"lang": "akk",
"form": "x",
"pos": "u"}
}
,
{
"node": "d",
"type": "field-end",
"subtype": "eq"}
,
{
"node": "d",
"type": "cell-end"}
,
{
"node": "d",
"type": "line-start",
"ref": "P450779.41",
"n": "7'",
"label": "o iii' 7'"}
,
{
"node": "d",
"type": "cell-start"}
,
{
"node": "d",
"type": "field-start",
"subtype": "wp"}
,
{
"node": "l",
"frag": "⸢lugal⸣-[a-ni]",
"id": "P450779.l4df5d",
"ref": "P450779.41.1",
"inst": "lugal[king]N",
"sig": "@dcclt%sux:lugal-a-ni=lugal[king//king]N'N$lugal,ani/lugal#~,ani",
"f": {"lang": "sux",
"form": "lugal-a-ni",
"cf": "lugal",
"gw": "king",
"sense": "king",
"norm0": "lugal,ani",
"pos": "N",
"epos": "N",
"base": "lugal",
"morph": "~,ani"}
}
,
{
"node": "d",
"type": "field-end",
"subtype": "wp"}
,
{
"node": "d",
"type": "cell-end"}
,
{
"node": "d",
"type": "cell-start"}
,
{
"node": "d",
"type": "field-start",
"subtype": "eq"}
,
{
"node": "l",
"frag": "[...]",
"id": "P450779.l4df5e",
"ref": "P450779.41.2",
"inst": "u",
"f": {"lang": "akk",
"form": "x",
"pos": "u"}
}
,
{
"node": "d",
"type": "field-end",
"subtype": "eq"}
,
{
"node": "d",
"type": "cell-end"}
,
{
"node": "d",
"type": "line-start",
"ref": "P450779.42",
"n": "8'",
"label": "o iii' 8'"}
,
{
"node": "d",
"type": "cell-start"}
,
{
"node": "d",
"type": "field-start",
"subtype": "wp"}
,
{
"node": "l",
"frag": "⸢nin⸣-[a-ni]",
"id": "P450779.l4df5f",
"ref": "P450779.42.1",
"inst": "nin[lady]N",
"sig": "@dcclt%sux:nin-a-ni=nin[lady//lady]N'N$nin,ani/nin#~,ani",
"f": {"lang": "sux",
"form": "nin-a-ni",
"cf": "nin",
"gw": "lady",
"sense": "lady",
"norm0": "nin,ani",
"pos": "N",
"epos": "N",
"base": "nin",
"morph": "~,ani"}
}
,
{
"node": "d",
"type": "field-end",
"subtype": "wp"}
,
{
"node": "d",
"type": "cell-end"}
,
{
"node": "d",
"type": "cell-start"}
,
{
"node": "d",
"type": "field-start",
"subtype": "eq"}
,
{
"node": "l",
"frag": "[...]",
"id": "P450779.l4df60",
"ref": "P450779.42.2",
"inst": "u",
"f": {"lang": "akk",
"form": "x",
"pos": "u"}
}
,
{
"node": "d",
"type": "field-end",
"subtype": "eq"}
,
{
"node": "d",
"type": "cell-end"}
,
{
"node": "d",
"type": "nonx",
"ref": "P450779.43",
"strict": "1",
"extent": "rest",
"scope": "line",
"state": "missing"}
,
{
"node": "d",
"subtype": "reverse",
"type": "surface",
"ref": "P450779.r.44",
"type": "reverse",
"label": "r"}
,
{
"node": "d",
"subtype": "column 1r '",
"type": "column",
"ref": "P450779.r.i_.45",
"n": "1",
"label": "r i'"}
,
{
"node": "d",
"type": "nonx",
"ref": "P450779.46",
"strict": "1",
"extent": "beginning",
"scope": "line",
"state": "missing"}
,
{
"node": "d",
"type": "nonx",
"ref": "P450779.47",
"strict": "0",
"state": "other"}
,
{
"node": "d",
"type": "nonx",
"ref": "P450779.48",
"strict": "1",
"extent": "rest",
"scope": "line",
"state": "missing"}
,
{
"node": "d",
"subtype": "column 2r '",
"type": "column",
"ref": "P450779.r.ii_.49",
"n": "2",
"label": "r ii'"}
,
{
"node": "d",
"type": "nonx",
"ref": "P450779.50",
"strict": "1",
"extent": "beginning",
"scope": "line",
"state": "missing"}
,
{
"node": "d",
"type": "nonx",
"ref": "P450779.51",
"strict": "0",
"state": "other"}
,
{
"node": "d",
"type": "nonx",
"ref": "P450779.52",
"strict": "1",
"extent": "rest",
"scope": "line",
"state": "missing"}
,
{
"node": "d",
"subtype": "column 3r '",
"type": "column",
"ref": "P450779.r.iii_.53",
"n": "3",
"label": "r iii'"}
,
{
"node": "d",
"type": "nonx",
"ref": "P450779.54",
"strict": "1",
"extent": "beginning",
"scope": "line",
"state": "missing"}
,
{
"node": "d",
"type": "nonx",
"ref": "P450779.55",
"strict": "0",
"state": "other"}
,
{
"node": "d",
"type": "nonx",
"ref": "P450779.56",
"strict": "1",
"extent": "rest",
"scope": "line",
"state": "missing"}
,
{
"node": "d",
"subtype": "column 4r '",
"type": "column",
"ref": "P450779.r.iv_.57",
"n": "4",
"label": "r iv'"}
,
{
"node": "d",
"type": "nonx",
"ref": "P450779.58",
"strict": "1",
"extent": "beginning",
"scope": "line",
"state": "missing"}
,
{
"node": "d",
"type": "nonx",
"ref": "P450779.59",
"strict": "0",
"state": "other"}
,
{
"node": "d",
"type": "nonx",
"ref": "P450779.60",
"strict": "1",
"extent": "rest",
"scope": "line",
"state": "missing"}
]}
]}
]}
]}
