{
"type": "cdl",
  "source": "http://oracc.org/dcclt",
  "license": "This data is released under the CC0 license",
  "license-url": "https://creativecommons.org/publicdomain/zero/1.0/",
  "more-info": "http://oracc.org/doc/opendata/",
  "UTC-timestamp": "2017-05-19T18:28:31",
"project": "dcclt",
"textid": "P450863",
"cdl": [
{
"node": "c",
"type": "text",
"id": "P450863.U0",
"cdl": [
{
"node": "d",
"subtype": "tablet",
"type": "object",
"ref": "P450863.x2012.1",
"type": "tablet",
"label": "x2012"}
,
{
"node": "d",
"subtype": "obverse",
"type": "surface",
"ref": "P450863.o.2",
"type": "obverse",
"label": "o"}
,
{
"node": "d",
"type": "nonx",
"ref": "P450863.3",
"strict": "1",
"extent": "beginning",
"scope": "line",
"state": "missing"}
,
{
"node": "c",
"type": "discourse",
"subtype": "body",
"id": "P450863.U1",
"cdl": [
{
"node": "c",
"type": "sentence",
"id": "P450863.U2",
"label": "o 1' - o 6'",
"cdl": [
{
"node": "d",
"type": "line-start",
"ref": "P450863.4",
"n": "1'",
"label": "o 1'"}
,
{
"node": "d",
"type": "cell-start"}
,
{
"node": "d",
"type": "field-start",
"subtype": "wp"}
,
{
"node": "l",
"frag": "⸢maškim⸣",
"id": "P450863.l4ec4e",
"ref": "P450863.4.1",
"inst": "maškim[administrator]N",
"sig": "@dcclt%sux:maškim=maškim[administrator//administrator]N'N$maškim/maškim#~",
"f": {"lang": "sux",
"form": "maškim",
"cf": "maškim",
"gw": "administrator",
"sense": "administrator",
"norm0": "maškim",
"pos": "N",
"epos": "N",
"base": "maškim",
"morph": "~"}
}
,
{
"node": "d",
"type": "field-end",
"subtype": "wp"}
,
{
"node": "d",
"type": "cell-end"}
,
{
"node": "d",
"type": "cell-start"}
,
{
"node": "d",
"type": "field-start",
"subtype": "eq"}
,
{
"node": "l",
"frag": "[...]",
"id": "P450863.l4ec4f",
"ref": "P450863.4.2",
"inst": "u",
"f": {"lang": "akk",
"form": "x",
"pos": "u"}
}
,
{
"node": "d",
"type": "field-end",
"subtype": "eq"}
,
{
"node": "d",
"type": "cell-end"}
,
{
"node": "d",
"type": "line-start",
"ref": "P450863.5",
"n": "2'",
"label": "o 2'"}
,
{
"node": "d",
"type": "cell-start"}
,
{
"node": "d",
"type": "field-start",
"subtype": "wp"}
,
{
"node": "l",
"frag": "[maškim]",
"id": "P450863.l4ec50",
"ref": "P450863.5.1",
"inst": "maškim[administrator]N",
"sig": "@dcclt%sux:maškim=maškim[administrator//administrator]N'N$maškim/maškim#~",
"f": {"lang": "sux",
"form": "maškim",
"cf": "maškim",
"gw": "administrator",
"sense": "administrator",
"norm0": "maškim",
"pos": "N",
"epos": "N",
"base": "maškim",
"morph": "~"}
}
,
{
"node": "l",
"frag": "⸢iri⸣",
"id": "P450863.l4ec51",
"ref": "P450863.5.2",
"inst": "iri[city]N",
"sig": "@dcclt%sux:iri=iri[city//city]N'N$iri/iri#~",
"f": {"lang": "sux",
"form": "iri",
"cf": "iri",
"gw": "city",
"sense": "city",
"norm0": "iri",
"pos": "N",
"epos": "N",
"base": "iri",
"morph": "~"}
}
,
{
"node": "d",
"type": "field-end",
"subtype": "wp"}
,
{
"node": "d",
"type": "cell-end"}
,
{
"node": "d",
"type": "cell-start"}
,
{
"node": "d",
"type": "field-start",
"subtype": "eq"}
,
{
"node": "d",
"type": "nonw",
"ref": "P450863.5.3",
"lang": "akk",
"type": "surro"}
,
{
"node": "l",
"id": "P450863.l4ec52",
"ref": "P450863.5.4",
"inst": "rābiṣu[bailiff]N",
"sig": "@dcclt%akk:ra-bi-ṣu=rābiṣu[lurker//bailiff]N'N$rābiṣu",
"f": {"lang": "akk",
"form": "ra-bi-ṣu",
"cf": "rābiṣu",
"gw": "lurker",
"sense": "bailiff",
"norm": "rābiṣu",
"pos": "N",
"epos": "N"}
}
,
{
"node": "l",
"frag": "a-[li]",
"id": "P450863.l4ec53",
"ref": "P450863.5.5",
"inst": "āli[city]N",
"sig": "@dcclt%akk:a-li=ālu[city//city]N'N$āli",
"f": {"lang": "akk",
"form": "a-li",
"cf": "ālu",
"gw": "city",
"sense": "city",
"norm": "āli",
"pos": "N",
"epos": "N"}
}
,
{
"node": "d",
"type": "field-end",
"subtype": "eq"}
,
{
"node": "d",
"type": "cell-end"}
,
{
"node": "d",
"type": "line-start",
"ref": "P450863.6",
"n": "3'",
"label": "o 3'"}
,
{
"node": "d",
"type": "cell-start"}
,
{
"node": "d",
"type": "field-start",
"subtype": "wp"}
,
{
"node": "l",
"frag": "⸢maškim⸣",
"id": "P450863.l4ec54",
"ref": "P450863.6.1",
"inst": "maškim[administrator]N",
"sig": "@dcclt%sux:maškim=maškim[administrator//administrator]N'N$maškim/maškim#~",
"f": {"lang": "sux",
"form": "maškim",
"cf": "maškim",
"gw": "administrator",
"sense": "administrator",
"norm0": "maškim",
"pos": "N",
"epos": "N",
"base": "maškim",
"morph": "~"}
}
,
{
"node": "l",
"frag": "lugal",
"id": "P450863.l4ec55",
"ref": "P450863.6.2",
"inst": "lugal[king]N",
"sig": "@dcclt%sux:lugal=lugal[king//king]N'N$lugal/lugal#~",
"f": {"lang": "sux",
"form": "lugal",
"cf": "lugal",
"gw": "king",
"sense": "king",
"norm0": "lugal",
"pos": "N",
"epos": "N",
"base": "lugal",
"morph": "~"}
}
,
{
"node": "d",
"type": "field-end",
"subtype": "wp"}
,
{
"node": "d",
"type": "cell-end"}
,
{
"node": "d",
"type": "cell-start"}
,
{
"node": "d",
"type": "field-start",
"subtype": "eq"}
,
{
"node": "d",
"type": "nonw",
"ref": "P450863.6.3",
"lang": "akk",
"type": "surro"}
,
{
"node": "l",
"id": "P450863.l4ec56",
"ref": "P450863.6.4",
"inst": "rābiṣu[bailiff]N",
"sig": "@dcclt%akk:ra-bi-ṣu=rābiṣu[lurker//bailiff]N'N$rābiṣu",
"f": {"lang": "akk",
"form": "ra-bi-ṣu",
"cf": "rābiṣu",
"gw": "lurker",
"sense": "bailiff",
"norm": "rābiṣu",
"pos": "N",
"epos": "N"}
}
,
{
"node": "l",
"frag": "šar-⸢ri⸣",
"id": "P450863.l4ec57",
"ref": "P450863.6.5",
"inst": "šarri[king]N",
"sig": "@dcclt%akk:šar-ri=šarru[king//king]N'N$šarri",
"f": {"lang": "akk",
"form": "šar-ri",
"cf": "šarru",
"gw": "king",
"sense": "king",
"norm": "šarri",
"pos": "N",
"epos": "N"}
}
,
{
"node": "d",
"type": "field-end",
"subtype": "eq"}
,
{
"node": "d",
"type": "cell-end"}
,
{
"node": "d",
"type": "line-start",
"ref": "P450863.7",
"n": "4'",
"label": "o 4'"}
,
{
"node": "d",
"type": "cell-start"}
,
{
"node": "d",
"type": "field-start",
"subtype": "wp"}
,
{
"node": "l",
"frag": "⸢maškim⸣",
"id": "P450863.l4ec58",
"ref": "P450863.7.1",
"inst": "maškim[administrator]N",
"sig": "@dcclt%sux:maškim=maškim[administrator//administrator]N'N$maškim/maškim#~",
"f": {"lang": "sux",
"form": "maškim",
"cf": "maškim",
"gw": "administrator",
"sense": "administrator",
"norm0": "maškim",
"pos": "N",
"epos": "N",
"base": "maškim",
"morph": "~"}
}
,
{
"node": "l",
"frag": "di-kud",
"id": "P450863.l4ec59",
"ref": "P450863.7.2",
"inst": "dikud[judge]N",
"sig": "@dcclt%sux:di-kud=dikud[judge//judge]N'N$dikud/di-kud#~",
"f": {"lang": "sux",
"form": "di-kud",
"cf": "dikud",
"gw": "judge",
"sense": "judge",
"norm0": "dikud",
"pos": "N",
"epos": "N",
"base": "di-kud",
"morph": "~"}
}
,
{
"node": "d",
"type": "field-end",
"subtype": "wp"}
,
{
"node": "d",
"type": "cell-end"}
,
{
"node": "d",
"type": "cell-start"}
,
{
"node": "d",
"type": "field-start",
"subtype": "eq"}
,
{
"node": "d",
"type": "nonw",
"ref": "P450863.7.3",
"lang": "akk",
"type": "surro"}
,
{
"node": "l",
"id": "P450863.l4ec5a",
"ref": "P450863.7.4",
"inst": "rābiṣu[bailiff]N",
"sig": "@dcclt%akk:ra-bi-ṣu=rābiṣu[lurker//bailiff]N'N$rābiṣu",
"f": {"lang": "akk",
"form": "ra-bi-ṣu",
"cf": "rābiṣu",
"gw": "lurker",
"sense": "bailiff",
"norm": "rābiṣu",
"pos": "N",
"epos": "N"}
}
,
{
"node": "l",
"frag": "da-a-⸢a-ni⸣",
"id": "P450863.l4ec5b",
"ref": "P450863.7.5",
"inst": "dayyāni[judge]N",
"sig": "@dcclt%akk:da-a-a-ni=dayyānu[judge//judge]N'N$dayyāni",
"f": {"lang": "akk",
"form": "da-a-a-ni",
"cf": "dayyānu",
"gw": "judge",
"sense": "judge",
"norm": "dayyāni",
"pos": "N",
"epos": "N"}
}
,
{
"node": "d",
"type": "field-end",
"subtype": "eq"}
,
{
"node": "d",
"type": "cell-end"}
,
{
"node": "d",
"type": "line-start",
"ref": "P450863.8",
"n": "5'",
"label": "o 5'"}
,
{
"node": "d",
"type": "cell-start"}
,
{
"node": "d",
"type": "field-start",
"subtype": "wp"}
,
{
"node": "l",
"frag": "⸢maškim⸣-e-ne-ne",
"id": "P450863.l4ec5c",
"ref": "P450863.8.1",
"inst": "maškim[administrator]N",
"sig": "@dcclt%sux:maškim-e-ne-ne=maškim[administrator//administrator]N'N$maškim,ene.ene/maškim#~,ene.ene",
"f": {"lang": "sux",
"form": "maškim-e-ne-ne",
"cf": "maškim",
"gw": "administrator",
"sense": "administrator",
"norm0": "maškim,ene.ene",
"pos": "N",
"epos": "N",
"base": "maškim",
"morph": "~,ene.ene"}
}
,
{
"node": "d",
"type": "field-end",
"subtype": "wp"}
,
{
"node": "d",
"type": "cell-end"}
,
{
"node": "d",
"type": "cell-start"}
,
{
"node": "d",
"type": "field-start",
"subtype": "eq"}
,
{
"node": "d",
"frag": ":",
"type": "nonw",
"ref": "P450863.8.2",
"lang": "akk",
"type": "punct",
"gdl_delim": " "}
,
{
"node": "d",
"type": "nonw",
"ref": "P450863.8.3",
"lang": "akk",
"type": "surro"}
,
{
"node": "l",
"id": "P450863.l4ec5d",
"ref": "P450863.8.4",
"inst": "rābiṣu[bailiff]N",
"sig": "@dcclt%akk:ra-bi-ṣu=rābiṣu[lurker//bailiff]N'N$rābiṣu",
"f": {"lang": "akk",
"form": "ra-bi-ṣu",
"cf": "rābiṣu",
"gw": "lurker",
"sense": "bailiff",
"norm": "rābiṣu",
"pos": "N",
"epos": "N"}
}
,
{
"node": "l",
"frag": "⸢x⸣-[...]",
"id": "P450863.l4ec5e",
"ref": "P450863.8.5",
"inst": "u",
"f": {"lang": "akk",
"form": "x-x",
"pos": "u"}
}
,
{
"node": "d",
"type": "nonw",
"ref": ""}
,
{
"node": "d",
"type": "field-end",
"subtype": "eq"}
,
{
"node": "d",
"type": "cell-end"}
,
{
"node": "d",
"type": "line-start",
"ref": "P450863.9",
"n": "6'",
"label": "o 6'"}
,
{
"node": "d",
"type": "cell-start"}
,
{
"node": "d",
"type": "field-start",
"subtype": "wp"}
,
{
"node": "l",
"frag": "|[MAŠ.EN].KAK|",
"id": "P450863.l4ec5f",
"ref": "P450863.9.1",
"inst": "mašgaʾen[a social status or profession]N",
"sig": "@dcclt%sux:|MAŠ.EN.KAK|=mašgaʾen[status//a social status or profession]N'N$mašgaʾen/|MAŠ.EN.KAK|#~",
"f": {"lang": "sux",
"form": "|MAŠ.EN.KAK|",
"cf": "mašgaʾen",
"gw": "status",
"sense": "a social status or profession",
"norm0": "mašgaʾen",
"pos": "N",
"epos": "N",
"base": "|MAŠ.EN.KAK|",
"morph": "~"}
}
,
{
"node": "d",
"type": "field-end",
"subtype": "wp"}
,
{
"node": "d",
"type": "cell-end"}
,
{
"node": "d",
"type": "cell-start"}
,
{
"node": "d",
"type": "field-start",
"subtype": "eq"}
,
{
"node": "l",
"frag": "⸢muš⸣-[ke-nu]",
"id": "P450863.l4ec60",
"ref": "P450863.9.2",
"inst": "muškēnu[commoner]N",
"sig": "@dcclt%akk:muš-ke-nu=muškēnu[dependant//commoner]N'N$muškēnu",
"f": {"lang": "akk",
"form": "muš-ke-nu",
"cf": "muškēnu",
"gw": "dependant",
"sense": "commoner",
"norm": "muškēnu",
"pos": "N",
"epos": "N"}
}
,
{
"node": "d",
"type": "field-end",
"subtype": "eq"}
,
{
"node": "d",
"type": "cell-end"}
,
{
"node": "d",
"type": "nonx",
"ref": "P450863.10",
"strict": "1",
"extent": "rest",
"scope": "line",
"state": "missing"}
,
{
"node": "d",
"subtype": "reverse",
"type": "surface",
"ref": "P450863.r.11",
"type": "reverse",
"label": "r"}
,
{
"node": "d",
"type": "nonx",
"ref": "P450863.12",
"strict": "1",
"extent": "n",
"scope": "line",
"state": "missing"}
]}
]}
]}
]}
