{
"type": "cdl",
  "source": "http://oracc.org/dcclt",
  "license": "This data is released under the CC0 license",
  "license-url": "https://creativecommons.org/publicdomain/zero/1.0/",
  "more-info": "http://oracc.org/doc/opendata/",
  "UTC-timestamp": "2017-05-19T18:28:31",
"project": "dcclt",
"textid": "P450825",
"cdl": [
{
"node": "c",
"type": "text",
"id": "P450825.U0",
"cdl": [
{
"node": "d",
"subtype": "tablet",
"type": "object",
"ref": "P450825.x1919.1",
"type": "tablet",
"label": "x1919"}
,
{
"node": "d",
"subtype": "obverse",
"type": "surface",
"ref": "P450825.o.2",
"type": "obverse",
"label": "o"}
,
{
"node": "d",
"subtype": "column 1o '",
"type": "column",
"ref": "P450825.o.i_.3",
"n": "1",
"label": "o i'"}
,
{
"node": "d",
"type": "nonx",
"ref": "P450825.4",
"strict": "1",
"extent": "beginning",
"scope": "line",
"state": "missing"}
,
{
"node": "c",
"type": "discourse",
"subtype": "body",
"id": "P450825.U1",
"cdl": [
{
"node": "c",
"type": "sentence",
"id": "P450825.U2",
"label": "o i' 1' - o ii' 10'",
"cdl": [
{
"node": "d",
"type": "line-start",
"ref": "P450825.5",
"n": "1'",
"label": "o i' 1'"}
,
{
"node": "d",
"type": "cell-start"}
,
{
"node": "d",
"type": "field-start",
"subtype": "wp"}
,
{
"node": "l",
"frag": "[šu-ŋar]",
"id": "P450825.l4dda4",
"ref": "P450825.5.1",
"inst": "šuŋar[favor]N",
"sig": "@dcclt%sux:šu-ŋar=šuŋar[favor//favor]N'N$šuŋar/šu-ŋar#~",
"f": {"lang": "sux",
"form": "šu-ŋar",
"cf": "šuŋar",
"gw": "favor",
"sense": "favor",
"norm0": "šuŋar",
"pos": "N",
"epos": "N",
"base": "šu-ŋar",
"morph": "~"}
}
,
{
"node": "l",
"frag": "⸢gi⸣",
"id": "P450825.l4dda5",
"ref": "P450825.5.2",
"inst": "gi[to turn, return]V/i",
"sig": "@dcclt%sux:gi=gi[turn//to turn, return]V/i'V/i$gi/gi#~",
"f": {"lang": "sux",
"form": "gi",
"cf": "gi",
"gw": "turn",
"sense": "to turn, return",
"norm0": "gi",
"pos": "V/i",
"epos": "V/i",
"base": "gi",
"morph": "~"}
}
,
{
"node": "d",
"type": "field-end",
"subtype": "wp"}
,
{
"node": "d",
"type": "cell-end"}
,
{
"node": "d",
"type": "cell-start"}
,
{
"node": "d",
"type": "field-start",
"subtype": "eq"}
,
{
"node": "l",
"frag": "⸢gi⸣-[mil]-⸢lu",
"id": "P450825.l4dda6",
"ref": "P450825.5.3",
"inst": "gimillu[favour]N",
"sig": "@dcclt%akk:gi-mil-lu=gimillu[requital//favour]N'N$gimillu",
"f": {"lang": "akk",
"form": "gi-mil-lu",
"cf": "gimillu",
"gw": "requital",
"sense": "favour",
"norm": "gimillu",
"pos": "N",
"epos": "N"}
}
,
{
"node": "l",
"frag": "tur-ru⸣",
"id": "P450825.l4dda7",
"ref": "P450825.5.4",
"inst": "turru[returning]'N",
"sig": "@dcclt%akk:tur-ru=târu[turn//returning]V'N$turru",
"f": {"lang": "akk",
"form": "tur-ru",
"cf": "târu",
"gw": "turn",
"sense": "returning",
"norm": "turru",
"pos": "V",
"epos": "N"}
}
,
{
"node": "d",
"type": "field-end",
"subtype": "eq"}
,
{
"node": "d",
"type": "cell-end"}
,
{
"node": "d",
"type": "line-start",
"ref": "P450825.6",
"n": "2'",
"label": "o i' 2'"}
,
{
"node": "d",
"type": "cell-start"}
,
{
"node": "d",
"type": "field-start",
"subtype": "wp"}
,
{
"node": "l",
"frag": "[šu-ŋar]-⸢ra⸣",
"id": "P450825.l4dda8",
"ref": "P450825.6.1",
"inst": "šuŋar[favor]N",
"sig": "@dcclt%sux:šu-ŋar-ra=šuŋar[favor//favor]N'N$šuŋar;a/šu-ŋar+-ra=r.a#~;a",
"f": {"lang": "sux",
"form": "šu-ŋar-ra",
"cf": "šuŋar",
"gw": "favor",
"sense": "favor",
"norm0": "šuŋar;a",
"pos": "N",
"epos": "N",
"base": "šu-ŋar",
"cont": "-ra=r.a",
"morph": "~;a"}
}
,
{
"node": "l",
"frag": "ŋa₂",
"id": "P450825.l4dda9",
"ref": "P450825.6.2",
"inst": "ŋar[place]V/t/ŋa₂#~",
"sig": "@dcclt%sux:ŋa₂=ŋar[place//place]V/t'V/t$ŋar/ŋa₂#~",
"f": {"lang": "sux",
"form": "ŋa₂",
"cf": "ŋar",
"gw": "place",
"sense": "place",
"norm0": "ŋar",
"pos": "V/t",
"epos": "V/t",
"base": "ŋa₂",
"morph": "~"}
}
,
{
"node": "d",
"type": "field-end",
"subtype": "wp"}
,
{
"node": "d",
"type": "cell-end"}
,
{
"node": "d",
"type": "cell-start"}
,
{
"node": "d",
"type": "field-start",
"subtype": "eq"}
,
{
"node": "d",
"type": "nonw",
"ref": "P450825.6.3",
"lang": "akk",
"type": "surro"}
,
{
"node": "l",
"id": "P450825.l4ddaa",
"ref": "P450825.6.4",
"inst": "gimillu[favour]N",
"sig": "@dcclt%akk:gi-mil-lu=gimillu[requital//favour]N'N$gimillu",
"f": {"lang": "akk",
"form": "gi-mil-lu",
"cf": "gimillu",
"gw": "requital",
"sense": "favour",
"norm": "gimillu",
"pos": "N",
"epos": "N"}
}
,
{
"node": "l",
"frag": "ša₂-⸢ka-nu⸣",
"id": "P450825.l4ddab",
"ref": "P450825.6.5",
"inst": "šakānu[putting]'N",
"sig": "@dcclt%akk:ša₂-ka-nu=šakānu[put//putting]V'N$šakānu",
"f": {"lang": "akk",
"form": "ša₂-ka-nu",
"cf": "šakānu",
"gw": "put",
"sense": "putting",
"norm": "šakānu",
"pos": "V",
"epos": "N"}
}
,
{
"node": "d",
"type": "field-end",
"subtype": "eq"}
,
{
"node": "d",
"type": "cell-end"}
,
{
"node": "d",
"type": "line-start",
"ref": "P450825.7",
"n": "3'",
"label": "o i' 3'"}
,
{
"node": "d",
"type": "cell-start"}
,
{
"node": "d",
"type": "field-start",
"subtype": "wp"}
,
{
"node": "l",
"frag": "[šu",
"id": "P450825.l4ddac",
"ref": "P450825.7.1",
"inst": "šu[hand]N",
"sig": "@dcclt%sux:šu=šu[hand//hand]N'N$šu/šu#~",
"f": {"lang": "sux",
"form": "šu",
"cf": "šu",
"gw": "hand",
"sense": "hand",
"norm0": "šu",
"pos": "N",
"epos": "N",
"base": "šu",
"morph": "~"}
}
,
{
"node": "l",
"frag": "ab]-⸢dirig⸣",
"id": "P450825.l4ddad",
"ref": "P450825.7.2",
"inst": "dirig[(to be) abundant]V/i",
"sig": "@dcclt%sux:ab-dirig=dirig[exceed//(to be) abundant]V/i'V/i$V.b:dirig/dirig#V.b:~",
"f": {"lang": "sux",
"form": "ab-dirig",
"cf": "dirig",
"gw": "exceed",
"sense": "(to be) abundant",
"norm0": "V.b:dirig",
"pos": "V/i",
"epos": "V/i",
"base": "dirig",
"morph": "V.b:~"}
}
,
{
"node": "d",
"type": "field-end",
"subtype": "wp"}
,
{
"node": "d",
"type": "cell-end"}
,
{
"node": "d",
"type": "cell-start"}
,
{
"node": "d",
"type": "field-start",
"subtype": "eq"}
,
{
"node": "l",
"frag": "u₂-sa-⸢tu⸣",
"id": "P450825.l4ddae",
"ref": "P450825.7.3",
"inst": "usātu[help]N",
"sig": "@dcclt%akk:u₂-sa-tu=usātu[help//help]N'N$usātu",
"f": {"lang": "akk",
"form": "u₂-sa-tu",
"cf": "usātu",
"gw": "help",
"sense": "help",
"norm": "usātu",
"pos": "N",
"epos": "N"}
}
,
{
"node": "d",
"type": "field-end",
"subtype": "eq"}
,
{
"node": "d",
"type": "cell-end"}
,
{
"node": "d",
"type": "line-start",
"ref": "P450825.8",
"n": "4'",
"label": "o i' 4'"}
,
{
"node": "d",
"type": "cell-start"}
,
{
"node": "d",
"type": "field-start",
"subtype": "wp"}
,
{
"node": "l",
"frag": "[šu",
"id": "P450825.l4ddaf",
"ref": "P450825.8.1",
"inst": "šu[hand]N",
"sig": "@dcclt%sux:šu=šu[hand//hand]N'N$šu/šu#~",
"f": {"lang": "sux",
"form": "šu",
"cf": "šu",
"gw": "hand",
"sense": "hand",
"norm0": "šu",
"pos": "N",
"epos": "N",
"base": "šu",
"morph": "~"}
}
,
{
"node": "l",
"frag": "su₃]-ud-⸢da⸣",
"id": "P450825.l4ddb0",
"ref": "P450825.8.2",
"inst": "sud[distant]V/i",
"sig": "@dcclt%sux:su₃-ud-da=sud[distant//(to be) distant]V/i'V/i$sud;a/su₃-ud+-da=d.a#~;a",
"f": {"lang": "sux",
"form": "su₃-ud-da",
"cf": "sud",
"gw": "distant",
"sense": "(to be) distant",
"norm0": "sud;a",
"pos": "V/i",
"epos": "V/i",
"base": "su₃-ud",
"cont": "-da=d.a",
"morph": "~;a"}
}
,
{
"node": "d",
"type": "field-end",
"subtype": "wp"}
,
{
"node": "d",
"type": "cell-end"}
,
{
"node": "d",
"type": "cell-start"}
,
{
"node": "d",
"type": "field-start",
"subtype": "eq"}
,
{
"node": "d",
"type": "nonw",
"ref": "P450825.8.3",
"lang": "akk",
"type": "surro"}
,
{
"node": "l",
"id": "P450825.l4ddb1",
"ref": "P450825.8.4",
"inst": "usātu[help]N",
"sig": "@dcclt%akk:u₂-sa-tu=usātu[help//help]N'N$usātu",
"f": {"lang": "akk",
"form": "u₂-sa-tu",
"cf": "usātu",
"gw": "help",
"sense": "help",
"norm": "usātu",
"pos": "N",
"epos": "N"}
}
,
{
"node": "d",
"type": "field-end",
"subtype": "eq"}
,
{
"node": "d",
"type": "cell-end"}
,
{
"node": "d",
"type": "nonx",
"ref": "P450825.9",
"strict": "1",
"extent": "1",
"scope": "line",
"state": "ruling"}
,
{
"node": "d",
"type": "line-start",
"ref": "P450825.10",
"n": "5'",
"label": "o i' 5'"}
,
{
"node": "d",
"type": "cell-start"}
,
{
"node": "d",
"type": "field-start",
"subtype": "wp"}
,
{
"node": "l",
"frag": "[ba-an]-zal",
"id": "P450825.l4ddb2",
"ref": "P450825.10.1",
"inst": "zal[to pass time]V/t",
"sig": "@dcclt%sux:ba-an-zal=zal[pass//to pass time]V/t'V/t$ba.n:zal/zal#ba.n:~",
"f": {"lang": "sux",
"form": "ba-an-zal",
"cf": "zal",
"gw": "pass",
"sense": "to pass time",
"norm0": "ba.n:zal",
"pos": "V/t",
"epos": "V/t",
"base": "zal",
"morph": "ba.n:~"}
}
,
{
"node": "d",
"type": "field-end",
"subtype": "wp"}
,
{
"node": "d",
"type": "cell-end"}
,
{
"node": "d",
"type": "cell-start"}
,
{
"node": "d",
"type": "field-start",
"subtype": "eq"}
,
{
"node": "l",
"frag": "is-suh",
"id": "P450825.l4ddb3",
"ref": "P450825.10.2",
"inst": "issuh[pass (of time)]V",
"sig": "@dcclt%akk:is-suh=nasāhu[tear out//pass (of time)]V'V$issuh",
"f": {"lang": "akk",
"form": "is-suh",
"cf": "nasāhu",
"gw": "tear out",
"sense": "pass (of time)",
"norm": "issuh",
"pos": "V",
"epos": "V"}
}
,
{
"node": "d",
"type": "field-end",
"subtype": "eq"}
,
{
"node": "d",
"type": "cell-end"}
,
{
"node": "d",
"type": "line-start",
"ref": "P450825.11",
"n": "6'",
"label": "o i' 6'"}
,
{
"node": "d",
"type": "cell-start"}
,
{
"node": "d",
"type": "field-start",
"subtype": "wp"}
,
{
"node": "l",
"frag": "[mu-un-na]-dim₂",
"id": "P450825.l4ddb4",
"ref": "P450825.11.1",
"inst": "dim[create]V/t",
"sig": "@dcclt%sux:mu-un-na-dim₂=dim[create//create]V/t'V/t$mu.na:dim/dim₂#mu.na:~",
"f": {"lang": "sux",
"form": "mu-un-na-dim₂",
"cf": "dim",
"gw": "create",
"sense": "create",
"norm0": "mu.na:dim",
"pos": "V/t",
"epos": "V/t",
"base": "dim₂",
"morph": "mu.na:~"}
}
,
{
"node": "d",
"type": "field-end",
"subtype": "wp"}
,
{
"node": "d",
"type": "cell-end"}
,
{
"node": "d",
"type": "cell-start"}
,
{
"node": "d",
"type": "field-start",
"subtype": "eq"}
,
{
"node": "l",
"frag": "u₂-še-piš",
"id": "P450825.l4ddb5",
"ref": "P450825.11.2",
"inst": "ušēpiš[have (something) manufactured]V",
"sig": "@dcclt%akk:u₂-še-piš=epēšu[do//have (something) manufactured]V'V$ušēpiš",
"f": {"lang": "akk",
"form": "u₂-še-piš",
"cf": "epēšu",
"gw": "do",
"sense": "have (something) manufactured",
"norm": "ušēpiš",
"pos": "V",
"epos": "V"}
}
,
{
"node": "d",
"type": "field-end",
"subtype": "eq"}
,
{
"node": "d",
"type": "cell-end"}
,
{
"node": "d",
"type": "line-start",
"ref": "P450825.12",
"n": "7'",
"label": "o i' 7'"}
,
{
"node": "d",
"type": "cell-start"}
,
{
"node": "d",
"type": "field-start",
"subtype": "wp"}
,
{
"node": "l",
"frag": "⸢šu⸣",
"id": "P450825.l4ddb6",
"ref": "P450825.12.1",
"inst": "šu[hand]N",
"sig": "@dcclt%sux:šu=šu[hand//hand]N'N$šu/šu#~",
"f": {"lang": "sux",
"form": "šu",
"cf": "šu",
"gw": "hand",
"sense": "hand",
"norm0": "šu",
"pos": "N",
"epos": "N",
"base": "šu",
"morph": "~"}
}
,
{
"node": "d",
"type": "field-end",
"subtype": "wp"}
,
{
"node": "d",
"type": "cell-end"}
,
{
"node": "d",
"type": "cell-start"}
,
{
"node": "d",
"type": "field-start",
"subtype": "eq"}
,
{
"node": "l",
"frag": "gi-mil-lu",
"id": "P450825.l4ddb7",
"ref": "P450825.12.2",
"inst": "gimillu[favour]N",
"sig": "@dcclt%akk:gi-mil-lu=gimillu[requital//favour]N'N$gimillu",
"f": {"lang": "akk",
"form": "gi-mil-lu",
"cf": "gimillu",
"gw": "requital",
"sense": "favour",
"norm": "gimillu",
"pos": "N",
"epos": "N"}
}
,
{
"node": "d",
"type": "field-end",
"subtype": "eq"}
,
{
"node": "d",
"type": "cell-end"}
,
{
"node": "d",
"type": "line-start",
"ref": "P450825.13",
"n": "8'",
"label": "o i' 8'"}
,
{
"node": "d",
"type": "cell-start"}
,
{
"node": "d",
"type": "field-start",
"subtype": "wp"}
,
{
"node": "c",
"type": "phrase",
"tag": "phr",
"id": "P450825.U4",
"ref": "P450825.ls00000",
"cdl": [
{
"node": "l",
"frag": "[šu]",
"id": "P450825.l4ddb8",
"ref": "P450825.13.1",
"inst": "šu[hand]N",
"sig": "@dcclt%sux:šu=šu[hand//hand]N'N$šu/šu#~",
"f": {"lang": "sux",
"form": "šu",
"cf": "šu",
"gw": "hand",
"sense": "hand",
"norm0": "šu",
"pos": "N",
"epos": "N",
"base": "šu",
"morph": "~"}
}
,
{
"node": "l",
"frag": "ŋar",
"id": "P450825.l4ddb9",
"ref": "P450825.13.2",
"inst": "ŋar[place]V/t",
"sig": "@dcclt%sux:ŋar=ŋar[place//place]V/t'V/t$ŋar/ŋar#~",
"f": {"lang": "sux",
"form": "ŋar",
"cf": "ŋar",
"gw": "place",
"sense": "place",
"norm0": "ŋar",
"pos": "V/t",
"epos": "V/t",
"base": "ŋar",
"morph": "~"}
}
]}
,
{
"node": "d",
"type": "field-end",
"subtype": "wp"}
,
{
"node": "d",
"type": "cell-end"}
,
{
"node": "d",
"type": "cell-start"}
,
{
"node": "d",
"type": "field-start",
"subtype": "eq"}
,
{
"node": "l",
"frag": "ga-ma-⸢lu⸣",
"id": "P450825.l4ddba",
"ref": "P450825.13.3",
"inst": "gamālu[doing a favour]'N",
"sig": "@dcclt%akk:ga-ma-lu=gamālu[do a favour//doing a favour]V'N$gamālu",
"f": {"lang": "akk",
"form": "ga-ma-lu",
"cf": "gamālu",
"gw": "do a favour",
"sense": "doing a favour",
"norm": "gamālu",
"pos": "V",
"epos": "N"}
}
,
{
"node": "d",
"type": "field-end",
"subtype": "eq"}
,
{
"node": "d",
"type": "cell-end"}
,
{
"node": "d",
"type": "line-start",
"ref": "P450825.14",
"n": "9'",
"label": "o i' 9'"}
,
{
"node": "d",
"type": "cell-start"}
,
{
"node": "d",
"type": "field-start",
"subtype": "wp"}
,
{
"node": "l",
"frag": "[...]",
"id": "P450825.l4ddbb",
"ref": "P450825.14.1",
"inst": "u",
"f": {"lang": "sux",
"form": "x",
"pos": "u"}
}
,
{
"node": "d",
"type": "field-end",
"subtype": "wp"}
,
{
"node": "d",
"type": "cell-end"}
,
{
"node": "d",
"type": "cell-start"}
,
{
"node": "d",
"type": "field-start",
"subtype": "eq"}
,
{
"node": "l",
"frag": "⸢gi⸣-[mil]-⸢lu",
"id": "P450825.l4ddbc",
"ref": "P450825.14.2",
"inst": "gimillu[favour]N",
"sig": "@dcclt%akk:gi-mil-lu=gimillu[requital//favour]N'N$gimillu",
"f": {"lang": "akk",
"form": "gi-mil-lu",
"cf": "gimillu",
"gw": "requital",
"sense": "favour",
"norm": "gimillu",
"pos": "N",
"epos": "N"}
}
,
{
"node": "l",
"frag": "tur⸣-ru",
"id": "P450825.l4ddbd",
"ref": "P450825.14.3",
"inst": "turru[returning]'N",
"sig": "@dcclt%akk:tur-ru=târu[turn//returning]V'N$turru",
"f": {"lang": "akk",
"form": "tur-ru",
"cf": "târu",
"gw": "turn",
"sense": "returning",
"norm": "turru",
"pos": "V",
"epos": "N"}
}
,
{
"node": "d",
"type": "field-end",
"subtype": "eq"}
,
{
"node": "d",
"type": "cell-end"}
,
{
"node": "d",
"type": "line-start",
"ref": "P450825.15",
"n": "10'",
"label": "o i' 10'"}
,
{
"node": "d",
"type": "cell-start"}
,
{
"node": "d",
"type": "field-start",
"subtype": "wp"}
,
{
"node": "l",
"frag": "[...]",
"id": "P450825.l4ddbe",
"ref": "P450825.15.1",
"inst": "u",
"f": {"lang": "sux",
"form": "x",
"pos": "u"}
}
,
{
"node": "d",
"type": "field-end",
"subtype": "wp"}
,
{
"node": "d",
"type": "cell-end"}
,
{
"node": "d",
"type": "cell-start"}
,
{
"node": "d",
"type": "field-start",
"subtype": "eq"}
,
{
"node": "d",
"type": "nonw",
"ref": "P450825.15.2",
"lang": "akk",
"type": "surro"}
,
{
"node": "l",
"id": "P450825.l4ddbf",
"ref": "P450825.15.3",
"inst": "gimillu[favour]N",
"sig": "@dcclt%akk:gi-mil-lu=gimillu[requital//favour]N'N$gimillu",
"f": {"lang": "akk",
"form": "gi-mil-lu",
"cf": "gimillu",
"gw": "requital",
"sense": "favour",
"norm": "gimillu",
"pos": "N",
"epos": "N"}
}
,
{
"node": "l",
"frag": "⸢ša₂⸣-ka-nu",
"id": "P450825.l4ddc0",
"ref": "P450825.15.4",
"inst": "šakānu[putting]'N",
"sig": "@dcclt%akk:ša₂-ka-nu=šakānu[put//putting]V'N$šakānu",
"f": {"lang": "akk",
"form": "ša₂-ka-nu",
"cf": "šakānu",
"gw": "put",
"sense": "putting",
"norm": "šakānu",
"pos": "V",
"epos": "N"}
}
,
{
"node": "d",
"type": "field-end",
"subtype": "eq"}
,
{
"node": "d",
"type": "cell-end"}
,
{
"node": "d",
"type": "nonx",
"ref": "P450825.16",
"strict": "1",
"extent": "rest",
"scope": "line",
"state": "missing"}
,
{
"node": "d",
"subtype": "column 2o '",
"type": "column",
"ref": "P450825.o.ii_.17",
"n": "2",
"label": "o ii'"}
,
{
"node": "d",
"type": "nonx",
"ref": "P450825.18",
"strict": "1",
"extent": "beginning",
"scope": "line",
"state": "missing"}
,
{
"node": "d",
"type": "line-start",
"ref": "P450825.19",
"n": "1'",
"label": "o ii' 1'"}
,
{
"node": "d",
"type": "cell-start"}
,
{
"node": "d",
"type": "field-start",
"subtype": "wp"}
,
{
"node": "d",
"type": "nonw",
"ref": ""}
,
{
"node": "l",
"frag": "[šu]",
"id": "P450825.l4ddc1",
"ref": "P450825.19.1",
"inst": "šu[hand]N",
"sig": "@dcclt%sux:šu=šu[hand//hand]N'N$šu/šu#~",
"f": {"lang": "sux",
"form": "šu",
"cf": "šu",
"gw": "hand",
"sense": "hand",
"norm0": "šu",
"pos": "N",
"epos": "N",
"base": "šu",
"morph": "~"}
}
,
{
"node": "d",
"type": "field-end",
"subtype": "wp"}
,
{
"node": "d",
"type": "cell-end"}
,
{
"node": "d",
"type": "cell-start"}
,
{
"node": "d",
"type": "field-start",
"subtype": "eq"}
,
{
"node": "l",
"frag": "[...]",
"id": "P450825.l4ddc2",
"ref": "P450825.19.2",
"inst": "u",
"f": {"lang": "akk",
"form": "x",
"pos": "u"}
}
,
{
"node": "d",
"type": "field-end",
"subtype": "eq"}
,
{
"node": "d",
"type": "cell-end"}
,
{
"node": "d",
"type": "line-start",
"ref": "P450825.20",
"n": "2'",
"label": "o ii' 2'"}
,
{
"node": "d",
"type": "cell-start"}
,
{
"node": "d",
"type": "field-start",
"subtype": "wp"}
,
{
"node": "c",
"type": "phrase",
"tag": "phr",
"id": "P450825.U5",
"ref": "P450825.ls00001",
"cdl": [
{
"node": "l",
"frag": "šu",
"id": "P450825.l4ddc3",
"ref": "P450825.20.1",
"inst": "šu[hand]N",
"sig": "@dcclt%sux:šu=šu[hand//hand]N'N$šu/šu#~",
"f": {"lang": "sux",
"form": "šu",
"cf": "šu",
"gw": "hand",
"sense": "hand",
"norm0": "šu",
"pos": "N",
"epos": "N",
"base": "šu",
"morph": "~"}
}
,
{
"node": "l",
"frag": "ŋar",
"id": "P450825.l4ddc4",
"ref": "P450825.20.2",
"inst": "ŋar[place]V/t",
"sig": "@dcclt%sux:ŋar=ŋar[place//place]V/t'V/t$ŋar/ŋar#~",
"f": {"lang": "sux",
"form": "ŋar",
"cf": "ŋar",
"gw": "place",
"sense": "place",
"norm0": "ŋar",
"pos": "V/t",
"epos": "V/t",
"base": "ŋar",
"morph": "~"}
}
]}
,
{
"node": "d",
"type": "field-end",
"subtype": "wp"}
,
{
"node": "d",
"type": "cell-end"}
,
{
"node": "d",
"type": "cell-start"}
,
{
"node": "d",
"type": "field-start",
"subtype": "eq"}
,
{
"node": "l",
"frag": "⸢ga⸣-[ma-lu]",
"id": "P450825.l4ddc5",
"ref": "P450825.20.3",
"inst": "gamālu[doing a favour]'N",
"sig": "@dcclt%akk:ga-ma-lu=gamālu[do a favour//doing a favour]V'N$gamālu",
"f": {"lang": "akk",
"form": "ga-ma-lu",
"cf": "gamālu",
"gw": "do a favour",
"sense": "doing a favour",
"norm": "gamālu",
"pos": "V",
"epos": "N"}
}
,
{
"node": "d",
"type": "field-end",
"subtype": "eq"}
,
{
"node": "d",
"type": "cell-end"}
,
{
"node": "d",
"type": "line-start",
"ref": "P450825.21",
"n": "3'",
"label": "o ii' 3'"}
,
{
"node": "d",
"type": "cell-start"}
,
{
"node": "d",
"type": "field-start",
"subtype": "wp"}
,
{
"node": "l",
"frag": "šu-ŋar",
"id": "P450825.l4ddc6",
"ref": "P450825.21.1",
"inst": "šuŋar[favor]N",
"sig": "@dcclt%sux:šu-ŋar=šuŋar[favor//favor]N'N$šuŋar/šu-ŋar#~",
"f": {"lang": "sux",
"form": "šu-ŋar",
"cf": "šuŋar",
"gw": "favor",
"sense": "favor",
"norm0": "šuŋar",
"pos": "N",
"epos": "N",
"base": "šu-ŋar",
"morph": "~"}
}
,
{
"node": "l",
"frag": "gi",
"id": "P450825.l4ddc7",
"ref": "P450825.21.2",
"inst": "gi[to turn, return]V/i",
"sig": "@dcclt%sux:gi=gi[turn//to turn, return]V/i'V/i$gi/gi#~",
"f": {"lang": "sux",
"form": "gi",
"cf": "gi",
"gw": "turn",
"sense": "to turn, return",
"norm0": "gi",
"pos": "V/i",
"epos": "V/i",
"base": "gi",
"morph": "~"}
}
,
{
"node": "d",
"type": "field-end",
"subtype": "wp"}
,
{
"node": "d",
"type": "cell-end"}
,
{
"node": "d",
"type": "cell-start"}
,
{
"node": "d",
"type": "field-start",
"subtype": "eq"}
,
{
"node": "l",
"frag": "⸢gi⸣-[mil-lu",
"id": "P450825.l4ddc8",
"ref": "P450825.21.3",
"inst": "gimillu[favour]N",
"sig": "@dcclt%akk:gi-mil-lu=gimillu[requital//favour]N'N$gimillu",
"f": {"lang": "akk",
"form": "gi-mil-lu",
"cf": "gimillu",
"gw": "requital",
"sense": "favour",
"norm": "gimillu",
"pos": "N",
"epos": "N"}
}
,
{
"node": "l",
"frag": "...]",
"id": "P450825.l4ddc9",
"ref": "P450825.21.4",
"inst": "u",
"f": {"lang": "akk",
"form": "x",
"pos": "u"}
}
,
{
"node": "d",
"type": "field-end",
"subtype": "eq"}
,
{
"node": "d",
"type": "cell-end"}
,
{
"node": "d",
"type": "line-start",
"ref": "P450825.22",
"n": "4'",
"label": "o ii' 4'"}
,
{
"node": "d",
"type": "cell-start"}
,
{
"node": "d",
"type": "field-start",
"subtype": "wp"}
,
{
"node": "l",
"frag": "šu-ŋar-⸢ra⸣",
"id": "P450825.l4ddca",
"ref": "P450825.22.1",
"inst": "šuŋar[favor]N",
"sig": "@dcclt%sux:šu-ŋar-ra=šuŋar[favor//favor]N'N$šuŋar;a/šu-ŋar+-ra=r.a#~;a",
"f": {"lang": "sux",
"form": "šu-ŋar-ra",
"cf": "šuŋar",
"gw": "favor",
"sense": "favor",
"norm0": "šuŋar;a",
"pos": "N",
"epos": "N",
"base": "šu-ŋar",
"cont": "-ra=r.a",
"morph": "~;a"}
}
,
{
"node": "l",
"frag": "ŋa₂",
"id": "P450825.l4ddcb",
"ref": "P450825.22.2",
"inst": "ŋar[place]V/t",
"sig": "@dcclt%sux:ŋa₂=ŋar[place//place]V/t'V/t$ŋar/ŋa₂#~",
"f": {"lang": "sux",
"form": "ŋa₂",
"cf": "ŋar",
"gw": "place",
"sense": "place",
"norm0": "ŋar",
"pos": "V/t",
"epos": "V/t",
"base": "ŋa₂",
"morph": "~"}
}
,
{
"node": "d",
"type": "field-end",
"subtype": "wp"}
,
{
"node": "d",
"type": "cell-end"}
,
{
"node": "d",
"type": "cell-start"}
,
{
"node": "d",
"type": "field-start",
"subtype": "eq"}
,
{
"node": "d",
"type": "nonw",
"ref": "P450825.22.3",
"lang": "akk",
"type": "surro"}
,
{
"node": "l",
"id": "P450825.l4ddcc",
"ref": "P450825.22.4",
"inst": "gimillu[favour]N",
"sig": "@dcclt%akk:gi-mil-lu=gimillu[requital//favour]N'N$gimillu",
"f": {"lang": "akk",
"form": "gi-mil-lu",
"cf": "gimillu",
"gw": "requital",
"sense": "favour",
"norm": "gimillu",
"pos": "N",
"epos": "N"}
}
,
{
"node": "l",
"frag": "[...]",
"id": "P450825.l4ddcd",
"ref": "P450825.22.5",
"inst": "u",
"f": {"lang": "akk",
"form": "x",
"pos": "u"}
}
,
{
"node": "d",
"type": "field-end",
"subtype": "eq"}
,
{
"node": "d",
"type": "cell-end"}
,
{
"node": "d",
"type": "line-start",
"ref": "P450825.23",
"n": "5'",
"label": "o ii' 5'"}
,
{
"node": "d",
"type": "cell-start"}
,
{
"node": "d",
"type": "field-start",
"subtype": "wp"}
,
{
"node": "l",
"frag": "⸢šu⸣",
"id": "P450825.l4ddce",
"ref": "P450825.23.1",
"inst": "šu[hand]N",
"sig": "@dcclt%sux:šu=šu[hand//hand]N'N$šu/šu#~",
"f": {"lang": "sux",
"form": "šu",
"cf": "šu",
"gw": "hand",
"sense": "hand",
"norm0": "šu",
"pos": "N",
"epos": "N",
"base": "šu",
"morph": "~"}
}
,
{
"node": "l",
"frag": "ab-⸢dirig",
"id": "P450825.l4ddcf",
"ref": "P450825.23.2",
"inst": "dirig[(to be) abundant]V/i",
"sig": "@dcclt%sux:ab-dirig=dirig[exceed//(to be) abundant]V/i'V/i$V.b:dirig/dirig#V.b:~",
"f": {"lang": "sux",
"form": "ab-dirig",
"cf": "dirig",
"gw": "exceed",
"sense": "(to be) abundant",
"norm0": "V.b:dirig",
"pos": "V/i",
"epos": "V/i",
"base": "dirig",
"morph": "V.b:~"}
}
,
{
"node": "l",
"frag": "x⸣",
"id": "P450825.l4ddd0",
"ref": "P450825.23.3",
"inst": "u",
"f": {"lang": "sux",
"form": "x",
"pos": "u"}
}
,
{
"node": "d",
"type": "field-end",
"subtype": "wp"}
,
{
"node": "d",
"type": "cell-end"}
,
{
"node": "d",
"type": "cell-start"}
,
{
"node": "d",
"type": "field-start",
"subtype": "eq"}
,
{
"node": "l",
"frag": "u₂-[sa-tu]",
"id": "P450825.l4ddd1",
"ref": "P450825.23.4",
"inst": "usātu[help]N",
"sig": "@dcclt%akk:u₂-sa-tu=usātu[help//help]N'N$usātu",
"f": {"lang": "akk",
"form": "u₂-sa-tu",
"cf": "usātu",
"gw": "help",
"sense": "help",
"norm": "usātu",
"pos": "N",
"epos": "N"}
}
,
{
"node": "d",
"type": "field-end",
"subtype": "eq"}
,
{
"node": "d",
"type": "cell-end"}
,
{
"node": "d",
"type": "line-start",
"ref": "P450825.24",
"n": "6'",
"label": "o ii' 6'"}
,
{
"node": "d",
"type": "cell-start"}
,
{
"node": "d",
"type": "field-start",
"subtype": "wp"}
,
{
"node": "l",
"frag": "⸢šu⸣",
"id": "P450825.l4ddd2",
"ref": "P450825.24.1",
"inst": "šu[hand]N",
"sig": "@dcclt%sux:šu=šu[hand//hand]N'N$šu/šu#~",
"f": {"lang": "sux",
"form": "šu",
"cf": "šu",
"gw": "hand",
"sense": "hand",
"norm0": "šu",
"pos": "N",
"epos": "N",
"base": "šu",
"morph": "~"}
}
,
{
"node": "l",
"frag": "su₃-ud-da",
"id": "P450825.l4ddd3",
"ref": "P450825.24.2",
"inst": "sud[distant]V/i",
"sig": "@dcclt%sux:su₃-ud-da=sud[distant//(to be) distant]V/i'V/i$sud;a/su₃-ud+-da=d.a#~;a",
"f": {"lang": "sux",
"form": "su₃-ud-da",
"cf": "sud",
"gw": "distant",
"sense": "(to be) distant",
"norm0": "sud;a",
"pos": "V/i",
"epos": "V/i",
"base": "su₃-ud",
"cont": "-da=d.a",
"morph": "~;a"}
}
,
{
"node": "d",
"type": "field-end",
"subtype": "wp"}
,
{
"node": "d",
"type": "cell-end"}
,
{
"node": "d",
"type": "cell-start"}
,
{
"node": "d",
"type": "field-start",
"subtype": "eq"}
,
{
"node": "d",
"type": "nonw",
"ref": "P450825.24.3",
"lang": "akk",
"type": "surro"}
,
{
"node": "l",
"id": "P450825.l4ddd4",
"ref": "P450825.24.4",
"inst": "usātu[help]N",
"sig": "@dcclt%akk:u₂-sa-tu=usātu[help//help]N'N$usātu",
"f": {"lang": "akk",
"form": "u₂-sa-tu",
"cf": "usātu",
"gw": "help",
"sense": "help",
"norm": "usātu",
"pos": "N",
"epos": "N"}
}
,
{
"node": "d",
"type": "field-end",
"subtype": "eq"}
,
{
"node": "d",
"type": "cell-end"}
,
{
"node": "d",
"type": "nonx",
"ref": "P450825.25",
"strict": "1",
"extent": "1",
"scope": "line",
"state": "ruling"}
,
{
"node": "d",
"type": "line-start",
"ref": "P450825.26",
"n": "7'",
"label": "o ii' 7'"}
,
{
"node": "d",
"type": "cell-start"}
,
{
"node": "d",
"type": "field-start",
"subtype": "wp"}
,
{
"node": "l",
"frag": "⸢ba⸣-an-zal",
"id": "P450825.l4ddd5",
"ref": "P450825.26.1",
"inst": "zal[to pass time]V/t",
"sig": "@dcclt%sux:ba-an-zal=zal[pass//to pass time]V/t'V/t$ba.n:zal/zal#ba.n:~",
"f": {"lang": "sux",
"form": "ba-an-zal",
"cf": "zal",
"gw": "pass",
"sense": "to pass time",
"norm0": "ba.n:zal",
"pos": "V/t",
"epos": "V/t",
"base": "zal",
"morph": "ba.n:~"}
}
,
{
"node": "d",
"type": "field-end",
"subtype": "wp"}
,
{
"node": "d",
"type": "cell-end"}
,
{
"node": "d",
"type": "cell-start"}
,
{
"node": "d",
"type": "field-start",
"subtype": "eq"}
,
{
"node": "l",
"frag": "is-⸢suh⸣",
"id": "P450825.l4ddd6",
"ref": "P450825.26.2",
"inst": "issuh[pass (of time)]V",
"sig": "@dcclt%akk:is-suh=nasāhu[tear out//pass (of time)]V'V$issuh",
"f": {"lang": "akk",
"form": "is-suh",
"cf": "nasāhu",
"gw": "tear out",
"sense": "pass (of time)",
"norm": "issuh",
"pos": "V",
"epos": "V"}
}
,
{
"node": "d",
"type": "field-end",
"subtype": "eq"}
,
{
"node": "d",
"type": "cell-end"}
,
{
"node": "d",
"type": "line-start",
"ref": "P450825.27",
"n": "8'",
"label": "o ii' 8'"}
,
{
"node": "d",
"type": "cell-start"}
,
{
"node": "d",
"type": "field-start",
"subtype": "wp"}
,
{
"node": "l",
"frag": "⸢mu⸣-un-na-⸢dim₂⸣",
"id": "P450825.l4ddd7",
"ref": "P450825.27.1",
"inst": "dim[create]V/t",
"sig": "@dcclt%sux:mu-un-na-dim₂=dim[create//create]V/t'V/t$mu.na:dim/dim₂#mu.na:~",
"f": {"lang": "sux",
"form": "mu-un-na-dim₂",
"cf": "dim",
"gw": "create",
"sense": "create",
"norm0": "mu.na:dim",
"pos": "V/t",
"epos": "V/t",
"base": "dim₂",
"morph": "mu.na:~"}
}
,
{
"node": "d",
"type": "field-end",
"subtype": "wp"}
,
{
"node": "d",
"type": "cell-end"}
,
{
"node": "d",
"type": "cell-start"}
,
{
"node": "d",
"type": "field-start",
"subtype": "eq"}
,
{
"node": "l",
"frag": "u₂-še-⸢piš⸣",
"id": "P450825.l4ddd8",
"ref": "P450825.27.2",
"inst": "ušēpiš[have (something) manufactured]V",
"sig": "@dcclt%akk:u₂-še-piš=epēšu[do//have (something) manufactured]V'V$ušēpiš",
"f": {"lang": "akk",
"form": "u₂-še-piš",
"cf": "epēšu",
"gw": "do",
"sense": "have (something) manufactured",
"norm": "ušēpiš",
"pos": "V",
"epos": "V"}
}
,
{
"node": "d",
"type": "field-end",
"subtype": "eq"}
,
{
"node": "d",
"type": "cell-end"}
,
{
"node": "d",
"type": "line-start",
"ref": "P450825.28",
"n": "9'",
"label": "o ii' 9'"}
,
{
"node": "d",
"type": "cell-start"}
,
{
"node": "d",
"type": "field-start",
"subtype": "wp"}
,
{
"node": "l",
"frag": "⸢šu⸣",
"id": "P450825.l4ddd9",
"ref": "P450825.28.1",
"inst": "šu[hand]N",
"sig": "@dcclt%sux:šu=šu[hand//hand]N'N$šu/šu#~",
"f": {"lang": "sux",
"form": "šu",
"cf": "šu",
"gw": "hand",
"sense": "hand",
"norm0": "šu",
"pos": "N",
"epos": "N",
"base": "šu",
"morph": "~"}
}
,
{
"node": "d",
"type": "field-end",
"subtype": "wp"}
,
{
"node": "d",
"type": "cell-end"}
,
{
"node": "d",
"type": "cell-start"}
,
{
"node": "d",
"type": "field-start",
"subtype": "eq"}
,
{
"node": "l",
"frag": "gi-⸢mil⸣-[lu]",
"id": "P450825.l4ddda",
"ref": "P450825.28.2",
"inst": "gimillu[favour]N",
"sig": "@dcclt%akk:gi-mil-lu=gimillu[requital//favour]N'N$gimillu",
"f": {"lang": "akk",
"form": "gi-mil-lu",
"cf": "gimillu",
"gw": "requital",
"sense": "favour",
"norm": "gimillu",
"pos": "N",
"epos": "N"}
}
,
{
"node": "d",
"type": "field-end",
"subtype": "eq"}
,
{
"node": "d",
"type": "cell-end"}
,
{
"node": "d",
"type": "line-start",
"ref": "P450825.29",
"n": "10'",
"label": "o ii' 10'"}
,
{
"node": "d",
"type": "cell-start"}
,
{
"node": "d",
"type": "field-start",
"subtype": "wp"}
,
{
"node": "c",
"type": "phrase",
"tag": "phr",
"id": "P450825.U6",
"ref": "P450825.ls00002",
"cdl": [
{
"node": "l",
"frag": "[šu]",
"id": "P450825.l4dddb",
"ref": "P450825.29.1",
"inst": "šu[hand]N",
"sig": "@dcclt%sux:šu=šu[hand//hand]N'N$šu/šu#~",
"f": {"lang": "sux",
"form": "šu",
"cf": "šu",
"gw": "hand",
"sense": "hand",
"norm0": "šu",
"pos": "N",
"epos": "N",
"base": "šu",
"morph": "~"}
}
,
{
"node": "l",
"frag": "⸢ŋar⸣",
"id": "P450825.l4dddc",
"ref": "P450825.29.2",
"inst": "ŋar[place]V/t",
"sig": "@dcclt%sux:ŋar=ŋar[place//place]V/t'V/t$ŋar/ŋar#~",
"f": {"lang": "sux",
"form": "ŋar",
"cf": "ŋar",
"gw": "place",
"sense": "place",
"norm0": "ŋar",
"pos": "V/t",
"epos": "V/t",
"base": "ŋar",
"morph": "~"}
}
]}
,
{
"node": "d",
"type": "field-end",
"subtype": "wp"}
,
{
"node": "d",
"type": "cell-end"}
,
{
"node": "d",
"type": "cell-start"}
,
{
"node": "d",
"type": "field-start",
"subtype": "eq"}
,
{
"node": "l",
"frag": "⸢ga⸣-ma-lu",
"id": "P450825.l4dddd",
"ref": "P450825.29.3",
"inst": "gamālu[doing a favour]'N",
"sig": "@dcclt%akk:ga-ma-lu=gamālu[do a favour//doing a favour]V'N$gamālu",
"f": {"lang": "akk",
"form": "ga-ma-lu",
"cf": "gamālu",
"gw": "do a favour",
"sense": "doing a favour",
"norm": "gamālu",
"pos": "V",
"epos": "N"}
}
,
{
"node": "d",
"type": "nonw",
"ref": ""}
,
{
"node": "d",
"type": "field-end",
"subtype": "eq"}
,
{
"node": "d",
"type": "cell-end"}
,
{
"node": "d",
"type": "nonx",
"ref": "P450825.30",
"strict": "1",
"extent": "rest",
"scope": "line",
"state": "missing"}
,
{
"node": "d",
"subtype": "reverse",
"type": "surface",
"ref": "P450825.r.31",
"type": "reverse",
"label": "r"}
,
{
"node": "d",
"subtype": "column 1r '",
"type": "column",
"ref": "P450825.r.i_.32",
"n": "1",
"label": "r i'"}
,
{
"node": "d",
"type": "nonx",
"ref": "P450825.33",
"strict": "1",
"extent": "beginning",
"scope": "line",
"state": "missing"}
,
{
"node": "d",
"type": "nonx",
"ref": "P450825.34",
"strict": "0",
"state": "other"}
,
{
"node": "d",
"type": "nonx",
"ref": "P450825.35",
"strict": "1",
"extent": "rest",
"scope": "line",
"state": "missing"}
,
{
"node": "d",
"subtype": "column 2r '",
"type": "column",
"ref": "P450825.r.ii_.36",
"n": "2",
"label": "r ii'"}
,
{
"node": "d",
"type": "nonx",
"ref": "P450825.37",
"strict": "1",
"extent": "beginning",
"scope": "line",
"state": "missing"}
,
{
"node": "d",
"type": "nonx",
"ref": "P450825.38",
"strict": "0",
"state": "other"}
,
{
"node": "d",
"type": "nonx",
"ref": "P450825.39",
"strict": "1",
"extent": "rest",
"scope": "line",
"state": "missing"}
,
{
"node": "d",
"subtype": "column 3r '",
"type": "column",
"ref": "P450825.r.iii_.40",
"n": "3",
"label": "r iii'"}
,
{
"node": "d",
"type": "nonx",
"ref": "P450825.41",
"strict": "1",
"extent": "beginning",
"scope": "line",
"state": "missing"}
,
{
"node": "d",
"type": "nonx",
"ref": "P450825.42",
"strict": "0",
"state": "other"}
,
{
"node": "d",
"type": "nonx",
"ref": "P450825.43",
"strict": "1",
"extent": "rest",
"scope": "line",
"state": "missing"}
]}
]}
]}
,
{
"linkbase": [{
"type": "linkset",
"xlink_title": "šu ŋar[spare//to spare]V/t'V/t",
"id": "P450825.ls00000",
"xlink_type": "extended",
"xlink_role": "psu",
"sig": "{šu ŋar = šu[hand]N ŋar[place]V/t += šu ŋar[spare//to spare]V/t'V/t}::@dcclt%sux:šu=šu[hand//hand]N'N$šu/šu#~++@dcclt%sux:ŋar=ŋar[place//place]V/t'V/t$ŋar/ŋar#~",
"links": [
{
"type": "link",
"xlink_title": "šu",
"xlink_type": "locator",
"xlink_href": "#P450825.l4ddb8",
"xlink_role": "elt"}
,
{
"type": "link",
"xlink_title": "ŋar",
"xlink_type": "locator",
"xlink_href": "#P450825.l4ddb9",
"xlink_role": "elt"}
]}
,
{
"type": "linkset",
"xlink_title": "šu ŋar[spare//to spare]V/t'V/t",
"id": "P450825.ls00001",
"xlink_type": "extended",
"xlink_role": "psu",
"sig": "{šu ŋar = šu[hand]N ŋar[place]V/t += šu ŋar[spare//to spare]V/t'V/t}::@dcclt%sux:šu=šu[hand//hand]N'N$šu/šu#~++@dcclt%sux:ŋar=ŋar[place//place]V/t'V/t$ŋar/ŋar#~",
"links": [
{
"type": "link",
"xlink_title": "šu",
"xlink_type": "locator",
"xlink_href": "#P450825.l4ddc3",
"xlink_role": "elt"}
,
{
"type": "link",
"xlink_title": "ŋar",
"xlink_type": "locator",
"xlink_href": "#P450825.l4ddc4",
"xlink_role": "elt"}
]}
,
{
"type": "linkset",
"xlink_title": "šu ŋar[spare//to spare]V/t'V/t",
"id": "P450825.ls00002",
"xlink_type": "extended",
"xlink_role": "psu",
"sig": "{šu ŋar = šu[hand]N ŋar[place]V/t += šu ŋar[spare//to spare]V/t'V/t}::@dcclt%sux:šu=šu[hand//hand]N'N$šu/šu#~++@dcclt%sux:ŋar=ŋar[place//place]V/t'V/t$ŋar/ŋar#~",
"links": [
{
"type": "link",
"xlink_title": "šu",
"xlink_type": "locator",
"xlink_href": "#P450825.l4dddb",
"xlink_role": "elt"}
,
{
"type": "link",
"xlink_title": "ŋar",
"xlink_type": "locator",
"xlink_href": "#P450825.l4dddc",
"xlink_role": "elt"}
]}
]}
]}
