{
"type": "cdl",
  "source": "http://oracc.org/dcclt",
  "license": "This data is released under the CC0 license",
  "license-url": "https://creativecommons.org/publicdomain/zero/1.0/",
  "more-info": "http://oracc.org/doc/opendata/",
  "UTC-timestamp": "2017-05-19T18:28:28",
"project": "dcclt",
"textid": "P450776",
"cdl": [
{
"node": "c",
"type": "text",
"id": "P450776.U0",
"cdl": [
{
"node": "d",
"subtype": "tablet",
"type": "object",
"ref": "P450776.x1946.1",
"type": "tablet",
"label": "x1946"}
,
{
"node": "d",
"subtype": "obverse",
"type": "surface",
"ref": "P450776.o.2",
"type": "obverse",
"label": "o"}
,
{
"node": "d",
"subtype": "column 1o '",
"type": "column",
"ref": "P450776.o.i_.3",
"n": "1",
"label": "o i'"}
,
{
"node": "d",
"type": "nonx",
"ref": "P450776.4",
"strict": "1",
"extent": "beginning",
"scope": "line",
"state": "missing"}
,
{
"node": "d",
"type": "nonx",
"ref": "P450776.5",
"strict": "0",
"state": "other"}
,
{
"node": "d",
"type": "nonx",
"ref": "P450776.6",
"strict": "1",
"extent": "rest",
"scope": "line",
"state": "missing"}
,
{
"node": "d",
"subtype": "column 2o '",
"type": "column",
"ref": "P450776.o.ii_.7",
"n": "2",
"label": "o ii'"}
,
{
"node": "d",
"type": "nonx",
"ref": "P450776.8",
"strict": "1",
"extent": "beginning",
"scope": "line",
"state": "missing"}
,
{
"node": "d",
"type": "nonx",
"ref": "P450776.9",
"strict": "0",
"state": "other"}
,
{
"node": "d",
"type": "nonx",
"ref": "P450776.10",
"strict": "1",
"extent": "rest",
"scope": "line",
"state": "missing"}
,
{
"node": "d",
"subtype": "reverse",
"type": "surface",
"ref": "P450776.r.11",
"type": "reverse",
"label": "r"}
,
{
"node": "d",
"subtype": "column 1r '",
"type": "column",
"ref": "P450776.r.i_.12",
"n": "1",
"label": "r i'"}
,
{
"node": "d",
"type": "nonx",
"ref": "P450776.13",
"strict": "1",
"extent": "beginning",
"scope": "line",
"state": "missing"}
,
{
"node": "c",
"type": "discourse",
"subtype": "body",
"id": "P450776.U1",
"cdl": [
{
"node": "c",
"type": "sentence",
"id": "P450776.U2",
"label": "r i' 1' - r ii' 12'",
"cdl": [
{
"node": "d",
"type": "line-start",
"ref": "P450776.14",
"n": "1'",
"label": "r i' 1'"}
,
{
"node": "d",
"type": "cell-start"}
,
{
"node": "d",
"type": "field-start",
"subtype": "wp"}
,
{
"node": "l",
"frag": "[...]",
"id": "P450776.l4e1f0",
"ref": "P450776.14.1",
"inst": "u",
"f": {"lang": "sux",
"form": "x",
"pos": "u"}
}
,
{
"node": "d",
"type": "field-end",
"subtype": "wp"}
,
{
"node": "d",
"type": "cell-end"}
,
{
"node": "d",
"type": "cell-start"}
,
{
"node": "d",
"type": "field-start",
"subtype": "eq"}
,
{
"node": "l",
"frag": "[i]-⸢ši⸣",
"id": "P450776.l4e1f1",
"ref": "P450776.14.2",
"inst": "īši[have]V",
"sig": "@dcclt%akk:i-ši=išû[have//have]V'V$īši",
"f": {"lang": "akk",
"form": "i-ši",
"cf": "išû",
"gw": "have",
"sense": "have",
"norm": "īši",
"pos": "V",
"epos": "V"}
}
,
{
"node": "d",
"type": "field-end",
"subtype": "eq"}
,
{
"node": "d",
"type": "cell-end"}
,
{
"node": "d",
"type": "line-start",
"ref": "P450776.15",
"n": "2'",
"label": "r i' 2'"}
,
{
"node": "d",
"type": "cell-start"}
,
{
"node": "d",
"type": "field-start",
"subtype": "wp"}
,
{
"node": "l",
"frag": "[...]",
"id": "P450776.l4e1f2",
"ref": "P450776.15.1",
"inst": "u",
"f": {"lang": "sux",
"form": "x",
"pos": "u"}
}
,
{
"node": "d",
"type": "field-end",
"subtype": "wp"}
,
{
"node": "d",
"type": "cell-end"}
,
{
"node": "d",
"type": "cell-start"}
,
{
"node": "d",
"type": "field-start",
"subtype": "eq"}
,
{
"node": "l",
"frag": "[ul]",
"id": "P450776.l4e1f3",
"ref": "P450776.15.2",
"inst": "ul[not]MOD",
"sig": "@dcclt%akk:ul=ul[not//not]MOD'MOD$ul",
"f": {"lang": "akk",
"form": "ul",
"cf": "ul",
"gw": "not",
"sense": "not",
"norm": "ul",
"pos": "MOD",
"epos": "MOD"}
}
,
{
"node": "d",
"type": "nonw",
"ref": "P450776.15.3",
"lang": "akk",
"type": "surro"}
,
{
"node": "l",
"id": "P450776.l4e1f4",
"ref": "P450776.15.4",
"inst": "īši[have]V",
"sig": "@dcclt%akk:i-ši=išû[have//have]V'V$īši",
"f": {"lang": "akk",
"form": "i-ši",
"cf": "išû",
"gw": "have",
"sense": "have",
"norm": "īši",
"pos": "V",
"epos": "V"}
}
,
{
"node": "d",
"type": "field-end",
"subtype": "eq"}
,
{
"node": "d",
"type": "cell-end"}
,
{
"node": "d",
"type": "nonx",
"ref": "P450776.16",
"strict": "1",
"extent": "rest",
"scope": "line",
"state": "missing"}
,
{
"node": "d",
"subtype": "column 2r '",
"type": "column",
"ref": "P450776.r.ii_.17",
"n": "2",
"label": "r ii'"}
,
{
"node": "d",
"type": "nonx",
"ref": "P450776.18",
"strict": "1",
"extent": "beginning",
"scope": "line",
"state": "missing"}
,
{
"node": "d",
"type": "line-start",
"ref": "P450776.19",
"n": "1'",
"label": "r ii' 1'"}
,
{
"node": "d",
"type": "cell-start"}
,
{
"node": "d",
"type": "field-start",
"subtype": "wp"}
,
{
"node": "l",
"frag": "⸢saŋ⸣-[du]",
"id": "P450776.l4e1f5",
"ref": "P450776.19.1",
"inst": "saŋdu[head]N",
"sig": "@dcclt%sux:saŋ-du=saŋdu[head//head]N'N$saŋdu/saŋ-du#~",
"f": {"lang": "sux",
"form": "saŋ-du",
"cf": "saŋdu",
"gw": "head",
"sense": "head",
"norm0": "saŋdu",
"pos": "N",
"epos": "N",
"base": "saŋ-du",
"morph": "~"}
}
,
{
"node": "d",
"type": "field-end",
"subtype": "wp"}
,
{
"node": "d",
"type": "cell-end"}
,
{
"node": "d",
"type": "cell-start"}
,
{
"node": "d",
"type": "field-start",
"subtype": "eq"}
,
{
"node": "l",
"frag": "[...]",
"id": "P450776.l4e1f6",
"ref": "P450776.19.2",
"inst": "u",
"f": {"lang": "akk",
"form": "x",
"pos": "u"}
}
,
{
"node": "d",
"type": "field-end",
"subtype": "eq"}
,
{
"node": "d",
"type": "cell-end"}
,
{
"node": "d",
"type": "line-start",
"ref": "P450776.20",
"n": "2'",
"label": "r ii' 2'"}
,
{
"node": "d",
"type": "cell-start"}
,
{
"node": "d",
"type": "field-start",
"subtype": "wp"}
,
{
"node": "l",
"frag": "saŋ-⸢ki⸣",
"id": "P450776.l4e1f7",
"ref": "P450776.20.1",
"inst": "saŋki[forehead, brow]N",
"sig": "@dcclt%sux:saŋ-ki=saŋki[forehead//forehead, brow]N'N$saŋki/saŋ-ki#~",
"f": {"lang": "sux",
"form": "saŋ-ki",
"cf": "saŋki",
"gw": "forehead",
"sense": "forehead, brow",
"norm0": "saŋki",
"pos": "N",
"epos": "N",
"base": "saŋ-ki",
"morph": "~"}
}
,
{
"node": "d",
"type": "field-end",
"subtype": "wp"}
,
{
"node": "d",
"type": "cell-end"}
,
{
"node": "d",
"type": "cell-start"}
,
{
"node": "d",
"type": "field-start",
"subtype": "eq"}
,
{
"node": "l",
"frag": "[...]",
"id": "P450776.l4e1f8",
"ref": "P450776.20.2",
"inst": "u",
"f": {"lang": "akk",
"form": "x",
"pos": "u"}
}
,
{
"node": "d",
"type": "field-end",
"subtype": "eq"}
,
{
"node": "d",
"type": "cell-end"}
,
{
"node": "d",
"type": "line-start",
"ref": "P450776.21",
"n": "3'",
"label": "r ii' 3'"}
,
{
"node": "d",
"type": "cell-start"}
,
{
"node": "d",
"type": "field-start",
"subtype": "wp"}
,
{
"node": "l",
"frag": "e₂-gi₄-a",
"id": "P450776.l4e1f9",
"ref": "P450776.21.1",
"inst": "egia[bride]N",
"sig": "@dcclt%sux:e₂-gi₄-a=egia[bride//bride]N'N$egia/e₂-gi₄-a#~",
"f": {"lang": "sux",
"form": "e₂-gi₄-a",
"cf": "egia",
"gw": "bride",
"sense": "bride",
"norm0": "egia",
"pos": "N",
"epos": "N",
"base": "e₂-gi₄-a",
"morph": "~"}
}
,
{
"node": "d",
"type": "field-end",
"subtype": "wp"}
,
{
"node": "d",
"type": "cell-end"}
,
{
"node": "d",
"type": "cell-start"}
,
{
"node": "d",
"type": "field-start",
"subtype": "eq"}
,
{
"node": "l",
"frag": "⸢x⸣-[...]",
"id": "P450776.l4e1fa",
"ref": "P450776.21.2",
"inst": "u",
"f": {"lang": "akk",
"form": "x-x",
"pos": "u"}
}
,
{
"node": "d",
"type": "field-end",
"subtype": "eq"}
,
{
"node": "d",
"type": "cell-end"}
,
{
"node": "d",
"type": "nonx",
"ref": "P450776.22",
"strict": "1",
"extent": "1",
"scope": "line",
"state": "ruling"}
,
{
"node": "d",
"type": "line-start",
"ref": "P450776.23",
"n": "4'",
"label": "r ii' 4'"}
,
{
"node": "d",
"type": "cell-start"}
,
{
"node": "d",
"type": "field-start",
"subtype": "wp"}
,
{
"node": "l",
"frag": "maš₂",
"id": "P450776.l4e1fb",
"ref": "P450776.23.1",
"inst": "maš[interest (on a loan)]N",
"sig": "@dcclt%sux:maš₂=maš[interest//interest (on a loan)]N'N$maš/maš₂#~",
"f": {"lang": "sux",
"form": "maš₂",
"cf": "maš",
"gw": "interest",
"sense": "interest (on a loan)",
"norm0": "maš",
"pos": "N",
"epos": "N",
"base": "maš₂",
"morph": "~"}
}
,
{
"node": "l",
"frag": "ba-an-bala",
"id": "P450776.l4e1fc",
"ref": "P450776.23.2",
"inst": "bala[turn]V/t/bala#ba.n:~",
"sig": "@dcclt%sux:ba-an-bala=bala[turn//turn]V/t'V/t$ba.n:bala/bala#ba.n:~",
"f": {"lang": "sux",
"form": "ba-an-bala",
"cf": "bala",
"gw": "turn",
"sense": "turn",
"norm0": "ba.n:bala",
"pos": "V/t",
"epos": "V/t",
"base": "bala",
"morph": "ba.n:~"}
}
,
{
"node": "d",
"type": "field-end",
"subtype": "wp"}
,
{
"node": "d",
"type": "cell-end"}
,
{
"node": "d",
"type": "cell-start"}
,
{
"node": "d",
"type": "field-start",
"subtype": "eq"}
,
{
"node": "l",
"frag": "it-⸢ta⸣-[bal-kit]",
"id": "P450776.l4e1fd",
"ref": "P450776.23.3",
"inst": "+nabalkutu[cross over//(of interest) change]V'V$ittabalkit",
"sig": "@dcclt%akk:it-ta-bal-kit=nabalkutu[cross over//(of interest) change]V'V$ittabalkit",
"f": {"lang": "akk",
"form": "it-ta-bal-kit",
"cf": "nabalkutu",
"gw": "cross over",
"sense": "(of interest) change",
"norm": "ittabalkit",
"pos": "V",
"epos": "V"}
}
,
{
"node": "d",
"type": "field-end",
"subtype": "eq"}
,
{
"node": "d",
"type": "cell-end"}
,
{
"node": "d",
"type": "line-start",
"ref": "P450776.24",
"n": "5'",
"label": "r ii' 5'"}
,
{
"node": "d",
"type": "cell-start"}
,
{
"node": "d",
"type": "field-start",
"subtype": "wp"}
,
{
"node": "l",
"frag": "⸢maš₂⸣",
"id": "P450776.l4e1fe",
"ref": "P450776.24.1",
"inst": "maš[interest (on a loan)]N",
"sig": "@dcclt%sux:maš₂=maš[interest//interest (on a loan)]N'N$maš/maš₂#~",
"f": {"lang": "sux",
"form": "maš₂",
"cf": "maš",
"gw": "interest",
"sense": "interest (on a loan)",
"norm0": "maš",
"pos": "N",
"epos": "N",
"base": "maš₂",
"morph": "~"}
}
,
{
"node": "l",
"frag": "maš₂",
"id": "P450776.l4e1ff",
"ref": "P450776.24.2",
"inst": "maš[interest (on a loan)]N",
"sig": "@dcclt%sux:maš₂=maš[interest//interest (on a loan)]N'N$maš/maš₂#~",
"f": {"lang": "sux",
"form": "maš₂",
"cf": "maš",
"gw": "interest",
"sense": "interest (on a loan)",
"norm0": "maš",
"pos": "N",
"epos": "N",
"base": "maš₂",
"morph": "~"}
}
,
{
"node": "d",
"type": "field-end",
"subtype": "wp"}
,
{
"node": "d",
"type": "cell-end"}
,
{
"node": "d",
"type": "cell-start"}
,
{
"node": "d",
"type": "field-start",
"subtype": "eq"}
,
{
"node": "l",
"frag": "ṣi-bat",
"id": "P450776.l4e200",
"ref": "P450776.24.3",
"inst": "ṣibat[interest]N",
"sig": "@dcclt%akk:ṣi-bat=ṣibtu[interest//interest]N'N$ṣibat",
"f": {"lang": "akk",
"form": "ṣi-bat",
"cf": "ṣibtu",
"gw": "interest",
"sense": "interest",
"norm": "ṣibat",
"pos": "N",
"epos": "N"}
}
,
{
"node": "l",
"frag": "ṣib-⸢tum⸣",
"id": "P450776.l4e201",
"ref": "P450776.24.4",
"inst": "ṣibtum[interest]N",
"sig": "@dcclt%akk:ṣib-tum=ṣibtu[interest//interest]N'N$ṣibtum",
"f": {"lang": "akk",
"form": "ṣib-tum",
"cf": "ṣibtu",
"gw": "interest",
"sense": "interest",
"norm": "ṣibtum",
"pos": "N",
"epos": "N"}
}
,
{
"node": "d",
"type": "field-end",
"subtype": "eq"}
,
{
"node": "d",
"type": "cell-end"}
,
{
"node": "d",
"type": "line-start",
"ref": "P450776.25",
"n": "6'",
"label": "r ii' 6'"}
,
{
"node": "d",
"type": "cell-start"}
,
{
"node": "d",
"type": "field-start",
"subtype": "wp"}
,
{
"node": "l",
"frag": "[maš₂",
"id": "P450776.l4e202",
"ref": "P450776.25.1",
"inst": "maš[interest (on a loan)]N",
"sig": "@dcclt%sux:maš₂=maš[interest//interest (on a loan)]N'N$maš/maš₂#~",
"f": {"lang": "sux",
"form": "maš₂",
"cf": "maš",
"gw": "interest",
"sense": "interest (on a loan)",
"norm0": "maš",
"pos": "N",
"epos": "N",
"base": "maš₂",
"morph": "~"}
}
,
{
"node": "l",
"frag": "maš₂]",
"id": "P450776.l4e203",
"ref": "P450776.25.2",
"inst": "maš[interest (on a loan)]N",
"sig": "@dcclt%sux:maš₂=maš[interest//interest (on a loan)]N'N$maš/maš₂#~",
"f": {"lang": "sux",
"form": "maš₂",
"cf": "maš",
"gw": "interest",
"sense": "interest (on a loan)",
"norm0": "maš",
"pos": "N",
"epos": "N",
"base": "maš₂",
"morph": "~"}
}
,
{
"node": "l",
"frag": "⸢ba⸣-an-tuku",
"id": "P450776.l4e204",
"ref": "P450776.25.3",
"inst": "tuku[to have]V/t",
"sig": "@dcclt%sux:ba-an-tuku=tuku[acquire//to have]V/t'V/t$ba.n:tuku/tuku#ba.n:~",
"f": {"lang": "sux",
"form": "ba-an-tuku",
"cf": "tuku",
"gw": "acquire",
"sense": "to have",
"norm0": "ba.n:tuku",
"pos": "V/t",
"epos": "V/t",
"base": "tuku",
"morph": "ba.n:~"}
}
,
{
"node": "d",
"type": "field-end",
"subtype": "wp"}
,
{
"node": "d",
"type": "cell-end"}
,
{
"node": "d",
"type": "cell-start"}
,
{
"node": "d",
"type": "field-start",
"subtype": "eq"}
,
{
"node": "d",
"type": "nonw",
"ref": "P450776.25.4",
"lang": "akk",
"type": "surro"}
,
{
"node": "l",
"id": "P450776.l4e205",
"ref": "P450776.25.5",
"inst": "ṣibat[interest]N",
"sig": "@dcclt%akk:ṣi-bat=ṣibtu[interest//interest]N'N$ṣibat",
"f": {"lang": "akk",
"form": "ṣi-bat",
"cf": "ṣibtu",
"gw": "interest",
"sense": "interest",
"norm": "ṣibat",
"pos": "N",
"epos": "N"}
}
,
{
"node": "d",
"type": "nonw",
"ref": "P450776.25.6",
"lang": "akk",
"type": "surro"}
,
{
"node": "l",
"id": "P450776.l4e206",
"ref": "P450776.25.7",
"inst": "ṣibtum[interest]N",
"sig": "@dcclt%akk:ṣib-tum=ṣibtu[interest//interest]N'N$ṣibtum",
"f": {"lang": "akk",
"form": "ṣib-tum",
"cf": "ṣibtu",
"gw": "interest",
"sense": "interest",
"norm": "ṣibtum",
"pos": "N",
"epos": "N"}
}
,
{
"node": "l",
"frag": "i-ši",
"id": "P450776.l4e207",
"ref": "P450776.25.8",
"inst": "īši[have]V",
"sig": "@dcclt%akk:i-ši=išû[have//have]V'V$īši",
"f": {"lang": "akk",
"form": "i-ši",
"cf": "išû",
"gw": "have",
"sense": "have",
"norm": "īši",
"pos": "V",
"epos": "V"}
}
,
{
"node": "d",
"type": "field-end",
"subtype": "eq"}
,
{
"node": "d",
"type": "cell-end"}
,
{
"node": "d",
"type": "line-start",
"ref": "P450776.26",
"n": "7'",
"label": "r ii' 7'"}
,
{
"node": "d",
"type": "cell-start"}
,
{
"node": "d",
"type": "field-start",
"subtype": "wp"}
,
{
"node": "l",
"frag": "[...]-⸢dam⸣",
"id": "P450776.l4e208",
"ref": "P450776.26.1",
"inst": "u",
"f": {"lang": "sux",
"form": "x-dam",
"pos": "u"}
}
,
{
"node": "d",
"type": "field-end",
"subtype": "wp"}
,
{
"node": "d",
"type": "cell-end"}
,
{
"node": "d",
"type": "cell-start"}
,
{
"node": "d",
"type": "field-start",
"subtype": "eq"}
,
{
"node": "l",
"frag": "uṣ-ṣab",
"id": "P450776.l4e209",
"ref": "P450776.26.2",
"inst": "uṣṣab[add]V",
"sig": "@dcclt%akk:uṣ-ṣab=waṣābu[add//add]V'V$uṣṣab",
"f": {"lang": "akk",
"form": "uṣ-ṣab",
"cf": "waṣābu",
"gw": "add",
"sense": "add",
"norm": "uṣṣab",
"pos": "V",
"epos": "V"}
}
,
{
"node": "d",
"type": "field-end",
"subtype": "eq"}
,
{
"node": "d",
"type": "cell-end"}
,
{
"node": "d",
"type": "line-start",
"ref": "P450776.27",
"n": "8'",
"label": "r ii' 8'"}
,
{
"node": "d",
"type": "cell-start"}
,
{
"node": "d",
"type": "field-start",
"subtype": "wp"}
,
{
"node": "l",
"frag": "[tuku]",
"id": "P450776.l4e20a",
"ref": "P450776.27.1",
"inst": "tuku[to acquire, get]V/t",
"sig": "@dcclt%sux:tuku=tuku[acquire//to acquire, get]V/t'V/t$tuku/tuku#~",
"f": {"lang": "sux",
"form": "tuku",
"cf": "tuku",
"gw": "acquire",
"sense": "to acquire, get",
"norm0": "tuku",
"pos": "V/t",
"epos": "V/t",
"base": "tuku",
"morph": "~"}
}
,
{
"node": "d",
"type": "field-end",
"subtype": "wp"}
,
{
"node": "d",
"type": "cell-end"}
,
{
"node": "d",
"type": "cell-start"}
,
{
"node": "d",
"type": "field-start",
"subtype": "eq"}
,
{
"node": "l",
"frag": "i-ši",
"id": "P450776.l4e20b",
"ref": "P450776.27.2",
"inst": "īši[have]V",
"sig": "@dcclt%akk:i-ši=išû[have//have]V'V$īši",
"f": {"lang": "akk",
"form": "i-ši",
"cf": "išû",
"gw": "have",
"sense": "have",
"norm": "īši",
"pos": "V",
"epos": "V"}
}
,
{
"node": "d",
"type": "field-end",
"subtype": "eq"}
,
{
"node": "d",
"type": "cell-end"}
,
{
"node": "d",
"type": "line-start",
"ref": "P450776.28",
"n": "9'",
"label": "r ii' 9'"}
,
{
"node": "d",
"type": "cell-start"}
,
{
"node": "d",
"type": "field-start",
"subtype": "wp"}
,
{
"node": "l",
"frag": "[nu]-⸢tuku⸣",
"id": "P450776.l4e20c",
"ref": "P450776.28.1",
"inst": "tuku[to acquire, get]V/t",
"sig": "@dcclt%sux:nu-tuku=tuku[acquire//to acquire, get]V/t'V/t$nu:tuku/tuku#nu:~",
"f": {"lang": "sux",
"form": "nu-tuku",
"cf": "tuku",
"gw": "acquire",
"sense": "to acquire, get",
"norm0": "nu:tuku",
"pos": "V/t",
"epos": "V/t",
"base": "tuku",
"morph": "nu:~"}
}
,
{
"node": "d",
"type": "field-end",
"subtype": "wp"}
,
{
"node": "d",
"type": "cell-end"}
,
{
"node": "d",
"type": "cell-start"}
,
{
"node": "d",
"type": "field-start",
"subtype": "eq"}
,
{
"node": "l",
"frag": "ul",
"id": "P450776.l4e20d",
"ref": "P450776.28.2",
"inst": "ul[not]MOD",
"sig": "@dcclt%akk:ul=ul[not//not]MOD'MOD$ul",
"f": {"lang": "akk",
"form": "ul",
"cf": "ul",
"gw": "not",
"sense": "not",
"norm": "ul",
"pos": "MOD",
"epos": "MOD"}
}
,
{
"node": "d",
"type": "nonw",
"ref": "P450776.28.3",
"lang": "akk",
"type": "surro"}
,
{
"node": "l",
"id": "P450776.l4e20e",
"ref": "P450776.28.4",
"inst": "īši[have]V",
"sig": "@dcclt%akk:i-ši=išû[have//have]V'V$īši",
"f": {"lang": "akk",
"form": "i-ši",
"cf": "išû",
"gw": "have",
"sense": "have",
"norm": "īši",
"pos": "V",
"epos": "V"}
}
,
{
"node": "d",
"type": "field-end",
"subtype": "eq"}
,
{
"node": "d",
"type": "cell-end"}
,
{
"node": "d",
"type": "line-start",
"ref": "P450776.29",
"n": "10'",
"label": "r ii' 10'"}
,
{
"node": "d",
"type": "cell-start"}
,
{
"node": "d",
"type": "field-start",
"subtype": "wp"}
,
{
"node": "l",
"frag": "[an]-⸢tuku⸣",
"id": "P450776.l4e20f",
"ref": "P450776.29.1",
"inst": "tuku[to acquire, get]V/t",
"sig": "@dcclt%sux:an-tuku=tuku[acquire//to acquire, get]V/t'V/t$V.n:tuku/tuku#V.n:~",
"f": {"lang": "sux",
"form": "an-tuku",
"cf": "tuku",
"gw": "acquire",
"sense": "to acquire, get",
"norm0": "V.n:tuku",
"pos": "V/t",
"epos": "V/t",
"base": "tuku",
"morph": "V.n:~"}
}
,
{
"node": "d",
"type": "field-end",
"subtype": "wp"}
,
{
"node": "d",
"type": "cell-end"}
,
{
"node": "d",
"type": "cell-start"}
,
{
"node": "d",
"type": "field-start",
"subtype": "eq"}
,
{
"node": "l",
"frag": "i-ši",
"id": "P450776.l4e210",
"ref": "P450776.29.2",
"inst": "īši[have]V",
"sig": "@dcclt%akk:i-ši=išû[have//have]V'V$īši",
"f": {"lang": "akk",
"form": "i-ši",
"cf": "išû",
"gw": "have",
"sense": "have",
"norm": "īši",
"pos": "V",
"epos": "V"}
}
,
{
"node": "d",
"type": "field-end",
"subtype": "eq"}
,
{
"node": "d",
"type": "cell-end"}
,
{
"node": "d",
"type": "line-start",
"ref": "P450776.30",
"n": "11'",
"label": "r ii' 11'"}
,
{
"node": "d",
"type": "cell-start"}
,
{
"node": "d",
"type": "field-start",
"subtype": "wp"}
,
{
"node": "l",
"frag": "[nu-an]-⸢tuku⸣",
"id": "P450776.l4e211",
"ref": "P450776.30.1",
"inst": "tuku[to acquire, get]V/t",
"sig": "@dcclt%sux:nu-an-tuku=tuku[acquire//to acquire, get]V/t'V/t$nu.V.n:tuku/tuku#nu.V.n:~",
"f": {"lang": "sux",
"form": "nu-an-tuku",
"cf": "tuku",
"gw": "acquire",
"sense": "to acquire, get",
"norm0": "nu.V.n:tuku",
"pos": "V/t",
"epos": "V/t",
"base": "tuku",
"morph": "nu.V.n:~"}
}
,
{
"node": "d",
"type": "field-end",
"subtype": "wp"}
,
{
"node": "d",
"type": "cell-end"}
,
{
"node": "d",
"type": "cell-start"}
,
{
"node": "d",
"type": "field-start",
"subtype": "eq"}
,
{
"node": "l",
"frag": "ul",
"id": "P450776.l4e212",
"ref": "P450776.30.2",
"inst": "ul[not]MOD",
"sig": "@dcclt%akk:ul=ul[not//not]MOD'MOD$ul",
"f": {"lang": "akk",
"form": "ul",
"cf": "ul",
"gw": "not",
"sense": "not",
"norm": "ul",
"pos": "MOD",
"epos": "MOD"}
}
,
{
"node": "d",
"type": "nonw",
"ref": "P450776.30.3",
"lang": "akk",
"type": "surro"}
,
{
"node": "l",
"id": "P450776.l4e213",
"ref": "P450776.30.4",
"inst": "īši[have]V",
"sig": "@dcclt%akk:i-ši=išû[have//have]V'V$īši",
"f": {"lang": "akk",
"form": "i-ši",
"cf": "išû",
"gw": "have",
"sense": "have",
"norm": "īši",
"pos": "V",
"epos": "V"}
}
,
{
"node": "d",
"type": "field-end",
"subtype": "eq"}
,
{
"node": "d",
"type": "cell-end"}
,
{
"node": "d",
"type": "line-start",
"ref": "P450776.31",
"n": "12'",
"label": "r ii' 12'"}
,
{
"node": "d",
"type": "cell-start"}
,
{
"node": "d",
"type": "field-start",
"subtype": "wp"}
,
{
"node": "l",
"frag": "[...]",
"id": "P450776.l4e214",
"ref": "P450776.31.1",
"inst": "u",
"f": {"lang": "sux",
"form": "x",
"pos": "u"}
}
,
{
"node": "d",
"type": "field-end",
"subtype": "wp"}
,
{
"node": "d",
"type": "cell-end"}
,
{
"node": "d",
"type": "cell-start"}
,
{
"node": "d",
"type": "field-start",
"subtype": "eq"}
,
{
"node": "l",
"frag": "⸢i⸣-[ši]",
"id": "P450776.l4e215",
"ref": "P450776.31.2",
"inst": "īši[have]V",
"sig": "@dcclt%akk:i-ši=išû[have//have]V'V$īši",
"f": {"lang": "akk",
"form": "i-ši",
"cf": "išû",
"gw": "have",
"sense": "have",
"norm": "īši",
"pos": "V",
"epos": "V"}
}
,
{
"node": "d",
"type": "field-end",
"subtype": "eq"}
,
{
"node": "d",
"type": "cell-end"}
,
{
"node": "d",
"type": "nonx",
"ref": "P450776.32",
"strict": "1",
"extent": "rest",
"scope": "line",
"state": "missing"}
,
{
"node": "d",
"subtype": "column 3r '",
"type": "column",
"ref": "P450776.r.iii_.33",
"n": "3",
"label": "r iii'"}
,
{
"node": "d",
"type": "nonx",
"ref": "P450776.34",
"strict": "1",
"extent": "beginning",
"scope": "line",
"state": "missing"}
,
{
"node": "d",
"type": "nonx",
"ref": "P450776.35",
"strict": "0",
"state": "traces"}
,
{
"node": "d",
"type": "nonx",
"ref": "P450776.36",
"strict": "1",
"extent": "rest",
"scope": "line",
"state": "missing"}
]}
]}
]}
]}
