{
"type": "cdl",
  "source": "http://oracc.org/dcclt",
  "license": "This data is released under the CC0 license",
  "license-url": "https://creativecommons.org/publicdomain/zero/1.0/",
  "more-info": "http://oracc.org/doc/opendata/",
  "UTC-timestamp": "2017-05-19T18:28:42",
"project": "dcclt",
"textid": "P451264",
"cdl": [
{
"node": "c",
"type": "text",
"id": "P451264.U0",
"cdl": [
{
"node": "d",
"subtype": "tablet",
"type": "object",
"ref": "P451264.x1987.1",
"type": "tablet",
"label": "x1987"}
,
{
"node": "d",
"subtype": "obverse",
"type": "surface",
"ref": "P451264.o.2",
"type": "obverse",
"label": "o"}
,
{
"node": "d",
"type": "nonx",
"ref": "P451264.3",
"strict": "1",
"extent": "beginning",
"scope": "line",
"state": "missing"}
,
{
"node": "c",
"type": "discourse",
"subtype": "body",
"id": "P451264.U1",
"cdl": [
{
"node": "c",
"type": "sentence",
"id": "P451264.U2",
"label": "o 1' - o 5'",
"cdl": [
{
"node": "d",
"type": "line-start",
"ref": "P451264.4",
"n": "1'",
"label": "o 1'"}
,
{
"node": "d",
"type": "cell-start"}
,
{
"node": "d",
"type": "field-start",
"subtype": "wp"}
,
{
"node": "l",
"frag": "[i₃]-⸢aŋ₂-ŋa₂-e⸣",
"id": "P451264.l4e84e",
"ref": "P451264.4.1",
"inst": "aŋ[measure]V/t",
"sig": "@dcclt%sux:i₃-aŋ₂-ŋa₂-e=aŋ[measure//measure]V/t'V/t$V:aŋ;a,e/aŋ₂+-ŋa₂=ŋ.a#V:~;a,e",
"f": {"lang": "sux",
"form": "i₃-aŋ₂-ŋa₂-e",
"cf": "aŋ",
"gw": "measure",
"sense": "measure",
"norm0": "V:aŋ;a,e",
"pos": "V/t",
"epos": "V/t",
"base": "aŋ₂",
"cont": "-ŋa₂=ŋ.a",
"morph": "V:~;a,e"}
}
,
{
"node": "d",
"type": "field-end",
"subtype": "wp"}
,
{
"node": "d",
"type": "cell-end"}
,
{
"node": "d",
"type": "cell-start"}
,
{
"node": "d",
"type": "field-start",
"subtype": "eq"}
,
{
"node": "l",
"frag": "⸢i-mad-da-ad⸣",
"id": "P451264.l4e84f",
"ref": "P451264.4.2",
"inst": "imaddad[measure]V",
"sig": "@dcclt%akk:i-mad-da-ad=madādu[measure//measure]V'V$imaddad",
"f": {"lang": "akk",
"form": "i-mad-da-ad",
"cf": "madādu",
"gw": "measure",
"sense": "measure",
"norm": "imaddad",
"pos": "V",
"epos": "V"}
}
,
{
"node": "d",
"type": "field-end",
"subtype": "eq"}
,
{
"node": "d",
"type": "cell-end"}
,
{
"node": "d",
"type": "line-start",
"ref": "P451264.5",
"n": "2'",
"label": "o 2'"}
,
{
"node": "d",
"type": "cell-start"}
,
{
"node": "d",
"type": "field-start",
"subtype": "wp"}
,
{
"node": "l",
"frag": "⸢i₃-aŋ₂-ŋa₂⸣-e-meš",
"id": "P451264.l4e850",
"ref": "P451264.5.1",
"inst": "aŋ[measure]V/t",
"sig": "@dcclt%sux:i₃-aŋ₂-ŋa₂-e-meš=aŋ[measure//measure]V/t'V/t$V:aŋ;a,e.meš/aŋ₂#V:~;a,e.meš",
"f": {"lang": "sux",
"form": "i₃-aŋ₂-ŋa₂-e-meš",
"cf": "aŋ",
"gw": "measure",
"sense": "measure",
"norm0": "V:aŋ;a,e.meš",
"pos": "V/t",
"epos": "V/t",
"base": "aŋ₂",
"morph": "V:~;a,e.meš"}
}
,
{
"node": "d",
"type": "field-end",
"subtype": "wp"}
,
{
"node": "d",
"type": "cell-end"}
,
{
"node": "d",
"type": "cell-start"}
,
{
"node": "d",
"type": "field-start",
"subtype": "eq"}
,
{
"node": "l",
"frag": "i-mad-da-du",
"id": "P451264.l4e851",
"ref": "P451264.5.2",
"inst": "imaddadū[measure]V",
"sig": "@dcclt%akk:i-mad-da-du=madādu[measure//measure]V'V$imaddadū",
"f": {"lang": "akk",
"form": "i-mad-da-du",
"cf": "madādu",
"gw": "measure",
"sense": "measure",
"norm": "imaddadū",
"pos": "V",
"epos": "V"}
}
,
{
"node": "d",
"type": "field-end",
"subtype": "eq"}
,
{
"node": "d",
"type": "cell-end"}
,
{
"node": "d",
"type": "line-start",
"ref": "P451264.6",
"n": "3'",
"label": "o 3'"}
,
{
"node": "d",
"type": "cell-start"}
,
{
"node": "d",
"type": "field-start",
"subtype": "wp"}
,
{
"node": "l",
"frag": "še",
"id": "P451264.l4e852",
"ref": "P451264.6.1",
"inst": "še[barley]N",
"sig": "@dcclt%sux:še=še[barley//barley]N'N$še/še#~",
"f": {"lang": "sux",
"form": "še",
"cf": "še",
"gw": "barley",
"sense": "barley",
"norm0": "še",
"pos": "N",
"epos": "N",
"base": "še",
"morph": "~"}
}
,
{
"node": "l",
"frag": "⸢i₃-aŋ₂⸣-ŋa₂",
"id": "P451264.l4e853",
"ref": "P451264.6.2",
"inst": "aŋ[measure]V/t",
"sig": "@dcclt%sux:i₃-aŋ₂-ŋa₂=aŋ[measure//measure]V/t'V/t$V:aŋ;a/aŋ₂+-ŋa₂=ŋ.a#V:~;a",
"f": {"lang": "sux",
"form": "i₃-aŋ₂-ŋa₂",
"cf": "aŋ",
"gw": "measure",
"sense": "measure",
"norm0": "V:aŋ;a",
"pos": "V/t",
"epos": "V/t",
"base": "aŋ₂",
"cont": "-ŋa₂=ŋ.a",
"morph": "V:~;a"}
}
,
{
"node": "d",
"type": "field-end",
"subtype": "wp"}
,
{
"node": "d",
"type": "cell-end"}
,
{
"node": "d",
"type": "cell-start"}
,
{
"node": "d",
"type": "field-start",
"subtype": "eq"}
,
{
"node": "l",
"frag": "⸢im-x-x⸣",
"id": "P451264.l4e854",
"ref": "P451264.6.3",
"inst": "u",
"f": {"lang": "akk",
"form": "im-x-x",
"pos": "u"}
}
,
{
"node": "d",
"type": "field-end",
"subtype": "eq"}
,
{
"node": "d",
"type": "cell-end"}
,
{
"node": "d",
"type": "line-start",
"ref": "P451264.7",
"n": "4'",
"label": "o 4'"}
,
{
"node": "d",
"type": "cell-start"}
,
{
"node": "d",
"type": "field-start",
"subtype": "wp"}
,
{
"node": "l",
"frag": "⸢x⸣",
"id": "P451264.l4e855",
"ref": "P451264.7.1",
"inst": "u",
"f": {"lang": "sux",
"form": "x",
"pos": "u"}
}
,
{
"node": "l",
"frag": "[...]-⸢x⸣",
"id": "P451264.l4e856",
"ref": "P451264.7.2",
"inst": "u",
"f": {"lang": "sux",
"form": "x-x",
"pos": "u"}
}
,
{
"node": "d",
"type": "field-end",
"subtype": "wp"}
,
{
"node": "d",
"type": "cell-end"}
,
{
"node": "d",
"type": "cell-start"}
,
{
"node": "d",
"type": "field-start",
"subtype": "eq"}
,
{
"node": "l",
"frag": "⸢x-x-x⸣-[x]",
"id": "P451264.l4e857",
"ref": "P451264.7.3",
"inst": "u",
"f": {"lang": "akk",
"form": "x-x-x-x",
"pos": "u"}
}
,
{
"node": "d",
"type": "field-end",
"subtype": "eq"}
,
{
"node": "d",
"type": "cell-end"}
,
{
"node": "d",
"type": "line-start",
"ref": "P451264.8",
"n": "5'",
"label": "o 5'"}
,
{
"node": "d",
"type": "cell-start"}
,
{
"node": "d",
"type": "field-start",
"subtype": "wp"}
,
{
"node": "l",
"frag": "[...]",
"id": "P451264.l4e858",
"ref": "P451264.8.1",
"inst": "u",
"f": {"lang": "sux",
"form": "x",
"pos": "u"}
}
,
{
"node": "d",
"type": "field-end",
"subtype": "wp"}
,
{
"node": "d",
"type": "cell-end"}
,
{
"node": "d",
"type": "cell-start"}
,
{
"node": "d",
"type": "field-start",
"subtype": "eq"}
,
{
"node": "l",
"frag": "⸢x-x⸣-[...]",
"id": "P451264.l4e859",
"ref": "P451264.8.2",
"inst": "u",
"f": {"lang": "akk",
"form": "x-x-x",
"pos": "u"}
}
,
{
"node": "d",
"type": "field-end",
"subtype": "eq"}
,
{
"node": "d",
"type": "cell-end"}
,
{
"node": "d",
"type": "nonx",
"ref": "P451264.9",
"strict": "1",
"extent": "rest",
"scope": "line",
"state": "missing"}
,
{
"node": "d",
"subtype": "reverse",
"type": "surface",
"ref": "P451264.r.10",
"type": "reverse",
"label": "r"}
,
{
"node": "d",
"type": "nonx",
"ref": "P451264.11",
"strict": "1",
"extent": "n",
"scope": "line",
"state": "missing"}
]}
]}
]}
]}
