{
"type": "cdl",
  "source": "http://oracc.org/dcclt",
  "license": "This data is released under the CC0 license",
  "license-url": "https://creativecommons.org/publicdomain/zero/1.0/",
  "more-info": "http://oracc.org/doc/opendata/",
  "UTC-timestamp": "2017-05-19T18:28:38",
"project": "dcclt",
"textid": "P451218",
"cdl": [
{
"node": "c",
"type": "text",
"id": "P451218.U0",
"cdl": [
{
"node": "d",
"subtype": "tablet",
"type": "object",
"ref": "P451218.x1998.1",
"type": "tablet",
"label": "x1998"}
,
{
"node": "d",
"subtype": "obverse",
"type": "surface",
"ref": "P451218.o.2",
"type": "obverse",
"label": "o"}
,
{
"node": "d",
"subtype": "column 1o '",
"type": "column",
"ref": "P451218.o.i_.3",
"n": "1",
"label": "o i'"}
,
{
"node": "d",
"type": "nonx",
"ref": "P451218.4",
"strict": "1",
"extent": "beginning",
"scope": "line",
"state": "missing"}
,
{
"node": "c",
"type": "discourse",
"subtype": "body",
"id": "P451218.U1",
"cdl": [
{
"node": "c",
"type": "sentence",
"id": "P451218.U2",
"label": "o i' 1' - o iii' 3'",
"cdl": [
{
"node": "d",
"type": "line-start",
"ref": "P451218.5",
"n": "1'",
"label": "o i' 1'"}
,
{
"node": "d",
"type": "cell-start"}
,
{
"node": "d",
"type": "field-start",
"subtype": "wp"}
,
{
"node": "l",
"frag": "[...]",
"id": "P451218.l4ea18",
"ref": "P451218.5.1",
"inst": "u",
"f": {"lang": "sux",
"form": "x",
"pos": "u"}
}
,
{
"node": "d",
"type": "field-end",
"subtype": "wp"}
,
{
"node": "d",
"type": "cell-end"}
,
{
"node": "d",
"type": "cell-start"}
,
{
"node": "d",
"type": "field-start",
"subtype": "eq"}
,
{
"node": "l",
"frag": "[...]",
"id": "P451218.l4ea19",
"ref": "P451218.5.2",
"inst": "u",
"f": {"lang": "akk",
"form": "x",
"pos": "u"}
}
,
{
"node": "l",
"frag": "⸢LU₂⸣",
"id": "P451218.l4ea1a",
"ref": "P451218.5.3",
"inst": "amēli[human]N",
"sig": "@dcclt%akk:LU₂=awīlu[man//human]N'N$amēli",
"f": {"lang": "akk",
"form": "LU₂",
"cf": "awīlu",
"gw": "man",
"sense": "human",
"norm": "amēli",
"pos": "N",
"epos": "N"}
}
,
{
"node": "d",
"type": "field-end",
"subtype": "eq"}
,
{
"node": "d",
"type": "cell-end"}
,
{
"node": "d",
"type": "line-start",
"ref": "P451218.6",
"n": "2'",
"label": "o i' 2'"}
,
{
"node": "d",
"type": "cell-start"}
,
{
"node": "d",
"type": "field-start",
"subtype": "wp"}
,
{
"node": "l",
"frag": "[...]",
"id": "P451218.l4ea1b",
"ref": "P451218.6.1",
"inst": "u",
"f": {"lang": "sux",
"form": "x",
"pos": "u"}
}
,
{
"node": "d",
"type": "field-end",
"subtype": "wp"}
,
{
"node": "d",
"type": "cell-end"}
,
{
"node": "d",
"type": "cell-start"}
,
{
"node": "d",
"type": "field-start",
"subtype": "eq"}
,
{
"node": "l",
"frag": "[...]",
"id": "P451218.l4ea1c",
"ref": "P451218.6.2",
"inst": "u",
"f": {"lang": "akk",
"form": "x",
"pos": "u"}
}
,
{
"node": "l",
"frag": "⸢e⸣-ne₂-e",
"id": "P451218.l4ea1d",
"ref": "P451218.6.3",
"inst": "enê[revoking]'N",
"sig": "@dcclt%akk:e-ne₂-e=enû[change//revoking]V'N$enê",
"f": {"lang": "akk",
"form": "e-ne₂-e",
"cf": "enû",
"gw": "change",
"sense": "revoking",
"norm": "enê",
"pos": "V",
"epos": "N"}
}
,
{
"node": "d",
"type": "field-end",
"subtype": "eq"}
,
{
"node": "d",
"type": "cell-end"}
,
{
"node": "d",
"type": "line-start",
"ref": "P451218.7",
"n": "3'",
"label": "o i' 3'"}
,
{
"node": "d",
"type": "cell-start"}
,
{
"node": "d",
"type": "field-start",
"subtype": "wp"}
,
{
"node": "l",
"frag": "[...]",
"id": "P451218.l4ea1e",
"ref": "P451218.7.1",
"inst": "u",
"f": {"lang": "sux",
"form": "x",
"pos": "u"}
}
,
{
"node": "d",
"type": "field-end",
"subtype": "wp"}
,
{
"node": "d",
"type": "cell-end"}
,
{
"node": "d",
"type": "cell-start"}
,
{
"node": "d",
"type": "field-start",
"subtype": "eq"}
,
{
"node": "l",
"frag": "[ana]",
"id": "P451218.l4ea1f",
"ref": "P451218.7.2",
"inst": "ana[to]PRP",
"sig": "@dcclt%akk:ana=ana[to//to]PRP'PRP$ana",
"f": {"lang": "akk",
"form": "ana",
"cf": "ana",
"gw": "to",
"sense": "to",
"norm": "ana",
"pos": "PRP",
"epos": "PRP"}
}
,
{
"node": "l",
"frag": "⸢la⸣",
"id": "P451218.l4ea20",
"ref": "P451218.7.3",
"inst": "lā[not]MOD",
"sig": "@dcclt%akk:la=lā[not//not]MOD'MOD$lā",
"f": {"lang": "akk",
"form": "la",
"cf": "lā",
"gw": "not",
"sense": "not",
"norm": "lā",
"pos": "MOD",
"epos": "MOD"}
}
,
{
"node": "l",
"frag": "ra-ga-⸢mu⸣",
"id": "P451218.l4ea21",
"ref": "P451218.7.4",
"inst": "ragāmu[claiming]'N",
"sig": "@dcclt%akk:ra-ga-mu=ragāmu[shout//claiming]V'N$ragāmu",
"f": {"lang": "akk",
"form": "ra-ga-mu",
"cf": "ragāmu",
"gw": "shout",
"sense": "claiming",
"norm": "ragāmu",
"pos": "V",
"epos": "N"}
}
,
{
"node": "d",
"type": "field-end",
"subtype": "eq"}
,
{
"node": "d",
"type": "cell-end"}
,
{
"node": "d",
"type": "line-start",
"ref": "P451218.8",
"n": "4'",
"label": "o i' 4'"}
,
{
"node": "d",
"type": "cell-start"}
,
{
"node": "d",
"type": "field-start",
"subtype": "wp"}
,
{
"node": "l",
"frag": "[...]",
"id": "P451218.l4ea22",
"ref": "P451218.8.1",
"inst": "u",
"f": {"lang": "sux",
"form": "x",
"pos": "u"}
}
,
{
"node": "d",
"type": "field-end",
"subtype": "wp"}
,
{
"node": "d",
"type": "cell-end"}
,
{
"node": "d",
"type": "cell-start"}
,
{
"node": "d",
"type": "field-start",
"subtype": "eq"}
,
{
"node": "l",
"frag": "[niš",
"id": "P451218.l4ea23",
"ref": "P451218.8.2",
"inst": "nīš[oath]N",
"sig": "@dcclt%akk:niš=nīšu[life//oath]N'N$nīš",
"f": {"lang": "akk",
"form": "niš",
"cf": "nīšu",
"gw": "life",
"sense": "oath",
"norm": "nīš",
"pos": "N",
"epos": "N"}
}
,
{
"node": "l",
"frag": "DINGIR-šu₂]-nu",
"id": "P451218.l4ea24",
"ref": "P451218.8.3",
"inst": "ilšunu[god]N",
"sig": "@dcclt%akk:DINGIR-šu₂-nu=ilu[god//god]N'N$ilšunu",
"f": {"lang": "akk",
"form": "DINGIR-šu₂-nu",
"cf": "ilu",
"gw": "god",
"sense": "god",
"norm": "ilšunu",
"pos": "N",
"epos": "N"}
}
,
{
"node": "l",
"frag": "it-mu-⸢u₂⸣",
"id": "P451218.l4ea25",
"ref": "P451218.8.4",
"inst": "+tamû[swear]V$itmû",
"sig": "@dcclt%akk:it-mu-u₂=tamû[swear//swear]V'V$itmû",
"f": {"lang": "akk",
"form": "it-mu-u₂",
"cf": "tamû",
"gw": "swear",
"sense": "swear",
"norm": "itmû",
"pos": "V",
"epos": "V"}
}
,
{
"node": "d",
"type": "field-end",
"subtype": "eq"}
,
{
"node": "d",
"type": "cell-end"}
,
{
"node": "d",
"type": "line-start",
"ref": "P451218.9",
"n": "5'",
"label": "o i' 5'"}
,
{
"node": "d",
"type": "cell-start"}
,
{
"node": "d",
"type": "field-start",
"subtype": "wp"}
,
{
"node": "l",
"frag": "[...]",
"id": "P451218.l4ea26",
"ref": "P451218.9.1",
"inst": "u",
"f": {"lang": "sux",
"form": "x",
"pos": "u"}
}
,
{
"node": "d",
"type": "field-end",
"subtype": "wp"}
,
{
"node": "d",
"type": "cell-end"}
,
{
"node": "d",
"type": "cell-start"}
,
{
"node": "d",
"type": "field-start",
"subtype": "eq"}
,
{
"node": "l",
"frag": "[...",
"id": "P451218.l4ea27",
"ref": "P451218.9.2",
"inst": "u",
"f": {"lang": "akk",
"form": "x",
"pos": "u"}
}
,
{
"node": "l",
"frag": "iš]-te-niš",
"id": "P451218.l4ea28",
"ref": "P451218.9.3",
"inst": "ištēniš[together]AV",
"sig": "@dcclt%akk:iš-te-niš=ištēniš[together//together]AV'AV$ištēniš",
"f": {"lang": "akk",
"form": "iš-te-niš",
"cf": "ištēniš",
"gw": "together",
"sense": "together",
"norm": "ištēniš",
"pos": "AV",
"epos": "AV"}
}
,
{
"node": "d",
"type": "field-end",
"subtype": "eq"}
,
{
"node": "d",
"type": "cell-end"}
,
{
"node": "d",
"type": "line-start",
"ref": "P451218.10",
"n": "6'",
"label": "o i' 6'"}
,
{
"node": "d",
"type": "cell-start"}
,
{
"node": "d",
"type": "field-start",
"subtype": "wp"}
,
{
"node": "l",
"frag": "[...]",
"id": "P451218.l4ea29",
"ref": "P451218.10.1",
"inst": "u",
"f": {"lang": "sux",
"form": "x",
"pos": "u"}
}
,
{
"node": "d",
"type": "field-end",
"subtype": "wp"}
,
{
"node": "d",
"type": "cell-end"}
,
{
"node": "d",
"type": "cell-start"}
,
{
"node": "d",
"type": "field-start",
"subtype": "eq"}
,
{
"node": "l",
"frag": "[is-qu]-ru",
"id": "P451218.l4ea2a",
"ref": "P451218.10.2",
"inst": "+zakāru[speak//swear]V'V$isqurū",
"sig": "@dcclt%akk:is-qu-ru=zakāru[speak//swear]V'V$isqurū",
"f": {"lang": "akk",
"form": "is-qu-ru",
"cf": "zakāru",
"gw": "speak",
"sense": "swear",
"norm": "isqurū",
"pos": "V",
"epos": "V"}
}
,
{
"node": "d",
"type": "field-end",
"subtype": "eq"}
,
{
"node": "d",
"type": "cell-end"}
,
{
"node": "d",
"subtype": "column 2o '",
"type": "column",
"ref": "P451218.o.ii_.11",
"n": "2",
"label": "o ii'"}
,
{
"node": "d",
"type": "nonx",
"ref": "P451218.12",
"strict": "1",
"extent": "beginning",
"scope": "line",
"state": "missing"}
,
{
"node": "d",
"type": "line-start",
"ref": "P451218.13",
"n": "1'",
"label": "o ii' 1'"}
,
{
"node": "d",
"type": "cell-start"}
,
{
"node": "d",
"type": "field-start",
"subtype": "wp"}
,
{
"node": "l",
"frag": "[an]-⸢tum₂⸣-e",
"id": "P451218.l4ea2b",
"ref": "P451218.13.1",
"inst": "tum[bring]V/t/tum₂#V.n:~;e",
"sig": "@dcclt%sux:an-tum₂-e=tum[bring//bring]V/t'V/t$V.n:tum;e/tum₂#V.n:~;e",
"f": {"lang": "sux",
"form": "an-tum₂-e",
"cf": "tum",
"gw": "bring",
"sense": "bring",
"norm0": "V.n:tum;e",
"pos": "V/t",
"epos": "V/t",
"base": "tum₂",
"morph": "V.n:~;e"}
}
,
{
"node": "d",
"type": "field-end",
"subtype": "wp"}
,
{
"node": "d",
"type": "cell-end"}
,
{
"node": "d",
"type": "cell-start"}
,
{
"node": "d",
"type": "field-start",
"subtype": "eq"}
,
{
"node": "l",
"frag": "[...]",
"id": "P451218.l4ea2c",
"ref": "P451218.13.2",
"inst": "u",
"f": {"lang": "akk",
"form": "x",
"pos": "u"}
}
,
{
"node": "d",
"type": "field-end",
"subtype": "eq"}
,
{
"node": "d",
"type": "cell-end"}
,
{
"node": "d",
"type": "line-start",
"ref": "P451218.14",
"n": "2'",
"label": "o ii' 2'"}
,
{
"node": "d",
"type": "cell-start"}
,
{
"node": "d",
"type": "field-start",
"subtype": "wp"}
,
{
"node": "l",
"frag": "[an-tum₂]-⸢e⸣-meš",
"id": "P451218.l4ea2d",
"ref": "P451218.14.1",
"inst": "tum[bring]V/t/tum₂#V.n:~;e.meš",
"sig": "@dcclt%sux:an-tum₂-e-meš=tum[bring//bring]V/t'V/t$V.n:tum;e.meš/tum₂#V.n:~;e.meš",
"f": {"lang": "sux",
"form": "an-tum₂-e-meš",
"cf": "tum",
"gw": "bring",
"sense": "bring",
"norm0": "V.n:tum;e.meš",
"pos": "V/t",
"epos": "V/t",
"base": "tum₂",
"morph": "V.n:~;e.meš"}
}
,
{
"node": "d",
"type": "field-end",
"subtype": "wp"}
,
{
"node": "d",
"type": "cell-end"}
,
{
"node": "d",
"type": "cell-start"}
,
{
"node": "d",
"type": "field-start",
"subtype": "eq"}
,
{
"node": "l",
"frag": "⸢x⸣-[...]",
"id": "P451218.l4ea2e",
"ref": "P451218.14.2",
"inst": "u",
"f": {"lang": "akk",
"form": "x-x",
"pos": "u"}
}
,
{
"node": "d",
"type": "field-end",
"subtype": "eq"}
,
{
"node": "d",
"type": "cell-end"}
,
{
"node": "d",
"type": "line-start",
"ref": "P451218.15",
"n": "3'",
"label": "o ii' 3'"}
,
{
"node": "d",
"type": "cell-start"}
,
{
"node": "d",
"type": "field-start",
"subtype": "wp"}
,
{
"node": "l",
"frag": "[...]",
"id": "P451218.l4ea2f",
"ref": "P451218.15.1",
"inst": "u",
"f": {"lang": "sux",
"form": "x",
"pos": "u"}
}
,
{
"node": "l",
"frag": "⸢in⸣-ŋar",
"id": "P451218.l4ea30",
"ref": "P451218.15.2",
"inst": "ŋar[place]V/t",
"sig": "@dcclt%sux:in-ŋar=ŋar[place//place]V/t'V/t$V.n:ŋar/ŋar#V.n:~",
"f": {"lang": "sux",
"form": "in-ŋar",
"cf": "ŋar",
"gw": "place",
"sense": "place",
"norm0": "V.n:ŋar",
"pos": "V/t",
"epos": "V/t",
"base": "ŋar",
"morph": "V.n:~"}
}
,
{
"node": "d",
"type": "field-end",
"subtype": "wp"}
,
{
"node": "d",
"type": "cell-end"}
,
{
"node": "d",
"type": "cell-start"}
,
{
"node": "d",
"type": "field-start",
"subtype": "eq"}
,
{
"node": "l",
"frag": "⸢pi⸣-[...]",
"id": "P451218.l4ea31",
"ref": "P451218.15.3",
"inst": "u",
"f": {"lang": "akk",
"form": "pi-x",
"pos": "u"}
}
,
{
"node": "d",
"type": "field-end",
"subtype": "eq"}
,
{
"node": "d",
"type": "cell-end"}
,
{
"node": "d",
"type": "line-start",
"ref": "P451218.16",
"n": "4'",
"label": "o ii' 4'"}
,
{
"node": "d",
"type": "cell-start"}
,
{
"node": "d",
"type": "field-start",
"subtype": "wp"}
,
{
"node": "l",
"frag": "[ki]-⸢bi⸣",
"id": "P451218.l4ea32",
"ref": "P451218.16.1",
"inst": "ki[place]N",
"sig": "@dcclt%sux:ki-bi=ki[place//place]N'N$ki,bi/ki#~,bi",
"f": {"lang": "sux",
"form": "ki-bi",
"cf": "ki",
"gw": "place",
"sense": "place",
"norm0": "ki,bi",
"pos": "N",
"epos": "N",
"base": "ki",
"morph": "~,bi"}
}
,
{
"node": "l",
"frag": "in-ŋar-e",
"id": "P451218.l4ea33",
"ref": "P451218.16.2",
"inst": "ŋar[place]V/t",
"sig": "@dcclt%sux:in-ŋar-e=ŋar[place//place]V/t'V/t$V.n:ŋar;e/ŋar#V.n:~;e",
"f": {"lang": "sux",
"form": "in-ŋar-e",
"cf": "ŋar",
"gw": "place",
"sense": "place",
"norm0": "V.n:ŋar;e",
"pos": "V/t",
"epos": "V/t",
"base": "ŋar",
"morph": "V.n:~;e"}
}
,
{
"node": "d",
"type": "field-end",
"subtype": "wp"}
,
{
"node": "d",
"type": "cell-end"}
,
{
"node": "d",
"type": "cell-start"}
,
{
"node": "d",
"type": "field-start",
"subtype": "eq"}
,
{
"node": "l",
"frag": "⸢pi⸣-[...]",
"id": "P451218.l4ea34",
"ref": "P451218.16.3",
"inst": "u",
"f": {"lang": "akk",
"form": "pi-x",
"pos": "u"}
}
,
{
"node": "d",
"type": "field-end",
"subtype": "eq"}
,
{
"node": "d",
"type": "cell-end"}
,
{
"node": "d",
"type": "line-start",
"ref": "P451218.17",
"n": "5'",
"label": "o ii' 5'"}
,
{
"node": "d",
"type": "cell-start"}
,
{
"node": "d",
"type": "field-start",
"subtype": "wp"}
,
{
"node": "l",
"frag": "[ki]-⸢bi⸣",
"id": "P451218.l4ea35",
"ref": "P451218.17.1",
"inst": "ki[place]N",
"sig": "@dcclt%sux:ki-bi=ki[place//place]N'N$ki,bi/ki#~,bi",
"f": {"lang": "sux",
"form": "ki-bi",
"cf": "ki",
"gw": "place",
"sense": "place",
"norm0": "ki,bi",
"pos": "N",
"epos": "N",
"base": "ki",
"morph": "~,bi"}
}
,
{
"node": "l",
"frag": "in-ŋar-e-meš",
"id": "P451218.l4ea36",
"ref": "P451218.17.2",
"inst": "ŋar[place]V/t",
"sig": "@dcclt%sux:in-ŋar-e-meš=ŋar[place//place]V/t'V/t$V.n:ŋar;e.*a,meš/ŋar#V.n:~;e.*a,meš",
"f": {"lang": "sux",
"form": "in-ŋar-e-meš",
"cf": "ŋar",
"gw": "place",
"sense": "place",
"norm0": "V.n:ŋar;e.*a,meš",
"pos": "V/t",
"epos": "V/t",
"base": "ŋar",
"morph": "V.n:~;e.*a,meš"}
}
,
{
"node": "d",
"type": "field-end",
"subtype": "wp"}
,
{
"node": "d",
"type": "cell-end"}
,
{
"node": "d",
"type": "cell-start"}
,
{
"node": "d",
"type": "field-start",
"subtype": "eq"}
,
{
"node": "l",
"frag": "MIN",
"id": "P451218.l4ea37",
"ref": "P451218.17.3",
"inst": "X",
"f": {"lang": "akk",
"form": "MIN",
"pos": "X"}
}
,
{
"node": "l",
"frag": "[...]",
"id": "P451218.l4ea38",
"ref": "P451218.17.4",
"inst": "u",
"f": {"lang": "akk",
"form": "x",
"pos": "u"}
}
,
{
"node": "d",
"type": "field-end",
"subtype": "eq"}
,
{
"node": "d",
"type": "cell-end"}
,
{
"node": "d",
"type": "line-start",
"ref": "P451218.18",
"n": "6'",
"label": "o ii' 6'"}
,
{
"node": "d",
"type": "cell-start"}
,
{
"node": "d",
"type": "field-start",
"subtype": "wp"}
,
{
"node": "l",
"frag": "gaba-ri-a",
"id": "P451218.l4ea39",
"ref": "P451218.18.1",
"inst": "gabaria[an offering]N",
"sig": "@dcclt%sux:gaba-ri-a=gabaria[offering//an offering]N'N$gabaria/gaba-ri-a#~",
"f": {"lang": "sux",
"form": "gaba-ri-a",
"cf": "gabaria",
"gw": "offering",
"sense": "an offering",
"norm0": "gabaria",
"pos": "N",
"epos": "N",
"base": "gaba-ri-a",
"morph": "~"}
}
,
{
"node": "d",
"type": "field-end",
"subtype": "wp"}
,
{
"node": "d",
"type": "cell-end"}
,
{
"node": "d",
"type": "cell-start"}
,
{
"node": "d",
"type": "field-start",
"subtype": "eq"}
,
{
"node": "l",
"frag": "[...]",
"id": "P451218.l4ea3a",
"ref": "P451218.18.2",
"inst": "u",
"f": {"lang": "akk",
"form": "x",
"pos": "u"}
}
,
{
"node": "d",
"type": "field-end",
"subtype": "eq"}
,
{
"node": "d",
"type": "cell-end"}
,
{
"node": "d",
"type": "line-start",
"ref": "P451218.19",
"n": "7'",
"label": "o ii' 7'"}
,
{
"node": "d",
"type": "cell-start"}
,
{
"node": "d",
"type": "field-start",
"subtype": "wp"}
,
{
"node": "l",
"frag": "gaba-ri",
"id": "P451218.l4ea3b",
"ref": "P451218.19.1",
"inst": "gabari[copy]N",
"sig": "@dcclt%sux:gaba-ri=gabari[copy//copy]N'N$gabari/gaba-ri#~",
"f": {"lang": "sux",
"form": "gaba-ri",
"cf": "gabari",
"gw": "copy",
"sense": "copy",
"norm0": "gabari",
"pos": "N",
"epos": "N",
"base": "gaba-ri",
"morph": "~"}
}
,
{
"node": "d",
"type": "field-end",
"subtype": "wp"}
,
{
"node": "d",
"type": "cell-end"}
,
{
"node": "d",
"type": "cell-start"}
,
{
"node": "d",
"type": "field-start",
"subtype": "eq"}
,
{
"node": "l",
"frag": "[...]",
"id": "P451218.l4ea3c",
"ref": "P451218.19.2",
"inst": "u",
"f": {"lang": "akk",
"form": "x",
"pos": "u"}
}
,
{
"node": "d",
"type": "field-end",
"subtype": "eq"}
,
{
"node": "d",
"type": "cell-end"}
,
{
"node": "d",
"type": "nonx",
"ref": "P451218.20",
"strict": "1",
"extent": "1",
"scope": "line",
"state": "ruling"}
,
{
"node": "d",
"type": "line-start",
"ref": "P451218.21",
"n": "8'",
"label": "o ii' 8'"}
,
{
"node": "d",
"type": "cell-start"}
,
{
"node": "d",
"type": "field-start",
"subtype": "wp"}
,
{
"node": "l",
"frag": "sam₂(|NINDA₂×(ŠE.A.AN)|)",
"id": "P451218.l4ea3d",
"ref": "P451218.21.1",
"inst": "sam[price]N",
"sig": "@dcclt%sux:sam₂(|NINDA₂×(ŠE.A.AN)|)=sam[price//price]N'N$sam/sam₂(|NINDA₂×(ŠE.A.AN)|)#~",
"f": {"lang": "sux",
"form": "sam₂(|NINDA₂×(ŠE.A.AN)|)",
"cf": "sam",
"gw": "price",
"sense": "price",
"norm0": "sam",
"pos": "N",
"epos": "N",
"base": "sam₂(|NINDA₂×(ŠE.A.AN)|)",
"morph": "~"}
}
,
{
"node": "d",
"type": "field-end",
"subtype": "wp"}
,
{
"node": "d",
"type": "cell-end"}
,
{
"node": "d",
"type": "cell-start"}
,
{
"node": "d",
"type": "field-start",
"subtype": "eq"}
,
{
"node": "l",
"frag": "[...]",
"id": "P451218.l4ea3e",
"ref": "P451218.21.2",
"inst": "u",
"f": {"lang": "akk",
"form": "x",
"pos": "u"}
}
,
{
"node": "d",
"type": "field-end",
"subtype": "eq"}
,
{
"node": "d",
"type": "cell-end"}
,
{
"node": "d",
"type": "line-start",
"ref": "P451218.22",
"n": "9'",
"label": "o ii' 9'"}
,
{
"node": "d",
"type": "cell-start"}
,
{
"node": "d",
"type": "field-start",
"subtype": "wp"}
,
{
"node": "l",
"frag": "sam₂(|NINDA₂×(ŠE.A.AN)|)bi",
"id": "P451218.l4ea3f",
"ref": "P451218.22.1",
"inst": "sam[price]N/sam₂(|NINDA₂×(ŠE.A.AN)|)#~,bi",
"sig": "@dcclt%sux:sam₂(|NINDA₂×(ŠE.A.AN)|)-bi=sam[price//price]N'N$sam,bi/sam₂(|NINDA₂×(ŠE.A.AN)|)#~,bi",
"f": {"lang": "sux",
"form": "sam₂(|NINDA₂×(ŠE.A.AN)|)-bi",
"cf": "sam",
"gw": "price",
"sense": "price",
"norm0": "sam,bi",
"pos": "N",
"epos": "N",
"base": "sam₂(|NINDA₂×(ŠE.A.AN)|)",
"morph": "~,bi"}
}
,
{
"node": "d",
"type": "field-end",
"subtype": "wp"}
,
{
"node": "d",
"type": "cell-end"}
,
{
"node": "d",
"type": "cell-start"}
,
{
"node": "d",
"type": "field-start",
"subtype": "eq"}
,
{
"node": "l",
"frag": "[...]",
"id": "P451218.l4ea40",
"ref": "P451218.22.2",
"inst": "u",
"f": {"lang": "akk",
"form": "x",
"pos": "u"}
}
,
{
"node": "d",
"type": "field-end",
"subtype": "eq"}
,
{
"node": "d",
"type": "cell-end"}
,
{
"node": "d",
"type": "line-start",
"ref": "P451218.23",
"n": "10'",
"label": "o ii' 10'"}
,
{
"node": "d",
"type": "cell-start"}
,
{
"node": "d",
"type": "field-start",
"subtype": "wp"}
,
{
"node": "l",
"frag": "sam₂(|NINDA₂×(ŠE.A.AN)|)bi-[še₃]",
"id": "P451218.l4ea41",
"ref": "P451218.23.1",
"inst": "sam[price]N/sam₂(|NINDA₂×(ŠE.A.AN)|)#~,bi.eše",
"sig": "@dcclt%sux:sam₂(|NINDA₂×(ŠE.A.AN)|)-bi-še₃=sam[price//price]N'N$sam,bi.eše/sam₂(|NINDA₂×(ŠE.A.AN)|)#~,bi.eše",
"f": {"lang": "sux",
"form": "sam₂(|NINDA₂×(ŠE.A.AN)|)-bi-še₃",
"cf": "sam",
"gw": "price",
"sense": "price",
"norm0": "sam,bi.eše",
"pos": "N",
"epos": "N",
"base": "sam₂(|NINDA₂×(ŠE.A.AN)|)",
"morph": "~,bi.eše"}
}
,
{
"node": "d",
"type": "field-end",
"subtype": "wp"}
,
{
"node": "d",
"type": "cell-end"}
,
{
"node": "d",
"type": "cell-start"}
,
{
"node": "d",
"type": "field-start",
"subtype": "eq"}
,
{
"node": "l",
"frag": "[...]",
"id": "P451218.l4ea42",
"ref": "P451218.23.2",
"inst": "u",
"f": {"lang": "akk",
"form": "x",
"pos": "u"}
}
,
{
"node": "d",
"type": "field-end",
"subtype": "eq"}
,
{
"node": "d",
"type": "cell-end"}
,
{
"node": "d",
"subtype": "column 3o '",
"type": "column",
"ref": "P451218.o.iii_.24",
"n": "3",
"label": "o iii'"}
,
{
"node": "d",
"type": "nonx",
"ref": "P451218.25",
"strict": "1",
"extent": "beginning",
"scope": "line",
"state": "missing"}
,
{
"node": "d",
"type": "line-start",
"ref": "P451218.26",
"n": "1'",
"label": "o iii' 1'"}
,
{
"node": "d",
"type": "cell-start"}
,
{
"node": "d",
"type": "field-start",
"subtype": "wp"}
,
{
"node": "l",
"frag": "⸢ki⸣-[...]",
"id": "P451218.l4ea43",
"ref": "P451218.26.1",
"inst": "ki[place]N",
"sig": "@dcclt%sux:ki-x=ki[place//place]N'N$ki,x/ki#~,x",
"f": {"lang": "sux",
"form": "ki-x",
"cf": "ki",
"gw": "place",
"sense": "place",
"norm0": "ki,x",
"pos": "N",
"epos": "N",
"base": "ki",
"morph": "~,x"}
}
,
{
"node": "d",
"type": "field-end",
"subtype": "wp"}
,
{
"node": "d",
"type": "cell-end"}
,
{
"node": "d",
"type": "cell-start"}
,
{
"node": "d",
"type": "field-start",
"subtype": "eq"}
,
{
"node": "l",
"frag": "[...]",
"id": "P451218.l4ea44",
"ref": "P451218.26.2",
"inst": "u",
"f": {"lang": "akk",
"form": "x",
"pos": "u"}
}
,
{
"node": "d",
"type": "field-end",
"subtype": "eq"}
,
{
"node": "d",
"type": "cell-end"}
,
{
"node": "d",
"type": "line-start",
"ref": "P451218.27",
"n": "2'",
"label": "o iii' 2'"}
,
{
"node": "d",
"type": "cell-start"}
,
{
"node": "d",
"type": "field-start",
"subtype": "wp"}
,
{
"node": "l",
"frag": "⸢gaba⸣-[...]",
"id": "P451218.l4ea45",
"ref": "P451218.27.1",
"inst": "u",
"f": {"lang": "sux",
"form": "gaba-x",
"pos": "u"}
}
,
{
"node": "d",
"type": "field-end",
"subtype": "wp"}
,
{
"node": "d",
"type": "cell-end"}
,
{
"node": "d",
"type": "cell-start"}
,
{
"node": "d",
"type": "field-start",
"subtype": "eq"}
,
{
"node": "l",
"frag": "[...]",
"id": "P451218.l4ea46",
"ref": "P451218.27.2",
"inst": "u",
"f": {"lang": "akk",
"form": "x",
"pos": "u"}
}
,
{
"node": "d",
"type": "field-end",
"subtype": "eq"}
,
{
"node": "d",
"type": "cell-end"}
,
{
"node": "d",
"type": "line-start",
"ref": "P451218.28",
"n": "3'",
"label": "o iii' 3'"}
,
{
"node": "d",
"type": "cell-start"}
,
{
"node": "d",
"type": "field-start",
"subtype": "wp"}
,
{
"node": "l",
"frag": "⸢x⸣-[...]",
"id": "P451218.l4ea47",
"ref": "P451218.28.1",
"inst": "u",
"f": {"lang": "sux",
"form": "x-x",
"pos": "u"}
}
,
{
"node": "d",
"type": "field-end",
"subtype": "wp"}
,
{
"node": "d",
"type": "cell-end"}
,
{
"node": "d",
"type": "cell-start"}
,
{
"node": "d",
"type": "field-start",
"subtype": "eq"}
,
{
"node": "l",
"frag": "[...]",
"id": "P451218.l4ea48",
"ref": "P451218.28.2",
"inst": "u",
"f": {"lang": "akk",
"form": "x",
"pos": "u"}
}
,
{
"node": "d",
"type": "field-end",
"subtype": "eq"}
,
{
"node": "d",
"type": "cell-end"}
,
{
"node": "d",
"type": "nonx",
"ref": "P451218.29",
"strict": "1",
"extent": "rest",
"scope": "line",
"state": "missing"}
,
{
"node": "d",
"subtype": "reverse",
"type": "surface",
"ref": "P451218.r.30",
"type": "reverse",
"label": "r"}
,
{
"node": "d",
"type": "nonx",
"ref": "P451218.31",
"strict": "1",
"extent": "beginning",
"scope": "line",
"state": "missing"}
,
{
"node": "d",
"type": "nonx",
"ref": "P451218.32",
"strict": "0",
"state": "other"}
,
{
"node": "d",
"type": "nonx",
"ref": "P451218.33",
"strict": "1",
"extent": "rest",
"scope": "line",
"state": "missing"}
]}
]}
]}
]}
