{
"type": "cdl",
  "source": "http://oracc.org/dcclt",
  "license": "This data is released under the CC0 license",
  "license-url": "https://creativecommons.org/publicdomain/zero/1.0/",
  "more-info": "http://oracc.org/doc/opendata/",
  "UTC-timestamp": "2017-05-19T18:28:42",
"project": "dcclt",
"textid": "P451305",
"cdl": [
{
"node": "c",
"type": "text",
"id": "P451305.U0",
"cdl": [
{
"node": "d",
"subtype": "tablet",
"type": "object",
"ref": "P451305.x2087.1",
"type": "tablet",
"label": "x2087"}
,
{
"node": "d",
"subtype": "obverse",
"type": "surface",
"ref": "P451305.o.2",
"type": "obverse",
"label": "o"}
,
{
"node": "d",
"type": "nonx",
"ref": "P451305.3",
"strict": "1",
"extent": "beginning",
"scope": "line",
"state": "missing"}
,
{
"node": "c",
"type": "discourse",
"subtype": "body",
"id": "P451305.U1",
"cdl": [
{
"node": "c",
"type": "sentence",
"id": "P451305.U2",
"label": "o 1' - r 9'",
"cdl": [
{
"node": "d",
"type": "line-start",
"ref": "P451305.4",
"n": "1'",
"label": "o 1'"}
,
{
"node": "d",
"type": "cell-start"}
,
{
"node": "d",
"type": "field-start",
"subtype": "wp"}
,
{
"node": "l",
"frag": "⸢sa⸣-[a-ri]",
"id": "P451305.l501bb",
"ref": "P451305.4.1",
"inst": "suari[wild cat]N",
"sig": "@dcclt%sux:sa-a-ri=suari[cat//wild cat]N'N$suari/sa-a-ri#~",
"f": {"lang": "sux",
"form": "sa-a-ri",
"cf": "suari",
"gw": "cat",
"sense": "wild cat",
"norm0": "suari",
"pos": "N",
"epos": "N",
"base": "sa-a-ri",
"morph": "~"}
}
,
{
"node": "d",
"type": "field-end",
"subtype": "wp"}
,
{
"node": "d",
"type": "cell-end"}
,
{
"node": "d",
"type": "cell-start"}
,
{
"node": "d",
"type": "field-start",
"subtype": "eq"}
,
{
"node": "l",
"frag": "[...]",
"id": "P451305.l501bc",
"ref": "P451305.4.2",
"inst": "u",
"f": {"lang": "akk",
"form": "x",
"pos": "u"}
}
,
{
"node": "d",
"type": "field-end",
"subtype": "eq"}
,
{
"node": "d",
"type": "cell-end"}
,
{
"node": "d",
"type": "line-start",
"ref": "P451305.5",
"n": "2'",
"label": "o 2'"}
,
{
"node": "d",
"type": "cell-start"}
,
{
"node": "d",
"type": "field-start",
"subtype": "wp"}
,
{
"node": "l",
"frag": "⸢sa⸣-a",
"id": "P451305.l501bd",
"ref": "P451305.5.1",
"inst": "sua[cat]N/sa-a#~",
"sig": "@dcclt%sux:sa-a=sua[cat//wild cat]N'N$sua/sa-a#~",
"f": {"lang": "sux",
"form": "sa-a",
"cf": "sua",
"gw": "cat",
"sense": "wild cat",
"norm0": "sua",
"pos": "N",
"epos": "N",
"base": "sa-a",
"morph": "~"}
}
,
{
"node": "l",
"frag": "[gal]",
"id": "P451305.l501be",
"ref": "P451305.5.2",
"inst": "gal[(to be) big, great]V/i",
"sig": "@dcclt%sux:gal=gal[big//(to be) big, great]V/i'V/i$gal/gal#~",
"f": {"lang": "sux",
"form": "gal",
"cf": "gal",
"gw": "big",
"sense": "(to be) big, great",
"norm0": "gal",
"pos": "V/i",
"epos": "V/i",
"base": "gal",
"morph": "~"}
}
,
{
"node": "d",
"type": "field-end",
"subtype": "wp"}
,
{
"node": "d",
"type": "cell-end"}
,
{
"node": "d",
"type": "cell-start"}
,
{
"node": "d",
"type": "field-start",
"subtype": "eq"}
,
{
"node": "l",
"frag": "[...]",
"id": "P451305.l501bf",
"ref": "P451305.5.3",
"inst": "u",
"f": {"lang": "akk",
"form": "x",
"pos": "u"}
}
,
{
"node": "d",
"type": "field-end",
"subtype": "eq"}
,
{
"node": "d",
"type": "cell-end"}
,
{
"node": "d",
"type": "line-start",
"ref": "P451305.6",
"n": "3'",
"label": "o 3'"}
,
{
"node": "d",
"type": "cell-start"}
,
{
"node": "d",
"type": "field-start",
"subtype": "wp"}
,
{
"node": "l",
"frag": "sa-a-[ri]",
"id": "P451305.l501c0",
"ref": "P451305.6.1",
"inst": "suari[wild cat]N",
"sig": "@dcclt%sux:sa-a-ri=suari[cat//wild cat]N'N$suari/sa-a-ri#~",
"f": {"lang": "sux",
"form": "sa-a-ri",
"cf": "suari",
"gw": "cat",
"sense": "wild cat",
"norm0": "suari",
"pos": "N",
"epos": "N",
"base": "sa-a-ri",
"morph": "~"}
}
,
{
"node": "d",
"type": "field-end",
"subtype": "wp"}
,
{
"node": "d",
"type": "cell-end"}
,
{
"node": "d",
"type": "cell-start"}
,
{
"node": "d",
"type": "field-start",
"subtype": "eq"}
,
{
"node": "l",
"frag": "[...]",
"id": "P451305.l501c1",
"ref": "P451305.6.2",
"inst": "u",
"f": {"lang": "akk",
"form": "x",
"pos": "u"}
}
,
{
"node": "d",
"type": "field-end",
"subtype": "eq"}
,
{
"node": "d",
"type": "cell-end"}
,
{
"node": "d",
"type": "line-start",
"ref": "P451305.7",
"n": "4'",
"label": "o 4'"}
,
{
"node": "d",
"type": "cell-start"}
,
{
"node": "d",
"type": "field-start",
"subtype": "wp"}
,
{
"node": "l",
"frag": "sa-a",
"id": "P451305.l501c2",
"ref": "P451305.7.1",
"inst": "sua[cat]N",
"sig": "@dcclt%sux:sa-a=sua[cat//wild cat]N'N$sua/sa-a#~",
"f": {"lang": "sux",
"form": "sa-a",
"cf": "sua",
"gw": "cat",
"sense": "wild cat",
"norm0": "sua",
"pos": "N",
"epos": "N",
"base": "sa-a",
"morph": "~"}
}
,
{
"node": "l",
"frag": "[gal]",
"id": "P451305.l501c3",
"ref": "P451305.7.2",
"inst": "gal[(to be) big, great]V/i",
"sig": "@dcclt%sux:gal=gal[big//(to be) big, great]V/i'V/i$gal/gal#~",
"f": {"lang": "sux",
"form": "gal",
"cf": "gal",
"gw": "big",
"sense": "(to be) big, great",
"norm0": "gal",
"pos": "V/i",
"epos": "V/i",
"base": "gal",
"morph": "~"}
}
,
{
"node": "d",
"type": "field-end",
"subtype": "wp"}
,
{
"node": "d",
"type": "cell-end"}
,
{
"node": "d",
"type": "cell-start"}
,
{
"node": "d",
"type": "field-start",
"subtype": "eq"}
,
{
"node": "l",
"frag": "[...]",
"id": "P451305.l501c4",
"ref": "P451305.7.3",
"inst": "u",
"f": {"lang": "akk",
"form": "x",
"pos": "u"}
}
,
{
"node": "d",
"type": "field-end",
"subtype": "eq"}
,
{
"node": "d",
"type": "cell-end"}
,
{
"node": "d",
"type": "line-start",
"ref": "P451305.8",
"n": "5'",
"label": "o 5'"}
,
{
"node": "d",
"type": "cell-start"}
,
{
"node": "d",
"type": "field-start",
"subtype": "wp"}
,
{
"node": "l",
"frag": "sa-a",
"id": "P451305.l501c5",
"ref": "P451305.8.1",
"inst": "sua[cat]N",
"sig": "@dcclt%sux:sa-a=sua[cat//wild cat]N'N$sua/sa-a#~",
"f": {"lang": "sux",
"form": "sa-a",
"cf": "sua",
"gw": "cat",
"sense": "wild cat",
"norm0": "sua",
"pos": "N",
"epos": "N",
"base": "sa-a",
"morph": "~"}
}
,
{
"node": "l",
"frag": "[si]",
"id": "P451305.l501c6",
"ref": "P451305.8.2",
"inst": "si[horn]N",
"sig": "@dcclt%sux:si=si[horn//horn]N'N$si/si#~",
"f": {"lang": "sux",
"form": "si",
"cf": "si",
"gw": "horn",
"sense": "horn",
"norm0": "si",
"pos": "N",
"epos": "N",
"base": "si",
"morph": "~"}
}
,
{
"node": "d",
"type": "field-end",
"subtype": "wp"}
,
{
"node": "d",
"type": "cell-end"}
,
{
"node": "d",
"type": "cell-start"}
,
{
"node": "d",
"type": "field-start",
"subtype": "eq"}
,
{
"node": "l",
"frag": "[...]",
"id": "P451305.l501c7",
"ref": "P451305.8.3",
"inst": "u",
"f": {"lang": "akk",
"form": "x",
"pos": "u"}
}
,
{
"node": "d",
"type": "field-end",
"subtype": "eq"}
,
{
"node": "d",
"type": "cell-end"}
,
{
"node": "d",
"type": "line-start",
"ref": "P451305.9",
"n": "6'",
"label": "o 6'"}
,
{
"node": "d",
"type": "cell-start"}
,
{
"node": "d",
"type": "field-start",
"subtype": "wp"}
,
{
"node": "l",
"frag": "sa-<a>",
"id": "P451305.l501c8",
"ref": "P451305.9.1",
"inst": "sua[cat]N",
"sig": "@dcclt%sux:sa-a=sua[cat//wild cat]N'N$sua/sa-a#~",
"f": {"lang": "sux",
"form": "sa-a",
"cf": "sua",
"gw": "cat",
"sense": "wild cat",
"norm0": "sua",
"pos": "N",
"epos": "N",
"base": "sa-a",
"morph": "~"}
}
,
{
"node": "l",
"frag": "si₁₂-⸢si₁₂⸣",
"id": "P451305.l501c9",
"ref": "P451305.9.2",
"inst": "sissig[(to be) green-yellow, pale]V/i",
"sig": "@dcclt%sux:si₁₂-si₁₂=sissig[green//(to be) green-yellow, pale]V/i'V/i$sissig/si₁₂-si₁₂#~",
"f": {"lang": "sux",
"form": "si₁₂-si₁₂",
"cf": "sissig",
"gw": "green",
"sense": "(to be) green-yellow, pale",
"norm0": "sissig",
"pos": "V/i",
"epos": "V/i",
"base": "si₁₂-si₁₂",
"morph": "~"}
}
,
{
"node": "d",
"type": "field-end",
"subtype": "wp"}
,
{
"node": "d",
"type": "cell-end"}
,
{
"node": "d",
"type": "cell-start"}
,
{
"node": "d",
"type": "field-start",
"subtype": "eq"}
,
{
"node": "l",
"frag": "[...]",
"id": "P451305.l501ca",
"ref": "P451305.9.3",
"inst": "u",
"f": {"lang": "akk",
"form": "x",
"pos": "u"}
}
,
{
"node": "d",
"type": "field-end",
"subtype": "eq"}
,
{
"node": "d",
"type": "cell-end"}
,
{
"node": "d",
"type": "line-start",
"ref": "P451305.10",
"n": "7'",
"label": "o 7'"}
,
{
"node": "d",
"type": "cell-start"}
,
{
"node": "d",
"type": "field-start",
"subtype": "wp"}
,
{
"node": "l",
"frag": "sa-a-⸢ri-ri⸣",
"id": "P451305.l501cb",
"ref": "P451305.10.1",
"inst": "suari[wild cat]N/sa-a-ri-ri#~",
"sig": "@dcclt%sux:sa-a-ri-ri=suari[wild cat//wild cat]N'N$suari/sa-a-ri-ri#~",
"f": {"lang": "sux",
"form": "sa-a-ri-ri",
"cf": "suari",
"gw": "wild cat",
"sense": "wild cat",
"norm0": "suari",
"pos": "N",
"epos": "N",
"base": "sa-a-ri-ri",
"morph": "~"}
}
,
{
"node": "d",
"type": "field-end",
"subtype": "wp"}
,
{
"node": "d",
"type": "cell-end"}
,
{
"node": "d",
"type": "cell-start"}
,
{
"node": "d",
"type": "field-start",
"subtype": "eq"}
,
{
"node": "l",
"frag": "[...]",
"id": "P451305.l501cc",
"ref": "P451305.10.2",
"inst": "u",
"f": {"lang": "akk",
"form": "x",
"pos": "u"}
}
,
{
"node": "d",
"type": "field-end",
"subtype": "eq"}
,
{
"node": "d",
"type": "cell-end"}
,
{
"node": "d",
"type": "line-start",
"ref": "P451305.11",
"n": "8'",
"label": "o 8'"}
,
{
"node": "d",
"type": "cell-start"}
,
{
"node": "d",
"type": "field-start",
"subtype": "wp"}
,
{
"node": "l",
"frag": "⸢ab₂⸣-[za-za]",
"id": "P451305.l501cd",
"ref": "P451305.11.1",
"inst": "abzaza[zebu]N",
"sig": "@dcclt%sux:ab₂-za-za=abzaza[zebu//zebu]N'N$abzaza/ab₂-za-za#~",
"f": {"lang": "sux",
"form": "ab₂-za-za",
"cf": "abzaza",
"gw": "zebu",
"sense": "zebu",
"norm0": "abzaza",
"pos": "N",
"epos": "N",
"base": "ab₂-za-za",
"morph": "~"}
}
,
{
"node": "d",
"type": "field-end",
"subtype": "wp"}
,
{
"node": "d",
"type": "cell-end"}
,
{
"node": "d",
"type": "cell-start"}
,
{
"node": "d",
"type": "field-start",
"subtype": "eq"}
,
{
"node": "l",
"frag": "[...]",
"id": "P451305.l501ce",
"ref": "P451305.11.2",
"inst": "u",
"f": {"lang": "akk",
"form": "x",
"pos": "u"}
}
,
{
"node": "d",
"type": "field-end",
"subtype": "eq"}
,
{
"node": "d",
"type": "cell-end"}
,
{
"node": "d",
"type": "nonx",
"ref": "P451305.12",
"strict": "1",
"extent": "rest",
"scope": "line",
"state": "missing"}
,
{
"node": "d",
"subtype": "reverse",
"type": "surface",
"ref": "P451305.r.13",
"type": "reverse",
"label": "r"}
,
{
"node": "d",
"type": "nonx",
"ref": "P451305.14",
"strict": "1",
"extent": "beginning",
"scope": "line",
"state": "missing"}
,
{
"node": "d",
"type": "line-start",
"ref": "P451305.15",
"n": "1'",
"label": "r 1'"}
,
{
"node": "d",
"type": "cell-start"}
,
{
"node": "d",
"type": "field-start",
"subtype": "wp"}
,
{
"node": "l",
"frag": "ug",
"id": "P451305.l501cf",
"ref": "P451305.15.1",
"inst": "ug[lion]N",
"sig": "@dcclt%sux:ug=ug[lion//lion]N'N$ug/ug#~",
"f": {"lang": "sux",
"form": "ug",
"cf": "ug",
"gw": "lion",
"sense": "lion",
"norm0": "ug",
"pos": "N",
"epos": "N",
"base": "ug",
"morph": "~"}
}
,
{
"node": "l",
"frag": "[gal]",
"id": "P451305.l501d0",
"ref": "P451305.15.2",
"inst": "gal[(to be) big, great]V/i",
"sig": "@dcclt%sux:gal=gal[big//(to be) big, great]V/i'V/i$gal/gal#~",
"f": {"lang": "sux",
"form": "gal",
"cf": "gal",
"gw": "big",
"sense": "(to be) big, great",
"norm0": "gal",
"pos": "V/i",
"epos": "V/i",
"base": "gal",
"morph": "~"}
}
,
{
"node": "d",
"type": "field-end",
"subtype": "wp"}
,
{
"node": "d",
"type": "cell-end"}
,
{
"node": "d",
"type": "cell-start"}
,
{
"node": "d",
"type": "field-start",
"subtype": "eq"}
,
{
"node": "l",
"frag": "[...]",
"id": "P451305.l501d1",
"ref": "P451305.15.3",
"inst": "u",
"f": {"lang": "akk",
"form": "x",
"pos": "u"}
}
,
{
"node": "d",
"type": "field-end",
"subtype": "eq"}
,
{
"node": "d",
"type": "cell-end"}
,
{
"node": "d",
"type": "line-start",
"ref": "P451305.16",
"n": "2'",
"label": "r 2'"}
,
{
"node": "d",
"type": "cell-start"}
,
{
"node": "d",
"type": "field-start",
"subtype": "wp"}
,
{
"node": "l",
"frag": "[piriŋ]",
"id": "P451305.l501d2",
"ref": "P451305.16.1",
"inst": "piriŋ[lion]N",
"sig": "@dcclt%sux:piriŋ=piriŋ[lion//lion]N'N$piriŋ/piriŋ#~",
"f": {"lang": "sux",
"form": "piriŋ",
"cf": "piriŋ",
"gw": "lion",
"sense": "lion",
"norm0": "piriŋ",
"pos": "N",
"epos": "N",
"base": "piriŋ",
"morph": "~"}
}
,
{
"node": "d",
"type": "field-end",
"subtype": "wp"}
,
{
"node": "d",
"type": "cell-end"}
,
{
"node": "d",
"type": "cell-start"}
,
{
"node": "d",
"type": "field-start",
"subtype": "eq"}
,
{
"node": "l",
"frag": "[...]",
"id": "P451305.l501d3",
"ref": "P451305.16.2",
"inst": "u",
"f": {"lang": "akk",
"form": "x",
"pos": "u"}
}
,
{
"node": "d",
"type": "field-end",
"subtype": "eq"}
,
{
"node": "d",
"type": "cell-end"}
,
{
"node": "d",
"type": "line-start",
"ref": "P451305.17",
"n": "3'",
"label": "r 3'"}
,
{
"node": "d",
"type": "cell-start"}
,
{
"node": "d",
"type": "field-start",
"subtype": "wp"}
,
{
"node": "l",
"frag": "⸢piriŋ⸣",
"id": "P451305.l501d4",
"ref": "P451305.17.1",
"inst": "piriŋ[lion]N",
"sig": "@dcclt%sux:piriŋ=piriŋ[lion//lion]N'N$piriŋ/piriŋ#~",
"f": {"lang": "sux",
"form": "piriŋ",
"cf": "piriŋ",
"gw": "lion",
"sense": "lion",
"norm0": "piriŋ",
"pos": "N",
"epos": "N",
"base": "piriŋ",
"morph": "~"}
}
,
{
"node": "d",
"type": "field-end",
"subtype": "wp"}
,
{
"node": "d",
"type": "cell-end"}
,
{
"node": "d",
"type": "cell-start"}
,
{
"node": "d",
"type": "field-start",
"subtype": "eq"}
,
{
"node": "l",
"frag": "[...]",
"id": "P451305.l501d5",
"ref": "P451305.17.2",
"inst": "u",
"f": {"lang": "akk",
"form": "x",
"pos": "u"}
}
,
{
"node": "d",
"type": "field-end",
"subtype": "eq"}
,
{
"node": "d",
"type": "cell-end"}
,
{
"node": "d",
"type": "line-start",
"ref": "P451305.18",
"n": "4'",
"label": "r 4'"}
,
{
"node": "d",
"type": "cell-start"}
,
{
"node": "d",
"type": "field-start",
"subtype": "wp"}
,
{
"node": "l",
"frag": "⸢piriŋ⸣",
"id": "P451305.l501d6",
"ref": "P451305.18.1",
"inst": "piriŋ[lion]N",
"sig": "@dcclt%sux:piriŋ=piriŋ[lion//lion]N'N$piriŋ/piriŋ#~",
"f": {"lang": "sux",
"form": "piriŋ",
"cf": "piriŋ",
"gw": "lion",
"sense": "lion",
"norm0": "piriŋ",
"pos": "N",
"epos": "N",
"base": "piriŋ",
"morph": "~"}
}
,
{
"node": "d",
"type": "field-end",
"subtype": "wp"}
,
{
"node": "d",
"type": "cell-end"}
,
{
"node": "d",
"type": "cell-start"}
,
{
"node": "d",
"type": "field-start",
"subtype": "eq"}
,
{
"node": "l",
"frag": "[...]",
"id": "P451305.l501d7",
"ref": "P451305.18.2",
"inst": "u",
"f": {"lang": "akk",
"form": "x",
"pos": "u"}
}
,
{
"node": "d",
"type": "field-end",
"subtype": "eq"}
,
{
"node": "d",
"type": "cell-end"}
,
{
"node": "d",
"type": "line-start",
"ref": "P451305.19",
"n": "5'",
"label": "r 5'"}
,
{
"node": "d",
"type": "cell-start"}
,
{
"node": "d",
"type": "field-start",
"subtype": "wp"}
,
{
"node": "l",
"frag": "piriŋ",
"id": "P451305.l501d8",
"ref": "P451305.19.1",
"inst": "piriŋ[lion]N",
"sig": "@dcclt%sux:piriŋ=piriŋ[lion//lion]N'N$piriŋ/piriŋ#~",
"f": {"lang": "sux",
"form": "piriŋ",
"cf": "piriŋ",
"gw": "lion",
"sense": "lion",
"norm0": "piriŋ",
"pos": "N",
"epos": "N",
"base": "piriŋ",
"morph": "~"}
}
,
{
"node": "c",
"type": "phrase",
"tag": "phr",
"id": "P451305.U4",
"ref": "P451305.ls00000",
"cdl": [
{
"node": "l",
"frag": "ka",
"id": "P451305.l501d9",
"ref": "P451305.19.2",
"inst": "kag[mouth]N",
"sig": "@dcclt%sux:ka=kag[mouth//mouth]N'N$kag/ka#~",
"f": {"lang": "sux",
"form": "ka",
"cf": "kag",
"gw": "mouth",
"sense": "mouth",
"norm0": "kag",
"pos": "N",
"epos": "N",
"base": "ka",
"morph": "~"}
}
,
{
"node": "l",
"frag": "⸢duh⸣-[a]",
"id": "P451305.l501da",
"ref": "P451305.19.3",
"inst": "duh[to loosen, release]V/t",
"sig": "@dcclt%sux:duh-a=duh[loosen//release]V/t'V/t$duh;a/duh#~;a",
"f": {"lang": "sux",
"form": "duh-a",
"cf": "duh",
"gw": "loosen",
"sense": "release",
"norm0": "duh;a",
"pos": "V/t",
"epos": "V/t",
"base": "duh",
"morph": "~;a"}
}
]}
,
{
"node": "d",
"type": "field-end",
"subtype": "wp"}
,
{
"node": "d",
"type": "cell-end"}
,
{
"node": "d",
"type": "cell-start"}
,
{
"node": "d",
"type": "field-start",
"subtype": "eq"}
,
{
"node": "l",
"frag": "[...]",
"id": "P451305.l501db",
"ref": "P451305.19.4",
"inst": "u",
"f": {"lang": "akk",
"form": "x",
"pos": "u"}
}
,
{
"node": "d",
"type": "field-end",
"subtype": "eq"}
,
{
"node": "d",
"type": "cell-end"}
,
{
"node": "d",
"type": "line-start",
"ref": "P451305.20",
"n": "6'",
"label": "r 6'"}
,
{
"node": "d",
"type": "cell-start"}
,
{
"node": "d",
"type": "field-start",
"subtype": "wp"}
,
{
"node": "l",
"frag": "piriŋ",
"id": "P451305.l501dc",
"ref": "P451305.20.1",
"inst": "piriŋ[lion]N",
"sig": "@dcclt%sux:piriŋ=piriŋ[lion//lion]N'N$piriŋ/piriŋ#~",
"f": {"lang": "sux",
"form": "piriŋ",
"cf": "piriŋ",
"gw": "lion",
"sense": "lion",
"norm0": "piriŋ",
"pos": "N",
"epos": "N",
"base": "piriŋ",
"morph": "~"}
}
,
{
"node": "c",
"type": "phrase",
"tag": "phr",
"id": "P451305.U5",
"ref": "P451305.ls00001",
"cdl": [
{
"node": "l",
"frag": "⸢ka⸣",
"id": "P451305.l501dd",
"ref": "P451305.20.2",
"inst": "kag[mouth]N",
"sig": "@dcclt%sux:ka=kag[mouth//mouth]N'N$kag/ka#~",
"f": {"lang": "sux",
"form": "ka",
"cf": "kag",
"gw": "mouth",
"sense": "mouth",
"norm0": "kag",
"pos": "N",
"epos": "N",
"base": "ka",
"morph": "~"}
}
,
{
"node": "l",
"frag": "[duh-a]",
"id": "P451305.l501de",
"ref": "P451305.20.3",
"inst": "duh[to loosen, release]V/t",
"sig": "@dcclt%sux:duh-a=duh[loosen//release]V/t'V/t$duh;a/duh#~;a",
"f": {"lang": "sux",
"form": "duh-a",
"cf": "duh",
"gw": "loosen",
"sense": "release",
"norm0": "duh;a",
"pos": "V/t",
"epos": "V/t",
"base": "duh",
"morph": "~;a"}
}
]}
,
{
"node": "d",
"type": "field-end",
"subtype": "wp"}
,
{
"node": "d",
"type": "cell-end"}
,
{
"node": "d",
"type": "cell-start"}
,
{
"node": "d",
"type": "field-start",
"subtype": "eq"}
,
{
"node": "l",
"frag": "[...]",
"id": "P451305.l501df",
"ref": "P451305.20.4",
"inst": "u",
"f": {"lang": "akk",
"form": "x",
"pos": "u"}
}
,
{
"node": "d",
"type": "field-end",
"subtype": "eq"}
,
{
"node": "d",
"type": "cell-end"}
,
{
"node": "d",
"type": "line-start",
"ref": "P451305.21",
"n": "7'",
"label": "r 7'"}
,
{
"node": "d",
"type": "cell-start"}
,
{
"node": "d",
"type": "field-start",
"subtype": "wp"}
,
{
"node": "l",
"frag": "piriŋ",
"id": "P451305.l501e0",
"ref": "P451305.21.1",
"inst": "piriŋ[lion]N",
"sig": "@dcclt%sux:piriŋ=piriŋ[lion//lion]N'N$piriŋ/piriŋ#~",
"f": {"lang": "sux",
"form": "piriŋ",
"cf": "piriŋ",
"gw": "lion",
"sense": "lion",
"norm0": "piriŋ",
"pos": "N",
"epos": "N",
"base": "piriŋ",
"morph": "~"}
}
,
{
"node": "l",
"frag": "⸢ka⸣",
"id": "P451305.l501e1",
"ref": "P451305.21.2",
"inst": "kag[mouth]N",
"sig": "@dcclt%sux:ka=kag[mouth//mouth]N'N$kag/ka#~",
"f": {"lang": "sux",
"form": "ka",
"cf": "kag",
"gw": "mouth",
"sense": "mouth",
"norm0": "kag",
"pos": "N",
"epos": "N",
"base": "ka",
"morph": "~"}
}
,
{
"node": "l",
"frag": "[tab-ba]",
"id": "P451305.l501e2",
"ref": "P451305.21.3",
"inst": "tab[to double]V/t",
"sig": "@dcclt%sux:tab-ba=tab[double//to double]V/t'V/t$tab;a/tab+-ba=b.a#~;a",
"f": {"lang": "sux",
"form": "tab-ba",
"cf": "tab",
"gw": "double",
"sense": "to double",
"norm0": "tab;a",
"pos": "V/t",
"epos": "V/t",
"base": "tab",
"cont": "-ba=b.a",
"morph": "~;a"}
}
,
{
"node": "d",
"type": "field-end",
"subtype": "wp"}
,
{
"node": "d",
"type": "cell-end"}
,
{
"node": "d",
"type": "cell-start"}
,
{
"node": "d",
"type": "field-start",
"subtype": "eq"}
,
{
"node": "l",
"frag": "[...]",
"id": "P451305.l501e3",
"ref": "P451305.21.4",
"inst": "u",
"f": {"lang": "akk",
"form": "x",
"pos": "u"}
}
,
{
"node": "d",
"type": "field-end",
"subtype": "eq"}
,
{
"node": "d",
"type": "cell-end"}
,
{
"node": "d",
"type": "line-start",
"ref": "P451305.22",
"n": "8'",
"label": "r 8'"}
,
{
"node": "d",
"type": "cell-start"}
,
{
"node": "d",
"type": "field-start",
"subtype": "wp"}
,
{
"node": "l",
"frag": "piriŋ",
"id": "P451305.l501e4",
"ref": "P451305.22.1",
"inst": "piriŋ[lion]N",
"sig": "@dcclt%sux:piriŋ=piriŋ[lion//lion]N'N$piriŋ/piriŋ#~",
"f": {"lang": "sux",
"form": "piriŋ",
"cf": "piriŋ",
"gw": "lion",
"sense": "lion",
"norm0": "piriŋ",
"pos": "N",
"epos": "N",
"base": "piriŋ",
"morph": "~"}
}
,
{
"node": "l",
"frag": "[huš]",
"id": "P451305.l501e5",
"ref": "P451305.22.2",
"inst": "huš[(to be) furious, angry]V/i",
"sig": "@dcclt%sux:huš=huš[reddish//(to be) furious, angry]V/i'V/i$huš/huš#~",
"f": {"lang": "sux",
"form": "huš",
"cf": "huš",
"gw": "reddish",
"sense": "(to be) furious, angry",
"norm0": "huš",
"pos": "V/i",
"epos": "V/i",
"base": "huš",
"morph": "~"}
}
,
{
"node": "d",
"type": "field-end",
"subtype": "wp"}
,
{
"node": "d",
"type": "cell-end"}
,
{
"node": "d",
"type": "cell-start"}
,
{
"node": "d",
"type": "field-start",
"subtype": "eq"}
,
{
"node": "l",
"frag": "[...]",
"id": "P451305.l501e6",
"ref": "P451305.22.3",
"inst": "u",
"f": {"lang": "akk",
"form": "x",
"pos": "u"}
}
,
{
"node": "d",
"type": "field-end",
"subtype": "eq"}
,
{
"node": "d",
"type": "cell-end"}
,
{
"node": "d",
"type": "line-start",
"ref": "P451305.23",
"n": "9'",
"label": "r 9'"}
,
{
"node": "d",
"type": "cell-start"}
,
{
"node": "d",
"type": "field-start",
"subtype": "wp"}
,
{
"node": "l",
"frag": "⸢piriŋ⸣",
"id": "P451305.l501e7",
"ref": "P451305.23.1",
"inst": "piriŋ[lion]N",
"sig": "@dcclt%sux:piriŋ=piriŋ[lion//lion]N'N$piriŋ/piriŋ#~",
"f": {"lang": "sux",
"form": "piriŋ",
"cf": "piriŋ",
"gw": "lion",
"sense": "lion",
"norm0": "piriŋ",
"pos": "N",
"epos": "N",
"base": "piriŋ",
"morph": "~"}
}
,
{
"node": "l",
"frag": "[...]",
"id": "P451305.l501e8",
"ref": "P451305.23.2",
"inst": "u",
"f": {"lang": "sux",
"form": "x",
"pos": "u"}
}
,
{
"node": "d",
"type": "field-end",
"subtype": "wp"}
,
{
"node": "d",
"type": "cell-end"}
,
{
"node": "d",
"type": "cell-start"}
,
{
"node": "d",
"type": "field-start",
"subtype": "eq"}
,
{
"node": "l",
"frag": "[...]",
"id": "P451305.l501e9",
"ref": "P451305.23.3",
"inst": "u",
"f": {"lang": "akk",
"form": "x",
"pos": "u"}
}
,
{
"node": "d",
"type": "field-end",
"subtype": "eq"}
,
{
"node": "d",
"type": "cell-end"}
,
{
"node": "d",
"type": "nonx",
"ref": "P451305.24",
"strict": "1",
"extent": "rest",
"scope": "line",
"state": "missing"}
]}
]}
]}
,
{
"linkbase": [{
"type": "linkset",
"xlink_title": "kag du[disrespect//to disrespect]V/t'V/t",
"id": "P451305.ls00000",
"xlink_type": "extended",
"xlink_role": "psu",
"sig": "{ka duh-a = kag[mouth]N duh[loosen]V/t += kag du[disrespect//to disrespect]V/t'V/t}::@dcclt%sux:ka=kag[mouth//mouth]N'N$kag/ka#~++@dcclt%sux:duh-a=duh[loosen//to loosen, release]V/t'V/t$duh;a/duh#~;a",
"links": [
{
"type": "link",
"xlink_title": "kag",
"xlink_type": "locator",
"xlink_href": "#P451305.l501d9",
"xlink_role": "elt"}
,
{
"type": "link",
"xlink_title": "duh",
"xlink_type": "locator",
"xlink_href": "#P451305.l501da",
"xlink_role": "elt"}
]}
,
{
"type": "linkset",
"xlink_title": "kag du[disrespect//to disrespect]V/t'V/t",
"id": "P451305.ls00001",
"xlink_type": "extended",
"xlink_role": "psu",
"sig": "{ka duh-a = kag[mouth]N duh[loosen]V/t += kag du[disrespect//to disrespect]V/t'V/t}::@dcclt%sux:ka=kag[mouth//mouth]N'N$kag/ka#~++@dcclt%sux:duh-a=duh[loosen//to loosen, release]V/t'V/t$duh;a/duh#~;a",
"links": [
{
"type": "link",
"xlink_title": "kag",
"xlink_type": "locator",
"xlink_href": "#P451305.l501dd",
"xlink_role": "elt"}
,
{
"type": "link",
"xlink_title": "duh",
"xlink_type": "locator",
"xlink_href": "#P451305.l501de",
"xlink_role": "elt"}
]}
]}
]}
