{
"type": "cdl",
  "source": "http://oracc.org/dcclt",
  "license": "This data is released under the CC0 license",
  "license-url": "https://creativecommons.org/publicdomain/zero/1.0/",
  "more-info": "http://oracc.org/doc/opendata/",
  "UTC-timestamp": "2017-05-19T18:28:44",
"project": "dcclt",
"textid": "P451529",
"cdl": [
{
"node": "c",
"type": "text",
"id": "P451529.U0",
"cdl": [
{
"node": "d",
"subtype": "tablet",
"type": "object",
"ref": "P451529.x1921.1",
"type": "tablet",
"label": "x1921"}
,
{
"node": "d",
"subtype": "obverse",
"type": "surface",
"ref": "P451529.o.2",
"type": "obverse",
"label": "o"}
,
{
"node": "d",
"subtype": "column 1o '",
"type": "column",
"ref": "P451529.o.i_.3",
"n": "1",
"label": "o i'"}
,
{
"node": "d",
"type": "nonx",
"ref": "P451529.4",
"strict": "1",
"extent": "beginning",
"scope": "line",
"state": "missing"}
,
{
"node": "d",
"type": "nonx",
"ref": "P451529.5",
"strict": "0",
"extent": "1",
"state": "ruling"}
,
{
"node": "c",
"type": "discourse",
"subtype": "body",
"id": "P451529.U1",
"cdl": [
{
"node": "c",
"type": "sentence",
"id": "P451529.U2",
"label": "o i' 1' - o ii' 13'",
"cdl": [
{
"node": "d",
"type": "line-start",
"ref": "P451529.6",
"n": "1'",
"label": "o i' 1'"}
,
{
"node": "d",
"type": "cell-start"}
,
{
"node": "d",
"type": "field-start",
"subtype": "wp"}
,
{
"node": "l",
"frag": "[...]",
"id": "P451529.l4de0f",
"ref": "P451529.6.1",
"inst": "u",
"f": {"lang": "sux",
"form": "x",
"pos": "u"}
}
,
{
"node": "d",
"type": "field-end",
"subtype": "wp"}
,
{
"node": "d",
"type": "cell-end"}
,
{
"node": "d",
"type": "cell-start"}
,
{
"node": "d",
"type": "field-start",
"subtype": "eq"}
,
{
"node": "l",
"frag": "[u₂]-⸢še⸣-[piš]",
"id": "P451529.l4de10",
"ref": "P451529.6.2",
"inst": "ušēpiš[have (something) manufactured]V",
"sig": "@dcclt%akk:u₂-še-piš=epēšu[do//have (something) manufactured]V'V$ušēpiš",
"f": {"lang": "akk",
"form": "u₂-še-piš",
"cf": "epēšu",
"gw": "do",
"sense": "have (something) manufactured",
"norm": "ušēpiš",
"pos": "V",
"epos": "V"}
}
,
{
"node": "d",
"type": "field-end",
"subtype": "eq"}
,
{
"node": "d",
"type": "cell-end"}
,
{
"node": "d",
"type": "line-start",
"ref": "P451529.7",
"n": "2'",
"label": "o i' 2'"}
,
{
"node": "d",
"type": "cell-start"}
,
{
"node": "d",
"type": "field-start",
"subtype": "wp"}
,
{
"node": "l",
"frag": "[...]",
"id": "P451529.l4de11",
"ref": "P451529.7.1",
"inst": "u",
"f": {"lang": "sux",
"form": "x",
"pos": "u"}
}
,
{
"node": "d",
"type": "field-end",
"subtype": "wp"}
,
{
"node": "d",
"type": "cell-end"}
,
{
"node": "d",
"type": "cell-start"}
,
{
"node": "d",
"type": "field-start",
"subtype": "eq"}
,
{
"node": "l",
"frag": "⸢gi⸣-mil-[lum]",
"id": "P451529.l4de12",
"ref": "P451529.7.2",
"inst": "+gimillu[favour]N$gimillum",
"sig": "@dcclt%akk:gi-mil-lum=gimillu[favour//favour]N'N$gimillum",
"f": {"lang": "akk",
"form": "gi-mil-lum",
"cf": "gimillu",
"gw": "favour",
"sense": "favour",
"norm": "gimillum",
"pos": "N",
"epos": "N"}
}
,
{
"node": "d",
"type": "field-end",
"subtype": "eq"}
,
{
"node": "d",
"type": "cell-end"}
,
{
"node": "d",
"type": "line-start",
"ref": "P451529.8",
"n": "3'",
"label": "o i' 3'"}
,
{
"node": "d",
"type": "cell-start"}
,
{
"node": "d",
"type": "field-start",
"subtype": "wp"}
,
{
"node": "l",
"frag": "[...]",
"id": "P451529.l4de13",
"ref": "P451529.8.1",
"inst": "u",
"f": {"lang": "sux",
"form": "x",
"pos": "u"}
}
,
{
"node": "d",
"type": "field-end",
"subtype": "wp"}
,
{
"node": "d",
"type": "cell-end"}
,
{
"node": "d",
"type": "cell-start"}
,
{
"node": "d",
"type": "field-start",
"subtype": "eq"}
,
{
"node": "l",
"frag": "ga-ma-⸢lum⸣",
"id": "P451529.l4de14",
"ref": "P451529.8.2",
"inst": "+gamālu[do a favour//doing a favour]V'N$gamālum",
"sig": "@dcclt%akk:ga-ma-lum=gamālu[do a favour//doing a favour]V'N$gamālum",
"f": {"lang": "akk",
"form": "ga-ma-lum",
"cf": "gamālu",
"gw": "do a favour",
"sense": "doing a favour",
"norm": "gamālum",
"pos": "V",
"epos": "N"}
}
,
{
"node": "d",
"type": "field-end",
"subtype": "eq"}
,
{
"node": "d",
"type": "cell-end"}
,
{
"node": "d",
"type": "line-start",
"ref": "P451529.9",
"n": "4'",
"label": "o i' 4'"}
,
{
"node": "d",
"type": "cell-start"}
,
{
"node": "d",
"type": "field-start",
"subtype": "wp"}
,
{
"node": "l",
"frag": "[...]",
"id": "P451529.l4de15",
"ref": "P451529.9.1",
"inst": "u",
"f": {"lang": "sux",
"form": "x",
"pos": "u"}
}
,
{
"node": "l",
"frag": "⸢gi⸣",
"id": "P451529.l4de16",
"ref": "P451529.9.2",
"inst": "gi[turn]V/i",
"sig": "@dcclt%sux:gi=gi[turn//turn]V/i'V/i$gi/gi#~",
"f": {"lang": "sux",
"form": "gi",
"cf": "gi",
"gw": "turn",
"sense": "turn",
"norm0": "gi",
"pos": "V/i",
"epos": "V/i",
"base": "gi",
"morph": "~"}
}
,
{
"node": "d",
"type": "field-end",
"subtype": "wp"}
,
{
"node": "d",
"type": "cell-end"}
,
{
"node": "d",
"type": "cell-start"}
,
{
"node": "d",
"type": "field-start",
"subtype": "eq"}
,
{
"node": "l",
"frag": "gi-mil-lum",
"id": "P451529.l4de17",
"ref": "P451529.9.3",
"inst": "gimillum[favour]N",
"sig": "@dcclt%akk:gi-mil-lum=gimillu[favour//favour]N'N$gimillum",
"f": {"lang": "akk",
"form": "gi-mil-lum",
"cf": "gimillu",
"gw": "favour",
"sense": "favour",
"norm": "gimillum",
"pos": "N",
"epos": "N"}
}
,
{
"node": "l",
"frag": "tur-[ru]",
"id": "P451529.l4de18",
"ref": "P451529.9.4",
"inst": "turru[returning]'N",
"sig": "@dcclt%akk:tur-ru=târu[turn//returning]V'N$turru",
"f": {"lang": "akk",
"form": "tur-ru",
"cf": "târu",
"gw": "turn",
"sense": "returning",
"norm": "turru",
"pos": "V",
"epos": "N"}
}
,
{
"node": "d",
"type": "field-end",
"subtype": "eq"}
,
{
"node": "d",
"type": "cell-end"}
,
{
"node": "d",
"type": "line-start",
"ref": "P451529.10",
"n": "5'",
"label": "o i' 5'"}
,
{
"node": "d",
"type": "cell-start"}
,
{
"node": "d",
"type": "field-start",
"subtype": "wp"}
,
{
"node": "l",
"frag": "[šu-ŋar]-⸢ra⸣",
"id": "P451529.l4de19",
"ref": "P451529.10.1",
"inst": "šuŋar[favor]N",
"sig": "@dcclt%sux:šu-ŋar-ra=šuŋar[favor//favor]N'N$šuŋar;a/šu-ŋar+-ra=r.a#~;a",
"f": {"lang": "sux",
"form": "šu-ŋar-ra",
"cf": "šuŋar",
"gw": "favor",
"sense": "favor",
"norm0": "šuŋar;a",
"pos": "N",
"epos": "N",
"base": "šu-ŋar",
"cont": "-ra=r.a",
"morph": "~;a"}
}
,
{
"node": "l",
"frag": "ŋa₂",
"id": "P451529.l4de1a",
"ref": "P451529.10.2",
"inst": "ŋar[place]V/t/ŋa₂#~",
"sig": "@dcclt%sux:ŋa₂=ŋar[place//place]V/t'V/t$ŋar/ŋa₂#~",
"f": {"lang": "sux",
"form": "ŋa₂",
"cf": "ŋar",
"gw": "place",
"sense": "place",
"norm0": "ŋar",
"pos": "V/t",
"epos": "V/t",
"base": "ŋa₂",
"morph": "~"}
}
,
{
"node": "d",
"type": "field-end",
"subtype": "wp"}
,
{
"node": "d",
"type": "cell-end"}
,
{
"node": "d",
"type": "cell-start"}
,
{
"node": "d",
"type": "field-start",
"subtype": "eq"}
,
{
"node": "d",
"type": "nonw",
"ref": "P451529.10.3",
"lang": "akk",
"type": "surro"}
,
{
"node": "l",
"id": "P451529.l4de1b",
"ref": "P451529.10.4",
"inst": "gimillum[favour]N",
"sig": "@dcclt%akk:gi-mil-lum=gimillu[favour//favour]N'N$gimillum",
"f": {"lang": "akk",
"form": "gi-mil-lum",
"cf": "gimillu",
"gw": "favour",
"sense": "favour",
"norm": "gimillum",
"pos": "N",
"epos": "N"}
}
,
{
"node": "l",
"frag": "ša₂-ka-[nu]",
"id": "P451529.l4de1c",
"ref": "P451529.10.5",
"inst": "šakānu[putting]'N",
"sig": "@dcclt%akk:ša₂-ka-nu=šakānu[put//putting]V'N$šakānu",
"f": {"lang": "akk",
"form": "ša₂-ka-nu",
"cf": "šakānu",
"gw": "put",
"sense": "putting",
"norm": "šakānu",
"pos": "V",
"epos": "N"}
}
,
{
"node": "d",
"type": "field-end",
"subtype": "eq"}
,
{
"node": "d",
"type": "cell-end"}
,
{
"node": "d",
"type": "line-start",
"ref": "P451529.11",
"n": "6'",
"label": "o i' 6'"}
,
{
"node": "d",
"type": "cell-start"}
,
{
"node": "d",
"type": "field-start",
"subtype": "wp"}
,
{
"node": "l",
"frag": "[šu]",
"id": "P451529.l4de1d",
"ref": "P451529.11.1",
"inst": "šu[hand]N",
"sig": "@dcclt%sux:šu=šu[hand//hand]N'N$šu/šu#~",
"f": {"lang": "sux",
"form": "šu",
"cf": "šu",
"gw": "hand",
"sense": "hand",
"norm0": "šu",
"pos": "N",
"epos": "N",
"base": "šu",
"morph": "~"}
}
,
{
"node": "l",
"frag": "⸢dir⸣-ra",
"id": "P451529.l4de1e",
"ref": "P451529.11.2",
"inst": "dirig[excess]N",
"sig": "@dcclt%sux:dir-ra=dirig[excess//excess]N'N$dirig/dirig#~",
"f": {"lang": "sux",
"form": "dir-ra",
"cf": "dirig",
"gw": "excess",
"sense": "excess",
"norm0": "dirig",
"pos": "N",
"epos": "N",
"base": "dirig",
"morph": "~"}
}
,
{
"node": "d",
"type": "field-end",
"subtype": "wp"}
,
{
"node": "d",
"type": "cell-end"}
,
{
"node": "d",
"type": "cell-start"}
,
{
"node": "d",
"type": "field-start",
"subtype": "eq"}
,
{
"node": "l",
"frag": "u₂-sa-ti",
"id": "P451529.l4de1f",
"ref": "P451529.11.3",
"inst": "usāti[help]N",
"sig": "@dcclt%akk:u₂-sa-ti=usātu[help//help]N'N$usāti",
"f": {"lang": "akk",
"form": "u₂-sa-ti",
"cf": "usātu",
"gw": "help",
"sense": "help",
"norm": "usāti",
"pos": "N",
"epos": "N"}
}
,
{
"node": "d",
"type": "field-end",
"subtype": "eq"}
,
{
"node": "d",
"type": "cell-end"}
,
{
"node": "d",
"type": "line-start",
"ref": "P451529.12",
"n": "7'",
"label": "o i' 7'"}
,
{
"node": "d",
"type": "cell-start"}
,
{
"node": "d",
"type": "field-start",
"subtype": "wp"}
,
{
"node": "l",
"frag": "[šu]",
"id": "P451529.l4de20",
"ref": "P451529.12.1",
"inst": "šu[hand]N",
"sig": "@dcclt%sux:šu=šu[hand//hand]N'N$šu/šu#~",
"f": {"lang": "sux",
"form": "šu",
"cf": "šu",
"gw": "hand",
"sense": "hand",
"norm0": "šu",
"pos": "N",
"epos": "N",
"base": "šu",
"morph": "~"}
}
,
{
"node": "l",
"frag": "⸢su₃⸣-ud-da",
"id": "P451529.l4de21",
"ref": "P451529.12.2",
"inst": "sud[(to be) distant]V/i",
"sig": "@dcclt%sux:su₃-ud-da=sud[distant//(to be) distant]V/i'V/i$sud;a/su₃-ud+-da=d.a#~;a",
"f": {"lang": "sux",
"form": "su₃-ud-da",
"cf": "sud",
"gw": "distant",
"sense": "(to be) distant",
"norm0": "sud;a",
"pos": "V/i",
"epos": "V/i",
"base": "su₃-ud",
"cont": "-da=d.a",
"morph": "~;a"}
}
,
{
"node": "d",
"type": "field-end",
"subtype": "wp"}
,
{
"node": "d",
"type": "cell-end"}
,
{
"node": "d",
"type": "cell-start"}
,
{
"node": "d",
"type": "field-start",
"subtype": "eq"}
,
{
"node": "d",
"type": "nonw",
"ref": "P451529.12.3",
"lang": "akk",
"type": "surro"}
,
{
"node": "l",
"id": "P451529.l4de22",
"ref": "P451529.12.4",
"inst": "usāti[help]N",
"sig": "@dcclt%akk:u₂-sa-ti=usātu[help//help]N'N$usāti",
"f": {"lang": "akk",
"form": "u₂-sa-ti",
"cf": "usātu",
"gw": "help",
"sense": "help",
"norm": "usāti",
"pos": "N",
"epos": "N"}
}
,
{
"node": "d",
"type": "field-end",
"subtype": "eq"}
,
{
"node": "d",
"type": "cell-end"}
,
{
"node": "d",
"type": "line-start",
"ref": "P451529.13",
"n": "8'",
"label": "o i' 8'"}
,
{
"node": "d",
"type": "cell-start"}
,
{
"node": "d",
"type": "field-start",
"subtype": "wp"}
,
{
"node": "l",
"frag": "[šu",
"id": "P451529.l4de23",
"ref": "P451529.13.1",
"inst": "šu[hand]N",
"sig": "@dcclt%sux:šu=šu[hand//hand]N'N$šu/šu#~",
"f": {"lang": "sux",
"form": "šu",
"cf": "šu",
"gw": "hand",
"sense": "hand",
"norm0": "šu",
"pos": "N",
"epos": "N",
"base": "šu",
"morph": "~"}
}
,
{
"node": "l",
"frag": "niŋ₂]-⸢ŋal₂-la⸣",
"id": "P451529.l4de24",
"ref": "P451529.13.2",
"inst": "niŋŋala[possessions]N",
"sig": "@dcclt%sux:niŋ₂-ŋal₂-la=niŋŋala[possessions//possessions]N'N$niŋŋala,ak/niŋ₂-ŋal₂#~,ak",
"f": {"lang": "sux",
"form": "niŋ₂-ŋal₂-la",
"cf": "niŋŋala",
"gw": "possessions",
"sense": "possessions",
"norm0": "niŋŋala,ak",
"pos": "N",
"epos": "N",
"base": "niŋ₂-ŋal₂",
"morph": "~,ak"}
}
,
{
"node": "d",
"type": "field-end",
"subtype": "wp"}
,
{
"node": "d",
"type": "cell-end"}
,
{
"node": "d",
"type": "cell-start"}
,
{
"node": "d",
"type": "field-start",
"subtype": "eq"}
,
{
"node": "l",
"frag": "meš-ru-u₂",
"id": "P451529.l4de25",
"ref": "P451529.13.3",
"inst": "+mašrû[riches]N$mešrû",
"sig": "@dcclt%akk:meš-ru-u₂=mašrû[riches//riches]N'N$mešrû",
"f": {"lang": "akk",
"form": "meš-ru-u₂",
"cf": "mašrû",
"gw": "riches",
"sense": "riches",
"norm": "mešrû",
"pos": "N",
"epos": "N"}
}
,
{
"node": "d",
"type": "field-end",
"subtype": "eq"}
,
{
"node": "d",
"type": "cell-end"}
,
{
"node": "d",
"type": "line-start",
"ref": "P451529.14",
"n": "9'",
"label": "o i' 9'"}
,
{
"node": "d",
"type": "cell-start"}
,
{
"node": "d",
"type": "field-start",
"subtype": "wp"}
,
{
"node": "l",
"frag": "[šu",
"id": "P451529.l4de26",
"ref": "P451529.14.1",
"inst": "šu[hand]N",
"sig": "@dcclt%sux:šu=šu[hand//hand]N'N$šu/šu#~",
"f": {"lang": "sux",
"form": "šu",
"cf": "šu",
"gw": "hand",
"sense": "hand",
"norm0": "šu",
"pos": "N",
"epos": "N",
"base": "šu",
"morph": "~"}
}
,
{
"node": "l",
"frag": "nam]-⸢ti-la⸣",
"id": "P451529.l4de27",
"ref": "P451529.14.2",
"inst": "namtil[life]N",
"sig": "@dcclt%sux:nam-ti-la=namtil[life//life]N'N$namtil/nam-ti-la#~",
"f": {"lang": "sux",
"form": "nam-ti-la",
"cf": "namtil",
"gw": "life",
"sense": "life",
"norm0": "namtil",
"pos": "N",
"epos": "N",
"base": "nam-ti-la",
"morph": "~"}
}
,
{
"node": "d",
"type": "field-end",
"subtype": "wp"}
,
{
"node": "d",
"type": "cell-end"}
,
{
"node": "d",
"type": "cell-start"}
,
{
"node": "d",
"type": "field-start",
"subtype": "eq"}
,
{
"node": "l",
"frag": "gi-mil-li",
"id": "P451529.l4de28",
"ref": "P451529.14.3",
"inst": "+gimillu[favour]N$gimilli",
"sig": "@dcclt%akk:gi-mil-li=gimillu[favour//favour]N'N$gimilli",
"f": {"lang": "akk",
"form": "gi-mil-li",
"cf": "gimillu",
"gw": "favour",
"sense": "favour",
"norm": "gimilli",
"pos": "N",
"epos": "N"}
}
,
{
"node": "l",
"frag": "ba-la-ṭu",
"id": "P451529.l4de29",
"ref": "P451529.14.4",
"inst": "balāṭu[life]N",
"sig": "@dcclt%akk:ba-la-ṭu=balāṭu[life//life]N'N$balāṭu",
"f": {"lang": "akk",
"form": "ba-la-ṭu",
"cf": "balāṭu",
"gw": "life",
"sense": "life",
"norm": "balāṭu",
"pos": "N",
"epos": "N"}
}
,
{
"node": "d",
"type": "field-end",
"subtype": "eq"}
,
{
"node": "d",
"type": "cell-end"}
,
{
"node": "d",
"type": "line-start",
"ref": "P451529.15",
"n": "10'",
"label": "o i' 10'"}
,
{
"node": "d",
"type": "cell-start"}
,
{
"node": "d",
"type": "field-start",
"subtype": "wp"}
,
{
"node": "l",
"frag": "[ha]-⸢la⸣",
"id": "P451529.l4de2a",
"ref": "P451529.15.1",
"inst": "hala[inheritance share]N",
"sig": "@dcclt%sux:ha-la=hala[share//inheritance share]N'N$hala/ha-la#~",
"f": {"lang": "sux",
"form": "ha-la",
"cf": "hala",
"gw": "share",
"sense": "inheritance share",
"norm0": "hala",
"pos": "N",
"epos": "N",
"base": "ha-la",
"morph": "~"}
}
,
{
"node": "d",
"type": "field-end",
"subtype": "wp"}
,
{
"node": "d",
"type": "cell-end"}
,
{
"node": "d",
"type": "cell-start"}
,
{
"node": "d",
"type": "field-start",
"subtype": "eq"}
,
{
"node": "l",
"frag": "⸢zi-it⸣-tum",
"id": "P451529.l4de2b",
"ref": "P451529.15.2",
"inst": "zittum[share]N",
"sig": "@dcclt%akk:zi-it-tum=zittu[share//share]N'N$zittum",
"f": {"lang": "akk",
"form": "zi-it-tum",
"cf": "zittu",
"gw": "share",
"sense": "share",
"norm": "zittum",
"pos": "N",
"epos": "N"}
}
,
{
"node": "d",
"type": "field-end",
"subtype": "eq"}
,
{
"node": "d",
"type": "cell-end"}
,
{
"node": "d",
"type": "line-start",
"ref": "P451529.16",
"n": "11'",
"label": "o i' 11'"}
,
{
"node": "d",
"type": "cell-start"}
,
{
"node": "d",
"type": "field-start",
"subtype": "wp"}
,
{
"node": "l",
"frag": "[...]",
"id": "P451529.l4de2c",
"ref": "P451529.16.1",
"inst": "u",
"f": {"lang": "sux",
"form": "x",
"pos": "u"}
}
,
{
"node": "d",
"type": "field-end",
"subtype": "wp"}
,
{
"node": "d",
"type": "cell-end"}
,
{
"node": "d",
"type": "cell-start"}
,
{
"node": "d",
"type": "field-start",
"subtype": "eq"}
,
{
"node": "l",
"frag": "⸢is-qu⸣",
"id": "P451529.l4de2d",
"ref": "P451529.16.2",
"inst": "isqu[lot]N",
"sig": "@dcclt%akk:is-qu=isqu[lot//lot]N'N$isqu",
"f": {"lang": "akk",
"form": "is-qu",
"cf": "isqu",
"gw": "lot",
"sense": "lot",
"norm": "isqu",
"pos": "N",
"epos": "N"}
}
,
{
"node": "d",
"type": "field-end",
"subtype": "eq"}
,
{
"node": "d",
"type": "cell-end"}
,
{
"node": "d",
"type": "nonx",
"ref": "P451529.17",
"strict": "1",
"extent": "1",
"scope": "line",
"state": "ruling"}
,
{
"node": "d",
"type": "line-start",
"ref": "P451529.18",
"n": "12'",
"label": "o i' 12'"}
,
{
"node": "d",
"type": "cell-start"}
,
{
"node": "d",
"type": "field-start",
"subtype": "wp"}
,
{
"node": "l",
"frag": "[še]-⸢ba⸣",
"id": "P451529.l4de2e",
"ref": "P451529.18.1",
"inst": "šeba[grain-ration]N",
"sig": "@dcclt%sux:še-ba=šeba[ration//grain-ration]N'N$šeba/še-ba#~",
"f": {"lang": "sux",
"form": "še-ba",
"cf": "šeba",
"gw": "ration",
"sense": "grain-ration",
"norm0": "šeba",
"pos": "N",
"epos": "N",
"base": "še-ba",
"morph": "~"}
}
,
{
"node": "d",
"type": "field-end",
"subtype": "wp"}
,
{
"node": "d",
"type": "cell-end"}
,
{
"node": "d",
"type": "cell-start"}
,
{
"node": "d",
"type": "field-start",
"subtype": "eq"}
,
{
"node": "l",
"frag": "ip-ri",
"id": "P451529.l4de2f",
"ref": "P451529.18.2",
"inst": "+ipru[ration]N$ipri",
"sig": "@dcclt%akk:ip-ri=ipru[ration//ration]N'N$ipri",
"f": {"lang": "akk",
"form": "ip-ri",
"cf": "ipru",
"gw": "ration",
"sense": "ration",
"norm": "ipri",
"pos": "N",
"epos": "N"}
}
,
{
"node": "d",
"type": "field-end",
"subtype": "eq"}
,
{
"node": "d",
"type": "cell-end"}
,
{
"node": "d",
"type": "line-start",
"ref": "P451529.19",
"n": "13'",
"label": "o i' 13'"}
,
{
"node": "d",
"type": "cell-start"}
,
{
"node": "d",
"type": "field-start",
"subtype": "wp"}
,
{
"node": "l",
"frag": "[i₃]-ba",
"id": "P451529.l4de30",
"ref": "P451529.19.1",
"inst": "iba[ration]N",
"sig": "@dcclt%sux:i₃-ba=iba[ration//ration]N'N$iba/i₃-ba#~",
"f": {"lang": "sux",
"form": "i₃-ba",
"cf": "iba",
"gw": "ration",
"sense": "ration",
"norm0": "iba",
"pos": "N",
"epos": "N",
"base": "i₃-ba",
"morph": "~"}
}
,
{
"node": "d",
"type": "field-end",
"subtype": "wp"}
,
{
"node": "d",
"type": "cell-end"}
,
{
"node": "d",
"type": "cell-start"}
,
{
"node": "d",
"type": "field-start",
"subtype": "eq"}
,
{
"node": "l",
"frag": "⸢piš⸣-ša₂-tum",
"id": "P451529.l4de31",
"ref": "P451529.19.2",
"inst": "piššatum[ointment]N",
"sig": "@dcclt%akk:piš-ša₂-tum=piššatu[ointment//ointment]N'N$piššatum",
"f": {"lang": "akk",
"form": "piš-ša₂-tum",
"cf": "piššatu",
"gw": "ointment",
"sense": "ointment",
"norm": "piššatum",
"pos": "N",
"epos": "N"}
}
,
{
"node": "d",
"type": "field-end",
"subtype": "eq"}
,
{
"node": "d",
"type": "cell-end"}
,
{
"node": "d",
"type": "line-start",
"ref": "P451529.20",
"n": "14'",
"label": "o i' 14'"}
,
{
"node": "d",
"type": "cell-start"}
,
{
"node": "d",
"type": "field-start",
"subtype": "wp"}
,
{
"node": "l",
"frag": "[siki]-ba",
"id": "P451529.l4de32",
"ref": "P451529.20.1",
"inst": "sikiba[wool ration]N",
"sig": "@dcclt%sux:siki-ba=sikiba[ration//wool ration]N'N$sikiba/siki-ba#~",
"f": {"lang": "sux",
"form": "siki-ba",
"cf": "sikiba",
"gw": "ration",
"sense": "wool ration",
"norm0": "sikiba",
"pos": "N",
"epos": "N",
"base": "siki-ba",
"morph": "~"}
}
,
{
"node": "d",
"type": "field-end",
"subtype": "wp"}
,
{
"node": "d",
"type": "cell-end"}
,
{
"node": "d",
"type": "cell-start"}
,
{
"node": "d",
"type": "field-start",
"subtype": "eq"}
,
{
"node": "l",
"frag": "⸢lu⸣-bu-uš-tum",
"id": "P451529.l4de33",
"ref": "P451529.20.2",
"inst": "lubuštum[clothing]N",
"sig": "@dcclt%akk:lu-bu-uš-tum=lubuštu[clothing//clothing]N'N$lubuštum",
"f": {"lang": "akk",
"form": "lu-bu-uš-tum",
"cf": "lubuštu",
"gw": "clothing",
"sense": "clothing",
"norm": "lubuštum",
"pos": "N",
"epos": "N"}
}
,
{
"node": "d",
"type": "field-end",
"subtype": "eq"}
,
{
"node": "d",
"type": "cell-end"}
,
{
"node": "d",
"type": "line-start",
"ref": "P451529.21",
"n": "15'",
"label": "o i' 15'"}
,
{
"node": "d",
"type": "cell-start"}
,
{
"node": "d",
"type": "field-start",
"subtype": "wp"}
,
{
"node": "l",
"frag": "[tug₂]",
"id": "P451529.l4de34",
"ref": "P451529.21.1",
"inst": "tug[textile, garment]N",
"sig": "@dcclt%sux:tug₂=tug[textile//textile]N'N$tug/tug₂#~",
"f": {"lang": "sux",
"form": "tug₂",
"cf": "tug",
"gw": "textile",
"sense": "textile",
"norm0": "tug",
"pos": "N",
"epos": "N",
"base": "tug₂",
"morph": "~"}
}
,
{
"node": "l",
"frag": "ba",
"id": "P451529.l4de35",
"ref": "P451529.21.2",
"inst": "ba[allot]V/t",
"sig": "@dcclt%sux:ba=ba[allot//allot]V/t'V/t$ba/ba#~",
"f": {"lang": "sux",
"form": "ba",
"cf": "ba",
"gw": "allot",
"sense": "allot",
"norm0": "ba",
"pos": "V/t",
"epos": "V/t",
"base": "ba",
"morph": "~"}
}
,
{
"node": "d",
"type": "field-end",
"subtype": "wp"}
,
{
"node": "d",
"type": "cell-end"}
,
{
"node": "d",
"type": "cell-start"}
,
{
"node": "d",
"type": "field-start",
"subtype": "eq"}
,
{
"node": "l",
"frag": "na-al-ba-šu",
"id": "P451529.l4de36",
"ref": "P451529.21.3",
"inst": "nalbašu[cloak]N",
"sig": "@dcclt%akk:na-al-ba-šu=nalbašu[cloak//cloak]N'N$nalbašu",
"f": {"lang": "akk",
"form": "na-al-ba-šu",
"cf": "nalbašu",
"gw": "cloak",
"sense": "cloak",
"norm": "nalbašu",
"pos": "N",
"epos": "N"}
}
,
{
"node": "d",
"type": "field-end",
"subtype": "eq"}
,
{
"node": "d",
"type": "cell-end"}
,
{
"node": "d",
"type": "nonx",
"ref": "P451529.22",
"strict": "1",
"extent": "1",
"scope": "line",
"state": "ruling"}
,
{
"node": "d",
"type": "line-start",
"ref": "P451529.23",
"n": "16'",
"label": "o i' 16'"}
,
{
"node": "d",
"type": "cell-start"}
,
{
"node": "d",
"type": "field-start",
"subtype": "wp"}
,
{
"node": "l",
"frag": "[šag₄]-gal",
"id": "P451529.l4de37",
"ref": "P451529.23.1",
"inst": "šaggal[food]N",
"sig": "@dcclt%sux:šag₄-gal=šaggal[food//food]N'N$šaggal/šag₄-gal#~",
"f": {"lang": "sux",
"form": "šag₄-gal",
"cf": "šaggal",
"gw": "food",
"sense": "food",
"norm0": "šaggal",
"pos": "N",
"epos": "N",
"base": "šag₄-gal",
"morph": "~"}
}
,
{
"node": "d",
"type": "field-end",
"subtype": "wp"}
,
{
"node": "d",
"type": "cell-end"}
,
{
"node": "d",
"type": "cell-start"}
,
{
"node": "d",
"type": "field-start",
"subtype": "eq"}
,
{
"node": "l",
"frag": "u₂-kul-lu-u₂",
"id": "P451529.l4de38",
"ref": "P451529.23.2",
"inst": "+ukullû[provisions]N$",
"sig": "@dcclt%akk:u₂-kul-lu-u₂=ukullû[provisions//provisions]N'N$ukullû",
"f": {"lang": "akk",
"form": "u₂-kul-lu-u₂",
"cf": "ukullû",
"gw": "provisions",
"sense": "provisions",
"norm": "ukullû",
"pos": "N",
"epos": "N"}
}
,
{
"node": "d",
"type": "field-end",
"subtype": "eq"}
,
{
"node": "d",
"type": "cell-end"}
,
{
"node": "d",
"type": "nonx",
"ref": "P451529.24",
"strict": "0",
"extent": "1",
"state": "ruling"}
,
{
"node": "d",
"type": "line-start",
"ref": "P451529.25",
"n": "17'",
"label": "o i' 17'"}
,
{
"node": "d",
"type": "cell-start"}
,
{
"node": "d",
"type": "field-start",
"subtype": "wp"}
,
{
"node": "l",
"frag": "[ša₃]-ŋar",
"id": "P451529.l4de39",
"ref": "P451529.25.1",
"inst": "šaŋar[starvation]N",
"sig": "@dcclt%sux:ša₃-ŋar=šaŋar[starvation//starvation]N'N$šaŋar/ša₃-ŋar#~",
"f": {"lang": "sux",
"form": "ša₃-ŋar",
"cf": "šaŋar",
"gw": "starvation",
"sense": "starvation",
"norm0": "šaŋar",
"pos": "N",
"epos": "N",
"base": "ša₃-ŋar",
"morph": "~"}
}
,
{
"node": "d",
"type": "field-end",
"subtype": "wp"}
,
{
"node": "d",
"type": "cell-end"}
,
{
"node": "d",
"type": "cell-start"}
,
{
"node": "d",
"type": "field-start",
"subtype": "eq"}
,
{
"node": "l",
"frag": "bu-bu-tum",
"id": "P451529.l4de3a",
"ref": "P451529.25.2",
"inst": "bubūtum[hunger]N",
"sig": "@dcclt%akk:bu-bu-tum=bubūtu[hunger//hunger]N'N$bubūtum",
"f": {"lang": "akk",
"form": "bu-bu-tum",
"cf": "bubūtu",
"gw": "hunger",
"sense": "hunger",
"norm": "bubūtum",
"pos": "N",
"epos": "N"}
}
,
{
"node": "d",
"type": "field-end",
"subtype": "eq"}
,
{
"node": "d",
"type": "cell-end"}
,
{
"node": "d",
"type": "line-start",
"ref": "P451529.26",
"n": "18'",
"label": "o i' 18'"}
,
{
"node": "d",
"type": "cell-start"}
,
{
"node": "d",
"type": "field-start",
"subtype": "wp"}
,
{
"node": "l",
"frag": "[mur]-gud",
"id": "P451529.l4de3b",
"ref": "P451529.26.1",
"inst": "murgu[fodder]N",
"sig": "@dcclt%sux:mur-gud=murgu[fodder//fodder]N'N$murgu/mur-gu₄#~",
"f": {"lang": "sux",
"form": "mur-gud",
"cf": "murgu",
"gw": "fodder",
"sense": "fodder",
"norm0": "murgu",
"pos": "N",
"epos": "N",
"base": "mur-gu₄",
"morph": "~"}
}
,
{
"node": "d",
"type": "field-end",
"subtype": "wp"}
,
{
"node": "d",
"type": "cell-end"}
,
{
"node": "d",
"type": "cell-start"}
,
{
"node": "d",
"type": "field-start",
"subtype": "eq"}
,
{
"node": "l",
"frag": "im-ru-u₂",
"id": "P451529.l4de3c",
"ref": "P451529.26.2",
"inst": "imrû[fodder]N",
"sig": "@dcclt%akk:im-ru-u₂=imrû[fodder//fodder]N'N$imrû",
"f": {"lang": "akk",
"form": "im-ru-u₂",
"cf": "imrû",
"gw": "fodder",
"sense": "fodder",
"norm": "imrû",
"pos": "N",
"epos": "N"}
}
,
{
"node": "d",
"type": "field-end",
"subtype": "eq"}
,
{
"node": "d",
"type": "cell-end"}
,
{
"node": "d",
"type": "line-start",
"ref": "P451529.27",
"n": "19'",
"label": "o i' 19'"}
,
{
"node": "d",
"type": "cell-start"}
,
{
"node": "d",
"type": "field-start",
"subtype": "wp"}
,
{
"node": "l",
"frag": "[niŋ₂]-⸢mur-gud⸣",
"id": "P451529.l4de3d",
"ref": "P451529.27.1",
"inst": "niŋmurgu[fodder]N",
"sig": "@dcclt%sux:niŋ₂-mur-gud=niŋmurgu[fodder//fodder]N'N$niŋmurgu/niŋ₂-mur-gud#~",
"f": {"lang": "sux",
"form": "niŋ₂-mur-gud",
"cf": "niŋmurgu",
"gw": "fodder",
"sense": "fodder",
"norm0": "niŋmurgu",
"pos": "N",
"epos": "N",
"base": "niŋ₂-mur-gud",
"morph": "~"}
}
,
{
"node": "d",
"type": "field-end",
"subtype": "wp"}
,
{
"node": "d",
"type": "cell-end"}
,
{
"node": "d",
"type": "cell-start"}
,
{
"node": "d",
"type": "field-start",
"subtype": "eq"}
,
{
"node": "l",
"frag": "ši-ih-⸢ṭu⸣",
"id": "P451529.l4de3e",
"ref": "P451529.27.2",
"inst": "šihṭu[(a kind of fodder)]N",
"sig": "@dcclt%akk:ši-ih-ṭu=šihṭu[(a kind of fodder)//(a kind of fodder)]N'N$šihṭu",
"f": {"lang": "akk",
"form": "ši-ih-ṭu",
"cf": "šihṭu",
"gw": "(a kind of fodder)",
"sense": "(a kind of fodder)",
"norm": "šihṭu",
"pos": "N",
"epos": "N"}
}
,
{
"node": "d",
"type": "field-end",
"subtype": "eq"}
,
{
"node": "d",
"type": "cell-end"}
,
{
"node": "d",
"type": "line-start",
"ref": "P451529.28",
"n": "20'",
"label": "o i' 20'"}
,
{
"node": "d",
"type": "cell-start"}
,
{
"node": "d",
"type": "field-start",
"subtype": "wp"}
,
{
"node": "l",
"frag": "[igi-sa₂]",
"id": "P451529.l4de3f",
"ref": "P451529.28.1",
"inst": "igisa[dues]N",
"sig": "@dcclt%sux:igi-sa₂=igisa[dues//dues]N'N$igisa/igi-sa₂#~",
"f": {"lang": "sux",
"form": "igi-sa₂",
"cf": "igisa",
"gw": "dues",
"sense": "dues",
"norm0": "igisa",
"pos": "N",
"epos": "N",
"base": "igi-sa₂",
"morph": "~"}
}
,
{
"node": "d",
"type": "field-end",
"subtype": "wp"}
,
{
"node": "d",
"type": "cell-end"}
,
{
"node": "d",
"type": "cell-start"}
,
{
"node": "d",
"type": "field-start",
"subtype": "eq"}
,
{
"node": "d",
"type": "nonw",
"ref": "P451529.28.2",
"lang": "akk",
"type": "surro"}
,
{
"node": "l",
"id": "P451529.l4de40",
"ref": "P451529.28.3",
"inst": "igisû[contribution]N",
"sig": "@dcclt%akk-949:*=igisû[contribution//contribution]N'N$igisû",
"f": {"lang": "akk-949",
"form": "*",
"cf": "igisû",
"gw": "contribution",
"sense": "contribution",
"norm": "igisû",
"pos": "N",
"epos": "N"}
}
,
{
"node": "d",
"type": "field-end",
"subtype": "eq"}
,
{
"node": "d",
"type": "cell-end"}
,
{
"node": "d",
"type": "line-start",
"ref": "P451529.29",
"n": "21'",
"label": "o i' 21'"}
,
{
"node": "d",
"type": "cell-start"}
,
{
"node": "d",
"type": "field-start",
"subtype": "wp"}
,
{
"node": "l",
"frag": "[...]",
"id": "P451529.l4de41",
"ref": "P451529.29.1",
"inst": "u",
"f": {"lang": "sux",
"form": "x",
"pos": "u"}
}
,
{
"node": "d",
"type": "field-end",
"subtype": "wp"}
,
{
"node": "d",
"type": "cell-end"}
,
{
"node": "d",
"type": "cell-start"}
,
{
"node": "d",
"type": "field-start",
"subtype": "eq"}
,
{
"node": "l",
"frag": "[x]-⸢x⸣-[x]",
"id": "P451529.l4de42",
"ref": "P451529.29.2",
"inst": "u",
"f": {"lang": "akk",
"form": "x-x-x",
"pos": "u"}
}
,
{
"node": "d",
"type": "field-end",
"subtype": "eq"}
,
{
"node": "d",
"type": "cell-end"}
,
{
"node": "d",
"type": "nonx",
"ref": "P451529.30",
"strict": "1",
"extent": "rest",
"scope": "line",
"state": "missing"}
,
{
"node": "d",
"subtype": "column 2o '",
"type": "column",
"ref": "P451529.o.ii_.31",
"n": "2",
"label": "o ii'"}
,
{
"node": "d",
"type": "nonx",
"ref": "P451529.32",
"strict": "1",
"extent": "beginning",
"scope": "line",
"state": "missing"}
,
{
"node": "d",
"type": "line-start",
"ref": "P451529.33",
"n": "1'",
"label": "o ii' 1'"}
,
{
"node": "d",
"type": "cell-start"}
,
{
"node": "d",
"type": "field-start",
"subtype": "wp"}
,
{
"node": "l",
"frag": "⸢šu⸣",
"id": "P451529.l4de43",
"ref": "P451529.33.1",
"inst": "šu[hand]N",
"sig": "@dcclt%sux:šu=šu[hand//hand]N'N$šu/šu#~",
"f": {"lang": "sux",
"form": "šu",
"cf": "šu",
"gw": "hand",
"sense": "hand",
"norm0": "šu",
"pos": "N",
"epos": "N",
"base": "šu",
"morph": "~"}
}
,
{
"node": "l",
"frag": "[...]",
"id": "P451529.l4de44",
"ref": "P451529.33.2",
"inst": "u",
"f": {"lang": "sux",
"form": "x",
"pos": "u"}
}
,
{
"node": "d",
"type": "field-end",
"subtype": "wp"}
,
{
"node": "d",
"type": "cell-end"}
,
{
"node": "d",
"type": "cell-start"}
,
{
"node": "d",
"type": "field-start",
"subtype": "eq"}
,
{
"node": "l",
"frag": "[...]",
"id": "P451529.l4de45",
"ref": "P451529.33.3",
"inst": "u",
"f": {"lang": "akk",
"form": "x",
"pos": "u"}
}
,
{
"node": "d",
"type": "field-end",
"subtype": "eq"}
,
{
"node": "d",
"type": "cell-end"}
,
{
"node": "d",
"type": "line-start",
"ref": "P451529.34",
"n": "2'",
"label": "o ii' 2'"}
,
{
"node": "d",
"type": "cell-start"}
,
{
"node": "d",
"type": "field-start",
"subtype": "wp"}
,
{
"node": "l",
"frag": "šu",
"id": "P451529.l4de46",
"ref": "P451529.34.1",
"inst": "šu[hand]N",
"sig": "@dcclt%sux:šu=šu[hand//hand]N'N$šu/šu#~",
"f": {"lang": "sux",
"form": "šu",
"cf": "šu",
"gw": "hand",
"sense": "hand",
"norm0": "šu",
"pos": "N",
"epos": "N",
"base": "šu",
"morph": "~"}
}
,
{
"node": "l",
"frag": "[...]",
"id": "P451529.l4de47",
"ref": "P451529.34.2",
"inst": "u",
"f": {"lang": "sux",
"form": "x",
"pos": "u"}
}
,
{
"node": "d",
"type": "field-end",
"subtype": "wp"}
,
{
"node": "d",
"type": "cell-end"}
,
{
"node": "d",
"type": "cell-start"}
,
{
"node": "d",
"type": "field-start",
"subtype": "eq"}
,
{
"node": "l",
"frag": "[...]",
"id": "P451529.l4de48",
"ref": "P451529.34.3",
"inst": "u",
"f": {"lang": "akk",
"form": "x",
"pos": "u"}
}
,
{
"node": "d",
"type": "field-end",
"subtype": "eq"}
,
{
"node": "d",
"type": "cell-end"}
,
{
"node": "d",
"type": "line-start",
"ref": "P451529.35",
"n": "3'",
"label": "o ii' 3'"}
,
{
"node": "d",
"type": "cell-start"}
,
{
"node": "d",
"type": "field-start",
"subtype": "wp"}
,
{
"node": "l",
"frag": "šu",
"id": "P451529.l4de49",
"ref": "P451529.35.1",
"inst": "šu[hand]N",
"sig": "@dcclt%sux:šu=šu[hand//hand]N'N$šu/šu#~",
"f": {"lang": "sux",
"form": "šu",
"cf": "šu",
"gw": "hand",
"sense": "hand",
"norm0": "šu",
"pos": "N",
"epos": "N",
"base": "šu",
"morph": "~"}
}
,
{
"node": "l",
"frag": "[...]",
"id": "P451529.l4de4a",
"ref": "P451529.35.2",
"inst": "u",
"f": {"lang": "sux",
"form": "x",
"pos": "u"}
}
,
{
"node": "d",
"type": "field-end",
"subtype": "wp"}
,
{
"node": "d",
"type": "cell-end"}
,
{
"node": "d",
"type": "cell-start"}
,
{
"node": "d",
"type": "field-start",
"subtype": "eq"}
,
{
"node": "l",
"frag": "[...]",
"id": "P451529.l4de4b",
"ref": "P451529.35.3",
"inst": "u",
"f": {"lang": "akk",
"form": "x",
"pos": "u"}
}
,
{
"node": "d",
"type": "field-end",
"subtype": "eq"}
,
{
"node": "d",
"type": "cell-end"}
,
{
"node": "d",
"type": "line-start",
"ref": "P451529.36",
"n": "4'",
"label": "o ii' 4'"}
,
{
"node": "d",
"type": "cell-start"}
,
{
"node": "d",
"type": "field-start",
"subtype": "wp"}
,
{
"node": "l",
"frag": "šu",
"id": "P451529.l4de4c",
"ref": "P451529.36.1",
"inst": "šu[hand]N",
"sig": "@dcclt%sux:šu=šu[hand//hand]N'N$šu/šu#~",
"f": {"lang": "sux",
"form": "šu",
"cf": "šu",
"gw": "hand",
"sense": "hand",
"norm0": "šu",
"pos": "N",
"epos": "N",
"base": "šu",
"morph": "~"}
}
,
{
"node": "l",
"frag": "[...]",
"id": "P451529.l4de4d",
"ref": "P451529.36.2",
"inst": "u",
"f": {"lang": "sux",
"form": "x",
"pos": "u"}
}
,
{
"node": "d",
"type": "field-end",
"subtype": "wp"}
,
{
"node": "d",
"type": "cell-end"}
,
{
"node": "d",
"type": "cell-start"}
,
{
"node": "d",
"type": "field-start",
"subtype": "eq"}
,
{
"node": "l",
"frag": "[...]",
"id": "P451529.l4de4e",
"ref": "P451529.36.3",
"inst": "u",
"f": {"lang": "akk",
"form": "x",
"pos": "u"}
}
,
{
"node": "d",
"type": "field-end",
"subtype": "eq"}
,
{
"node": "d",
"type": "cell-end"}
,
{
"node": "d",
"type": "line-start",
"ref": "P451529.37",
"n": "5'",
"label": "o ii' 5'"}
,
{
"node": "d",
"type": "cell-start"}
,
{
"node": "d",
"type": "field-start",
"subtype": "wp"}
,
{
"node": "l",
"frag": "šu",
"id": "P451529.l4de4f",
"ref": "P451529.37.1",
"inst": "šu[hand]N",
"sig": "@dcclt%sux:šu=šu[hand//hand]N'N$šu/šu#~",
"f": {"lang": "sux",
"form": "šu",
"cf": "šu",
"gw": "hand",
"sense": "hand",
"norm0": "šu",
"pos": "N",
"epos": "N",
"base": "šu",
"morph": "~"}
}
,
{
"node": "l",
"frag": "[...]",
"id": "P451529.l4de50",
"ref": "P451529.37.2",
"inst": "u",
"f": {"lang": "sux",
"form": "x",
"pos": "u"}
}
,
{
"node": "d",
"type": "field-end",
"subtype": "wp"}
,
{
"node": "d",
"type": "cell-end"}
,
{
"node": "d",
"type": "cell-start"}
,
{
"node": "d",
"type": "field-start",
"subtype": "eq"}
,
{
"node": "l",
"frag": "[...]",
"id": "P451529.l4de51",
"ref": "P451529.37.3",
"inst": "u",
"f": {"lang": "akk",
"form": "x",
"pos": "u"}
}
,
{
"node": "d",
"type": "field-end",
"subtype": "eq"}
,
{
"node": "d",
"type": "cell-end"}
,
{
"node": "d",
"type": "line-start",
"ref": "P451529.38",
"n": "6'",
"label": "o ii' 6'"}
,
{
"node": "d",
"type": "cell-start"}
,
{
"node": "d",
"type": "field-start",
"subtype": "wp"}
,
{
"node": "l",
"frag": "⸢ha⸣-[la]",
"id": "P451529.l4de52",
"ref": "P451529.38.1",
"inst": "hala[inheritance share]N",
"sig": "@dcclt%sux:ha-la=hala[share//inheritance share]N'N$hala/ha-la#~",
"f": {"lang": "sux",
"form": "ha-la",
"cf": "hala",
"gw": "share",
"sense": "inheritance share",
"norm0": "hala",
"pos": "N",
"epos": "N",
"base": "ha-la",
"morph": "~"}
}
,
{
"node": "d",
"type": "field-end",
"subtype": "wp"}
,
{
"node": "d",
"type": "cell-end"}
,
{
"node": "d",
"type": "cell-start"}
,
{
"node": "d",
"type": "field-start",
"subtype": "eq"}
,
{
"node": "l",
"frag": "[...]",
"id": "P451529.l4de53",
"ref": "P451529.38.2",
"inst": "u",
"f": {"lang": "akk",
"form": "x",
"pos": "u"}
}
,
{
"node": "d",
"type": "field-end",
"subtype": "eq"}
,
{
"node": "d",
"type": "cell-end"}
,
{
"node": "d",
"type": "line-start",
"ref": "P451529.39",
"n": "7'",
"label": "o ii' 7'"}
,
{
"node": "d",
"type": "cell-start"}
,
{
"node": "d",
"type": "field-start",
"subtype": "wp"}
,
{
"node": "l",
"frag": "⸢ŋeš⸣-[šub-ba]",
"id": "P451529.l4de54",
"ref": "P451529.39.1",
"inst": "ŋeššub[lot, share]N",
"sig": "@dcclt%sux:ŋeš-šub-ba=ŋeššub[lot//lot]N'N$ŋeššub/ŋeš-šub-ba#~",
"f": {"lang": "sux",
"form": "ŋeš-šub-ba",
"cf": "ŋeššub",
"gw": "lot",
"sense": "lot",
"norm0": "ŋeššub",
"pos": "N",
"epos": "N",
"base": "ŋeš-šub-ba",
"morph": "~"}
}
,
{
"node": "d",
"type": "field-end",
"subtype": "wp"}
,
{
"node": "d",
"type": "cell-end"}
,
{
"node": "d",
"type": "cell-start"}
,
{
"node": "d",
"type": "field-start",
"subtype": "eq"}
,
{
"node": "l",
"frag": "[...]",
"id": "P451529.l4de55",
"ref": "P451529.39.2",
"inst": "u",
"f": {"lang": "akk",
"form": "x",
"pos": "u"}
}
,
{
"node": "d",
"type": "field-end",
"subtype": "eq"}
,
{
"node": "d",
"type": "cell-end"}
,
{
"node": "d",
"type": "line-start",
"ref": "P451529.40",
"n": "8'",
"label": "o ii' 8'"}
,
{
"node": "d",
"type": "cell-start"}
,
{
"node": "d",
"type": "field-start",
"subtype": "wp"}
,
{
"node": "l",
"frag": "še-[ba]",
"id": "P451529.l4de56",
"ref": "P451529.40.1",
"inst": "šeba[grain-ration]N",
"sig": "@dcclt%sux:še-ba=šeba[ration//grain-ration]N'N$šeba/še-ba#~",
"f": {"lang": "sux",
"form": "še-ba",
"cf": "šeba",
"gw": "ration",
"sense": "grain-ration",
"norm0": "šeba",
"pos": "N",
"epos": "N",
"base": "še-ba",
"morph": "~"}
}
,
{
"node": "d",
"type": "field-end",
"subtype": "wp"}
,
{
"node": "d",
"type": "cell-end"}
,
{
"node": "d",
"type": "cell-start"}
,
{
"node": "d",
"type": "field-start",
"subtype": "eq"}
,
{
"node": "l",
"frag": "[...]",
"id": "P451529.l4de57",
"ref": "P451529.40.2",
"inst": "u",
"f": {"lang": "akk",
"form": "x",
"pos": "u"}
}
,
{
"node": "d",
"type": "field-end",
"subtype": "eq"}
,
{
"node": "d",
"type": "cell-end"}
,
{
"node": "d",
"type": "line-start",
"ref": "P451529.41",
"n": "9'",
"label": "o ii' 9'"}
,
{
"node": "d",
"type": "cell-start"}
,
{
"node": "d",
"type": "field-start",
"subtype": "wp"}
,
{
"node": "l",
"frag": "⸢i₃⸣-[ba]",
"id": "P451529.l4de58",
"ref": "P451529.41.1",
"inst": "iba[ration]N",
"sig": "@dcclt%sux:i₃-ba=iba[ration//ration]N'N$iba/i₃-ba#~",
"f": {"lang": "sux",
"form": "i₃-ba",
"cf": "iba",
"gw": "ration",
"sense": "ration",
"norm0": "iba",
"pos": "N",
"epos": "N",
"base": "i₃-ba",
"morph": "~"}
}
,
{
"node": "d",
"type": "field-end",
"subtype": "wp"}
,
{
"node": "d",
"type": "cell-end"}
,
{
"node": "d",
"type": "cell-start"}
,
{
"node": "d",
"type": "field-start",
"subtype": "eq"}
,
{
"node": "l",
"frag": "[...]",
"id": "P451529.l4de59",
"ref": "P451529.41.2",
"inst": "u",
"f": {"lang": "akk",
"form": "x",
"pos": "u"}
}
,
{
"node": "d",
"type": "field-end",
"subtype": "eq"}
,
{
"node": "d",
"type": "cell-end"}
,
{
"node": "d",
"type": "line-start",
"ref": "P451529.42",
"n": "10'",
"label": "o ii' 10'"}
,
{
"node": "d",
"type": "cell-start"}
,
{
"node": "d",
"type": "field-start",
"subtype": "wp"}
,
{
"node": "l",
"frag": "⸢siki⸣-[ba]",
"id": "P451529.l4de5a",
"ref": "P451529.42.1",
"inst": "sikiba[wool ration]N",
"sig": "@dcclt%sux:siki-ba=sikiba[ration//wool ration]N'N$sikiba/siki-ba#~",
"f": {"lang": "sux",
"form": "siki-ba",
"cf": "sikiba",
"gw": "ration",
"sense": "wool ration",
"norm0": "sikiba",
"pos": "N",
"epos": "N",
"base": "siki-ba",
"morph": "~"}
}
,
{
"node": "d",
"type": "field-end",
"subtype": "wp"}
,
{
"node": "d",
"type": "cell-end"}
,
{
"node": "d",
"type": "cell-start"}
,
{
"node": "d",
"type": "field-start",
"subtype": "eq"}
,
{
"node": "l",
"frag": "[...]",
"id": "P451529.l4de5b",
"ref": "P451529.42.2",
"inst": "u",
"f": {"lang": "akk",
"form": "x",
"pos": "u"}
}
,
{
"node": "d",
"type": "field-end",
"subtype": "eq"}
,
{
"node": "d",
"type": "cell-end"}
,
{
"node": "d",
"type": "line-start",
"ref": "P451529.43",
"n": "11'",
"label": "o ii' 11'"}
,
{
"node": "d",
"type": "cell-start"}
,
{
"node": "d",
"type": "field-start",
"subtype": "wp"}
,
{
"node": "l",
"frag": "⸢tug₂⸣",
"id": "P451529.l4de5c",
"ref": "P451529.43.1",
"inst": "tug[textile, garment]N",
"sig": "@dcclt%sux:tug₂=tug[textile//textile]N'N$tug/tug₂#~",
"f": {"lang": "sux",
"form": "tug₂",
"cf": "tug",
"gw": "textile",
"sense": "textile",
"norm0": "tug",
"pos": "N",
"epos": "N",
"base": "tug₂",
"morph": "~"}
}
,
{
"node": "l",
"frag": "[ba]",
"id": "P451529.l4de5d",
"ref": "P451529.43.2",
"inst": "ba[allot]V/t",
"sig": "@dcclt%sux:ba=ba[allot//allot]V/t'V/t$ba/ba#~",
"f": {"lang": "sux",
"form": "ba",
"cf": "ba",
"gw": "allot",
"sense": "allot",
"norm0": "ba",
"pos": "V/t",
"epos": "V/t",
"base": "ba",
"morph": "~"}
}
,
{
"node": "d",
"type": "field-end",
"subtype": "wp"}
,
{
"node": "d",
"type": "cell-end"}
,
{
"node": "d",
"type": "cell-start"}
,
{
"node": "d",
"type": "field-start",
"subtype": "eq"}
,
{
"node": "l",
"frag": "[...]",
"id": "P451529.l4de5e",
"ref": "P451529.43.3",
"inst": "u",
"f": {"lang": "akk",
"form": "x",
"pos": "u"}
}
,
{
"node": "d",
"type": "field-end",
"subtype": "eq"}
,
{
"node": "d",
"type": "cell-end"}
,
{
"node": "d",
"type": "line-start",
"ref": "P451529.44",
"n": "12'",
"label": "o ii' 12'"}
,
{
"node": "d",
"type": "cell-start"}
,
{
"node": "d",
"type": "field-start",
"subtype": "wp"}
,
{
"node": "l",
"frag": "⸢šag₄⸣-[gal]",
"id": "P451529.l4de5f",
"ref": "P451529.44.1",
"inst": "šaggal[food]N",
"sig": "@dcclt%sux:šag₄-gal=šaggal[food//food]N'N$šaggal/šag₄-gal#~",
"f": {"lang": "sux",
"form": "šag₄-gal",
"cf": "šaggal",
"gw": "food",
"sense": "food",
"norm0": "šaggal",
"pos": "N",
"epos": "N",
"base": "šag₄-gal",
"morph": "~"}
}
,
{
"node": "d",
"type": "field-end",
"subtype": "wp"}
,
{
"node": "d",
"type": "cell-end"}
,
{
"node": "d",
"type": "cell-start"}
,
{
"node": "d",
"type": "field-start",
"subtype": "eq"}
,
{
"node": "l",
"frag": "[...]",
"id": "P451529.l4de60",
"ref": "P451529.44.2",
"inst": "u",
"f": {"lang": "akk",
"form": "x",
"pos": "u"}
}
,
{
"node": "d",
"type": "field-end",
"subtype": "eq"}
,
{
"node": "d",
"type": "cell-end"}
,
{
"node": "d",
"type": "line-start",
"ref": "P451529.45",
"n": "13'",
"label": "o ii' 13'"}
,
{
"node": "d",
"type": "cell-start"}
,
{
"node": "d",
"type": "field-start",
"subtype": "wp"}
,
{
"node": "l",
"frag": "⸢ša₃⸣-[ŋar]",
"id": "P451529.l4de61",
"ref": "P451529.45.1",
"inst": "šaŋar[starvation]N",
"sig": "@dcclt%sux:ša₃-ŋar=šaŋar[starvation//starvation]N'N$šaŋar/ša₃-ŋar#~",
"f": {"lang": "sux",
"form": "ša₃-ŋar",
"cf": "šaŋar",
"gw": "starvation",
"sense": "starvation",
"norm0": "šaŋar",
"pos": "N",
"epos": "N",
"base": "ša₃-ŋar",
"morph": "~"}
}
,
{
"node": "d",
"type": "field-end",
"subtype": "wp"}
,
{
"node": "d",
"type": "cell-end"}
,
{
"node": "d",
"type": "cell-start"}
,
{
"node": "d",
"type": "field-start",
"subtype": "eq"}
,
{
"node": "l",
"frag": "[...]",
"id": "P451529.l4de62",
"ref": "P451529.45.2",
"inst": "u",
"f": {"lang": "akk",
"form": "x",
"pos": "u"}
}
,
{
"node": "d",
"type": "field-end",
"subtype": "eq"}
,
{
"node": "d",
"type": "cell-end"}
,
{
"node": "d",
"type": "nonx",
"ref": "P451529.46",
"strict": "1",
"extent": "rest",
"scope": "line",
"state": "missing"}
,
{
"node": "d",
"subtype": "reverse",
"type": "surface",
"ref": "P451529.r.47",
"type": "reverse",
"label": "r"}
,
{
"node": "d",
"type": "nonx",
"ref": "P451529.48",
"strict": "1",
"extent": "beginning",
"scope": "line",
"state": "missing"}
,
{
"node": "d",
"type": "nonx",
"ref": "P451529.49",
"strict": "0",
"state": "other"}
,
{
"node": "d",
"type": "nonx",
"ref": "P451529.50",
"strict": "1",
"extent": "rest",
"scope": "line",
"state": "missing"}
]}
]}
]}
]}
