{
"type": "cdl",
  "source": "http://oracc.org/dcclt",
  "license": "This data is released under the CC0 license",
  "license-url": "https://creativecommons.org/publicdomain/zero/1.0/",
  "more-info": "http://oracc.org/doc/opendata/",
  "UTC-timestamp": "2017-05-19T18:28:40",
"project": "dcclt",
"textid": "P451239",
"cdl": [
{
"node": "c",
"type": "text",
"id": "P451239.U0",
"cdl": [
{
"node": "d",
"subtype": "tablet",
"type": "object",
"ref": "P451239.x1967.1",
"type": "tablet",
"label": "x1967"}
,
{
"node": "d",
"subtype": "obverse",
"type": "surface",
"ref": "P451239.o.2",
"type": "obverse",
"label": "o"}
,
{
"node": "c",
"type": "discourse",
"subtype": "body",
"id": "P451239.U1",
"cdl": [
{
"node": "c",
"type": "sentence",
"id": "P451239.U2",
"label": "o 1 - o 9",
"cdl": [
{
"node": "d",
"type": "line-start",
"ref": "P451239.3",
"n": "1",
"label": "o 1"}
,
{
"node": "d",
"type": "cell-start"}
,
{
"node": "d",
"type": "field-start",
"subtype": "wp"}
,
{
"node": "l",
"frag": "⸢kislah⸣",
"id": "P451239.l4e571",
"ref": "P451239.3.1",
"inst": "kislah[uncultivated, uninhabited, cleared land]N",
"sig": "@dcclt%sux:kislah=kislah[land//uncultivated, uninhabited, cleared land]N'N$kislah/kislah#~",
"f": {"lang": "sux",
"form": "kislah",
"cf": "kislah",
"gw": "land",
"sense": "uncultivated, uninhabited, cleared land",
"norm0": "kislah",
"pos": "N",
"epos": "N",
"base": "kislah",
"morph": "~"}
}
,
{
"node": "d",
"type": "field-end",
"subtype": "wp"}
,
{
"node": "d",
"type": "cell-end"}
,
{
"node": "d",
"type": "cell-start"}
,
{
"node": "d",
"type": "field-start",
"subtype": "eq"}
,
{
"node": "l",
"frag": "[...]",
"id": "P451239.l4e572",
"ref": "P451239.3.2",
"inst": "u",
"f": {"lang": "akk",
"form": "x",
"pos": "u"}
}
,
{
"node": "d",
"type": "field-end",
"subtype": "eq"}
,
{
"node": "d",
"type": "cell-end"}
,
{
"node": "d",
"type": "line-start",
"ref": "P451239.4",
"n": "2",
"label": "o 2"}
,
{
"node": "d",
"type": "cell-start"}
,
{
"node": "d",
"type": "field-start",
"subtype": "wp"}
,
{
"node": "l",
"frag": "⸢kislah⸣",
"id": "P451239.l4e573",
"ref": "P451239.4.1",
"inst": "kislah[uncultivated, uninhabited, cleared land]N",
"sig": "@dcclt%sux:kislah=kislah[land//uncultivated, uninhabited, cleared land]N'N$kislah/kislah#~",
"f": {"lang": "sux",
"form": "kislah",
"cf": "kislah",
"gw": "land",
"sense": "uncultivated, uninhabited, cleared land",
"norm0": "kislah",
"pos": "N",
"epos": "N",
"base": "kislah",
"morph": "~"}
}
,
{
"node": "d",
"type": "field-end",
"subtype": "wp"}
,
{
"node": "d",
"type": "cell-end"}
,
{
"node": "d",
"type": "cell-start"}
,
{
"node": "d",
"type": "field-start",
"subtype": "eq"}
,
{
"node": "l",
"frag": "[...]",
"id": "P451239.l4e574",
"ref": "P451239.4.2",
"inst": "u",
"f": {"lang": "akk",
"form": "x",
"pos": "u"}
}
,
{
"node": "d",
"type": "field-end",
"subtype": "eq"}
,
{
"node": "d",
"type": "cell-end"}
,
{
"node": "d",
"type": "line-start",
"ref": "P451239.5",
"n": "3",
"label": "o 3"}
,
{
"node": "d",
"type": "cell-start"}
,
{
"node": "d",
"type": "field-start",
"subtype": "wp"}
,
{
"node": "l",
"frag": "⸢kislah⸣",
"id": "P451239.l4e575",
"ref": "P451239.5.1",
"inst": "kislah[uncultivated, uninhabited, cleared land]N",
"sig": "@dcclt%sux:kislah=kislah[land//uncultivated, uninhabited, cleared land]N'N$kislah/kislah#~",
"f": {"lang": "sux",
"form": "kislah",
"cf": "kislah",
"gw": "land",
"sense": "uncultivated, uninhabited, cleared land",
"norm0": "kislah",
"pos": "N",
"epos": "N",
"base": "kislah",
"morph": "~"}
}
,
{
"node": "d",
"type": "field-end",
"subtype": "wp"}
,
{
"node": "d",
"type": "cell-end"}
,
{
"node": "d",
"type": "cell-start"}
,
{
"node": "d",
"type": "field-start",
"subtype": "eq"}
,
{
"node": "l",
"frag": "[...]",
"id": "P451239.l4e576",
"ref": "P451239.5.2",
"inst": "u",
"f": {"lang": "akk",
"form": "x",
"pos": "u"}
}
,
{
"node": "d",
"type": "field-end",
"subtype": "eq"}
,
{
"node": "d",
"type": "cell-end"}
,
{
"node": "d",
"type": "line-start",
"ref": "P451239.6",
"n": "4",
"label": "o 4"}
,
{
"node": "d",
"type": "cell-start"}
,
{
"node": "d",
"type": "field-start",
"subtype": "wp"}
,
{
"node": "l",
"frag": "⸢kislah⸣",
"id": "P451239.l4e577",
"ref": "P451239.6.1",
"inst": "kislah[uncultivated, uninhabited, cleared land]N",
"sig": "@dcclt%sux:kislah=kislah[land//uncultivated, uninhabited, cleared land]N'N$kislah/kislah#~",
"f": {"lang": "sux",
"form": "kislah",
"cf": "kislah",
"gw": "land",
"sense": "uncultivated, uninhabited, cleared land",
"norm0": "kislah",
"pos": "N",
"epos": "N",
"base": "kislah",
"morph": "~"}
}
,
{
"node": "d",
"type": "field-end",
"subtype": "wp"}
,
{
"node": "d",
"type": "cell-end"}
,
{
"node": "d",
"type": "cell-start"}
,
{
"node": "d",
"type": "field-start",
"subtype": "eq"}
,
{
"node": "l",
"frag": "[...]",
"id": "P451239.l4e578",
"ref": "P451239.6.2",
"inst": "u",
"f": {"lang": "akk",
"form": "x",
"pos": "u"}
}
,
{
"node": "d",
"type": "field-end",
"subtype": "eq"}
,
{
"node": "d",
"type": "cell-end"}
,
{
"node": "d",
"type": "line-start",
"ref": "P451239.7",
"n": "5",
"label": "o 5"}
,
{
"node": "d",
"type": "cell-start"}
,
{
"node": "d",
"type": "field-start",
"subtype": "wp"}
,
{
"node": "l",
"frag": "kislah",
"id": "P451239.l4e579",
"ref": "P451239.7.1",
"inst": "kislah[uncultivated, uninhabited, cleared land]N",
"sig": "@dcclt%sux:kislah=kislah[land//uncultivated, uninhabited, cleared land]N'N$kislah/kislah#~",
"f": {"lang": "sux",
"form": "kislah",
"cf": "kislah",
"gw": "land",
"sense": "uncultivated, uninhabited, cleared land",
"norm0": "kislah",
"pos": "N",
"epos": "N",
"base": "kislah",
"morph": "~"}
}
,
{
"node": "d",
"type": "field-end",
"subtype": "wp"}
,
{
"node": "d",
"type": "cell-end"}
,
{
"node": "d",
"type": "cell-start"}
,
{
"node": "d",
"type": "field-start",
"subtype": "eq"}
,
{
"node": "l",
"frag": "[...]",
"id": "P451239.l4e57a",
"ref": "P451239.7.2",
"inst": "u",
"f": {"lang": "akk",
"form": "x",
"pos": "u"}
}
,
{
"node": "d",
"type": "field-end",
"subtype": "eq"}
,
{
"node": "d",
"type": "cell-end"}
,
{
"node": "d",
"type": "line-start",
"ref": "P451239.8",
"n": "6",
"label": "o 6"}
,
{
"node": "d",
"type": "cell-start"}
,
{
"node": "d",
"type": "field-start",
"subtype": "wp"}
,
{
"node": "l",
"frag": "|KI.KAL|",
"id": "P451239.l4e57b",
"ref": "P451239.8.1",
"inst": "KI.KAL[land]N",
"sig": "@dcclt%sux:|KI.KAL|=KI.KAL[land//a writing for different types of land]N'N$KI.KAL/|KI.KAL|#~",
"f": {"lang": "sux",
"form": "|KI.KAL|",
"cf": "KI.KAL",
"gw": "land",
"sense": "a writing for different types of land",
"norm0": "KI.KAL",
"pos": "N",
"epos": "N",
"base": "|KI.KAL|",
"morph": "~"}
}
,
{
"node": "d",
"type": "field-end",
"subtype": "wp"}
,
{
"node": "d",
"type": "cell-end"}
,
{
"node": "d",
"type": "cell-start"}
,
{
"node": "d",
"type": "field-start",
"subtype": "eq"}
,
{
"node": "l",
"frag": "[...]",
"id": "P451239.l4e57c",
"ref": "P451239.8.2",
"inst": "u",
"f": {"lang": "akk",
"form": "x",
"pos": "u"}
}
,
{
"node": "d",
"type": "field-end",
"subtype": "eq"}
,
{
"node": "d",
"type": "cell-end"}
,
{
"node": "d",
"type": "line-start",
"ref": "P451239.9",
"n": "7",
"label": "o 7"}
,
{
"node": "d",
"type": "cell-start"}
,
{
"node": "d",
"type": "field-start",
"subtype": "wp"}
,
{
"node": "l",
"frag": "|KI.[KAL]|",
"id": "P451239.l4e57d",
"ref": "P451239.9.1",
"inst": "KI.KAL[land]N",
"sig": "@dcclt%sux:|KI.KAL|=KI.KAL[land//a writing for different types of land]N'N$KI.KAL/|KI.KAL|#~",
"f": {"lang": "sux",
"form": "|KI.KAL|",
"cf": "KI.KAL",
"gw": "land",
"sense": "a writing for different types of land",
"norm0": "KI.KAL",
"pos": "N",
"epos": "N",
"base": "|KI.KAL|",
"morph": "~"}
}
,
{
"node": "d",
"type": "field-end",
"subtype": "wp"}
,
{
"node": "d",
"type": "cell-end"}
,
{
"node": "d",
"type": "cell-start"}
,
{
"node": "d",
"type": "field-start",
"subtype": "eq"}
,
{
"node": "l",
"frag": "[...]",
"id": "P451239.l4e57e",
"ref": "P451239.9.2",
"inst": "u",
"f": {"lang": "akk",
"form": "x",
"pos": "u"}
}
,
{
"node": "d",
"type": "field-end",
"subtype": "eq"}
,
{
"node": "d",
"type": "cell-end"}
,
{
"node": "d",
"type": "line-start",
"ref": "P451239.10",
"n": "8",
"label": "o 8"}
,
{
"node": "d",
"type": "cell-start"}
,
{
"node": "d",
"type": "field-start",
"subtype": "wp"}
,
{
"node": "l",
"frag": "|KI.[KAL]|",
"id": "P451239.l4e57f",
"ref": "P451239.10.1",
"inst": "KI.KAL[land]N",
"sig": "@dcclt%sux:|KI.KAL|=KI.KAL[land//a writing for different types of land]N'N$KI.KAL/|KI.KAL|#~",
"f": {"lang": "sux",
"form": "|KI.KAL|",
"cf": "KI.KAL",
"gw": "land",
"sense": "a writing for different types of land",
"norm0": "KI.KAL",
"pos": "N",
"epos": "N",
"base": "|KI.KAL|",
"morph": "~"}
}
,
{
"node": "d",
"type": "field-end",
"subtype": "wp"}
,
{
"node": "d",
"type": "cell-end"}
,
{
"node": "d",
"type": "cell-start"}
,
{
"node": "d",
"type": "field-start",
"subtype": "eq"}
,
{
"node": "l",
"frag": "[...]",
"id": "P451239.l4e580",
"ref": "P451239.10.2",
"inst": "u",
"f": {"lang": "akk",
"form": "x",
"pos": "u"}
}
,
{
"node": "d",
"type": "field-end",
"subtype": "eq"}
,
{
"node": "d",
"type": "cell-end"}
,
{
"node": "d",
"type": "line-start",
"ref": "P451239.11",
"n": "9",
"label": "o 9"}
,
{
"node": "d",
"type": "cell-start"}
,
{
"node": "d",
"type": "field-start",
"subtype": "wp"}
,
{
"node": "l",
"frag": "|KI.[KAL]|",
"id": "P451239.l4e581",
"ref": "P451239.11.1",
"inst": "KI.KAL[land]N",
"sig": "@dcclt%sux:|KI.KAL|=KI.KAL[land//a writing for different types of land]N'N$KI.KAL/|KI.KAL|#~",
"f": {"lang": "sux",
"form": "|KI.KAL|",
"cf": "KI.KAL",
"gw": "land",
"sense": "a writing for different types of land",
"norm0": "KI.KAL",
"pos": "N",
"epos": "N",
"base": "|KI.KAL|",
"morph": "~"}
}
,
{
"node": "d",
"type": "field-end",
"subtype": "wp"}
,
{
"node": "d",
"type": "cell-end"}
,
{
"node": "d",
"type": "cell-start"}
,
{
"node": "d",
"type": "field-start",
"subtype": "eq"}
,
{
"node": "l",
"frag": "[...]",
"id": "P451239.l4e582",
"ref": "P451239.11.2",
"inst": "u",
"f": {"lang": "akk",
"form": "x",
"pos": "u"}
}
,
{
"node": "d",
"type": "field-end",
"subtype": "eq"}
,
{
"node": "d",
"type": "cell-end"}
,
{
"node": "d",
"type": "nonx",
"ref": "P451239.12",
"strict": "1",
"extent": "rest",
"scope": "line",
"state": "missing"}
,
{
"node": "d",
"subtype": "reverse",
"type": "surface",
"ref": "P451239.r.13",
"type": "reverse",
"label": "r"}
,
{
"node": "d",
"type": "nonx",
"ref": "P451239.14",
"strict": "1",
"extent": "beginning",
"scope": "line",
"state": "missing"}
,
{
"node": "d",
"type": "nonx",
"ref": "P451239.15",
"strict": "0",
"state": "blank"}
,
{
"node": "d",
"type": "nonx",
"ref": "P451239.16",
"strict": "0",
"state": "traces"}
]}
]}
]}
]}
