{
"type": "cdl",
  "source": "http://oracc.org/dcclt",
  "license": "This data is released under the CC0 license",
  "license-url": "https://creativecommons.org/publicdomain/zero/1.0/",
  "more-info": "http://oracc.org/doc/opendata/",
  "UTC-timestamp": "2017-05-19T18:28:44",
"project": "dcclt",
"textid": "P451527",
"cdl": [
{
"node": "c",
"type": "text",
"id": "P451527.U0",
"cdl": [
{
"node": "d",
"subtype": "tablet",
"type": "object",
"ref": "P451527.x1950.1",
"type": "tablet",
"label": "x1950"}
,
{
"node": "d",
"subtype": "obverse",
"type": "surface",
"ref": "P451527.o.2",
"type": "obverse",
"label": "o"}
,
{
"node": "d",
"subtype": "column 1o '",
"type": "column",
"ref": "P451527.o.i_.3",
"n": "1",
"label": "o i'"}
,
{
"node": "d",
"type": "nonx",
"ref": "P451527.4",
"strict": "1",
"extent": "beginning",
"scope": "line",
"state": "missing"}
,
{
"node": "c",
"type": "discourse",
"subtype": "body",
"id": "P451527.U1",
"cdl": [
{
"node": "c",
"type": "sentence",
"id": "P451527.U2",
"label": "o i' 1' - r ii' 13",
"cdl": [
{
"node": "d",
"type": "line-start",
"ref": "P451527.5",
"n": "1'",
"label": "o i' 1'"}
,
{
"node": "d",
"type": "cell-start"}
,
{
"node": "d",
"type": "field-start",
"subtype": "wp"}
,
{
"node": "l",
"frag": "[...]",
"id": "P451527.l4e284",
"ref": "P451527.5.1",
"inst": "u",
"f": {"lang": "sux",
"form": "x",
"pos": "u"}
}
,
{
"node": "d",
"type": "field-end",
"subtype": "wp"}
,
{
"node": "d",
"type": "cell-end"}
,
{
"node": "d",
"type": "cell-start"}
,
{
"node": "d",
"type": "field-start",
"subtype": "eq"}
,
{
"node": "l",
"frag": "[kal-la]-⸢tum⸣",
"id": "P451527.l4e285",
"ref": "P451527.5.2",
"inst": "+kallātu[daughter-in-law]N$kallātum",
"sig": "@dcclt%akk:kal-la-tum=kallātu[daughter-in-law//daughter-in-law]N'N$kallātum",
"f": {"lang": "akk",
"form": "kal-la-tum",
"cf": "kallātu",
"gw": "daughter-in-law",
"sense": "daughter-in-law",
"norm": "kallātum",
"pos": "N",
"epos": "N"}
}
,
{
"node": "d",
"type": "field-end",
"subtype": "eq"}
,
{
"node": "d",
"type": "cell-end"}
,
{
"node": "d",
"type": "line-start",
"ref": "P451527.6",
"n": "2'",
"label": "o i' 2'"}
,
{
"node": "d",
"type": "cell-start"}
,
{
"node": "d",
"type": "field-start",
"subtype": "wp"}
,
{
"node": "l",
"frag": "[...]",
"id": "P451527.l4e286",
"ref": "P451527.6.1",
"inst": "u",
"f": {"lang": "sux",
"form": "x",
"pos": "u"}
}
,
{
"node": "d",
"type": "field-end",
"subtype": "wp"}
,
{
"node": "d",
"type": "cell-end"}
,
{
"node": "d",
"type": "cell-start"}
,
{
"node": "d",
"type": "field-start",
"subtype": "eq"}
,
{
"node": "l",
"frag": "[ba]-⸢ab⸣-tum",
"id": "P451527.l4e287",
"ref": "P451527.6.2",
"inst": "+bābtu[city quarter]N$bābtum",
"sig": "@dcclt%akk:ba-ab-tum=bābtu[city quarter//city quarter]N'N$bābtum",
"f": {"lang": "akk",
"form": "ba-ab-tum",
"cf": "bābtu",
"gw": "city quarter",
"sense": "city quarter",
"norm": "bābtum",
"pos": "N",
"epos": "N"}
}
,
{
"node": "d",
"type": "field-end",
"subtype": "eq"}
,
{
"node": "d",
"type": "cell-end"}
,
{
"node": "d",
"type": "line-start",
"ref": "P451527.7",
"n": "3'",
"label": "o i' 3'"}
,
{
"node": "d",
"type": "cell-start"}
,
{
"node": "d",
"type": "field-start",
"subtype": "wp"}
,
{
"node": "l",
"frag": "[...]",
"id": "P451527.l4e288",
"ref": "P451527.7.1",
"inst": "u",
"f": {"lang": "sux",
"form": "x",
"pos": "u"}
}
,
{
"node": "d",
"type": "field-end",
"subtype": "wp"}
,
{
"node": "d",
"type": "cell-end"}
,
{
"node": "d",
"type": "cell-start"}
,
{
"node": "d",
"type": "field-start",
"subtype": "eq"}
,
{
"node": "l",
"frag": "[ak]-lu",
"id": "P451527.l4e289",
"ref": "P451527.7.2",
"inst": "+waklu[overseer]N$aklu",
"sig": "@dcclt%akk:ak-lu=waklu[overseer//overseer]N'N$aklu",
"f": {"lang": "akk",
"form": "ak-lu",
"cf": "waklu",
"gw": "overseer",
"sense": "overseer",
"norm": "aklu",
"pos": "N",
"epos": "N"}
}
,
{
"node": "d",
"type": "nonw",
"ref": "P451527.7.3",
"lang": "akk",
"type": "surro"}
,
{
"node": "l",
"id": "P451527.l4e28a",
"ref": "P451527.7.4",
"inst": "bābtum[city quarter]N",
"sig": "@dcclt%akk:ba-ab-tum=bābtu[city quarter//city quarter]N'N$bābtum",
"f": {"lang": "akk",
"form": "ba-ab-tum",
"cf": "bābtu",
"gw": "city quarter",
"sense": "city quarter",
"norm": "bābtum",
"pos": "N",
"epos": "N"}
}
,
{
"node": "d",
"type": "field-end",
"subtype": "eq"}
,
{
"node": "d",
"type": "cell-end"}
,
{
"node": "d",
"type": "nonx",
"ref": "P451527.8",
"strict": "1",
"extent": "1",
"scope": "line",
"state": "ruling"}
,
{
"node": "d",
"type": "line-start",
"ref": "P451527.9",
"n": "4'",
"label": "o i' 4'"}
,
{
"node": "d",
"type": "cell-start"}
,
{
"node": "d",
"type": "field-start",
"subtype": "wp"}
,
{
"node": "l",
"frag": "[...]",
"id": "P451527.l4e28b",
"ref": "P451527.9.1",
"inst": "u",
"f": {"lang": "sux",
"form": "x",
"pos": "u"}
}
,
{
"node": "d",
"type": "field-end",
"subtype": "wp"}
,
{
"node": "d",
"type": "cell-end"}
,
{
"node": "d",
"type": "cell-start"}
,
{
"node": "d",
"type": "field-start",
"subtype": "eq"}
,
{
"node": "l",
"frag": "⸢i⸣-ši",
"id": "P451527.l4e28c",
"ref": "P451527.9.2",
"inst": "īši[have]V",
"sig": "@dcclt%akk:i-ši=išû[have//have]V'V$īši",
"f": {"lang": "akk",
"form": "i-ši",
"cf": "išû",
"gw": "have",
"sense": "have",
"norm": "īši",
"pos": "V",
"epos": "V"}
}
,
{
"node": "d",
"type": "field-end",
"subtype": "eq"}
,
{
"node": "d",
"type": "cell-end"}
,
{
"node": "d",
"type": "line-start",
"ref": "P451527.10",
"n": "5'",
"label": "o i' 5'"}
,
{
"node": "d",
"type": "cell-start"}
,
{
"node": "d",
"type": "field-start",
"subtype": "wp"}
,
{
"node": "l",
"frag": "[...]",
"id": "P451527.l4e28d",
"ref": "P451527.10.1",
"inst": "u",
"f": {"lang": "sux",
"form": "x",
"pos": "u"}
}
,
{
"node": "d",
"type": "field-end",
"subtype": "wp"}
,
{
"node": "d",
"type": "cell-end"}
,
{
"node": "d",
"type": "cell-start"}
,
{
"node": "d",
"type": "field-start",
"subtype": "eq"}
,
{
"node": "l",
"frag": "⸢ul⸣",
"id": "P451527.l4e28e",
"ref": "P451527.10.2",
"inst": "ul[not]MOD",
"sig": "@dcclt%akk:ul=ul[not//not]MOD'MOD$ul",
"f": {"lang": "akk",
"form": "ul",
"cf": "ul",
"gw": "not",
"sense": "not",
"norm": "ul",
"pos": "MOD",
"epos": "MOD"}
}
,
{
"node": "d",
"type": "nonw",
"ref": "P451527.10.3",
"lang": "akk",
"type": "surro"}
,
{
"node": "l",
"id": "P451527.l4e28f",
"ref": "P451527.10.4",
"inst": "īši[have]V",
"sig": "@dcclt%akk:i-ši=išû[have//have]V'V$īši",
"f": {"lang": "akk",
"form": "i-ši",
"cf": "išû",
"gw": "have",
"sense": "have",
"norm": "īši",
"pos": "V",
"epos": "V"}
}
,
{
"node": "d",
"type": "field-end",
"subtype": "eq"}
,
{
"node": "d",
"type": "cell-end"}
,
{
"node": "d",
"type": "line-start",
"ref": "P451527.11",
"n": "6'",
"label": "o i' 6'"}
,
{
"node": "d",
"type": "cell-start"}
,
{
"node": "d",
"type": "field-start",
"subtype": "wp"}
,
{
"node": "l",
"frag": "[...]",
"id": "P451527.l4e290",
"ref": "P451527.11.1",
"inst": "u",
"f": {"lang": "sux",
"form": "x",
"pos": "u"}
}
,
{
"node": "d",
"type": "field-end",
"subtype": "wp"}
,
{
"node": "d",
"type": "cell-end"}
,
{
"node": "d",
"type": "cell-start"}
,
{
"node": "d",
"type": "field-start",
"subtype": "eq"}
,
{
"node": "l",
"frag": "⸢i⸣-ši",
"id": "P451527.l4e291",
"ref": "P451527.11.2",
"inst": "īši[have]V",
"sig": "@dcclt%akk:i-ši=išû[have//have]V'V$īši",
"f": {"lang": "akk",
"form": "i-ši",
"cf": "išû",
"gw": "have",
"sense": "have",
"norm": "īši",
"pos": "V",
"epos": "V"}
}
,
{
"node": "d",
"type": "field-end",
"subtype": "eq"}
,
{
"node": "d",
"type": "cell-end"}
,
{
"node": "d",
"type": "line-start",
"ref": "P451527.12",
"n": "7'",
"label": "o i' 7'"}
,
{
"node": "d",
"type": "cell-start"}
,
{
"node": "d",
"type": "field-start",
"subtype": "wp"}
,
{
"node": "l",
"frag": "[...]",
"id": "P451527.l4e292",
"ref": "P451527.12.1",
"inst": "u",
"f": {"lang": "sux",
"form": "x",
"pos": "u"}
}
,
{
"node": "d",
"type": "field-end",
"subtype": "wp"}
,
{
"node": "d",
"type": "cell-end"}
,
{
"node": "d",
"type": "cell-start"}
,
{
"node": "d",
"type": "field-start",
"subtype": "eq"}
,
{
"node": "l",
"frag": "⸢ul⸣",
"id": "P451527.l4e293",
"ref": "P451527.12.2",
"inst": "ul[not]MOD",
"sig": "@dcclt%akk:ul=ul[not//not]MOD'MOD$ul",
"f": {"lang": "akk",
"form": "ul",
"cf": "ul",
"gw": "not",
"sense": "not",
"norm": "ul",
"pos": "MOD",
"epos": "MOD"}
}
,
{
"node": "d",
"type": "nonw",
"ref": "P451527.12.3",
"lang": "akk",
"type": "surro"}
,
{
"node": "l",
"id": "P451527.l4e294",
"ref": "P451527.12.4",
"inst": "īši[have]V",
"sig": "@dcclt%akk:i-ši=išû[have//have]V'V$īši",
"f": {"lang": "akk",
"form": "i-ši",
"cf": "išû",
"gw": "have",
"sense": "have",
"norm": "īši",
"pos": "V",
"epos": "V"}
}
,
{
"node": "d",
"type": "field-end",
"subtype": "eq"}
,
{
"node": "d",
"type": "cell-end"}
,
{
"node": "d",
"type": "line-start",
"ref": "P451527.13",
"n": "8'",
"label": "o i' 8'"}
,
{
"node": "d",
"type": "cell-start"}
,
{
"node": "d",
"type": "field-start",
"subtype": "wp"}
,
{
"node": "l",
"frag": "[...]",
"id": "P451527.l4e295",
"ref": "P451527.13.1",
"inst": "u",
"f": {"lang": "sux",
"form": "x",
"pos": "u"}
}
,
{
"node": "d",
"type": "field-end",
"subtype": "wp"}
,
{
"node": "d",
"type": "cell-end"}
,
{
"node": "d",
"type": "cell-start"}
,
{
"node": "d",
"type": "field-start",
"subtype": "eq"}
,
{
"node": "l",
"frag": "[i]-ši",
"id": "P451527.l4e296",
"ref": "P451527.13.2",
"inst": "īši[have]V",
"sig": "@dcclt%akk:i-ši=išû[have//have]V'V$īši",
"f": {"lang": "akk",
"form": "i-ši",
"cf": "išû",
"gw": "have",
"sense": "have",
"norm": "īši",
"pos": "V",
"epos": "V"}
}
,
{
"node": "d",
"type": "field-end",
"subtype": "eq"}
,
{
"node": "d",
"type": "cell-end"}
,
{
"node": "d",
"type": "line-start",
"ref": "P451527.14",
"n": "9'",
"label": "o i' 9'"}
,
{
"node": "d",
"type": "cell-start"}
,
{
"node": "d",
"type": "field-start",
"subtype": "wp"}
,
{
"node": "l",
"frag": "[...]",
"id": "P451527.l4e297",
"ref": "P451527.14.1",
"inst": "u",
"f": {"lang": "sux",
"form": "x",
"pos": "u"}
}
,
{
"node": "d",
"type": "field-end",
"subtype": "wp"}
,
{
"node": "d",
"type": "cell-end"}
,
{
"node": "d",
"type": "cell-start"}
,
{
"node": "d",
"type": "field-start",
"subtype": "eq"}
,
{
"node": "l",
"frag": "[ul]",
"id": "P451527.l4e298",
"ref": "P451527.14.2",
"inst": "ul[not]MOD",
"sig": "@dcclt%akk:ul=ul[not//not]MOD'MOD$ul",
"f": {"lang": "akk",
"form": "ul",
"cf": "ul",
"gw": "not",
"sense": "not",
"norm": "ul",
"pos": "MOD",
"epos": "MOD"}
}
,
{
"node": "d",
"type": "nonw",
"ref": "P451527.14.3",
"lang": "akk",
"type": "surro"}
,
{
"node": "l",
"id": "P451527.l4e299",
"ref": "P451527.14.4",
"inst": "īši[have]V",
"sig": "@dcclt%akk:i-ši=išû[have//have]V'V$īši",
"f": {"lang": "akk",
"form": "i-ši",
"cf": "išû",
"gw": "have",
"sense": "have",
"norm": "īši",
"pos": "V",
"epos": "V"}
}
,
{
"node": "d",
"type": "field-end",
"subtype": "eq"}
,
{
"node": "d",
"type": "cell-end"}
,
{
"node": "d",
"type": "nonx",
"ref": "P451527.15",
"strict": "1",
"extent": "rest",
"scope": "line",
"state": "missing"}
,
{
"node": "d",
"subtype": "column 2o '",
"type": "column",
"ref": "P451527.o.ii_.16",
"n": "2",
"label": "o ii'"}
,
{
"node": "d",
"type": "nonx",
"ref": "P451527.17",
"strict": "1",
"extent": "beginning",
"scope": "line",
"state": "missing"}
,
{
"node": "d",
"type": "line-start",
"ref": "P451527.18",
"n": "1'",
"label": "o ii' 1'"}
,
{
"node": "d",
"type": "cell-start"}
,
{
"node": "d",
"type": "field-start",
"subtype": "wp"}
,
{
"node": "l",
"frag": "nu-⸢ba⸣-[an]-⸢tuku⸣",
"id": "P451527.l4e29a",
"ref": "P451527.18.1",
"inst": "tuku[to acquire, get]V/t",
"sig": "@dcclt%sux:nu-ba-an-tuku=tuku[acquire//to acquire, get]V/t'V/t$nu.ba.n:tuku/tuku#nu.ba.n:~",
"f": {"lang": "sux",
"form": "nu-ba-an-tuku",
"cf": "tuku",
"gw": "acquire",
"sense": "to acquire, get",
"norm0": "nu.ba.n:tuku",
"pos": "V/t",
"epos": "V/t",
"base": "tuku",
"morph": "nu.ba.n:~"}
}
,
{
"node": "d",
"type": "field-end",
"subtype": "wp"}
,
{
"node": "d",
"type": "cell-end"}
,
{
"node": "d",
"type": "cell-start"}
,
{
"node": "d",
"type": "field-start",
"subtype": "eq"}
,
{
"node": "l",
"frag": "[...]",
"id": "P451527.l4e29b",
"ref": "P451527.18.2",
"inst": "u",
"f": {"lang": "akk",
"form": "x",
"pos": "u"}
}
,
{
"node": "d",
"type": "field-end",
"subtype": "eq"}
,
{
"node": "d",
"type": "cell-end"}
,
{
"node": "d",
"type": "line-start",
"ref": "P451527.19",
"n": "2'",
"label": "o ii' 2'"}
,
{
"node": "d",
"type": "cell-start"}
,
{
"node": "d",
"type": "field-start",
"subtype": "wp"}
,
{
"node": "l",
"frag": "saŋ-du",
"id": "P451527.l4e29c",
"ref": "P451527.19.1",
"inst": "saŋdu[head]N",
"sig": "@dcclt%sux:saŋ-du=saŋdu[head//head]N'N$saŋdu/saŋ-du#~",
"f": {"lang": "sux",
"form": "saŋ-du",
"cf": "saŋdu",
"gw": "head",
"sense": "head",
"norm0": "saŋdu",
"pos": "N",
"epos": "N",
"base": "saŋ-du",
"morph": "~"}
}
,
{
"node": "d",
"type": "field-end",
"subtype": "wp"}
,
{
"node": "d",
"type": "cell-end"}
,
{
"node": "d",
"type": "cell-start"}
,
{
"node": "d",
"type": "field-start",
"subtype": "eq"}
,
{
"node": "l",
"frag": "qaq-qa-[du]",
"id": "P451527.l4e29d",
"ref": "P451527.19.2",
"inst": "qaqqadu[head]N",
"sig": "@dcclt%akk:qaq-qa-du=qaqqadu[head//head]N'N$qaqqadu",
"f": {"lang": "akk",
"form": "qaq-qa-du",
"cf": "qaqqadu",
"gw": "head",
"sense": "head",
"norm": "qaqqadu",
"pos": "N",
"epos": "N"}
}
,
{
"node": "d",
"type": "field-end",
"subtype": "eq"}
,
{
"node": "d",
"type": "cell-end"}
,
{
"node": "d",
"type": "line-start",
"ref": "P451527.20",
"n": "3'",
"label": "o ii' 3'"}
,
{
"node": "d",
"type": "cell-start"}
,
{
"node": "d",
"type": "field-start",
"subtype": "wp"}
,
{
"node": "l",
"frag": "saŋ-ki",
"id": "P451527.l4e29e",
"ref": "P451527.20.1",
"inst": "saŋki[forehead, brow]N",
"sig": "@dcclt%sux:saŋ-ki=saŋki[forehead//forehead, brow]N'N$saŋki/saŋ-ki#~",
"f": {"lang": "sux",
"form": "saŋ-ki",
"cf": "saŋki",
"gw": "forehead",
"sense": "forehead, brow",
"norm0": "saŋki",
"pos": "N",
"epos": "N",
"base": "saŋ-ki",
"morph": "~"}
}
,
{
"node": "d",
"type": "field-end",
"subtype": "wp"}
,
{
"node": "d",
"type": "cell-end"}
,
{
"node": "d",
"type": "cell-start"}
,
{
"node": "d",
"type": "field-start",
"subtype": "eq"}
,
{
"node": "l",
"frag": "pu-u₂-⸢tum⸣",
"id": "P451527.l4e29f",
"ref": "P451527.20.2",
"inst": "pūtum[forehead]N",
"sig": "@dcclt%akk:pu-u₂-tum=pūtu[forehead//forehead]N'N$pūtum",
"f": {"lang": "akk",
"form": "pu-u₂-tum",
"cf": "pūtu",
"gw": "forehead",
"sense": "forehead",
"norm": "pūtum",
"pos": "N",
"epos": "N"}
}
,
{
"node": "d",
"type": "field-end",
"subtype": "eq"}
,
{
"node": "d",
"type": "cell-end"}
,
{
"node": "d",
"type": "line-start",
"ref": "P451527.21",
"n": "4'",
"label": "o ii' 4'"}
,
{
"node": "d",
"type": "cell-start"}
,
{
"node": "d",
"type": "field-start",
"subtype": "wp"}
,
{
"node": "l",
"frag": "e₂-gi₄-a",
"id": "P451527.l4e2a0",
"ref": "P451527.21.1",
"inst": "egia[bride]N",
"sig": "@dcclt%sux:e₂-gi₄-a=egia[bride//bride]N'N$egia/e₂-gi₄-a#~",
"f": {"lang": "sux",
"form": "e₂-gi₄-a",
"cf": "egia",
"gw": "bride",
"sense": "bride",
"norm0": "egia",
"pos": "N",
"epos": "N",
"base": "e₂-gi₄-a",
"morph": "~"}
}
,
{
"node": "d",
"type": "field-end",
"subtype": "wp"}
,
{
"node": "d",
"type": "cell-end"}
,
{
"node": "d",
"type": "cell-start"}
,
{
"node": "d",
"type": "field-start",
"subtype": "eq"}
,
{
"node": "l",
"frag": "kal-⸢la-tum⸣",
"id": "P451527.l4e2a1",
"ref": "P451527.21.2",
"inst": "kallātum[daughter-in-law]N",
"sig": "@dcclt%akk:kal-la-tum=kallātu[daughter-in-law//daughter-in-law]N'N$kallātum",
"f": {"lang": "akk",
"form": "kal-la-tum",
"cf": "kallātu",
"gw": "daughter-in-law",
"sense": "daughter-in-law",
"norm": "kallātum",
"pos": "N",
"epos": "N"}
}
,
{
"node": "d",
"type": "field-end",
"subtype": "eq"}
,
{
"node": "d",
"type": "cell-end"}
,
{
"node": "d",
"type": "line-start",
"ref": "P451527.22",
"n": "5'",
"label": "o ii' 5'"}
,
{
"node": "d",
"type": "cell-start"}
,
{
"node": "d",
"type": "field-start",
"subtype": "wp"}
,
{
"node": "l",
"frag": "dag-gi₄-a",
"id": "P451527.l4e2a2",
"ref": "P451527.22.1",
"inst": "daggi[city quarter]N",
"sig": "@dcclt%sux:dag-gi₄-a=daggi[quarter//city quarter]N'N$daggi,ak/dag-gi₄#~,ak",
"f": {"lang": "sux",
"form": "dag-gi₄-a",
"cf": "daggi",
"gw": "quarter",
"sense": "city quarter",
"norm0": "daggi,ak",
"pos": "N",
"epos": "N",
"base": "dag-gi₄",
"morph": "~,ak"}
}
,
{
"node": "d",
"type": "field-end",
"subtype": "wp"}
,
{
"node": "d",
"type": "cell-end"}
,
{
"node": "d",
"type": "cell-start"}
,
{
"node": "d",
"type": "field-start",
"subtype": "eq"}
,
{
"node": "l",
"frag": "ba-ab-tum",
"id": "P451527.l4e2a3",
"ref": "P451527.22.2",
"inst": "bābtum[city quarter]N",
"sig": "@dcclt%akk:ba-ab-tum=bābtu[city quarter//city quarter]N'N$bābtum",
"f": {"lang": "akk",
"form": "ba-ab-tum",
"cf": "bābtu",
"gw": "city quarter",
"sense": "city quarter",
"norm": "bābtum",
"pos": "N",
"epos": "N"}
}
,
{
"node": "d",
"type": "field-end",
"subtype": "eq"}
,
{
"node": "d",
"type": "cell-end"}
,
{
"node": "d",
"type": "line-start",
"ref": "P451527.23",
"n": "6'",
"label": "o ii' 6'"}
,
{
"node": "d",
"type": "cell-start"}
,
{
"node": "d",
"type": "field-start",
"subtype": "wp"}
,
{
"node": "l",
"frag": "ugula",
"id": "P451527.l4e2a4",
"ref": "P451527.23.1",
"inst": "ugula[overseer, foreman]N",
"sig": "@dcclt%sux:ugula=ugula[overseer//overseer, foreman]N'N$ugula/ugula#~",
"f": {"lang": "sux",
"form": "ugula",
"cf": "ugula",
"gw": "overseer",
"sense": "overseer, foreman",
"norm0": "ugula",
"pos": "N",
"epos": "N",
"base": "ugula",
"morph": "~"}
}
,
{
"node": "l",
"frag": "dag-gi₄-a",
"id": "P451527.l4e2a5",
"ref": "P451527.23.2",
"inst": "daggi[city quarter]N",
"sig": "@dcclt%sux:dag-gi₄-a=daggi[quarter//city quarter]N'N$daggi,ak/dag-gi₄#~,ak",
"f": {"lang": "sux",
"form": "dag-gi₄-a",
"cf": "daggi",
"gw": "quarter",
"sense": "city quarter",
"norm0": "daggi,ak",
"pos": "N",
"epos": "N",
"base": "dag-gi₄",
"morph": "~,ak"}
}
,
{
"node": "d",
"type": "field-end",
"subtype": "wp"}
,
{
"node": "d",
"type": "cell-end"}
,
{
"node": "d",
"type": "cell-start"}
,
{
"node": "d",
"type": "field-start",
"subtype": "eq"}
,
{
"node": "l",
"frag": "ak-lu",
"id": "P451527.l4e2a6",
"ref": "P451527.23.3",
"inst": "aklu[overseer]N",
"sig": "@dcclt%akk:ak-lu=waklu[overseer//overseer]N'N$aklu",
"f": {"lang": "akk",
"form": "ak-lu",
"cf": "waklu",
"gw": "overseer",
"sense": "overseer",
"norm": "aklu",
"pos": "N",
"epos": "N"}
}
,
{
"node": "d",
"type": "nonw",
"ref": "P451527.23.4",
"lang": "akk",
"type": "surro"}
,
{
"node": "l",
"id": "P451527.l4e2a7",
"ref": "P451527.23.5",
"inst": "bābtum[city quarter]N",
"sig": "@dcclt%akk:ba-ab-tum=bābtu[city quarter//city quarter]N'N$bābtum",
"f": {"lang": "akk",
"form": "ba-ab-tum",
"cf": "bābtu",
"gw": "city quarter",
"sense": "city quarter",
"norm": "bābtum",
"pos": "N",
"epos": "N"}
}
,
{
"node": "d",
"type": "field-end",
"subtype": "eq"}
,
{
"node": "d",
"type": "cell-end"}
,
{
"node": "d",
"type": "nonx",
"ref": "P451527.24",
"strict": "1",
"extent": "1",
"scope": "line",
"state": "ruling"}
,
{
"node": "d",
"type": "line-start",
"ref": "P451527.25",
"n": "7'",
"label": "o ii' 7'"}
,
{
"node": "d",
"type": "cell-start"}
,
{
"node": "d",
"type": "field-start",
"subtype": "wp"}
,
{
"node": "l",
"frag": "tuku",
"id": "P451527.l4e2a8",
"ref": "P451527.25.1",
"inst": "tuku[to acquire, get]V/t",
"sig": "@dcclt%sux:tuku=tuku[acquire//to acquire, get]V/t'V/t$tuku/tuku#~",
"f": {"lang": "sux",
"form": "tuku",
"cf": "tuku",
"gw": "acquire",
"sense": "to acquire, get",
"norm0": "tuku",
"pos": "V/t",
"epos": "V/t",
"base": "tuku",
"morph": "~"}
}
,
{
"node": "d",
"type": "field-end",
"subtype": "wp"}
,
{
"node": "d",
"type": "cell-end"}
,
{
"node": "d",
"type": "cell-start"}
,
{
"node": "d",
"type": "field-start",
"subtype": "eq"}
,
{
"node": "l",
"frag": "⸢i⸣-ši",
"id": "P451527.l4e2a9",
"ref": "P451527.25.2",
"inst": "īši[have]V",
"sig": "@dcclt%akk:i-ši=išû[have//have]V'V$īši",
"f": {"lang": "akk",
"form": "i-ši",
"cf": "išû",
"gw": "have",
"sense": "have",
"norm": "īši",
"pos": "V",
"epos": "V"}
}
,
{
"node": "d",
"type": "field-end",
"subtype": "eq"}
,
{
"node": "d",
"type": "cell-end"}
,
{
"node": "d",
"type": "line-start",
"ref": "P451527.26",
"n": "8'",
"label": "o ii' 8'"}
,
{
"node": "d",
"type": "cell-start"}
,
{
"node": "d",
"type": "field-start",
"subtype": "wp"}
,
{
"node": "l",
"frag": "nu-tuku",
"id": "P451527.l4e2aa",
"ref": "P451527.26.1",
"inst": "tuku[to acquire, get]V/t",
"sig": "@dcclt%sux:nu-tuku=tuku[acquire//to acquire, get]V/t'V/t$nu:tuku/tuku#nu:~",
"f": {"lang": "sux",
"form": "nu-tuku",
"cf": "tuku",
"gw": "acquire",
"sense": "to acquire, get",
"norm0": "nu:tuku",
"pos": "V/t",
"epos": "V/t",
"base": "tuku",
"morph": "nu:~"}
}
,
{
"node": "d",
"type": "field-end",
"subtype": "wp"}
,
{
"node": "d",
"type": "cell-end"}
,
{
"node": "d",
"type": "cell-start"}
,
{
"node": "d",
"type": "field-start",
"subtype": "eq"}
,
{
"node": "l",
"frag": "ul",
"id": "P451527.l4e2ab",
"ref": "P451527.26.2",
"inst": "ul[not]MOD",
"sig": "@dcclt%akk:ul=ul[not//not]MOD'MOD$ul",
"f": {"lang": "akk",
"form": "ul",
"cf": "ul",
"gw": "not",
"sense": "not",
"norm": "ul",
"pos": "MOD",
"epos": "MOD"}
}
,
{
"node": "d",
"type": "nonw",
"ref": "P451527.26.3",
"lang": "akk",
"type": "surro"}
,
{
"node": "l",
"id": "P451527.l4e2ac",
"ref": "P451527.26.4",
"inst": "īši[have]V",
"sig": "@dcclt%akk:i-ši=išû[have//have]V'V$īši",
"f": {"lang": "akk",
"form": "i-ši",
"cf": "išû",
"gw": "have",
"sense": "have",
"norm": "īši",
"pos": "V",
"epos": "V"}
}
,
{
"node": "d",
"type": "field-end",
"subtype": "eq"}
,
{
"node": "d",
"type": "cell-end"}
,
{
"node": "d",
"type": "line-start",
"ref": "P451527.27",
"n": "9'",
"label": "o ii' 9'"}
,
{
"node": "d",
"type": "cell-start"}
,
{
"node": "d",
"type": "field-start",
"subtype": "wp"}
,
{
"node": "l",
"frag": "an-tuku",
"id": "P451527.l4e2ad",
"ref": "P451527.27.1",
"inst": "tuku[to acquire, get]V/t",
"sig": "@dcclt%sux:an-tuku=tuku[acquire//to acquire, get]V/t'V/t$V.n:tuku/tuku#V.n:~",
"f": {"lang": "sux",
"form": "an-tuku",
"cf": "tuku",
"gw": "acquire",
"sense": "to acquire, get",
"norm0": "V.n:tuku",
"pos": "V/t",
"epos": "V/t",
"base": "tuku",
"morph": "V.n:~"}
}
,
{
"node": "d",
"type": "field-end",
"subtype": "wp"}
,
{
"node": "d",
"type": "cell-end"}
,
{
"node": "d",
"type": "cell-start"}
,
{
"node": "d",
"type": "field-start",
"subtype": "eq"}
,
{
"node": "l",
"frag": "i-ši",
"id": "P451527.l4e2ae",
"ref": "P451527.27.2",
"inst": "īši[have]V",
"sig": "@dcclt%akk:i-ši=išû[have//have]V'V$īši",
"f": {"lang": "akk",
"form": "i-ši",
"cf": "išû",
"gw": "have",
"sense": "have",
"norm": "īši",
"pos": "V",
"epos": "V"}
}
,
{
"node": "d",
"type": "field-end",
"subtype": "eq"}
,
{
"node": "d",
"type": "cell-end"}
,
{
"node": "d",
"type": "line-start",
"ref": "P451527.28",
"n": "10'",
"label": "o ii' 10'"}
,
{
"node": "d",
"type": "cell-start"}
,
{
"node": "d",
"type": "field-start",
"subtype": "wp"}
,
{
"node": "l",
"frag": "nu-an-tuku",
"id": "P451527.l4e2af",
"ref": "P451527.28.1",
"inst": "tuku[to acquire, get]V/t",
"sig": "@dcclt%sux:nu-an-tuku=tuku[acquire//to acquire, get]V/t'V/t$nu.V.n:tuku/tuku#nu.V.n:~",
"f": {"lang": "sux",
"form": "nu-an-tuku",
"cf": "tuku",
"gw": "acquire",
"sense": "to acquire, get",
"norm0": "nu.V.n:tuku",
"pos": "V/t",
"epos": "V/t",
"base": "tuku",
"morph": "nu.V.n:~"}
}
,
{
"node": "d",
"type": "field-end",
"subtype": "wp"}
,
{
"node": "d",
"type": "cell-end"}
,
{
"node": "d",
"type": "cell-start"}
,
{
"node": "d",
"type": "field-start",
"subtype": "eq"}
,
{
"node": "l",
"frag": "ul",
"id": "P451527.l4e2b0",
"ref": "P451527.28.2",
"inst": "ul[not]MOD",
"sig": "@dcclt%akk:ul=ul[not//not]MOD'MOD$ul",
"f": {"lang": "akk",
"form": "ul",
"cf": "ul",
"gw": "not",
"sense": "not",
"norm": "ul",
"pos": "MOD",
"epos": "MOD"}
}
,
{
"node": "d",
"type": "nonw",
"ref": "P451527.28.3",
"lang": "akk",
"type": "surro"}
,
{
"node": "l",
"id": "P451527.l4e2b1",
"ref": "P451527.28.4",
"inst": "īši[have]V",
"sig": "@dcclt%akk:i-ši=išû[have//have]V'V$īši",
"f": {"lang": "akk",
"form": "i-ši",
"cf": "išû",
"gw": "have",
"sense": "have",
"norm": "īši",
"pos": "V",
"epos": "V"}
}
,
{
"node": "d",
"type": "field-end",
"subtype": "eq"}
,
{
"node": "d",
"type": "cell-end"}
,
{
"node": "d",
"type": "line-start",
"ref": "P451527.29",
"n": "11'",
"label": "o ii' 11'"}
,
{
"node": "d",
"type": "cell-start"}
,
{
"node": "d",
"type": "field-start",
"subtype": "wp"}
,
{
"node": "l",
"frag": "ba-an-tuku",
"id": "P451527.l4e2b2",
"ref": "P451527.29.1",
"inst": "tuku[to have]V/t",
"sig": "@dcclt%sux:ba-an-tuku=tuku[acquire//to have]V/t'V/t$ba.n:tuku/tuku#ba.n:~",
"f": {"lang": "sux",
"form": "ba-an-tuku",
"cf": "tuku",
"gw": "acquire",
"sense": "to have",
"norm0": "ba.n:tuku",
"pos": "V/t",
"epos": "V/t",
"base": "tuku",
"morph": "ba.n:~"}
}
,
{
"node": "d",
"type": "field-end",
"subtype": "wp"}
,
{
"node": "d",
"type": "cell-end"}
,
{
"node": "d",
"type": "cell-start"}
,
{
"node": "d",
"type": "field-start",
"subtype": "eq"}
,
{
"node": "l",
"frag": "i-ši",
"id": "P451527.l4e2b3",
"ref": "P451527.29.2",
"inst": "īši[have]V",
"sig": "@dcclt%akk:i-ši=išû[have//have]V'V$īši",
"f": {"lang": "akk",
"form": "i-ši",
"cf": "išû",
"gw": "have",
"sense": "have",
"norm": "īši",
"pos": "V",
"epos": "V"}
}
,
{
"node": "d",
"type": "field-end",
"subtype": "eq"}
,
{
"node": "d",
"type": "cell-end"}
,
{
"node": "d",
"type": "line-start",
"ref": "P451527.30",
"n": "12'",
"label": "o ii' 12'"}
,
{
"node": "d",
"type": "cell-start"}
,
{
"node": "d",
"type": "field-start",
"subtype": "wp"}
,
{
"node": "l",
"frag": "nu-⸢ba⸣-an-tuku",
"id": "P451527.l4e2b4",
"ref": "P451527.30.1",
"inst": "tuku[to acquire, get]V/t",
"sig": "@dcclt%sux:nu-ba-an-tuku=tuku[acquire//to acquire, get]V/t'V/t$nu.ba.n:tuku/tuku#nu.ba.n:~",
"f": {"lang": "sux",
"form": "nu-ba-an-tuku",
"cf": "tuku",
"gw": "acquire",
"sense": "to acquire, get",
"norm0": "nu.ba.n:tuku",
"pos": "V/t",
"epos": "V/t",
"base": "tuku",
"morph": "nu.ba.n:~"}
}
,
{
"node": "d",
"type": "field-end",
"subtype": "wp"}
,
{
"node": "d",
"type": "cell-end"}
,
{
"node": "d",
"type": "cell-start"}
,
{
"node": "d",
"type": "field-start",
"subtype": "eq"}
,
{
"node": "l",
"frag": "ul",
"id": "P451527.l4e2b5",
"ref": "P451527.30.2",
"inst": "ul[not]MOD",
"sig": "@dcclt%akk:ul=ul[not//not]MOD'MOD$ul",
"f": {"lang": "akk",
"form": "ul",
"cf": "ul",
"gw": "not",
"sense": "not",
"norm": "ul",
"pos": "MOD",
"epos": "MOD"}
}
,
{
"node": "d",
"type": "nonw",
"ref": "P451527.30.3",
"lang": "akk",
"type": "surro"}
,
{
"node": "l",
"id": "P451527.l4e2b6",
"ref": "P451527.30.4",
"inst": "īši[have]V",
"sig": "@dcclt%akk:i-ši=išû[have//have]V'V$īši",
"f": {"lang": "akk",
"form": "i-ši",
"cf": "išû",
"gw": "have",
"sense": "have",
"norm": "īši",
"pos": "V",
"epos": "V"}
}
,
{
"node": "d",
"type": "field-end",
"subtype": "eq"}
,
{
"node": "d",
"type": "cell-end"}
,
{
"node": "d",
"type": "line-start",
"ref": "P451527.31",
"n": "13'",
"label": "o ii' 13'"}
,
{
"node": "d",
"type": "cell-start"}
,
{
"node": "d",
"type": "field-start",
"subtype": "wp"}
,
{
"node": "l",
"frag": "saŋ-⸢du⸣",
"id": "P451527.l4e2b7",
"ref": "P451527.31.1",
"inst": "saŋdu[head]N",
"sig": "@dcclt%sux:saŋ-du=saŋdu[head//head]N'N$saŋdu/saŋ-du#~",
"f": {"lang": "sux",
"form": "saŋ-du",
"cf": "saŋdu",
"gw": "head",
"sense": "head",
"norm0": "saŋdu",
"pos": "N",
"epos": "N",
"base": "saŋ-du",
"morph": "~"}
}
,
{
"node": "d",
"type": "field-end",
"subtype": "wp"}
,
{
"node": "d",
"type": "cell-end"}
,
{
"node": "d",
"type": "cell-start"}
,
{
"node": "d",
"type": "field-start",
"subtype": "eq"}
,
{
"node": "l",
"frag": "⸢qaq-qa⸣-[du]",
"id": "P451527.l4e2b8",
"ref": "P451527.31.2",
"inst": "qaqqadu[head]N",
"sig": "@dcclt%akk:qaq-qa-du=qaqqadu[head//head]N'N$qaqqadu",
"f": {"lang": "akk",
"form": "qaq-qa-du",
"cf": "qaqqadu",
"gw": "head",
"sense": "head",
"norm": "qaqqadu",
"pos": "N",
"epos": "N"}
}
,
{
"node": "d",
"type": "field-end",
"subtype": "eq"}
,
{
"node": "d",
"type": "cell-end"}
,
{
"node": "d",
"type": "line-start",
"ref": "P451527.32",
"n": "14'",
"label": "o ii' 14'"}
,
{
"node": "d",
"type": "cell-start"}
,
{
"node": "d",
"type": "field-start",
"subtype": "wp"}
,
{
"node": "l",
"frag": "⸢saŋ-ki⸣",
"id": "P451527.l4e2b9",
"ref": "P451527.32.1",
"inst": "saŋki[forehead, brow]N",
"sig": "@dcclt%sux:saŋ-ki=saŋki[forehead//forehead, brow]N'N$saŋki/saŋ-ki#~",
"f": {"lang": "sux",
"form": "saŋ-ki",
"cf": "saŋki",
"gw": "forehead",
"sense": "forehead, brow",
"norm0": "saŋki",
"pos": "N",
"epos": "N",
"base": "saŋ-ki",
"morph": "~"}
}
,
{
"node": "d",
"type": "field-end",
"subtype": "wp"}
,
{
"node": "d",
"type": "cell-end"}
,
{
"node": "d",
"type": "cell-start"}
,
{
"node": "d",
"type": "field-start",
"subtype": "eq"}
,
{
"node": "l",
"frag": "[...]",
"id": "P451527.l4e2ba",
"ref": "P451527.32.2",
"inst": "u",
"f": {"lang": "akk",
"form": "x",
"pos": "u"}
}
,
{
"node": "d",
"type": "field-end",
"subtype": "eq"}
,
{
"node": "d",
"type": "cell-end"}
,
{
"node": "d",
"type": "nonx",
"ref": "P451527.33",
"strict": "1",
"extent": "rest",
"scope": "line",
"state": "missing"}
,
{
"node": "d",
"subtype": "column 3o '",
"type": "column",
"ref": "P451527.o.iii_.34",
"n": "3",
"label": "o iii'"}
,
{
"node": "d",
"type": "nonx",
"ref": "P451527.35",
"strict": "1",
"extent": "beginning",
"scope": "line",
"state": "missing"}
,
{
"node": "d",
"type": "line-start",
"ref": "P451527.36",
"n": "1'",
"label": "o iii' 1'"}
,
{
"node": "d",
"type": "cell-start"}
,
{
"node": "d",
"type": "field-start",
"subtype": "wp"}
,
{
"node": "l",
"frag": "⸢x⸣-[...]",
"id": "P451527.l4e2bb",
"ref": "P451527.36.1",
"inst": "u",
"f": {"lang": "sux",
"form": "x-x",
"pos": "u"}
}
,
{
"node": "d",
"type": "field-end",
"subtype": "wp"}
,
{
"node": "d",
"type": "cell-end"}
,
{
"node": "d",
"type": "cell-start"}
,
{
"node": "d",
"type": "field-start",
"subtype": "eq"}
,
{
"node": "l",
"frag": "[...]",
"id": "P451527.l4e2bc",
"ref": "P451527.36.2",
"inst": "u",
"f": {"lang": "akk",
"form": "x",
"pos": "u"}
}
,
{
"node": "d",
"type": "field-end",
"subtype": "eq"}
,
{
"node": "d",
"type": "cell-end"}
,
{
"node": "d",
"type": "line-start",
"ref": "P451527.37",
"n": "2'",
"label": "o iii' 2'"}
,
{
"node": "d",
"type": "cell-start"}
,
{
"node": "d",
"type": "field-start",
"subtype": "wp"}
,
{
"node": "l",
"frag": "nu-[...]",
"id": "P451527.l4e2bd",
"ref": "P451527.37.1",
"inst": "u",
"f": {"lang": "sux",
"form": "nu-x",
"pos": "u"}
}
,
{
"node": "d",
"type": "field-end",
"subtype": "wp"}
,
{
"node": "d",
"type": "cell-end"}
,
{
"node": "d",
"type": "cell-start"}
,
{
"node": "d",
"type": "field-start",
"subtype": "eq"}
,
{
"node": "l",
"frag": "[...]",
"id": "P451527.l4e2be",
"ref": "P451527.37.2",
"inst": "u",
"f": {"lang": "akk",
"form": "x",
"pos": "u"}
}
,
{
"node": "d",
"type": "field-end",
"subtype": "eq"}
,
{
"node": "d",
"type": "cell-end"}
,
{
"node": "d",
"type": "nonx",
"ref": "P451527.38",
"strict": "1",
"extent": "2",
"scope": "line",
"state": "missing"}
,
{
"node": "d",
"type": "line-start",
"ref": "P451527.39",
"n": "5'",
"label": "o iii' 5'"}
,
{
"node": "d",
"type": "cell-start"}
,
{
"node": "d",
"type": "field-start",
"subtype": "wp"}
,
{
"node": "l",
"frag": "⸢e₂⸣-[gi₄-a]",
"id": "P451527.l4e2bf",
"ref": "P451527.39.1",
"inst": "egia[bride]N",
"sig": "@dcclt%sux:e₂-gi₄-a=egia[bride//bride]N'N$egia/e₂-gi₄-a#~",
"f": {"lang": "sux",
"form": "e₂-gi₄-a",
"cf": "egia",
"gw": "bride",
"sense": "bride",
"norm0": "egia",
"pos": "N",
"epos": "N",
"base": "e₂-gi₄-a",
"morph": "~"}
}
,
{
"node": "d",
"type": "field-end",
"subtype": "wp"}
,
{
"node": "d",
"type": "cell-end"}
,
{
"node": "d",
"type": "cell-start"}
,
{
"node": "d",
"type": "field-start",
"subtype": "eq"}
,
{
"node": "l",
"frag": "[...]",
"id": "P451527.l4e2c0",
"ref": "P451527.39.2",
"inst": "u",
"f": {"lang": "akk",
"form": "x",
"pos": "u"}
}
,
{
"node": "d",
"type": "field-end",
"subtype": "eq"}
,
{
"node": "d",
"type": "cell-end"}
,
{
"node": "d",
"type": "nonx",
"ref": "P451527.40",
"strict": "1",
"extent": "rest",
"scope": "line",
"state": "missing"}
,
{
"node": "d",
"subtype": "reverse",
"type": "surface",
"ref": "P451527.r.41",
"type": "reverse",
"label": "r"}
,
{
"node": "d",
"subtype": "column 1r '",
"type": "column",
"ref": "P451527.r.i_.42",
"n": "1",
"label": "r i'"}
,
{
"node": "d",
"type": "line-start",
"ref": "P451527.43",
"n": "1",
"label": "r i' 1"}
,
{
"node": "d",
"type": "cell-start"}
,
{
"node": "d",
"type": "field-start",
"subtype": "wp"}
,
{
"node": "l",
"frag": "nu-[tuku]",
"id": "P451527.l4e2c1",
"ref": "P451527.43.1",
"inst": "tuku[to acquire, get]V/t",
"sig": "@dcclt%sux:nu-tuku=tuku[acquire//to acquire, get]V/t'V/t$nu:tuku/tuku#nu:~",
"f": {"lang": "sux",
"form": "nu-tuku",
"cf": "tuku",
"gw": "acquire",
"sense": "to acquire, get",
"norm0": "nu:tuku",
"pos": "V/t",
"epos": "V/t",
"base": "tuku",
"morph": "nu:~"}
}
,
{
"node": "d",
"type": "field-end",
"subtype": "wp"}
,
{
"node": "d",
"type": "cell-end"}
,
{
"node": "d",
"type": "cell-start"}
,
{
"node": "d",
"type": "field-start",
"subtype": "eq"}
,
{
"node": "l",
"frag": "[...]",
"id": "P451527.l4e2c2",
"ref": "P451527.43.2",
"inst": "u",
"f": {"lang": "akk",
"form": "x",
"pos": "u"}
}
,
{
"node": "d",
"type": "field-end",
"subtype": "eq"}
,
{
"node": "d",
"type": "cell-end"}
,
{
"node": "d",
"type": "line-start",
"ref": "P451527.44",
"n": "2",
"label": "r i' 2"}
,
{
"node": "d",
"type": "cell-start"}
,
{
"node": "d",
"type": "field-start",
"subtype": "wp"}
,
{
"node": "l",
"frag": "an-[tuku]",
"id": "P451527.l4e2c3",
"ref": "P451527.44.1",
"inst": "tuku[to acquire, get]V/t",
"sig": "@dcclt%sux:an-tuku=tuku[acquire//to acquire, get]V/t'V/t$V.n:tuku/tuku#V.n:~",
"f": {"lang": "sux",
"form": "an-tuku",
"cf": "tuku",
"gw": "acquire",
"sense": "to acquire, get",
"norm0": "V.n:tuku",
"pos": "V/t",
"epos": "V/t",
"base": "tuku",
"morph": "V.n:~"}
}
,
{
"node": "d",
"type": "field-end",
"subtype": "wp"}
,
{
"node": "d",
"type": "cell-end"}
,
{
"node": "d",
"type": "cell-start"}
,
{
"node": "d",
"type": "field-start",
"subtype": "eq"}
,
{
"node": "l",
"frag": "[...]",
"id": "P451527.l4e2c4",
"ref": "P451527.44.2",
"inst": "u",
"f": {"lang": "akk",
"form": "x",
"pos": "u"}
}
,
{
"node": "d",
"type": "field-end",
"subtype": "eq"}
,
{
"node": "d",
"type": "cell-end"}
,
{
"node": "d",
"type": "line-start",
"ref": "P451527.45",
"n": "3",
"label": "r i' 3"}
,
{
"node": "d",
"type": "cell-start"}
,
{
"node": "d",
"type": "field-start",
"subtype": "wp"}
,
{
"node": "l",
"frag": "nu-⸢an⸣-[tuku]",
"id": "P451527.l4e2c5",
"ref": "P451527.45.1",
"inst": "tuku[to acquire, get]V/t",
"sig": "@dcclt%sux:nu-an-tuku=tuku[acquire//to acquire, get]V/t'V/t$nu.V.n:tuku/tuku#nu.V.n:~",
"f": {"lang": "sux",
"form": "nu-an-tuku",
"cf": "tuku",
"gw": "acquire",
"sense": "to acquire, get",
"norm0": "nu.V.n:tuku",
"pos": "V/t",
"epos": "V/t",
"base": "tuku",
"morph": "nu.V.n:~"}
}
,
{
"node": "d",
"type": "field-end",
"subtype": "wp"}
,
{
"node": "d",
"type": "cell-end"}
,
{
"node": "d",
"type": "cell-start"}
,
{
"node": "d",
"type": "field-start",
"subtype": "eq"}
,
{
"node": "l",
"frag": "[...]",
"id": "P451527.l4e2c6",
"ref": "P451527.45.2",
"inst": "u",
"f": {"lang": "akk",
"form": "x",
"pos": "u"}
}
,
{
"node": "d",
"type": "field-end",
"subtype": "eq"}
,
{
"node": "d",
"type": "cell-end"}
,
{
"node": "d",
"type": "line-start",
"ref": "P451527.46",
"n": "4",
"label": "r i' 4"}
,
{
"node": "d",
"type": "cell-start"}
,
{
"node": "d",
"type": "field-start",
"subtype": "wp"}
,
{
"node": "l",
"frag": "ba-an-[tuku]",
"id": "P451527.l4e2c7",
"ref": "P451527.46.1",
"inst": "tuku[to have]V/t",
"sig": "@dcclt%sux:ba-an-tuku=tuku[acquire//to have]V/t'V/t$ba.n:tuku/tuku#ba.n:~",
"f": {"lang": "sux",
"form": "ba-an-tuku",
"cf": "tuku",
"gw": "acquire",
"sense": "to have",
"norm0": "ba.n:tuku",
"pos": "V/t",
"epos": "V/t",
"base": "tuku",
"morph": "ba.n:~"}
}
,
{
"node": "d",
"type": "field-end",
"subtype": "wp"}
,
{
"node": "d",
"type": "cell-end"}
,
{
"node": "d",
"type": "cell-start"}
,
{
"node": "d",
"type": "field-start",
"subtype": "eq"}
,
{
"node": "l",
"frag": "[...]",
"id": "P451527.l4e2c8",
"ref": "P451527.46.2",
"inst": "u",
"f": {"lang": "akk",
"form": "x",
"pos": "u"}
}
,
{
"node": "d",
"type": "field-end",
"subtype": "eq"}
,
{
"node": "d",
"type": "cell-end"}
,
{
"node": "d",
"type": "line-start",
"ref": "P451527.47",
"n": "5",
"label": "r i' 5"}
,
{
"node": "d",
"type": "cell-start"}
,
{
"node": "d",
"type": "field-start",
"subtype": "wp"}
,
{
"node": "l",
"frag": "nu-ba-⸢an⸣-[tuku]",
"id": "P451527.l4e2c9",
"ref": "P451527.47.1",
"inst": "tuku[to acquire, get]V/t",
"sig": "@dcclt%sux:nu-ba-an-tuku=tuku[acquire//to acquire, get]V/t'V/t$nu.ba.n:tuku/tuku#nu.ba.n:~",
"f": {"lang": "sux",
"form": "nu-ba-an-tuku",
"cf": "tuku",
"gw": "acquire",
"sense": "to acquire, get",
"norm0": "nu.ba.n:tuku",
"pos": "V/t",
"epos": "V/t",
"base": "tuku",
"morph": "nu.ba.n:~"}
}
,
{
"node": "d",
"type": "field-end",
"subtype": "wp"}
,
{
"node": "d",
"type": "cell-end"}
,
{
"node": "d",
"type": "cell-start"}
,
{
"node": "d",
"type": "field-start",
"subtype": "eq"}
,
{
"node": "l",
"frag": "[...]",
"id": "P451527.l4e2ca",
"ref": "P451527.47.2",
"inst": "u",
"f": {"lang": "akk",
"form": "x",
"pos": "u"}
}
,
{
"node": "d",
"type": "field-end",
"subtype": "eq"}
,
{
"node": "d",
"type": "cell-end"}
,
{
"node": "d",
"type": "line-start",
"ref": "P451527.48",
"n": "6",
"label": "r i' 6"}
,
{
"node": "l",
"frag": "⸢saŋ⸣-[du]",
"id": "P451527.l4e2cb",
"ref": "P451527.48.1",
"inst": "saŋdu[head]N",
"sig": "@dcclt%sux:saŋ-du=saŋdu[head//head]N'N$saŋdu/saŋ-du#~",
"f": {"lang": "sux",
"form": "saŋ-du",
"cf": "saŋdu",
"gw": "head",
"sense": "head",
"norm0": "saŋdu",
"pos": "N",
"epos": "N",
"base": "saŋ-du",
"morph": "~"}
}
,
{
"node": "l",
"frag": "[...]",
"id": "P451527.l4e2cc",
"ref": "P451527.48.2",
"inst": "u",
"f": {"lang": "sux",
"form": "x",
"pos": "u"}
}
,
{
"node": "d",
"type": "line-start",
"ref": "P451527.49",
"n": "7",
"label": "r i' 7"}
,
{
"node": "d",
"type": "cell-start"}
,
{
"node": "d",
"type": "field-start",
"subtype": "wp"}
,
{
"node": "l",
"frag": "⸢saŋ⸣-[ki]",
"id": "P451527.l4e2cd",
"ref": "P451527.49.1",
"inst": "saŋki[forehead, brow]N",
"sig": "@dcclt%sux:saŋ-ki=saŋki[forehead//forehead, brow]N'N$saŋki/saŋ-ki#~",
"f": {"lang": "sux",
"form": "saŋ-ki",
"cf": "saŋki",
"gw": "forehead",
"sense": "forehead, brow",
"norm0": "saŋki",
"pos": "N",
"epos": "N",
"base": "saŋ-ki",
"morph": "~"}
}
,
{
"node": "d",
"type": "field-end",
"subtype": "wp"}
,
{
"node": "d",
"type": "cell-end"}
,
{
"node": "d",
"type": "cell-start"}
,
{
"node": "d",
"type": "field-start",
"subtype": "eq"}
,
{
"node": "l",
"frag": "[...]",
"id": "P451527.l4e2ce",
"ref": "P451527.49.2",
"inst": "u",
"f": {"lang": "akk",
"form": "x",
"pos": "u"}
}
,
{
"node": "d",
"type": "field-end",
"subtype": "eq"}
,
{
"node": "d",
"type": "cell-end"}
,
{
"node": "d",
"type": "line-start",
"ref": "P451527.50",
"n": "8",
"label": "r i' 8"}
,
{
"node": "d",
"type": "cell-start"}
,
{
"node": "d",
"type": "field-start",
"subtype": "wp"}
,
{
"node": "l",
"frag": "e₂-⸢gi₄⸣-[a]",
"id": "P451527.l4e2cf",
"ref": "P451527.50.1",
"inst": "egia[bride]N",
"sig": "@dcclt%sux:e₂-gi₄-a=egia[bride//bride]N'N$egia/e₂-gi₄-a#~",
"f": {"lang": "sux",
"form": "e₂-gi₄-a",
"cf": "egia",
"gw": "bride",
"sense": "bride",
"norm0": "egia",
"pos": "N",
"epos": "N",
"base": "e₂-gi₄-a",
"morph": "~"}
}
,
{
"node": "d",
"type": "field-end",
"subtype": "wp"}
,
{
"node": "d",
"type": "cell-end"}
,
{
"node": "d",
"type": "cell-start"}
,
{
"node": "d",
"type": "field-start",
"subtype": "eq"}
,
{
"node": "l",
"frag": "[...]",
"id": "P451527.l4e2d0",
"ref": "P451527.50.2",
"inst": "u",
"f": {"lang": "akk",
"form": "x",
"pos": "u"}
}
,
{
"node": "d",
"type": "field-end",
"subtype": "eq"}
,
{
"node": "d",
"type": "cell-end"}
,
{
"node": "d",
"type": "line-start",
"ref": "P451527.51",
"n": "9",
"label": "r i' 9"}
,
{
"node": "d",
"type": "cell-start"}
,
{
"node": "d",
"type": "field-start",
"subtype": "wp"}
,
{
"node": "l",
"frag": "⸢dag⸣-[gi₄-a]",
"id": "P451527.l4e2d1",
"ref": "P451527.51.1",
"inst": "daggi[city quarter]N",
"sig": "@dcclt%sux:dag-gi₄-a=daggi[quarter//city quarter]N'N$daggi,ak/dag-gi₄#~,ak",
"f": {"lang": "sux",
"form": "dag-gi₄-a",
"cf": "daggi",
"gw": "quarter",
"sense": "city quarter",
"norm0": "daggi,ak",
"pos": "N",
"epos": "N",
"base": "dag-gi₄",
"morph": "~,ak"}
}
,
{
"node": "d",
"type": "field-end",
"subtype": "wp"}
,
{
"node": "d",
"type": "cell-end"}
,
{
"node": "d",
"type": "cell-start"}
,
{
"node": "d",
"type": "field-start",
"subtype": "eq"}
,
{
"node": "l",
"frag": "[...]",
"id": "P451527.l4e2d2",
"ref": "P451527.51.2",
"inst": "u",
"f": {"lang": "akk",
"form": "x",
"pos": "u"}
}
,
{
"node": "d",
"type": "field-end",
"subtype": "eq"}
,
{
"node": "d",
"type": "cell-end"}
,
{
"node": "d",
"type": "nonx",
"ref": "P451527.52",
"strict": "1",
"extent": "rest",
"scope": "line",
"state": "missing"}
,
{
"node": "d",
"subtype": "column 2r '",
"type": "column",
"ref": "P451527.r.ii_.53",
"n": "2",
"label": "r ii'"}
,
{
"node": "d",
"type": "line-start",
"ref": "P451527.54",
"n": "1",
"label": "r ii' 1"}
,
{
"node": "d",
"type": "cell-start"}
,
{
"node": "d",
"type": "field-start",
"subtype": "wp"}
,
{
"node": "l",
"frag": "tuku",
"id": "P451527.l4e2d3",
"ref": "P451527.54.1",
"inst": "tuku[to acquire, get]V/t",
"sig": "@dcclt%sux:tuku=tuku[acquire//to acquire, get]V/t'V/t$tuku/tuku#~",
"f": {"lang": "sux",
"form": "tuku",
"cf": "tuku",
"gw": "acquire",
"sense": "to acquire, get",
"norm0": "tuku",
"pos": "V/t",
"epos": "V/t",
"base": "tuku",
"morph": "~"}
}
,
{
"node": "d",
"type": "field-end",
"subtype": "wp"}
,
{
"node": "d",
"type": "cell-end"}
,
{
"node": "d",
"type": "cell-start"}
,
{
"node": "d",
"type": "field-start",
"subtype": "eq"}
,
{
"node": "l",
"frag": "i-[ši]",
"id": "P451527.l4e2d4",
"ref": "P451527.54.2",
"inst": "īši[have]V",
"sig": "@dcclt%akk:i-ši=išû[have//have]V'V$īši",
"f": {"lang": "akk",
"form": "i-ši",
"cf": "išû",
"gw": "have",
"sense": "have",
"norm": "īši",
"pos": "V",
"epos": "V"}
}
,
{
"node": "d",
"type": "field-end",
"subtype": "eq"}
,
{
"node": "d",
"type": "cell-end"}
,
{
"node": "d",
"type": "line-start",
"ref": "P451527.55",
"n": "2",
"label": "r ii' 2"}
,
{
"node": "d",
"type": "cell-start"}
,
{
"node": "d",
"type": "field-start",
"subtype": "wp"}
,
{
"node": "l",
"frag": "nu-tuku",
"id": "P451527.l4e2d5",
"ref": "P451527.55.1",
"inst": "tuku[to acquire, get]V/t",
"sig": "@dcclt%sux:nu-tuku=tuku[acquire//to acquire, get]V/t'V/t$nu:tuku/tuku#nu:~",
"f": {"lang": "sux",
"form": "nu-tuku",
"cf": "tuku",
"gw": "acquire",
"sense": "to acquire, get",
"norm0": "nu:tuku",
"pos": "V/t",
"epos": "V/t",
"base": "tuku",
"morph": "nu:~"}
}
,
{
"node": "d",
"type": "field-end",
"subtype": "wp"}
,
{
"node": "d",
"type": "cell-end"}
,
{
"node": "d",
"type": "cell-start"}
,
{
"node": "d",
"type": "field-start",
"subtype": "eq"}
,
{
"node": "l",
"frag": "ul",
"id": "P451527.l4e2d6",
"ref": "P451527.55.2",
"inst": "ul[not]MOD",
"sig": "@dcclt%akk:ul=ul[not//not]MOD'MOD$ul",
"f": {"lang": "akk",
"form": "ul",
"cf": "ul",
"gw": "not",
"sense": "not",
"norm": "ul",
"pos": "MOD",
"epos": "MOD"}
}
,
{
"node": "d",
"type": "nonw",
"ref": "P451527.55.3",
"lang": "akk",
"type": "surro"}
,
{
"node": "l",
"id": "P451527.l4e2d7",
"ref": "P451527.55.4",
"inst": "īši[have]V",
"sig": "@dcclt%akk:i-ši=išû[have//have]V'V$īši",
"f": {"lang": "akk",
"form": "i-ši",
"cf": "išû",
"gw": "have",
"sense": "have",
"norm": "īši",
"pos": "V",
"epos": "V"}
}
,
{
"node": "d",
"type": "field-end",
"subtype": "eq"}
,
{
"node": "d",
"type": "cell-end"}
,
{
"node": "d",
"type": "line-start",
"ref": "P451527.56",
"n": "3",
"label": "r ii' 3"}
,
{
"node": "d",
"type": "cell-start"}
,
{
"node": "d",
"type": "field-start",
"subtype": "wp"}
,
{
"node": "l",
"frag": "⸢an-tuku⸣",
"id": "P451527.l4e2d8",
"ref": "P451527.56.1",
"inst": "tuku[to acquire, get]V/t",
"sig": "@dcclt%sux:an-tuku=tuku[acquire//to acquire, get]V/t'V/t$V.n:tuku/tuku#V.n:~",
"f": {"lang": "sux",
"form": "an-tuku",
"cf": "tuku",
"gw": "acquire",
"sense": "to acquire, get",
"norm0": "V.n:tuku",
"pos": "V/t",
"epos": "V/t",
"base": "tuku",
"morph": "V.n:~"}
}
,
{
"node": "d",
"type": "field-end",
"subtype": "wp"}
,
{
"node": "d",
"type": "cell-end"}
,
{
"node": "d",
"type": "cell-start"}
,
{
"node": "d",
"type": "field-start",
"subtype": "eq"}
,
{
"node": "l",
"frag": "i-ši",
"id": "P451527.l4e2d9",
"ref": "P451527.56.2",
"inst": "īši[have]V",
"sig": "@dcclt%akk:i-ši=išû[have//have]V'V$īši",
"f": {"lang": "akk",
"form": "i-ši",
"cf": "išû",
"gw": "have",
"sense": "have",
"norm": "īši",
"pos": "V",
"epos": "V"}
}
,
{
"node": "d",
"type": "field-end",
"subtype": "eq"}
,
{
"node": "d",
"type": "cell-end"}
,
{
"node": "d",
"type": "line-start",
"ref": "P451527.57",
"n": "4",
"label": "r ii' 4"}
,
{
"node": "d",
"type": "cell-start"}
,
{
"node": "d",
"type": "field-start",
"subtype": "wp"}
,
{
"node": "l",
"frag": "nu-an-tuku",
"id": "P451527.l4e2da",
"ref": "P451527.57.1",
"inst": "tuku[to acquire, get]V/t",
"sig": "@dcclt%sux:nu-an-tuku=tuku[acquire//to acquire, get]V/t'V/t$nu.V.n:tuku/tuku#nu.V.n:~",
"f": {"lang": "sux",
"form": "nu-an-tuku",
"cf": "tuku",
"gw": "acquire",
"sense": "to acquire, get",
"norm0": "nu.V.n:tuku",
"pos": "V/t",
"epos": "V/t",
"base": "tuku",
"morph": "nu.V.n:~"}
}
,
{
"node": "d",
"type": "field-end",
"subtype": "wp"}
,
{
"node": "d",
"type": "cell-end"}
,
{
"node": "d",
"type": "cell-start"}
,
{
"node": "d",
"type": "field-start",
"subtype": "eq"}
,
{
"node": "l",
"frag": "ul",
"id": "P451527.l4e2db",
"ref": "P451527.57.2",
"inst": "ul[not]MOD",
"sig": "@dcclt%akk:ul=ul[not//not]MOD'MOD$ul",
"f": {"lang": "akk",
"form": "ul",
"cf": "ul",
"gw": "not",
"sense": "not",
"norm": "ul",
"pos": "MOD",
"epos": "MOD"}
}
,
{
"node": "d",
"type": "nonw",
"ref": "P451527.57.3",
"lang": "akk",
"type": "surro"}
,
{
"node": "l",
"id": "P451527.l4e2dc",
"ref": "P451527.57.4",
"inst": "īši[have]V",
"sig": "@dcclt%akk:i-ši=išû[have//have]V'V$īši",
"f": {"lang": "akk",
"form": "i-ši",
"cf": "išû",
"gw": "have",
"sense": "have",
"norm": "īši",
"pos": "V",
"epos": "V"}
}
,
{
"node": "d",
"type": "field-end",
"subtype": "eq"}
,
{
"node": "d",
"type": "cell-end"}
,
{
"node": "d",
"type": "line-start",
"ref": "P451527.58",
"n": "5",
"label": "r ii' 5"}
,
{
"node": "d",
"type": "cell-start"}
,
{
"node": "d",
"type": "field-start",
"subtype": "wp"}
,
{
"node": "l",
"frag": "ba-an-tuku",
"id": "P451527.l4e2dd",
"ref": "P451527.58.1",
"inst": "tuku[to have]V/t",
"sig": "@dcclt%sux:ba-an-tuku=tuku[acquire//to have]V/t'V/t$ba.n:tuku/tuku#ba.n:~",
"f": {"lang": "sux",
"form": "ba-an-tuku",
"cf": "tuku",
"gw": "acquire",
"sense": "to have",
"norm0": "ba.n:tuku",
"pos": "V/t",
"epos": "V/t",
"base": "tuku",
"morph": "ba.n:~"}
}
,
{
"node": "d",
"type": "field-end",
"subtype": "wp"}
,
{
"node": "d",
"type": "cell-end"}
,
{
"node": "d",
"type": "cell-start"}
,
{
"node": "d",
"type": "field-start",
"subtype": "eq"}
,
{
"node": "l",
"frag": "i-ši",
"id": "P451527.l4e2de",
"ref": "P451527.58.2",
"inst": "īši[have]V",
"sig": "@dcclt%akk:i-ši=išû[have//have]V'V$īši",
"f": {"lang": "akk",
"form": "i-ši",
"cf": "išû",
"gw": "have",
"sense": "have",
"norm": "īši",
"pos": "V",
"epos": "V"}
}
,
{
"node": "d",
"type": "field-end",
"subtype": "eq"}
,
{
"node": "d",
"type": "cell-end"}
,
{
"node": "d",
"type": "line-start",
"ref": "P451527.59",
"n": "6",
"label": "r ii' 6"}
,
{
"node": "d",
"type": "cell-start"}
,
{
"node": "d",
"type": "field-start",
"subtype": "wp"}
,
{
"node": "l",
"frag": "nu-ba-an-tuku",
"id": "P451527.l4e2df",
"ref": "P451527.59.1",
"inst": "tuku[to acquire, get]V/t",
"sig": "@dcclt%sux:nu-ba-an-tuku=tuku[acquire//to acquire, get]V/t'V/t$nu.ba.n:tuku/tuku#nu.ba.n:~",
"f": {"lang": "sux",
"form": "nu-ba-an-tuku",
"cf": "tuku",
"gw": "acquire",
"sense": "to acquire, get",
"norm0": "nu.ba.n:tuku",
"pos": "V/t",
"epos": "V/t",
"base": "tuku",
"morph": "nu.ba.n:~"}
}
,
{
"node": "d",
"type": "field-end",
"subtype": "wp"}
,
{
"node": "d",
"type": "cell-end"}
,
{
"node": "d",
"type": "cell-start"}
,
{
"node": "d",
"type": "field-start",
"subtype": "eq"}
,
{
"node": "l",
"frag": "ul",
"id": "P451527.l4e2e0",
"ref": "P451527.59.2",
"inst": "ul[not]MOD",
"sig": "@dcclt%akk:ul=ul[not//not]MOD'MOD$ul",
"f": {"lang": "akk",
"form": "ul",
"cf": "ul",
"gw": "not",
"sense": "not",
"norm": "ul",
"pos": "MOD",
"epos": "MOD"}
}
,
{
"node": "d",
"type": "nonw",
"ref": "P451527.59.3",
"lang": "akk",
"type": "surro"}
,
{
"node": "l",
"id": "P451527.l4e2e1",
"ref": "P451527.59.4",
"inst": "īši[have]V",
"sig": "@dcclt%akk:i-ši=išû[have//have]V'V$īši",
"f": {"lang": "akk",
"form": "i-ši",
"cf": "išû",
"gw": "have",
"sense": "have",
"norm": "īši",
"pos": "V",
"epos": "V"}
}
,
{
"node": "d",
"type": "field-end",
"subtype": "eq"}
,
{
"node": "d",
"type": "cell-end"}
,
{
"node": "d",
"type": "line-start",
"ref": "P451527.60",
"n": "7",
"label": "r ii' 7"}
,
{
"node": "d",
"type": "cell-start"}
,
{
"node": "d",
"type": "field-start",
"subtype": "wp"}
,
{
"node": "l",
"frag": "saŋ-du",
"id": "P451527.l4e2e2",
"ref": "P451527.60.1",
"inst": "saŋdu[head]N",
"sig": "@dcclt%sux:saŋ-du=saŋdu[head//head]N'N$saŋdu/saŋ-du#~",
"f": {"lang": "sux",
"form": "saŋ-du",
"cf": "saŋdu",
"gw": "head",
"sense": "head",
"norm0": "saŋdu",
"pos": "N",
"epos": "N",
"base": "saŋ-du",
"morph": "~"}
}
,
{
"node": "d",
"type": "field-end",
"subtype": "wp"}
,
{
"node": "d",
"type": "cell-end"}
,
{
"node": "d",
"type": "cell-start"}
,
{
"node": "d",
"type": "field-start",
"subtype": "eq"}
,
{
"node": "l",
"frag": "qaq-qa-du",
"id": "P451527.l4e2e3",
"ref": "P451527.60.2",
"inst": "qaqqadu[head]N",
"sig": "@dcclt%akk:qaq-qa-du=qaqqadu[head//head]N'N$qaqqadu",
"f": {"lang": "akk",
"form": "qaq-qa-du",
"cf": "qaqqadu",
"gw": "head",
"sense": "head",
"norm": "qaqqadu",
"pos": "N",
"epos": "N"}
}
,
{
"node": "d",
"type": "field-end",
"subtype": "eq"}
,
{
"node": "d",
"type": "cell-end"}
,
{
"node": "d",
"type": "line-start",
"ref": "P451527.61",
"n": "8",
"label": "r ii' 8"}
,
{
"node": "d",
"type": "cell-start"}
,
{
"node": "d",
"type": "field-start",
"subtype": "wp"}
,
{
"node": "l",
"frag": "saŋ-ki",
"id": "P451527.l4e2e4",
"ref": "P451527.61.1",
"inst": "saŋki[forehead, brow]N",
"sig": "@dcclt%sux:saŋ-ki=saŋki[forehead//forehead, brow]N'N$saŋki/saŋ-ki#~",
"f": {"lang": "sux",
"form": "saŋ-ki",
"cf": "saŋki",
"gw": "forehead",
"sense": "forehead, brow",
"norm0": "saŋki",
"pos": "N",
"epos": "N",
"base": "saŋ-ki",
"morph": "~"}
}
,
{
"node": "d",
"type": "field-end",
"subtype": "wp"}
,
{
"node": "d",
"type": "cell-end"}
,
{
"node": "d",
"type": "cell-start"}
,
{
"node": "d",
"type": "field-start",
"subtype": "eq"}
,
{
"node": "l",
"frag": "pu-u₂-tum",
"id": "P451527.l4e2e5",
"ref": "P451527.61.2",
"inst": "pūtum[forehead]N",
"sig": "@dcclt%akk:pu-u₂-tum=pūtu[forehead//forehead]N'N$pūtum",
"f": {"lang": "akk",
"form": "pu-u₂-tum",
"cf": "pūtu",
"gw": "forehead",
"sense": "forehead",
"norm": "pūtum",
"pos": "N",
"epos": "N"}
}
,
{
"node": "d",
"type": "field-end",
"subtype": "eq"}
,
{
"node": "d",
"type": "cell-end"}
,
{
"node": "d",
"type": "line-start",
"ref": "P451527.62",
"n": "9",
"label": "r ii' 9"}
,
{
"node": "d",
"type": "cell-start"}
,
{
"node": "d",
"type": "field-start",
"subtype": "wp"}
,
{
"node": "l",
"frag": "e₂-gi₄-a",
"id": "P451527.l4e2e6",
"ref": "P451527.62.1",
"inst": "egia[bride]N",
"sig": "@dcclt%sux:e₂-gi₄-a=egia[bride//bride]N'N$egia/e₂-gi₄-a#~",
"f": {"lang": "sux",
"form": "e₂-gi₄-a",
"cf": "egia",
"gw": "bride",
"sense": "bride",
"norm0": "egia",
"pos": "N",
"epos": "N",
"base": "e₂-gi₄-a",
"morph": "~"}
}
,
{
"node": "d",
"type": "field-end",
"subtype": "wp"}
,
{
"node": "d",
"type": "cell-end"}
,
{
"node": "d",
"type": "cell-start"}
,
{
"node": "d",
"type": "field-start",
"subtype": "eq"}
,
{
"node": "l",
"frag": "kal-la-tum",
"id": "P451527.l4e2e7",
"ref": "P451527.62.2",
"inst": "kallātum[daughter-in-law]N",
"sig": "@dcclt%akk:kal-la-tum=kallātu[daughter-in-law//daughter-in-law]N'N$kallātum",
"f": {"lang": "akk",
"form": "kal-la-tum",
"cf": "kallātu",
"gw": "daughter-in-law",
"sense": "daughter-in-law",
"norm": "kallātum",
"pos": "N",
"epos": "N"}
}
,
{
"node": "d",
"type": "field-end",
"subtype": "eq"}
,
{
"node": "d",
"type": "cell-end"}
,
{
"node": "d",
"type": "line-start",
"ref": "P451527.63",
"n": "10",
"label": "r ii' 10"}
,
{
"node": "d",
"type": "cell-start"}
,
{
"node": "d",
"type": "field-start",
"subtype": "wp"}
,
{
"node": "l",
"frag": "dag-gi₄-a",
"id": "P451527.l4e2e8",
"ref": "P451527.63.1",
"inst": "daggi[city quarter]N",
"sig": "@dcclt%sux:dag-gi₄-a=daggi[quarter//city quarter]N'N$daggi,ak/dag-gi₄#~,ak",
"f": {"lang": "sux",
"form": "dag-gi₄-a",
"cf": "daggi",
"gw": "quarter",
"sense": "city quarter",
"norm0": "daggi,ak",
"pos": "N",
"epos": "N",
"base": "dag-gi₄",
"morph": "~,ak"}
}
,
{
"node": "d",
"type": "field-end",
"subtype": "wp"}
,
{
"node": "d",
"type": "cell-end"}
,
{
"node": "d",
"type": "cell-start"}
,
{
"node": "d",
"type": "field-start",
"subtype": "eq"}
,
{
"node": "l",
"frag": "ba-ab-tum",
"id": "P451527.l4e2e9",
"ref": "P451527.63.2",
"inst": "bābtum[city quarter]N",
"sig": "@dcclt%akk:ba-ab-tum=bābtu[city quarter//city quarter]N'N$bābtum",
"f": {"lang": "akk",
"form": "ba-ab-tum",
"cf": "bābtu",
"gw": "city quarter",
"sense": "city quarter",
"norm": "bābtum",
"pos": "N",
"epos": "N"}
}
,
{
"node": "d",
"type": "field-end",
"subtype": "eq"}
,
{
"node": "d",
"type": "cell-end"}
,
{
"node": "d",
"type": "line-start",
"ref": "P451527.64",
"n": "11",
"label": "r ii' 11"}
,
{
"node": "d",
"type": "cell-start"}
,
{
"node": "d",
"type": "field-start",
"subtype": "wp"}
,
{
"node": "l",
"frag": "⸢ugula⸣",
"id": "P451527.l4e2ea",
"ref": "P451527.64.1",
"inst": "ugula[overseer, foreman]N",
"sig": "@dcclt%sux:ugula=ugula[overseer//overseer, foreman]N'N$ugula/ugula#~",
"f": {"lang": "sux",
"form": "ugula",
"cf": "ugula",
"gw": "overseer",
"sense": "overseer, foreman",
"norm0": "ugula",
"pos": "N",
"epos": "N",
"base": "ugula",
"morph": "~"}
}
,
{
"node": "l",
"frag": "dag-gi₄-a",
"id": "P451527.l4e2eb",
"ref": "P451527.64.2",
"inst": "daggi[city quarter]N",
"sig": "@dcclt%sux:dag-gi₄-a=daggi[quarter//city quarter]N'N$daggi,ak/dag-gi₄#~,ak",
"f": {"lang": "sux",
"form": "dag-gi₄-a",
"cf": "daggi",
"gw": "quarter",
"sense": "city quarter",
"norm0": "daggi,ak",
"pos": "N",
"epos": "N",
"base": "dag-gi₄",
"morph": "~,ak"}
}
,
{
"node": "d",
"type": "field-end",
"subtype": "wp"}
,
{
"node": "d",
"type": "cell-end"}
,
{
"node": "d",
"type": "cell-start"}
,
{
"node": "d",
"type": "field-start",
"subtype": "eq"}
,
{
"node": "l",
"frag": "ak-lu",
"id": "P451527.l4e2ec",
"ref": "P451527.64.3",
"inst": "aklu[overseer]N",
"sig": "@dcclt%akk:ak-lu=waklu[overseer//overseer]N'N$aklu",
"f": {"lang": "akk",
"form": "ak-lu",
"cf": "waklu",
"gw": "overseer",
"sense": "overseer",
"norm": "aklu",
"pos": "N",
"epos": "N"}
}
,
{
"node": "d",
"type": "nonw",
"ref": "P451527.64.4",
"lang": "akk",
"type": "surro"}
,
{
"node": "l",
"id": "P451527.l4e2ed",
"ref": "P451527.64.5",
"inst": "bābtum[city quarter]N",
"sig": "@dcclt%akk:ba-ab-tum=bābtu[city quarter//city quarter]N'N$bābtum",
"f": {"lang": "akk",
"form": "ba-ab-tum",
"cf": "bābtu",
"gw": "city quarter",
"sense": "city quarter",
"norm": "bābtum",
"pos": "N",
"epos": "N"}
}
,
{
"node": "d",
"type": "field-end",
"subtype": "eq"}
,
{
"node": "d",
"type": "cell-end"}
,
{
"node": "d",
"type": "nonx",
"ref": "P451527.65",
"strict": "1",
"extent": "1",
"scope": "line",
"state": "ruling"}
,
{
"node": "d",
"type": "line-start",
"ref": "P451527.66",
"n": "12",
"label": "r ii' 12"}
,
{
"node": "d",
"type": "cell-start"}
,
{
"node": "d",
"type": "field-start",
"subtype": "wp"}
,
{
"node": "l",
"frag": "tuku",
"id": "P451527.l4e2ee",
"ref": "P451527.66.1",
"inst": "tuku[to acquire, get]V/t",
"sig": "@dcclt%sux:tuku=tuku[acquire//to acquire, get]V/t'V/t$tuku/tuku#~",
"f": {"lang": "sux",
"form": "tuku",
"cf": "tuku",
"gw": "acquire",
"sense": "to acquire, get",
"norm0": "tuku",
"pos": "V/t",
"epos": "V/t",
"base": "tuku",
"morph": "~"}
}
,
{
"node": "d",
"type": "field-end",
"subtype": "wp"}
,
{
"node": "d",
"type": "cell-end"}
,
{
"node": "d",
"type": "cell-start"}
,
{
"node": "d",
"type": "field-start",
"subtype": "eq"}
,
{
"node": "l",
"frag": "i-ši",
"id": "P451527.l4e2ef",
"ref": "P451527.66.2",
"inst": "īši[have]V",
"sig": "@dcclt%akk:i-ši=išû[have//have]V'V$īši",
"f": {"lang": "akk",
"form": "i-ši",
"cf": "išû",
"gw": "have",
"sense": "have",
"norm": "īši",
"pos": "V",
"epos": "V"}
}
,
{
"node": "d",
"type": "field-end",
"subtype": "eq"}
,
{
"node": "d",
"type": "cell-end"}
,
{
"node": "d",
"type": "line-start",
"ref": "P451527.67",
"n": "13",
"label": "r ii' 13"}
,
{
"node": "d",
"type": "cell-start"}
,
{
"node": "d",
"type": "field-start",
"subtype": "wp"}
,
{
"node": "l",
"frag": "[nu]-⸢tuku⸣",
"id": "P451527.l4e2f0",
"ref": "P451527.67.1",
"inst": "tuku[to acquire, get]V/t",
"sig": "@dcclt%sux:nu-tuku=tuku[acquire//to acquire, get]V/t'V/t$nu:tuku/tuku#nu:~",
"f": {"lang": "sux",
"form": "nu-tuku",
"cf": "tuku",
"gw": "acquire",
"sense": "to acquire, get",
"norm0": "nu:tuku",
"pos": "V/t",
"epos": "V/t",
"base": "tuku",
"morph": "nu:~"}
}
,
{
"node": "d",
"type": "field-end",
"subtype": "wp"}
,
{
"node": "d",
"type": "cell-end"}
,
{
"node": "d",
"type": "cell-start"}
,
{
"node": "d",
"type": "field-start",
"subtype": "eq"}
,
{
"node": "l",
"frag": "⸢ul",
"id": "P451527.l4e2f1",
"ref": "P451527.67.2",
"inst": "ul[not]MOD",
"sig": "@dcclt%akk:ul=ul[not//not]MOD'MOD$ul",
"f": {"lang": "akk",
"form": "ul",
"cf": "ul",
"gw": "not",
"sense": "not",
"norm": "ul",
"pos": "MOD",
"epos": "MOD"}
}
,
{
"node": "d",
"type": "nonw",
"ref": "P451527.67.3",
"lang": "akk",
"type": "surro"}
,
{
"node": "l",
"id": "P451527.l4e2f2",
"ref": "P451527.67.4",
"inst": "īši[have]V",
"sig": "@dcclt%akk:i-ši=išû[have//have]V'V$īši",
"f": {"lang": "akk",
"form": "i-ši",
"cf": "išû",
"gw": "have",
"sense": "have",
"norm": "īši",
"pos": "V",
"epos": "V"}
}
,
{
"node": "d",
"type": "field-end",
"subtype": "eq"}
,
{
"node": "d",
"type": "cell-end"}
,
{
"node": "d",
"type": "nonx",
"ref": "P451527.68",
"strict": "1",
"extent": "rest",
"scope": "line",
"state": "missing"}
,
{
"node": "d",
"subtype": "column 3r '",
"type": "column",
"ref": "P451527.r.iii_.69",
"n": "3",
"label": "r iii'"}
,
{
"node": "d",
"type": "nonx",
"ref": "P451527.70",
"strict": "0",
"state": "other"}
,
{
"node": "d",
"type": "nonx",
"ref": "P451527.71",
"strict": "0",
"state": "other"}
,
{
"node": "d",
"type": "nonx",
"ref": "P451527.72",
"strict": "1",
"extent": "rest",
"scope": "line",
"state": "missing"}
]}
]}
]}
]}
