{
"type": "cdl",
  "source": "http://oracc.org/dcclt",
  "license": "This data is released under the CC0 license",
  "license-url": "https://creativecommons.org/publicdomain/zero/1.0/",
  "more-info": "http://oracc.org/doc/opendata/",
  "UTC-timestamp": "2017-05-19T18:28:38",
"project": "dcclt",
"textid": "P451177",
"cdl": [
{
"node": "c",
"type": "text",
"id": "P451177.U0",
"cdl": [
{
"node": "d",
"subtype": "tablet",
"type": "object",
"ref": "P451177.x2035.1",
"type": "tablet",
"label": "x2035"}
,
{
"node": "d",
"subtype": "obverse",
"type": "surface",
"ref": "P451177.o.2",
"type": "obverse",
"label": "o"}
,
{
"node": "d",
"subtype": "column 1o '",
"type": "column",
"ref": "P451177.o.i_.3",
"n": "1",
"label": "o i'"}
,
{
"node": "d",
"type": "nonx",
"ref": "P451177.4",
"strict": "1",
"extent": "beginning",
"scope": "line",
"state": "missing"}
,
{
"node": "c",
"type": "discourse",
"subtype": "body",
"id": "P451177.U1",
"cdl": [
{
"node": "c",
"type": "sentence",
"id": "P451177.U2",
"label": "o i' 1' - o ii' 6'",
"cdl": [
{
"node": "d",
"type": "line-start",
"ref": "P451177.5",
"n": "1'",
"label": "o i' 1'"}
,
{
"node": "d",
"type": "cell-start"}
,
{
"node": "d",
"type": "field-start",
"subtype": "wp"}
,
{
"node": "l",
"frag": "[...]",
"id": "P451177.l4efe5",
"ref": "P451177.5.1",
"inst": "u",
"f": {"lang": "sux",
"form": "x",
"pos": "u"}
}
,
{
"node": "d",
"type": "field-end",
"subtype": "wp"}
,
{
"node": "d",
"type": "cell-end"}
,
{
"node": "d",
"type": "cell-start"}
,
{
"node": "d",
"type": "field-start",
"subtype": "eq"}
,
{
"node": "l",
"frag": "[...]-⸢lu⸣",
"id": "P451177.l4efe6",
"ref": "P451177.5.2",
"inst": "u",
"f": {"lang": "akk",
"form": "x-lu",
"pos": "u"}
}
,
{
"node": "d",
"type": "field-end",
"subtype": "eq"}
,
{
"node": "d",
"type": "cell-end"}
,
{
"node": "d",
"type": "line-start",
"ref": "P451177.6",
"n": "2'",
"label": "o i' 2'"}
,
{
"node": "d",
"type": "cell-start"}
,
{
"node": "d",
"type": "field-start",
"subtype": "wp"}
,
{
"node": "l",
"frag": "[...]",
"id": "P451177.l4efe7",
"ref": "P451177.6.1",
"inst": "u",
"f": {"lang": "sux",
"form": "x",
"pos": "u"}
}
,
{
"node": "d",
"type": "field-end",
"subtype": "wp"}
,
{
"node": "d",
"type": "cell-end"}
,
{
"node": "d",
"type": "cell-start"}
,
{
"node": "d",
"type": "field-start",
"subtype": "eq"}
,
{
"node": "l",
"frag": "[...]-⸢ri⸣",
"id": "P451177.l4efe8",
"ref": "P451177.6.2",
"inst": "u",
"f": {"lang": "akk",
"form": "x-ri",
"pos": "u"}
}
,
{
"node": "d",
"type": "field-end",
"subtype": "eq"}
,
{
"node": "d",
"type": "cell-end"}
,
{
"node": "d",
"type": "line-start",
"ref": "P451177.7",
"n": "3'",
"label": "o i' 3'"}
,
{
"node": "d",
"type": "cell-start"}
,
{
"node": "d",
"type": "field-start",
"subtype": "wp"}
,
{
"node": "l",
"frag": "[...]",
"id": "P451177.l4efe9",
"ref": "P451177.7.1",
"inst": "u",
"f": {"lang": "sux",
"form": "x",
"pos": "u"}
}
,
{
"node": "d",
"type": "field-end",
"subtype": "wp"}
,
{
"node": "d",
"type": "cell-end"}
,
{
"node": "d",
"type": "cell-start"}
,
{
"node": "d",
"type": "field-start",
"subtype": "eq"}
,
{
"node": "l",
"frag": "[...]",
"id": "P451177.l4efea",
"ref": "P451177.7.2",
"inst": "u",
"f": {"lang": "akk",
"form": "x",
"pos": "u"}
}
,
{
"node": "d",
"type": "nonw",
"ref": ""}
,
{
"node": "d",
"type": "field-end",
"subtype": "eq"}
,
{
"node": "d",
"type": "cell-end"}
,
{
"node": "d",
"type": "line-start",
"ref": "P451177.8",
"n": "4'",
"label": "o i' 4'"}
,
{
"node": "d",
"type": "cell-start"}
,
{
"node": "d",
"type": "field-start",
"subtype": "wp"}
,
{
"node": "l",
"frag": "[...]",
"id": "P451177.l4efeb",
"ref": "P451177.8.1",
"inst": "u",
"f": {"lang": "sux",
"form": "x",
"pos": "u"}
}
,
{
"node": "d",
"type": "field-end",
"subtype": "wp"}
,
{
"node": "d",
"type": "cell-end"}
,
{
"node": "d",
"type": "cell-start"}
,
{
"node": "d",
"type": "field-start",
"subtype": "eq"}
,
{
"node": "l",
"frag": "[...]-⸢su⸣",
"id": "P451177.l4efec",
"ref": "P451177.8.2",
"inst": "u",
"f": {"lang": "akk",
"form": "x-su",
"pos": "u"}
}
,
{
"node": "d",
"type": "field-end",
"subtype": "eq"}
,
{
"node": "d",
"type": "cell-end"}
,
{
"node": "d",
"type": "nonx",
"ref": "P451177.9",
"strict": "1",
"extent": "rest",
"scope": "line",
"state": "missing"}
,
{
"node": "d",
"subtype": "column 2o '",
"type": "column",
"ref": "P451177.o.ii_.10",
"n": "2",
"label": "o ii'"}
,
{
"node": "d",
"type": "nonx",
"ref": "P451177.11",
"strict": "1",
"extent": "beginning",
"scope": "line",
"state": "missing"}
,
{
"node": "d",
"type": "line-start",
"ref": "P451177.12",
"n": "1'",
"label": "o ii' 1'"}
,
{
"node": "d",
"type": "cell-start"}
,
{
"node": "d",
"type": "field-start",
"subtype": "wp"}
,
{
"node": "l",
"frag": "[...]-⸢ga⸣",
"id": "P451177.l4efed",
"ref": "P451177.12.1",
"inst": "u",
"f": {"lang": "sux",
"form": "x-ga",
"pos": "u"}
}
,
{
"node": "d",
"type": "field-end",
"subtype": "wp"}
,
{
"node": "d",
"type": "cell-end"}
,
{
"node": "d",
"type": "cell-start"}
,
{
"node": "d",
"type": "field-start",
"subtype": "eq"}
,
{
"node": "l",
"frag": "[...]",
"id": "P451177.l4efee",
"ref": "P451177.12.2",
"inst": "u",
"f": {"lang": "akk",
"form": "x",
"pos": "u"}
}
,
{
"node": "d",
"type": "field-end",
"subtype": "eq"}
,
{
"node": "d",
"type": "cell-end"}
,
{
"node": "d",
"type": "line-start",
"ref": "P451177.13",
"n": "2'",
"label": "o ii' 2'"}
,
{
"node": "d",
"type": "cell-start"}
,
{
"node": "d",
"type": "field-start",
"subtype": "wp"}
,
{
"node": "l",
"frag": "zag",
"id": "P451177.l4efef",
"ref": "P451177.13.1",
"inst": "zag[side]N",
"sig": "@dcclt%sux:zag=zag[side//side]N'N$zag/zag#~",
"f": {"lang": "sux",
"form": "zag",
"cf": "zag",
"gw": "side",
"sense": "side",
"norm0": "zag",
"pos": "N",
"epos": "N",
"base": "zag",
"morph": "~"}
}
,
{
"node": "l",
"frag": "⸢kalam⸣-ma",
"id": "P451177.l4eff0",
"ref": "P451177.13.2",
"inst": "kalam[land]N",
"sig": "@dcclt%sux:kalam-ma=kalam[land//the Land (of Sumer)]N'N$kalam,ak/kalam+-ma=m.a#~,ak",
"f": {"lang": "sux",
"form": "kalam-ma",
"cf": "kalam",
"gw": "land",
"sense": "the Land (of Sumer)",
"norm0": "kalam,ak",
"pos": "N",
"epos": "N",
"base": "kalam",
"cont": "-ma=m.a",
"morph": "~,ak"}
}
,
{
"node": "d",
"type": "field-end",
"subtype": "wp"}
,
{
"node": "d",
"type": "cell-end"}
,
{
"node": "d",
"type": "cell-start"}
,
{
"node": "d",
"type": "field-start",
"subtype": "eq"}
,
{
"node": "l",
"frag": "[...]",
"id": "P451177.l4eff1",
"ref": "P451177.13.3",
"inst": "u",
"f": {"lang": "akk",
"form": "x",
"pos": "u"}
}
,
{
"node": "d",
"type": "field-end",
"subtype": "eq"}
,
{
"node": "d",
"type": "cell-end"}
,
{
"node": "d",
"type": "line-start",
"ref": "P451177.14",
"n": "3'",
"label": "o ii' 3'"}
,
{
"node": "d",
"type": "cell-start"}
,
{
"node": "d",
"type": "field-start",
"subtype": "wp"}
,
{
"node": "l",
"frag": "sa-dul-bi",
"id": "P451177.l4eff2",
"ref": "P451177.14.1",
"inst": "sadur[lower end of a field]N",
"sig": "@dcclt%sux:sa-dul-bi=sadur[bottom//lower end of a field]N'N$sadur,bi/sa-dul#~,bi",
"f": {"lang": "sux",
"form": "sa-dul-bi",
"cf": "sadur",
"gw": "bottom",
"sense": "lower end of a field",
"norm0": "sadur,bi",
"pos": "N",
"epos": "N",
"base": "sa-dul",
"morph": "~,bi"}
}
,
{
"node": "d",
"type": "field-end",
"subtype": "wp"}
,
{
"node": "d",
"type": "cell-end"}
,
{
"node": "d",
"type": "cell-start"}
,
{
"node": "d",
"type": "field-start",
"subtype": "eq"}
,
{
"node": "l",
"frag": "[...]",
"id": "P451177.l4eff3",
"ref": "P451177.14.2",
"inst": "u",
"f": {"lang": "akk",
"form": "x",
"pos": "u"}
}
,
{
"node": "d",
"type": "field-end",
"subtype": "eq"}
,
{
"node": "d",
"type": "cell-end"}
,
{
"node": "d",
"type": "line-start",
"ref": "P451177.15",
"n": "4'",
"label": "o ii' 4'"}
,
{
"node": "d",
"type": "cell-start"}
,
{
"node": "d",
"type": "field-start",
"subtype": "wp"}
,
{
"node": "l",
"frag": "e₂",
"id": "P451177.l4eff4",
"ref": "P451177.15.1",
"inst": "e[house]N",
"sig": "@dcclt%sux:e₂=e[house//house]N'N$e/e₂#~",
"f": {"lang": "sux",
"form": "e₂",
"cf": "e",
"gw": "house",
"sense": "house",
"norm0": "e",
"pos": "N",
"epos": "N",
"base": "e₂",
"morph": "~"}
}
,
{
"node": "l",
"frag": "⸢sa-dul-bi⸣",
"id": "P451177.l4eff5",
"ref": "P451177.15.2",
"inst": "sadur[lower end of a field]N",
"sig": "@dcclt%sux:sa-dul-bi=sadur[bottom//lower end of a field]N'N$sadur,bi/sa-dul#~,bi",
"f": {"lang": "sux",
"form": "sa-dul-bi",
"cf": "sadur",
"gw": "bottom",
"sense": "lower end of a field",
"norm0": "sadur,bi",
"pos": "N",
"epos": "N",
"base": "sa-dul",
"morph": "~,bi"}
}
,
{
"node": "d",
"type": "field-end",
"subtype": "wp"}
,
{
"node": "d",
"type": "cell-end"}
,
{
"node": "d",
"type": "cell-start"}
,
{
"node": "d",
"type": "field-start",
"subtype": "eq"}
,
{
"node": "l",
"frag": "[...]",
"id": "P451177.l4eff6",
"ref": "P451177.15.3",
"inst": "u",
"f": {"lang": "akk",
"form": "x",
"pos": "u"}
}
,
{
"node": "d",
"type": "field-end",
"subtype": "eq"}
,
{
"node": "d",
"type": "cell-end"}
,
{
"node": "d",
"type": "line-start",
"ref": "P451177.16",
"n": "5'",
"label": "o ii' 5'"}
,
{
"node": "d",
"type": "cell-start"}
,
{
"node": "d",
"type": "field-start",
"subtype": "wp"}
,
{
"node": "l",
"frag": "i-zi",
"id": "P451177.l4eff7",
"ref": "P451177.16.1",
"inst": "izzi[wall]N",
"sig": "@dcclt%sux:i-zi=izzi[wall//wall]N'N$izzi/i-zi#~",
"f": {"lang": "sux",
"form": "i-zi",
"cf": "izzi",
"gw": "wall",
"sense": "wall",
"norm0": "izzi",
"pos": "N",
"epos": "N",
"base": "i-zi",
"morph": "~"}
}
,
{
"node": "l",
"frag": "⸢sa-dul-bi⸣",
"id": "P451177.l4eff8",
"ref": "P451177.16.2",
"inst": "sadur[lower end of a field]N",
"sig": "@dcclt%sux:sa-dul-bi=sadur[bottom//lower end of a field]N'N$sadur,bi/sa-dul#~,bi",
"f": {"lang": "sux",
"form": "sa-dul-bi",
"cf": "sadur",
"gw": "bottom",
"sense": "lower end of a field",
"norm0": "sadur,bi",
"pos": "N",
"epos": "N",
"base": "sa-dul",
"morph": "~,bi"}
}
,
{
"node": "d",
"type": "field-end",
"subtype": "wp"}
,
{
"node": "d",
"type": "cell-end"}
,
{
"node": "d",
"type": "cell-start"}
,
{
"node": "d",
"type": "field-start",
"subtype": "eq"}
,
{
"node": "l",
"frag": "[...]",
"id": "P451177.l4eff9",
"ref": "P451177.16.3",
"inst": "u",
"f": {"lang": "akk",
"form": "x",
"pos": "u"}
}
,
{
"node": "d",
"type": "field-end",
"subtype": "eq"}
,
{
"node": "d",
"type": "cell-end"}
,
{
"node": "d",
"type": "line-start",
"ref": "P451177.17",
"n": "6'",
"label": "o ii' 6'"}
,
{
"node": "d",
"type": "cell-start"}
,
{
"node": "d",
"type": "field-start",
"subtype": "wp"}
,
{
"node": "l",
"frag": "⸢x-x⸣-[...]",
"id": "P451177.l4effa",
"ref": "P451177.17.1",
"inst": "u",
"f": {"lang": "sux",
"form": "x-x-x",
"pos": "u"}
}
,
{
"node": "d",
"type": "field-end",
"subtype": "wp"}
,
{
"node": "d",
"type": "cell-end"}
,
{
"node": "d",
"type": "cell-start"}
,
{
"node": "d",
"type": "field-start",
"subtype": "eq"}
,
{
"node": "l",
"frag": "[...]",
"id": "P451177.l4effb",
"ref": "P451177.17.2",
"inst": "u",
"f": {"lang": "akk",
"form": "x",
"pos": "u"}
}
,
{
"node": "d",
"type": "field-end",
"subtype": "eq"}
,
{
"node": "d",
"type": "cell-end"}
,
{
"node": "d",
"type": "nonx",
"ref": "P451177.18",
"strict": "1",
"extent": "rest",
"scope": "line",
"state": "missing"}
,
{
"node": "d",
"subtype": "reverse",
"type": "surface",
"ref": "P451177.r.19",
"type": "reverse",
"label": "r"}
,
{
"node": "d",
"type": "nonx",
"ref": "P451177.20",
"strict": "1",
"extent": "n",
"scope": "line",
"state": "missing"}
]}
]}
]}
]}
