{
"type": "cdl",
  "source": "http://oracc.org/dcclt",
  "license": "This data is released under the CC0 license",
  "license-url": "https://creativecommons.org/publicdomain/zero/1.0/",
  "more-info": "http://oracc.org/doc/opendata/",
  "UTC-timestamp": "2017-05-19T18:28:34",
"project": "dcclt",
"textid": "P451017",
"cdl": [
{
"node": "c",
"type": "text",
"id": "P451017.U0",
"cdl": [
{
"node": "d",
"subtype": "tablet",
"type": "object",
"ref": "P451017.x1928.1",
"type": "tablet",
"label": "x1928"}
,
{
"node": "d",
"subtype": "obverse",
"type": "surface",
"ref": "P451017.o.2",
"type": "obverse",
"label": "o"}
,
{
"node": "d",
"type": "nonx",
"ref": "P451017.3",
"strict": "1",
"extent": "beginning",
"scope": "line",
"state": "missing"}
,
{
"node": "d",
"type": "nonx",
"ref": "P451017.4",
"strict": "0",
"state": "other"}
,
{
"node": "d",
"type": "nonx",
"ref": "P451017.5",
"strict": "1",
"extent": "rest",
"scope": "line",
"state": "missing"}
,
{
"node": "d",
"subtype": "reverse",
"type": "surface",
"ref": "P451017.r.6",
"type": "reverse",
"label": "r"}
,
{
"node": "d",
"type": "nonx",
"ref": "P451017.7",
"strict": "1",
"extent": "beginning",
"scope": "line",
"state": "missing"}
,
{
"node": "c",
"type": "discourse",
"subtype": "body",
"id": "P451017.U1",
"cdl": [
{
"node": "c",
"type": "sentence",
"id": "P451017.U2",
"label": "r 1' - r 10'",
"cdl": [
{
"node": "d",
"type": "line-start",
"ref": "P451017.8",
"n": "1'",
"label": "r 1'"}
,
{
"node": "d",
"type": "cell-start"}
,
{
"node": "d",
"type": "field-start",
"subtype": "wp"}
,
{
"node": "l",
"frag": "⸢x⸣-[...]",
"id": "P451017.l4df80",
"ref": "P451017.8.1",
"inst": "u",
"f": {"lang": "sux",
"form": "x-x",
"pos": "u"}
}
,
{
"node": "d",
"type": "field-end",
"subtype": "wp"}
,
{
"node": "d",
"type": "cell-end"}
,
{
"node": "d",
"type": "cell-start"}
,
{
"node": "d",
"type": "field-start",
"subtype": "eq"}
,
{
"node": "l",
"frag": "[...]",
"id": "P451017.l4df81",
"ref": "P451017.8.2",
"inst": "u",
"f": {"lang": "akk",
"form": "x",
"pos": "u"}
}
,
{
"node": "d",
"type": "field-end",
"subtype": "eq"}
,
{
"node": "d",
"type": "cell-end"}
,
{
"node": "d",
"type": "line-start",
"ref": "P451017.9",
"n": "2'",
"label": "r 2'"}
,
{
"node": "d",
"type": "cell-start"}
,
{
"node": "d",
"type": "field-start",
"subtype": "wp"}
,
{
"node": "l",
"frag": "⸢igi-kar₂⸣",
"id": "P451017.l4df82",
"ref": "P451017.9.1",
"inst": "igikar[delivery]N",
"sig": "@dcclt%sux:igi-kar₂=igikar[delivery//delivery]N'N$igikar/igi-kar₂#~",
"f": {"lang": "sux",
"form": "igi-kar₂",
"cf": "igikar",
"gw": "delivery",
"sense": "delivery",
"norm0": "igikar",
"pos": "N",
"epos": "N",
"base": "igi-kar₂",
"morph": "~"}
}
,
{
"node": "d",
"type": "field-end",
"subtype": "wp"}
,
{
"node": "d",
"type": "cell-end"}
,
{
"node": "d",
"type": "cell-start"}
,
{
"node": "d",
"type": "field-start",
"subtype": "eq"}
,
{
"node": "l",
"frag": "[...]",
"id": "P451017.l4df83",
"ref": "P451017.9.2",
"inst": "u",
"f": {"lang": "akk",
"form": "x",
"pos": "u"}
}
,
{
"node": "d",
"type": "field-end",
"subtype": "eq"}
,
{
"node": "d",
"type": "cell-end"}
,
{
"node": "d",
"type": "line-start",
"ref": "P451017.10",
"n": "3'",
"label": "r 3'"}
,
{
"node": "d",
"type": "cell-start"}
,
{
"node": "d",
"type": "field-start",
"subtype": "wp"}
,
{
"node": "l",
"frag": "igi-du₈-a",
"id": "P451017.l4df84",
"ref": "P451017.10.1",
"inst": "igidu[audience gift]N",
"sig": "@dcclt%sux:igi-du₈-a=igidu[gift//audience gift]N'N$igidu,ak/igi-du₈#~,ak",
"f": {"lang": "sux",
"form": "igi-du₈-a",
"cf": "igidu",
"gw": "gift",
"sense": "audience gift",
"norm0": "igidu,ak",
"pos": "N",
"epos": "N",
"base": "igi-du₈",
"morph": "~,ak"}
}
,
{
"node": "d",
"type": "field-end",
"subtype": "wp"}
,
{
"node": "d",
"type": "cell-end"}
,
{
"node": "d",
"type": "cell-start"}
,
{
"node": "d",
"type": "field-start",
"subtype": "eq"}
,
{
"node": "l",
"frag": "[...]",
"id": "P451017.l4df85",
"ref": "P451017.10.2",
"inst": "u",
"f": {"lang": "akk",
"form": "x",
"pos": "u"}
}
,
{
"node": "d",
"type": "field-end",
"subtype": "eq"}
,
{
"node": "d",
"type": "cell-end"}
,
{
"node": "d",
"type": "line-start",
"ref": "P451017.11",
"n": "4'",
"label": "r 4'"}
,
{
"node": "d",
"type": "cell-start"}
,
{
"node": "d",
"type": "field-start",
"subtype": "wp"}
,
{
"node": "l",
"frag": "⸢sa₂⸣-dug₄",
"id": "P451017.l4df86",
"ref": "P451017.11.1",
"inst": "sadug[regular temple offerings]N",
"sig": "@dcclt%sux:sa₂-dug₄=sadug[offerings//regular temple offerings]N'N$sadug/sa₂-dug₄#~",
"f": {"lang": "sux",
"form": "sa₂-dug₄",
"cf": "sadug",
"gw": "offerings",
"sense": "regular temple offerings",
"norm0": "sadug",
"pos": "N",
"epos": "N",
"base": "sa₂-dug₄",
"morph": "~"}
}
,
{
"node": "d",
"type": "field-end",
"subtype": "wp"}
,
{
"node": "d",
"type": "cell-end"}
,
{
"node": "d",
"type": "cell-start"}
,
{
"node": "d",
"type": "field-start",
"subtype": "eq"}
,
{
"node": "l",
"frag": "⸢sa⸣-[...]",
"id": "P451017.l4df87",
"ref": "P451017.11.2",
"inst": "u",
"f": {"lang": "akk",
"form": "sa-x",
"pos": "u"}
}
,
{
"node": "d",
"type": "field-end",
"subtype": "eq"}
,
{
"node": "d",
"type": "cell-end"}
,
{
"node": "d",
"type": "line-start",
"ref": "P451017.12",
"n": "5'",
"label": "r 5'"}
,
{
"node": "d",
"type": "cell-start"}
,
{
"node": "d",
"type": "field-start",
"subtype": "wp"}
,
{
"node": "l",
"frag": "⸢imŋaŋa⸣",
"id": "P451017.l4df88",
"ref": "P451017.12.1",
"inst": "imŋaŋa[emmer]N",
"sig": "@dcclt%sux:imŋaŋa=imŋaŋa[emmer//emmer]N'N$imŋaŋa/imŋaŋa#~",
"f": {"lang": "sux",
"form": "imŋaŋa",
"cf": "imŋaŋa",
"gw": "emmer",
"sense": "emmer",
"norm0": "imŋaŋa",
"pos": "N",
"epos": "N",
"base": "imŋaŋa",
"morph": "~"}
}
,
{
"node": "d",
"type": "field-end",
"subtype": "wp"}
,
{
"node": "d",
"type": "cell-end"}
,
{
"node": "d",
"type": "cell-start"}
,
{
"node": "d",
"type": "field-start",
"subtype": "eq"}
,
{
"node": "l",
"frag": "[...]",
"id": "P451017.l4df89",
"ref": "P451017.12.2",
"inst": "u",
"f": {"lang": "akk",
"form": "x",
"pos": "u"}
}
,
{
"node": "d",
"type": "field-end",
"subtype": "eq"}
,
{
"node": "d",
"type": "cell-end"}
,
{
"node": "d",
"type": "line-start",
"ref": "P451017.13",
"n": "6'",
"label": "r 6'"}
,
{
"node": "d",
"type": "cell-start"}
,
{
"node": "d",
"type": "field-start",
"subtype": "wp"}
,
{
"node": "l",
"frag": "⸢kaš-de₂⸣-<<ta>>-am₃",
"id": "P451017.l4df8a",
"ref": "P451017.13.1",
"inst": "kašdea[banquet]N/kaš-de₂-am₃#~",
"sig": "@dcclt%sux:kaš-de₂-am₃=kašdea[banquet//banquet]N'N$kašdea/kaš-de₂-am₃#~",
"f": {"lang": "sux",
"form": "kaš-de₂-am₃",
"cf": "kašdea",
"gw": "banquet",
"sense": "banquet",
"norm0": "kašdea",
"pos": "N",
"epos": "N",
"base": "kaš-de₂-am₃",
"morph": "~"}
}
,
{
"node": "d",
"type": "field-end",
"subtype": "wp"}
,
{
"node": "d",
"type": "cell-end"}
,
{
"node": "d",
"type": "cell-start"}
,
{
"node": "d",
"type": "field-start",
"subtype": "eq"}
,
{
"node": "l",
"frag": "⸢qe₂⸣-[re-e-tum]",
"id": "P451017.l4df8b",
"ref": "P451017.13.2",
"inst": "+qerītu[banquet]N$qerētum",
"sig": "@dcclt%akk:qe₂-re-e-tum=qerītu[banquet//banquet]N'N$qerētum",
"f": {"lang": "akk",
"form": "qe₂-re-e-tum",
"cf": "qerītu",
"gw": "banquet",
"sense": "banquet",
"norm": "qerētum",
"pos": "N",
"epos": "N"}
}
,
{
"node": "d",
"type": "field-end",
"subtype": "eq"}
,
{
"node": "d",
"type": "cell-end"}
,
{
"node": "d",
"type": "line-start",
"ref": "P451017.14",
"n": "7'",
"label": "r 7'"}
,
{
"node": "d",
"type": "cell-start"}
,
{
"node": "d",
"type": "field-start",
"subtype": "wp"}
,
{
"node": "l",
"frag": "niŋ₂-de₂-am₃",
"id": "P451017.l4df8c",
"ref": "P451017.14.1",
"inst": "niŋdea[gift]N/niŋ₂-de₂-am₃#~",
"sig": "@dcclt%sux:niŋ₂-de₂-am₃=niŋdea[gift//gift]N'N$niŋdea/niŋ₂-de₂-am₃#~",
"f": {"lang": "sux",
"form": "niŋ₂-de₂-am₃",
"cf": "niŋdea",
"gw": "gift",
"sense": "gift",
"norm0": "niŋdea",
"pos": "N",
"epos": "N",
"base": "niŋ₂-de₂-am₃",
"morph": "~"}
}
,
{
"node": "d",
"type": "field-end",
"subtype": "wp"}
,
{
"node": "d",
"type": "cell-end"}
,
{
"node": "d",
"type": "cell-start"}
,
{
"node": "d",
"type": "field-start",
"subtype": "eq"}
,
{
"node": "l",
"frag": "⸢bi⸣-[ib-lu]",
"id": "P451017.l4df8d",
"ref": "P451017.14.2",
"inst": "biblu[(marriage) gift]N",
"sig": "@dcclt%akk:bi-ib-lu=biblu[the (action of) bringing//(marriage) gift]N'N$biblu",
"f": {"lang": "akk",
"form": "bi-ib-lu",
"cf": "biblu",
"gw": "the (action of) bringing",
"sense": "(marriage) gift",
"norm": "biblu",
"pos": "N",
"epos": "N"}
}
,
{
"node": "d",
"type": "field-end",
"subtype": "eq"}
,
{
"node": "d",
"type": "cell-end"}
,
{
"node": "d",
"type": "line-start",
"ref": "P451017.15",
"n": "8'",
"label": "r 8'"}
,
{
"node": "d",
"type": "cell-start"}
,
{
"node": "d",
"type": "field-start",
"subtype": "wp"}
,
{
"node": "l",
"frag": "niŋ₂-mi₂-us₂-sa",
"id": "P451017.l4df8e",
"ref": "P451017.15.1",
"inst": "niŋmussa[a betrothal gift]N",
"sig": "@dcclt%sux:niŋ₂-mi₂-us₂-sa=niŋmussa[gift//a betrothal gift]N'N$niŋmussa/niŋ₂-mi₂-us₂-sa#~",
"f": {"lang": "sux",
"form": "niŋ₂-mi₂-us₂-sa",
"cf": "niŋmussa",
"gw": "gift",
"sense": "a betrothal gift",
"norm0": "niŋmussa",
"pos": "N",
"epos": "N",
"base": "niŋ₂-mi₂-us₂-sa",
"morph": "~"}
}
,
{
"node": "d",
"type": "field-end",
"subtype": "wp"}
,
{
"node": "d",
"type": "cell-end"}
,
{
"node": "d",
"type": "cell-start"}
,
{
"node": "d",
"type": "field-start",
"subtype": "eq"}
,
{
"node": "l",
"frag": "[...]",
"id": "P451017.l4df8f",
"ref": "P451017.15.2",
"inst": "u",
"f": {"lang": "akk",
"form": "x",
"pos": "u"}
}
,
{
"node": "d",
"type": "field-end",
"subtype": "eq"}
,
{
"node": "d",
"type": "cell-end"}
,
{
"node": "d",
"type": "line-start",
"ref": "P451017.16",
"n": "9'",
"label": "r 9'"}
,
{
"node": "d",
"type": "cell-start"}
,
{
"node": "d",
"type": "field-start",
"subtype": "wp"}
,
{
"node": "l",
"frag": "niŋ₂-šum₂-mu",
"id": "P451017.l4df90",
"ref": "P451017.16.1",
"inst": "niŋšumu[gift]N",
"sig": "@dcclt%sux:niŋ₂-šum₂-mu=niŋšumu[gift//gift]N'N$niŋšumu/niŋ₂-šum₂-mu#~",
"f": {"lang": "sux",
"form": "niŋ₂-šum₂-mu",
"cf": "niŋšumu",
"gw": "gift",
"sense": "gift",
"norm0": "niŋšumu",
"pos": "N",
"epos": "N",
"base": "niŋ₂-šum₂-mu",
"morph": "~"}
}
,
{
"node": "d",
"type": "field-end",
"subtype": "wp"}
,
{
"node": "d",
"type": "cell-end"}
,
{
"node": "d",
"type": "cell-start"}
,
{
"node": "d",
"type": "field-start",
"subtype": "eq"}
,
{
"node": "l",
"frag": "[...]",
"id": "P451017.l4df91",
"ref": "P451017.16.2",
"inst": "u",
"f": {"lang": "akk",
"form": "x",
"pos": "u"}
}
,
{
"node": "d",
"type": "field-end",
"subtype": "eq"}
,
{
"node": "d",
"type": "cell-end"}
,
{
"node": "d",
"type": "line-start",
"ref": "P451017.17",
"n": "10'",
"label": "r 10'"}
,
{
"node": "d",
"type": "cell-start"}
,
{
"node": "d",
"type": "field-start",
"subtype": "wp"}
,
{
"node": "l",
"frag": "⸢niŋ₂-x-x⸣-am₃",
"id": "P451017.l4df92",
"ref": "P451017.17.1",
"inst": "u",
"f": {"lang": "sux",
"form": "niŋ₂-x-x-am₃",
"pos": "u"}
}
,
{
"node": "d",
"type": "field-end",
"subtype": "wp"}
,
{
"node": "d",
"type": "cell-end"}
,
{
"node": "d",
"type": "cell-start"}
,
{
"node": "d",
"type": "field-start",
"subtype": "eq"}
,
{
"node": "l",
"frag": "[...]",
"id": "P451017.l4df93",
"ref": "P451017.17.2",
"inst": "u",
"f": {"lang": "akk",
"form": "x",
"pos": "u"}
}
,
{
"node": "d",
"type": "field-end",
"subtype": "eq"}
,
{
"node": "d",
"type": "cell-end"}
,
{
"node": "d",
"type": "nonx",
"ref": "P451017.18",
"strict": "1",
"extent": "rest",
"scope": "line",
"state": "missing"}
]}
]}
]}
]}
