{
"type": "cdl",
  "source": "http://oracc.org/dcclt",
  "license": "This data is released under the CC0 license",
  "license-url": "https://creativecommons.org/publicdomain/zero/1.0/",
  "more-info": "http://oracc.org/doc/opendata/",
  "UTC-timestamp": "2017-05-19T18:28:36",
"project": "dcclt",
"textid": "P451129",
"cdl": [
{
"node": "c",
"type": "text",
"id": "P451129.U0",
"cdl": [
{
"node": "d",
"subtype": "tablet",
"type": "object",
"ref": "P451129.x1938.1",
"type": "tablet",
"label": "x1938"}
,
{
"node": "d",
"subtype": "obverse",
"type": "surface",
"ref": "P451129.o.2",
"type": "obverse",
"label": "o"}
,
{
"node": "d",
"type": "nonx",
"ref": "P451129.3",
"strict": "1",
"extent": "beginning",
"scope": "line",
"state": "missing"}
,
{
"node": "c",
"type": "discourse",
"subtype": "body",
"id": "P451129.U1",
"cdl": [
{
"node": "c",
"type": "sentence",
"id": "P451129.U2",
"label": "o 1' - o 10'",
"cdl": [
{
"node": "d",
"type": "line-start",
"ref": "P451129.4",
"n": "1'",
"label": "o 1'"}
,
{
"node": "d",
"type": "cell-start"}
,
{
"node": "d",
"type": "field-start",
"subtype": "wp"}
,
{
"node": "l",
"frag": "[...]",
"id": "P451129.l4e07a",
"ref": "P451129.4.1",
"inst": "u",
"f": {"lang": "sux",
"form": "x",
"pos": "u"}
}
,
{
"node": "l",
"frag": "⸢dug₄-ga⸣",
"id": "P451129.l4e07b",
"ref": "P451129.4.2",
"inst": "dug[speak]V/t",
"sig": "@dcclt%sux:dug₄-ga=dug[speak//speak]V/t'V/t$dug;a/dug₄+-ga=g.a#~;a",
"f": {"lang": "sux",
"form": "dug₄-ga",
"cf": "dug",
"gw": "speak",
"sense": "speak",
"norm0": "dug;a",
"pos": "V/t",
"epos": "V/t",
"base": "dug₄",
"cont": "-ga=g.a",
"morph": "~;a"}
}
,
{
"node": "d",
"type": "field-end",
"subtype": "wp"}
,
{
"node": "d",
"type": "cell-end"}
,
{
"node": "d",
"type": "cell-start"}
,
{
"node": "d",
"type": "field-start",
"subtype": "eq"}
,
{
"node": "d",
"type": "nonw",
"ref": "P451129.4.3",
"lang": "akk",
"type": "surro"}
,
{
"node": "l",
"id": "P451129.l4e07c",
"ref": "P451129.4.4",
"inst": "erištum[demand]N",
"sig": "@dcclt%akk:e-riš-tum=erištu[demand//demand]N'N$erištum",
"f": {"lang": "akk",
"form": "e-riš-tum",
"cf": "erištu",
"gw": "demand",
"sense": "demand",
"norm": "erištum",
"pos": "N",
"epos": "N"}
}
,
{
"node": "l",
"frag": "⸢e-re⸣-[šu₂]",
"id": "P451129.l4e07d",
"ref": "P451129.4.5",
"inst": "+erēšu[request//requesting]V'N$",
"sig": "@dcclt%akk:e-re-šu₂=erēšu[request//requesting]V'N$erēšu",
"f": {"lang": "akk",
"form": "e-re-šu₂",
"cf": "erēšu",
"gw": "request",
"sense": "requesting",
"norm": "erēšu",
"pos": "V",
"epos": "N"}
}
,
{
"node": "d",
"type": "field-end",
"subtype": "eq"}
,
{
"node": "d",
"type": "cell-end"}
,
{
"node": "d",
"type": "line-start",
"ref": "P451129.5",
"n": "2'",
"label": "o 2'"}
,
{
"node": "d",
"type": "cell-start"}
,
{
"node": "d",
"type": "field-start",
"subtype": "wp"}
,
{
"node": "l",
"frag": "[kug]",
"id": "P451129.l4e07e",
"ref": "P451129.5.1",
"inst": "kug[metal, silver]N",
"sig": "@dcclt%sux:kug=kug[metal//metal, silver]N'N$kug/kug#~",
"f": {"lang": "sux",
"form": "kug",
"cf": "kug",
"gw": "metal",
"sense": "metal, silver",
"norm0": "kug",
"pos": "N",
"epos": "N",
"base": "kug",
"morph": "~"}
}
,
{
"node": "l",
"frag": "⸢pad⸣-ra₂",
"id": "P451129.l4e07f",
"ref": "P451129.5.2",
"inst": "pad[to break (into bits)]V/t",
"sig": "@dcclt%sux:pad-ra₂=pad[break//to break (into bits)]V/t'V/t$pad;a/pad+-ra₂=r.a#~;a",
"f": {"lang": "sux",
"form": "pad-ra₂",
"cf": "pad",
"gw": "break",
"sense": "to break (into bits)",
"norm0": "pad;a",
"pos": "V/t",
"epos": "V/t",
"base": "pad",
"cont": "-ra₂=r.a",
"morph": "~;a"}
}
,
{
"node": "d",
"type": "field-end",
"subtype": "wp"}
,
{
"node": "d",
"type": "cell-end"}
,
{
"node": "d",
"type": "cell-start"}
,
{
"node": "d",
"type": "field-start",
"subtype": "eq"}
,
{
"node": "l",
"frag": "ši-bir-tum",
"id": "P451129.l4e080",
"ref": "P451129.5.3",
"inst": "šibirtum[block]N",
"sig": "@dcclt%akk:ši-bir-tum=šibirtu[piece//block]N'N$šibirtum",
"f": {"lang": "akk",
"form": "ši-bir-tum",
"cf": "šibirtu",
"gw": "piece",
"sense": "block",
"norm": "šibirtum",
"pos": "N",
"epos": "N"}
}
,
{
"node": "d",
"type": "field-end",
"subtype": "eq"}
,
{
"node": "d",
"type": "cell-end"}
,
{
"node": "d",
"type": "line-start",
"ref": "P451129.6",
"n": "3'",
"label": "o 3'"}
,
{
"node": "d",
"type": "cell-start"}
,
{
"node": "d",
"type": "field-start",
"subtype": "wp"}
,
{
"node": "l",
"frag": "[kug]",
"id": "P451129.l4e081",
"ref": "P451129.6.1",
"inst": "kug[metal, silver]N",
"sig": "@dcclt%sux:kug=kug[metal//metal, silver]N'N$kug/kug#~",
"f": {"lang": "sux",
"form": "kug",
"cf": "kug",
"gw": "metal",
"sense": "metal, silver",
"norm0": "kug",
"pos": "N",
"epos": "N",
"base": "kug",
"morph": "~"}
}
,
{
"node": "l",
"frag": "pad-ra₂",
"id": "P451129.l4e082",
"ref": "P451129.6.2",
"inst": "pad[to break (into bits)]V/t",
"sig": "@dcclt%sux:pad-ra₂=pad[break//to break (into bits)]V/t'V/t$pad;a/pad+-ra₂=r.a#~;a",
"f": {"lang": "sux",
"form": "pad-ra₂",
"cf": "pad",
"gw": "break",
"sense": "to break (into bits)",
"norm0": "pad;a",
"pos": "V/t",
"epos": "V/t",
"base": "pad",
"cont": "-ra₂=r.a",
"morph": "~;a"}
}
,
{
"node": "l",
"frag": "kur-ra",
"id": "P451129.l4e083",
"ref": "P451129.6.3",
"inst": "kur[mountain]N",
"sig": "@dcclt%sux:kur-ra=kur[mountain//mountain]N'N$kur,ak/kur+-ra=r.a#~,ak",
"f": {"lang": "sux",
"form": "kur-ra",
"cf": "kur",
"gw": "mountain",
"sense": "mountain",
"norm0": "kur,ak",
"pos": "N",
"epos": "N",
"base": "kur",
"cont": "-ra=r.a",
"morph": "~,ak"}
}
,
{
"node": "d",
"type": "field-end",
"subtype": "wp"}
,
{
"node": "d",
"type": "cell-end"}
,
{
"node": "d",
"type": "cell-start"}
,
{
"node": "d",
"type": "field-start",
"subtype": "eq"}
,
{
"node": "d",
"type": "nonw",
"ref": "P451129.6.4",
"lang": "akk",
"type": "surro"}
,
{
"node": "l",
"id": "P451129.l4e084",
"ref": "P451129.6.5",
"inst": "šibirtum[block]N",
"sig": "@dcclt%akk:ši-bir-tum=šibirtu[piece//block]N'N$šibirtum",
"f": {"lang": "akk",
"form": "ši-bir-tum",
"cf": "šibirtu",
"gw": "piece",
"sense": "block",
"norm": "šibirtum",
"pos": "N",
"epos": "N"}
}
,
{
"node": "l",
"frag": "ša₂-di-i",
"id": "P451129.l4e085",
"ref": "P451129.6.6",
"inst": "šadî[mountain]N",
"sig": "@dcclt%akk:ša₂-di-i=šadû[mountain(s)//mountain]N'N$šadî",
"f": {"lang": "akk",
"form": "ša₂-di-i",
"cf": "šadû",
"gw": "mountain(s)",
"sense": "mountain",
"norm": "šadî",
"pos": "N",
"epos": "N"}
}
,
{
"node": "d",
"type": "field-end",
"subtype": "eq"}
,
{
"node": "d",
"type": "cell-end"}
,
{
"node": "d",
"type": "line-start",
"ref": "P451129.7",
"n": "4'",
"label": "o 4'"}
,
{
"node": "d",
"type": "cell-start"}
,
{
"node": "d",
"type": "field-start",
"subtype": "wp"}
,
{
"node": "l",
"frag": "⸢ki⸣-la₂",
"id": "P451129.l4e086",
"ref": "P451129.7.1",
"inst": "kila[weight]N",
"sig": "@dcclt%sux:ki-la₂=kila[weight//weight]N'N$kila/ki-la₂#~",
"f": {"lang": "sux",
"form": "ki-la₂",
"cf": "kila",
"gw": "weight",
"sense": "weight",
"norm0": "kila",
"pos": "N",
"epos": "N",
"base": "ki-la₂",
"morph": "~"}
}
,
{
"node": "d",
"type": "field-end",
"subtype": "wp"}
,
{
"node": "d",
"type": "cell-end"}
,
{
"node": "d",
"type": "cell-start"}
,
{
"node": "d",
"type": "field-start",
"subtype": "eq"}
,
{
"node": "l",
"frag": "šu-qul-⸢tum⸣",
"id": "P451129.l4e087",
"ref": "P451129.7.2",
"inst": "+šuqultu[weight]N$šuqultum",
"sig": "@dcclt%akk:šu-qul-tum=šuqultu[weight//weight]N'N$šuqultum",
"f": {"lang": "akk",
"form": "šu-qul-tum",
"cf": "šuqultu",
"gw": "weight",
"sense": "weight",
"norm": "šuqultum",
"pos": "N",
"epos": "N"}
}
,
{
"node": "d",
"type": "field-end",
"subtype": "eq"}
,
{
"node": "d",
"type": "cell-end"}
,
{
"node": "d",
"type": "line-start",
"ref": "P451129.8",
"n": "5'",
"label": "o 5'"}
,
{
"node": "d",
"type": "cell-start"}
,
{
"node": "d",
"type": "field-start",
"subtype": "wp"}
,
{
"node": "l",
"frag": "⸢ki⸣-la₂-bi",
"id": "P451129.l4e088",
"ref": "P451129.8.1",
"inst": "kila[weight]N",
"sig": "@dcclt%sux:ki-la₂-bi=kila[weight//weight]N'N$kila,bi/ki-la₂#~,bi",
"f": {"lang": "sux",
"form": "ki-la₂-bi",
"cf": "kila",
"gw": "weight",
"sense": "weight",
"norm0": "kila,bi",
"pos": "N",
"epos": "N",
"base": "ki-la₂",
"morph": "~,bi"}
}
,
{
"node": "d",
"type": "field-end",
"subtype": "wp"}
,
{
"node": "d",
"type": "cell-end"}
,
{
"node": "d",
"type": "cell-start"}
,
{
"node": "d",
"type": "field-start",
"subtype": "eq"}
,
{
"node": "l",
"frag": "[x-x]-⸢x⸣-[x]",
"id": "P451129.l4e089",
"ref": "P451129.8.2",
"inst": "u",
"f": {"lang": "akk",
"form": "x-x-x-x",
"pos": "u"}
}
,
{
"node": "d",
"type": "field-end",
"subtype": "eq"}
,
{
"node": "d",
"type": "cell-end"}
,
{
"node": "d",
"type": "line-start",
"ref": "P451129.9",
"n": "6'",
"label": "o 6'"}
,
{
"node": "d",
"type": "cell-start"}
,
{
"node": "d",
"type": "field-start",
"subtype": "wp"}
,
{
"node": "l",
"frag": "⸢ki⸣-la₂-bi-e-ne-⸢ne⸣",
"id": "P451129.l4e08a",
"ref": "P451129.9.1",
"inst": "kila[weight]N/ki-la₂#~,bi.anene",
"sig": "@dcclt%sux:ki-la₂-bi-e-ne-ne=kila[weight//weight]N'N$kila,bi.anene/ki-la₂#~,bi.anene",
"f": {"lang": "sux",
"form": "ki-la₂-bi-e-ne-ne",
"cf": "kila",
"gw": "weight",
"sense": "weight",
"norm0": "kila,bi.anene",
"pos": "N",
"epos": "N",
"base": "ki-la₂",
"morph": "~,bi.anene"}
}
,
{
"node": "d",
"type": "field-end",
"subtype": "wp"}
,
{
"node": "d",
"type": "cell-end"}
,
{
"node": "d",
"type": "cell-start"}
,
{
"node": "d",
"type": "field-start",
"subtype": "eq"}
,
{
"node": "l",
"frag": "[...]",
"id": "P451129.l4e08b",
"ref": "P451129.9.2",
"inst": "u",
"f": {"lang": "akk",
"form": "x",
"pos": "u"}
}
,
{
"node": "d",
"type": "field-end",
"subtype": "eq"}
,
{
"node": "d",
"type": "cell-end"}
,
{
"node": "d",
"type": "line-start",
"ref": "P451129.10",
"n": "7'",
"label": "o 7'"}
,
{
"node": "d",
"type": "cell-start"}
,
{
"node": "d",
"type": "field-start",
"subtype": "wp"}
,
{
"node": "l",
"frag": "maš₂",
"id": "P451129.l4e08c",
"ref": "P451129.10.1",
"inst": "maš[interest (on a loan)]N",
"sig": "@dcclt%sux:maš₂=maš[interest//interest (on a loan)]N'N$maš/maš₂#~",
"f": {"lang": "sux",
"form": "maš₂",
"cf": "maš",
"gw": "interest",
"sense": "interest (on a loan)",
"norm0": "maš",
"pos": "N",
"epos": "N",
"base": "maš₂",
"morph": "~"}
}
,
{
"node": "d",
"type": "field-end",
"subtype": "wp"}
,
{
"node": "d",
"type": "cell-end"}
,
{
"node": "d",
"type": "cell-start"}
,
{
"node": "d",
"type": "field-start",
"subtype": "eq"}
,
{
"node": "l",
"frag": "[...]",
"id": "P451129.l4e08d",
"ref": "P451129.10.2",
"inst": "u",
"f": {"lang": "akk",
"form": "x",
"pos": "u"}
}
,
{
"node": "d",
"type": "field-end",
"subtype": "eq"}
,
{
"node": "d",
"type": "cell-end"}
,
{
"node": "d",
"type": "line-start",
"ref": "P451129.11",
"n": "8'",
"label": "o 8'"}
,
{
"node": "d",
"type": "cell-start"}
,
{
"node": "d",
"type": "field-start",
"subtype": "wp"}
,
{
"node": "l",
"frag": "maš₂-⸢bi⸣",
"id": "P451129.l4e08e",
"ref": "P451129.11.1",
"inst": "maš[interest (on a loan)]N",
"sig": "@dcclt%sux:maš₂-bi=maš[interest//interest (on a loan)]N'N$maš,bi/maš₂#~,bi",
"f": {"lang": "sux",
"form": "maš₂-bi",
"cf": "maš",
"gw": "interest",
"sense": "interest (on a loan)",
"norm0": "maš,bi",
"pos": "N",
"epos": "N",
"base": "maš₂",
"morph": "~,bi"}
}
,
{
"node": "d",
"type": "field-end",
"subtype": "wp"}
,
{
"node": "d",
"type": "cell-end"}
,
{
"node": "d",
"type": "cell-start"}
,
{
"node": "d",
"type": "field-start",
"subtype": "eq"}
,
{
"node": "l",
"frag": "[...]",
"id": "P451129.l4e08f",
"ref": "P451129.11.2",
"inst": "u",
"f": {"lang": "akk",
"form": "x",
"pos": "u"}
}
,
{
"node": "d",
"type": "field-end",
"subtype": "eq"}
,
{
"node": "d",
"type": "cell-end"}
,
{
"node": "d",
"type": "line-start",
"ref": "P451129.12",
"n": "9'",
"label": "o 9'"}
,
{
"node": "d",
"type": "cell-start"}
,
{
"node": "d",
"type": "field-start",
"subtype": "wp"}
,
{
"node": "l",
"frag": "⸢maš₂⸣-bi-[še₃]",
"id": "P451129.l4e090",
"ref": "P451129.12.1",
"inst": "maš[interest (on a loan)]N",
"sig": "@dcclt%sux:maš₂-bi-še₃=maš[interest//interest (on a loan)]N'N$maš,bi.eše/maš₂#~,bi.eše",
"f": {"lang": "sux",
"form": "maš₂-bi-še₃",
"cf": "maš",
"gw": "interest",
"sense": "interest (on a loan)",
"norm0": "maš,bi.eše",
"pos": "N",
"epos": "N",
"base": "maš₂",
"morph": "~,bi.eše"}
}
,
{
"node": "d",
"type": "field-end",
"subtype": "wp"}
,
{
"node": "d",
"type": "cell-end"}
,
{
"node": "d",
"type": "cell-start"}
,
{
"node": "d",
"type": "field-start",
"subtype": "eq"}
,
{
"node": "l",
"frag": "[...]",
"id": "P451129.l4e091",
"ref": "P451129.12.2",
"inst": "u",
"f": {"lang": "akk",
"form": "x",
"pos": "u"}
}
,
{
"node": "d",
"type": "field-end",
"subtype": "eq"}
,
{
"node": "d",
"type": "cell-end"}
,
{
"node": "d",
"type": "line-start",
"ref": "P451129.13",
"n": "10'",
"label": "o 10'"}
,
{
"node": "d",
"type": "cell-start"}
,
{
"node": "d",
"type": "field-start",
"subtype": "wp"}
,
{
"node": "l",
"frag": "⸢maš₂-bi⸣-[še₃",
"id": "P451129.l4e092",
"ref": "P451129.13.1",
"inst": "maš[interest (on a loan)]N",
"sig": "@dcclt%sux:maš₂-bi-še₃=maš[interest//interest (on a loan)]N'N$maš,bi.eše/maš₂#~,bi.eše",
"f": {"lang": "sux",
"form": "maš₂-bi-še₃",
"cf": "maš",
"gw": "interest",
"sense": "interest (on a loan)",
"norm0": "maš,bi.eše",
"pos": "N",
"epos": "N",
"base": "maš₂",
"morph": "~,bi.eše"}
}
,
{
"node": "l",
"frag": "...]",
"id": "P451129.l4e093",
"ref": "P451129.13.2",
"inst": "u",
"f": {"lang": "sux",
"form": "x",
"pos": "u"}
}
,
{
"node": "d",
"type": "field-end",
"subtype": "wp"}
,
{
"node": "d",
"type": "cell-end"}
,
{
"node": "d",
"type": "cell-start"}
,
{
"node": "d",
"type": "field-start",
"subtype": "eq"}
,
{
"node": "l",
"frag": "[...]",
"id": "P451129.l4e094",
"ref": "P451129.13.3",
"inst": "u",
"f": {"lang": "akk",
"form": "x",
"pos": "u"}
}
,
{
"node": "d",
"type": "field-end",
"subtype": "eq"}
,
{
"node": "d",
"type": "cell-end"}
,
{
"node": "d",
"type": "nonx",
"ref": "P451129.14",
"strict": "1",
"extent": "rest",
"scope": "line",
"state": "missing"}
,
{
"node": "d",
"subtype": "reverse",
"type": "surface",
"ref": "P451129.r.15",
"type": "reverse",
"label": "r"}
,
{
"node": "d",
"type": "nonx",
"ref": "P451129.16",
"strict": "1",
"extent": "beginning",
"scope": "line",
"state": "missing"}
,
{
"node": "d",
"type": "nonx",
"ref": "P451129.17",
"strict": "0",
"state": "other"}
,
{
"node": "d",
"type": "nonx",
"ref": "P451129.18",
"strict": "1",
"extent": "rest",
"scope": "line",
"state": "missing"}
]}
]}
]}
]}
