{
"type": "cdl",
  "source": "http://oracc.org/dcclt",
  "license": "This data is released under the CC0 license",
  "license-url": "https://creativecommons.org/publicdomain/zero/1.0/",
  "more-info": "http://oracc.org/doc/opendata/",
  "UTC-timestamp": "2017-05-19T18:28:36",
"project": "dcclt",
"textid": "P451114",
"cdl": [
{
"node": "c",
"type": "text",
"id": "P451114.U0",
"cdl": [
{
"node": "d",
"subtype": "tablet",
"type": "object",
"ref": "P451114.x1916.1",
"type": "tablet",
"label": "x1916"}
,
{
"node": "d",
"subtype": "obverse",
"type": "surface",
"ref": "P451114.o.2",
"type": "obverse",
"label": "o"}
,
{
"node": "d",
"subtype": "column 1o",
"type": "column",
"ref": "P451114.o.i.3",
"n": "1",
"label": "o i"}
,
{
"node": "c",
"type": "discourse",
"subtype": "body",
"id": "P451114.U1",
"cdl": [
{
"node": "c",
"type": "sentence",
"id": "P451114.U2",
"label": "o i 1 - o ii 7",
"cdl": [
{
"node": "d",
"type": "line-start",
"ref": "P451114.4",
"n": "1",
"label": "o i 1"}
,
{
"node": "d",
"type": "cell-start"}
,
{
"node": "d",
"type": "field-start",
"subtype": "wp"}
,
{
"node": "l",
"frag": "[ur₅]-⸢ra⸣",
"id": "P451114.l4dd09",
"ref": "P451114.4.1",
"inst": "urra[loan]N",
"sig": "@dcclt%sux:ur₅-ra=urra[loan//interest-bearing loan]N'N$urra/ur₅-ra#~",
"f": {"lang": "sux",
"form": "ur₅-ra",
"cf": "urra",
"gw": "loan",
"sense": "interest-bearing loan",
"norm0": "urra",
"pos": "N",
"epos": "N",
"base": "ur₅-ra",
"morph": "~"}
}
,
{
"node": "d",
"type": "field-end",
"subtype": "wp"}
,
{
"node": "d",
"type": "cell-end"}
,
{
"node": "d",
"type": "cell-start"}
,
{
"node": "d",
"type": "field-start",
"subtype": "eq"}
,
{
"node": "l",
"frag": "hu-⸢bul-lum⸣",
"id": "P451114.l4dd0a",
"ref": "P451114.4.2",
"inst": "hubullum[debt]N",
"sig": "@dcclt%akk:hu-bul-lum=hubullu[debt//debt]N'N$hubullum",
"f": {"lang": "akk",
"form": "hu-bul-lum",
"cf": "hubullu",
"gw": "debt",
"sense": "debt",
"norm": "hubullum",
"pos": "N",
"epos": "N"}
}
,
{
"node": "d",
"type": "field-end",
"subtype": "eq"}
,
{
"node": "d",
"type": "cell-end"}
,
{
"node": "d",
"type": "line-start",
"ref": "P451114.5",
"n": "2",
"label": "o i 2"}
,
{
"node": "d",
"type": "cell-start"}
,
{
"node": "d",
"type": "field-start",
"subtype": "wp"}
,
{
"node": "l",
"frag": "⸢eš-de₂-am₃⸣",
"id": "P451114.l4dd0b",
"ref": "P451114.5.1",
"inst": "ešdea[loan]N/eš-de₂-am₃#~",
"sig": "@dcclt%sux:eš-de₂-am₃=ešdea[loan//loan]N'N$ešdea/eš-de₂-am₃#~",
"f": {"lang": "sux",
"form": "eš-de₂-am₃",
"cf": "ešdea",
"gw": "loan",
"sense": "loan",
"norm0": "ešdea",
"pos": "N",
"epos": "N",
"base": "eš-de₂-am₃",
"morph": "~"}
}
,
{
"node": "d",
"type": "field-end",
"subtype": "wp"}
,
{
"node": "d",
"type": "cell-end"}
,
{
"node": "d",
"type": "cell-start"}
,
{
"node": "d",
"type": "field-start",
"subtype": "eq"}
,
{
"node": "l",
"frag": "hu-bu-⸢ut-ta-tum⸣",
"id": "P451114.l4dd0c",
"ref": "P451114.5.2",
"inst": "hubuttātum[interest-free loan]N",
"sig": "@dcclt%akk:hu-bu-ut-ta-tum=hubuttu[interest-free loan//interest-free loan]N'N$hubuttātum",
"f": {"lang": "akk",
"form": "hu-bu-ut-ta-tum",
"cf": "hubuttu",
"gw": "interest-free loan",
"sense": "interest-free loan",
"norm": "hubuttātum",
"pos": "N",
"epos": "N"}
}
,
{
"node": "d",
"type": "field-end",
"subtype": "eq"}
,
{
"node": "d",
"type": "cell-end"}
,
{
"node": "d",
"type": "line-start",
"ref": "P451114.6",
"n": "3",
"label": "o i 3"}
,
{
"node": "d",
"type": "cell-start"}
,
{
"node": "d",
"type": "field-start",
"subtype": "wp"}
,
{
"node": "l",
"frag": "⸢šu-la₂⸣",
"id": "P451114.l4dd0d",
"ref": "P451114.6.1",
"inst": "šulaʾa[a type of consignment]N",
"sig": "@dcclt%sux:šu-la₂=šulaʾa[consignment//a type of consignment]N'N$šulaʾa/šu-la₂#~",
"f": {"lang": "sux",
"form": "šu-la₂",
"cf": "šulaʾa",
"gw": "consignment",
"sense": "a type of consignment",
"norm0": "šulaʾa",
"pos": "N",
"epos": "N",
"base": "šu-la₂",
"morph": "~"}
}
,
{
"node": "d",
"type": "field-end",
"subtype": "wp"}
,
{
"node": "d",
"type": "cell-end"}
,
{
"node": "d",
"type": "cell-start"}
,
{
"node": "d",
"type": "field-start",
"subtype": "eq"}
,
{
"node": "l",
"frag": "qip-tum",
"id": "P451114.l4dd0e",
"ref": "P451114.6.2",
"inst": "qīptum[consignment]N",
"sig": "@dcclt%akk:qip-tum=qīptu[trust//consignment]N'N$qīptum",
"f": {"lang": "akk",
"form": "qip-tum",
"cf": "qīptu",
"gw": "trust",
"sense": "consignment",
"norm": "qīptum",
"pos": "N",
"epos": "N"}
}
,
{
"node": "d",
"type": "field-end",
"subtype": "eq"}
,
{
"node": "d",
"type": "cell-end"}
,
{
"node": "d",
"type": "line-start",
"ref": "P451114.7",
"n": "4",
"label": "o i 4"}
,
{
"node": "d",
"type": "cell-start"}
,
{
"node": "d",
"type": "field-start",
"subtype": "wp"}
,
{
"node": "l",
"frag": "še",
"id": "P451114.l4dd0f",
"ref": "P451114.7.1",
"inst": "še[barley]N",
"sig": "@dcclt%sux:še=še[barley//barley]N'N$še/še#~",
"f": {"lang": "sux",
"form": "še",
"cf": "še",
"gw": "barley",
"sense": "barley",
"norm0": "še",
"pos": "N",
"epos": "N",
"base": "še",
"morph": "~"}
}
,
{
"node": "l",
"frag": "bala",
"id": "P451114.l4dd10",
"ref": "P451114.7.2",
"inst": "bala[turn]V/t",
"sig": "@dcclt%sux:bala=bala[turn//turn]V/t'V/t$bala/bala#~",
"f": {"lang": "sux",
"form": "bala",
"cf": "bala",
"gw": "turn",
"sense": "turn",
"norm0": "bala",
"pos": "V/t",
"epos": "V/t",
"base": "bala",
"morph": "~"}
}
,
{
"node": "d",
"type": "field-end",
"subtype": "wp"}
,
{
"node": "d",
"type": "cell-end"}
,
{
"node": "d",
"type": "cell-start"}
,
{
"node": "d",
"type": "field-start",
"subtype": "eq"}
,
{
"node": "l",
"frag": "⸢šu⸣-pil-tum",
"id": "P451114.l4dd11",
"ref": "P451114.7.3",
"inst": "šupeltum[exchange]N",
"sig": "@dcclt%akk:šu-pil-tum=šupêltu[exchange//exchange]N'N$šupeltum",
"f": {"lang": "akk",
"form": "šu-pil-tum",
"cf": "šupêltu",
"gw": "exchange",
"sense": "exchange",
"norm": "šupeltum",
"pos": "N",
"epos": "N"}
}
,
{
"node": "d",
"type": "field-end",
"subtype": "eq"}
,
{
"node": "d",
"type": "cell-end"}
,
{
"node": "d",
"type": "line-start",
"ref": "P451114.8",
"n": "5",
"label": "o i 5"}
,
{
"node": "d",
"type": "cell-start"}
,
{
"node": "d",
"type": "field-start",
"subtype": "wp"}
,
{
"node": "l",
"frag": "[niŋ₂]-ba",
"id": "P451114.l4dd12",
"ref": "P451114.8.1",
"inst": "niŋba[gift]N",
"sig": "@dcclt%sux:niŋ₂-ba=niŋba[gift//gift]N'N$niŋba/niŋ₂-ba#~",
"f": {"lang": "sux",
"form": "niŋ₂-ba",
"cf": "niŋba",
"gw": "gift",
"sense": "gift",
"norm0": "niŋba",
"pos": "N",
"epos": "N",
"base": "niŋ₂-ba",
"morph": "~"}
}
,
{
"node": "d",
"type": "field-end",
"subtype": "wp"}
,
{
"node": "d",
"type": "cell-end"}
,
{
"node": "d",
"type": "cell-start"}
,
{
"node": "d",
"type": "field-start",
"subtype": "eq"}
,
{
"node": "l",
"frag": "qiš-⸢tum⸣",
"id": "P451114.l4dd13",
"ref": "P451114.8.2",
"inst": "qištum[forest]N",
"sig": "@dcclt%akk:qiš-tum=qištu[forest//forest]N'N$qištum",
"f": {"lang": "akk",
"form": "qiš-tum",
"cf": "qištu",
"gw": "forest",
"sense": "forest",
"norm": "qištum",
"pos": "N",
"epos": "N"}
}
,
{
"node": "d",
"type": "field-end",
"subtype": "eq"}
,
{
"node": "d",
"type": "cell-end"}
,
{
"node": "d",
"type": "line-start",
"ref": "P451114.9",
"n": "6",
"label": "o i 6"}
,
{
"node": "d",
"type": "cell-start"}
,
{
"node": "d",
"type": "field-start",
"subtype": "wp"}
,
{
"node": "l",
"frag": "[in-na]-⸢an⸣-ba",
"id": "P451114.l4dd14",
"ref": "P451114.9.1",
"inst": "ba[to allot]V/t",
"sig": "@dcclt%sux:in-na-an-ba=ba[allot//to allot]V/t'V/t$V.na.n:ba/ba#V.na.n:~",
"f": {"lang": "sux",
"form": "in-na-an-ba",
"cf": "ba",
"gw": "allot",
"sense": "to allot",
"norm0": "V.na.n:ba",
"pos": "V/t",
"epos": "V/t",
"base": "ba",
"morph": "V.na.n:~"}
}
,
{
"node": "d",
"type": "field-end",
"subtype": "wp"}
,
{
"node": "d",
"type": "cell-end"}
,
{
"node": "d",
"type": "cell-start"}
,
{
"node": "d",
"type": "field-start",
"subtype": "eq"}
,
{
"node": "l",
"frag": "i-⸢qi₂-iš⸣",
"id": "P451114.l4dd15",
"ref": "P451114.9.2",
"inst": "iqīš[give]V",
"sig": "@dcclt%akk:i-qi₂-iš=qiāšu[give//give]V'V$iqīš",
"f": {"lang": "akk",
"form": "i-qi₂-iš",
"cf": "qiāšu",
"gw": "give",
"sense": "give",
"norm": "iqīš",
"pos": "V",
"epos": "V"}
}
,
{
"node": "d",
"type": "field-end",
"subtype": "eq"}
,
{
"node": "d",
"type": "cell-end"}
,
{
"node": "d",
"type": "line-start",
"ref": "P451114.10",
"n": "7",
"label": "o i 7"}
,
{
"node": "d",
"type": "cell-start"}
,
{
"node": "d",
"type": "field-start",
"subtype": "wp"}
,
{
"node": "l",
"frag": "[...]-⸢ru⸣",
"id": "P451114.l4dd16",
"ref": "P451114.10.1",
"inst": "u",
"f": {"lang": "sux",
"form": "x-ru",
"pos": "u"}
}
,
{
"node": "d",
"type": "field-end",
"subtype": "wp"}
,
{
"node": "d",
"type": "cell-end"}
,
{
"node": "d",
"type": "cell-start"}
,
{
"node": "d",
"type": "field-start",
"subtype": "eq"}
,
{
"node": "l",
"frag": "⸢iš-ruk⸣",
"id": "P451114.l4dd17",
"ref": "P451114.10.2",
"inst": "išruk[present]V",
"sig": "@dcclt%akk:iš-ruk=šarāku[present//present]V'V$išruk",
"f": {"lang": "akk",
"form": "iš-ruk",
"cf": "šarāku",
"gw": "present",
"sense": "present",
"norm": "išruk",
"pos": "V",
"epos": "V"}
}
,
{
"node": "d",
"type": "field-end",
"subtype": "eq"}
,
{
"node": "d",
"type": "cell-end"}
,
{
"node": "d",
"type": "line-start",
"ref": "P451114.11",
"n": "8",
"label": "o i 8"}
,
{
"node": "d",
"type": "cell-start"}
,
{
"node": "d",
"type": "field-start",
"subtype": "wp"}
,
{
"node": "l",
"frag": "[...]",
"id": "P451114.l4dd18",
"ref": "P451114.11.1",
"inst": "u",
"f": {"lang": "sux",
"form": "x",
"pos": "u"}
}
,
{
"node": "d",
"type": "field-end",
"subtype": "wp"}
,
{
"node": "d",
"type": "cell-end"}
,
{
"node": "d",
"type": "cell-start"}
,
{
"node": "d",
"type": "field-start",
"subtype": "eq"}
,
{
"node": "l",
"frag": "i-⸢pu-uš⸣",
"id": "P451114.l4dd19",
"ref": "P451114.11.2",
"inst": "īpuš[do]V",
"sig": "@dcclt%akk:i-pu-uš=epēšu[do//do]V'V$īpuš",
"f": {"lang": "akk",
"form": "i-pu-uš",
"cf": "epēšu",
"gw": "do",
"sense": "do",
"norm": "īpuš",
"pos": "V",
"epos": "V"}
}
,
{
"node": "d",
"type": "field-end",
"subtype": "eq"}
,
{
"node": "d",
"type": "cell-end"}
,
{
"node": "d",
"type": "line-start",
"ref": "P451114.12",
"n": "9",
"label": "o i 9"}
,
{
"node": "d",
"type": "cell-start"}
,
{
"node": "d",
"type": "field-start",
"subtype": "wp"}
,
{
"node": "l",
"frag": "[...]",
"id": "P451114.l4dd1a",
"ref": "P451114.12.1",
"inst": "u",
"f": {"lang": "sux",
"form": "x",
"pos": "u"}
}
,
{
"node": "d",
"type": "field-end",
"subtype": "wp"}
,
{
"node": "d",
"type": "cell-end"}
,
{
"node": "d",
"type": "cell-start"}
,
{
"node": "d",
"type": "field-start",
"subtype": "eq"}
,
{
"node": "l",
"frag": "[...]-⸢x⸣",
"id": "P451114.l4dd1b",
"ref": "P451114.12.2",
"inst": "u",
"f": {"lang": "akk",
"form": "x-x",
"pos": "u"}
}
,
{
"node": "d",
"type": "field-end",
"subtype": "eq"}
,
{
"node": "d",
"type": "cell-end"}
,
{
"node": "d",
"type": "nonx",
"ref": "P451114.13",
"strict": "1",
"extent": "rest",
"scope": "line",
"state": "missing"}
,
{
"node": "d",
"subtype": "column 2o",
"type": "column",
"ref": "P451114.o.ii.14",
"n": "2",
"label": "o ii"}
,
{
"node": "d",
"type": "line-start",
"ref": "P451114.15",
"n": "1",
"label": "o ii 1"}
,
{
"node": "d",
"type": "cell-start"}
,
{
"node": "d",
"type": "field-start",
"subtype": "wp"}
,
{
"node": "l",
"frag": "[niŋ₂]-⸢mi₂-us₂-sa₂⸣",
"id": "P451114.l4dd1c",
"ref": "P451114.15.1",
"inst": "niŋmussa[gift]N/niŋ₂-mi₂-us₂-sa₂#~",
"sig": "@dcclt%sux:niŋ₂-mi₂-us₂-sa₂=niŋmussa[gift//gift]N'N$niŋmussa/niŋ₂-mi₂-us₂-sa₂#~",
"f": {"lang": "sux",
"form": "niŋ₂-mi₂-us₂-sa₂",
"cf": "niŋmussa",
"gw": "gift",
"sense": "gift",
"norm0": "niŋmussa",
"pos": "N",
"epos": "N",
"base": "niŋ₂-mi₂-us₂-sa₂",
"morph": "~"}
}
,
{
"node": "d",
"type": "field-end",
"subtype": "wp"}
,
{
"node": "d",
"type": "cell-end"}
,
{
"node": "d",
"type": "cell-start"}
,
{
"node": "d",
"type": "field-start",
"subtype": "eq"}
,
{
"node": "l",
"frag": "⸢ter-ha⸣-[tum]",
"id": "P451114.l4dd1d",
"ref": "P451114.15.2",
"inst": "terhatum[bride payment]N",
"sig": "@dcclt%akk:ter-ha-tum=terhatu[bride payment//bride payment]N'N$terhatum",
"f": {"lang": "akk",
"form": "ter-ha-tum",
"cf": "terhatu",
"gw": "bride payment",
"sense": "bride payment",
"norm": "terhatum",
"pos": "N",
"epos": "N"}
}
,
{
"node": "d",
"type": "field-end",
"subtype": "eq"}
,
{
"node": "d",
"type": "cell-end"}
,
{
"node": "d",
"type": "line-start",
"ref": "P451114.16",
"n": "2",
"label": "o ii 2"}
,
{
"node": "d",
"type": "cell-start"}
,
{
"node": "d",
"type": "field-start",
"subtype": "wp"}
,
{
"node": "l",
"frag": "⸢niŋ₂⸣-šum₂-⸢mu⸣",
"id": "P451114.l4dd1e",
"ref": "P451114.16.1",
"inst": "niŋšumu[gift]N",
"sig": "@dcclt%sux:niŋ₂-šum₂-mu=niŋšumu[gift//gift]N'N$niŋšumu/niŋ₂-šum₂-mu#~",
"f": {"lang": "sux",
"form": "niŋ₂-šum₂-mu",
"cf": "niŋšumu",
"gw": "gift",
"sense": "gift",
"norm0": "niŋšumu",
"pos": "N",
"epos": "N",
"base": "niŋ₂-šum₂-mu",
"morph": "~"}
}
,
{
"node": "d",
"type": "field-end",
"subtype": "wp"}
,
{
"node": "d",
"type": "cell-end"}
,
{
"node": "d",
"type": "cell-start"}
,
{
"node": "d",
"type": "field-start",
"subtype": "eq"}
,
{
"node": "l",
"frag": "ni-din-⸢tum⸣",
"id": "P451114.l4dd1f",
"ref": "P451114.16.2",
"inst": "nidintum[dowry]N",
"sig": "@dcclt%akk:ni-din-tum=nidintu[gift//dowry]N'N$nidintum",
"f": {"lang": "akk",
"form": "ni-din-tum",
"cf": "nidintu",
"gw": "gift",
"sense": "dowry",
"norm": "nidintum",
"pos": "N",
"epos": "N"}
}
,
{
"node": "d",
"type": "field-end",
"subtype": "eq"}
,
{
"node": "d",
"type": "cell-end"}
,
{
"node": "d",
"type": "line-start",
"ref": "P451114.17",
"n": "3",
"label": "o ii 3"}
,
{
"node": "d",
"type": "cell-start"}
,
{
"node": "d",
"type": "field-start",
"subtype": "wp"}
,
{
"node": "l",
"frag": "⸢niŋ₂⸣-šu-⸢taka₄⸣-a",
"id": "P451114.l4dd20",
"ref": "P451114.17.1",
"inst": "niŋšutakaʾa[gift]N",
"sig": "@dcclt%sux:niŋ₂-šu-taka₄-a=niŋšutakaʾa[gift//gift]N'N$niŋšutakaʾa/niŋ₂-šu-taka₄-a#~",
"f": {"lang": "sux",
"form": "niŋ₂-šu-taka₄-a",
"cf": "niŋšutakaʾa",
"gw": "gift",
"sense": "gift",
"norm0": "niŋšutakaʾa",
"pos": "N",
"epos": "N",
"base": "niŋ₂-šu-taka₄-a",
"morph": "~"}
}
,
{
"node": "d",
"type": "field-end",
"subtype": "wp"}
,
{
"node": "d",
"type": "cell-end"}
,
{
"node": "d",
"type": "cell-start"}
,
{
"node": "d",
"type": "field-start",
"subtype": "eq"}
,
{
"node": "l",
"frag": "šu-bul-⸢tum⸣",
"id": "P451114.l4dd21",
"ref": "P451114.17.2",
"inst": "+šūbultu[consignment]N$šūbultum",
"sig": "@dcclt%akk:šu-bul-tum=šūbultu[consignment//consignment]N'N$šūbultum",
"f": {"lang": "akk",
"form": "šu-bul-tum",
"cf": "šūbultu",
"gw": "consignment",
"sense": "consignment",
"norm": "šūbultum",
"pos": "N",
"epos": "N"}
}
,
{
"node": "d",
"type": "field-end",
"subtype": "eq"}
,
{
"node": "d",
"type": "cell-end"}
,
{
"node": "d",
"type": "line-start",
"ref": "P451114.18",
"n": "4",
"label": "o ii 4"}
,
{
"node": "d",
"type": "cell-start"}
,
{
"node": "d",
"type": "field-start",
"subtype": "wp"}
,
{
"node": "l",
"frag": "⸢niŋ₂⸣",
"id": "P451114.l4dd22",
"ref": "P451114.18.1",
"inst": "niŋ[thing]N",
"sig": "@dcclt%sux:niŋ₂=niŋ[thing//thing]N'N$niŋ/niŋ₂#~",
"f": {"lang": "sux",
"form": "niŋ₂",
"cf": "niŋ",
"gw": "thing",
"sense": "thing",
"norm0": "niŋ",
"pos": "N",
"epos": "N",
"base": "niŋ₂",
"morph": "~"}
}
,
{
"node": "l",
"frag": "in-pad₃",
"id": "P451114.l4dd23",
"ref": "P451114.18.2",
"inst": "pad[find]V/t",
"sig": "@dcclt%sux:in-pad₃=pad[find//find]V/t'V/t$V.n:pad/pad₃#V.n:~",
"f": {"lang": "sux",
"form": "in-pad₃",
"cf": "pad",
"gw": "find",
"sense": "find",
"norm0": "V.n:pad",
"pos": "V/t",
"epos": "V/t",
"base": "pad₃",
"morph": "V.n:~"}
}
,
{
"node": "d",
"type": "field-end",
"subtype": "wp"}
,
{
"node": "d",
"type": "cell-end"}
,
{
"node": "d",
"type": "cell-start"}
,
{
"node": "d",
"type": "field-start",
"subtype": "eq"}
,
{
"node": "l",
"frag": "za-⸢kar⸣",
"id": "P451114.l4dd24",
"ref": "P451114.18.3",
"inst": "zakār[mentioning]'N",
"sig": "@dcclt%akk:za-kar=zakāru[speak//mentioning]V'N$zakār",
"f": {"lang": "akk",
"form": "za-kar",
"cf": "zakāru",
"gw": "speak",
"sense": "mentioning",
"norm": "zakār",
"pos": "V",
"epos": "N"}
}
,
{
"node": "l",
"frag": "[šu-mu]",
"id": "P451114.l4dd25",
"ref": "P451114.18.4",
"inst": "šumu[name]N",
"sig": "@dcclt%akk:šu-mu=šumu[name//name]N'N$šumu",
"f": {"lang": "akk",
"form": "šu-mu",
"cf": "šumu",
"gw": "name",
"sense": "name",
"norm": "šumu",
"pos": "N",
"epos": "N"}
}
,
{
"node": "d",
"type": "field-end",
"subtype": "eq"}
,
{
"node": "d",
"type": "cell-end"}
,
{
"node": "d",
"type": "line-start",
"ref": "P451114.19",
"n": "5",
"label": "o ii 5"}
,
{
"node": "d",
"type": "cell-start"}
,
{
"node": "d",
"type": "field-start",
"subtype": "wp"}
,
{
"node": "l",
"frag": "⸢niŋ₂⸣-al-⸢di⸣",
"id": "P451114.l4dd26",
"ref": "P451114.19.1",
"inst": "niŋaldi[request]N",
"sig": "@dcclt%sux:niŋ₂-al-di=niŋaldi[request//request]N'N$niŋaldi/niŋ₂-al-di#~",
"f": {"lang": "sux",
"form": "niŋ₂-al-di",
"cf": "niŋaldi",
"gw": "request",
"sense": "request",
"norm0": "niŋaldi",
"pos": "N",
"epos": "N",
"base": "niŋ₂-al-di",
"morph": "~"}
}
,
{
"node": "d",
"type": "field-end",
"subtype": "wp"}
,
{
"node": "d",
"type": "cell-end"}
,
{
"node": "d",
"type": "cell-start"}
,
{
"node": "d",
"type": "field-start",
"subtype": "eq"}
,
{
"node": "l",
"frag": "⸢e⸣-[riš-tum]",
"id": "P451114.l4dd27",
"ref": "P451114.19.2",
"inst": "erištum[demand]N",
"sig": "@dcclt%akk:e-riš-tum=erištu[demand//demand]N'N$erištum",
"f": {"lang": "akk",
"form": "e-riš-tum",
"cf": "erištu",
"gw": "demand",
"sense": "demand",
"norm": "erištum",
"pos": "N",
"epos": "N"}
}
,
{
"node": "d",
"type": "field-end",
"subtype": "eq"}
,
{
"node": "d",
"type": "cell-end"}
,
{
"node": "d",
"type": "line-start",
"ref": "P451114.20",
"n": "6",
"label": "o ii 6"}
,
{
"node": "d",
"type": "cell-start"}
,
{
"node": "d",
"type": "field-start",
"subtype": "wp"}
,
{
"node": "l",
"frag": "⸢niŋ₂-al-di",
"id": "P451114.l4dd28",
"ref": "P451114.20.1",
"inst": "niŋaldi[request]N",
"sig": "@dcclt%sux:niŋ₂-al-di=niŋaldi[request//request]N'N$niŋaldi/niŋ₂-al-di#~",
"f": {"lang": "sux",
"form": "niŋ₂-al-di",
"cf": "niŋaldi",
"gw": "request",
"sense": "request",
"norm0": "niŋaldi",
"pos": "N",
"epos": "N",
"base": "niŋ₂-al-di",
"morph": "~"}
}
,
{
"node": "l",
"frag": "pad₃⸣",
"id": "P451114.l4dd29",
"ref": "P451114.20.2",
"inst": "pad[find]V/t",
"sig": "@dcclt%sux:pad₃=pad[find//find]V/t'V/t$pad/pad₃#~",
"f": {"lang": "sux",
"form": "pad₃",
"cf": "pad",
"gw": "find",
"sense": "find",
"norm0": "pad",
"pos": "V/t",
"epos": "V/t",
"base": "pad₃",
"morph": "~"}
}
,
{
"node": "d",
"type": "field-end",
"subtype": "wp"}
,
{
"node": "d",
"type": "cell-end"}
,
{
"node": "d",
"type": "cell-start"}
,
{
"node": "d",
"type": "field-start",
"subtype": "eq"}
,
{
"node": "d",
"type": "nonw",
"ref": "P451114.20.3",
"lang": "akk",
"type": "surro"}
,
{
"node": "l",
"id": "P451114.l4dd2a",
"ref": "P451114.20.4",
"inst": "erištu[demand]N",
"sig": "@dcclt%akk:e-riš-tum=erištu[demand//demand]N'N$erištum",
"f": {"lang": "akk",
"form": "e-riš-tum",
"cf": "erištu",
"gw": "demand",
"sense": "demand",
"norm": "erištum",
"pos": "N",
"epos": "N"}
}
,
{
"node": "l",
"frag": "[...]",
"id": "P451114.l4dd2b",
"ref": "P451114.20.5",
"inst": "u",
"f": {"lang": "akk",
"form": "x",
"pos": "u"}
}
,
{
"node": "d",
"type": "field-end",
"subtype": "eq"}
,
{
"node": "d",
"type": "cell-end"}
,
{
"node": "d",
"type": "line-start",
"ref": "P451114.21",
"n": "7",
"label": "o ii 7"}
,
{
"node": "d",
"type": "cell-start"}
,
{
"node": "d",
"type": "field-start",
"subtype": "wp"}
,
{
"node": "l",
"frag": "⸢niŋ₂-x-x⸣",
"id": "P451114.l4dd2c",
"ref": "P451114.21.1",
"inst": "u",
"f": {"lang": "sux",
"form": "niŋ₂-x-x",
"pos": "u"}
}
,
{
"node": "d",
"type": "field-end",
"subtype": "wp"}
,
{
"node": "d",
"type": "cell-end"}
,
{
"node": "d",
"type": "cell-start"}
,
{
"node": "d",
"type": "field-start",
"subtype": "eq"}
,
{
"node": "l",
"frag": "[...]",
"id": "P451114.l4dd2d",
"ref": "P451114.21.2",
"inst": "u",
"f": {"lang": "akk",
"form": "x",
"pos": "u"}
}
,
{
"node": "d",
"type": "field-end",
"subtype": "eq"}
,
{
"node": "d",
"type": "cell-end"}
,
{
"node": "d",
"type": "nonx",
"ref": "P451114.22",
"strict": "1",
"extent": "rest",
"scope": "line",
"state": "missing"}
,
{
"node": "d",
"subtype": "reverse",
"type": "surface",
"ref": "P451114.r.23",
"type": "reverse",
"label": "r"}
,
{
"node": "d",
"subtype": "column 1r",
"type": "column",
"ref": "P451114.r.i.24",
"n": "1",
"label": "r i"}
,
{
"node": "d",
"type": "nonx",
"ref": "P451114.25",
"strict": "1",
"extent": "beginning",
"scope": "line",
"state": "missing"}
,
{
"node": "d",
"type": "nonx",
"ref": "P451114.26",
"strict": "0",
"state": "other"}
]}
]}
]}
]}
