{
"type": "cdl",
  "source": "http://oracc.org/dcclt",
  "license": "This data is released under the CC0 license",
  "license-url": "https://creativecommons.org/publicdomain/zero/1.0/",
  "more-info": "http://oracc.org/doc/opendata/",
  "UTC-timestamp": "2017-05-19T18:28:39",
"project": "dcclt",
"textid": "P451230",
"cdl": [
{
"node": "c",
"type": "text",
"id": "P451230.U0",
"cdl": [
{
"node": "d",
"subtype": "tablet",
"type": "object",
"ref": "P451230.x2023.1",
"type": "tablet",
"label": "x2023"}
,
{
"node": "d",
"subtype": "obverse",
"type": "surface",
"ref": "P451230.o.2",
"type": "obverse",
"label": "o"}
,
{
"node": "d",
"subtype": "column 1o '",
"type": "column",
"ref": "P451230.o.i_.3",
"n": "1",
"label": "o i'"}
,
{
"node": "d",
"type": "nonx",
"ref": "P451230.4",
"strict": "1",
"extent": "beginning",
"scope": "line",
"state": "missing"}
,
{
"node": "c",
"type": "discourse",
"subtype": "body",
"id": "P451230.U1",
"cdl": [
{
"node": "c",
"type": "sentence",
"id": "P451230.U2",
"label": "o i' 1' - o ii' 15'",
"cdl": [
{
"node": "d",
"type": "line-start",
"ref": "P451230.5",
"n": "1'",
"label": "o i' 1'"}
,
{
"node": "d",
"type": "cell-start"}
,
{
"node": "d",
"type": "field-start",
"subtype": "wp"}
,
{
"node": "l",
"frag": "[...]",
"id": "P451230.l4ee4a",
"ref": "P451230.5.1",
"inst": "u",
"f": {"lang": "sux",
"form": "x",
"pos": "u"}
}
,
{
"node": "d",
"type": "field-end",
"subtype": "wp"}
,
{
"node": "d",
"type": "cell-end"}
,
{
"node": "d",
"type": "cell-start"}
,
{
"node": "d",
"type": "field-start",
"subtype": "eq"}
,
{
"node": "l",
"frag": "[...",
"id": "P451230.l4ee4b",
"ref": "P451230.5.2",
"inst": "u",
"f": {"lang": "akk",
"form": "x",
"pos": "u"}
}
,
{
"node": "l",
"frag": "nu-u₂]-⸢nu⸣",
"id": "P451230.l4ee4c",
"ref": "P451230.5.3",
"inst": "nūnu[fish]N",
"sig": "@dcclt%akk:nu-u₂-nu=nūnu[fish//fish]N'N$nūnu",
"f": {"lang": "akk",
"form": "nu-u₂-nu",
"cf": "nūnu",
"gw": "fish",
"sense": "fish",
"norm": "nūnu",
"pos": "N",
"epos": "N"}
}
,
{
"node": "d",
"type": "nonw",
"ref": ""}
,
{
"node": "d",
"type": "field-end",
"subtype": "eq"}
,
{
"node": "d",
"type": "cell-end"}
,
{
"node": "d",
"type": "line-start",
"ref": "P451230.6",
"n": "2'",
"label": "o i' 2'"}
,
{
"node": "d",
"type": "cell-start"}
,
{
"node": "d",
"type": "field-start",
"subtype": "wp"}
,
{
"node": "l",
"frag": "[...]",
"id": "P451230.l4ee4d",
"ref": "P451230.6.1",
"inst": "u",
"f": {"lang": "sux",
"form": "x",
"pos": "u"}
}
,
{
"node": "d",
"type": "field-end",
"subtype": "wp"}
,
{
"node": "d",
"type": "cell-end"}
,
{
"node": "d",
"type": "cell-start"}
,
{
"node": "d",
"type": "field-start",
"subtype": "eq"}
,
{
"node": "l",
"frag": "[...",
"id": "P451230.l4ee4e",
"ref": "P451230.6.2",
"inst": "u",
"f": {"lang": "akk",
"form": "x",
"pos": "u"}
}
,
{
"node": "l",
"frag": "iṣ]-⸢ṣur⸣",
"id": "P451230.l4ee4f",
"ref": "P451230.6.3",
"inst": "iṣṣūr[bird]N",
"sig": "@dcclt%akk:iṣ-ṣur=iṣṣūru[bird//bird]N'N$iṣṣūr",
"f": {"lang": "akk",
"form": "iṣ-ṣur",
"cf": "iṣṣūru",
"gw": "bird",
"sense": "bird",
"norm": "iṣṣūr",
"pos": "N",
"epos": "N"}
}
,
{
"node": "d",
"type": "field-end",
"subtype": "eq"}
,
{
"node": "d",
"type": "cell-end"}
,
{
"node": "d",
"type": "line-start",
"ref": "P451230.7",
"n": "3'",
"label": "o i' 3'"}
,
{
"node": "d",
"type": "cell-start"}
,
{
"node": "d",
"type": "field-start",
"subtype": "wp"}
,
{
"node": "l",
"frag": "[...]",
"id": "P451230.l4ee50",
"ref": "P451230.7.1",
"inst": "u",
"f": {"lang": "sux",
"form": "x",
"pos": "u"}
}
,
{
"node": "d",
"type": "field-end",
"subtype": "wp"}
,
{
"node": "d",
"type": "cell-end"}
,
{
"node": "d",
"type": "cell-start"}
,
{
"node": "d",
"type": "field-start",
"subtype": "eq"}
,
{
"node": "l",
"frag": "[...",
"id": "P451230.l4ee51",
"ref": "P451230.7.2",
"inst": "u",
"f": {"lang": "akk",
"form": "x",
"pos": "u"}
}
,
{
"node": "l",
"frag": "še]-⸢im⸣",
"id": "P451230.l4ee52",
"ref": "P451230.7.3",
"inst": "šeʾim[barley]N",
"sig": "@dcclt%akk:še-im=šeʾu[barley//barley]N'N$šeʾim",
"f": {"lang": "akk",
"form": "še-im",
"cf": "šeʾu",
"gw": "barley",
"sense": "barley",
"norm": "šeʾim",
"pos": "N",
"epos": "N"}
}
,
{
"node": "d",
"type": "field-end",
"subtype": "eq"}
,
{
"node": "d",
"type": "cell-end"}
,
{
"node": "d",
"type": "line-start",
"ref": "P451230.8",
"n": "4'",
"label": "o i' 4'"}
,
{
"node": "d",
"type": "cell-start"}
,
{
"node": "d",
"type": "field-start",
"subtype": "wp"}
,
{
"node": "l",
"frag": "[...]",
"id": "P451230.l4ee53",
"ref": "P451230.8.1",
"inst": "u",
"f": {"lang": "sux",
"form": "x",
"pos": "u"}
}
,
{
"node": "d",
"type": "field-end",
"subtype": "wp"}
,
{
"node": "d",
"type": "cell-end"}
,
{
"node": "d",
"type": "cell-start"}
,
{
"node": "d",
"type": "field-start",
"subtype": "eq"}
,
{
"node": "l",
"frag": "[...]-⸢mu⸣",
"id": "P451230.l4ee54",
"ref": "P451230.8.2",
"inst": "u",
"f": {"lang": "akk",
"form": "x-mu",
"pos": "u"}
}
,
{
"node": "d",
"type": "field-end",
"subtype": "eq"}
,
{
"node": "d",
"type": "cell-end"}
,
{
"node": "d",
"type": "nonx",
"ref": "P451230.9",
"strict": "1",
"extent": "rest",
"scope": "line",
"state": "missing"}
,
{
"node": "d",
"subtype": "column 2o '",
"type": "column",
"ref": "P451230.o.ii_.10",
"n": "2",
"label": "o ii'"}
,
{
"node": "d",
"type": "nonx",
"ref": "P451230.11",
"strict": "1",
"extent": "beginning",
"scope": "line",
"state": "missing"}
,
{
"node": "d",
"type": "line-start",
"ref": "P451230.12",
"n": "1'",
"label": "o ii' 1'"}
,
{
"node": "d",
"type": "cell-start"}
,
{
"node": "d",
"type": "field-start",
"subtype": "wp"}
,
{
"node": "l",
"frag": "[...]-⸢la⸣",
"id": "P451230.l4ee55",
"ref": "P451230.12.1",
"inst": "u",
"f": {"lang": "sux",
"form": "x-la",
"pos": "u"}
}
,
{
"node": "d",
"type": "field-end",
"subtype": "wp"}
,
{
"node": "d",
"type": "cell-end"}
,
{
"node": "d",
"type": "cell-start"}
,
{
"node": "d",
"type": "field-start",
"subtype": "eq"}
,
{
"node": "l",
"frag": "⸢MIN",
"id": "P451230.l4ee56",
"ref": "P451230.12.2",
"inst": "X",
"f": {"lang": "akk",
"form": "MIN",
"pos": "X"}
}
,
{
"node": "l",
"frag": "ul⸣",
"id": "P451230.l4ee57",
"ref": "P451230.12.3",
"inst": "ul[not]MOD",
"sig": "@dcclt%akk:ul=ul[not//not]MOD'MOD$ul",
"f": {"lang": "akk",
"form": "ul",
"cf": "ul",
"gw": "not",
"sense": "not",
"norm": "ul",
"pos": "MOD",
"epos": "MOD"}
}
,
{
"node": "l",
"frag": "[...]",
"id": "P451230.l4ee58",
"ref": "P451230.12.4",
"inst": "u",
"f": {"lang": "akk",
"form": "x",
"pos": "u"}
}
,
{
"node": "d",
"type": "field-end",
"subtype": "eq"}
,
{
"node": "d",
"type": "cell-end"}
,
{
"node": "d",
"type": "nonx",
"ref": "P451230.13",
"strict": "1",
"extent": "1",
"scope": "line",
"state": "ruling"}
,
{
"node": "d",
"type": "line-start",
"ref": "P451230.14",
"n": "2'",
"label": "o ii' 2'"}
,
{
"node": "d",
"type": "cell-start"}
,
{
"node": "d",
"type": "field-start",
"subtype": "wp"}
,
{
"node": "l",
"frag": "duh",
"id": "P451230.l4ee59",
"ref": "P451230.14.1",
"inst": "duh[to loosen, release]V/t",
"sig": "@dcclt%sux:duh=duh[loosen//release]V/t'V/t$duh/duh#~",
"f": {"lang": "sux",
"form": "duh",
"cf": "duh",
"gw": "loosen",
"sense": "release",
"norm0": "duh",
"pos": "V/t",
"epos": "V/t",
"base": "duh",
"morph": "~"}
}
,
{
"node": "d",
"type": "field-end",
"subtype": "wp"}
,
{
"node": "d",
"type": "cell-end"}
,
{
"node": "d",
"type": "cell-start"}
,
{
"node": "d",
"type": "field-start",
"subtype": "eq"}
,
{
"node": "l",
"frag": "pa-ṭa-[ru]",
"id": "P451230.l4ee5a",
"ref": "P451230.14.2",
"inst": "paṭāru[loosening]'N",
"sig": "@dcclt%akk:pa-ṭa-ru=paṭāru[loosen//loosening]V'N$paṭāru",
"f": {"lang": "akk",
"form": "pa-ṭa-ru",
"cf": "paṭāru",
"gw": "loosen",
"sense": "loosening",
"norm": "paṭāru",
"pos": "V",
"epos": "N"}
}
,
{
"node": "d",
"type": "field-end",
"subtype": "eq"}
,
{
"node": "d",
"type": "cell-end"}
,
{
"node": "d",
"type": "line-start",
"ref": "P451230.15",
"n": "3'",
"label": "o ii' 3'"}
,
{
"node": "d",
"type": "cell-start"}
,
{
"node": "d",
"type": "field-start",
"subtype": "wp"}
,
{
"node": "l",
"frag": "[in]-⸢duh⸣",
"id": "P451230.l4ee5b",
"ref": "P451230.15.1",
"inst": "duh[to loosen, release]V/t",
"sig": "@dcclt%sux:in-duh=duh[loosen//release]V/t'V/t$V.n:duh/duh#V.n:~",
"f": {"lang": "sux",
"form": "in-duh",
"cf": "duh",
"gw": "loosen",
"sense": "release",
"norm0": "V.n:duh",
"pos": "V/t",
"epos": "V/t",
"base": "duh",
"morph": "V.n:~"}
}
,
{
"node": "d",
"type": "field-end",
"subtype": "wp"}
,
{
"node": "d",
"type": "cell-end"}
,
{
"node": "d",
"type": "cell-start"}
,
{
"node": "d",
"type": "field-start",
"subtype": "eq"}
,
{
"node": "l",
"frag": "ip-⸢ṭur⸣",
"id": "P451230.l4ee5c",
"ref": "P451230.15.2",
"inst": "ipṭur[release]V",
"sig": "@dcclt%akk:ip-ṭur=paṭāru[loosen//release]V'V$ipṭur",
"f": {"lang": "akk",
"form": "ip-ṭur",
"cf": "paṭāru",
"gw": "loosen",
"sense": "release",
"norm": "ipṭur",
"pos": "V",
"epos": "V"}
}
,
{
"node": "d",
"type": "field-end",
"subtype": "eq"}
,
{
"node": "d",
"type": "cell-end"}
,
{
"node": "d",
"type": "line-start",
"ref": "P451230.16",
"n": "4'",
"label": "o ii' 4'"}
,
{
"node": "d",
"type": "cell-start"}
,
{
"node": "d",
"type": "field-start",
"subtype": "wp"}
,
{
"node": "l",
"frag": "[in]-⸢duh-e⸣",
"id": "P451230.l4ee5d",
"ref": "P451230.16.1",
"inst": "duh[to loosen, release]V/t",
"sig": "@dcclt%sux:in-duh-e=duh[loosen//release]V/t'V/t$V.n:duh;e/duh#V.n:~;e",
"f": {"lang": "sux",
"form": "in-duh-e",
"cf": "duh",
"gw": "loosen",
"sense": "release",
"norm0": "V.n:duh;e",
"pos": "V/t",
"epos": "V/t",
"base": "duh",
"morph": "V.n:~;e"}
}
,
{
"node": "d",
"type": "field-end",
"subtype": "wp"}
,
{
"node": "d",
"type": "cell-end"}
,
{
"node": "d",
"type": "cell-start"}
,
{
"node": "d",
"type": "field-start",
"subtype": "eq"}
,
{
"node": "l",
"frag": "⸢i⸣-paṭ-⸢ṭar⸣",
"id": "P451230.l4ee5e",
"ref": "P451230.16.2",
"inst": "ipaṭṭar[release]V",
"sig": "@dcclt%akk:i-paṭ-ṭar=paṭāru[loosen//release]V'V$ipaṭṭar",
"f": {"lang": "akk",
"form": "i-paṭ-ṭar",
"cf": "paṭāru",
"gw": "loosen",
"sense": "release",
"norm": "ipaṭṭar",
"pos": "V",
"epos": "V"}
}
,
{
"node": "d",
"type": "field-end",
"subtype": "eq"}
,
{
"node": "d",
"type": "cell-end"}
,
{
"node": "d",
"type": "line-start",
"ref": "P451230.17",
"n": "5'",
"label": "o ii' 5'"}
,
{
"node": "d",
"type": "cell-start"}
,
{
"node": "d",
"type": "field-start",
"subtype": "wp"}
,
{
"node": "l",
"frag": "[in]-⸢duh-e⸣-[meš]",
"id": "P451230.l4ee5f",
"ref": "P451230.17.1",
"inst": "duh[to loosen, release]V/t",
"sig": "@dcclt%sux:in-duh-e-meš=duh[loosen//release]V/t'V/t$V.n:duh;e.*a,meš/duh#V.n:~;e.*a,meš",
"f": {"lang": "sux",
"form": "in-duh-e-meš",
"cf": "duh",
"gw": "loosen",
"sense": "release",
"norm0": "V.n:duh;e.*a,meš",
"pos": "V/t",
"epos": "V/t",
"base": "duh",
"morph": "V.n:~;e.*a,meš"}
}
,
{
"node": "d",
"type": "field-end",
"subtype": "wp"}
,
{
"node": "d",
"type": "cell-end"}
,
{
"node": "d",
"type": "cell-start"}
,
{
"node": "d",
"type": "field-start",
"subtype": "eq"}
,
{
"node": "l",
"frag": "⸢i-paṭ-ṭa-ru⸣",
"id": "P451230.l4ee60",
"ref": "P451230.17.2",
"inst": "ipaṭṭarū[release]V",
"sig": "@dcclt%akk:i-paṭ-ṭa-ru=paṭāru[loosen//release]V'V$ipaṭṭarū",
"f": {"lang": "akk",
"form": "i-paṭ-ṭa-ru",
"cf": "paṭāru",
"gw": "loosen",
"sense": "release",
"norm": "ipaṭṭarū",
"pos": "V",
"epos": "V"}
}
,
{
"node": "d",
"type": "field-end",
"subtype": "eq"}
,
{
"node": "d",
"type": "cell-end"}
,
{
"node": "d",
"type": "nonx",
"ref": "P451230.18",
"strict": "1",
"extent": "1",
"scope": "line",
"state": "ruling"}
,
{
"node": "d",
"type": "line-start",
"ref": "P451230.19",
"n": "6'",
"label": "o ii' 6'"}
,
{
"node": "d",
"type": "cell-start"}
,
{
"node": "d",
"type": "field-start",
"subtype": "wp"}
,
{
"node": "l",
"frag": "[ba]-⸢ab⸣-duh",
"id": "P451230.l4ee61",
"ref": "P451230.19.1",
"inst": "duh[to loosen, release]V/t/duh#ba.b:~",
"sig": "@dcclt%sux:ba-ab-duh=duh[loosen//release]V/t'V/t$ba.b:duh/duh#ba.b:~",
"f": {"lang": "sux",
"form": "ba-ab-duh",
"cf": "duh",
"gw": "loosen",
"sense": "release",
"norm0": "ba.b:duh",
"pos": "V/t",
"epos": "V/t",
"base": "duh",
"morph": "ba.b:~"}
}
,
{
"node": "d",
"type": "field-end",
"subtype": "wp"}
,
{
"node": "d",
"type": "cell-end"}
,
{
"node": "d",
"type": "cell-start"}
,
{
"node": "d",
"type": "field-start",
"subtype": "eq"}
,
{
"node": "l",
"frag": "⸢ip⸣-ṭur",
"id": "P451230.l4ee62",
"ref": "P451230.19.2",
"inst": "ipṭur[release]V",
"sig": "@dcclt%akk:ip-ṭur=paṭāru[loosen//release]V'V$ipṭur",
"f": {"lang": "akk",
"form": "ip-ṭur",
"cf": "paṭāru",
"gw": "loosen",
"sense": "release",
"norm": "ipṭur",
"pos": "V",
"epos": "V"}
}
,
{
"node": "d",
"type": "field-end",
"subtype": "eq"}
,
{
"node": "d",
"type": "cell-end"}
,
{
"node": "d",
"type": "line-start",
"ref": "P451230.20",
"n": "7'",
"label": "o ii' 7'"}
,
{
"node": "d",
"type": "cell-start"}
,
{
"node": "d",
"type": "field-start",
"subtype": "wp"}
,
{
"node": "l",
"frag": "⸢ba-ab-duh-e⸣",
"id": "P451230.l4ee63",
"ref": "P451230.20.1",
"inst": "duh[to loosen, release]V/t/duh#ba.b:~;e",
"sig": "@dcclt%sux:ba-ab-duh-e=duh[loosen//release]V/t'V/t$ba.b:duh;e/duh#ba.b:~;e",
"f": {"lang": "sux",
"form": "ba-ab-duh-e",
"cf": "duh",
"gw": "loosen",
"sense": "release",
"norm0": "ba.b:duh;e",
"pos": "V/t",
"epos": "V/t",
"base": "duh",
"morph": "ba.b:~;e"}
}
,
{
"node": "d",
"type": "field-end",
"subtype": "wp"}
,
{
"node": "d",
"type": "cell-end"}
,
{
"node": "d",
"type": "cell-start"}
,
{
"node": "d",
"type": "field-start",
"subtype": "eq"}
,
{
"node": "l",
"frag": "⸢i-paṭ-ṭar⸣",
"id": "P451230.l4ee64",
"ref": "P451230.20.2",
"inst": "ipaṭṭar[release]V",
"sig": "@dcclt%akk:i-paṭ-ṭar=paṭāru[loosen//release]V'V$ipaṭṭar",
"f": {"lang": "akk",
"form": "i-paṭ-ṭar",
"cf": "paṭāru",
"gw": "loosen",
"sense": "release",
"norm": "ipaṭṭar",
"pos": "V",
"epos": "V"}
}
,
{
"node": "d",
"type": "field-end",
"subtype": "eq"}
,
{
"node": "d",
"type": "cell-end"}
,
{
"node": "d",
"type": "line-start",
"ref": "P451230.21",
"n": "8'",
"label": "o ii' 8'"}
,
{
"node": "d",
"type": "cell-start"}
,
{
"node": "d",
"type": "field-start",
"subtype": "wp"}
,
{
"node": "l",
"frag": "⸢ba-ab-duh-e⸣-[meš]",
"id": "P451230.l4ee65",
"ref": "P451230.21.1",
"inst": "duh[to loosen, release]V/t/duh#ba.b:~;e.meš",
"sig": "@dcclt%sux:ba-ab-duh-e-meš=duh[loosen//release]V/t'V/t$ba.b:duh;e.meš/duh#ba.b:~;e.meš",
"f": {"lang": "sux",
"form": "ba-ab-duh-e-meš",
"cf": "duh",
"gw": "loosen",
"sense": "release",
"norm0": "ba.b:duh;e.meš",
"pos": "V/t",
"epos": "V/t",
"base": "duh",
"morph": "ba.b:~;e.meš"}
}
,
{
"node": "d",
"type": "field-end",
"subtype": "wp"}
,
{
"node": "d",
"type": "cell-end"}
,
{
"node": "d",
"type": "cell-start"}
,
{
"node": "d",
"type": "field-start",
"subtype": "eq"}
,
{
"node": "l",
"frag": "[...]",
"id": "P451230.l4ee66",
"ref": "P451230.21.2",
"inst": "u",
"f": {"lang": "akk",
"form": "x",
"pos": "u"}
}
,
{
"node": "d",
"type": "field-end",
"subtype": "eq"}
,
{
"node": "d",
"type": "cell-end"}
,
{
"node": "d",
"type": "line-start",
"ref": "P451230.22",
"n": "9'",
"label": "o ii' 9'"}
,
{
"node": "d",
"type": "cell-start"}
,
{
"node": "d",
"type": "field-start",
"subtype": "wp"}
,
{
"node": "l",
"frag": "nu-⸢ba-ab⸣-duh",
"id": "P451230.l4ee67",
"ref": "P451230.22.1",
"inst": "duh[to loosen, release]V/t",
"sig": "@dcclt%sux:nu-ba-ab-duh=duh[loosen//release]V/t'V/t$nu.ba.b:duh/duh#nu.ba.b:~",
"f": {"lang": "sux",
"form": "nu-ba-ab-duh",
"cf": "duh",
"gw": "loosen",
"sense": "release",
"norm0": "nu.ba.b:duh",
"pos": "V/t",
"epos": "V/t",
"base": "duh",
"morph": "nu.ba.b:~"}
}
,
{
"node": "d",
"type": "field-end",
"subtype": "wp"}
,
{
"node": "d",
"type": "cell-end"}
,
{
"node": "d",
"type": "cell-start"}
,
{
"node": "d",
"type": "field-start",
"subtype": "eq"}
,
{
"node": "l",
"frag": "[...]",
"id": "P451230.l4ee68",
"ref": "P451230.22.2",
"inst": "u",
"f": {"lang": "akk",
"form": "x",
"pos": "u"}
}
,
{
"node": "d",
"type": "field-end",
"subtype": "eq"}
,
{
"node": "d",
"type": "cell-end"}
,
{
"node": "d",
"type": "line-start",
"ref": "P451230.23",
"n": "10'",
"label": "o ii' 10'"}
,
{
"node": "d",
"type": "cell-start"}
,
{
"node": "d",
"type": "field-start",
"subtype": "wp"}
,
{
"node": "l",
"frag": "apin",
"id": "P451230.l4ee69",
"ref": "P451230.23.1",
"inst": "apin[(seed) plow]N",
"sig": "@dcclt%sux:apin=apin[plow//(seed) plow]N'N$apin/apin#~",
"f": {"lang": "sux",
"form": "apin",
"cf": "apin",
"gw": "plow",
"sense": "(seed) plow",
"norm0": "apin",
"pos": "N",
"epos": "N",
"base": "apin",
"morph": "~"}
}
,
{
"node": "l",
"frag": "duh-a",
"id": "P451230.l4ee6a",
"ref": "P451230.23.2",
"inst": "duh[to loosen, release]V/t",
"sig": "@dcclt%sux:duh-a=duh[loosen//release]V/t'V/t$duh;a/duh#~;a",
"f": {"lang": "sux",
"form": "duh-a",
"cf": "duh",
"gw": "loosen",
"sense": "release",
"norm0": "duh;a",
"pos": "V/t",
"epos": "V/t",
"base": "duh",
"morph": "~;a"}
}
,
{
"node": "d",
"type": "field-end",
"subtype": "wp"}
,
{
"node": "d",
"type": "cell-end"}
,
{
"node": "d",
"type": "cell-start"}
,
{
"node": "d",
"type": "field-start",
"subtype": "eq"}
,
{
"node": "l",
"frag": "[...]",
"id": "P451230.l4ee6b",
"ref": "P451230.23.3",
"inst": "u",
"f": {"lang": "akk",
"form": "x",
"pos": "u"}
}
,
{
"node": "d",
"type": "field-end",
"subtype": "eq"}
,
{
"node": "d",
"type": "cell-end"}
,
{
"node": "d",
"type": "line-start",
"ref": "P451230.24",
"n": "11'",
"label": "o ii' 11'"}
,
{
"node": "d",
"type": "cell-start"}
,
{
"node": "d",
"type": "field-start",
"subtype": "wp"}
,
{
"node": "l",
"frag": "numun",
"id": "P451230.l4ee6c",
"ref": "P451230.24.1",
"inst": "numun[seed]N",
"sig": "@dcclt%sux:numun=numun[seed//seed]N'N$numun/numun#~",
"f": {"lang": "sux",
"form": "numun",
"cf": "numun",
"gw": "seed",
"sense": "seed",
"norm0": "numun",
"pos": "N",
"epos": "N",
"base": "numun",
"morph": "~"}
}
,
{
"node": "d",
"type": "field-end",
"subtype": "wp"}
,
{
"node": "d",
"type": "cell-end"}
,
{
"node": "d",
"type": "cell-start"}
,
{
"node": "d",
"type": "field-start",
"subtype": "eq"}
,
{
"node": "l",
"frag": "[...]",
"id": "P451230.l4ee6d",
"ref": "P451230.24.2",
"inst": "u",
"f": {"lang": "akk",
"form": "x",
"pos": "u"}
}
,
{
"node": "d",
"type": "field-end",
"subtype": "eq"}
,
{
"node": "d",
"type": "cell-end"}
,
{
"node": "d",
"type": "line-start",
"ref": "P451230.25",
"n": "12'",
"label": "o ii' 12'"}
,
{
"node": "d",
"type": "cell-start"}
,
{
"node": "d",
"type": "field-start",
"subtype": "wp"}
,
{
"node": "l",
"frag": "⸢numun⸣",
"id": "P451230.l4ee6e",
"ref": "P451230.25.1",
"inst": "numun[seed]N",
"sig": "@dcclt%sux:numun=numun[seed//seed]N'N$numun/numun#~",
"f": {"lang": "sux",
"form": "numun",
"cf": "numun",
"gw": "seed",
"sense": "seed",
"norm0": "numun",
"pos": "N",
"epos": "N",
"base": "numun",
"morph": "~"}
}
,
{
"node": "d",
"type": "field-end",
"subtype": "wp"}
,
{
"node": "d",
"type": "cell-end"}
,
{
"node": "d",
"type": "cell-start"}
,
{
"node": "d",
"type": "field-start",
"subtype": "eq"}
,
{
"node": "l",
"frag": "[...]",
"id": "P451230.l4ee6f",
"ref": "P451230.25.2",
"inst": "u",
"f": {"lang": "akk",
"form": "x",
"pos": "u"}
}
,
{
"node": "d",
"type": "field-end",
"subtype": "eq"}
,
{
"node": "d",
"type": "cell-end"}
,
{
"node": "d",
"type": "line-start",
"ref": "P451230.26",
"n": "13'",
"label": "o ii' 13'"}
,
{
"node": "d",
"type": "cell-start"}
,
{
"node": "d",
"type": "field-start",
"subtype": "wp"}
,
{
"node": "d",
"type": "nonw",
"ref": ""}
,
{
"node": "l",
"frag": "[x]",
"id": "P451230.l4ee70",
"ref": "P451230.26.1",
"inst": "u",
"f": {"lang": "sux",
"form": "x",
"pos": "u"}
}
,
{
"node": "d",
"type": "field-end",
"subtype": "wp"}
,
{
"node": "d",
"type": "cell-end"}
,
{
"node": "d",
"type": "cell-start"}
,
{
"node": "d",
"type": "field-start",
"subtype": "eq"}
,
{
"node": "l",
"frag": "[...]",
"id": "P451230.l4ee71",
"ref": "P451230.26.2",
"inst": "u",
"f": {"lang": "akk",
"form": "x",
"pos": "u"}
}
,
{
"node": "d",
"type": "field-end",
"subtype": "eq"}
,
{
"node": "d",
"type": "cell-end"}
,
{
"node": "d",
"type": "line-start",
"ref": "P451230.27",
"n": "14'",
"label": "o ii' 14'"}
,
{
"node": "d",
"type": "cell-start"}
,
{
"node": "d",
"type": "field-start",
"subtype": "wp"}
,
{
"node": "d",
"type": "nonw",
"ref": ""}
,
{
"node": "l",
"frag": "[x]",
"id": "P451230.l4ee72",
"ref": "P451230.27.1",
"inst": "u",
"f": {"lang": "sux",
"form": "x",
"pos": "u"}
}
,
{
"node": "d",
"type": "field-end",
"subtype": "wp"}
,
{
"node": "d",
"type": "cell-end"}
,
{
"node": "d",
"type": "cell-start"}
,
{
"node": "d",
"type": "field-start",
"subtype": "eq"}
,
{
"node": "l",
"frag": "[...]",
"id": "P451230.l4ee73",
"ref": "P451230.27.2",
"inst": "u",
"f": {"lang": "akk",
"form": "x",
"pos": "u"}
}
,
{
"node": "d",
"type": "field-end",
"subtype": "eq"}
,
{
"node": "d",
"type": "cell-end"}
,
{
"node": "d",
"type": "line-start",
"ref": "P451230.28",
"n": "15'",
"label": "o ii' 15'"}
,
{
"node": "d",
"type": "cell-start"}
,
{
"node": "d",
"type": "field-start",
"subtype": "wp"}
,
{
"node": "d",
"type": "nonw",
"ref": ""}
,
{
"node": "l",
"frag": "[x]",
"id": "P451230.l4ee74",
"ref": "P451230.28.1",
"inst": "u",
"f": {"lang": "sux",
"form": "x",
"pos": "u"}
}
,
{
"node": "d",
"type": "field-end",
"subtype": "wp"}
,
{
"node": "d",
"type": "cell-end"}
,
{
"node": "d",
"type": "cell-start"}
,
{
"node": "d",
"type": "field-start",
"subtype": "eq"}
,
{
"node": "l",
"frag": "[...]",
"id": "P451230.l4ee75",
"ref": "P451230.28.2",
"inst": "u",
"f": {"lang": "akk",
"form": "x",
"pos": "u"}
}
,
{
"node": "d",
"type": "field-end",
"subtype": "eq"}
,
{
"node": "d",
"type": "cell-end"}
,
{
"node": "d",
"type": "nonx",
"ref": "P451230.29",
"strict": "1",
"extent": "rest",
"scope": "line",
"state": "missing"}
,
{
"node": "d",
"subtype": "reverse",
"type": "surface",
"ref": "P451230.r.30",
"type": "reverse",
"label": "r"}
,
{
"node": "d",
"type": "nonx",
"ref": "P451230.31",
"strict": "1",
"extent": "n",
"scope": "line",
"state": "missing"}
]}
]}
]}
]}
