{
"type": "cdl",
  "source": "http://oracc.org/dcclt",
  "license": "This data is released under the CC0 license",
  "license-url": "https://creativecommons.org/publicdomain/zero/1.0/",
  "more-info": "http://oracc.org/doc/opendata/",
  "UTC-timestamp": "2017-05-19T18:28:35",
"project": "dcclt",
"textid": "P451086",
"cdl": [
{
"node": "c",
"type": "text",
"id": "P451086.U0",
"cdl": [
{
"node": "d",
"subtype": "tablet",
"type": "object",
"ref": "P451086.x1914.1",
"type": "tablet",
"label": "x1914"}
,
{
"node": "d",
"subtype": "obverse",
"type": "surface",
"ref": "P451086.o.2",
"type": "obverse",
"label": "o"}
,
{
"node": "d",
"subtype": "column 1o",
"type": "column",
"ref": "P451086.o.i.3",
"n": "1",
"label": "o i"}
,
{
"node": "d",
"type": "nonx",
"ref": "P451086.4",
"strict": "1",
"extent": "1",
"scope": "line",
"state": "missing"}
,
{
"node": "c",
"type": "discourse",
"subtype": "body",
"id": "P451086.U1",
"cdl": [
{
"node": "c",
"type": "sentence",
"id": "P451086.U2",
"label": "o i 2 - o ii' 13'",
"cdl": [
{
"node": "d",
"type": "line-start",
"ref": "P451086.5",
"n": "2",
"label": "o i 2"}
,
{
"node": "d",
"type": "cell-start"}
,
{
"node": "d",
"type": "field-start",
"subtype": "wp"}
,
{
"node": "l",
"frag": "⸢eš-še-de₂⸣-[a]",
"id": "P451086.l4dca9",
"ref": "P451086.5.1",
"inst": "ešdea[loan]N",
"sig": "@dcclt%sux:eš-še-de₂-a=ešdea[loan//loan]N'N$ešdea/eš-še-de₂-a#~",
"f": {"lang": "sux",
"form": "eš-še-de₂-a",
"cf": "ešdea",
"gw": "loan",
"sense": "loan",
"norm0": "ešdea",
"pos": "N",
"epos": "N",
"base": "eš-še-de₂-a",
"morph": "~"}
}
,
{
"node": "d",
"type": "field-end",
"subtype": "wp"}
,
{
"node": "d",
"type": "cell-end"}
,
{
"node": "d",
"type": "cell-start"}
,
{
"node": "d",
"type": "field-start",
"subtype": "eq"}
,
{
"node": "l",
"frag": "[...]",
"id": "P451086.l4dcaa",
"ref": "P451086.5.2",
"inst": "u",
"f": {"lang": "akk",
"form": "x",
"pos": "u"}
}
,
{
"node": "d",
"type": "field-end",
"subtype": "eq"}
,
{
"node": "d",
"type": "cell-end"}
,
{
"node": "d",
"type": "line-start",
"ref": "P451086.6",
"n": "3",
"label": "o i 3"}
,
{
"node": "d",
"type": "cell-start"}
,
{
"node": "d",
"type": "field-start",
"subtype": "wp"}
,
{
"node": "l",
"frag": "šu-[la₂]",
"id": "P451086.l4dcab",
"ref": "P451086.6.1",
"inst": "šulaʾa[consignment]N",
"sig": "@dcclt%sux:šu-la₂=šulaʾa[consignment//a type of consignment]N'N$šulaʾa/šu-la₂#~",
"f": {"lang": "sux",
"form": "šu-la₂",
"cf": "šulaʾa",
"gw": "consignment",
"sense": "a type of consignment",
"norm0": "šulaʾa",
"pos": "N",
"epos": "N",
"base": "šu-la₂",
"morph": "~"}
}
,
{
"node": "d",
"type": "field-end",
"subtype": "wp"}
,
{
"node": "d",
"type": "cell-end"}
,
{
"node": "d",
"type": "cell-start"}
,
{
"node": "d",
"type": "field-start",
"subtype": "eq"}
,
{
"node": "l",
"frag": "[...]",
"id": "P451086.l4dcac",
"ref": "P451086.6.2",
"inst": "u",
"f": {"lang": "akk",
"form": "x",
"pos": "u"}
}
,
{
"node": "d",
"type": "field-end",
"subtype": "eq"}
,
{
"node": "d",
"type": "cell-end"}
,
{
"node": "d",
"type": "line-start",
"ref": "P451086.7",
"n": "4",
"label": "o i 4"}
,
{
"node": "d",
"type": "cell-start"}
,
{
"node": "d",
"type": "field-start",
"subtype": "wp"}
,
{
"node": "l",
"frag": "še",
"id": "P451086.l4dcad",
"ref": "P451086.7.1",
"inst": "še[barley]N",
"sig": "@dcclt%sux:še=še[barley//barley]N'N$še/še#~",
"f": {"lang": "sux",
"form": "še",
"cf": "še",
"gw": "barley",
"sense": "barley",
"norm0": "še",
"pos": "N",
"epos": "N",
"base": "še",
"morph": "~"}
}
,
{
"node": "l",
"frag": "⸢bala⸣",
"id": "P451086.l4dcae",
"ref": "P451086.7.2",
"inst": "bala[turn]V/t",
"sig": "@dcclt%sux:bala=bala[turn//turn]V/t'V/t$bala/bala#~",
"f": {"lang": "sux",
"form": "bala",
"cf": "bala",
"gw": "turn",
"sense": "turn",
"norm0": "bala",
"pos": "V/t",
"epos": "V/t",
"base": "bala",
"morph": "~"}
}
,
{
"node": "d",
"type": "field-end",
"subtype": "wp"}
,
{
"node": "d",
"type": "cell-end"}
,
{
"node": "d",
"type": "cell-start"}
,
{
"node": "d",
"type": "field-start",
"subtype": "eq"}
,
{
"node": "l",
"frag": "[...]",
"id": "P451086.l4dcaf",
"ref": "P451086.7.3",
"inst": "u",
"f": {"lang": "akk",
"form": "x",
"pos": "u"}
}
,
{
"node": "d",
"type": "field-end",
"subtype": "eq"}
,
{
"node": "d",
"type": "cell-end"}
,
{
"node": "d",
"type": "line-start",
"ref": "P451086.8",
"n": "5",
"label": "o i 5"}
,
{
"node": "d",
"type": "cell-start"}
,
{
"node": "d",
"type": "field-start",
"subtype": "wp"}
,
{
"node": "l",
"frag": "niŋ₂-[ba]",
"id": "P451086.l4dcb0",
"ref": "P451086.8.1",
"inst": "niŋba[gift]N",
"sig": "@dcclt%sux:niŋ₂-ba=niŋba[gift//gift]N'N$niŋba/niŋ₂-ba#~",
"f": {"lang": "sux",
"form": "niŋ₂-ba",
"cf": "niŋba",
"gw": "gift",
"sense": "gift",
"norm0": "niŋba",
"pos": "N",
"epos": "N",
"base": "niŋ₂-ba",
"morph": "~"}
}
,
{
"node": "d",
"type": "field-end",
"subtype": "wp"}
,
{
"node": "d",
"type": "cell-end"}
,
{
"node": "d",
"type": "cell-start"}
,
{
"node": "d",
"type": "field-start",
"subtype": "eq"}
,
{
"node": "l",
"frag": "[...]",
"id": "P451086.l4dcb1",
"ref": "P451086.8.2",
"inst": "u",
"f": {"lang": "akk",
"form": "x",
"pos": "u"}
}
,
{
"node": "d",
"type": "field-end",
"subtype": "eq"}
,
{
"node": "d",
"type": "cell-end"}
,
{
"node": "d",
"type": "line-start",
"ref": "P451086.9",
"n": "6",
"label": "o i 6"}
,
{
"node": "d",
"type": "cell-start"}
,
{
"node": "d",
"type": "field-start",
"subtype": "wp"}
,
{
"node": "l",
"frag": "in-na-⸢an⸣-[ba]",
"id": "P451086.l4dcb2",
"ref": "P451086.9.1",
"inst": "ba[to allot]V/t",
"sig": "@dcclt%sux:in-na-an-ba=ba[allot//to allot]V/t'V/t$V.na.n:ba/ba#V.na.n:~",
"f": {"lang": "sux",
"form": "in-na-an-ba",
"cf": "ba",
"gw": "allot",
"sense": "to allot",
"norm0": "V.na.n:ba",
"pos": "V/t",
"epos": "V/t",
"base": "ba",
"morph": "V.na.n:~"}
}
,
{
"node": "d",
"type": "field-end",
"subtype": "wp"}
,
{
"node": "d",
"type": "cell-end"}
,
{
"node": "d",
"type": "cell-start"}
,
{
"node": "d",
"type": "field-start",
"subtype": "eq"}
,
{
"node": "l",
"frag": "[...]",
"id": "P451086.l4dcb3",
"ref": "P451086.9.2",
"inst": "u",
"f": {"lang": "akk",
"form": "x",
"pos": "u"}
}
,
{
"node": "d",
"type": "field-end",
"subtype": "eq"}
,
{
"node": "d",
"type": "cell-end"}
,
{
"node": "d",
"type": "line-start",
"ref": "P451086.10",
"n": "7",
"label": "o i 7"}
,
{
"node": "d",
"type": "cell-start"}
,
{
"node": "d",
"type": "field-start",
"subtype": "wp"}
,
{
"node": "c",
"type": "phrase",
"tag": "phr",
"id": "P451086.U4",
"ref": "P451086.ls00000",
"cdl": [
{
"node": "l",
"frag": "a",
"id": "P451086.l4dcb4",
"ref": "P451086.10.1",
"inst": "a[water]N",
"sig": "@dcclt%sux:a=a[water//water]N'N$a/a#~",
"f": {"lang": "sux",
"form": "a",
"cf": "a",
"gw": "water",
"sense": "water",
"norm0": "a",
"pos": "N",
"epos": "N",
"base": "a",
"morph": "~"}
}
,
{
"node": "l",
"frag": "mu-un-⸢na⸣-[ru]",
"id": "P451086.l4dcb5",
"ref": "P451086.10.2",
"inst": "ru[(compound verb verbal element)]V/t",
"sig": "@dcclt%sux:mu-un-na-ru=ru[cvve//(compound verb verbal element)]V/t'V/t$ru/mu-un-na-ru#~",
"f": {"lang": "sux",
"form": "mu-un-na-ru",
"cf": "ru",
"gw": "cvve",
"sense": "(compound verb verbal element)",
"norm0": "ru",
"pos": "V/t",
"epos": "V/t",
"base": "mu-un-na-ru",
"morph": "~"}
}
]}
,
{
"node": "d",
"type": "field-end",
"subtype": "wp"}
,
{
"node": "d",
"type": "cell-end"}
,
{
"node": "d",
"type": "cell-start"}
,
{
"node": "d",
"type": "field-start",
"subtype": "eq"}
,
{
"node": "l",
"frag": "[...]",
"id": "P451086.l4dcb6",
"ref": "P451086.10.3",
"inst": "u",
"f": {"lang": "akk",
"form": "x",
"pos": "u"}
}
,
{
"node": "d",
"type": "field-end",
"subtype": "eq"}
,
{
"node": "d",
"type": "cell-end"}
,
{
"node": "d",
"type": "line-start",
"ref": "P451086.11",
"n": "8",
"label": "o i 8"}
,
{
"node": "d",
"type": "cell-start"}
,
{
"node": "d",
"type": "field-start",
"subtype": "wp"}
,
{
"node": "l",
"frag": "ba-[du₃]",
"id": "P451086.l4dcb7",
"ref": "P451086.11.1",
"inst": "du[to build, make]V/t",
"sig": "@dcclt%sux:ba-du₃=du[build//to build, make]V/t'V/t$ba:du/du₃#ba:~",
"f": {"lang": "sux",
"form": "ba-du₃",
"cf": "du",
"gw": "build",
"sense": "to build, make",
"norm0": "ba:du",
"pos": "V/t",
"epos": "V/t",
"base": "du₃",
"morph": "ba:~"}
}
,
{
"node": "d",
"type": "field-end",
"subtype": "wp"}
,
{
"node": "d",
"type": "cell-end"}
,
{
"node": "d",
"type": "cell-start"}
,
{
"node": "d",
"type": "field-start",
"subtype": "eq"}
,
{
"node": "l",
"frag": "[...]",
"id": "P451086.l4dcb8",
"ref": "P451086.11.2",
"inst": "u",
"f": {"lang": "akk",
"form": "x",
"pos": "u"}
}
,
{
"node": "d",
"type": "field-end",
"subtype": "eq"}
,
{
"node": "d",
"type": "cell-end"}
,
{
"node": "d",
"type": "line-start",
"ref": "P451086.12",
"n": "9",
"label": "o i 9"}
,
{
"node": "d",
"type": "cell-start"}
,
{
"node": "d",
"type": "field-start",
"subtype": "wp"}
,
{
"node": "l",
"frag": "ba-⸢bal⸣",
"id": "P451086.l4dcb9",
"ref": "P451086.12.1",
"inst": "bal[dig]V/t",
"sig": "@dcclt%sux:ba-bal=bal[dig//dig]V/t'V/t$ba:bal/bal#ba:~",
"f": {"lang": "sux",
"form": "ba-bal",
"cf": "bal",
"gw": "dig",
"sense": "dig",
"norm0": "ba:bal",
"pos": "V/t",
"epos": "V/t",
"base": "bal",
"morph": "ba:~"}
}
,
{
"node": "d",
"type": "field-end",
"subtype": "wp"}
,
{
"node": "d",
"type": "cell-end"}
,
{
"node": "d",
"type": "cell-start"}
,
{
"node": "d",
"type": "field-start",
"subtype": "eq"}
,
{
"node": "l",
"frag": "[...]",
"id": "P451086.l4dcba",
"ref": "P451086.12.2",
"inst": "u",
"f": {"lang": "akk",
"form": "x",
"pos": "u"}
}
,
{
"node": "d",
"type": "field-end",
"subtype": "eq"}
,
{
"node": "d",
"type": "cell-end"}
,
{
"node": "d",
"type": "line-start",
"ref": "P451086.13",
"n": "10",
"label": "o i 10"}
,
{
"node": "d",
"type": "cell-start"}
,
{
"node": "d",
"type": "field-start",
"subtype": "wp"}
,
{
"node": "l",
"frag": "ba-[zal]",
"id": "P451086.l4dcbb",
"ref": "P451086.13.1",
"inst": "zal[pass]V/t/zal#ba:~",
"sig": "@dcclt%sux:ba-zal=zal[pass//pass]V/t'V/t$ba:zal/zal#ba:~",
"f": {"lang": "sux",
"form": "ba-zal",
"cf": "zal",
"gw": "pass",
"sense": "pass",
"norm0": "ba:zal",
"pos": "V/t",
"epos": "V/t",
"base": "zal",
"morph": "ba:~"}
}
,
{
"node": "d",
"type": "field-end",
"subtype": "wp"}
,
{
"node": "d",
"type": "cell-end"}
,
{
"node": "d",
"type": "cell-start"}
,
{
"node": "d",
"type": "field-start",
"subtype": "eq"}
,
{
"node": "l",
"frag": "⸢is⸣-[suh]",
"id": "P451086.l4dcbc",
"ref": "P451086.13.2",
"inst": "issuh[pass (of time)]V",
"sig": "@dcclt%akk:is-suh=nasāhu[tear out//pass (of time)]V'V$issuh",
"f": {"lang": "akk",
"form": "is-suh",
"cf": "nasāhu",
"gw": "tear out",
"sense": "pass (of time)",
"norm": "issuh",
"pos": "V",
"epos": "V"}
}
,
{
"node": "d",
"type": "field-end",
"subtype": "eq"}
,
{
"node": "d",
"type": "cell-end"}
,
{
"node": "d",
"type": "line-start",
"ref": "P451086.14",
"n": "11",
"label": "o i 11"}
,
{
"node": "d",
"type": "cell-start"}
,
{
"node": "d",
"type": "field-start",
"subtype": "wp"}
,
{
"node": "l",
"frag": "⸢mu⸣-un-na-⸢dim₂⸣",
"id": "P451086.l4dcbd",
"ref": "P451086.14.1",
"inst": "dim[create]V/t",
"sig": "@dcclt%sux:mu-un-na-dim₂=dim[create//create]V/t'V/t$mu.na:dim/dim₂#mu.na:~",
"f": {"lang": "sux",
"form": "mu-un-na-dim₂",
"cf": "dim",
"gw": "create",
"sense": "create",
"norm0": "mu.na:dim",
"pos": "V/t",
"epos": "V/t",
"base": "dim₂",
"morph": "mu.na:~"}
}
,
{
"node": "d",
"type": "field-end",
"subtype": "wp"}
,
{
"node": "d",
"type": "cell-end"}
,
{
"node": "d",
"type": "cell-start"}
,
{
"node": "d",
"type": "field-start",
"subtype": "eq"}
,
{
"node": "l",
"frag": "⸢u₂⸣-še-piš",
"id": "P451086.l4dcbe",
"ref": "P451086.14.2",
"inst": "ušēpiš[have (something) manufactured]V",
"sig": "@dcclt%akk:u₂-še-piš=epēšu[do//have (something) manufactured]V'V$ušēpiš",
"f": {"lang": "akk",
"form": "u₂-še-piš",
"cf": "epēšu",
"gw": "do",
"sense": "have (something) manufactured",
"norm": "ušēpiš",
"pos": "V",
"epos": "V"}
}
,
{
"node": "d",
"type": "field-end",
"subtype": "eq"}
,
{
"node": "d",
"type": "cell-end"}
,
{
"node": "d",
"type": "line-start",
"ref": "P451086.15",
"n": "12",
"label": "o i 12"}
,
{
"node": "d",
"type": "cell-start"}
,
{
"node": "d",
"type": "field-start",
"subtype": "wp"}
,
{
"node": "l",
"frag": "šu",
"id": "P451086.l4dcbf",
"ref": "P451086.15.1",
"inst": "šu[hand]N",
"sig": "@dcclt%sux:šu=šu[hand//hand]N'N$šu/šu#~",
"f": {"lang": "sux",
"form": "šu",
"cf": "šu",
"gw": "hand",
"sense": "hand",
"norm0": "šu",
"pos": "N",
"epos": "N",
"base": "šu",
"morph": "~"}
}
,
{
"node": "d",
"type": "field-end",
"subtype": "wp"}
,
{
"node": "d",
"type": "cell-end"}
,
{
"node": "d",
"type": "cell-start"}
,
{
"node": "d",
"type": "field-start",
"subtype": "eq"}
,
{
"node": "l",
"frag": "gi-mil-lu",
"id": "P451086.l4dcc0",
"ref": "P451086.15.2",
"inst": "gimillu[favour]N",
"sig": "@dcclt%akk:gi-mil-lu=gimillu[requital//favour]N'N$gimillu",
"f": {"lang": "akk",
"form": "gi-mil-lu",
"cf": "gimillu",
"gw": "requital",
"sense": "favour",
"norm": "gimillu",
"pos": "N",
"epos": "N"}
}
,
{
"node": "d",
"type": "field-end",
"subtype": "eq"}
,
{
"node": "d",
"type": "cell-end"}
,
{
"node": "d",
"type": "line-start",
"ref": "P451086.16",
"n": "13",
"label": "o i 13"}
,
{
"node": "d",
"type": "cell-start"}
,
{
"node": "d",
"type": "field-start",
"subtype": "wp"}
,
{
"node": "c",
"type": "phrase",
"tag": "phr",
"id": "P451086.U5",
"ref": "P451086.ls00001",
"cdl": [
{
"node": "l",
"frag": "[šu]",
"id": "P451086.l4dcc1",
"ref": "P451086.16.1",
"inst": "šu[hand]N",
"sig": "@dcclt%sux:šu=šu[hand//hand]N'N$šu/šu#~",
"f": {"lang": "sux",
"form": "šu",
"cf": "šu",
"gw": "hand",
"sense": "hand",
"norm0": "šu",
"pos": "N",
"epos": "N",
"base": "šu",
"morph": "~"}
}
,
{
"node": "l",
"frag": "ŋar",
"id": "P451086.l4dcc2",
"ref": "P451086.16.2",
"inst": "ŋar[place]V/t",
"sig": "@dcclt%sux:ŋar=ŋar[place//place]V/t'V/t$ŋar/ŋar#~",
"f": {"lang": "sux",
"form": "ŋar",
"cf": "ŋar",
"gw": "place",
"sense": "place",
"norm0": "ŋar",
"pos": "V/t",
"epos": "V/t",
"base": "ŋar",
"morph": "~"}
}
]}
,
{
"node": "d",
"type": "field-end",
"subtype": "wp"}
,
{
"node": "d",
"type": "cell-end"}
,
{
"node": "d",
"type": "cell-start"}
,
{
"node": "d",
"type": "field-start",
"subtype": "eq"}
,
{
"node": "l",
"frag": "ga-ma-lu",
"id": "P451086.l4dcc3",
"ref": "P451086.16.3",
"inst": "gamālu[doing a favour]'N",
"sig": "@dcclt%akk:ga-ma-lu=gamālu[do a favour//doing a favour]V'N$gamālu",
"f": {"lang": "akk",
"form": "ga-ma-lu",
"cf": "gamālu",
"gw": "do a favour",
"sense": "doing a favour",
"norm": "gamālu",
"pos": "V",
"epos": "N"}
}
,
{
"node": "d",
"type": "field-end",
"subtype": "eq"}
,
{
"node": "d",
"type": "cell-end"}
,
{
"node": "d",
"type": "line-start",
"ref": "P451086.17",
"n": "14",
"label": "o i 14"}
,
{
"node": "d",
"type": "cell-start"}
,
{
"node": "d",
"type": "field-start",
"subtype": "wp"}
,
{
"node": "c",
"type": "phrase",
"tag": "phr",
"id": "P451086.U6",
"ref": "P451086.ls00002",
"cdl": [
{
"node": "l",
"frag": "[šu]",
"id": "P451086.l4dcc4",
"ref": "P451086.17.1",
"inst": "šu[hand]N",
"sig": "@dcclt%sux:šu=šu[hand//hand]N'N$šu/šu#~",
"f": {"lang": "sux",
"form": "šu",
"cf": "šu",
"gw": "hand",
"sense": "hand",
"norm0": "šu",
"pos": "N",
"epos": "N",
"base": "šu",
"morph": "~"}
}
,
{
"node": "l",
"frag": "⸢ŋar⸣-ra",
"id": "P451086.l4dcc5",
"ref": "P451086.17.2",
"inst": "ŋar[place]V/t",
"sig": "@dcclt%sux:ŋar-ra=ŋar[place//place]V/t'V/t$ŋar;a/ŋar+-ra=r.a#~;a",
"f": {"lang": "sux",
"form": "ŋar-ra",
"cf": "ŋar",
"gw": "place",
"sense": "place",
"norm0": "ŋar;a",
"pos": "V/t",
"epos": "V/t",
"base": "ŋar",
"cont": "-ra=r.a",
"morph": "~;a"}
}
]}
,
{
"node": "d",
"type": "field-end",
"subtype": "wp"}
,
{
"node": "d",
"type": "cell-end"}
,
{
"node": "d",
"type": "cell-start"}
,
{
"node": "d",
"type": "field-start",
"subtype": "eq"}
,
{
"node": "l",
"frag": "gi-mil-<lu>",
"id": "P451086.l4dcc6",
"ref": "P451086.17.3",
"inst": "gimillu[favour]N",
"sig": "@dcclt%akk:gi-mil-lu=gimillu[requital//favour]N'N$gimillu",
"f": {"lang": "akk",
"form": "gi-mil-lu",
"cf": "gimillu",
"gw": "requital",
"sense": "favour",
"norm": "gimillu",
"pos": "N",
"epos": "N"}
}
,
{
"node": "l",
"frag": "tur-⸢ru⸣",
"id": "P451086.l4dcc7",
"ref": "P451086.17.4",
"inst": "turru[returning]'N",
"sig": "@dcclt%akk:tur-ru=târu[turn//returning]V'N$turru",
"f": {"lang": "akk",
"form": "tur-ru",
"cf": "târu",
"gw": "turn",
"sense": "returning",
"norm": "turru",
"pos": "V",
"epos": "N"}
}
,
{
"node": "d",
"type": "field-end",
"subtype": "eq"}
,
{
"node": "d",
"type": "cell-end"}
,
{
"node": "d",
"type": "line-start",
"ref": "P451086.18",
"n": "15",
"label": "o i 15"}
,
{
"node": "d",
"type": "cell-start"}
,
{
"node": "d",
"type": "field-start",
"subtype": "wp"}
,
{
"node": "l",
"frag": "[šu-ŋar]-⸢ra⸣",
"id": "P451086.l4dcc8",
"ref": "P451086.18.1",
"inst": "šuŋar[favor]N",
"sig": "@dcclt%sux:šu-ŋar-ra=šuŋar[favor//favor]N'N$šuŋar;a/šu-ŋar+-ra=r.a#~;a",
"f": {"lang": "sux",
"form": "šu-ŋar-ra",
"cf": "šuŋar",
"gw": "favor",
"sense": "favor",
"norm0": "šuŋar;a",
"pos": "N",
"epos": "N",
"base": "šu-ŋar",
"cont": "-ra=r.a",
"morph": "~;a"}
}
,
{
"node": "l",
"frag": "ŋa₂",
"id": "P451086.l4dcc9",
"ref": "P451086.18.2",
"inst": "ŋar[place]V/t/ŋa₂#~",
"sig": "@dcclt%sux:ŋa₂=ŋar[place//place]V/t'V/t$ŋar/ŋa₂#~",
"f": {"lang": "sux",
"form": "ŋa₂",
"cf": "ŋar",
"gw": "place",
"sense": "place",
"norm0": "ŋar",
"pos": "V/t",
"epos": "V/t",
"base": "ŋa₂",
"morph": "~"}
}
,
{
"node": "d",
"type": "field-end",
"subtype": "wp"}
,
{
"node": "d",
"type": "cell-end"}
,
{
"node": "d",
"type": "cell-start"}
,
{
"node": "d",
"type": "field-start",
"subtype": "eq"}
,
{
"node": "d",
"type": "nonw",
"ref": "P451086.18.3",
"lang": "akk",
"type": "surro"}
,
{
"node": "l",
"id": "P451086.l4dcca",
"ref": "P451086.18.4",
"inst": "gimillu[favour]N",
"sig": "@dcclt%akk:gi-mil-lu=gimillu[requital//favour]N'N$gimillu",
"f": {"lang": "akk",
"form": "gi-mil-lu",
"cf": "gimillu",
"gw": "requital",
"sense": "favour",
"norm": "gimillu",
"pos": "N",
"epos": "N"}
}
,
{
"node": "l",
"frag": "ša₂-ka-nu",
"id": "P451086.l4dccb",
"ref": "P451086.18.5",
"inst": "šakānu[putting]'N",
"sig": "@dcclt%akk:ša₂-ka-nu=šakānu[put//putting]V'N$šakānu",
"f": {"lang": "akk",
"form": "ša₂-ka-nu",
"cf": "šakānu",
"gw": "put",
"sense": "putting",
"norm": "šakānu",
"pos": "V",
"epos": "N"}
}
,
{
"node": "d",
"type": "field-end",
"subtype": "eq"}
,
{
"node": "d",
"type": "cell-end"}
,
{
"node": "d",
"type": "line-start",
"ref": "P451086.19",
"n": "16",
"label": "o i 16"}
,
{
"node": "d",
"type": "cell-start"}
,
{
"node": "d",
"type": "field-start",
"subtype": "wp"}
,
{
"node": "l",
"frag": "[šu",
"id": "P451086.l4dccc",
"ref": "P451086.19.1",
"inst": "šu[hand]N",
"sig": "@dcclt%sux:šu=šu[hand//hand]N'N$šu/šu#~",
"f": {"lang": "sux",
"form": "šu",
"cf": "šu",
"gw": "hand",
"sense": "hand",
"norm0": "šu",
"pos": "N",
"epos": "N",
"base": "šu",
"morph": "~"}
}
,
{
"node": "l",
"frag": "dir]-⸢ra⸣",
"id": "P451086.l4dccd",
"ref": "P451086.19.2",
"inst": "dirig[excess]N",
"sig": "@dcclt%sux:dir-ra=dirig[excess//excess]N'N$dirig/dirig#~",
"f": {"lang": "sux",
"form": "dir-ra",
"cf": "dirig",
"gw": "excess",
"sense": "excess",
"norm0": "dirig",
"pos": "N",
"epos": "N",
"base": "dirig",
"morph": "~"}
}
,
{
"node": "d",
"type": "field-end",
"subtype": "wp"}
,
{
"node": "d",
"type": "cell-end"}
,
{
"node": "d",
"type": "cell-start"}
,
{
"node": "d",
"type": "field-start",
"subtype": "eq"}
,
{
"node": "l",
"frag": "u₂-⸢sa⸣-ti",
"id": "P451086.l4dcce",
"ref": "P451086.19.3",
"inst": "+usātu[help]N$usāti",
"sig": "@dcclt%akk:u₂-sa-ti=usātu[help//help]N'N$usāti",
"f": {"lang": "akk",
"form": "u₂-sa-ti",
"cf": "usātu",
"gw": "help",
"sense": "help",
"norm": "usāti",
"pos": "N",
"epos": "N"}
}
,
{
"node": "d",
"type": "field-end",
"subtype": "eq"}
,
{
"node": "d",
"type": "cell-end"}
,
{
"node": "d",
"type": "line-start",
"ref": "P451086.20",
"n": "17",
"label": "o i 17"}
,
{
"node": "d",
"type": "cell-start"}
,
{
"node": "d",
"type": "field-start",
"subtype": "wp"}
,
{
"node": "l",
"frag": "[...]",
"id": "P451086.l4dccf",
"ref": "P451086.20.1",
"inst": "u",
"f": {"lang": "sux",
"form": "x",
"pos": "u"}
}
,
{
"node": "d",
"type": "field-end",
"subtype": "wp"}
,
{
"node": "d",
"type": "cell-end"}
,
{
"node": "d",
"type": "cell-start"}
,
{
"node": "d",
"type": "field-start",
"subtype": "eq"}
,
{
"node": "d",
"type": "nonw",
"ref": "P451086.20.2",
"lang": "akk",
"type": "surro"}
,
{
"node": "l",
"id": "P451086.l4dcd0",
"ref": "P451086.20.3",
"inst": "usāti[help]N",
"sig": "@dcclt%akk:u₂-sa-ti=usātu[help//help]N'N$usāti",
"f": {"lang": "akk",
"form": "u₂-sa-ti",
"cf": "usātu",
"gw": "help",
"sense": "help",
"norm": "usāti",
"pos": "N",
"epos": "N"}
}
,
{
"node": "d",
"type": "field-end",
"subtype": "eq"}
,
{
"node": "d",
"type": "cell-end"}
,
{
"node": "d",
"type": "nonx",
"ref": "P451086.21",
"strict": "1",
"extent": "rest",
"scope": "line",
"state": "missing"}
,
{
"node": "d",
"subtype": "column 2o '",
"type": "column",
"ref": "P451086.o.ii_.22",
"n": "2",
"label": "o ii'"}
,
{
"node": "d",
"type": "nonx",
"ref": "P451086.23",
"strict": "1",
"extent": "beginning",
"scope": "line",
"state": "missing"}
,
{
"node": "d",
"type": "line-start",
"ref": "P451086.24",
"n": "1'",
"label": "o ii' 1'"}
,
{
"node": "d",
"type": "cell-start"}
,
{
"node": "d",
"type": "field-start",
"subtype": "wp"}
,
{
"node": "l",
"frag": "⸢šu⸣",
"id": "P451086.l4dcd1",
"ref": "P451086.24.1",
"inst": "šu[hand]N",
"sig": "@dcclt%sux:šu=šu[hand//hand]N'N$šu/šu#~",
"f": {"lang": "sux",
"form": "šu",
"cf": "šu",
"gw": "hand",
"sense": "hand",
"norm0": "šu",
"pos": "N",
"epos": "N",
"base": "šu",
"morph": "~"}
}
,
{
"node": "d",
"type": "field-end",
"subtype": "wp"}
,
{
"node": "d",
"type": "cell-end"}
,
{
"node": "d",
"type": "cell-start"}
,
{
"node": "d",
"type": "field-start",
"subtype": "eq"}
,
{
"node": "l",
"frag": "[...]",
"id": "P451086.l4dcd2",
"ref": "P451086.24.2",
"inst": "u",
"f": {"lang": "akk",
"form": "x",
"pos": "u"}
}
,
{
"node": "d",
"type": "field-end",
"subtype": "eq"}
,
{
"node": "d",
"type": "cell-end"}
,
{
"node": "d",
"type": "line-start",
"ref": "P451086.25",
"n": "2'",
"label": "o ii' 2'"}
,
{
"node": "d",
"type": "cell-start"}
,
{
"node": "d",
"type": "field-start",
"subtype": "wp"}
,
{
"node": "c",
"type": "phrase",
"tag": "phr",
"id": "P451086.U7",
"ref": "P451086.ls00003",
"cdl": [
{
"node": "l",
"frag": "[šu]",
"id": "P451086.l4dcd3",
"ref": "P451086.25.1",
"inst": "šu[hand]N",
"sig": "@dcclt%sux:šu=šu[hand//hand]N'N$šu/šu#~",
"f": {"lang": "sux",
"form": "šu",
"cf": "šu",
"gw": "hand",
"sense": "hand",
"norm0": "šu",
"pos": "N",
"epos": "N",
"base": "šu",
"morph": "~"}
}
,
{
"node": "l",
"frag": "⸢ŋar⸣",
"id": "P451086.l4dcd4",
"ref": "P451086.25.2",
"inst": "ŋar[place]V/t",
"sig": "@dcclt%sux:ŋar=ŋar[place//place]V/t'V/t$ŋar/ŋar#~",
"f": {"lang": "sux",
"form": "ŋar",
"cf": "ŋar",
"gw": "place",
"sense": "place",
"norm0": "ŋar",
"pos": "V/t",
"epos": "V/t",
"base": "ŋar",
"morph": "~"}
}
]}
,
{
"node": "d",
"type": "field-end",
"subtype": "wp"}
,
{
"node": "d",
"type": "cell-end"}
,
{
"node": "d",
"type": "cell-start"}
,
{
"node": "d",
"type": "field-start",
"subtype": "eq"}
,
{
"node": "l",
"frag": "⸢ga⸣-[ma-lu]",
"id": "P451086.l4dcd5",
"ref": "P451086.25.3",
"inst": "gamālu[doing a favour]'N",
"sig": "@dcclt%akk:ga-ma-lu=gamālu[do a favour//doing a favour]V'N$gamālu",
"f": {"lang": "akk",
"form": "ga-ma-lu",
"cf": "gamālu",
"gw": "do a favour",
"sense": "doing a favour",
"norm": "gamālu",
"pos": "V",
"epos": "N"}
}
,
{
"node": "d",
"type": "field-end",
"subtype": "eq"}
,
{
"node": "d",
"type": "cell-end"}
,
{
"node": "d",
"type": "line-start",
"ref": "P451086.26",
"n": "3'",
"label": "o ii' 3'"}
,
{
"node": "d",
"type": "cell-start"}
,
{
"node": "d",
"type": "field-start",
"subtype": "wp"}
,
{
"node": "c",
"type": "phrase",
"tag": "phr",
"id": "P451086.U8",
"ref": "P451086.ls00004",
"cdl": [
{
"node": "l",
"frag": "⸢šu",
"id": "P451086.l4dcd6",
"ref": "P451086.26.1",
"inst": "šu[hand]N",
"sig": "@dcclt%sux:šu=šu[hand//hand]N'N$šu/šu#~",
"f": {"lang": "sux",
"form": "šu",
"cf": "šu",
"gw": "hand",
"sense": "hand",
"norm0": "šu",
"pos": "N",
"epos": "N",
"base": "šu",
"morph": "~"}
}
,
{
"node": "l",
"frag": "ŋar⸣-ra",
"id": "P451086.l4dcd7",
"ref": "P451086.26.2",
"inst": "ŋar[place]V/t",
"sig": "@dcclt%sux:ŋar-ra=ŋar[place//place]V/t'V/t$ŋar;a/ŋar+-ra=r.a#~;a",
"f": {"lang": "sux",
"form": "ŋar-ra",
"cf": "ŋar",
"gw": "place",
"sense": "place",
"norm0": "ŋar;a",
"pos": "V/t",
"epos": "V/t",
"base": "ŋar",
"cont": "-ra=r.a",
"morph": "~;a"}
}
]}
,
{
"node": "d",
"type": "field-end",
"subtype": "wp"}
,
{
"node": "d",
"type": "cell-end"}
,
{
"node": "d",
"type": "cell-start"}
,
{
"node": "d",
"type": "field-start",
"subtype": "eq"}
,
{
"node": "l",
"frag": "gi-[mil-lu",
"id": "P451086.l4dcd8",
"ref": "P451086.26.3",
"inst": "gimillu[favour]N",
"sig": "@dcclt%akk:gi-mil-lu=gimillu[requital//favour]N'N$gimillu",
"f": {"lang": "akk",
"form": "gi-mil-lu",
"cf": "gimillu",
"gw": "requital",
"sense": "favour",
"norm": "gimillu",
"pos": "N",
"epos": "N"}
}
,
{
"node": "l",
"frag": "...]",
"id": "P451086.l4dcd9",
"ref": "P451086.26.4",
"inst": "u",
"f": {"lang": "akk",
"form": "x",
"pos": "u"}
}
,
{
"node": "d",
"type": "field-end",
"subtype": "eq"}
,
{
"node": "d",
"type": "cell-end"}
,
{
"node": "d",
"type": "line-start",
"ref": "P451086.27",
"n": "4'",
"label": "o ii' 4'"}
,
{
"node": "d",
"type": "cell-start"}
,
{
"node": "d",
"type": "field-start",
"subtype": "wp"}
,
{
"node": "l",
"frag": "⸢šu-ŋar-ra⸣",
"id": "P451086.l4dcda",
"ref": "P451086.27.1",
"inst": "šuŋar[favor]N",
"sig": "@dcclt%sux:šu-ŋar-ra=šuŋar[favor//favor]N'N$šuŋar;a/šu-ŋar+-ra=r.a#~;a",
"f": {"lang": "sux",
"form": "šu-ŋar-ra",
"cf": "šuŋar",
"gw": "favor",
"sense": "favor",
"norm0": "šuŋar;a",
"pos": "N",
"epos": "N",
"base": "šu-ŋar",
"cont": "-ra=r.a",
"morph": "~;a"}
}
,
{
"node": "l",
"frag": "ŋa₂",
"id": "P451086.l4dcdb",
"ref": "P451086.27.2",
"inst": "ŋar[place]V/t",
"sig": "@dcclt%sux:ŋa₂=ŋar[place//place]V/t'V/t$ŋar/ŋa₂#~",
"f": {"lang": "sux",
"form": "ŋa₂",
"cf": "ŋar",
"gw": "place",
"sense": "place",
"norm0": "ŋar",
"pos": "V/t",
"epos": "V/t",
"base": "ŋa₂",
"morph": "~"}
}
,
{
"node": "d",
"type": "field-end",
"subtype": "wp"}
,
{
"node": "d",
"type": "cell-end"}
,
{
"node": "d",
"type": "cell-start"}
,
{
"node": "d",
"type": "field-start",
"subtype": "eq"}
,
{
"node": "d",
"type": "nonw",
"ref": "P451086.27.3",
"lang": "akk",
"type": "surro"}
,
{
"node": "l",
"id": "P451086.l4dcdc",
"ref": "P451086.27.4",
"inst": "gimillu[favour]N",
"sig": "@dcclt%akk:gi-mil-lu=gimillu[requital//favour]N'N$gimillu",
"f": {"lang": "akk",
"form": "gi-mil-lu",
"cf": "gimillu",
"gw": "requital",
"sense": "favour",
"norm": "gimillu",
"pos": "N",
"epos": "N"}
}
,
{
"node": "l",
"frag": "ša₂-⸢ka⸣-[nu]",
"id": "P451086.l4dcdd",
"ref": "P451086.27.5",
"inst": "šakānu[putting]'N",
"sig": "@dcclt%akk:ša₂-ka-nu=šakānu[put//putting]V'N$šakānu",
"f": {"lang": "akk",
"form": "ša₂-ka-nu",
"cf": "šakānu",
"gw": "put",
"sense": "putting",
"norm": "šakānu",
"pos": "V",
"epos": "N"}
}
,
{
"node": "d",
"type": "field-end",
"subtype": "eq"}
,
{
"node": "d",
"type": "cell-end"}
,
{
"node": "d",
"type": "line-start",
"ref": "P451086.28",
"n": "5'",
"label": "o ii' 5'"}
,
{
"node": "d",
"type": "cell-start"}
,
{
"node": "d",
"type": "field-start",
"subtype": "wp"}
,
{
"node": "l",
"frag": "[šu]",
"id": "P451086.l4dcde",
"ref": "P451086.28.1",
"inst": "šu[hand]N",
"sig": "@dcclt%sux:šu=šu[hand//hand]N'N$šu/šu#~",
"f": {"lang": "sux",
"form": "šu",
"cf": "šu",
"gw": "hand",
"sense": "hand",
"norm0": "šu",
"pos": "N",
"epos": "N",
"base": "šu",
"morph": "~"}
}
,
{
"node": "l",
"frag": "dir-⸢ra⸣",
"id": "P451086.l4dcdf",
"ref": "P451086.28.2",
"inst": "dirig[excess]N",
"sig": "@dcclt%sux:dir-ra=dirig[excess//excess]N'N$dirig/dirig#~",
"f": {"lang": "sux",
"form": "dir-ra",
"cf": "dirig",
"gw": "excess",
"sense": "excess",
"norm0": "dirig",
"pos": "N",
"epos": "N",
"base": "dirig",
"morph": "~"}
}
,
{
"node": "d",
"type": "field-end",
"subtype": "wp"}
,
{
"node": "d",
"type": "cell-end"}
,
{
"node": "d",
"type": "cell-start"}
,
{
"node": "d",
"type": "field-start",
"subtype": "eq"}
,
{
"node": "l",
"frag": "u₂-⸢sa-ti⸣",
"id": "P451086.l4dce0",
"ref": "P451086.28.3",
"inst": "usāti[help]N",
"sig": "@dcclt%akk:u₂-sa-ti=usātu[help//help]N'N$usāti",
"f": {"lang": "akk",
"form": "u₂-sa-ti",
"cf": "usātu",
"gw": "help",
"sense": "help",
"norm": "usāti",
"pos": "N",
"epos": "N"}
}
,
{
"node": "d",
"type": "field-end",
"subtype": "eq"}
,
{
"node": "d",
"type": "cell-end"}
,
{
"node": "d",
"type": "line-start",
"ref": "P451086.29",
"n": "6'",
"label": "o ii' 6'"}
,
{
"node": "d",
"type": "cell-start"}
,
{
"node": "d",
"type": "field-start",
"subtype": "wp"}
,
{
"node": "l",
"frag": "⸢šu⸣",
"id": "P451086.l4dce1",
"ref": "P451086.29.1",
"inst": "šu[hand]N",
"sig": "@dcclt%sux:šu=šu[hand//hand]N'N$šu/šu#~",
"f": {"lang": "sux",
"form": "šu",
"cf": "šu",
"gw": "hand",
"sense": "hand",
"norm0": "šu",
"pos": "N",
"epos": "N",
"base": "šu",
"morph": "~"}
}
,
{
"node": "l",
"frag": "su₃-⸢ud⸣-da",
"id": "P451086.l4dce2",
"ref": "P451086.29.2",
"inst": "sud[(to be) distant]V/i",
"sig": "@dcclt%sux:su₃-ud-da=sud[distant//(to be) distant]V/i'V/i$sud;a/su₃-ud+-da=d.a#~;a",
"f": {"lang": "sux",
"form": "su₃-ud-da",
"cf": "sud",
"gw": "distant",
"sense": "(to be) distant",
"norm0": "sud;a",
"pos": "V/i",
"epos": "V/i",
"base": "su₃-ud",
"cont": "-da=d.a",
"morph": "~;a"}
}
,
{
"node": "d",
"type": "field-end",
"subtype": "wp"}
,
{
"node": "d",
"type": "cell-end"}
,
{
"node": "d",
"type": "cell-start"}
,
{
"node": "d",
"type": "field-start",
"subtype": "eq"}
,
{
"node": "d",
"type": "nonw",
"ref": "P451086.29.3",
"lang": "akk",
"type": "surro"}
,
{
"node": "l",
"id": "P451086.l4dce3",
"ref": "P451086.29.4",
"inst": "usāti[help]N",
"sig": "@dcclt%akk:u₂-sa-ti=usātu[help//help]N'N$usāti",
"f": {"lang": "akk",
"form": "u₂-sa-ti",
"cf": "usātu",
"gw": "help",
"sense": "help",
"norm": "usāti",
"pos": "N",
"epos": "N"}
}
,
{
"node": "d",
"type": "field-end",
"subtype": "eq"}
,
{
"node": "d",
"type": "cell-end"}
,
{
"node": "d",
"type": "line-start",
"ref": "P451086.30",
"n": "7'",
"label": "o ii' 7'"}
,
{
"node": "d",
"type": "cell-start"}
,
{
"node": "d",
"type": "field-start",
"subtype": "wp"}
,
{
"node": "l",
"frag": "[šu]",
"id": "P451086.l4dce4",
"ref": "P451086.30.1",
"inst": "šu[hand]N",
"sig": "@dcclt%sux:šu=šu[hand//hand]N'N$šu/šu#~",
"f": {"lang": "sux",
"form": "šu",
"cf": "šu",
"gw": "hand",
"sense": "hand",
"norm0": "šu",
"pos": "N",
"epos": "N",
"base": "šu",
"morph": "~"}
}
,
{
"node": "l",
"frag": "⸢niŋ₂-ŋal₂-la⸣",
"id": "P451086.l4dce5",
"ref": "P451086.30.2",
"inst": "niŋŋala[possessions]N",
"sig": "@dcclt%sux:niŋ₂-ŋal₂-la=niŋŋala[possessions//possessions]N'N$niŋŋala,ak/niŋ₂-ŋal₂#~,ak",
"f": {"lang": "sux",
"form": "niŋ₂-ŋal₂-la",
"cf": "niŋŋala",
"gw": "possessions",
"sense": "possessions",
"norm0": "niŋŋala,ak",
"pos": "N",
"epos": "N",
"base": "niŋ₂-ŋal₂",
"morph": "~,ak"}
}
,
{
"node": "d",
"type": "field-end",
"subtype": "wp"}
,
{
"node": "d",
"type": "cell-end"}
,
{
"node": "d",
"type": "cell-start"}
,
{
"node": "d",
"type": "field-start",
"subtype": "eq"}
,
{
"node": "l",
"frag": "⸢meš⸣-ru-u₂",
"id": "P451086.l4dce6",
"ref": "P451086.30.3",
"inst": "+mašrû[riches]N$mešrû",
"sig": "@dcclt%akk:meš-ru-u₂=mašrû[riches//riches]N'N$mešrû",
"f": {"lang": "akk",
"form": "meš-ru-u₂",
"cf": "mašrû",
"gw": "riches",
"sense": "riches",
"norm": "mešrû",
"pos": "N",
"epos": "N"}
}
,
{
"node": "d",
"type": "field-end",
"subtype": "eq"}
,
{
"node": "d",
"type": "cell-end"}
,
{
"node": "d",
"type": "line-start",
"ref": "P451086.31",
"n": "8'",
"label": "o ii' 8'"}
,
{
"node": "d",
"type": "cell-start"}
,
{
"node": "d",
"type": "field-start",
"subtype": "wp"}
,
{
"node": "l",
"frag": "šu",
"id": "P451086.l4dce7",
"ref": "P451086.31.1",
"inst": "šu[hand]N",
"sig": "@dcclt%sux:šu=šu[hand//hand]N'N$šu/šu#~",
"f": {"lang": "sux",
"form": "šu",
"cf": "šu",
"gw": "hand",
"sense": "hand",
"norm0": "šu",
"pos": "N",
"epos": "N",
"base": "šu",
"morph": "~"}
}
,
{
"node": "l",
"frag": "⸢nam⸣-til₃-la",
"id": "P451086.l4dce8",
"ref": "P451086.31.2",
"inst": "namtil[life]N",
"sig": "@dcclt%sux:nam-til₃-la=namtil[life//life]N'N$namtil,ak/nam-til₃+-la=l.a#~,ak",
"f": {"lang": "sux",
"form": "nam-til₃-la",
"cf": "namtil",
"gw": "life",
"sense": "life",
"norm0": "namtil,ak",
"pos": "N",
"epos": "N",
"base": "nam-til₃",
"cont": "-la=l.a",
"morph": "~,ak"}
}
,
{
"node": "d",
"type": "field-end",
"subtype": "wp"}
,
{
"node": "d",
"type": "cell-end"}
,
{
"node": "d",
"type": "cell-start"}
,
{
"node": "d",
"type": "field-start",
"subtype": "eq"}
,
{
"node": "l",
"frag": "gi-mil",
"id": "P451086.l4dce9",
"ref": "P451086.31.3",
"inst": "+gimillu[favour]N$gimil",
"sig": "@dcclt%akk:gi-mil=gimillu[favour//favour]N'N$gimil",
"f": {"lang": "akk",
"form": "gi-mil",
"cf": "gimillu",
"gw": "favour",
"sense": "favour",
"norm": "gimil",
"pos": "N",
"epos": "N"}
}
,
{
"node": "l",
"frag": "ba-la-⸢ṭu⸣",
"id": "P451086.l4dcea",
"ref": "P451086.31.4",
"inst": "balāṭu[life]N",
"sig": "@dcclt%akk:ba-la-ṭu=balāṭu[life//life]N'N$balāṭu",
"f": {"lang": "akk",
"form": "ba-la-ṭu",
"cf": "balāṭu",
"gw": "life",
"sense": "life",
"norm": "balāṭu",
"pos": "N",
"epos": "N"}
}
,
{
"node": "d",
"type": "field-end",
"subtype": "eq"}
,
{
"node": "d",
"type": "cell-end"}
,
{
"node": "d",
"type": "line-start",
"ref": "P451086.32",
"n": "9'",
"label": "o ii' 9'"}
,
{
"node": "d",
"type": "cell-start"}
,
{
"node": "d",
"type": "field-start",
"subtype": "wp"}
,
{
"node": "l",
"frag": "ha-la",
"id": "P451086.l4dceb",
"ref": "P451086.32.1",
"inst": "hala[inheritance share]N",
"sig": "@dcclt%sux:ha-la=hala[share//inheritance share]N'N$hala/ha-la#~",
"f": {"lang": "sux",
"form": "ha-la",
"cf": "hala",
"gw": "share",
"sense": "inheritance share",
"norm0": "hala",
"pos": "N",
"epos": "N",
"base": "ha-la",
"morph": "~"}
}
,
{
"node": "d",
"type": "field-end",
"subtype": "wp"}
,
{
"node": "d",
"type": "cell-end"}
,
{
"node": "d",
"type": "cell-start"}
,
{
"node": "d",
"type": "field-start",
"subtype": "eq"}
,
{
"node": "l",
"frag": "zi-it-⸢ti⸣",
"id": "P451086.l4dcec",
"ref": "P451086.32.2",
"inst": "+zittu[share]N$zitti",
"sig": "@dcclt%akk:zi-it-ti=zittu[share//share]N'N$zitti",
"f": {"lang": "akk",
"form": "zi-it-ti",
"cf": "zittu",
"gw": "share",
"sense": "share",
"norm": "zitti",
"pos": "N",
"epos": "N"}
}
,
{
"node": "d",
"type": "field-end",
"subtype": "eq"}
,
{
"node": "d",
"type": "cell-end"}
,
{
"node": "d",
"type": "line-start",
"ref": "P451086.33",
"n": "10'",
"label": "o ii' 10'"}
,
{
"node": "d",
"type": "nonw",
"ref": ""}
,
{
"node": "d",
"type": "line-start",
"ref": "P451086.34",
"n": "11'",
"label": "o ii' 11'"}
,
{
"node": "d",
"type": "cell-start"}
,
{
"node": "d",
"type": "field-start",
"subtype": "wp"}
,
{
"node": "l",
"frag": "⸢ŋeš⸣-šub-⸢ba⸣",
"id": "P451086.l4dced",
"ref": "P451086.34.1",
"inst": "ŋeššub[lot]N/ŋeš-šub-ba#~",
"sig": "@dcclt%sux:ŋeš-šub-ba=ŋeššub[lot//lot]N'N$ŋeššub/ŋeš-šub-ba#~",
"f": {"lang": "sux",
"form": "ŋeš-šub-ba",
"cf": "ŋeššub",
"gw": "lot",
"sense": "lot",
"norm0": "ŋeššub",
"pos": "N",
"epos": "N",
"base": "ŋeš-šub-ba",
"morph": "~"}
}
,
{
"node": "d",
"type": "field-end",
"subtype": "wp"}
,
{
"node": "d",
"type": "cell-end"}
,
{
"node": "d",
"type": "cell-start"}
,
{
"node": "d",
"type": "field-start",
"subtype": "eq"}
,
{
"node": "l",
"frag": "⸢is-qu⸣",
"id": "P451086.l4dcee",
"ref": "P451086.34.2",
"inst": "isqu[lot]N",
"sig": "@dcclt%akk:is-qu=isqu[lot//lot]N'N$isqu",
"f": {"lang": "akk",
"form": "is-qu",
"cf": "isqu",
"gw": "lot",
"sense": "lot",
"norm": "isqu",
"pos": "N",
"epos": "N"}
}
,
{
"node": "d",
"type": "field-end",
"subtype": "eq"}
,
{
"node": "d",
"type": "cell-end"}
,
{
"node": "d",
"type": "nonx",
"ref": "P451086.35",
"strict": "1",
"extent": "1",
"scope": "line",
"state": "ruling"}
,
{
"node": "d",
"type": "line-start",
"ref": "P451086.36",
"n": "12'",
"label": "o ii' 12'"}
,
{
"node": "d",
"type": "cell-start"}
,
{
"node": "d",
"type": "field-start",
"subtype": "wp"}
,
{
"node": "l",
"frag": "⸢ur₅⸣-ra",
"id": "P451086.l4dcef",
"ref": "P451086.36.1",
"inst": "urra[loan]N",
"sig": "@dcclt%sux:ur₅-ra=urra[loan//interest-bearing loan]N'N$urra/ur₅-ra#~",
"f": {"lang": "sux",
"form": "ur₅-ra",
"cf": "urra",
"gw": "loan",
"sense": "interest-bearing loan",
"norm0": "urra",
"pos": "N",
"epos": "N",
"base": "ur₅-ra",
"morph": "~"}
}
,
{
"node": "d",
"type": "field-end",
"subtype": "wp"}
,
{
"node": "d",
"type": "cell-end"}
,
{
"node": "d",
"type": "cell-start"}
,
{
"node": "d",
"type": "field-start",
"subtype": "eq"}
,
{
"node": "l",
"frag": "hu-bul-lum",
"id": "P451086.l4dcf0",
"ref": "P451086.36.2",
"inst": "hubullum[debt]N",
"sig": "@dcclt%akk:hu-bul-lum=hubullu[debt//debt]N'N$hubullum",
"f": {"lang": "akk",
"form": "hu-bul-lum",
"cf": "hubullu",
"gw": "debt",
"sense": "debt",
"norm": "hubullum",
"pos": "N",
"epos": "N"}
}
,
{
"node": "d",
"type": "field-end",
"subtype": "eq"}
,
{
"node": "d",
"type": "cell-end"}
,
{
"node": "d",
"type": "line-start",
"ref": "P451086.37",
"n": "13'",
"label": "o ii' 13'"}
,
{
"node": "d",
"type": "cell-start"}
,
{
"node": "d",
"type": "field-start",
"subtype": "wp"}
,
{
"node": "l",
"frag": "[eš]-⸢še⸣-de₂-a",
"id": "P451086.l4dcf1",
"ref": "P451086.37.1",
"inst": "ešdea[loan]N",
"sig": "@dcclt%sux:eš-še-de₂-a=ešdea[loan//loan]N'N$ešdea/eš-še-de₂-a#~",
"f": {"lang": "sux",
"form": "eš-še-de₂-a",
"cf": "ešdea",
"gw": "loan",
"sense": "loan",
"norm0": "ešdea",
"pos": "N",
"epos": "N",
"base": "eš-še-de₂-a",
"morph": "~"}
}
,
{
"node": "d",
"type": "field-end",
"subtype": "wp"}
,
{
"node": "d",
"type": "cell-end"}
,
{
"node": "d",
"type": "cell-start"}
,
{
"node": "d",
"type": "field-start",
"subtype": "eq"}
,
{
"node": "l",
"frag": "hu-⸢bu⸣-[ut-ta-tum]",
"id": "P451086.l4dcf2",
"ref": "P451086.37.2",
"inst": "+hubuttu[interest-free loan]N$hubuttātum",
"sig": "@dcclt%akk:hu-bu-ut-ta-tum=hubuttu[interest-free loan//interest-free loan]N'N$hubuttātum",
"f": {"lang": "akk",
"form": "hu-bu-ut-ta-tum",
"cf": "hubuttu",
"gw": "interest-free loan",
"sense": "interest-free loan",
"norm": "hubuttātum",
"pos": "N",
"epos": "N"}
}
,
{
"node": "d",
"type": "field-end",
"subtype": "eq"}
,
{
"node": "d",
"type": "cell-end"}
,
{
"node": "d",
"type": "line-start",
"ref": "P451086.38",
"n": "14'",
"label": "o ii' 14'"}
,
{
"node": "d",
"type": "nonw",
"ref": ""}
,
{
"node": "d",
"type": "nonx",
"ref": "P451086.39",
"strict": "1",
"extent": "rest",
"scope": "line",
"state": "missing"}
,
{
"node": "d",
"subtype": "reverse",
"type": "surface",
"ref": "P451086.r.40",
"type": "reverse",
"label": "r"}
,
{
"node": "d",
"subtype": "column 1r '",
"type": "column",
"ref": "P451086.r.i_.41",
"n": "1",
"label": "r i'"}
,
{
"node": "d",
"type": "nonx",
"ref": "P451086.42",
"strict": "1",
"extent": "beginning",
"scope": "line",
"state": "missing"}
,
{
"node": "d",
"type": "nonx",
"ref": "P451086.43",
"strict": "0",
"extent": "4",
"state": "other"}
,
{
"node": "d",
"type": "nonx",
"ref": "P451086.44",
"strict": "1",
"extent": "rest",
"scope": "line",
"state": "missing"}
]}
]}
]}
,
{
"linkbase": [{
"type": "linkset",
"xlink_title": "a ru[dedicate//to dedicate]V/t'V/t",
"id": "P451086.ls00000",
"xlink_type": "extended",
"xlink_role": "psu",
"sig": "{a mu-un-na-ru = a[water]N ru[cvve]V/t += a ru[dedicate//to dedicate]V/t'V/t}::@dcclt%sux:a=a[water//water]N'N$a/a#~++@dcclt%sux:mu-un-na-ru=ru[cvve//(compound verb verbal element)]V/t'V/t$ru/mu-un-na-ru#~",
"links": [
{
"type": "link",
"xlink_title": "a",
"xlink_type": "locator",
"xlink_href": "#P451086.l4dcb4",
"xlink_role": "elt"}
,
{
"type": "link",
"xlink_title": "ru",
"xlink_type": "locator",
"xlink_href": "#P451086.l4dcb5",
"xlink_role": "elt"}
]}
,
{
"type": "linkset",
"xlink_title": "šu ŋar[spare//to spare]V/t'V/t",
"id": "P451086.ls00001",
"xlink_type": "extended",
"xlink_role": "psu",
"sig": "{šu ŋar = šu[hand]N ŋar[place]V/t += šu ŋar[spare//to spare]V/t'V/t}::@dcclt%sux:šu=šu[hand//hand]N'N$šu/šu#~++@dcclt%sux:ŋar=ŋar[place//place]V/t'V/t$ŋar/ŋar#~",
"links": [
{
"type": "link",
"xlink_title": "šu",
"xlink_type": "locator",
"xlink_href": "#P451086.l4dcc1",
"xlink_role": "elt"}
,
{
"type": "link",
"xlink_title": "ŋar",
"xlink_type": "locator",
"xlink_href": "#P451086.l4dcc2",
"xlink_role": "elt"}
]}
,
{
"type": "linkset",
"xlink_title": "šu ŋar[spare//to spare]V/t'V/t",
"id": "P451086.ls00002",
"xlink_type": "extended",
"xlink_role": "psu",
"sig": "{šu ŋar-ra = šu[hand]N ŋar[place]V/t += šu ŋar[spare//to spare]V/t'V/t}::@dcclt%sux:šu=šu[hand//hand]N'N$šu/šu#~++@dcclt%sux:ŋar-ra=ŋar[place//place]V/t'V/t$ŋar;a/ŋar+-ra=r.a#~;a",
"links": [
{
"type": "link",
"xlink_title": "šu",
"xlink_type": "locator",
"xlink_href": "#P451086.l4dcc4",
"xlink_role": "elt"}
,
{
"type": "link",
"xlink_title": "ŋar",
"xlink_type": "locator",
"xlink_href": "#P451086.l4dcc5",
"xlink_role": "elt"}
]}
,
{
"type": "linkset",
"xlink_title": "šu ŋar[spare//to spare]V/t'V/t",
"id": "P451086.ls00003",
"xlink_type": "extended",
"xlink_role": "psu",
"sig": "{šu ŋar = šu[hand]N ŋar[place]V/t += šu ŋar[spare//to spare]V/t'V/t}::@dcclt%sux:šu=šu[hand//hand]N'N$šu/šu#~++@dcclt%sux:ŋar=ŋar[place//place]V/t'V/t$ŋar/ŋar#~",
"links": [
{
"type": "link",
"xlink_title": "šu",
"xlink_type": "locator",
"xlink_href": "#P451086.l4dcd3",
"xlink_role": "elt"}
,
{
"type": "link",
"xlink_title": "ŋar",
"xlink_type": "locator",
"xlink_href": "#P451086.l4dcd4",
"xlink_role": "elt"}
]}
,
{
"type": "linkset",
"xlink_title": "šu ŋar[spare//to spare]V/t'V/t",
"id": "P451086.ls00004",
"xlink_type": "extended",
"xlink_role": "psu",
"sig": "{šu ŋar-ra = šu[hand]N ŋar[place]V/t += šu ŋar[spare//to spare]V/t'V/t}::@dcclt%sux:šu=šu[hand//hand]N'N$šu/šu#~++@dcclt%sux:ŋar-ra=ŋar[place//place]V/t'V/t$ŋar;a/ŋar+-ra=r.a#~;a",
"links": [
{
"type": "link",
"xlink_title": "šu",
"xlink_type": "locator",
"xlink_href": "#P451086.l4dcd6",
"xlink_role": "elt"}
,
{
"type": "link",
"xlink_title": "ŋar",
"xlink_type": "locator",
"xlink_href": "#P451086.l4dcd7",
"xlink_role": "elt"}
]}
]}
]}
