{
"type": "cdl",
  "source": "http://oracc.org/dcclt",
  "license": "This data is released under the CC0 license",
  "license-url": "https://creativecommons.org/publicdomain/zero/1.0/",
  "more-info": "http://oracc.org/doc/opendata/",
  "UTC-timestamp": "2017-05-19T18:28:36",
"project": "dcclt",
"textid": "P451122",
"cdl": [
{
"node": "c",
"type": "text",
"id": "P451122.U0",
"cdl": [
{
"node": "d",
"subtype": "tablet",
"type": "object",
"ref": "P451122.x2038.1",
"type": "tablet",
"label": "x2038"}
,
{
"node": "d",
"subtype": "obverse",
"type": "surface",
"ref": "P451122.o.2",
"type": "obverse",
"label": "o"}
,
{
"node": "d",
"subtype": "column 1o '",
"type": "column",
"ref": "P451122.o.i_.3",
"n": "1",
"label": "o i'"}
,
{
"node": "d",
"type": "nonx",
"ref": "P451122.4",
"strict": "1",
"extent": "beginning",
"scope": "line",
"state": "missing"}
,
{
"node": "c",
"type": "discourse",
"subtype": "body",
"id": "P451122.U1",
"cdl": [
{
"node": "c",
"type": "sentence",
"id": "P451122.U2",
"label": "o i' 1' - o ii' 7'",
"cdl": [
{
"node": "d",
"type": "line-start",
"ref": "P451122.5",
"n": "1'",
"label": "o i' 1'"}
,
{
"node": "d",
"type": "cell-start"}
,
{
"node": "d",
"type": "field-start",
"subtype": "wp"}
,
{
"node": "l",
"frag": "[...]",
"id": "P451122.l4f029",
"ref": "P451122.5.1",
"inst": "u",
"f": {"lang": "sux",
"form": "x",
"pos": "u"}
}
,
{
"node": "d",
"type": "field-end",
"subtype": "wp"}
,
{
"node": "d",
"type": "cell-end"}
,
{
"node": "d",
"type": "cell-start"}
,
{
"node": "d",
"type": "field-start",
"subtype": "eq"}
,
{
"node": "l",
"frag": "[...]-⸢x⸣",
"id": "P451122.l4f02a",
"ref": "P451122.5.2",
"inst": "u",
"f": {"lang": "akk",
"form": "x-x",
"pos": "u"}
}
,
{
"node": "d",
"type": "nonw",
"ref": ""}
,
{
"node": "d",
"type": "field-end",
"subtype": "eq"}
,
{
"node": "d",
"type": "cell-end"}
,
{
"node": "d",
"type": "line-start",
"ref": "P451122.6",
"n": "2'",
"label": "o i' 2'"}
,
{
"node": "d",
"type": "cell-start"}
,
{
"node": "d",
"type": "field-start",
"subtype": "wp"}
,
{
"node": "l",
"frag": "[...]",
"id": "P451122.l4f02b",
"ref": "P451122.6.1",
"inst": "u",
"f": {"lang": "sux",
"form": "x",
"pos": "u"}
}
,
{
"node": "d",
"type": "field-end",
"subtype": "wp"}
,
{
"node": "d",
"type": "cell-end"}
,
{
"node": "d",
"type": "cell-start"}
,
{
"node": "d",
"type": "field-start",
"subtype": "eq"}
,
{
"node": "l",
"frag": "[...]-⸢x⸣",
"id": "P451122.l4f02c",
"ref": "P451122.6.2",
"inst": "u",
"f": {"lang": "akk",
"form": "x-x",
"pos": "u"}
}
,
{
"node": "d",
"type": "field-end",
"subtype": "eq"}
,
{
"node": "d",
"type": "cell-end"}
,
{
"node": "d",
"type": "line-start",
"ref": "P451122.7",
"n": "3'",
"label": "o i' 3'"}
,
{
"node": "d",
"type": "cell-start"}
,
{
"node": "d",
"type": "field-start",
"subtype": "wp"}
,
{
"node": "l",
"frag": "[...]",
"id": "P451122.l4f02d",
"ref": "P451122.7.1",
"inst": "u",
"f": {"lang": "sux",
"form": "x",
"pos": "u"}
}
,
{
"node": "d",
"type": "field-end",
"subtype": "wp"}
,
{
"node": "d",
"type": "cell-end"}
,
{
"node": "d",
"type": "cell-start"}
,
{
"node": "d",
"type": "field-start",
"subtype": "eq"}
,
{
"node": "l",
"frag": "[...]-⸢x-ru⸣",
"id": "P451122.l4f02e",
"ref": "P451122.7.2",
"inst": "u",
"f": {"lang": "akk",
"form": "x-x-ru",
"pos": "u"}
}
,
{
"node": "d",
"type": "field-end",
"subtype": "eq"}
,
{
"node": "d",
"type": "cell-end"}
,
{
"node": "d",
"type": "line-start",
"ref": "P451122.8",
"n": "4'",
"label": "o i' 4'"}
,
{
"node": "d",
"type": "cell-start"}
,
{
"node": "d",
"type": "field-start",
"subtype": "wp"}
,
{
"node": "l",
"frag": "[...]",
"id": "P451122.l4f02f",
"ref": "P451122.8.1",
"inst": "u",
"f": {"lang": "sux",
"form": "x",
"pos": "u"}
}
,
{
"node": "d",
"type": "field-end",
"subtype": "wp"}
,
{
"node": "d",
"type": "cell-end"}
,
{
"node": "d",
"type": "cell-start"}
,
{
"node": "d",
"type": "field-start",
"subtype": "eq"}
,
{
"node": "l",
"frag": "[...]-⸢x⸣",
"id": "P451122.l4f030",
"ref": "P451122.8.2",
"inst": "u",
"f": {"lang": "akk",
"form": "x-x",
"pos": "u"}
}
,
{
"node": "d",
"type": "field-end",
"subtype": "eq"}
,
{
"node": "d",
"type": "cell-end"}
,
{
"node": "d",
"type": "nonx",
"ref": "P451122.9",
"strict": "1",
"extent": "rest",
"scope": "line",
"state": "missing"}
,
{
"node": "d",
"subtype": "column 2o '",
"type": "column",
"ref": "P451122.o.ii_.10",
"n": "2",
"label": "o ii'"}
,
{
"node": "d",
"type": "nonx",
"ref": "P451122.11",
"strict": "1",
"extent": "beginning",
"scope": "line",
"state": "missing"}
,
{
"node": "d",
"type": "line-start",
"ref": "P451122.12",
"n": "1'",
"label": "o ii' 1'"}
,
{
"node": "d",
"type": "cell-start"}
,
{
"node": "d",
"type": "field-start",
"subtype": "wp"}
,
{
"node": "l",
"frag": "[lu₂]-gurₓ(|ŠE.KIN|)[kud]",
"id": "P451122.l4f031",
"ref": "P451122.12.1",
"inst": "lugurkud[reaper]N/lu₂-gurₓ(|ŠE.KIN|)-kud#~",
"sig": "@dcclt%sux:lu₂-gurₓ(|ŠE.KIN|)-kud=lugurkud[reaper//reaper]N'N$lugurkud/lu₂-gurₓ(|ŠE.KIN|)-kud#~",
"f": {"lang": "sux",
"form": "lu₂-gurₓ(|ŠE.KIN|)-kud",
"cf": "lugurkud",
"gw": "reaper",
"sense": "reaper",
"norm0": "lugurkud",
"pos": "N",
"epos": "N",
"base": "lu₂-gurₓ(|ŠE.KIN|)-kud",
"morph": "~"}
}
,
{
"node": "d",
"type": "field-end",
"subtype": "wp"}
,
{
"node": "d",
"type": "cell-end"}
,
{
"node": "d",
"type": "cell-start"}
,
{
"node": "d",
"type": "field-start",
"subtype": "eq"}
,
{
"node": "l",
"frag": "[...]",
"id": "P451122.l4f032",
"ref": "P451122.12.2",
"inst": "u",
"f": {"lang": "akk",
"form": "x",
"pos": "u"}
}
,
{
"node": "d",
"type": "field-end",
"subtype": "eq"}
,
{
"node": "d",
"type": "cell-end"}
,
{
"node": "d",
"type": "nonx",
"ref": "P451122.13",
"strict": "1",
"extent": "1",
"scope": "line",
"state": "ruling"}
,
{
"node": "d",
"type": "line-start",
"ref": "P451122.14",
"n": "2'",
"label": "o ii' 2'"}
,
{
"node": "d",
"type": "cell-start"}
,
{
"node": "d",
"type": "field-start",
"subtype": "wp"}
,
{
"node": "l",
"frag": "⸢lu₂⸣-huŋ-⸢ŋa₂⸣",
"id": "P451122.l4f033",
"ref": "P451122.14.1",
"inst": "luhuŋa[hireling]N",
"sig": "@dcclt%sux:lu₂-huŋ-ŋa₂=luhuŋa[hireling//hireling]N'N$luhuŋa,ŋu.ak/lu₂-huŋ#~,ŋu.ak",
"f": {"lang": "sux",
"form": "lu₂-huŋ-ŋa₂",
"cf": "luhuŋa",
"gw": "hireling",
"sense": "hireling",
"norm0": "luhuŋa,ŋu.ak",
"pos": "N",
"epos": "N",
"base": "lu₂-huŋ",
"morph": "~,ŋu.ak"}
}
,
{
"node": "d",
"type": "field-end",
"subtype": "wp"}
,
{
"node": "d",
"type": "cell-end"}
,
{
"node": "d",
"type": "cell-start"}
,
{
"node": "d",
"type": "field-start",
"subtype": "eq"}
,
{
"node": "l",
"frag": "[...]",
"id": "P451122.l4f034",
"ref": "P451122.14.2",
"inst": "u",
"f": {"lang": "akk",
"form": "x",
"pos": "u"}
}
,
{
"node": "d",
"type": "field-end",
"subtype": "eq"}
,
{
"node": "d",
"type": "cell-end"}
,
{
"node": "d",
"type": "line-start",
"ref": "P451122.15",
"n": "3'",
"label": "o ii' 3'"}
,
{
"node": "d",
"type": "cell-start"}
,
{
"node": "d",
"type": "field-start",
"subtype": "wp"}
,
{
"node": "l",
"frag": "[lu₂]-gurₓ(|ŠE.KIN|)kud",
"id": "P451122.l4f035",
"ref": "P451122.15.1",
"inst": "lugurkud[reaper]N",
"sig": "@dcclt%sux:lu₂-gurₓ(|ŠE.KIN|)-kud=lugurkud[reaper//reaper]N'N$lugurkud/lu₂-gurₓ(|ŠE.KIN|)-kud#~",
"f": {"lang": "sux",
"form": "lu₂-gurₓ(|ŠE.KIN|)-kud",
"cf": "lugurkud",
"gw": "reaper",
"sense": "reaper",
"norm0": "lugurkud",
"pos": "N",
"epos": "N",
"base": "lu₂-gurₓ(|ŠE.KIN|)-kud",
"morph": "~"}
}
,
{
"node": "d",
"type": "field-end",
"subtype": "wp"}
,
{
"node": "d",
"type": "cell-end"}
,
{
"node": "d",
"type": "cell-start"}
,
{
"node": "d",
"type": "field-start",
"subtype": "eq"}
,
{
"node": "l",
"frag": "⸢e⸣-[si-du]",
"id": "P451122.l4f036",
"ref": "P451122.15.2",
"inst": "ēsidu[reaper]N",
"sig": "@dcclt%akk:e-si-du=ēṣidu[reaper//reaper]N'N$ēsidu",
"f": {"lang": "akk",
"form": "e-si-du",
"cf": "ēṣidu",
"gw": "reaper",
"sense": "reaper",
"norm": "ēsidu",
"pos": "N",
"epos": "N"}
}
,
{
"node": "d",
"type": "field-end",
"subtype": "eq"}
,
{
"node": "d",
"type": "cell-end"}
,
{
"node": "d",
"type": "nonx",
"ref": "P451122.16",
"strict": "1",
"extent": "1",
"scope": "line",
"state": "ruling"}
,
{
"node": "d",
"type": "line-start",
"ref": "P451122.17",
"n": "4'",
"label": "o ii' 4'"}
,
{
"node": "d",
"type": "cell-start"}
,
{
"node": "d",
"type": "field-start",
"subtype": "wp"}
,
{
"node": "l",
"frag": "lu₂-huŋ-ŋa₂",
"id": "P451122.l4f037",
"ref": "P451122.17.1",
"inst": "luhuŋa[hireling]N",
"sig": "@dcclt%sux:lu₂-huŋ-ŋa₂=luhuŋa[hireling//hireling]N'N$luhuŋa,ŋu.ak/lu₂-huŋ#~,ŋu.ak",
"f": {"lang": "sux",
"form": "lu₂-huŋ-ŋa₂",
"cf": "luhuŋa",
"gw": "hireling",
"sense": "hireling",
"norm0": "luhuŋa,ŋu.ak",
"pos": "N",
"epos": "N",
"base": "lu₂-huŋ",
"morph": "~,ŋu.ak"}
}
,
{
"node": "d",
"type": "field-end",
"subtype": "wp"}
,
{
"node": "d",
"type": "cell-end"}
,
{
"node": "d",
"type": "cell-start"}
,
{
"node": "d",
"type": "field-start",
"subtype": "eq"}
,
{
"node": "l",
"frag": "⸢ag⸣-[ru]",
"id": "P451122.l4f038",
"ref": "P451122.17.2",
"inst": "+agru[hireling]N",
"sig": "@dcclt%akk:ag-ru=agru[hireling//hireling]N'N$agru",
"f": {"lang": "akk",
"form": "ag-ru",
"cf": "agru",
"gw": "hireling",
"sense": "hireling",
"norm": "agru",
"pos": "N",
"epos": "N"}
}
,
{
"node": "d",
"type": "field-end",
"subtype": "eq"}
,
{
"node": "d",
"type": "cell-end"}
,
{
"node": "d",
"type": "line-start",
"ref": "P451122.18",
"n": "5'",
"label": "o ii' 5'"}
,
{
"node": "d",
"type": "cell-start"}
,
{
"node": "d",
"type": "field-start",
"subtype": "wp"}
,
{
"node": "l",
"frag": "lu₂-gurₓ(|ŠE.KIN|)kud",
"id": "P451122.l4f039",
"ref": "P451122.18.1",
"inst": "lugurkud[reaper]N",
"sig": "@dcclt%sux:lu₂-gurₓ(|ŠE.KIN|)-kud=lugurkud[reaper//reaper]N'N$lugurkud/lu₂-gurₓ(|ŠE.KIN|)-kud#~",
"f": {"lang": "sux",
"form": "lu₂-gurₓ(|ŠE.KIN|)-kud",
"cf": "lugurkud",
"gw": "reaper",
"sense": "reaper",
"norm0": "lugurkud",
"pos": "N",
"epos": "N",
"base": "lu₂-gurₓ(|ŠE.KIN|)-kud",
"morph": "~"}
}
,
{
"node": "d",
"type": "field-end",
"subtype": "wp"}
,
{
"node": "d",
"type": "cell-end"}
,
{
"node": "d",
"type": "cell-start"}
,
{
"node": "d",
"type": "field-start",
"subtype": "eq"}
,
{
"node": "l",
"frag": "e-⸢si⸣-[du]",
"id": "P451122.l4f03a",
"ref": "P451122.18.2",
"inst": "ēsidu[reaper]N",
"sig": "@dcclt%akk:e-si-du=ēṣidu[reaper//reaper]N'N$ēsidu",
"f": {"lang": "akk",
"form": "e-si-du",
"cf": "ēṣidu",
"gw": "reaper",
"sense": "reaper",
"norm": "ēsidu",
"pos": "N",
"epos": "N"}
}
,
{
"node": "d",
"type": "field-end",
"subtype": "eq"}
,
{
"node": "d",
"type": "cell-end"}
,
{
"node": "d",
"type": "nonx",
"ref": "P451122.19",
"strict": "1",
"extent": "1",
"scope": "line",
"state": "ruling"}
,
{
"node": "d",
"type": "line-start",
"ref": "P451122.20",
"n": "6'",
"label": "o ii' 6'"}
,
{
"node": "d",
"type": "cell-start"}
,
{
"node": "d",
"type": "field-start",
"subtype": "wp"}
,
{
"node": "l",
"frag": "lu₂-huŋ-ŋa₂",
"id": "P451122.l4f03b",
"ref": "P451122.20.1",
"inst": "luhuŋa[hireling]N",
"sig": "@dcclt%sux:lu₂-huŋ-ŋa₂=luhuŋa[hireling//hireling]N'N$luhuŋa,ŋu.ak/lu₂-huŋ#~,ŋu.ak",
"f": {"lang": "sux",
"form": "lu₂-huŋ-ŋa₂",
"cf": "luhuŋa",
"gw": "hireling",
"sense": "hireling",
"norm0": "luhuŋa,ŋu.ak",
"pos": "N",
"epos": "N",
"base": "lu₂-huŋ",
"morph": "~,ŋu.ak"}
}
,
{
"node": "d",
"type": "field-end",
"subtype": "wp"}
,
{
"node": "d",
"type": "cell-end"}
,
{
"node": "d",
"type": "cell-start"}
,
{
"node": "d",
"type": "field-start",
"subtype": "eq"}
,
{
"node": "l",
"frag": "ag-⸢ru⸣",
"id": "P451122.l4f03c",
"ref": "P451122.20.2",
"inst": "agru[hireling]N",
"sig": "@dcclt%akk:ag-ru=agru[hireling//hireling]N'N$agru",
"f": {"lang": "akk",
"form": "ag-ru",
"cf": "agru",
"gw": "hireling",
"sense": "hireling",
"norm": "agru",
"pos": "N",
"epos": "N"}
}
,
{
"node": "d",
"type": "field-end",
"subtype": "eq"}
,
{
"node": "d",
"type": "cell-end"}
,
{
"node": "d",
"type": "line-start",
"ref": "P451122.21",
"n": "7'",
"label": "o ii' 7'"}
,
{
"node": "d",
"type": "cell-start"}
,
{
"node": "d",
"type": "field-start",
"subtype": "wp"}
,
{
"node": "l",
"frag": "⸢lu₂-gurₓ(|ŠE.KIN|)kud⸣",
"id": "P451122.l4f03d",
"ref": "P451122.21.1",
"inst": "lugurkud[reaper]N",
"sig": "@dcclt%sux:lu₂-gurₓ(|ŠE.KIN|)-kud=lugurkud[reaper//reaper]N'N$lugurkud/lu₂-gurₓ(|ŠE.KIN|)-kud#~",
"f": {"lang": "sux",
"form": "lu₂-gurₓ(|ŠE.KIN|)-kud",
"cf": "lugurkud",
"gw": "reaper",
"sense": "reaper",
"norm0": "lugurkud",
"pos": "N",
"epos": "N",
"base": "lu₂-gurₓ(|ŠE.KIN|)-kud",
"morph": "~"}
}
,
{
"node": "d",
"type": "field-end",
"subtype": "wp"}
,
{
"node": "d",
"type": "cell-end"}
,
{
"node": "d",
"type": "cell-start"}
,
{
"node": "d",
"type": "field-start",
"subtype": "eq"}
,
{
"node": "l",
"frag": "⸢e-si⸣-[du]",
"id": "P451122.l4f03e",
"ref": "P451122.21.2",
"inst": "ēsidu[reaper]N",
"sig": "@dcclt%akk:e-si-du=ēṣidu[reaper//reaper]N'N$ēsidu",
"f": {"lang": "akk",
"form": "e-si-du",
"cf": "ēṣidu",
"gw": "reaper",
"sense": "reaper",
"norm": "ēsidu",
"pos": "N",
"epos": "N"}
}
,
{
"node": "d",
"type": "field-end",
"subtype": "eq"}
,
{
"node": "d",
"type": "cell-end"}
,
{
"node": "d",
"type": "nonx",
"ref": "P451122.22",
"strict": "1",
"extent": "rest",
"scope": "line",
"state": "missing"}
,
{
"node": "d",
"subtype": "reverse",
"type": "surface",
"ref": "P451122.r.23",
"type": "reverse",
"label": "r"}
,
{
"node": "d",
"type": "nonx",
"ref": "P451122.24",
"strict": "1",
"extent": "n",
"scope": "line",
"state": "missing"}
]}
]}
]}
]}
