{
"type": "cdl",
  "source": "http://oracc.org/dcclt",
  "license": "This data is released under the CC0 license",
  "license-url": "https://creativecommons.org/publicdomain/zero/1.0/",
  "more-info": "http://oracc.org/doc/opendata/",
  "UTC-timestamp": "2017-05-19T18:28:42",
"project": "dcclt",
"textid": "P451301",
"cdl": [
{
"node": "c",
"type": "text",
"id": "P451301.U0",
"cdl": [
{
"node": "d",
"subtype": "tablet",
"type": "object",
"ref": "P451301.x1977.1",
"type": "tablet",
"label": "x1977"}
,
{
"node": "d",
"subtype": "obverse",
"type": "surface",
"ref": "P451301.o.2",
"type": "obverse",
"label": "o"}
,
{
"node": "d",
"type": "nonx",
"ref": "P451301.3",
"strict": "1",
"extent": "beginning",
"scope": "line",
"state": "missing"}
,
{
"node": "c",
"type": "discourse",
"subtype": "body",
"id": "P451301.U1",
"cdl": [
{
"node": "c",
"type": "sentence",
"id": "P451301.U2",
"label": "o 1' - o 4'",
"cdl": [
{
"node": "d",
"type": "line-start",
"ref": "P451301.4",
"n": "1'",
"label": "o 1'"}
,
{
"node": "d",
"type": "cell-start"}
,
{
"node": "d",
"type": "field-start",
"subtype": "wp"}
,
{
"node": "l",
"frag": "[...]",
"id": "P451301.l4e6fc",
"ref": "P451301.4.1",
"inst": "u",
"f": {"lang": "sux",
"form": "x",
"pos": "u"}
}
,
{
"node": "d",
"type": "field-end",
"subtype": "wp"}
,
{
"node": "d",
"type": "cell-end"}
,
{
"node": "d",
"type": "cell-start"}
,
{
"node": "d",
"type": "field-start",
"subtype": "eq"}
,
{
"node": "l",
"frag": "⸢e⸣-šir₃-ti",
"id": "P451301.l4e6fd",
"ref": "P451301.4.2",
"inst": "+ešer[ten]NU$ešerti",
"sig": "@dcclt%akk:e-šir₃-ti=ešer[ten//ten]NU'NU$ešerti",
"f": {"lang": "akk",
"form": "e-šir₃-ti",
"cf": "ešer",
"gw": "ten",
"sense": "ten",
"norm": "ešerti",
"pos": "NU",
"epos": "NU"}
}
,
{
"node": "d",
"type": "nonw",
"ref": "P451301.4.3",
"lang": "akk",
"type": "surro"}
,
{
"node": "l",
"id": "P451301.l4e6fe",
"ref": "P451301.4.4",
"inst": "ūmu[day]N",
"sig": "@dcclt%akk:u₄-mu=ūmu[day//day]N'N$ūmu",
"f": {"lang": "akk",
"form": "u₄-mu",
"cf": "ūmu",
"gw": "day",
"sense": "day",
"norm": "ūmu",
"pos": "N",
"epos": "N"}
}
,
{
"node": "d",
"type": "field-end",
"subtype": "eq"}
,
{
"node": "d",
"type": "cell-end"}
,
{
"node": "d",
"type": "line-start",
"ref": "P451301.5",
"n": "2'",
"label": "o 2'"}
,
{
"node": "d",
"type": "cell-start"}
,
{
"node": "d",
"type": "field-start",
"subtype": "wp"}
,
{
"node": "l",
"frag": "[ud]",
"id": "P451301.l4e6ff",
"ref": "P451301.5.1",
"inst": "ud[day]N",
"sig": "@dcclt%sux:ud=ud[sun//day]N'N$ud/ud#~",
"f": {"lang": "sux",
"form": "ud",
"cf": "ud",
"gw": "sun",
"sense": "day",
"norm0": "ud",
"pos": "N",
"epos": "N",
"base": "ud",
"morph": "~"}
}
,
{
"node": "l",
"frag": "15-kam",
"id": "P451301.l4e700",
"ref": "P451301.5.2",
"inst": "n",
"f": {"lang": "sux",
"form": "15-kam",
"pos": "n"}
}
,
{
"node": "d",
"type": "field-end",
"subtype": "wp"}
,
{
"node": "d",
"type": "cell-end"}
,
{
"node": "d",
"type": "cell-start"}
,
{
"node": "d",
"type": "field-start",
"subtype": "eq"}
,
{
"node": "l",
"frag": "ša₂-pat-tum",
"id": "P451301.l4e701",
"ref": "P451301.5.3",
"inst": "+šapattu[fifteenth day of the month]N$šapattum",
"sig": "@dcclt%akk:ša₂-pat-tum=šapattu[fifteenth day of the month//fifteenth day of the month]N'N$šapattum",
"f": {"lang": "akk",
"form": "ša₂-pat-tum",
"cf": "šapattu",
"gw": "fifteenth day of the month",
"sense": "fifteenth day of the month",
"norm": "šapattum",
"pos": "N",
"epos": "N"}
}
,
{
"node": "d",
"type": "field-end",
"subtype": "eq"}
,
{
"node": "d",
"type": "cell-end"}
,
{
"node": "d",
"type": "line-start",
"ref": "P451301.6",
"n": "3'",
"label": "o 3'"}
,
{
"node": "d",
"type": "cell-start"}
,
{
"node": "d",
"type": "field-start",
"subtype": "wp"}
,
{
"node": "l",
"frag": "[ud]",
"id": "P451301.l4e702",
"ref": "P451301.6.1",
"inst": "ud[day]N",
"sig": "@dcclt%sux:ud=ud[sun//day]N'N$ud/ud#~",
"f": {"lang": "sux",
"form": "ud",
"cf": "ud",
"gw": "sun",
"sense": "day",
"norm0": "ud",
"pos": "N",
"epos": "N",
"base": "ud",
"morph": "~"}
}
,
{
"node": "l",
"frag": "19-kam",
"id": "P451301.l4e703",
"ref": "P451301.6.2",
"inst": "n",
"f": {"lang": "sux",
"form": "19-kam",
"pos": "n"}
}
,
{
"node": "d",
"type": "field-end",
"subtype": "wp"}
,
{
"node": "d",
"type": "cell-end"}
,
{
"node": "d",
"type": "cell-start"}
,
{
"node": "d",
"type": "field-start",
"subtype": "eq"}
,
{
"node": "l",
"frag": "ib-bu-u₂",
"id": "P451301.l4e704",
"ref": "P451301.6.3",
"inst": "ibbû[nineteenth day of the month]N",
"sig": "@dcclt%akk:ib-bu-u₂=ibbû[day of wrath//nineteenth day of the month]N'N$ibbû",
"f": {"lang": "akk",
"form": "ib-bu-u₂",
"cf": "ibbû",
"gw": "day of wrath",
"sense": "nineteenth day of the month",
"norm": "ibbû",
"pos": "N",
"epos": "N"}
}
,
{
"node": "d",
"type": "nonw",
"ref": ""}
,
{
"node": "d",
"type": "field-end",
"subtype": "eq"}
,
{
"node": "d",
"type": "cell-end"}
,
{
"node": "d",
"type": "line-start",
"ref": "P451301.7",
"n": "4'",
"label": "o 4'"}
,
{
"node": "d",
"type": "cell-start"}
,
{
"node": "d",
"type": "field-start",
"subtype": "wp"}
,
{
"node": "l",
"frag": "[...]",
"id": "P451301.l4e705",
"ref": "P451301.7.1",
"inst": "u",
"f": {"lang": "sux",
"form": "x",
"pos": "u"}
}
,
{
"node": "d",
"type": "field-end",
"subtype": "wp"}
,
{
"node": "d",
"type": "cell-end"}
,
{
"node": "d",
"type": "cell-start"}
,
{
"node": "d",
"type": "field-start",
"subtype": "eq"}
,
{
"node": "l",
"frag": "eš-⸢ru⸣-u₂",
"id": "P451301.l4e706",
"ref": "P451301.7.2",
"inst": "ešrû[twentieth day (of month)]NU",
"sig": "@dcclt%akk:eš-ru-u₂=ešrû[twentieth day (of month)//twentieth day (of month)]NU'NU$ešrû",
"f": {"lang": "akk",
"form": "eš-ru-u₂",
"cf": "ešrû",
"gw": "twentieth day (of month)",
"sense": "twentieth day (of month)",
"norm": "ešrû",
"pos": "NU",
"epos": "NU"}
}
,
{
"node": "d",
"type": "field-end",
"subtype": "eq"}
,
{
"node": "d",
"type": "cell-end"}
,
{
"node": "d",
"type": "nonx",
"ref": "P451301.8",
"strict": "1",
"extent": "rest",
"scope": "line",
"state": "missing"}
,
{
"node": "d",
"subtype": "reverse",
"type": "surface",
"ref": "P451301.r.9",
"type": "reverse",
"label": "r"}
,
{
"node": "d",
"type": "nonx",
"ref": "P451301.10",
"strict": "1",
"extent": "beginning",
"scope": "line",
"state": "missing"}
,
{
"node": "d",
"type": "nonx",
"ref": "P451301.11",
"strict": "0",
"state": "traces"}
,
{
"node": "d",
"type": "nonx",
"ref": "P451301.12",
"strict": "1",
"extent": "rest",
"scope": "line",
"state": "missing"}
]}
]}
]}
]}
