{
"type": "cdl",
  "source": "http://oracc.org/dcclt",
  "license": "This data is released under the CC0 license",
  "license-url": "https://creativecommons.org/publicdomain/zero/1.0/",
  "more-info": "http://oracc.org/doc/opendata/",
  "UTC-timestamp": "2017-05-19T18:28:35",
"project": "dcclt",
"textid": "P451055",
"cdl": [
{
"node": "c",
"type": "text",
"id": "P451055.U0",
"cdl": [
{
"node": "d",
"subtype": "tablet",
"type": "object",
"ref": "P451055.x2027.1",
"type": "tablet",
"label": "x2027"}
,
{
"node": "d",
"subtype": "obverse",
"type": "surface",
"ref": "P451055.o.2",
"type": "obverse",
"label": "o"}
,
{
"node": "c",
"type": "discourse",
"subtype": "body",
"id": "P451055.U1",
"cdl": [
{
"node": "c",
"type": "sentence",
"id": "P451055.U2",
"label": "o 1 - o 7",
"cdl": [
{
"node": "d",
"type": "line-start",
"ref": "P451055.3",
"n": "1",
"label": "o 1"}
,
{
"node": "d",
"type": "cell-start"}
,
{
"node": "d",
"type": "field-start",
"subtype": "wp"}
,
{
"node": "l",
"frag": "[niŋ₂]-ŠID",
"id": "P451055.l4eef7",
"ref": "P451055.3.1",
"inst": "niŋ₂.ŠID[account]N",
"sig": "@dcclt%sux:niŋ₂-ŠID=niŋ₂.ŠID[account//account]N'N$niŋ₂.ŠID/niŋ₂-ŠID#~",
"f": {"lang": "sux",
"form": "niŋ₂-ŠID",
"cf": "niŋ₂.ŠID",
"gw": "account",
"sense": "account",
"norm0": "niŋ₂.ŠID",
"pos": "N",
"epos": "N",
"base": "niŋ₂-ŠID",
"morph": "~"}
}
,
{
"node": "d",
"type": "field-end",
"subtype": "wp"}
,
{
"node": "d",
"type": "cell-end"}
,
{
"node": "d",
"type": "cell-start"}
,
{
"node": "d",
"type": "field-start",
"subtype": "eq"}
,
{
"node": "l",
"frag": "nik₂-kaš₄-⸢šu₂⸣",
"id": "P451055.l4eef8",
"ref": "P451055.3.2",
"inst": "+nikkassu[account(s)]N$nikkaššu",
"sig": "@dcclt%akk:nik₂-kaš₄-šu₂=nikkassu[account(s)//account(s)]N'N$nikkaššu",
"f": {"lang": "akk",
"form": "nik₂-kaš₄-šu₂",
"cf": "nikkassu",
"gw": "account(s)",
"sense": "account(s)",
"norm": "nikkaššu",
"pos": "N",
"epos": "N"}
}
,
{
"node": "d",
"type": "field-end",
"subtype": "eq"}
,
{
"node": "d",
"type": "cell-end"}
,
{
"node": "d",
"type": "line-start",
"ref": "P451055.4",
"n": "2",
"label": "o 2"}
,
{
"node": "d",
"type": "cell-start"}
,
{
"node": "d",
"type": "field-start",
"subtype": "wp"}
,
{
"node": "l",
"frag": "[niŋ₂-ŠID]",
"id": "P451055.l4eef9",
"ref": "P451055.4.1",
"inst": "niŋ₂.ŠID[account]N",
"sig": "@dcclt%sux:niŋ₂-ŠID=niŋ₂.ŠID[account//account]N'N$niŋ₂.ŠID/niŋ₂-ŠID#~",
"f": {"lang": "sux",
"form": "niŋ₂-ŠID",
"cf": "niŋ₂.ŠID",
"gw": "account",
"sense": "account",
"norm0": "niŋ₂.ŠID",
"pos": "N",
"epos": "N",
"base": "niŋ₂-ŠID",
"morph": "~"}
}
,
{
"node": "l",
"frag": "ak-a",
"id": "P451055.l4eefa",
"ref": "P451055.4.2",
"inst": "ak[do]V/t",
"sig": "@dcclt%sux:ak-a=ak[do//do]V/t'V/t$ak;a/ak#~;a",
"f": {"lang": "sux",
"form": "ak-a",
"cf": "ak",
"gw": "do",
"sense": "do",
"norm0": "ak;a",
"pos": "V/t",
"epos": "V/t",
"base": "ak",
"morph": "~;a"}
}
,
{
"node": "d",
"type": "field-end",
"subtype": "wp"}
,
{
"node": "d",
"type": "cell-end"}
,
{
"node": "d",
"type": "cell-start"}
,
{
"node": "d",
"type": "field-start",
"subtype": "eq"}
,
{
"node": "d",
"type": "nonw",
"ref": "P451055.4.3",
"lang": "akk",
"type": "surro"}
,
{
"node": "l",
"id": "P451055.l4eefb",
"ref": "P451055.4.4",
"inst": "nikkaššu[account(s)]N",
"sig": "@dcclt%akk:nik₂-kaš₄-šu₂=nikkassu[account(s)//account(s)]N'N$nikkaššu",
"f": {"lang": "akk",
"form": "nik₂-kaš₄-šu₂",
"cf": "nikkassu",
"gw": "account(s)",
"sense": "account(s)",
"norm": "nikkaššu",
"pos": "N",
"epos": "N"}
}
,
{
"node": "l",
"frag": "ep-šu₂",
"id": "P451055.l4eefc",
"ref": "P451055.4.5",
"inst": "epšu[made]AJ",
"sig": "@dcclt%akk:ep-šu₂=epšu[made//made]AJ'AJ$epšu",
"f": {"lang": "akk",
"form": "ep-šu₂",
"cf": "epšu",
"gw": "made",
"sense": "made",
"norm": "epšu",
"pos": "AJ",
"epos": "AJ"}
}
,
{
"node": "d",
"type": "field-end",
"subtype": "eq"}
,
{
"node": "d",
"type": "cell-end"}
,
{
"node": "d",
"type": "nonx",
"ref": "P451055.5",
"strict": "1",
"extent": "1",
"scope": "line",
"state": "ruling"}
,
{
"node": "d",
"type": "line-start",
"ref": "P451055.6",
"n": "3",
"label": "o 3"}
,
{
"node": "d",
"type": "cell-start"}
,
{
"node": "d",
"type": "field-start",
"subtype": "wp"}
,
{
"node": "d",
"type": "nonw",
"ref": "P451055.6.1",
"lang": "sux",
"type": "surro"}
,
{
"node": "l",
"id": "P451055.l4eefd",
"ref": "P451055.6.2",
"inst": "niŋ₂.ŠID[account]N",
"sig": "@dcclt%sux:niŋ₂-ŠID=niŋ₂.ŠID[account//account]N'N$niŋ₂.ŠID/niŋ₂-ŠID#~",
"f": {"lang": "sux",
"form": "niŋ₂-ŠID",
"cf": "niŋ₂.ŠID",
"gw": "account",
"sense": "account",
"norm0": "niŋ₂.ŠID",
"pos": "N",
"epos": "N",
"base": "niŋ₂-ŠID",
"morph": "~"}
}
,
{
"node": "l",
"frag": "⸢til-la⸣",
"id": "P451055.l4eefe",
"ref": "P451055.6.3",
"inst": "til[(to be) complete(d)]V/i",
"sig": "@dcclt%sux:til-la=til[complete//(to be) complete(d)]V/i'V/i$til;a/til+-la=l.a#~;a",
"f": {"lang": "sux",
"form": "til-la",
"cf": "til",
"gw": "complete",
"sense": "(to be) complete(d)",
"norm0": "til;a",
"pos": "V/i",
"epos": "V/i",
"base": "til",
"cont": "-la=l.a",
"morph": "~;a"}
}
,
{
"node": "d",
"type": "field-end",
"subtype": "wp"}
,
{
"node": "d",
"type": "cell-end"}
,
{
"node": "d",
"type": "cell-start"}
,
{
"node": "d",
"type": "field-start",
"subtype": "eq"}
,
{
"node": "d",
"type": "nonw",
"ref": "P451055.6.4",
"lang": "akk",
"type": "surro"}
,
{
"node": "l",
"id": "P451055.l4eeff",
"ref": "P451055.6.5",
"inst": "nikkaššu[account(s)]N",
"sig": "@dcclt%akk:nik₂-kaš₄-šu₂=nikkassu[account(s)//account(s)]N'N$nikkaššu",
"f": {"lang": "akk",
"form": "nik₂-kaš₄-šu₂",
"cf": "nikkassu",
"gw": "account(s)",
"sense": "account(s)",
"norm": "nikkaššu",
"pos": "N",
"epos": "N"}
}
,
{
"node": "l",
"frag": "ep-šu₂",
"id": "P451055.l4ef00",
"ref": "P451055.6.6",
"inst": "epšu[made]AJ",
"sig": "@dcclt%akk:ep-šu₂=epšu[made//made]AJ'AJ$epšu",
"f": {"lang": "akk",
"form": "ep-šu₂",
"cf": "epšu",
"gw": "made",
"sense": "made",
"norm": "epšu",
"pos": "AJ",
"epos": "AJ"}
}
,
{
"node": "d",
"type": "field-end",
"subtype": "eq"}
,
{
"node": "d",
"type": "cell-end"}
,
{
"node": "d",
"type": "line-start",
"ref": "P451055.7",
"n": "4",
"label": "o 4"}
,
{
"node": "d",
"type": "cell-start"}
,
{
"node": "d",
"type": "field-start",
"subtype": "wp"}
,
{
"node": "d",
"type": "nonw",
"ref": "P451055.7.1",
"lang": "sux",
"type": "surro"}
,
{
"node": "l",
"id": "P451055.l4ef01",
"ref": "P451055.7.2",
"inst": "niŋ₂.ŠID[account]N",
"sig": "@dcclt%sux:niŋ₂-ŠID=niŋ₂.ŠID[account//account]N'N$niŋ₂.ŠID/niŋ₂-ŠID#~",
"f": {"lang": "sux",
"form": "niŋ₂-ŠID",
"cf": "niŋ₂.ŠID",
"gw": "account",
"sense": "account",
"norm0": "niŋ₂.ŠID",
"pos": "N",
"epos": "N",
"base": "niŋ₂-ŠID",
"morph": "~"}
}
,
{
"node": "l",
"frag": "nu]-⸢til⸣-la",
"id": "P451055.l4ef02",
"ref": "P451055.7.3",
"inst": "til[(to be) complete(d)]V/i",
"sig": "@dcclt%sux:nu-til-la=til[complete//(to be) complete(d)]V/i'V/i$nu:til;a/til+-la=l.a#nu:~;a",
"f": {"lang": "sux",
"form": "nu-til-la",
"cf": "til",
"gw": "complete",
"sense": "(to be) complete(d)",
"norm0": "nu:til;a",
"pos": "V/i",
"epos": "V/i",
"base": "til",
"cont": "-la=l.a",
"morph": "nu:~;a"}
}
,
{
"node": "d",
"type": "field-end",
"subtype": "wp"}
,
{
"node": "d",
"type": "cell-end"}
,
{
"node": "d",
"type": "cell-start"}
,
{
"node": "d",
"type": "field-start",
"subtype": "eq"}
,
{
"node": "d",
"type": "nonw",
"ref": "P451055.7.4",
"lang": "akk",
"type": "surro"}
,
{
"node": "l",
"id": "P451055.l4ef03",
"ref": "P451055.7.5",
"inst": "nikkaššu[account(s)]N",
"sig": "@dcclt%akk:nik₂-kaš₄-šu₂=nikkassu[account(s)//account(s)]N'N$nikkaššu",
"f": {"lang": "akk",
"form": "nik₂-kaš₄-šu₂",
"cf": "nikkassu",
"gw": "account(s)",
"sense": "account(s)",
"norm": "nikkaššu",
"pos": "N",
"epos": "N"}
}
,
{
"node": "l",
"frag": "ul",
"id": "P451055.l4ef04",
"ref": "P451055.7.6",
"inst": "ul[not]MOD",
"sig": "@dcclt%akk:ul=ul[not//not]MOD'MOD$ul",
"f": {"lang": "akk",
"form": "ul",
"cf": "ul",
"gw": "not",
"sense": "not",
"norm": "ul",
"pos": "MOD",
"epos": "MOD"}
}
,
{
"node": "d",
"type": "nonw",
"ref": "P451055.7.7",
"lang": "akk",
"type": "surro"}
,
{
"node": "l",
"id": "P451055.l4ef05",
"ref": "P451055.7.8",
"inst": "epšu[made]AJ",
"sig": "@dcclt%akk:ep-šu₂=epšu[made//made]AJ'AJ$epšu",
"f": {"lang": "akk",
"form": "ep-šu₂",
"cf": "epšu",
"gw": "made",
"sense": "made",
"norm": "epšu",
"pos": "AJ",
"epos": "AJ"}
}
,
{
"node": "d",
"type": "field-end",
"subtype": "eq"}
,
{
"node": "d",
"type": "cell-end"}
,
{
"node": "d",
"type": "nonx",
"ref": "P451055.8",
"strict": "1",
"extent": "1",
"scope": "line",
"state": "ruling"}
,
{
"node": "d",
"type": "line-start",
"ref": "P451055.9",
"n": "5",
"label": "o 5"}
,
{
"node": "d",
"type": "cell-start"}
,
{
"node": "d",
"type": "field-start",
"subtype": "wp"}
,
{
"node": "l",
"frag": "duh",
"id": "P451055.l4ef06",
"ref": "P451055.9.1",
"inst": "duh[to loosen, release]V/t",
"sig": "@dcclt%sux:duh=duh[loosen//release]V/t'V/t$duh/duh#~",
"f": {"lang": "sux",
"form": "duh",
"cf": "duh",
"gw": "loosen",
"sense": "release",
"norm0": "duh",
"pos": "V/t",
"epos": "V/t",
"base": "duh",
"morph": "~"}
}
,
{
"node": "d",
"type": "field-end",
"subtype": "wp"}
,
{
"node": "d",
"type": "cell-end"}
,
{
"node": "d",
"type": "cell-start"}
,
{
"node": "d",
"type": "field-start",
"subtype": "eq"}
,
{
"node": "l",
"frag": "pa-ṭa₂-⸢ru⸣",
"id": "P451055.l4ef07",
"ref": "P451055.9.2",
"inst": "paṭāru[releasing]'N",
"sig": "@dcclt%akk:pa-ṭa₂-ru=paṭāru[loosen//releasing]V'N$paṭāru",
"f": {"lang": "akk",
"form": "pa-ṭa₂-ru",
"cf": "paṭāru",
"gw": "loosen",
"sense": "releasing",
"norm": "paṭāru",
"pos": "V",
"epos": "N"}
}
,
{
"node": "d",
"type": "field-end",
"subtype": "eq"}
,
{
"node": "d",
"type": "cell-end"}
,
{
"node": "d",
"type": "line-start",
"ref": "P451055.10",
"n": "6",
"label": "o 6"}
,
{
"node": "d",
"type": "cell-start"}
,
{
"node": "d",
"type": "field-start",
"subtype": "wp"}
,
{
"node": "l",
"frag": "[in]-duh",
"id": "P451055.l4ef08",
"ref": "P451055.10.1",
"inst": "duh[to loosen, release]V/t",
"sig": "@dcclt%sux:in-duh=duh[loosen//release]V/t'V/t$V.n:duh/duh#V.n:~",
"f": {"lang": "sux",
"form": "in-duh",
"cf": "duh",
"gw": "loosen",
"sense": "release",
"norm0": "V.n:duh",
"pos": "V/t",
"epos": "V/t",
"base": "duh",
"morph": "V.n:~"}
}
,
{
"node": "d",
"type": "field-end",
"subtype": "wp"}
,
{
"node": "d",
"type": "cell-end"}
,
{
"node": "d",
"type": "cell-start"}
,
{
"node": "d",
"type": "field-start",
"subtype": "eq"}
,
{
"node": "l",
"frag": "ip-[ṭur]",
"id": "P451055.l4ef09",
"ref": "P451055.10.2",
"inst": "ipṭur[release]V",
"sig": "@dcclt%akk:ip-ṭur=paṭāru[loosen//release]V'V$ipṭur",
"f": {"lang": "akk",
"form": "ip-ṭur",
"cf": "paṭāru",
"gw": "loosen",
"sense": "release",
"norm": "ipṭur",
"pos": "V",
"epos": "V"}
}
,
{
"node": "d",
"type": "field-end",
"subtype": "eq"}
,
{
"node": "d",
"type": "cell-end"}
,
{
"node": "d",
"type": "line-start",
"ref": "P451055.11",
"n": "7",
"label": "o 7"}
,
{
"node": "d",
"type": "cell-start"}
,
{
"node": "d",
"type": "field-start",
"subtype": "wp"}
,
{
"node": "l",
"frag": "[in-duh]-⸢e⸣",
"id": "P451055.l4ef0a",
"ref": "P451055.11.1",
"inst": "duh[to loosen, release]V/t",
"sig": "@dcclt%sux:in-duh-e=duh[loosen//release]V/t'V/t$V.n:duh;e/duh#V.n:~;e",
"f": {"lang": "sux",
"form": "in-duh-e",
"cf": "duh",
"gw": "loosen",
"sense": "release",
"norm0": "V.n:duh;e",
"pos": "V/t",
"epos": "V/t",
"base": "duh",
"morph": "V.n:~;e"}
}
,
{
"node": "d",
"type": "field-end",
"subtype": "wp"}
,
{
"node": "d",
"type": "cell-end"}
,
{
"node": "d",
"type": "cell-start"}
,
{
"node": "d",
"type": "field-start",
"subtype": "eq"}
,
{
"node": "l",
"frag": "⸢i⸣-[paṭ-ṭar]",
"id": "P451055.l4ef0b",
"ref": "P451055.11.2",
"inst": "ipaṭṭar[releasing]'N",
"sig": "@dcclt%akk:i-paṭ-ṭar=paṭāru[loosen//releasing]V'N$ipaṭṭar",
"f": {"lang": "akk",
"form": "i-paṭ-ṭar",
"cf": "paṭāru",
"gw": "loosen",
"sense": "releasing",
"norm": "ipaṭṭar",
"pos": "V",
"epos": "N"}
}
,
{
"node": "d",
"type": "field-end",
"subtype": "eq"}
,
{
"node": "d",
"type": "cell-end"}
,
{
"node": "d",
"type": "nonx",
"ref": "P451055.12",
"strict": "1",
"extent": "rest",
"scope": "line",
"state": "missing"}
,
{
"node": "d",
"subtype": "reverse",
"type": "surface",
"ref": "P451055.r.13",
"type": "reverse",
"label": "r"}
,
{
"node": "d",
"type": "nonx",
"ref": "P451055.14",
"strict": "1",
"extent": "n",
"scope": "line",
"state": "missing"}
]}
]}
]}
]}
