{
"type": "cdl",
  "source": "http://oracc.org/dcclt",
  "license": "This data is released under the CC0 license",
  "license-url": "https://creativecommons.org/publicdomain/zero/1.0/",
  "more-info": "http://oracc.org/doc/opendata/",
  "UTC-timestamp": "2017-05-19T18:28:48",
"project": "dcclt",
"textid": "P459230",
"cdl": [
{
"node": "c",
"type": "text",
"id": "P459230.U0",
"cdl": [
{
"node": "d",
"type": "object",
"ref": ""}
,
{
"node": "d",
"subtype": "obverse",
"type": "surface",
"ref": "P459230.o.1",
"type": "obverse",
"label": "o"}
,
{
"node": "c",
"type": "discourse",
"subtype": "body",
"id": "P459230.U1",
"cdl": [
{
"node": "c",
"type": "sentence",
"id": "P459230.U2",
"label": "o 1 - o 3",
"cdl": [
{
"node": "d",
"type": "line-start",
"ref": "P459230.2",
"n": "1",
"label": "o 1"}
,
{
"node": "l",
"frag": "{ŋeš}ma₂",
"id": "P459230.l1bb21",
"ref": "P459230.2.1",
"inst": "ma[ship, boat]N",
"sig": "@dcclt%sux:{ŋeš}ma₂=ma[ship//ship, boat]N'N$ma/{ŋeš}ma₂#~",
"f": {"lang": "sux",
"form": "{ŋeš}ma₂",
"cf": "ma",
"gw": "ship",
"sense": "ship, boat",
"norm0": "ma",
"pos": "N",
"epos": "N",
"base": "{ŋeš}ma₂",
"morph": "~"}
}
,
{
"node": "l",
"frag": "{d}nin-urta",
"id": "P459230.l1bb22",
"ref": "P459230.2.2",
"inst": "Ninurta[1]DN",
"sig": "@dcclt%sux:{d}nin-urta=Ninurta[1//1]DN'DN$Ninurta/{d}nin-urta#~",
"f": {"lang": "sux",
"form": "{d}nin-urta",
"cf": "Ninurta",
"gw": "1",
"sense": "1",
"norm0": "Ninurta",
"pos": "DN",
"epos": "DN",
"base": "{d}nin-urta",
"morph": "~"}
}
,
{
"node": "d",
"type": "line-start",
"ref": "P459230.3",
"n": "2",
"label": "o 2"}
,
{
"node": "l",
"frag": "{ŋeš}ma₂",
"id": "P459230.l1bb23",
"ref": "P459230.3.1",
"inst": "ma[ship, boat]N",
"sig": "@dcclt%sux:{ŋeš}ma₂=ma[ship//ship, boat]N'N$ma/{ŋeš}ma₂#~",
"f": {"lang": "sux",
"form": "{ŋeš}ma₂",
"cf": "ma",
"gw": "ship",
"sense": "ship, boat",
"norm0": "ma",
"pos": "N",
"epos": "N",
"base": "{ŋeš}ma₂",
"morph": "~"}
}
,
{
"node": "l",
"frag": "sig",
"id": "P459230.l1bb24",
"ref": "P459230.3.2",
"inst": "sig[(to be) narrow]V/i",
"sig": "@dcclt%sux:sig=sig[weak//(to be) narrow]V/i'V/i$sig/sig#~",
"f": {"lang": "sux",
"form": "sig",
"cf": "sig",
"gw": "weak",
"sense": "(to be) narrow",
"norm0": "sig",
"pos": "V/i",
"epos": "V/i",
"base": "sig",
"morph": "~"}
}
,
{
"node": "d",
"type": "line-start",
"ref": "P459230.4",
"n": "3",
"label": "o 3"}
,
{
"node": "l",
"frag": "{ŋeš}e₂",
"id": "P459230.l1bb25",
"ref": "P459230.4.1",
"inst": "e[house]N",
"sig": "@dcclt%sux:{ŋeš}e₂=e[house//house]N'N$e/{ŋeš}e₂#~",
"f": {"lang": "sux",
"form": "{ŋeš}e₂",
"cf": "e",
"gw": "house",
"sense": "house",
"norm0": "e",
"pos": "N",
"epos": "N",
"base": "{ŋeš}e₂",
"morph": "~"}
}
,
{
"node": "l",
"frag": "ma₂",
"id": "P459230.l1bb26",
"ref": "P459230.4.2",
"inst": "ma[ship, boat]N",
"sig": "@dcclt%sux:ma₂=ma[ship//ship, boat]N'N$ma/ma₂#~",
"f": {"lang": "sux",
"form": "ma₂",
"cf": "ma",
"gw": "ship",
"sense": "ship, boat",
"norm0": "ma",
"pos": "N",
"epos": "N",
"base": "ma₂",
"morph": "~"}
}
,
{
"node": "d",
"subtype": "reverse",
"type": "surface",
"ref": "P459230.r.5",
"type": "reverse",
"label": "r"}
,
{
"node": "d",
"type": "nonx",
"ref": "P459230.6",
"strict": "0",
"extent": "0",
"scope": "obverse",
"state": "other"}
]}
]}
]}
]}
