{
"type": "cdl",
  "source": "http://oracc.org/dcclt",
  "license": "This data is released under the CC0 license",
  "license-url": "https://creativecommons.org/publicdomain/zero/1.0/",
  "more-info": "http://oracc.org/doc/opendata/",
  "UTC-timestamp": "2017-05-19T18:28:47",
"project": "dcclt",
"textid": "P459220",
"cdl": [
{
"node": "c",
"type": "text",
"id": "P459220.U0",
"cdl": [
{
"node": "d",
"subtype": "tablet",
"type": "object",
"ref": "P459220.x603.1",
"type": "tablet",
"label": "x603"}
,
{
"node": "d",
"type": "surface",
"ref": ""}
,
{
"node": "c",
"type": "discourse",
"subtype": "body",
"id": "P459220.U1",
"cdl": [
{
"node": "c",
"type": "sentence",
"id": "P459220.U2",
"label": "1 - 3",
"cdl": [
{
"node": "d",
"type": "line-start",
"ref": "P459220.2",
"n": "1",
"label": "1"}
,
{
"node": "l",
"frag": "{ŋeš}ig",
"id": "P459220.l1bfc9",
"ref": "P459220.2.1",
"inst": "ig[door]N",
"sig": "@dcclt%sux:{ŋeš}ig=ig[door//door]N'N$ig/{ŋeš}ig#~",
"f": {"lang": "sux",
"form": "{ŋeš}ig",
"cf": "ig",
"gw": "door",
"sense": "door",
"norm0": "ig",
"pos": "N",
"epos": "N",
"base": "{ŋeš}ig",
"morph": "~"}
}
,
{
"node": "d",
"type": "line-start",
"ref": "P459220.3",
"n": "2",
"label": "2"}
,
{
"node": "l",
"frag": "{ŋeš}ig",
"id": "P459220.l1bfca",
"ref": "P459220.3.1",
"inst": "ig[door]N",
"sig": "@dcclt%sux:{ŋeš}ig=ig[door//door]N'N$ig/{ŋeš}ig#~",
"f": {"lang": "sux",
"form": "{ŋeš}ig",
"cf": "ig",
"gw": "door",
"sense": "door",
"norm0": "ig",
"pos": "N",
"epos": "N",
"base": "{ŋeš}ig",
"morph": "~"}
}
,
{
"node": "l",
"frag": "gal",
"id": "P459220.l1bfcb",
"ref": "P459220.3.2",
"inst": "gal[(to be) big, great]V/i",
"sig": "@dcclt%sux:gal=gal[big//(to be) big, great]V/i'V/i$gal/gal#~",
"f": {"lang": "sux",
"form": "gal",
"cf": "gal",
"gw": "big",
"sense": "(to be) big, great",
"norm0": "gal",
"pos": "V/i",
"epos": "V/i",
"base": "gal",
"morph": "~"}
}
,
{
"node": "d",
"type": "line-start",
"ref": "P459220.4",
"n": "3",
"label": "3"}
,
{
"node": "l",
"frag": "{ŋeš}ig",
"id": "P459220.l1bfcc",
"ref": "P459220.4.1",
"inst": "ig[door]N",
"sig": "@dcclt%sux:{ŋeš}ig=ig[door//door]N'N$ig/{ŋeš}ig#~",
"f": {"lang": "sux",
"form": "{ŋeš}ig",
"cf": "ig",
"gw": "door",
"sense": "door",
"norm0": "ig",
"pos": "N",
"epos": "N",
"base": "{ŋeš}ig",
"morph": "~"}
}
,
{
"node": "l",
"frag": "i₃",
"id": "P459220.l1bfcd",
"ref": "P459220.4.2",
"inst": "i[oil]N",
"sig": "@dcclt%sux:i₃=i[oil//oil]N'N$i/i₃#~",
"f": {"lang": "sux",
"form": "i₃",
"cf": "i",
"gw": "oil",
"sense": "oil",
"norm0": "i",
"pos": "N",
"epos": "N",
"base": "i₃",
"morph": "~"}
}
]}
]}
]}
]}
