{
"type": "cdl",
  "source": "http://oracc.org/dcclt",
  "license": "This data is released under the CC0 license",
  "license-url": "https://creativecommons.org/publicdomain/zero/1.0/",
  "more-info": "http://oracc.org/doc/opendata/",
  "UTC-timestamp": "2017-05-19T18:28:48",
"project": "dcclt",
"textid": "P459784",
"cdl": [
{
"node": "c",
"type": "text",
"id": "P459784.U0",
"cdl": [
{
"node": "d",
"subtype": "tablet",
"type": "object",
"ref": "P459784.x598.1",
"type": "tablet",
"label": "x598"}
,
{
"node": "d",
"type": "surface",
"ref": ""}
,
{
"node": "d",
"type": "nonx",
"ref": "P459784.2",
"strict": "1",
"extent": "beginning",
"scope": "column",
"state": "missing"}
,
{
"node": "c",
"type": "discourse",
"subtype": "body",
"id": "P459784.U1",
"cdl": [
{
"node": "c",
"type": "sentence",
"id": "P459784.U2",
"label": "1' - r 2",
"cdl": [
{
"node": "d",
"type": "line-start",
"ref": "P459784.3",
"n": "1'",
"label": "1'"}
,
{
"node": "l",
"frag": "{⸢ŋeš⸣}[...]",
"id": "P459784.l1bafb",
"ref": "P459784.3.1",
"inst": "u",
"f": {"lang": "sux",
"form": "{ŋeš}x",
"pos": "u"}
}
,
{
"node": "d",
"type": "line-start",
"ref": "P459784.4",
"n": "2'",
"label": "2'"}
,
{
"node": "l",
"frag": "{ŋeš}še-nu",
"id": "P459784.l1bafc",
"ref": "P459784.4.1",
"inst": "šenu[a tree]N",
"sig": "@dcclt%sux:{ŋeš}še-nu=šenu[tree//a tree]N'N$šenu/{ŋeš}še-nu#~",
"f": {"lang": "sux",
"form": "{ŋeš}še-nu",
"cf": "šenu",
"gw": "tree",
"sense": "a tree",
"norm0": "šenu",
"pos": "N",
"epos": "N",
"base": "{ŋeš}še-nu",
"morph": "~"}
}
,
{
"node": "d",
"type": "line-start",
"ref": "P459784.5",
"n": "3'",
"label": "3'"}
,
{
"node": "l",
"frag": "{ŋeš}še-dug₃",
"id": "P459784.l1bafd",
"ref": "P459784.5.1",
"inst": "šedug[a tree]N",
"sig": "@dcclt%sux:{ŋeš}še-dug₃=šedug[tree//a tree]N'N$šedug/{ŋeš}še-dug₃#~",
"f": {"lang": "sux",
"form": "{ŋeš}še-dug₃",
"cf": "šedug",
"gw": "tree",
"sense": "a tree",
"norm0": "šedug",
"pos": "N",
"epos": "N",
"base": "{ŋeš}še-dug₃",
"morph": "~"}
}
,
{
"node": "d",
"subtype": "reverse",
"type": "surface",
"ref": "P459784.r.6",
"type": "reverse",
"label": "r"}
,
{
"node": "d",
"type": "line-start",
"ref": "P459784.7",
"n": "1",
"label": "r 1"}
,
{
"node": "l",
"frag": "{ŋeš}še₃-⸢še₃⸣",
"id": "P459784.l1bafe",
"ref": "P459784.7.1",
"inst": "šeše[tree]N",
"sig": "@dcclt%sux:{ŋeš}še₃-še₃=šeše[tree//a tree]N'N$šeše/{ŋeš}še₃-še₃#~",
"f": {"lang": "sux",
"form": "{ŋeš}še₃-še₃",
"cf": "šeše",
"gw": "tree",
"sense": "a tree",
"norm0": "šeše",
"pos": "N",
"epos": "N",
"base": "{ŋeš}še₃-še₃",
"morph": "~"}
}
,
{
"node": "d",
"type": "nonw",
"ref": ""}
,
{
"node": "d",
"type": "nonx",
"ref": "P459784.8",
"strict": "1",
"extent": "2",
"scope": "line",
"state": "ruling"}
,
{
"node": "d",
"type": "line-start",
"ref": "P459784.9",
"n": "2",
"label": "r 2"}
,
{
"node": "l",
"frag": "ur-⸢diŋir⸣",
"id": "P459784.l1baff",
"ref": "P459784.9.1",
"inst": "X",
"f": {"lang": "sux",
"form": "ur-diŋir",
"pos": "X"}
}
]}
]}
]}
]}
