{
"type": "cdl",
  "source": "http://oracc.org/dcclt",
  "license": "This data is released under the CC0 license",
  "license-url": "https://creativecommons.org/publicdomain/zero/1.0/",
  "more-info": "http://oracc.org/doc/opendata/",
  "UTC-timestamp": "2017-05-19T18:28:52",
"project": "dcclt",
"textid": "Q000008",
"cdl": [
{
"node": "c",
"type": "text",
"id": "Q000008.U0",
"cdl": [
{
"node": "c",
"type": "discourse",
"subtype": "body",
"id": "Q000008.U1",
"cdl": [
{
"node": "c",
"type": "sentence",
"id": "Q000008.U2",
"label": "1 - 114",
"cdl": [
{
"node": "d",
"type": "line-start",
"ref": "Q000008.1",
"n": "1",
"label": "1"}
,
{
"node": "l",
"id": "Q000008.l09be9",
"ref": "Q000008.1.1",
"inst": "unkin[assembly]",
"sig": "@dcclt%sux:ukkin=unkin[assembly//assembly]N'N$unkin/unkin#~",
"f": {"lang": "sux",
"form": "ukkin",
"cf": "unkin",
"gw": "assembly",
"sense": "assembly",
"norm0": "unkin",
"pos": "N",
"epos": "N",
"base": "unkin",
"morph": "~"}
}
,
{
"node": "d",
"type": "line-start",
"ref": "Q000008.2",
"n": "2",
"label": "2"}
,
{
"node": "l",
"id": "Q000008.l09bea",
"ref": "Q000008.2.1",
"inst": "galla[policeman]",
"sig": "@dcclt%sux:gal₅-la₂=galla[policeman//policeman]N'N$galla/gal₅-la₂#~",
"f": {"lang": "sux",
"form": "gal₅-la₂",
"cf": "galla",
"gw": "policeman",
"sense": "policeman",
"norm0": "galla",
"pos": "N",
"epos": "N",
"base": "gal₅-la₂",
"morph": "~"}
}
,
{
"node": "d",
"type": "line-start",
"ref": "Q000008.3",
"n": "3",
"label": "3"}
,
{
"node": "l",
"id": "Q000008.l09beb",
"ref": "Q000008.3.1",
"inst": "X",
"f": {"lang": "sux",
"form": "NI",
"pos": "X"}
}
,
{
"node": "d",
"type": "line-start",
"ref": "Q000008.4",
"n": "4",
"label": "4"}
,
{
"node": "l",
"id": "Q000008.l09bec",
"ref": "Q000008.4.1",
"inst": "lagar[priest]",
"sig": "@dcclt%sux:lagar=lagar[priest//a priest]N'N$lagar/lagar#~",
"f": {"lang": "sux",
"form": "lagar",
"cf": "lagar",
"gw": "priest",
"sense": "a priest",
"norm0": "lagar",
"pos": "N",
"epos": "N",
"base": "lagar",
"morph": "~"}
}
,
{
"node": "d",
"type": "line-start",
"ref": "Q000008.5",
"n": "5",
"label": "5"}
,
{
"node": "l",
"id": "Q000008.l09bed",
"ref": "Q000008.5.1",
"inst": "kisal[courtyard]",
"sig": "@dcclt%sux:kisal=kisal[courtyard//courtyard]N'N$kisal/kisal#~",
"f": {"lang": "sux",
"form": "kisal",
"cf": "kisal",
"gw": "courtyard",
"sense": "courtyard",
"norm0": "kisal",
"pos": "N",
"epos": "N",
"base": "kisal",
"morph": "~"}
}
,
{
"node": "d",
"type": "line-start",
"ref": "Q000008.6",
"n": "6",
"label": "6"}
,
{
"node": "l",
"id": "Q000008.l09bee",
"ref": "Q000008.6.1",
"inst": "anta[upper]",
"sig": "@dcclt%sux:an-ta=anta[upper//upper]V/t'V/t$anta/an-ta#~",
"f": {"lang": "sux",
"form": "an-ta",
"cf": "anta",
"gw": "upper",
"sense": "upper",
"norm0": "anta",
"pos": "V/t",
"epos": "V/t",
"base": "an-ta",
"morph": "~"}
}
,
{
"node": "d",
"type": "line-start",
"ref": "Q000008.7",
"n": "7",
"label": "7"}
,
{
"node": "l",
"id": "Q000008.l09bef",
"ref": "Q000008.7.1",
"inst": "X",
"f": {"lang": "sux",
"form": "LAK390",
"pos": "X"}
}
,
{
"node": "d",
"type": "line-start",
"ref": "Q000008.8",
"n": "8",
"label": "8"}
,
{
"node": "l",
"id": "Q000008.l09bf0",
"ref": "Q000008.8.1",
"inst": "saŋŋa[official]",
"sig": "@dcclt%sux:saŋŋa=saŋŋa[official//an official, the chief administrator of a temple household]N'N$saŋŋa/saŋŋa#~",
"f": {"lang": "sux",
"form": "saŋŋa",
"cf": "saŋŋa",
"gw": "official",
"sense": "an official, the chief administrator of a temple household",
"norm0": "saŋŋa",
"pos": "N",
"epos": "N",
"base": "saŋŋa",
"morph": "~"}
}
,
{
"node": "d",
"type": "line-start",
"ref": "Q000008.9",
"n": "9",
"label": "9"}
,
{
"node": "l",
"id": "Q000008.l09bf1",
"ref": "Q000008.9.1",
"inst": "saŋŋa[official]",
"sig": "@dcclt%sux:saŋŋa=saŋŋa[official//an official, the chief administrator of a temple household]N'N$saŋŋa/saŋŋa#~",
"f": {"lang": "sux",
"form": "saŋŋa",
"cf": "saŋŋa",
"gw": "official",
"sense": "an official, the chief administrator of a temple household",
"norm0": "saŋŋa",
"pos": "N",
"epos": "N",
"base": "saŋŋa",
"morph": "~"}
}
,
{
"node": "l",
"id": "Q000008.l09bf2",
"ref": "Q000008.9.2",
"inst": "gal[big]",
"sig": "@dcclt%sux:gal=gal[big//big]V/i'V/i$gal/gal#~",
"f": {"lang": "sux",
"form": "gal",
"cf": "gal",
"gw": "big",
"sense": "big",
"norm0": "gal",
"pos": "V/i",
"epos": "V/i",
"base": "gal",
"morph": "~"}
}
,
{
"node": "d",
"type": "line-start",
"ref": "Q000008.10",
"n": "10",
"label": "10"}
,
{
"node": "l",
"id": "Q000008.l09bf3",
"ref": "Q000008.10.1",
"inst": "ub[corner]",
"sig": "@dcclt%sux:ub=ub[corner//corner]N'N$ub/ub#~",
"f": {"lang": "sux",
"form": "ub",
"cf": "ub",
"gw": "corner",
"sense": "corner",
"norm0": "ub",
"pos": "N",
"epos": "N",
"base": "ub",
"morph": "~"}
}
,
{
"node": "d",
"type": "line-start",
"ref": "Q000008.11",
"n": "11",
"label": "11"}
,
{
"node": "l",
"id": "Q000008.l09bf4",
"ref": "Q000008.11.1",
"inst": "ub[corner]",
"sig": "@dcclt%sux:ub=ub[corner//corner]N'N$ub/ub#~",
"f": {"lang": "sux",
"form": "ub",
"cf": "ub",
"gw": "corner",
"sense": "corner",
"norm0": "ub",
"pos": "N",
"epos": "N",
"base": "ub",
"morph": "~"}
}
,
{
"node": "l",
"id": "Q000008.l09bf5",
"ref": "Q000008.11.2",
"inst": "ga[milk]",
"sig": "@dcclt%sux:ga=ga[milk//milk]N'N$ga/ga#~",
"f": {"lang": "sux",
"form": "ga",
"cf": "ga",
"gw": "milk",
"sense": "milk",
"norm0": "ga",
"pos": "N",
"epos": "N",
"base": "ga",
"morph": "~"}
}
,
{
"node": "d",
"type": "line-start",
"ref": "Q000008.12",
"n": "12",
"label": "12"}
,
{
"node": "l",
"id": "Q000008.l09bf6",
"ref": "Q000008.12.1",
"inst": "ub[corner]",
"sig": "@dcclt%sux:UB=ub[corner//corner]N'N$ub/ub#~",
"f": {"lang": "sux",
"form": "UB",
"cf": "ub",
"gw": "corner",
"sense": "corner",
"norm0": "ub",
"pos": "N",
"epos": "N",
"base": "ub",
"morph": "~"}
}
,
{
"node": "l",
"id": "Q000008.l09bf7",
"ref": "Q000008.12.2",
"inst": "X",
"f": {"lang": "sux",
"form": "|GA₂×AN|-ME",
"pos": "X"}
}
,
{
"node": "d",
"type": "line-start",
"ref": "Q000008.13",
"n": "13",
"label": "13"}
,
{
"node": "l",
"id": "Q000008.l09bf8",
"ref": "Q000008.13.1",
"inst": "ennun[priest]",
"sig": "@dcclt%sux:en-nun=ennun[priest//priest]N'N$ennun/en-nun#~",
"f": {"lang": "sux",
"form": "en-nun",
"cf": "ennun",
"gw": "priest",
"sense": "priest",
"norm0": "ennun",
"pos": "N",
"epos": "N",
"base": "en-nun",
"morph": "~"}
}
,
{
"node": "d",
"type": "line-start",
"ref": "Q000008.14",
"n": "14",
"label": "14"}
,
{
"node": "l",
"id": "Q000008.l09bf9",
"ref": "Q000008.14.1",
"inst": "e[house]",
"sig": "@dcclt%sux:e₂=e[house//house]N'N$e/e₂#~",
"f": {"lang": "sux",
"form": "e₂",
"cf": "e",
"gw": "house",
"sense": "house",
"norm0": "e",
"pos": "N",
"epos": "N",
"base": "e₂",
"morph": "~"}
}
,
{
"node": "l",
"id": "Q000008.l09bfa",
"ref": "Q000008.14.2",
"inst": "ennun[priest]",
"sig": "@dcclt%sux:en-nun=ennun[priest//priest]N'N$ennun/en-nun#~",
"f": {"lang": "sux",
"form": "en-nun",
"cf": "ennun",
"gw": "priest",
"sense": "priest",
"norm0": "ennun",
"pos": "N",
"epos": "N",
"base": "en-nun",
"morph": "~"}
}
,
{
"node": "l",
"id": "Q000008.l09bfb",
"ref": "Q000008.14.3",
"inst": "X",
"f": {"lang": "sux",
"form": "HI",
"pos": "X"}
}
,
{
"node": "d",
"type": "line-start",
"ref": "Q000008.15",
"n": "15",
"label": "15"}
,
{
"node": "l",
"id": "Q000008.l09bfc",
"ref": "Q000008.15.1",
"inst": "en[lord]",
"sig": "@dcclt%sux:en=en[lord//lord]N'N$en/en#~",
"f": {"lang": "sux",
"form": "en",
"cf": "en",
"gw": "lord",
"sense": "lord",
"norm0": "en",
"pos": "N",
"epos": "N",
"base": "en",
"morph": "~"}
}
,
{
"node": "l",
"id": "Q000008.l09bfd",
"ref": "Q000008.15.2",
"inst": "X",
"f": {"lang": "sux",
"form": "nab",
"pos": "X"}
}
,
{
"node": "l",
"id": "Q000008.l09bfe",
"ref": "Q000008.15.3",
"inst": "u",
"f": {"lang": "sux",
"form": "uₓ(|EZEN×AN|)",
"pos": "u"}
}
,
{
"node": "l",
"id": "Q000008.l09bff",
"ref": "Q000008.15.4",
"inst": "u",
"f": {"lang": "sux",
"form": "HI",
"pos": "u"}
}
,
{
"node": "d",
"type": "line-start",
"ref": "Q000008.16",
"n": "16",
"label": "16"}
,
{
"node": "l",
"id": "Q000008.l09c00",
"ref": "Q000008.16.1",
"inst": "en[lord]",
"sig": "@dcclt%sux:en=en[lord//lord]N'N$en/en#~",
"f": {"lang": "sux",
"form": "en",
"cf": "en",
"gw": "lord",
"sense": "lord",
"norm0": "en",
"pos": "N",
"epos": "N",
"base": "en",
"morph": "~"}
}
,
{
"node": "l",
"id": "Q000008.l09c01",
"ref": "Q000008.16.2",
"inst": "amar[young]",
"sig": "@dcclt%sux:amar=amar[young//young, youngster, chick]N'N$amar/amar#~",
"f": {"lang": "sux",
"form": "amar",
"cf": "amar",
"gw": "young",
"sense": "young, youngster, chick",
"norm0": "amar",
"pos": "N",
"epos": "N",
"base": "amar",
"morph": "~"}
}
,
{
"node": "l",
"id": "Q000008.l09c02",
"ref": "Q000008.16.3",
"inst": "kalam[land]",
"sig": "@dcclt%sux:kalam=kalam[land//the Land (of Sumer)]N'N$kalam/kalam#~",
"f": {"lang": "sux",
"form": "kalam",
"cf": "kalam",
"gw": "land",
"sense": "the Land (of Sumer)",
"norm0": "kalam",
"pos": "N",
"epos": "N",
"base": "kalam",
"morph": "~"}
}
,
{
"node": "d",
"type": "line-start",
"ref": "Q000008.17",
"n": "17",
"label": "17"}
,
{
"node": "l",
"id": "Q000008.l09c03",
"ref": "Q000008.17.1",
"inst": "en[lord]",
"sig": "@dcclt%sux:en=en[lord//lord]N'N$en/en#~",
"f": {"lang": "sux",
"form": "en",
"cf": "en",
"gw": "lord",
"sense": "lord",
"norm0": "en",
"pos": "N",
"epos": "N",
"base": "en",
"morph": "~"}
}
,
{
"node": "l",
"id": "Q000008.l09c04",
"ref": "Q000008.17.2",
"inst": "X",
"f": {"lang": "sux",
"form": "nab-HI",
"pos": "X"}
}
,
{
"node": "d",
"type": "line-start",
"ref": "Q000008.18",
"n": "18",
"label": "18"}
,
{
"node": "l",
"id": "Q000008.l09c05",
"ref": "Q000008.18.1",
"inst": "en[lord]",
"sig": "@dcclt%sux:en=en[lord//lord]N'N$en/en#~",
"f": {"lang": "sux",
"form": "en",
"cf": "en",
"gw": "lord",
"sense": "lord",
"norm0": "en",
"pos": "N",
"epos": "N",
"base": "en",
"morph": "~"}
}
,
{
"node": "l",
"id": "Q000008.l09c06",
"ref": "Q000008.18.2",
"inst": "namtuku[official]",
"sig": "@dcclt%sux:nam₂-tuku=namtuku[official//an official]N'N$namtuku/nam₂-tuku#~",
"f": {"lang": "sux",
"form": "nam₂-tuku",
"cf": "namtuku",
"gw": "official",
"sense": "an official",
"norm0": "namtuku",
"pos": "N",
"epos": "N",
"base": "nam₂-tuku",
"morph": "~"}
}
,
{
"node": "d",
"type": "line-start",
"ref": "Q000008.19",
"n": "19",
"label": "19"}
,
{
"node": "l",
"id": "Q000008.l09c07",
"ref": "Q000008.19.1",
"inst": "ennun[priest]",
"sig": "@dcclt%sux:en-nun=ennun[priest//priest]N'N$ennun/en-nun#~",
"f": {"lang": "sux",
"form": "en-nun",
"cf": "ennun",
"gw": "priest",
"sense": "priest",
"norm0": "ennun",
"pos": "N",
"epos": "N",
"base": "en-nun",
"morph": "~"}
}
,
{
"node": "l",
"id": "Q000008.l09c08",
"ref": "Q000008.19.2",
"inst": "u",
"f": {"lang": "sux",
"form": "LAK527",
"pos": "u"}
}
,
{
"node": "d",
"type": "line-start",
"ref": "Q000008.20",
"n": "20",
"label": "20"}
,
{
"node": "l",
"id": "Q000008.l09c09",
"ref": "Q000008.20.1",
"inst": "ennun[priest]",
"sig": "@dcclt%sux:en-nun=ennun[priest//priest]N'N$ennun/en-nun#~",
"f": {"lang": "sux",
"form": "en-nun",
"cf": "ennun",
"gw": "priest",
"sense": "priest",
"norm0": "ennun",
"pos": "N",
"epos": "N",
"base": "en-nun",
"morph": "~"}
}
,
{
"node": "l",
"id": "Q000008.l09c0a",
"ref": "Q000008.20.2",
"inst": "X",
"f": {"lang": "sux",
"form": "nab-RU",
"pos": "X"}
}
,
{
"node": "d",
"type": "line-start",
"ref": "Q000008.21",
"n": "21",
"label": "21"}
,
{
"node": "l",
"id": "Q000008.l09c0b",
"ref": "Q000008.21.1",
"inst": "X",
"f": {"lang": "sux",
"form": "nab",
"pos": "X"}
}
,
{
"node": "l",
"id": "Q000008.l09c0c",
"ref": "Q000008.21.2",
"inst": "en[lord]",
"sig": "@dcclt%sux:en=en[lord//lord]N'N$en/en#~",
"f": {"lang": "sux",
"form": "en",
"cf": "en",
"gw": "lord",
"sense": "lord",
"norm0": "en",
"pos": "N",
"epos": "N",
"base": "en",
"morph": "~"}
}
,
{
"node": "l",
"id": "Q000008.l09c0d",
"ref": "Q000008.21.3",
"inst": "saŋ[head]",
"sig": "@dcclt%sux:saŋ=saŋ[head//head]N'N$saŋ/saŋ#~",
"f": {"lang": "sux",
"form": "saŋ",
"cf": "saŋ",
"gw": "head",
"sense": "head",
"norm0": "saŋ",
"pos": "N",
"epos": "N",
"base": "saŋ",
"morph": "~"}
}
,
{
"node": "d",
"type": "line-start",
"ref": "Q000008.22",
"n": "22",
"label": "22"}
,
{
"node": "l",
"id": "Q000008.l09c0e",
"ref": "Q000008.22.1",
"inst": "namšita[ruler]",
"sig": "@dcclt%sux:nam₂-{ŋeš}šita=namšita[ruler//ruler]N'N$namšita/nam₂-{ŋeš}šita#~",
"f": {"lang": "sux",
"form": "nam₂-{ŋeš}šita",
"cf": "namšita",
"gw": "ruler",
"sense": "ruler",
"norm0": "namšita",
"pos": "N",
"epos": "N",
"base": "nam₂-{ŋeš}šita",
"morph": "~"}
}
,
{
"node": "d",
"type": "line-start",
"ref": "Q000008.23",
"n": "23",
"label": "23"}
,
{
"node": "l",
"id": "Q000008.l09c0f",
"ref": "Q000008.23.1",
"inst": "namiri[official]",
"sig": "@dcclt%sux:nam₂-iri=namiri[official//an official]N'N$namiri/nam₂-iri#~",
"f": {"lang": "sux",
"form": "nam₂-iri",
"cf": "namiri",
"gw": "official",
"sense": "an official",
"norm0": "namiri",
"pos": "N",
"epos": "N",
"base": "nam₂-iri",
"morph": "~"}
}
,
{
"node": "d",
"type": "line-start",
"ref": "Q000008.24",
"n": "24",
"label": "24"}
,
{
"node": "l",
"id": "Q000008.l09c10",
"ref": "Q000008.24.1",
"inst": "namšeš[official]",
"sig": "@dcclt%sux:nam₂-šeš₂=namšeš[official//official]N'N$namšeš/nam₂-šeš₂#~",
"f": {"lang": "sux",
"form": "nam₂-šeš₂",
"cf": "namšeš",
"gw": "official",
"sense": "official",
"norm0": "namšeš",
"pos": "N",
"epos": "N",
"base": "nam₂-šeš₂",
"morph": "~"}
}
,
{
"node": "d",
"type": "line-start",
"ref": "Q000008.25",
"n": "25",
"label": "25"}
,
{
"node": "l",
"id": "Q000008.l09c11",
"ref": "Q000008.25.1",
"inst": "Šušin[Susa]SN",
"sig": "@dcclt%sux:šušin(|MUŠ₃.ŠEŠ₂|)=Šušin[Susa//Susa]SN'SN$Šušin/šušin(|MUŠ₃.ŠEŠ₂|)#~",
"f": {"lang": "sux",
"form": "šušin(|MUŠ₃.ŠEŠ₂|)",
"cf": "Šušin",
"gw": "Susa",
"sense": "Susa",
"norm0": "Šušin",
"pos": "SN",
"epos": "SN",
"base": "šušin(|MUŠ₃.ŠEŠ₂|)",
"morph": "~"}
}
,
{
"node": "d",
"type": "line-start",
"ref": "Q000008.26",
"n": "26",
"label": "26"}
,
{
"node": "l",
"id": "Q000008.l09c12",
"ref": "Q000008.26.1",
"inst": "gi[reed]",
"sig": "@dcclt%sux:gi=gi[reed//reed]N'N$gi/gi#~",
"f": {"lang": "sux",
"form": "gi",
"cf": "gi",
"gw": "reed",
"sense": "reed",
"norm0": "gi",
"pos": "N",
"epos": "N",
"base": "gi",
"morph": "~"}
}
,
{
"node": "l",
"id": "Q000008.l09c13",
"ref": "Q000008.26.2",
"inst": "en[lord]",
"sig": "@dcclt%sux:en=en[lord//lord]N'N$en/en#~",
"f": {"lang": "sux",
"form": "en",
"cf": "en",
"gw": "lord",
"sense": "lord",
"norm0": "en",
"pos": "N",
"epos": "N",
"base": "en",
"morph": "~"}
}
,
{
"node": "l",
"id": "Q000008.l09c14",
"ref": "Q000008.26.3",
"inst": "sig[worker]",
"sig": "@dcclt%sux:sig₇=sig[worker//a class of worker]N'N$sig/sig₇#~",
"f": {"lang": "sux",
"form": "sig₇",
"cf": "sig",
"gw": "worker",
"sense": "a class of worker",
"norm0": "sig",
"pos": "N",
"epos": "N",
"base": "sig₇",
"morph": "~"}
}
,
{
"node": "l",
"id": "Q000008.l09c15",
"ref": "Q000008.26.4",
"inst": "u",
"f": {"lang": "sux",
"form": "uₓ(|EZEN×AN|)",
"pos": "u"}
}
,
{
"node": "l",
"id": "Q000008.l09c16",
"ref": "Q000008.26.5",
"inst": "u",
"f": {"lang": "sux",
"form": "HI",
"pos": "u"}
}
,
{
"node": "d",
"type": "line-start",
"ref": "Q000008.27",
"n": "27",
"label": "27"}
,
{
"node": "l",
"id": "Q000008.l09c17",
"ref": "Q000008.27.1",
"inst": "ud[sun]",
"sig": "@dcclt%sux:ud=ud[sun//sun]N'N$ud/ud#~",
"f": {"lang": "sux",
"form": "ud",
"cf": "ud",
"gw": "sun",
"sense": "sun",
"norm0": "ud",
"pos": "N",
"epos": "N",
"base": "ud",
"morph": "~"}
}
,
{
"node": "l",
"id": "Q000008.l09c18",
"ref": "Q000008.27.2",
"inst": "men[tiara]",
"sig": "@dcclt%sux:men=men[tiara//tiara, a crown]N'N$men/men#~",
"f": {"lang": "sux",
"form": "men",
"cf": "men",
"gw": "tiara",
"sense": "tiara, a crown",
"norm0": "men",
"pos": "N",
"epos": "N",
"base": "men",
"morph": "~"}
}
,
{
"node": "l",
"id": "Q000008.l09c19",
"ref": "Q000008.27.3",
"inst": "šu[hand]",
"sig": "@dcclt%sux:šu=šu[hand//hand]N'N$šu/šu#~",
"f": {"lang": "sux",
"form": "šu",
"cf": "šu",
"gw": "hand",
"sense": "hand",
"norm0": "šu",
"pos": "N",
"epos": "N",
"base": "šu",
"morph": "~"}
}
,
{
"node": "l",
"id": "Q000008.l09c1a",
"ref": "Q000008.27.4",
"inst": "du[suitable]",
"sig": "@dcclt%sux:du₇=du[suitable//(to be) fitting, suitable]V/i'V/i$du/du₇#~",
"f": {"lang": "sux",
"form": "du₇",
"cf": "du",
"gw": "suitable",
"sense": "(to be) fitting, suitable",
"norm0": "du",
"pos": "V/i",
"epos": "V/i",
"base": "du₇",
"morph": "~"}
}
,
{
"node": "d",
"type": "line-start",
"ref": "Q000008.28",
"n": "28",
"label": "28"}
,
{
"node": "l",
"id": "Q000008.l09c1b",
"ref": "Q000008.28.1",
"inst": "ud[sun]",
"sig": "@dcclt%sux:ud=ud[sun//sun]N'N$ud/ud#~",
"f": {"lang": "sux",
"form": "ud",
"cf": "ud",
"gw": "sun",
"sense": "sun",
"norm0": "ud",
"pos": "N",
"epos": "N",
"base": "ud",
"morph": "~"}
}
,
{
"node": "l",
"id": "Q000008.l09c1c",
"ref": "Q000008.28.2",
"inst": "men[tiara]",
"sig": "@dcclt%sux:men=men[tiara//tiara, a crown]N'N$men/men#~",
"f": {"lang": "sux",
"form": "men",
"cf": "men",
"gw": "tiara",
"sense": "tiara, a crown",
"norm0": "men",
"pos": "N",
"epos": "N",
"base": "men",
"morph": "~"}
}
,
{
"node": "l",
"id": "Q000008.l09c1d",
"ref": "Q000008.28.3",
"inst": "šu[hand]",
"sig": "@dcclt%sux:šu=šu[hand//hand]N'N$šu/šu#~",
"f": {"lang": "sux",
"form": "šu",
"cf": "šu",
"gw": "hand",
"sense": "hand",
"norm0": "šu",
"pos": "N",
"epos": "N",
"base": "šu",
"morph": "~"}
}
,
{
"node": "l",
"id": "Q000008.l09c1e",
"ref": "Q000008.28.4",
"inst": "du[suitable]",
"sig": "@dcclt%sux:nu-du₇=du[suitable//(to be) fitting, suitable]V/i'V/i$nu:du/du₇#nu:~",
"f": {"lang": "sux",
"form": "nu-du₇",
"cf": "du",
"gw": "suitable",
"sense": "(to be) fitting, suitable",
"norm0": "nu:du",
"pos": "V/i",
"epos": "V/i",
"base": "du₇",
"morph": "nu:~"}
}
,
{
"node": "d",
"type": "line-start",
"ref": "Q000008.29",
"n": "29",
"label": "29"}
,
{
"node": "l",
"id": "Q000008.l09c1f",
"ref": "Q000008.29.1",
"inst": "ud[sun]",
"sig": "@dcclt%sux:ud=ud[sun//sun]N'N$ud/ud#~",
"f": {"lang": "sux",
"form": "ud",
"cf": "ud",
"gw": "sun",
"sense": "sun",
"norm0": "ud",
"pos": "N",
"epos": "N",
"base": "ud",
"morph": "~"}
}
,
{
"node": "l",
"id": "Q000008.l09c20",
"ref": "Q000008.29.2",
"inst": "e[house]",
"sig": "@dcclt%sux:e₂=e[house//house]N'N$e/e₂#~",
"f": {"lang": "sux",
"form": "e₂",
"cf": "e",
"gw": "house",
"sense": "house",
"norm0": "e",
"pos": "N",
"epos": "N",
"base": "e₂",
"morph": "~"}
}
,
{
"node": "l",
"id": "Q000008.l09c21",
"ref": "Q000008.29.3",
"inst": "men[tiara]",
"sig": "@dcclt%sux:men=men[tiara//tiara, a crown]N'N$men/men#~",
"f": {"lang": "sux",
"form": "men",
"cf": "men",
"gw": "tiara",
"sense": "tiara, a crown",
"norm0": "men",
"pos": "N",
"epos": "N",
"base": "men",
"morph": "~"}
}
,
{
"node": "l",
"id": "Q000008.l09c22",
"ref": "Q000008.29.4",
"inst": "nun[prince]",
"sig": "@dcclt%sux:nun-ta=nun[prince//prince]N'N$nun,ta/nun#~,ta",
"f": {"lang": "sux",
"form": "nun-ta",
"cf": "nun",
"gw": "prince",
"sense": "prince",
"norm0": "nun,ta",
"pos": "N",
"epos": "N",
"base": "nun",
"morph": "~,ta"}
}
,
{
"node": "l",
"id": "Q000008.l09c23",
"ref": "Q000008.29.5",
"inst": "e[leave]",
"sig": "@dcclt%sux:e₃=e[leave//leave]V/i'V/i$e/e₃#~",
"f": {"lang": "sux",
"form": "e₃",
"cf": "e",
"gw": "leave",
"sense": "leave",
"norm0": "e",
"pos": "V/i",
"epos": "V/i",
"base": "e₃",
"morph": "~"}
}
,
{
"node": "d",
"type": "line-start",
"ref": "Q000008.30",
"n": "30",
"label": "30"}
,
{
"node": "l",
"id": "Q000008.l09c24",
"ref": "Q000008.30.1",
"inst": "ud[sun]",
"sig": "@dcclt%sux:ud=ud[sun//sun]N'N$ud/ud#~",
"f": {"lang": "sux",
"form": "ud",
"cf": "ud",
"gw": "sun",
"sense": "sun",
"norm0": "ud",
"pos": "N",
"epos": "N",
"base": "ud",
"morph": "~"}
}
,
{
"node": "l",
"id": "Q000008.l09c25",
"ref": "Q000008.30.2",
"inst": "men[tiara]",
"sig": "@dcclt%sux:men=men[tiara//tiara, a crown]N'N$men/men#~",
"f": {"lang": "sux",
"form": "men",
"cf": "men",
"gw": "tiara",
"sense": "tiara, a crown",
"norm0": "men",
"pos": "N",
"epos": "N",
"base": "men",
"morph": "~"}
}
,
{
"node": "l",
"id": "Q000008.l09c26",
"ref": "Q000008.30.3",
"inst": "šag[heart]",
"sig": "@dcclt%sux:šag₄-ta=šag[heart//heart]N'N$šag,ta/šag₄#~,ta",
"f": {"lang": "sux",
"form": "šag₄-ta",
"cf": "šag",
"gw": "heart",
"sense": "heart",
"norm0": "šag,ta",
"pos": "N",
"epos": "N",
"base": "šag₄",
"morph": "~,ta"}
}
,
{
"node": "l",
"id": "Q000008.l09c27",
"ref": "Q000008.30.4",
"inst": "e[leave]",
"sig": "@dcclt%sux:e₃=e[leave//leave]V/i'V/i$e/e₃#~",
"f": {"lang": "sux",
"form": "e₃",
"cf": "e",
"gw": "leave",
"sense": "leave",
"norm0": "e",
"pos": "V/i",
"epos": "V/i",
"base": "e₃",
"morph": "~"}
}
,
{
"node": "d",
"type": "line-start",
"ref": "Q000008.31",
"n": "31",
"label": "31"}
,
{
"node": "l",
"id": "Q000008.l09c28",
"ref": "Q000008.31.1",
"inst": "en[lord]",
"sig": "@dcclt%sux:en=en[lord//lord]N'N$en/en#~",
"f": {"lang": "sux",
"form": "en",
"cf": "en",
"gw": "lord",
"sense": "lord",
"norm0": "en",
"pos": "N",
"epos": "N",
"base": "en",
"morph": "~"}
}
,
{
"node": "l",
"id": "Q000008.l09c29",
"ref": "Q000008.31.2",
"inst": "tur[child]",
"sig": "@dcclt%sux:tur=tur[child//(young) child]N'N$tur/tur#~",
"f": {"lang": "sux",
"form": "tur",
"cf": "tur",
"gw": "child",
"sense": "(young) child",
"norm0": "tur",
"pos": "N",
"epos": "N",
"base": "tur",
"morph": "~"}
}
,
{
"node": "l",
"id": "Q000008.l09c2a",
"ref": "Q000008.31.3",
"inst": "kar[insult]",
"sig": "@dcclt%sux:kar₂(EŠ₂)=kar[insult//insult]V/t'V/t$kar/kar₂(EŠ₂)#~",
"f": {"lang": "sux",
"form": "kar₂(EŠ₂)",
"cf": "kar",
"gw": "insult",
"sense": "insult",
"norm0": "kar",
"pos": "V/t",
"epos": "V/t",
"base": "kar₂(EŠ₂)",
"morph": "~"}
}
,
{
"node": "d",
"type": "line-start",
"ref": "Q000008.32",
"n": "32",
"label": "32"}
,
{
"node": "l",
"id": "Q000008.l09c2b",
"ref": "Q000008.32.1",
"inst": "en[lord]",
"sig": "@dcclt%sux:en=en[lord//lord]N'N$en/en#~",
"f": {"lang": "sux",
"form": "en",
"cf": "en",
"gw": "lord",
"sense": "lord",
"norm0": "en",
"pos": "N",
"epos": "N",
"base": "en",
"morph": "~"}
}
,
{
"node": "l",
"id": "Q000008.l09c2c",
"ref": "Q000008.32.2",
"inst": "tur[child]",
"sig": "@dcclt%sux:tur=tur[child//(young) child]N'N$tur/tur#~",
"f": {"lang": "sux",
"form": "tur",
"cf": "tur",
"gw": "child",
"sense": "(young) child",
"norm0": "tur",
"pos": "N",
"epos": "N",
"base": "tur",
"morph": "~"}
}
,
{
"node": "l",
"id": "Q000008.l09c2d",
"ref": "Q000008.32.3",
"inst": "ankar[weapon]",
"sig": "@dcclt%sux:an-kar₂(EŠ₂)=ankar[weapon//a weapon]N'N$ankar/an-kar₂(EŠ₂)#~",
"f": {"lang": "sux",
"form": "an-kar₂(EŠ₂)",
"cf": "ankar",
"gw": "weapon",
"sense": "a weapon",
"norm0": "ankar",
"pos": "N",
"epos": "N",
"base": "an-kar₂(EŠ₂)",
"morph": "~"}
}
,
{
"node": "d",
"type": "line-start",
"ref": "Q000008.33",
"n": "33",
"label": "33"}
,
{
"node": "l",
"id": "Q000008.l09c2e",
"ref": "Q000008.33.1",
"inst": "X",
"f": {"lang": "sux",
"form": "|SAG×EN|",
"pos": "X"}
}
,
{
"node": "d",
"type": "line-start",
"ref": "Q000008.34",
"n": "34",
"label": "34"}
,
{
"node": "l",
"id": "Q000008.l09c2f",
"ref": "Q000008.34.1",
"inst": "en[lord]",
"sig": "@dcclt%sux:en=en[lord//lord]N'N$en/en#~",
"f": {"lang": "sux",
"form": "en",
"cf": "en",
"gw": "lord",
"sense": "lord",
"norm0": "en",
"pos": "N",
"epos": "N",
"base": "en",
"morph": "~"}
}
,
{
"node": "l",
"id": "Q000008.l09c30",
"ref": "Q000008.34.2",
"inst": "X",
"f": {"lang": "sux",
"form": "|NINDA₂×HI|",
"pos": "X"}
}
,
{
"node": "d",
"type": "line-start",
"ref": "Q000008.35",
"n": "35",
"label": "35"}
,
{
"node": "l",
"id": "Q000008.l09c31",
"ref": "Q000008.35.1",
"inst": "ennun[priest]",
"sig": "@dcclt%sux:en-nun=ennun[priest//priest]N'N$ennun/en-nun#~",
"f": {"lang": "sux",
"form": "en-nun",
"cf": "ennun",
"gw": "priest",
"sense": "priest",
"norm0": "ennun",
"pos": "N",
"epos": "N",
"base": "en-nun",
"morph": "~"}
}
,
{
"node": "l",
"id": "Q000008.l09c32",
"ref": "Q000008.35.2",
"inst": "u",
"f": {"lang": "sux",
"form": "|NINDA₂×HI|",
"pos": "u"}
}
,
{
"node": "d",
"type": "line-start",
"ref": "Q000008.36",
"n": "36",
"label": "36"}
,
{
"node": "l",
"id": "Q000008.l09c33",
"ref": "Q000008.36.1",
"inst": "en[lord]",
"sig": "@dcclt%sux:en=en[lord//lord]N'N$en/en#~",
"f": {"lang": "sux",
"form": "en",
"cf": "en",
"gw": "lord",
"sense": "lord",
"norm0": "en",
"pos": "N",
"epos": "N",
"base": "en",
"morph": "~"}
}
,
{
"node": "l",
"id": "Q000008.l09c34",
"ref": "Q000008.36.2",
"inst": "X",
"f": {"lang": "sux",
"form": "|NUN&NUN|",
"pos": "X"}
}
,
{
"node": "l",
"id": "Q000008.l09c35",
"ref": "Q000008.36.3",
"inst": "X",
"f": {"lang": "sux",
"form": "ANŠE",
"pos": "X"}
}
,
{
"node": "d",
"type": "line-start",
"ref": "Q000008.37",
"n": "37",
"label": "37"}
,
{
"node": "l",
"id": "Q000008.l09c36",
"ref": "Q000008.37.1",
"inst": "X",
"f": {"lang": "sux",
"form": "nab",
"pos": "X"}
}
,
{
"node": "l",
"id": "Q000008.l09c37",
"ref": "Q000008.37.2",
"inst": "X",
"f": {"lang": "sux",
"form": "IGI@g",
"pos": "X"}
}
,
{
"node": "d",
"type": "line-start",
"ref": "Q000008.38",
"n": "38",
"label": "38"}
,
{
"node": "l",
"id": "Q000008.l09c38",
"ref": "Q000008.38.1",
"inst": "X",
"f": {"lang": "sux",
"form": "nab",
"pos": "X"}
}
,
{
"node": "l",
"id": "Q000008.l09c39",
"ref": "Q000008.38.2",
"inst": "X",
"f": {"lang": "sux",
"form": "TUK",
"pos": "X"}
}
,
{
"node": "l",
"id": "Q000008.l09c3a",
"ref": "Q000008.38.3",
"inst": "X",
"f": {"lang": "sux",
"form": "PA",
"pos": "X"}
}
,
{
"node": "l",
"id": "Q000008.l09c3b",
"ref": "Q000008.38.4",
"inst": "X",
"f": {"lang": "sux",
"form": "DAG",
"pos": "X"}
}
,
{
"node": "d",
"type": "line-start",
"ref": "Q000008.39",
"n": "39",
"label": "39"}
,
{
"node": "l",
"id": "Q000008.l09c3c",
"ref": "Q000008.39.1",
"inst": "X",
"f": {"lang": "sux",
"form": "da",
"pos": "X"}
}
,
{
"node": "d",
"type": "line-start",
"ref": "Q000008.40",
"n": "40",
"label": "40"}
,
{
"node": "l",
"id": "Q000008.l09c3d",
"ref": "Q000008.40.1",
"inst": "X",
"f": {"lang": "sux",
"form": "kab",
"pos": "X"}
}
,
{
"node": "d",
"type": "line-start",
"ref": "Q000008.41",
"n": "41",
"label": "41"}
,
{
"node": "l",
"id": "Q000008.l09c3e",
"ref": "Q000008.41.1",
"inst": "niŋir[herald]",
"sig": "@dcclt%sux:niŋir=niŋir[herald//herald]N'N$niŋir/niŋir#~",
"f": {"lang": "sux",
"form": "niŋir",
"cf": "niŋir",
"gw": "herald",
"sense": "herald",
"norm0": "niŋir",
"pos": "N",
"epos": "N",
"base": "niŋir",
"morph": "~"}
}
,
{
"node": "d",
"type": "line-start",
"ref": "Q000008.42",
"n": "42",
"label": "42"}
,
{
"node": "l",
"id": "Q000008.l09c3f",
"ref": "Q000008.42.1",
"inst": "nesaŋ[offering]",
"sig": "@dcclt%sux:nisaŋ=nesaŋ[offering//first-fruit offering]N'N$nesaŋ/nesaŋ#~",
"f": {"lang": "sux",
"form": "nisaŋ",
"cf": "nesaŋ",
"gw": "offering",
"sense": "first-fruit offering",
"norm0": "nesaŋ",
"pos": "N",
"epos": "N",
"base": "nesaŋ",
"morph": "~"}
}
,
{
"node": "d",
"type": "line-start",
"ref": "Q000008.43",
"n": "43",
"label": "43"}
,
{
"node": "l",
"id": "Q000008.l09c40",
"ref": "Q000008.43.1",
"inst": "giguna[terrace]",
"sig": "@dcclt%sux:gi-gun₄=giguna[terrace//terrace]N'N$giguna/gi-gun₄#~",
"f": {"lang": "sux",
"form": "gi-gun₄",
"cf": "giguna",
"gw": "terrace",
"sense": "terrace",
"norm0": "giguna",
"pos": "N",
"epos": "N",
"base": "gi-gun₄",
"morph": "~"}
}
,
{
"node": "d",
"type": "line-start",
"ref": "Q000008.44",
"n": "44",
"label": "44"}
,
{
"node": "l",
"id": "Q000008.l09c41",
"ref": "Q000008.44.1",
"inst": "gal[big]",
"sig": "@dcclt%sux:gal=gal[big//big]V/i'V/i$gal/gal#~",
"f": {"lang": "sux",
"form": "gal",
"cf": "gal",
"gw": "big",
"sense": "big",
"norm0": "gal",
"pos": "V/i",
"epos": "V/i",
"base": "gal",
"morph": "~"}
}
,
{
"node": "l",
"id": "Q000008.l09c42",
"ref": "Q000008.44.2",
"inst": "muš[snake]",
"sig": "@dcclt%sux:muš=muš[snake//snake]N'N$muš/muš#~",
"f": {"lang": "sux",
"form": "muš",
"cf": "muš",
"gw": "snake",
"sense": "snake",
"norm0": "muš",
"pos": "N",
"epos": "N",
"base": "muš",
"morph": "~"}
}
,
{
"node": "d",
"type": "line-start",
"ref": "Q000008.45",
"n": "45",
"label": "45"}
,
{
"node": "l",
"id": "Q000008.l09c43",
"ref": "Q000008.45.1",
"inst": "gal[big]",
"sig": "@dcclt%sux:gal=gal[big//big]V/i'V/i$gal/gal#~",
"f": {"lang": "sux",
"form": "gal",
"cf": "gal",
"gw": "big",
"sense": "big",
"norm0": "gal",
"pos": "V/i",
"epos": "V/i",
"base": "gal",
"morph": "~"}
}
,
{
"node": "l",
"id": "Q000008.l09c44",
"ref": "Q000008.45.2",
"inst": "X",
"f": {"lang": "sux",
"form": "|MUŠ&KAK&MUŠ|",
"pos": "X"}
}
,
{
"node": "d",
"type": "line-start",
"ref": "Q000008.46",
"n": "46",
"label": "46"}
,
{
"node": "l",
"id": "Q000008.l09c45",
"ref": "Q000008.46.1",
"inst": "e[house]",
"sig": "@dcclt%sux:e₂=e[house//house]N'N$e/e₂#~",
"f": {"lang": "sux",
"form": "e₂",
"cf": "e",
"gw": "house",
"sense": "house",
"norm0": "e",
"pos": "N",
"epos": "N",
"base": "e₂",
"morph": "~"}
}
,
{
"node": "d",
"type": "line-start",
"ref": "Q000008.47",
"n": "47",
"label": "47"}
,
{
"node": "l",
"id": "Q000008.l09c46",
"ref": "Q000008.47.1",
"inst": "e[house]",
"sig": "@dcclt%sux:e₂=e[house//house]N'N$e/e₂#~",
"f": {"lang": "sux",
"form": "e₂",
"cf": "e",
"gw": "house",
"sense": "house",
"norm0": "e",
"pos": "N",
"epos": "N",
"base": "e₂",
"morph": "~"}
}
,
{
"node": "l",
"id": "Q000008.l09c47",
"ref": "Q000008.47.2",
"inst": "kug[pure]",
"sig": "@dcclt%sux:kug=kug[pure//pure]V/i'V/i$kug/kug#~",
"f": {"lang": "sux",
"form": "kug",
"cf": "kug",
"gw": "pure",
"sense": "pure",
"norm0": "kug",
"pos": "V/i",
"epos": "V/i",
"base": "kug",
"morph": "~"}
}
,
{
"node": "d",
"type": "line-start",
"ref": "Q000008.48",
"n": "48",
"label": "48"}
,
{
"node": "l",
"id": "Q000008.l09c48",
"ref": "Q000008.48.1",
"inst": "e[house]",
"sig": "@dcclt%sux:e₂=e[house//house]N'N$e/e₂#~",
"f": {"lang": "sux",
"form": "e₂",
"cf": "e",
"gw": "house",
"sense": "house",
"norm0": "e",
"pos": "N",
"epos": "N",
"base": "e₂",
"morph": "~"}
}
,
{
"node": "l",
"id": "Q000008.l09c49",
"ref": "Q000008.48.2",
"inst": "u",
"f": {"lang": "sux",
"form": "AŠ₂",
"pos": "u"}
}
,
{
"node": "d",
"type": "line-start",
"ref": "Q000008.49",
"n": "49",
"label": "49"}
,
{
"node": "l",
"id": "Q000008.l09c4a",
"ref": "Q000008.49.1",
"inst": "e[house]",
"sig": "@dcclt%sux:e₂=e[house//house]N'N$e/e₂#~",
"f": {"lang": "sux",
"form": "e₂",
"cf": "e",
"gw": "house",
"sense": "house",
"norm0": "e",
"pos": "N",
"epos": "N",
"base": "e₂",
"morph": "~"}
}
,
{
"node": "l",
"id": "Q000008.l09c4b",
"ref": "Q000008.49.2",
"inst": "pašeš[priest]",
"sig": "@dcclt%sux:pa-šeš₂=pašeš[priest//a priest]N'N$pašeš/pa-šeš₂#~",
"f": {"lang": "sux",
"form": "pa-šeš₂",
"cf": "pašeš",
"gw": "priest",
"sense": "a priest",
"norm0": "pašeš",
"pos": "N",
"epos": "N",
"base": "pa-šeš₂",
"morph": "~"}
}
,
{
"node": "d",
"type": "line-start",
"ref": "Q000008.50",
"n": "50",
"label": "50"}
,
{
"node": "l",
"id": "Q000008.l09c4c",
"ref": "Q000008.50.1",
"inst": "kuš[official]",
"sig": "@dcclt%sux:suš₃=kuš[official//a high official]N'N$kuš/suš₃#~",
"f": {"lang": "sux",
"form": "suš₃",
"cf": "kuš",
"gw": "official",
"sense": "a high official",
"norm0": "kuš",
"pos": "N",
"epos": "N",
"base": "suš₃",
"morph": "~"}
}
,
{
"node": "d",
"type": "line-start",
"ref": "Q000008.51",
"n": "51",
"label": "51"}
,
{
"node": "l",
"id": "Q000008.l09c4d",
"ref": "Q000008.51.1",
"inst": "gal[big]",
"sig": "@dcclt%sux:gal=gal[big//big]V/i'V/i$gal/gal#~",
"f": {"lang": "sux",
"form": "gal",
"cf": "gal",
"gw": "big",
"sense": "big",
"norm0": "gal",
"pos": "V/i",
"epos": "V/i",
"base": "gal",
"morph": "~"}
}
,
{
"node": "l",
"id": "Q000008.l09c4e",
"ref": "Q000008.51.2",
"inst": "Dilmun[]GN",
"sig": "@dcclt%sux:dilmun=Dilmun[1//1]GN'GN$Dilmun/dilmun#~",
"f": {"lang": "sux",
"form": "dilmun",
"cf": "Dilmun",
"gw": "1",
"sense": "1",
"norm0": "Dilmun",
"pos": "GN",
"epos": "GN",
"base": "dilmun",
"morph": "~"}
}
,
{
"node": "d",
"type": "line-start",
"ref": "Q000008.52",
"n": "52",
"label": "52"}
,
{
"node": "l",
"id": "Q000008.l09c4f",
"ref": "Q000008.52.1",
"inst": "šidim[builder]",
"sig": "@dcclt%sux:šidim=šidim[builder//builder]N'N$šidim/šidim#~",
"f": {"lang": "sux",
"form": "šidim",
"cf": "šidim",
"gw": "builder",
"sense": "builder",
"norm0": "šidim",
"pos": "N",
"epos": "N",
"base": "šidim",
"morph": "~"}
}
,
{
"node": "d",
"type": "line-start",
"ref": "Q000008.53",
"n": "53",
"label": "53"}
,
{
"node": "l",
"id": "Q000008.l09c50",
"ref": "Q000008.53.1",
"inst": "ma[ship]",
"sig": "@dcclt%sux:ma₂=ma[ship//ship, boat]N'N$ma/ma₂#~",
"f": {"lang": "sux",
"form": "ma₂",
"cf": "ma",
"gw": "ship",
"sense": "ship, boat",
"norm0": "ma",
"pos": "N",
"epos": "N",
"base": "ma₂",
"morph": "~"}
}
,
{
"node": "l",
"id": "Q000008.l09c51",
"ref": "Q000008.53.2",
"inst": "nesaŋ[offering]",
"sig": "@dcclt%sux:nisaŋ=nesaŋ[offering//first-fruit offering]N'N$nesaŋ/nesaŋ#~",
"f": {"lang": "sux",
"form": "nisaŋ",
"cf": "nesaŋ",
"gw": "offering",
"sense": "first-fruit offering",
"norm0": "nesaŋ",
"pos": "N",
"epos": "N",
"base": "nesaŋ",
"morph": "~"}
}
,
{
"node": "d",
"type": "line-start",
"ref": "Q000008.54",
"n": "54",
"label": "54"}
,
{
"node": "l",
"id": "Q000008.l09c52",
"ref": "Q000008.54.1",
"inst": "gud[ox]",
"sig": "@dcclt%sux:gud=gud[ox//bull, ox]N'N$gud/gud#~",
"f": {"lang": "sux",
"form": "gud",
"cf": "gud",
"gw": "ox",
"sense": "bull, ox",
"norm0": "gud",
"pos": "N",
"epos": "N",
"base": "gud",
"morph": "~"}
}
,
{
"node": "l",
"id": "Q000008.l09c53",
"ref": "Q000008.54.2",
"inst": "si[horn]",
"sig": "@dcclt%sux:si=si[horn//horn]N'N$si/si#~",
"f": {"lang": "sux",
"form": "si",
"cf": "si",
"gw": "horn",
"sense": "horn",
"norm0": "si",
"pos": "N",
"epos": "N",
"base": "si",
"morph": "~"}
}
,
{
"node": "d",
"type": "line-start",
"ref": "Q000008.55",
"n": "55",
"label": "55"}
,
{
"node": "l",
"id": "Q000008.l09c54",
"ref": "Q000008.55.1",
"inst": "X",
"f": {"lang": "sux",
"form": "TAR",
"pos": "X"}
}
,
{
"node": "ll",
"id": "Q000008.l09c55",
"choices": [
{
"node": "l",
"ref": "Q000008.55.2",
"inst": "%sux:saŋ=saŋ[front]",
"sig": "@dcclt%sux:saŋ=saŋ[head//front]N'N$saŋ/saŋ#~",
"f": {"lang": "sux",
"form": "saŋ",
"cf": "saŋ",
"gw": "head",
"sense": "front",
"norm0": "saŋ",
"pos": "N",
"epos": "N",
"base": "saŋ",
"morph": "~"}
}
,
{
"node": "l",
"ref": "Q000008.55.2",
"inst": "%sux:saŋ=saŋ[head]",
"sig": "@dcclt%sux:saŋ=saŋ[head//head]N'N$saŋ/saŋ#~",
"f": {"lang": "sux",
"form": "saŋ",
"cf": "saŋ",
"gw": "head",
"sense": "front",
"norm0": "saŋ",
"pos": "N",
"epos": "N",
"base": "saŋ",
"morph": "~"}
}
]}
,
{
"node": "d",
"type": "line-start",
"ref": "Q000008.56",
"n": "56",
"label": "56"}
,
{
"node": "l",
"id": "Q000008.l09c56",
"ref": "Q000008.56.1",
"inst": "addir[profession]",
"sig": "@dcclt%sux:addirₓ(|GISAL.SI.A|)=addir[profession//a profession]N'N$addir/addirₓ(|GISAL.SI.A|)#~",
"f": {"lang": "sux",
"form": "addirₓ(|GISAL.SI.A|)",
"cf": "addir",
"gw": "profession",
"sense": "a profession",
"norm0": "addir",
"pos": "N",
"epos": "N",
"base": "addirₓ(|GISAL.SI.A|)",
"morph": "~"}
}
,
{
"node": "d",
"type": "line-start",
"ref": "Q000008.57",
"n": "57",
"label": "57"}
,
{
"node": "l",
"id": "Q000008.l09c57",
"ref": "Q000008.57.1",
"inst": "unud[cowherd]",
"sig": "@dcclt%sux:unud=unud[cowherd//cattle herder]N'N$unud/unud#~",
"f": {"lang": "sux",
"form": "unud",
"cf": "unud",
"gw": "cowherd",
"sense": "cattle herder",
"norm0": "unud",
"pos": "N",
"epos": "N",
"base": "unud",
"morph": "~"}
}
,
{
"node": "d",
"type": "line-start",
"ref": "Q000008.58",
"n": "58",
"label": "58"}
,
{
"node": "l",
"id": "Q000008.l09c58",
"ref": "Q000008.58.1",
"inst": "ugula[overseer]",
"sig": "@dcclt%sux:ugula=ugula[overseer//overseer, foreman]N'N$ugula/ugula#~",
"f": {"lang": "sux",
"form": "ugula",
"cf": "ugula",
"gw": "overseer",
"sense": "overseer, foreman",
"norm0": "ugula",
"pos": "N",
"epos": "N",
"base": "ugula",
"morph": "~"}
}
,
{
"node": "l",
"id": "Q000008.l09c59",
"ref": "Q000008.58.2",
"inst": "unud[cowherd]",
"sig": "@dcclt%sux:unud=unud[cowherd//cattle herder]N'N$unud/unud#~",
"f": {"lang": "sux",
"form": "unud",
"cf": "unud",
"gw": "cowherd",
"sense": "cattle herder",
"norm0": "unud",
"pos": "N",
"epos": "N",
"base": "unud",
"morph": "~"}
}
,
{
"node": "d",
"type": "line-start",
"ref": "Q000008.59",
"n": "59",
"label": "59"}
,
{
"node": "l",
"id": "Q000008.l09c5a",
"ref": "Q000008.59.1",
"inst": "luhša[functionary]",
"sig": "@dcclt%sux:luhša=luhša[functionary//a temple functionary]N'N$luhša/luhša#~",
"f": {"lang": "sux",
"form": "luhša",
"cf": "luhša",
"gw": "functionary",
"sense": "a temple functionary",
"norm0": "luhša",
"pos": "N",
"epos": "N",
"base": "luhša",
"morph": "~"}
}
,
{
"node": "d",
"type": "line-start",
"ref": "Q000008.60",
"n": "60",
"label": "60"}
,
{
"node": "l",
"id": "Q000008.l09c5b",
"ref": "Q000008.60.1",
"inst": "luhša[functionary]",
"sig": "@dcclt%sux:luhša=luhša[functionary//a temple functionary]N'N$luhša/luhša#~",
"f": {"lang": "sux",
"form": "luhša",
"cf": "luhša",
"gw": "functionary",
"sense": "a temple functionary",
"norm0": "luhša",
"pos": "N",
"epos": "N",
"base": "luhša",
"morph": "~"}
}
,
{
"node": "l",
"id": "Q000008.l09c5c",
"ref": "Q000008.60.2",
"inst": "kisal[courtyard]",
"sig": "@dcclt%sux:kisal=kisal[courtyard//courtyard]N'N$kisal/kisal#~",
"f": {"lang": "sux",
"form": "kisal",
"cf": "kisal",
"gw": "courtyard",
"sense": "courtyard",
"norm0": "kisal",
"pos": "N",
"epos": "N",
"base": "kisal",
"morph": "~"}
}
,
{
"node": "d",
"type": "line-start",
"ref": "Q000008.61",
"n": "61",
"label": "61"}
,
{
"node": "l",
"id": "Q000008.l09c5d",
"ref": "Q000008.61.1",
"inst": "gal[big]",
"sig": "@dcclt%sux:gal=gal[big//big]V/i'V/i$gal/gal#~",
"f": {"lang": "sux",
"form": "gal",
"cf": "gal",
"gw": "big",
"sense": "big",
"norm0": "gal",
"pos": "V/i",
"epos": "V/i",
"base": "gal",
"morph": "~"}
}
,
{
"node": "l",
"id": "Q000008.l09c5e",
"ref": "Q000008.61.2",
"inst": "pa[branch]",
"sig": "@dcclt%sux:pa=pa[branch//branch]N'N$pa/pa#~",
"f": {"lang": "sux",
"form": "pa",
"cf": "pa",
"gw": "branch",
"sense": "branch",
"norm0": "pa",
"pos": "N",
"epos": "N",
"base": "pa",
"morph": "~"}
}
,
{
"node": "l",
"id": "Q000008.l09c5f",
"ref": "Q000008.61.3",
"inst": "dim[post]",
"sig": "@dcclt%sux:dim=dim[post//post]N'N$dim/dim#~",
"f": {"lang": "sux",
"form": "dim",
"cf": "dim",
"gw": "post",
"sense": "post",
"norm0": "dim",
"pos": "N",
"epos": "N",
"base": "dim",
"morph": "~"}
}
,
{
"node": "d",
"type": "line-start",
"ref": "Q000008.62",
"n": "62",
"label": "62"}
,
{
"node": "l",
"id": "Q000008.l09c60",
"ref": "Q000008.62.1",
"inst": "gal[big]",
"sig": "@dcclt%sux:gal=gal[big//big]V/i'V/i$gal/gal#~",
"f": {"lang": "sux",
"form": "gal",
"cf": "gal",
"gw": "big",
"sense": "big",
"norm0": "gal",
"pos": "V/i",
"epos": "V/i",
"base": "gal",
"morph": "~"}
}
,
{
"node": "ll",
"id": "Q000008.l09c61",
"choices": [
{
"node": "l",
"ref": "Q000008.62.2",
"inst": "%sux:šab=šab[hips]",
"sig": "@dcclt%sux:šab=šab[hips//hips]N'N$šab/šab#~",
"f": {"lang": "sux",
"form": "šab",
"cf": "šab",
"gw": "hips",
"sense": "hips",
"norm0": "šab",
"pos": "N",
"epos": "N",
"base": "šab",
"morph": "~"}
}
,
{
"node": "l",
"ref": "Q000008.62.2",
"inst": "%sux:šab=šab[sealing]",
"sig": "@dcclt%sux:šab=šab[sealing//clay sealing, sealed bulla]N'N$šab/šab#~",
"f": {"lang": "sux",
"form": "šab",
"cf": "šab",
"gw": "hips",
"sense": "hips",
"norm0": "šab",
"pos": "N",
"epos": "N",
"base": "šab",
"morph": "~"}
}
]}
,
{
"node": "d",
"type": "line-start",
"ref": "Q000008.63",
"n": "63",
"label": "63"}
,
{
"node": "l",
"id": "Q000008.l09c62",
"ref": "Q000008.63.1",
"inst": "X",
"f": {"lang": "sux",
"form": "DUN",
"pos": "X"}
}
,
{
"node": "l",
"id": "Q000008.l09c63",
"ref": "Q000008.63.2",
"inst": "hamun[harmony]",
"sig": "@dcclt%sux:ha-mun=hamun[harmony//harmony]N'N$hamun/ha-mun#~",
"f": {"lang": "sux",
"form": "ha-mun",
"cf": "hamun",
"gw": "harmony",
"sense": "harmony",
"norm0": "hamun",
"pos": "N",
"epos": "N",
"base": "ha-mun",
"morph": "~"}
}
,
{
"node": "d",
"type": "line-start",
"ref": "Q000008.64",
"n": "64",
"label": "64"}
,
{
"node": "l",
"id": "Q000008.l09c64",
"ref": "Q000008.64.1",
"inst": "saŋŋa[official]",
"sig": "@dcclt%sux:saŋŋa=saŋŋa[official//an official, the chief administrator of a temple household]N'N$saŋŋa/saŋŋa#~",
"f": {"lang": "sux",
"form": "saŋŋa",
"cf": "saŋŋa",
"gw": "official",
"sense": "an official, the chief administrator of a temple household",
"norm0": "saŋŋa",
"pos": "N",
"epos": "N",
"base": "saŋŋa",
"morph": "~"}
}
,
{
"node": "l",
"id": "Q000008.l09c65",
"ref": "Q000008.64.2",
"inst": "X",
"f": {"lang": "sux",
"form": "|GA₂×GAR|-me",
"pos": "X"}
}
,
{
"node": "d",
"type": "line-start",
"ref": "Q000008.65",
"n": "65",
"label": "65"}
,
{
"node": "l",
"id": "Q000008.l09c66",
"ref": "Q000008.65.1",
"inst": "X",
"f": {"lang": "sux",
"form": "TUR-TUR",
"pos": "X"}
}
,
{
"node": "l",
"id": "Q000008.l09c67",
"ref": "Q000008.65.2",
"inst": "X",
"f": {"lang": "sux",
"form": "IŠ",
"pos": "X"}
}
,
{
"node": "d",
"type": "line-start",
"ref": "Q000008.66",
"n": "66",
"label": "66"}
,
{
"node": "l",
"id": "Q000008.l09c68",
"ref": "Q000008.66.1",
"inst": "saŋŋa[official]",
"sig": "@dcclt%sux:saŋŋa=saŋŋa[official//an official, the chief administrator of a temple household]N'N$saŋŋa/saŋŋa#~",
"f": {"lang": "sux",
"form": "saŋŋa",
"cf": "saŋŋa",
"gw": "official",
"sense": "an official, the chief administrator of a temple household",
"norm0": "saŋŋa",
"pos": "N",
"epos": "N",
"base": "saŋŋa",
"morph": "~"}
}
,
{
"node": "l",
"id": "Q000008.l09c69",
"ref": "Q000008.66.2",
"inst": "e[house]",
"sig": "@dcclt%sux:e₂=e[house//house]N'N$e/e₂#~",
"f": {"lang": "sux",
"form": "e₂",
"cf": "e",
"gw": "house",
"sense": "house",
"norm0": "e",
"pos": "N",
"epos": "N",
"base": "e₂",
"morph": "~"}
}
,
{
"node": "l",
"id": "Q000008.l09c6a",
"ref": "Q000008.66.3",
"inst": "kug[pure]",
"sig": "@dcclt%sux:kug=kug[pure//pure]V/i'V/i$kug/kug#~",
"f": {"lang": "sux",
"form": "kug",
"cf": "kug",
"gw": "pure",
"sense": "pure",
"norm0": "kug",
"pos": "V/i",
"epos": "V/i",
"base": "kug",
"morph": "~"}
}
,
{
"node": "d",
"type": "line-start",
"ref": "Q000008.67",
"n": "67",
"label": "67"}
,
{
"node": "l",
"id": "Q000008.l09c6b",
"ref": "Q000008.67.1",
"inst": "anta[upper]",
"sig": "@dcclt%sux:an-ta=anta[upper//upper]V/t'V/t$anta/an-ta#~",
"f": {"lang": "sux",
"form": "an-ta",
"cf": "anta",
"gw": "upper",
"sense": "upper",
"norm0": "anta",
"pos": "V/t",
"epos": "V/t",
"base": "an-ta",
"morph": "~"}
}
,
{
"node": "l",
"id": "Q000008.l09c6c",
"ref": "Q000008.67.2",
"inst": "eb[oval]",
"sig": "@dcclt%sux:ib=eb[oval//oval]N'N$eb/eb#~",
"f": {"lang": "sux",
"form": "ib",
"cf": "eb",
"gw": "oval",
"sense": "oval",
"norm0": "eb",
"pos": "N",
"epos": "N",
"base": "eb",
"morph": "~"}
}
,
{
"node": "d",
"type": "line-start",
"ref": "Q000008.68",
"n": "68",
"label": "68"}
,
{
"node": "l",
"id": "Q000008.l09c6d",
"ref": "Q000008.68.1",
"inst": "eb[oval]",
"sig": "@dcclt%sux:eb=eb[oval//oval]N'N$eb/eb#~",
"f": {"lang": "sux",
"form": "eb",
"cf": "eb",
"gw": "oval",
"sense": "oval",
"norm0": "eb",
"pos": "N",
"epos": "N",
"base": "eb",
"morph": "~"}
}
,
{
"node": "l",
"id": "Q000008.l09c6e",
"ref": "Q000008.68.2",
"inst": "X",
"f": {"lang": "sux",
"form": "LAK390",
"pos": "X"}
}
,
{
"node": "d",
"type": "line-start",
"ref": "Q000008.69",
"n": "69",
"label": "69"}
,
{
"node": "l",
"id": "Q000008.l09c6f",
"ref": "Q000008.69.1",
"inst": "anta[upper]",
"sig": "@dcclt%sux:an-ta=anta[upper//upper]V/t'V/t$anta/an-ta#~",
"f": {"lang": "sux",
"form": "an-ta",
"cf": "anta",
"gw": "upper",
"sense": "upper",
"norm0": "anta",
"pos": "V/t",
"epos": "V/t",
"base": "an-ta",
"morph": "~"}
}
,
{
"node": "l",
"id": "Q000008.l09c70",
"ref": "Q000008.69.2",
"inst": "ga[milk]",
"sig": "@dcclt%sux:ga=ga[milk//milk]N'N$ga/ga#~",
"f": {"lang": "sux",
"form": "ga",
"cf": "ga",
"gw": "milk",
"sense": "milk",
"norm0": "ga",
"pos": "N",
"epos": "N",
"base": "ga",
"morph": "~"}
}
,
{
"node": "d",
"type": "line-start",
"ref": "Q000008.70",
"n": "70",
"label": "70"}
,
{
"node": "l",
"id": "Q000008.l09c71",
"ref": "Q000008.70.1",
"inst": "X",
"f": {"lang": "sux",
"form": "LAK390",
"pos": "X"}
}
,
{
"node": "l",
"id": "Q000008.l09c72",
"ref": "Q000008.70.2",
"inst": "ga[milk]",
"sig": "@dcclt%sux:ga=ga[milk//milk]N'N$ga/ga#~",
"f": {"lang": "sux",
"form": "ga",
"cf": "ga",
"gw": "milk",
"sense": "milk",
"norm0": "ga",
"pos": "N",
"epos": "N",
"base": "ga",
"morph": "~"}
}
,
{
"node": "d",
"type": "line-start",
"ref": "Q000008.71",
"n": "71",
"label": "71"}
,
{
"node": "l",
"id": "Q000008.l09c73",
"ref": "Q000008.71.1",
"inst": "šen[cauldron]",
"sig": "@dcclt%sux:šen=šen[cauldron//cauldron]N'N$šen/šen#~",
"f": {"lang": "sux",
"form": "šen",
"cf": "šen",
"gw": "cauldron",
"sense": "cauldron",
"norm0": "šen",
"pos": "N",
"epos": "N",
"base": "šen",
"morph": "~"}
}
,
{
"node": "d",
"type": "line-start",
"ref": "Q000008.72",
"n": "72",
"label": "72"}
,
{
"node": "l",
"id": "Q000008.l09c74",
"ref": "Q000008.72.1",
"inst": "uri[vessel]",
"sig": "@dcclt%sux:uri=uri[vessel//vessel]N'N$uri/uri#~",
"f": {"lang": "sux",
"form": "uri",
"cf": "uri",
"gw": "vessel",
"sense": "vessel",
"norm0": "uri",
"pos": "N",
"epos": "N",
"base": "uri",
"morph": "~"}
}
,
{
"node": "l",
"id": "Q000008.l09c75",
"ref": "Q000008.72.2",
"inst": "a[water]",
"sig": "@dcclt%sux:a=a[water//water]N'N$a/a#~",
"f": {"lang": "sux",
"form": "a",
"cf": "a",
"gw": "water",
"sense": "water",
"norm0": "a",
"pos": "N",
"epos": "N",
"base": "a",
"morph": "~"}
}
,
{
"node": "d",
"type": "line-start",
"ref": "Q000008.73",
"n": "73",
"label": "73"}
,
{
"node": "l",
"id": "Q000008.l09c76",
"ref": "Q000008.73.1",
"inst": "X",
"f": {"lang": "sux",
"form": "GA₂",
"pos": "X"}
}
,
{
"node": "d",
"type": "line-start",
"ref": "Q000008.74",
"n": "74",
"label": "74"}
,
{
"node": "l",
"id": "Q000008.l09c77",
"ref": "Q000008.74.1",
"inst": "X",
"f": {"lang": "sux",
"form": "ME",
"pos": "X"}
}
,
{
"node": "d",
"type": "line-start",
"ref": "Q000008.75",
"n": "75",
"label": "75"}
,
{
"node": "l",
"id": "Q000008.l09c78",
"ref": "Q000008.75.1",
"inst": "X",
"f": {"lang": "sux",
"form": "TUG₂-A",
"pos": "X"}
}
,
{
"node": "d",
"type": "line-start",
"ref": "Q000008.76",
"n": "76",
"label": "76"}
,
{
"node": "l",
"id": "Q000008.l09c79",
"ref": "Q000008.76.1",
"inst": "X",
"f": {"lang": "sux",
"form": "EREN-A",
"pos": "X"}
}
,
{
"node": "d",
"type": "line-start",
"ref": "Q000008.77",
"n": "77",
"label": "77"}
,
{
"node": "l",
"id": "Q000008.l09c7a",
"ref": "Q000008.77.1",
"inst": "lungak[brewer]",
"sig": "@dcclt%sux:lunga=lungak[brewer//brewer]N'N$lungak/lunga#~",
"f": {"lang": "sux",
"form": "lunga",
"cf": "lungak",
"gw": "brewer",
"sense": "brewer",
"norm0": "lungak",
"pos": "N",
"epos": "N",
"base": "lunga",
"morph": "~"}
}
,
{
"node": "d",
"type": "line-start",
"ref": "Q000008.78",
"n": "78",
"label": "78"}
,
{
"node": "l",
"id": "Q000008.l09c7b",
"ref": "Q000008.78.1",
"inst": "lungak[brewer]",
"sig": "@dcclt%sux:lunga=lungak[brewer//brewer]N'N$lungak/lunga#~",
"f": {"lang": "sux",
"form": "lunga",
"cf": "lungak",
"gw": "brewer",
"sense": "brewer",
"norm0": "lungak",
"pos": "N",
"epos": "N",
"base": "lunga",
"morph": "~"}
}
,
{
"node": "c",
"type": "phrase",
"tag": "phr",
"id": "Q000008.U4",
"ref": "Q000008.ls00000",
"cdl": [
{
"node": "l",
"id": "Q000008.l09c7c",
"ref": "Q000008.78.2",
"inst": "šu[hand]",
"sig": "@dcclt%sux:šu=šu[hand//hand]N'N$šu/šu#~",
"f": {"lang": "sux",
"form": "šu",
"cf": "šu",
"gw": "hand",
"sense": "hand",
"norm0": "šu",
"pos": "N",
"epos": "N",
"base": "šu",
"morph": "~"}
}
,
{
"node": "l",
"id": "Q000008.l09c7d",
"ref": "Q000008.78.3",
"inst": "du[spread]",
"sig": "@dcclt%sux:du₈=du[spread//spread]V/t'V/t$du/du₈#~",
"f": {"lang": "sux",
"form": "du₈",
"cf": "du",
"gw": "spread",
"sense": "spread",
"norm0": "du",
"pos": "V/t",
"epos": "V/t",
"base": "du₈",
"morph": "~"}
}
]}
,
{
"node": "d",
"type": "line-start",
"ref": "Q000008.79",
"n": "79",
"label": "79"}
,
{
"node": "l",
"id": "Q000008.l09c7e",
"ref": "Q000008.79.1",
"inst": "azu[doctor]",
"sig": "@dcclt%sux:a-zu₅=azu[doctor//doctor]N'N$azu/a-zu₅#~",
"f": {"lang": "sux",
"form": "a-zu₅",
"cf": "azu",
"gw": "doctor",
"sense": "doctor",
"norm0": "azu",
"pos": "N",
"epos": "N",
"base": "a-zu₅",
"morph": "~"}
}
,
{
"node": "d",
"type": "line-start",
"ref": "Q000008.80",
"n": "80",
"label": "80"}
,
{
"node": "l",
"id": "Q000008.l09c7f",
"ref": "Q000008.80.1",
"inst": "šukud[fisherman]",
"sig": "@dcclt%sux:šu-ku₆=šukud[fisherman//fisherman]N'N$šukud/šu-ku₆#~",
"f": {"lang": "sux",
"form": "šu-ku₆",
"cf": "šukud",
"gw": "fisherman",
"sense": "fisherman",
"norm0": "šukud",
"pos": "N",
"epos": "N",
"base": "šu-ku₆",
"morph": "~"}
}
,
{
"node": "d",
"type": "line-start",
"ref": "Q000008.81",
"n": "81",
"label": "81"}
,
{
"node": "ll",
"id": "Q000008.l09c80",
"choices": [
{
"node": "l",
"ref": "Q000008.81.1",
"inst": "%sux:gar₃=gar[cake]",
"sig": "@dcclt%sux:gar₃=gar[cake//a cake or a baked product]N'N$gar/gar₃#~",
"f": {"lang": "sux",
"form": "gar₃",
"cf": "gar",
"gw": "cake",
"sense": "a cake or a baked product",
"norm0": "gar",
"pos": "N",
"epos": "N",
"base": "gar₃",
"morph": "~"}
}
,
{
"node": "l",
"ref": "Q000008.81.1",
"inst": "%sux:gar₃=gar[hairstyle]",
"sig": "@dcclt%sux:gar₃=gar[hairstyle//a hairstyle]N'N$gar/gar₃#~",
"f": {"lang": "sux",
"form": "gar₃",
"cf": "gar",
"gw": "cake",
"sense": "a cake or a baked product",
"norm0": "gar",
"pos": "N",
"epos": "N",
"base": "gar₃",
"morph": "~"}
}
,
{
"node": "l",
"ref": "Q000008.81.1",
"inst": "%sux:gar₃=gar[knob]",
"sig": "@dcclt%sux:gar₃=gar[knob//knob]N'N$gar/gar₃#~",
"f": {"lang": "sux",
"form": "gar₃",
"cf": "gar",
"gw": "cake",
"sense": "a cake or a baked product",
"norm0": "gar",
"pos": "N",
"epos": "N",
"base": "gar₃",
"morph": "~"}
}
]}
,
{
"node": "d",
"type": "line-start",
"ref": "Q000008.82",
"n": "82",
"label": "82"}
,
{
"node": "l",
"id": "Q000008.l09c81",
"ref": "Q000008.82.1",
"inst": "uzu[flesh]",
"sig": "@dcclt%sux:uzu(LAK350)=uzu[flesh//flesh]N'N$uzu/uzu(LAK350)#~",
"f": {"lang": "sux",
"form": "uzu(LAK350)",
"cf": "uzu",
"gw": "flesh",
"sense": "flesh",
"norm0": "uzu",
"pos": "N",
"epos": "N",
"base": "uzu(LAK350)",
"morph": "~"}
}
,
{
"node": "l",
"id": "Q000008.l09c82",
"ref": "Q000008.82.2",
"inst": "ak[do]",
"sig": "@dcclt%sux:ak=ak[do//do]V/t'V/t$ak/ak#~",
"f": {"lang": "sux",
"form": "ak",
"cf": "ak",
"gw": "do",
"sense": "do",
"norm0": "ak",
"pos": "V/t",
"epos": "V/t",
"base": "ak",
"morph": "~"}
}
,
{
"node": "d",
"type": "line-start",
"ref": "Q000008.83",
"n": "83",
"label": "83"}
,
{
"node": "l",
"id": "Q000008.l09c83",
"ref": "Q000008.83.1",
"inst": "muhaldim[cook]",
"sig": "@dcclt%sux:muhaldim=muhaldim[cook//cook]N'N$muhaldim/muhaldim#~",
"f": {"lang": "sux",
"form": "muhaldim",
"cf": "muhaldim",
"gw": "cook",
"sense": "cook",
"norm0": "muhaldim",
"pos": "N",
"epos": "N",
"base": "muhaldim",
"morph": "~"}
}
,
{
"node": "d",
"type": "line-start",
"ref": "Q000008.84",
"n": "84",
"label": "84"}
,
{
"node": "l",
"id": "Q000008.l09c84",
"ref": "Q000008.84.1",
"inst": "uzu[flesh]",
"sig": "@dcclt%sux:uzu=uzu[flesh//flesh]N'N$uzu/uzu#~",
"f": {"lang": "sux",
"form": "uzu",
"cf": "uzu",
"gw": "flesh",
"sense": "flesh",
"norm0": "uzu",
"pos": "N",
"epos": "N",
"base": "uzu",
"morph": "~"}
}
,
{
"node": "l",
"id": "Q000008.l09c85",
"ref": "Q000008.84.2",
"inst": "šeŋ[cook]",
"sig": "@dcclt%sux:mu-šeŋ₆=šeŋ[cook//to cook]V/t'V/t$mu:šeŋ/šeŋ₆#mu:~",
"f": {"lang": "sux",
"form": "mu-šeŋ₆",
"cf": "šeŋ",
"gw": "cook",
"sense": "to cook",
"norm0": "mu:šeŋ",
"pos": "V/t",
"epos": "V/t",
"base": "šeŋ₆",
"morph": "mu:~"}
}
,
{
"node": "d",
"type": "line-start",
"ref": "Q000008.85",
"n": "85",
"label": "85"}
,
{
"node": "l",
"id": "Q000008.l09c86",
"ref": "Q000008.85.1",
"inst": "muhaldim[cook]",
"sig": "@dcclt%sux:muhaldim=muhaldim[cook//cook]N'N$muhaldim/muhaldim#~",
"f": {"lang": "sux",
"form": "muhaldim",
"cf": "muhaldim",
"gw": "cook",
"sense": "cook",
"norm0": "muhaldim",
"pos": "N",
"epos": "N",
"base": "muhaldim",
"morph": "~"}
}
,
{
"node": "d",
"type": "line-start",
"ref": "Q000008.86",
"n": "86",
"label": "86"}
,
{
"node": "l",
"id": "Q000008.l09c87",
"ref": "Q000008.86.1",
"inst": "kud[fish]",
"sig": "@dcclt%sux:ku₆=kud[fish//fish]N'N$kud/ku₆#~",
"f": {"lang": "sux",
"form": "ku₆",
"cf": "kud",
"gw": "fish",
"sense": "fish",
"norm0": "kud",
"pos": "N",
"epos": "N",
"base": "ku₆",
"morph": "~"}
}
,
{
"node": "l",
"id": "Q000008.l09c88",
"ref": "Q000008.86.2",
"inst": "šeŋ[cook]",
"sig": "@dcclt%sux:mu-šeŋ₆=šeŋ[cook//to cook]V/t'V/t$mu:šeŋ/šeŋ₆#mu:~",
"f": {"lang": "sux",
"form": "mu-šeŋ₆",
"cf": "šeŋ",
"gw": "cook",
"sense": "to cook",
"norm0": "mu:šeŋ",
"pos": "V/t",
"epos": "V/t",
"base": "šeŋ₆",
"morph": "mu:~"}
}
,
{
"node": "d",
"type": "line-start",
"ref": "Q000008.87",
"n": "87",
"label": "87"}
,
{
"node": "l",
"id": "Q000008.l09c89",
"ref": "Q000008.87.1",
"inst": "nisig[greenery]",
"sig": "@dcclt%sux:nisig=nisig[greenery//greenery, vegetable(s)]N'N$nisig/nisig#~",
"f": {"lang": "sux",
"form": "nisig",
"cf": "nisig",
"gw": "greenery",
"sense": "greenery, vegetable(s)",
"norm0": "nisig",
"pos": "N",
"epos": "N",
"base": "nisig",
"morph": "~"}
}
,
{
"node": "d",
"type": "line-start",
"ref": "Q000008.88",
"n": "88",
"label": "88"}
,
{
"node": "l",
"id": "Q000008.l09c8a",
"ref": "Q000008.88.1",
"inst": "šum[garlic]",
"sig": "@dcclt%sux:šum₂{sar}=šum[garlic//garlic]N'N$šum/šum₂{sar}#~",
"f": {"lang": "sux",
"form": "šum₂{sar}",
"cf": "šum",
"gw": "garlic",
"sense": "garlic",
"norm0": "šum",
"pos": "N",
"epos": "N",
"base": "šum₂{sar}",
"morph": "~"}
}
,
{
"node": "d",
"type": "line-start",
"ref": "Q000008.89",
"n": "89",
"label": "89"}
,
{
"node": "l",
"id": "Q000008.l09c8b",
"ref": "Q000008.89.1",
"inst": "ŋuruš[male]",
"sig": "@dcclt%sux:ŋuruš=ŋuruš[male//male]N'N$ŋuruš/ŋuruš#~",
"f": {"lang": "sux",
"form": "ŋuruš",
"cf": "ŋuruš",
"gw": "male",
"sense": "male",
"norm0": "ŋuruš",
"pos": "N",
"epos": "N",
"base": "ŋuruš",
"morph": "~"}
}
,
{
"node": "d",
"type": "line-start",
"ref": "Q000008.90",
"n": "90",
"label": "90"}
,
{
"node": "l",
"id": "Q000008.l09c8c",
"ref": "Q000008.90.1",
"inst": "n",
"f": {"lang": "sux",
"form": "1(aš)",
"pos": "n"}
}
,
{
"node": "l",
"id": "Q000008.l09c8d",
"ref": "Q000008.90.2",
"inst": "ŋuruš[male]",
"sig": "@dcclt%sux:ŋuruš=ŋuruš[male//male]N'N$ŋuruš/ŋuruš#~",
"f": {"lang": "sux",
"form": "ŋuruš",
"cf": "ŋuruš",
"gw": "male",
"sense": "male",
"norm0": "ŋuruš",
"pos": "N",
"epos": "N",
"base": "ŋuruš",
"morph": "~"}
}
,
{
"node": "d",
"type": "line-start",
"ref": "Q000008.91",
"n": "91",
"label": "91"}
,
{
"node": "l",
"id": "Q000008.l09c8e",
"ref": "Q000008.91.1",
"inst": "niŋin[total]",
"sig": "@dcclt%sux:niŋin=niŋin[total//total]N'N$niŋin/niŋin#~",
"f": {"lang": "sux",
"form": "niŋin",
"cf": "niŋin",
"gw": "total",
"sense": "total",
"norm0": "niŋin",
"pos": "N",
"epos": "N",
"base": "niŋin",
"morph": "~"}
}
,
{
"node": "l",
"id": "Q000008.l09c8f",
"ref": "Q000008.91.2",
"inst": "ŋuruš[male]",
"sig": "@dcclt%sux:ŋuruš=ŋuruš[male//male]N'N$ŋuruš/ŋuruš#~",
"f": {"lang": "sux",
"form": "ŋuruš",
"cf": "ŋuruš",
"gw": "male",
"sense": "male",
"norm0": "ŋuruš",
"pos": "N",
"epos": "N",
"base": "ŋuruš",
"morph": "~"}
}
,
{
"node": "d",
"type": "line-start",
"ref": "Q000008.92",
"n": "92",
"label": "92"}
,
{
"node": "l",
"id": "Q000008.l09c90",
"ref": "Q000008.92.1",
"inst": "andul[shade]",
"sig": "@dcclt%sux:an-dul₃=andul[shade//shade]N'N$andul/an-dul₃#~",
"f": {"lang": "sux",
"form": "an-dul₃",
"cf": "andul",
"gw": "shade",
"sense": "shade",
"norm0": "andul",
"pos": "N",
"epos": "N",
"base": "an-dul₃",
"morph": "~"}
}
,
{
"node": "l",
"id": "Q000008.l09c91",
"ref": "Q000008.92.2",
"inst": "ŋuruš[male]",
"sig": "@dcclt%sux:ŋuruš=ŋuruš[male//male]N'N$ŋuruš/ŋuruš#~",
"f": {"lang": "sux",
"form": "ŋuruš",
"cf": "ŋuruš",
"gw": "male",
"sense": "male",
"norm0": "ŋuruš",
"pos": "N",
"epos": "N",
"base": "ŋuruš",
"morph": "~"}
}
,
{
"node": "l",
"id": "Q000008.l09c92",
"ref": "Q000008.92.3",
"inst": "ak[do]",
"sig": "@dcclt%sux:ak=ak[do//do]V/t'V/t$ak/ak#~",
"f": {"lang": "sux",
"form": "ak",
"cf": "ak",
"gw": "do",
"sense": "do",
"norm0": "ak",
"pos": "V/t",
"epos": "V/t",
"base": "ak",
"morph": "~"}
}
,
{
"node": "d",
"type": "line-start",
"ref": "Q000008.93",
"n": "93",
"label": "93"}
,
{
"node": "l",
"id": "Q000008.l09c93",
"ref": "Q000008.93.1",
"inst": "X",
"f": {"lang": "sux",
"form": "SAG@g",
"pos": "X"}
}
,
{
"node": "d",
"type": "line-start",
"ref": "Q000008.94",
"n": "94",
"label": "94"}
,
{
"node": "l",
"id": "Q000008.l09c94",
"ref": "Q000008.94.1",
"inst": "n",
"f": {"lang": "sux",
"form": "2(aš)",
"pos": "n"}
}
,
{
"node": "l",
"id": "Q000008.l09c95",
"ref": "Q000008.94.2",
"inst": "X",
"f": {"lang": "sux",
"form": "SAG@g",
"pos": "X"}
}
,
{
"node": "d",
"type": "line-start",
"ref": "Q000008.95",
"n": "95",
"label": "95"}
,
{
"node": "l",
"id": "Q000008.l09c96",
"ref": "Q000008.95.1",
"inst": "niŋin[total]",
"sig": "@dcclt%sux:niŋin=niŋin[total//total]N'N$niŋin/niŋin#~",
"f": {"lang": "sux",
"form": "niŋin",
"cf": "niŋin",
"gw": "total",
"sense": "total",
"norm0": "niŋin",
"pos": "N",
"epos": "N",
"base": "niŋin",
"morph": "~"}
}
,
{
"node": "l",
"id": "Q000008.l09c97",
"ref": "Q000008.95.2",
"inst": "X",
"f": {"lang": "sux",
"form": "SAG@g",
"pos": "X"}
}
,
{
"node": "d",
"type": "line-start",
"ref": "Q000008.96",
"n": "96",
"label": "96"}
,
{
"node": "l",
"id": "Q000008.l09c98",
"ref": "Q000008.96.1",
"inst": "andul[shade]",
"sig": "@dcclt%sux:{ŋeš}an-dul₃=andul[shade//shade]N'N$andul/{ŋeš}an-dul₃#~",
"f": {"lang": "sux",
"form": "{ŋeš}an-dul₃",
"cf": "andul",
"gw": "shade",
"sense": "shade",
"norm0": "andul",
"pos": "N",
"epos": "N",
"base": "{ŋeš}an-dul₃",
"morph": "~"}
}
,
{
"node": "l",
"id": "Q000008.l09c99",
"ref": "Q000008.96.2",
"inst": "ak[do]",
"sig": "@dcclt%sux:ak=ak[do//do]V/t'V/t$ak/ak#~",
"f": {"lang": "sux",
"form": "ak",
"cf": "ak",
"gw": "do",
"sense": "do",
"norm0": "ak",
"pos": "V/t",
"epos": "V/t",
"base": "ak",
"morph": "~"}
}
,
{
"node": "d",
"type": "line-start",
"ref": "Q000008.97",
"n": "97",
"label": "97"}
,
{
"node": "l",
"id": "Q000008.l09c9a",
"ref": "Q000008.97.1",
"inst": "X",
"f": {"lang": "sux",
"form": "|URU×MIN|",
"pos": "X"}
}
,
{
"node": "c",
"type": "phrase",
"tag": "phr",
"id": "Q000008.U5",
"ref": "Q000008.ls00001",
"cdl": [
{
"node": "l",
"id": "Q000008.l09c9b",
"ref": "Q000008.97.2",
"inst": "šu[hand]",
"sig": "@dcclt%sux:šu=šu[hand//hand]N'N$šu/šu#~",
"f": {"lang": "sux",
"form": "šu",
"cf": "šu",
"gw": "hand",
"sense": "hand",
"norm0": "šu",
"pos": "N",
"epos": "N",
"base": "šu",
"morph": "~"}
}
,
{
"node": "l",
"id": "Q000008.l09c9c",
"ref": "Q000008.97.3",
"inst": "du[spread]",
"sig": "@dcclt%sux:du₈=du[spread//spread]V/t'V/t$du/du₈#~",
"f": {"lang": "sux",
"form": "du₈",
"cf": "du",
"gw": "spread",
"sense": "spread",
"norm0": "du",
"pos": "V/t",
"epos": "V/t",
"base": "du₈",
"morph": "~"}
}
]}
,
{
"node": "d",
"type": "line-start",
"ref": "Q000008.98",
"n": "98",
"label": "98"}
,
{
"node": "l",
"id": "Q000008.l09c9d",
"ref": "Q000008.98.1",
"inst": "kalam[land]",
"sig": "@dcclt%sux:kalam=kalam[land//the Land (of Sumer)]N'N$kalam/kalam#~",
"f": {"lang": "sux",
"form": "kalam",
"cf": "kalam",
"gw": "land",
"sense": "the Land (of Sumer)",
"norm0": "kalam",
"pos": "N",
"epos": "N",
"base": "kalam",
"morph": "~"}
}
,
{
"node": "c",
"type": "phrase",
"tag": "phr",
"id": "Q000008.U6",
"ref": "Q000008.ls00002",
"cdl": [
{
"node": "l",
"id": "Q000008.l09c9e",
"ref": "Q000008.98.2",
"inst": "šu[hand]",
"sig": "@dcclt%sux:šu=šu[hand//hand]N'N$šu/šu#~",
"f": {"lang": "sux",
"form": "šu",
"cf": "šu",
"gw": "hand",
"sense": "hand",
"norm0": "šu",
"pos": "N",
"epos": "N",
"base": "šu",
"morph": "~"}
}
,
{
"node": "l",
"id": "Q000008.l09c9f",
"ref": "Q000008.98.3",
"inst": "du[spread]",
"sig": "@dcclt%sux:du₈=du[spread//spread]V/t'V/t$du/du₈#~",
"f": {"lang": "sux",
"form": "du₈",
"cf": "du",
"gw": "spread",
"sense": "spread",
"norm0": "du",
"pos": "V/t",
"epos": "V/t",
"base": "du₈",
"morph": "~"}
}
]}
,
{
"node": "d",
"type": "line-start",
"ref": "Q000008.99",
"n": "99",
"label": "99"}
,
{
"node": "l",
"id": "Q000008.l09ca0",
"ref": "Q000008.99.1",
"inst": "mu[name]",
"sig": "@dcclt%sux:mu-mu=mu[name//name]N'N$mu,ŋu/mu#~,ŋu",
"f": {"lang": "sux",
"form": "mu-mu",
"cf": "mu",
"gw": "name",
"sense": "name",
"norm0": "mu,ŋu",
"pos": "N",
"epos": "N",
"base": "mu",
"morph": "~,ŋu"}
}
,
{
"node": "d",
"type": "line-start",
"ref": "Q000008.100",
"n": "100",
"label": "100"}
,
{
"node": "l",
"id": "Q000008.l09ca1",
"ref": "Q000008.100.1",
"inst": "ŋeš[tree]",
"sig": "@dcclt%sux:ŋeš=ŋeš[tree//tree]N'N$ŋeš/ŋeš#~",
"f": {"lang": "sux",
"form": "ŋeš",
"cf": "ŋeš",
"gw": "tree",
"sense": "tree",
"norm0": "ŋeš",
"pos": "N",
"epos": "N",
"base": "ŋeš",
"morph": "~"}
}
,
{
"node": "l",
"id": "Q000008.l09ca2",
"ref": "Q000008.100.2",
"inst": "saŋ[head]",
"sig": "@dcclt%sux:saŋ=saŋ[head//head]N'N$saŋ/saŋ#~",
"f": {"lang": "sux",
"form": "saŋ",
"cf": "saŋ",
"gw": "head",
"sense": "head",
"norm0": "saŋ",
"pos": "N",
"epos": "N",
"base": "saŋ",
"morph": "~"}
}
,
{
"node": "d",
"type": "line-start",
"ref": "Q000008.101",
"n": "101",
"label": "101"}
,
{
"node": "l",
"id": "Q000008.l09ca3",
"ref": "Q000008.101.1",
"inst": "buru[bird]",
"sig": "@dcclt%sux:buru₄{mušen}=buru[bird//a bird of prey or a vulture]N'N$buru/buru₄{mušen}#~",
"f": {"lang": "sux",
"form": "buru₄{mušen}",
"cf": "buru",
"gw": "bird",
"sense": "a bird of prey or a vulture",
"norm0": "buru",
"pos": "N",
"epos": "N",
"base": "buru₄{mušen}",
"morph": "~"}
}
,
{
"node": "l",
"id": "Q000008.l09ca4",
"ref": "Q000008.101.2",
"inst": "X",
"f": {"lang": "sux",
"form": "TIL",
"pos": "X"}
}
,
{
"node": "d",
"type": "line-start",
"ref": "Q000008.102",
"n": "102",
"label": "102"}
,
{
"node": "l",
"id": "Q000008.l09ca5",
"ref": "Q000008.102.1",
"inst": "šul[youth]",
"sig": "@dcclt%sux:šul=šul[youth//youth, young man]V/i'N$šul/šul#~",
"f": {"lang": "sux",
"form": "šul",
"cf": "šul",
"gw": "youth",
"sense": "youth, young man",
"norm0": "šul",
"pos": "V/i",
"epos": "N",
"base": "šul",
"morph": "~"}
}
,
{
"node": "l",
"id": "Q000008.l09ca6",
"ref": "Q000008.102.2",
"inst": "X",
"f": {"lang": "sux",
"form": "til",
"pos": "X"}
}
,
{
"node": "d",
"type": "line-start",
"ref": "Q000008.103",
"n": "103",
"label": "103"}
,
{
"node": "l",
"id": "Q000008.l09ca7",
"ref": "Q000008.103.1",
"inst": "e[house]",
"sig": "@dcclt%sux:e₂=e[house//house]N'N$e/e₂#~",
"f": {"lang": "sux",
"form": "e₂",
"cf": "e",
"gw": "house",
"sense": "house",
"norm0": "e",
"pos": "N",
"epos": "N",
"base": "e₂",
"morph": "~"}
}
,
{
"node": "l",
"id": "Q000008.l09ca8",
"ref": "Q000008.103.2",
"inst": "X",
"f": {"lang": "sux",
"form": "TAK₄",
"pos": "X"}
}
,
{
"node": "l",
"id": "Q000008.l09ca9",
"ref": "Q000008.103.3",
"inst": "X",
"f": {"lang": "sux",
"form": "LAK283",
"pos": "X"}
}
,
{
"node": "d",
"type": "line-start",
"ref": "Q000008.104",
"n": "104",
"label": "104"}
,
{
"node": "l",
"id": "Q000008.l09caa",
"ref": "Q000008.104.1",
"inst": "X",
"f": {"lang": "sux",
"form": "IGI@g",
"pos": "X"}
}
,
{
"node": "l",
"id": "Q000008.l09cab",
"ref": "Q000008.104.2",
"inst": "sukkal[secretary]",
"sig": "@dcclt%sux:sukkal=sukkal[secretary//secretary]N'N$sukkal/sukkal#~",
"f": {"lang": "sux",
"form": "sukkal",
"cf": "sukkal",
"gw": "secretary",
"sense": "secretary",
"norm0": "sukkal",
"pos": "N",
"epos": "N",
"base": "sukkal",
"morph": "~"}
}
,
{
"node": "l",
"id": "Q000008.l09cac",
"ref": "Q000008.104.3",
"inst": "e[house]",
"sig": "@dcclt%sux:e₂=e[house//house]N'N$e/e₂#~",
"f": {"lang": "sux",
"form": "e₂",
"cf": "e",
"gw": "house",
"sense": "house",
"norm0": "e",
"pos": "N",
"epos": "N",
"base": "e₂",
"morph": "~"}
}
,
{
"node": "d",
"type": "line-start",
"ref": "Q000008.105",
"n": "105",
"label": "105"}
,
{
"node": "l",
"id": "Q000008.l09cad",
"ref": "Q000008.105.1",
"inst": "buru[bird]",
"sig": "@dcclt%sux:buru₄{mušen}=buru[bird//a bird of prey or a vulture]N'N$buru/buru₄{mušen}#~",
"f": {"lang": "sux",
"form": "buru₄{mušen}",
"cf": "buru",
"gw": "bird",
"sense": "a bird of prey or a vulture",
"norm0": "buru",
"pos": "N",
"epos": "N",
"base": "buru₄{mušen}",
"morph": "~"}
}
,
{
"node": "l",
"id": "Q000008.l09cae",
"ref": "Q000008.105.2",
"inst": "X",
"f": {"lang": "sux",
"form": "AŠ",
"pos": "X"}
}
,
{
"node": "d",
"type": "line-start",
"ref": "Q000008.106",
"n": "106",
"label": "106"}
,
{
"node": "l",
"id": "Q000008.l09caf",
"ref": "Q000008.106.1",
"inst": "nagar[carpenter]",
"sig": "@dcclt%sux:nagar=nagar[carpenter//carpenter]N'N$nagar/nagar#~",
"f": {"lang": "sux",
"form": "nagar",
"cf": "nagar",
"gw": "carpenter",
"sense": "carpenter",
"norm0": "nagar",
"pos": "N",
"epos": "N",
"base": "nagar",
"morph": "~"}
}
,
{
"node": "d",
"type": "line-start",
"ref": "Q000008.107",
"n": "107",
"label": "107"}
,
{
"node": "l",
"id": "Q000008.l09cb0",
"ref": "Q000008.107.1",
"inst": "ašgab[leatherworker]",
"sig": "@dcclt%sux:ašgab=ašgab[leatherworker//leatherworker]N'N$ašgab/ašgab#~",
"f": {"lang": "sux",
"form": "ašgab",
"cf": "ašgab",
"gw": "leatherworker",
"sense": "leatherworker",
"norm0": "ašgab",
"pos": "N",
"epos": "N",
"base": "ašgab",
"morph": "~"}
}
,
{
"node": "d",
"type": "line-start",
"ref": "Q000008.108",
"n": "108",
"label": "108"}
,
{
"node": "l",
"id": "Q000008.l09cb1",
"ref": "Q000008.108.1",
"inst": "zadim[stone-cutter]",
"sig": "@dcclt%sux:zadim=zadim[stone-cutter//stone-cutter]N'N$zadim/zadim#~",
"f": {"lang": "sux",
"form": "zadim",
"cf": "zadim",
"gw": "stone-cutter",
"sense": "stone-cutter",
"norm0": "zadim",
"pos": "N",
"epos": "N",
"base": "zadim",
"morph": "~"}
}
,
{
"node": "d",
"type": "line-start",
"ref": "Q000008.109",
"n": "109",
"label": "109"}
,
{
"node": "l",
"id": "Q000008.l09cb2",
"ref": "Q000008.109.1",
"inst": "simug[smith]",
"sig": "@dcclt%sux:simug=simug[smith//smith, metalworker]N'N$simug/simug#~",
"f": {"lang": "sux",
"form": "simug",
"cf": "simug",
"gw": "smith",
"sense": "smith, metalworker",
"norm0": "simug",
"pos": "N",
"epos": "N",
"base": "simug",
"morph": "~"}
}
,
{
"node": "d",
"type": "line-start",
"ref": "Q000008.110",
"n": "110",
"label": "110"}
,
{
"node": "l",
"id": "Q000008.l09cb3",
"ref": "Q000008.110.1",
"inst": "burgul[stone-cutter]",
"sig": "@dcclt%sux:bur-gul=burgul[stone-cutter//stone-cutter]N'N$burgul/bur-gul#~",
"f": {"lang": "sux",
"form": "bur-gul",
"cf": "burgul",
"gw": "stone-cutter",
"sense": "stone-cutter",
"norm0": "burgul",
"pos": "N",
"epos": "N",
"base": "bur-gul",
"morph": "~"}
}
,
{
"node": "d",
"type": "line-start",
"ref": "Q000008.111",
"n": "111",
"label": "111"}
,
{
"node": "l",
"id": "Q000008.l09cb4",
"ref": "Q000008.111.1",
"inst": "ad.KID[weaver]",
"sig": "@dcclt%sux:ad-KID=ad.KID[weaver//basket weaver]N'N$ad.KID/ad-KID#~",
"f": {"lang": "sux",
"form": "ad-KID",
"cf": "ad.KID",
"gw": "weaver",
"sense": "basket weaver",
"norm0": "ad.KID",
"pos": "N",
"epos": "N",
"base": "ad-KID",
"morph": "~"}
}
,
{
"node": "d",
"type": "line-start",
"ref": "Q000008.112",
"n": "112",
"label": "112"}
,
{
"node": "l",
"id": "Q000008.l09cb5",
"ref": "Q000008.112.1",
"inst": "X",
"f": {"lang": "sux",
"form": "gal-KID",
"pos": "X"}
}
,
{
"node": "d",
"type": "line-start",
"ref": "Q000008.113",
"n": "113",
"label": "113"}
,
{
"node": "l",
"id": "Q000008.l09cb6",
"ref": "Q000008.113.1",
"inst": "u",
"f": {"lang": "sux",
"form": "x",
"pos": "u"}
}
,
{
"node": "d",
"type": "line-start",
"ref": "Q000008.114",
"n": "114",
"label": "114"}
,
{
"node": "l",
"id": "Q000008.l09cb7",
"ref": "Q000008.114.1",
"inst": "u",
"f": {"lang": "sux",
"form": "bar-ra",
"pos": "u"}
}
,
{
"node": "l",
"id": "Q000008.l09cb8",
"ref": "Q000008.114.2",
"inst": "u",
"f": {"lang": "sux",
"form": "x",
"pos": "u"}
}
]}
]}
]}
,
{
"linkbase": [{
"type": "linkset",
"xlink_title": "šu du[hold//to hold]V/t'V/t",
"id": "Q000008.ls00000",
"xlink_type": "extended",
"xlink_role": "psu",
"sig": "{šu du₈ = šu[hand]N du[spread]V/t += šu du[hold//to hold]V/t'V/t}::@dcclt%sux:šu=šu[hand//hand]N'N$šu/šu#~++@dcclt%sux:du₈=du[spread//spread]V/t'V/t$du/du₈#~",
"links": [
{
"type": "link",
"xlink_title": "šu",
"xlink_type": "locator",
"xlink_href": "#Q000008.l09c7c",
"xlink_role": "elt"}
,
{
"type": "link",
"xlink_title": "du",
"xlink_type": "locator",
"xlink_href": "#Q000008.l09c7d",
"xlink_role": "elt"}
]}
,
{
"type": "linkset",
"xlink_title": "šu du[hold//to hold]V/t'V/t",
"id": "Q000008.ls00001",
"xlink_type": "extended",
"xlink_role": "psu",
"sig": "{šu du₈ = šu[hand]N du[spread]V/t += šu du[hold//to hold]V/t'V/t}::@dcclt%sux:šu=šu[hand//hand]N'N$šu/šu#~++@dcclt%sux:du₈=du[spread//spread]V/t'V/t$du/du₈#~",
"links": [
{
"type": "link",
"xlink_title": "šu",
"xlink_type": "locator",
"xlink_href": "#Q000008.l09c9b",
"xlink_role": "elt"}
,
{
"type": "link",
"xlink_title": "du",
"xlink_type": "locator",
"xlink_href": "#Q000008.l09c9c",
"xlink_role": "elt"}
]}
,
{
"type": "linkset",
"xlink_title": "šu du[hold//to hold]V/t'V/t",
"id": "Q000008.ls00002",
"xlink_type": "extended",
"xlink_role": "psu",
"sig": "{šu du₈ = šu[hand]N du[spread]V/t += šu du[hold//to hold]V/t'V/t}::@dcclt%sux:šu=šu[hand//hand]N'N$šu/šu#~++@dcclt%sux:du₈=du[spread//spread]V/t'V/t$du/du₈#~",
"links": [
{
"type": "link",
"xlink_title": "šu",
"xlink_type": "locator",
"xlink_href": "#Q000008.l09c9e",
"xlink_role": "elt"}
,
{
"type": "link",
"xlink_title": "du",
"xlink_type": "locator",
"xlink_href": "#Q000008.l09c9f",
"xlink_role": "elt"}
]}
]}
]}
