{
"type": "cdl",
  "source": "http://oracc.org/dcclt",
  "license": "This data is released under the CC0 license",
  "license-url": "https://creativecommons.org/publicdomain/zero/1.0/",
  "more-info": "http://oracc.org/doc/opendata/",
  "UTC-timestamp": "2017-05-19T18:29:07",
"project": "dcclt",
"textid": "Q000268",
"cdl": [
{
"node": "c",
"type": "text",
"id": "Q000268.U0",
"cdl": [
{
"node": "c",
"type": "discourse",
"subtype": "body",
"id": "Q000268.U1",
"cdl": [
{
"node": "c",
"type": "sentence",
"id": "Q000268.U2",
"label": "1 - 138",
"cdl": [
{
"node": "d",
"type": "line-start",
"ref": "Q000268.1",
"n": "1",
"label": "1"}
,
{
"node": "l",
"id": "Q000268.l09e77",
"ref": "Q000268.1.1",
"inst": "u",
"f": {"lang": "sux",
"form": "x",
"pos": "u"}
}
,
{
"node": "l",
"id": "Q000268.l09e78",
"ref": "Q000268.1.2",
"inst": "me[Being]",
"sig": "@dcclt%sux:me=me[Being//Being, divine properties enabling cosmic activity]N'N$me/me#~",
"f": {"lang": "sux",
"form": "me",
"cf": "me",
"gw": "Being",
"sense": "Being, divine properties enabling cosmic activity",
"norm0": "me",
"pos": "N",
"epos": "N",
"base": "me",
"morph": "~"}
}
,
{
"node": "d",
"type": "line-start",
"ref": "Q000268.2",
"n": "2",
"label": "2"}
,
{
"node": "l",
"id": "Q000268.l09e79",
"ref": "Q000268.2.1",
"inst": "u",
"f": {"lang": "sux",
"form": "x-me-hur",
"pos": "u"}
}
,
{
"node": "d",
"type": "line-start",
"ref": "Q000268.3",
"n": "3",
"label": "3"}
,
{
"node": "l",
"id": "Q000268.l09e7a",
"ref": "Q000268.3.1",
"inst": "GN",
"f": {"lang": "sux",
"form": "|HA.A|-DU",
"pos": "GN"}
}
,
{
"node": "d",
"type": "line-start",
"ref": "Q000268.4",
"n": "4",
"label": "4"}
,
{
"node": "l",
"id": "Q000268.l09e7b",
"ref": "Q000268.4.1",
"inst": "GN",
"f": {"lang": "sux",
"form": "|HA.A|-ME-DU",
"pos": "GN"}
}
,
{
"node": "d",
"type": "line-start",
"ref": "Q000268.5",
"n": "5",
"label": "5"}
,
{
"node": "l",
"id": "Q000268.l09e7c",
"ref": "Q000268.5.1",
"inst": "GN",
"f": {"lang": "sux",
"form": "|HA.A|",
"pos": "GN"}
}
,
{
"node": "l",
"id": "Q000268.l09e7d",
"ref": "Q000268.5.2",
"inst": "Idigna[Tigris]WN",
"sig": "@dcclt%sux:idigna=Idigna[Tigris//Tigris]WN'WN$Idigna/idigna#~",
"f": {"lang": "sux",
"form": "idigna",
"cf": "Idigna",
"gw": "Tigris",
"sense": "Tigris",
"norm0": "Idigna",
"pos": "WN",
"epos": "WN",
"base": "idigna",
"morph": "~"}
}
,
{
"node": "d",
"type": "line-start",
"ref": "Q000268.6",
"n": "6",
"label": "6"}
,
{
"node": "l",
"id": "Q000268.l09e7e",
"ref": "Q000268.6.1",
"inst": "X",
"f": {"lang": "sux",
"form": "IŠ-|MAŠ.GU₂.GAR₃|",
"pos": "X"}
}
,
{
"node": "d",
"type": "line-start",
"ref": "Q000268.7",
"n": "7",
"label": "7"}
,
{
"node": "l",
"id": "Q000268.l09e7f",
"ref": "Q000268.7.1",
"inst": "u",
"f": {"lang": "sux",
"form": "|GA₂×MUŠ|",
"pos": "u"}
}
,
{
"node": "d",
"type": "line-start",
"ref": "Q000268.8",
"n": "8",
"label": "8"}
,
{
"node": "l",
"id": "Q000268.l09e80",
"ref": "Q000268.8.1",
"inst": "GN",
"f": {"lang": "sux",
"form": "iri-eren",
"pos": "GN"}
}
,
{
"node": "d",
"type": "line-start",
"ref": "Q000268.9",
"n": "9",
"label": "9"}
,
{
"node": "l",
"id": "Q000268.l09e81",
"ref": "Q000268.9.1",
"inst": "GN",
"f": {"lang": "sux",
"form": "ezen-eren",
"pos": "GN"}
}
,
{
"node": "d",
"type": "line-start",
"ref": "Q000268.10",
"n": "10",
"label": "10"}
,
{
"node": "l",
"id": "Q000268.l09e82",
"ref": "Q000268.10.1",
"inst": "GN",
"f": {"lang": "sux",
"form": "ašte₂",
"pos": "GN"}
}
,
{
"node": "d",
"type": "line-start",
"ref": "Q000268.11",
"n": "11",
"label": "11"}
,
{
"node": "l",
"id": "Q000268.l09e83",
"ref": "Q000268.11.1",
"inst": "X",
"f": {"lang": "sux",
"form": "iri-tag",
"pos": "X"}
}
,
{
"node": "d",
"type": "line-start",
"ref": "Q000268.12",
"n": "12",
"label": "12"}
,
{
"node": "l",
"id": "Q000268.l09e84",
"ref": "Q000268.12.1",
"inst": "anaŋ[drink]",
"sig": "@dcclt%sux:a-naŋ=anaŋ[drink//drink]N'N$anaŋ/a-naŋ#~",
"f": {"lang": "sux",
"form": "a-naŋ",
"cf": "anaŋ",
"gw": "drink",
"sense": "drink",
"norm0": "anaŋ",
"pos": "N",
"epos": "N",
"base": "a-naŋ",
"morph": "~"}
}
,
{
"node": "d",
"type": "line-start",
"ref": "Q000268.13",
"n": "13",
"label": "13"}
,
{
"node": "l",
"id": "Q000268.l09e85",
"ref": "Q000268.13.1",
"inst": "a[water]",
"sig": "@dcclt%sux:a=a[water//water]N'N$a/a#~",
"f": {"lang": "sux",
"form": "a",
"cf": "a",
"gw": "water",
"sense": "water",
"norm0": "a",
"pos": "N",
"epos": "N",
"base": "a",
"morph": "~"}
}
,
{
"node": "l",
"id": "Q000268.l09e86",
"ref": "Q000268.13.2",
"inst": "eme[tongue]",
"sig": "@dcclt%sux:eme=eme[tongue//tongue]N'N$eme/eme#~",
"f": {"lang": "sux",
"form": "eme",
"cf": "eme",
"gw": "tongue",
"sense": "tongue",
"norm0": "eme",
"pos": "N",
"epos": "N",
"base": "eme",
"morph": "~"}
}
,
{
"node": "l",
"id": "Q000268.l09e87",
"ref": "Q000268.13.3",
"inst": "hamun[harmony]",
"sig": "@dcclt%sux:ha-mun-na=hamun[harmony//harmony]N'N$hamun,ak/ha-mun+-na=n.a#~,ak",
"f": {"lang": "sux",
"form": "ha-mun-na",
"cf": "hamun",
"gw": "harmony",
"sense": "harmony",
"norm0": "hamun,ak",
"pos": "N",
"epos": "N",
"base": "ha-mun",
"cont": "-na=n.a",
"morph": "~,ak"}
}
,
{
"node": "d",
"type": "line-start",
"ref": "Q000268.14",
"n": "14",
"label": "14"}
,
{
"node": "l",
"id": "Q000268.l09e88",
"ref": "Q000268.14.1",
"inst": "X",
"f": {"lang": "sux",
"form": "du₆-egir",
"pos": "X"}
}
,
{
"node": "d",
"type": "line-start",
"ref": "Q000268.15",
"n": "15",
"label": "15"}
,
{
"node": "l",
"id": "Q000268.l09e89",
"ref": "Q000268.15.1",
"inst": "X",
"f": {"lang": "sux",
"form": "ŋa₂-EŠ₂",
"pos": "X"}
}
,
{
"node": "d",
"type": "line-start",
"ref": "Q000268.16",
"n": "16",
"label": "16"}
,
{
"node": "l",
"id": "Q000268.l09e8a",
"ref": "Q000268.16.1",
"inst": "mul[shine]",
"sig": "@dcclt%sux:mul-la₂=mul[star//to shine, radiate (light)]N'V/t$mul;a/mul+-la₂=l.a#~;a",
"f": {"lang": "sux",
"form": "mul-la₂",
"cf": "mul",
"gw": "star",
"sense": "to shine, radiate (light)",
"norm0": "mul;a",
"pos": "N",
"epos": "V/t",
"base": "mul",
"cont": "-la₂=l.a",
"morph": "~;a"}
}
,
{
"node": "d",
"type": "line-start",
"ref": "Q000268.17",
"n": "17",
"label": "17"}
,
{
"node": "l",
"id": "Q000268.l09e8b",
"ref": "Q000268.17.1",
"inst": "DN",
"f": {"lang": "sux",
"form": "en-zu",
"pos": "DN"}
}
,
{
"node": "d",
"type": "line-start",
"ref": "Q000268.18",
"n": "18",
"label": "18"}
,
{
"node": "l",
"id": "Q000268.l09e8c",
"ref": "Q000268.18.1",
"inst": "DN",
"f": {"lang": "sux",
"form": "en-di-zu",
"pos": "DN"}
}
,
{
"node": "d",
"type": "line-start",
"ref": "Q000268.19",
"n": "19",
"label": "19"}
,
{
"node": "l",
"id": "Q000268.l09e8d",
"ref": "Q000268.19.1",
"inst": "DN",
"f": {"lang": "sux",
"form": "saman₃(|BU.EŠ₂.ŠE.NUN|)-ta",
"pos": "DN"}
}
,
{
"node": "d",
"type": "line-start",
"ref": "Q000268.20",
"n": "20",
"label": "20"}
,
{
"node": "l",
"id": "Q000268.l09e8e",
"ref": "Q000268.20.1",
"inst": "DN",
"f": {"lang": "sux",
"form": "saman₃(|BU.EŠ₂.ŠE.NUN|)-me",
"pos": "DN"}
}
,
{
"node": "l",
"id": "Q000268.l09e8f",
"ref": "Q000268.20.2",
"inst": "ud[day]",
"sig": "@dcclt%sux:ud-ta=ud[sun//day]N'N$ud,ta/ud#~,ta",
"f": {"lang": "sux",
"form": "ud-ta",
"cf": "ud",
"gw": "sun",
"sense": "day",
"norm0": "ud,ta",
"pos": "N",
"epos": "N",
"base": "ud",
"morph": "~,ta"}
}
,
{
"node": "d",
"type": "line-start",
"ref": "Q000268.21",
"n": "21",
"label": "21"}
,
{
"node": "l",
"id": "Q000268.l09e90",
"ref": "Q000268.21.1",
"inst": "ki[place]",
"sig": "@dcclt%sux:ki=ki[place//place]N'N$ki/ki#~",
"f": {"lang": "sux",
"form": "ki",
"cf": "ki",
"gw": "place",
"sense": "place",
"norm0": "ki",
"pos": "N",
"epos": "N",
"base": "ki",
"morph": "~"}
}
,
{
"node": "l",
"id": "Q000268.l09e91",
"ref": "Q000268.21.2",
"inst": "e[house]",
"sig": "@dcclt%sux:e₂=e[house//house]N'N$e/e₂#~",
"f": {"lang": "sux",
"form": "e₂",
"cf": "e",
"gw": "house",
"sense": "house",
"norm0": "e",
"pos": "N",
"epos": "N",
"base": "e₂",
"morph": "~"}
}
,
{
"node": "d",
"type": "line-start",
"ref": "Q000268.22",
"n": "22",
"label": "22"}
,
{
"node": "l",
"id": "Q000268.l09e92",
"ref": "Q000268.22.1",
"inst": "ki[place]",
"sig": "@dcclt%sux:ki=ki[place//place]N'N$ki/ki#~",
"f": {"lang": "sux",
"form": "ki",
"cf": "ki",
"gw": "place",
"sense": "place",
"norm0": "ki",
"pos": "N",
"epos": "N",
"base": "ki",
"morph": "~"}
}
,
{
"node": "l",
"id": "Q000268.l09e93",
"ref": "Q000268.22.2",
"inst": "tur[small]",
"sig": "@dcclt%sux:tur=tur[small//small]V/i'V/i$tur/tur#~",
"f": {"lang": "sux",
"form": "tur",
"cf": "tur",
"gw": "small",
"sense": "small",
"norm0": "tur",
"pos": "V/i",
"epos": "V/i",
"base": "tur",
"morph": "~"}
}
,
{
"node": "l",
"id": "Q000268.l09e94",
"ref": "Q000268.22.3",
"inst": "e[house]",
"sig": "@dcclt%sux:e₂=e[house//house]N'N$e/e₂#~",
"f": {"lang": "sux",
"form": "e₂",
"cf": "e",
"gw": "house",
"sense": "house",
"norm0": "e",
"pos": "N",
"epos": "N",
"base": "e₂",
"morph": "~"}
}
,
{
"node": "d",
"type": "line-start",
"ref": "Q000268.23",
"n": "23",
"label": "23"}
,
{
"node": "l",
"id": "Q000268.l09e95",
"ref": "Q000268.23.1",
"inst": "kun[tail]",
"sig": "@dcclt%sux:kun=kun[tail//lizard]N'N$kun/kun#~",
"f": {"lang": "sux",
"form": "kun",
"cf": "kun",
"gw": "tail",
"sense": "lizard",
"norm0": "kun",
"pos": "N",
"epos": "N",
"base": "kun",
"morph": "~"}
}
,
{
"node": "d",
"type": "line-start",
"ref": "Q000268.24",
"n": "24",
"label": "24"}
,
{
"node": "l",
"id": "Q000268.l09e96",
"ref": "Q000268.24.1",
"inst": "u",
"f": {"lang": "sux",
"form": "kun-dub₃-uₓ(|EZEN×AN|)",
"pos": "u"}
}
,
{
"node": "d",
"type": "line-start",
"ref": "Q000268.25",
"n": "25",
"label": "25"}
,
{
"node": "l",
"id": "Q000268.l09e97",
"ref": "Q000268.25.1",
"inst": "Adab[]SN",
"sig": "@dcclt%sux:adab=Adab[1//1]SN'SN$Adab/adab#~",
"f": {"lang": "sux",
"form": "adab",
"cf": "Adab",
"gw": "1",
"sense": "1",
"norm0": "Adab",
"pos": "SN",
"epos": "SN",
"base": "adab",
"morph": "~"}
}
,
{
"node": "l",
"id": "Q000268.l09e98",
"ref": "Q000268.25.2",
"inst": "mu[grow]",
"sig": "@dcclt%sux:mu₂=mu[grow//grow]V/t'V/t$mu/mu₂#~",
"f": {"lang": "sux",
"form": "mu₂",
"cf": "mu",
"gw": "grow",
"sense": "grow",
"norm0": "mu",
"pos": "V/t",
"epos": "V/t",
"base": "mu₂",
"morph": "~"}
}
,
{
"node": "d",
"type": "line-start",
"ref": "Q000268.26",
"n": "26",
"label": "26"}
,
{
"node": "l",
"id": "Q000268.l09e99",
"ref": "Q000268.26.1",
"inst": "X",
"f": {"lang": "sux",
"form": "a-mar",
"pos": "X"}
}
,
{
"node": "l",
"id": "Q000268.l09e9a",
"ref": "Q000268.26.2",
"inst": "mu[grow]",
"sig": "@dcclt%sux:mu₂=mu[grow//grow]V/t'V/t$mu/mu₂#~",
"f": {"lang": "sux",
"form": "mu₂",
"cf": "mu",
"gw": "grow",
"sense": "grow",
"norm0": "mu",
"pos": "V/t",
"epos": "V/t",
"base": "mu₂",
"morph": "~"}
}
,
{
"node": "d",
"type": "line-start",
"ref": "Q000268.27",
"n": "27",
"label": "27"}
,
{
"node": "l",
"id": "Q000268.l09e9b",
"ref": "Q000268.27.1",
"inst": "amaš[sheepfold]",
"sig": "@dcclt%sux:amaš=amaš[sheepfold//sheepfold]N'N$amaš/amaš#~",
"f": {"lang": "sux",
"form": "amaš",
"cf": "amaš",
"gw": "sheepfold",
"sense": "sheepfold",
"norm0": "amaš",
"pos": "N",
"epos": "N",
"base": "amaš",
"morph": "~"}
}
,
{
"node": "d",
"type": "line-start",
"ref": "Q000268.28",
"n": "28",
"label": "28"}
,
{
"node": "l",
"id": "Q000268.l09e9c",
"ref": "Q000268.28.1",
"inst": "amaš[sheepfold]",
"sig": "@dcclt%sux:amaš=amaš[sheepfold//sheepfold]N'N$amaš/amaš#~",
"f": {"lang": "sux",
"form": "amaš",
"cf": "amaš",
"gw": "sheepfold",
"sense": "sheepfold",
"norm0": "amaš",
"pos": "N",
"epos": "N",
"base": "amaš",
"morph": "~"}
}
,
{
"node": "l",
"id": "Q000268.l09e9d",
"ref": "Q000268.28.2",
"inst": "nun[prince]",
"sig": "@dcclt%sux:nun=nun[prince//prince]N'N$nun/nun#~",
"f": {"lang": "sux",
"form": "nun",
"cf": "nun",
"gw": "prince",
"sense": "prince",
"norm0": "nun",
"pos": "N",
"epos": "N",
"base": "nun",
"morph": "~"}
}
,
{
"node": "d",
"type": "line-start",
"ref": "Q000268.29",
"n": "29",
"label": "29"}
,
{
"node": "l",
"id": "Q000268.l09e9e",
"ref": "Q000268.29.1",
"inst": "u",
"f": {"lang": "sux",
"form": "UŠ",
"pos": "u"}
}
,
{
"node": "l",
"id": "Q000268.l09e9f",
"ref": "Q000268.29.2",
"inst": "u",
"f": {"lang": "sux",
"form": "x",
"pos": "u"}
}
,
{
"node": "l",
"id": "Q000268.l09ea0",
"ref": "Q000268.29.3",
"inst": "X",
"f": {"lang": "sux",
"form": "LAM-SAG",
"pos": "X"}
}
,
{
"node": "l",
"id": "Q000268.l09ea1",
"ref": "Q000268.29.4",
"inst": "X",
"f": {"lang": "sux",
"form": "|KAK&KAK|",
"pos": "X"}
}
,
{
"node": "d",
"type": "line-start",
"ref": "Q000268.30",
"n": "30",
"label": "30"}
,
{
"node": "l",
"id": "Q000268.l09ea2",
"ref": "Q000268.30.1",
"inst": "gi[reed]",
"sig": "@dcclt%sux:gi=gi[reed//reed]N'N$gi/gi#~",
"f": {"lang": "sux",
"form": "gi",
"cf": "gi",
"gw": "reed",
"sense": "reed",
"norm0": "gi",
"pos": "N",
"epos": "N",
"base": "gi",
"morph": "~"}
}
,
{
"node": "l",
"id": "Q000268.l09ea3",
"ref": "Q000268.30.2",
"inst": "buru[harvest]",
"sig": "@dcclt%sux:gur₇=buru[harvest//harvest]N'N$buru/gur₇#~",
"f": {"lang": "sux",
"form": "gur₇",
"cf": "buru",
"gw": "harvest",
"sense": "harvest",
"norm0": "buru",
"pos": "N",
"epos": "N",
"base": "gur₇",
"morph": "~"}
}
,
{
"node": "d",
"type": "line-start",
"ref": "Q000268.31",
"n": "31",
"label": "31"}
,
{
"node": "l",
"id": "Q000268.l09ea4",
"ref": "Q000268.31.1",
"inst": "girim[flower]",
"sig": "@dcclt%sux:gi-rin=girim[flower//flower]N'N$girim/gi-rin#~",
"f": {"lang": "sux",
"form": "gi-rin",
"cf": "girim",
"gw": "flower",
"sense": "flower",
"norm0": "girim",
"pos": "N",
"epos": "N",
"base": "gi-rin",
"morph": "~"}
}
,
{
"node": "d",
"type": "line-start",
"ref": "Q000268.32",
"n": "32",
"label": "32"}
,
{
"node": "l",
"id": "Q000268.l09ea5",
"ref": "Q000268.32.1",
"inst": "hal[basket]",
"sig": "@dcclt%sux:{gi}hal=hal[basket//a basket]N'N$hal/{gi}hal#~",
"f": {"lang": "sux",
"form": "{gi}hal",
"cf": "hal",
"gw": "basket",
"sense": "a basket",
"norm0": "hal",
"pos": "N",
"epos": "N",
"base": "{gi}hal",
"morph": "~"}
}
,
{
"node": "d",
"type": "line-start",
"ref": "Q000268.33",
"n": "33",
"label": "33"}
,
{
"node": "l",
"id": "Q000268.l09ea6",
"ref": "Q000268.33.1",
"inst": "hal[basket]",
"sig": "@dcclt%sux:{gi}hal=hal[basket//a basket]N'N$hal/{gi}hal#~",
"f": {"lang": "sux",
"form": "{gi}hal",
"cf": "hal",
"gw": "basket",
"sense": "a basket",
"norm0": "hal",
"pos": "N",
"epos": "N",
"base": "{gi}hal",
"morph": "~"}
}
,
{
"node": "l",
"id": "Q000268.l09ea7",
"ref": "Q000268.33.2",
"inst": "X",
"f": {"lang": "sux",
"form": "li-na",
"pos": "X"}
}
,
{
"node": "d",
"type": "line-start",
"ref": "Q000268.34",
"n": "34",
"label": "34"}
,
{
"node": "l",
"id": "Q000268.l09ea8",
"ref": "Q000268.34.1",
"inst": "ki[place]",
"sig": "@dcclt%sux:ki=ki[place//place]N'N$ki/ki#~",
"f": {"lang": "sux",
"form": "ki",
"cf": "ki",
"gw": "place",
"sense": "place",
"norm0": "ki",
"pos": "N",
"epos": "N",
"base": "ki",
"morph": "~"}
}
,
{
"node": "l",
"id": "Q000268.l09ea9",
"ref": "Q000268.34.2",
"inst": "suhuš[foundation]",
"sig": "@dcclt%sux:suhuš=suhuš[foundation//foundation]N'N$suhuš/suhuš#~",
"f": {"lang": "sux",
"form": "suhuš",
"cf": "suhuš",
"gw": "foundation",
"sense": "foundation",
"norm0": "suhuš",
"pos": "N",
"epos": "N",
"base": "suhuš",
"morph": "~"}
}
,
{
"node": "l",
"id": "Q000268.l09eaa",
"ref": "Q000268.34.3",
"inst": "X",
"f": {"lang": "sux",
"form": "DAR-DAR",
"pos": "X"}
}
,
{
"node": "d",
"type": "line-start",
"ref": "Q000268.35",
"n": "35",
"label": "35"}
,
{
"node": "ll",
"id": "Q000268.l09eab",
"choices": [
{
"node": "l",
"ref": "Q000268.35.1",
"inst": "%sux:kar₂=kar[blow]",
"sig": "@dcclt%sux:kar₂=kar[blow//blow]V/t'V/t$kar/kar₂#~",
"f": {"lang": "sux",
"form": "kar₂",
"cf": "kar",
"gw": "blow",
"sense": "blow",
"norm0": "kar",
"pos": "V/t",
"epos": "V/t",
"base": "kar₂",
"morph": "~"}
}
,
{
"node": "l",
"ref": "Q000268.35.1",
"inst": "%sux:kar₂=kar[insult]",
"sig": "@dcclt%sux:kar₂=kar[insult//insult]V/t'V/t$kar/kar₂#~",
"f": {"lang": "sux",
"form": "kar₂",
"cf": "kar",
"gw": "blow",
"sense": "blow",
"norm0": "kar",
"pos": "V/t",
"epos": "V/t",
"base": "kar₂",
"morph": "~"}
}
]}
,
{
"node": "l",
"id": "Q000268.l09eac",
"ref": "Q000268.35.2",
"inst": "en[lord]",
"sig": "@dcclt%sux:en=en[lord//lord]N'N$en/en#~",
"f": {"lang": "sux",
"form": "en",
"cf": "en",
"gw": "lord",
"sense": "lord",
"norm0": "en",
"pos": "N",
"epos": "N",
"base": "en",
"morph": "~"}
}
,
{
"node": "l",
"id": "Q000268.l09ead",
"ref": "Q000268.35.3",
"inst": "ki[place]",
"sig": "@dcclt%sux:ki=ki[place//place]N'N$ki/ki#~",
"f": {"lang": "sux",
"form": "ki",
"cf": "ki",
"gw": "place",
"sense": "place",
"norm0": "ki",
"pos": "N",
"epos": "N",
"base": "ki",
"morph": "~"}
}
,
{
"node": "d",
"type": "line-start",
"ref": "Q000268.36",
"n": "36",
"label": "36"}
,
{
"node": "l",
"id": "Q000268.l09eae",
"ref": "Q000268.36.1",
"inst": "ki[place]",
"sig": "@dcclt%sux:ki=ki[place//place]N'N$ki/ki#~",
"f": {"lang": "sux",
"form": "ki",
"cf": "ki",
"gw": "place",
"sense": "place",
"norm0": "ki",
"pos": "N",
"epos": "N",
"base": "ki",
"morph": "~"}
}
,
{
"node": "l",
"id": "Q000268.l09eaf",
"ref": "Q000268.36.2",
"inst": "Suen[]DN",
"sig": "@dcclt%sux:{d}suen=Suen[1//1]DN'DN$Suen/{d}suen#~",
"f": {"lang": "sux",
"form": "{d}suen",
"cf": "Suen",
"gw": "1",
"sense": "1",
"norm0": "Suen",
"pos": "DN",
"epos": "DN",
"base": "{d}suen",
"morph": "~"}
}
,
{
"node": "d",
"type": "line-start",
"ref": "Q000268.37",
"n": "37",
"label": "37"}
,
{
"node": "l",
"id": "Q000268.l09eb0",
"ref": "Q000268.37.1",
"inst": "ki[place]",
"sig": "@dcclt%sux:ki=ki[place//place]N'N$ki/ki#~",
"f": {"lang": "sux",
"form": "ki",
"cf": "ki",
"gw": "place",
"sense": "place",
"norm0": "ki",
"pos": "N",
"epos": "N",
"base": "ki",
"morph": "~"}
}
,
{
"node": "l",
"id": "Q000268.l09eb1",
"ref": "Q000268.37.2",
"inst": "kurum[ration]",
"sig": "@dcclt%sux:kur₆-re=kurum[ration//food ration]N'N$kurum/kur₆-re#~",
"f": {"lang": "sux",
"form": "kur₆-re",
"cf": "kurum",
"gw": "ration",
"sense": "food ration",
"norm0": "kurum",
"pos": "N",
"epos": "N",
"base": "kur₆-re",
"morph": "~"}
}
,
{
"node": "d",
"type": "line-start",
"ref": "Q000268.38",
"n": "38",
"label": "38"}
,
{
"node": "l",
"id": "Q000268.l09eb2",
"ref": "Q000268.38.1",
"inst": "X",
"f": {"lang": "sux",
"form": "IŠ-bu",
"pos": "X"}
}
,
{
"node": "d",
"type": "line-start",
"ref": "Q000268.39",
"n": "39",
"label": "39"}
,
{
"node": "l",
"id": "Q000268.l09eb3",
"ref": "Q000268.39.1",
"inst": "X",
"f": {"lang": "sux",
"form": "IŠ",
"pos": "X"}
}
,
{
"node": "l",
"id": "Q000268.l09eb4",
"ref": "Q000268.39.2",
"inst": "nun[prince]",
"sig": "@dcclt%sux:nun=nun[prince//prince]N'N$nun/nun#~",
"f": {"lang": "sux",
"form": "nun",
"cf": "nun",
"gw": "prince",
"sense": "prince",
"norm0": "nun",
"pos": "N",
"epos": "N",
"base": "nun",
"morph": "~"}
}
,
{
"node": "d",
"type": "line-start",
"ref": "Q000268.40",
"n": "40",
"label": "40"}
,
{
"node": "l",
"id": "Q000268.l09eb5",
"ref": "Q000268.40.1",
"inst": "X",
"f": {"lang": "sux",
"form": "IŠ",
"pos": "X"}
}
,
{
"node": "l",
"id": "Q000268.l09eb6",
"ref": "Q000268.40.2",
"inst": "gal[big]",
"sig": "@dcclt%sux:gal=gal[big//big]V/i'V/i$gal/gal#~",
"f": {"lang": "sux",
"form": "gal",
"cf": "gal",
"gw": "big",
"sense": "big",
"norm0": "gal",
"pos": "V/i",
"epos": "V/i",
"base": "gal",
"morph": "~"}
}
,
{
"node": "d",
"type": "line-start",
"ref": "Q000268.41",
"n": "41",
"label": "41"}
,
{
"node": "l",
"id": "Q000268.l09eb7",
"ref": "Q000268.41.1",
"inst": "X",
"f": {"lang": "sux",
"form": "IŠ",
"pos": "X"}
}
,
{
"node": "l",
"id": "Q000268.l09eb8",
"ref": "Q000268.41.2",
"inst": "sila[unit]",
"sig": "@dcclt%sux:sila₃=sila[unit//unit]N'N$sila/sila₃#~",
"f": {"lang": "sux",
"form": "sila₃",
"cf": "sila",
"gw": "unit",
"sense": "unit",
"norm0": "sila",
"pos": "N",
"epos": "N",
"base": "sila₃",
"morph": "~"}
}
,
{
"node": "l",
"id": "Q000268.l09eb9",
"ref": "Q000268.41.3",
"inst": "gal[big]",
"sig": "@dcclt%sux:gal=gal[big//big]V/i'V/i$gal/gal#~",
"f": {"lang": "sux",
"form": "gal",
"cf": "gal",
"gw": "big",
"sense": "big",
"norm0": "gal",
"pos": "V/i",
"epos": "V/i",
"base": "gal",
"morph": "~"}
}
,
{
"node": "d",
"type": "line-start",
"ref": "Q000268.42",
"n": "42",
"label": "42"}
,
{
"node": "l",
"id": "Q000268.l09eba",
"ref": "Q000268.42.1",
"inst": "X",
"f": {"lang": "sux",
"form": "IŠ-IŠ",
"pos": "X"}
}
,
{
"node": "d",
"type": "line-start",
"ref": "Q000268.43",
"n": "43",
"label": "43"}
,
{
"node": "l",
"id": "Q000268.l09ebb",
"ref": "Q000268.43.1",
"inst": "X",
"f": {"lang": "sux",
"form": "šuš₃(IŠ)-dun",
"pos": "X"}
}
,
{
"node": "d",
"type": "line-start",
"ref": "Q000268.44",
"n": "44",
"label": "44"}
,
{
"node": "l",
"id": "Q000268.l09ebc",
"ref": "Q000268.44.1",
"inst": "X",
"f": {"lang": "sux",
"form": "NI-UR₄-LAL",
"pos": "X"}
}
,
{
"node": "d",
"type": "line-start",
"ref": "Q000268.45",
"n": "44a",
"label": "44a"}
,
{
"node": "l",
"id": "Q000268.l09ebd",
"ref": "Q000268.45.1",
"inst": "alim[bison]",
"sig": "@dcclt%sux:alim=alim[bison//bison]N'N$alim/alim#~",
"f": {"lang": "sux",
"form": "alim",
"cf": "alim",
"gw": "bison",
"sense": "bison",
"norm0": "alim",
"pos": "N",
"epos": "N",
"base": "alim",
"morph": "~"}
}
,
{
"node": "l",
"id": "Q000268.l09ebe",
"ref": "Q000268.45.2",
"inst": "X",
"f": {"lang": "sux",
"form": "la₂",
"pos": "X"}
}
,
{
"node": "d",
"type": "line-start",
"ref": "Q000268.46",
"n": "45",
"label": "45"}
,
{
"node": "l",
"id": "Q000268.l09ebf",
"ref": "Q000268.46.1",
"inst": "alim[bison]",
"sig": "@dcclt%sux:alim=alim[bison//bison]N'N$alim/alim#~",
"f": {"lang": "sux",
"form": "alim",
"cf": "alim",
"gw": "bison",
"sense": "bison",
"norm0": "alim",
"pos": "N",
"epos": "N",
"base": "alim",
"morph": "~"}
}
,
{
"node": "l",
"id": "Q000268.l09ec0",
"ref": "Q000268.46.2",
"inst": "u",
"f": {"lang": "sux",
"form": "KAL",
"pos": "u"}
}
,
{
"node": "d",
"type": "line-start",
"ref": "Q000268.47",
"n": "46",
"label": "46"}
,
{
"node": "l",
"id": "Q000268.l09ec1",
"ref": "Q000268.47.1",
"inst": "alim[bison]",
"sig": "@dcclt%sux:alim=alim[bison//bison]N'N$alim/alim#~",
"f": {"lang": "sux",
"form": "alim",
"cf": "alim",
"gw": "bison",
"sense": "bison",
"norm0": "alim",
"pos": "N",
"epos": "N",
"base": "alim",
"morph": "~"}
}
,
{
"node": "l",
"id": "Q000268.l09ec2",
"ref": "Q000268.47.2",
"inst": "X",
"f": {"lang": "sux",
"form": "DU-DU",
"pos": "X"}
}
,
{
"node": "d",
"type": "line-start",
"ref": "Q000268.48",
"n": "47",
"label": "47"}
,
{
"node": "l",
"id": "Q000268.l09ec3",
"ref": "Q000268.48.1",
"inst": "sudin[chariot]",
"sig": "@dcclt%sux:su-din=sudin[~chariot//a part of a chariot]N'N$sudin/su-din#~",
"f": {"lang": "sux",
"form": "su-din",
"cf": "sudin",
"gw": "~chariot",
"sense": "a part of a chariot",
"norm0": "sudin",
"pos": "N",
"epos": "N",
"base": "su-din",
"morph": "~"}
}
,
{
"node": "l",
"id": "Q000268.l09ec4",
"ref": "Q000268.48.2",
"inst": "nir[lordly]",
"sig": "@dcclt%sux:nir=nir[lordly//lordly]AJ'AJ$nir/nir#~",
"f": {"lang": "sux",
"form": "nir",
"cf": "nir",
"gw": "lordly",
"sense": "lordly",
"norm0": "nir",
"pos": "AJ",
"epos": "AJ",
"base": "nir",
"morph": "~"}
}
,
{
"node": "d",
"type": "line-start",
"ref": "Q000268.49",
"n": "48",
"label": "48"}
,
{
"node": "l",
"id": "Q000268.l09ec5",
"ref": "Q000268.49.1",
"inst": "Akšak[]SN",
"sig": "@dcclt%sux:akšak{ki}-a=Akšak[1//1]SN'SN$Akšak,ak/akšak{ki}#~,ak",
"f": {"lang": "sux",
"form": "akšak{ki}-a",
"cf": "Akšak",
"gw": "1",
"sense": "1",
"norm0": "Akšak,ak",
"pos": "SN",
"epos": "SN",
"base": "akšak{ki}",
"morph": "~,ak"}
}
,
{
"node": "d",
"type": "line-start",
"ref": "Q000268.50",
"n": "49",
"label": "49"}
,
{
"node": "l",
"id": "Q000268.l09ec6",
"ref": "Q000268.50.1",
"inst": "u",
"f": {"lang": "sux",
"form": "KA",
"pos": "u"}
}
,
{
"node": "l",
"id": "Q000268.l09ec7",
"ref": "Q000268.50.2",
"inst": "kur[mountain]",
"sig": "@dcclt%sux:kur=kur[mountain//mountain]N'N$kur/kur#~",
"f": {"lang": "sux",
"form": "kur",
"cf": "kur",
"gw": "mountain",
"sense": "mountain",
"norm0": "kur",
"pos": "N",
"epos": "N",
"base": "kur",
"morph": "~"}
}
,
{
"node": "d",
"type": "line-start",
"ref": "Q000268.51",
"n": "50",
"label": "50"}
,
{
"node": "l",
"id": "Q000268.l09ec8",
"ref": "Q000268.51.1",
"inst": "kituš[dwelling]",
"sig": "@dcclt%sux:ki-tuš=kituš[dwelling//dwelling place]N'N$kituš/ki-tuš#~",
"f": {"lang": "sux",
"form": "ki-tuš",
"cf": "kituš",
"gw": "dwelling",
"sense": "dwelling place",
"norm0": "kituš",
"pos": "N",
"epos": "N",
"base": "ki-tuš",
"morph": "~"}
}
,
{
"node": "l",
"id": "Q000268.l09ec9",
"ref": "Q000268.51.2",
"inst": "ŋar[place\\t]",
"sig": "@dcclt%sux:ŋar=ŋar[place//place]V/t'V/t$ŋar/ŋar#~",
"f": {"lang": "sux",
"form": "ŋar",
"cf": "ŋar",
"gw": "place",
"sense": "place",
"norm0": "ŋar",
"pos": "V/t",
"epos": "V/t",
"base": "ŋar",
"morph": "~"}
}
,
{
"node": "d",
"type": "line-start",
"ref": "Q000268.52",
"n": "51",
"label": "51"}
,
{
"node": "l",
"id": "Q000268.l09eca",
"ref": "Q000268.52.1",
"inst": "tir[forest]",
"sig": "@dcclt%sux:tir=tir[forest//forest]N'N$tir/tir#~",
"f": {"lang": "sux",
"form": "tir",
"cf": "tir",
"gw": "forest",
"sense": "forest",
"norm0": "tir",
"pos": "N",
"epos": "N",
"base": "tir",
"morph": "~"}
}
,
{
"node": "l",
"id": "Q000268.l09ecb",
"ref": "Q000268.52.2",
"inst": "asal[poplar]",
"sig": "@dcclt%sux:{ŋeš}asal₂=asal[poplar//poplar]N'N$asal/{ŋeš}asal₂#~",
"f": {"lang": "sux",
"form": "{ŋeš}asal₂",
"cf": "asal",
"gw": "poplar",
"sense": "poplar",
"norm0": "asal",
"pos": "N",
"epos": "N",
"base": "{ŋeš}asal₂",
"morph": "~"}
}
,
{
"node": "d",
"type": "line-start",
"ref": "Q000268.53",
"n": "52",
"label": "52"}
,
{
"node": "l",
"id": "Q000268.l09ecc",
"ref": "Q000268.53.1",
"inst": "u",
"f": {"lang": "sux",
"form": "AN",
"pos": "u"}
}
,
{
"node": "l",
"id": "Q000268.l09ecd",
"ref": "Q000268.53.2",
"inst": "Nintinuga[]DN",
"sig": "@dcclt%sux:{d}nin-tin-ug₅-ga=Nintinuga[1//1]DN'DN$Nintinuga/{d}nin-tin-ug₅-ga#~",
"f": {"lang": "sux",
"form": "{d}nin-tin-ug₅-ga",
"cf": "Nintinuga",
"gw": "1",
"sense": "1",
"norm0": "Nintinuga",
"pos": "DN",
"epos": "DN",
"base": "{d}nin-tin-ug₅-ga",
"morph": "~"}
}
,
{
"node": "d",
"type": "line-start",
"ref": "Q000268.54",
"n": "53",
"label": "53"}
,
{
"node": "l",
"id": "Q000268.l09ece",
"ref": "Q000268.54.1",
"inst": "u",
"f": {"lang": "sux",
"form": "SAL",
"pos": "u"}
}
,
{
"node": "l",
"id": "Q000268.l09ecf",
"ref": "Q000268.54.2",
"inst": "u",
"f": {"lang": "sux",
"form": "AŠ",
"pos": "u"}
}
,
{
"node": "l",
"id": "Q000268.l09ed0",
"ref": "Q000268.54.3",
"inst": "u",
"f": {"lang": "sux",
"form": "ANŠE",
"pos": "u"}
}
,
{
"node": "d",
"type": "line-start",
"ref": "Q000268.55",
"n": "54",
"label": "54"}
,
{
"node": "l",
"id": "Q000268.l09ed1",
"ref": "Q000268.55.1",
"inst": "u",
"f": {"lang": "sux",
"form": "|GA₂×(SAL.ME)|-ŠU₂-da",
"pos": "u"}
}
,
{
"node": "d",
"type": "line-start",
"ref": "Q000268.56",
"n": "55",
"label": "55"}
,
{
"node": "l",
"id": "Q000268.l09ed2",
"ref": "Q000268.56.1",
"inst": "Zimbir[]SN",
"sig": "@dcclt%sux:zimbir(|UD.(GIŠ%GIŠ)@g.AN|){ki}=Zimbir[1//1]SN'SN$Zimbir/zimbir(|UD.(GIŠ%GIŠ)@g.AN|){ki}#~",
"f": {"lang": "sux",
"form": "zimbir(|UD.(GIŠ%GIŠ)@g.AN|){ki}",
"cf": "Zimbir",
"gw": "1",
"sense": "1",
"norm0": "Zimbir",
"pos": "SN",
"epos": "SN",
"base": "zimbir(|UD.(GIŠ%GIŠ)@g.AN|){ki}",
"morph": "~"}
}
,
{
"node": "d",
"type": "line-start",
"ref": "Q000268.57",
"n": "56",
"label": "56"}
,
{
"node": "l",
"id": "Q000268.l09ed3",
"ref": "Q000268.57.1",
"inst": "iri[city]",
"sig": "@dcclt%sux:iri=iri[city//city]N'N$iri/iri#~",
"f": {"lang": "sux",
"form": "iri",
"cf": "iri",
"gw": "city",
"sense": "city",
"norm0": "iri",
"pos": "N",
"epos": "N",
"base": "iri",
"morph": "~"}
}
,
{
"node": "l",
"id": "Q000268.l09ed4",
"ref": "Q000268.57.2",
"inst": "šul[youth]",
"sig": "@dcclt%sux:sul=šul[youth//youth, young man]V/i'N$šul/šul#~",
"f": {"lang": "sux",
"form": "sul",
"cf": "šul",
"gw": "youth",
"sense": "youth, young man",
"norm0": "šul",
"pos": "V/i",
"epos": "N",
"base": "šul",
"morph": "~"}
}
,
{
"node": "d",
"type": "line-start",
"ref": "Q000268.58",
"n": "57",
"label": "57"}
,
{
"node": "l",
"id": "Q000268.l09ed5",
"ref": "Q000268.58.1",
"inst": "X",
"f": {"lang": "sux",
"form": "GA₂-rin",
"pos": "X"}
}
,
{
"node": "d",
"type": "line-start",
"ref": "Q000268.59",
"n": "58",
"label": "58"}
,
{
"node": "l",
"id": "Q000268.l09ed6",
"ref": "Q000268.59.1",
"inst": "muš[space]",
"sig": "@dcclt%sux:muš₃=muš[space//flat space]N'N$muš/muš₃#~",
"f": {"lang": "sux",
"form": "muš₃",
"cf": "muš",
"gw": "space",
"sense": "flat space",
"norm0": "muš",
"pos": "N",
"epos": "N",
"base": "muš₃",
"morph": "~"}
}
,
{
"node": "d",
"type": "line-start",
"ref": "Q000268.60",
"n": "59",
"label": "59"}
,
{
"node": "l",
"id": "Q000268.l09ed7",
"ref": "Q000268.60.1",
"inst": "šim[aromatic substance]",
"sig": "@dcclt%sux:šim=šim[aromatics//aromatic substance]N'N$šim/šim#~",
"f": {"lang": "sux",
"form": "šim",
"cf": "šim",
"gw": "aromatics",
"sense": "aromatic substance",
"norm0": "šim",
"pos": "N",
"epos": "N",
"base": "šim",
"morph": "~"}
}
,
{
"node": "d",
"type": "line-start",
"ref": "Q000268.61",
"n": "60",
"label": "60"}
,
{
"node": "l",
"id": "Q000268.l09ed8",
"ref": "Q000268.61.1",
"inst": "anur[horizon]",
"sig": "@dcclt%sux:an-ur₂=anur[horizon//horizon]N'N$anur/an-ur₂#~",
"f": {"lang": "sux",
"form": "an-ur₂",
"cf": "anur",
"gw": "horizon",
"sense": "horizon",
"norm0": "anur",
"pos": "N",
"epos": "N",
"base": "an-ur₂",
"morph": "~"}
}
,
{
"node": "d",
"type": "line-start",
"ref": "Q000268.62",
"n": "61",
"label": "61"}
,
{
"node": "l",
"id": "Q000268.l09ed9",
"ref": "Q000268.62.1",
"inst": "ab[cow]",
"sig": "@dcclt%sux:ab₂=ab[cow//cow]N'N$ab/ab₂#~",
"f": {"lang": "sux",
"form": "ab₂",
"cf": "ab",
"gw": "cow",
"sense": "cow",
"norm0": "ab",
"pos": "N",
"epos": "N",
"base": "ab₂",
"morph": "~"}
}
,
{
"node": "l",
"id": "Q000268.l09eda",
"ref": "Q000268.62.2",
"inst": "unud[cowherd]",
"sig": "@dcclt%sux:unud=unud[cowherd//cattle herder]N'N$unud/unud#~",
"f": {"lang": "sux",
"form": "unud",
"cf": "unud",
"gw": "cowherd",
"sense": "cattle herder",
"norm0": "unud",
"pos": "N",
"epos": "N",
"base": "unud",
"morph": "~"}
}
,
{
"node": "d",
"type": "line-start",
"ref": "Q000268.63",
"n": "62",
"label": "62"}
,
{
"node": "l",
"id": "Q000268.l09edb",
"ref": "Q000268.63.1",
"inst": "nun[prince]",
"sig": "@dcclt%sux:nun=nun[prince//prince]N'N$nun/nun#~",
"f": {"lang": "sux",
"form": "nun",
"cf": "nun",
"gw": "prince",
"sense": "prince",
"norm0": "nun",
"pos": "N",
"epos": "N",
"base": "nun",
"morph": "~"}
}
,
{
"node": "l",
"id": "Q000268.l09edc",
"ref": "Q000268.63.2",
"inst": "X",
"f": {"lang": "sux",
"form": "ŠID",
"pos": "X"}
}
,
{
"node": "d",
"type": "line-start",
"ref": "Q000268.64",
"n": "63",
"label": "63"}
,
{
"node": "l",
"id": "Q000268.l09edd",
"ref": "Q000268.64.1",
"inst": "nun[prince]",
"sig": "@dcclt%sux:nun=nun[prince//prince]N'N$nun/nun#~",
"f": {"lang": "sux",
"form": "nun",
"cf": "nun",
"gw": "prince",
"sense": "prince",
"norm0": "nun",
"pos": "N",
"epos": "N",
"base": "nun",
"morph": "~"}
}
,
{
"node": "l",
"id": "Q000268.l09ede",
"ref": "Q000268.64.2",
"inst": "Kiritaba[]SN",
"sig": "@dcclt%sux:kiri₈-tab=Kiritaba[1//1]SN'SN$Kiritaba/kiri₈-tab#~",
"f": {"lang": "sux",
"form": "kiri₈-tab",
"cf": "Kiritaba",
"gw": "1",
"sense": "1",
"norm0": "Kiritaba",
"pos": "SN",
"epos": "SN",
"base": "kiri₈-tab",
"morph": "~"}
}
,
{
"node": "d",
"type": "line-start",
"ref": "Q000268.65",
"n": "64",
"label": "64"}
,
{
"node": "l",
"id": "Q000268.l09edf",
"ref": "Q000268.65.1",
"inst": "X",
"f": {"lang": "sux",
"form": "ma-ba",
"pos": "X"}
}
,
{
"node": "d",
"type": "line-start",
"ref": "Q000268.66",
"n": "65",
"label": "65"}
,
{
"node": "l",
"id": "Q000268.l09ee0",
"ref": "Q000268.66.1",
"inst": "X",
"f": {"lang": "sux",
"form": "ma-dar",
"pos": "X"}
}
,
{
"node": "d",
"type": "line-start",
"ref": "Q000268.67",
"n": "66",
"label": "66"}
,
{
"node": "l",
"id": "Q000268.l09ee1",
"ref": "Q000268.67.1",
"inst": "GN",
"f": {"lang": "sux",
"form": "HA-A{ki}",
"pos": "GN"}
}
,
{
"node": "d",
"type": "line-start",
"ref": "Q000268.68",
"n": "67",
"label": "67"}
,
{
"node": "l",
"id": "Q000268.l09ee2",
"ref": "Q000268.68.1",
"inst": "X",
"f": {"lang": "sux",
"form": "heš₅-ši",
"pos": "X"}
}
,
{
"node": "d",
"type": "line-start",
"ref": "Q000268.69",
"n": "68",
"label": "68"}
,
{
"node": "l",
"id": "Q000268.l09ee3",
"ref": "Q000268.69.1",
"inst": "X",
"f": {"lang": "sux",
"form": "heš₅-ši",
"pos": "X"}
}
,
{
"node": "l",
"id": "Q000268.l09ee4",
"ref": "Q000268.69.2",
"inst": "bar[outside]",
"sig": "@dcclt%sux:bar-ra=bar[outside//outside]V/t'N$bar;a/bar+-ra=r.a#~;a",
"f": {"lang": "sux",
"form": "bar-ra",
"cf": "bar",
"gw": "outside",
"sense": "outside",
"norm0": "bar;a",
"pos": "V/t",
"epos": "N",
"base": "bar",
"cont": "-ra=r.a",
"morph": "~;a"}
}
,
{
"node": "d",
"type": "line-start",
"ref": "Q000268.70",
"n": "69",
"label": "69"}
,
{
"node": "l",
"id": "Q000268.l09ee5",
"ref": "Q000268.70.1",
"inst": "ub[corner]",
"sig": "@dcclt%sux:ub=ub[corner//corner]N'N$ub/ub#~",
"f": {"lang": "sux",
"form": "ub",
"cf": "ub",
"gw": "corner",
"sense": "corner",
"norm0": "ub",
"pos": "N",
"epos": "N",
"base": "ub",
"morph": "~"}
}
,
{
"node": "d",
"type": "line-start",
"ref": "Q000268.71",
"n": "70",
"label": "70"}
,
{
"node": "l",
"id": "Q000268.l09ee6",
"ref": "Q000268.71.1",
"inst": "ub[corner]",
"sig": "@dcclt%sux:ub=ub[corner//corner]N'N$ub/ub#~",
"f": {"lang": "sux",
"form": "ub",
"cf": "ub",
"gw": "corner",
"sense": "corner",
"norm0": "ub",
"pos": "N",
"epos": "N",
"base": "ub",
"morph": "~"}
}
,
{
"node": "l",
"id": "Q000268.l09ee7",
"ref": "Q000268.71.2",
"inst": "bar[outside]",
"sig": "@dcclt%sux:bar=bar[outside//outside]V/t'N$bar/bar#~",
"f": {"lang": "sux",
"form": "bar",
"cf": "bar",
"gw": "outside",
"sense": "outside",
"norm0": "bar",
"pos": "V/t",
"epos": "N",
"base": "bar",
"morph": "~"}
}
,
{
"node": "d",
"type": "line-start",
"ref": "Q000268.72",
"n": "71",
"label": "71"}
,
{
"node": "l",
"id": "Q000268.l09ee8",
"ref": "Q000268.72.1",
"inst": "kar[harbor]",
"sig": "@dcclt%sux:kar-ka=kar[harbor//harbor]N'N$kar,ak.ak/kar#~,ak.ak",
"f": {"lang": "sux",
"form": "kar-ka",
"cf": "kar",
"gw": "harbor",
"sense": "harbor",
"norm0": "kar,ak.ak",
"pos": "N",
"epos": "N",
"base": "kar",
"morph": "~,ak.ak"}
}
,
{
"node": "d",
"type": "line-start",
"ref": "Q000268.73",
"n": "72",
"label": "72"}
,
{
"node": "l",
"id": "Q000268.l09ee9",
"ref": "Q000268.73.1",
"inst": "DN",
"f": {"lang": "sux",
"form": "saman₃(|ŠE.BU.EŠ₂.NUN|)-na",
"pos": "DN"}
}
,
{
"node": "d",
"type": "line-start",
"ref": "Q000268.74",
"n": "73",
"label": "73"}
,
{
"node": "l",
"id": "Q000268.l09eea",
"ref": "Q000268.74.1",
"inst": "X",
"f": {"lang": "sux",
"form": "nim-DU",
"pos": "X"}
}
,
{
"node": "d",
"type": "line-start",
"ref": "Q000268.75",
"n": "74",
"label": "74"}
,
{
"node": "l",
"id": "Q000268.l09eeb",
"ref": "Q000268.75.1",
"inst": "X",
"f": {"lang": "sux",
"form": "e₂-dun",
"pos": "X"}
}
,
{
"node": "d",
"type": "line-start",
"ref": "Q000268.76",
"n": "75",
"label": "75"}
,
{
"node": "l",
"id": "Q000268.l09eec",
"ref": "Q000268.76.1",
"inst": "X",
"f": {"lang": "sux",
"form": "si-za-la₂",
"pos": "X"}
}
,
{
"node": "d",
"type": "line-start",
"ref": "Q000268.77",
"n": "76",
"label": "76"}
,
{
"node": "l",
"id": "Q000268.l09eed",
"ref": "Q000268.77.1",
"inst": "X",
"f": {"lang": "sux",
"form": "eme-mun",
"pos": "X"}
}
,
{
"node": "d",
"type": "line-start",
"ref": "Q000268.78",
"n": "77",
"label": "77"}
,
{
"node": "l",
"id": "Q000268.l09eee",
"ref": "Q000268.78.1",
"inst": "ušuš[land]",
"sig": "@dcclt%sux:šušₓ(|ŠE.NAM₂|)=ušuš[land//a type of land]N'N$ušuš/šušₓ(|ŠE.NAM₂|)#~",
"f": {"lang": "sux",
"form": "šušₓ(|ŠE.NAM₂|)",
"cf": "ušuš",
"gw": "land",
"sense": "a type of land",
"norm0": "ušuš",
"pos": "N",
"epos": "N",
"base": "šušₓ(|ŠE.NAM₂|)",
"morph": "~"}
}
,
{
"node": "d",
"type": "line-start",
"ref": "Q000268.79",
"n": "78",
"label": "78"}
,
{
"node": "l",
"id": "Q000268.l09eef",
"ref": "Q000268.79.1",
"inst": "ušuš[land]",
"sig": "@dcclt%sux:šušₓ(|ŠE.NAM₂|)=ušuš[land//a type of land]N'N$ušuš/šušₓ(|ŠE.NAM₂|)#~",
"f": {"lang": "sux",
"form": "šušₓ(|ŠE.NAM₂|)",
"cf": "ušuš",
"gw": "land",
"sense": "a type of land",
"norm0": "ušuš",
"pos": "N",
"epos": "N",
"base": "šušₓ(|ŠE.NAM₂|)",
"morph": "~"}
}
,
{
"node": "l",
"id": "Q000268.l09ef0",
"ref": "Q000268.79.2",
"inst": "nun[prince]",
"sig": "@dcclt%sux:nun=nun[prince//prince]N'N$nun/nun#~",
"f": {"lang": "sux",
"form": "nun",
"cf": "nun",
"gw": "prince",
"sense": "prince",
"norm0": "nun",
"pos": "N",
"epos": "N",
"base": "nun",
"morph": "~"}
}
,
{
"node": "d",
"type": "line-start",
"ref": "Q000268.80",
"n": "79",
"label": "79"}
,
{
"node": "l",
"id": "Q000268.l09ef1",
"ref": "Q000268.80.1",
"inst": "garaš[leek]",
"sig": "@dcclt%sux:garaš(KASKAL)=garaš[leek//leek]N'N$garaš/garaš(KASKAL)#~",
"f": {"lang": "sux",
"form": "garaš(KASKAL)",
"cf": "garaš",
"gw": "leek",
"sense": "leek",
"norm0": "garaš",
"pos": "N",
"epos": "N",
"base": "garaš(KASKAL)",
"morph": "~"}
}
,
{
"node": "d",
"type": "line-start",
"ref": "Q000268.81",
"n": "80",
"label": "80"}
,
{
"node": "l",
"id": "Q000268.l09ef2",
"ref": "Q000268.81.1",
"inst": "ki[place]",
"sig": "@dcclt%sux:ki=ki[place//place]N'N$ki/ki#~",
"f": {"lang": "sux",
"form": "ki",
"cf": "ki",
"gw": "place",
"sense": "place",
"norm0": "ki",
"pos": "N",
"epos": "N",
"base": "ki",
"morph": "~"}
}
,
{
"node": "l",
"id": "Q000268.l09ef3",
"ref": "Q000268.81.2",
"inst": "garaš[leek]",
"sig": "@dcclt%sux:garaš=garaš[leek//leek]N'N$garaš/garaš#~",
"f": {"lang": "sux",
"form": "garaš",
"cf": "garaš",
"gw": "leek",
"sense": "leek",
"norm0": "garaš",
"pos": "N",
"epos": "N",
"base": "garaš",
"morph": "~"}
}
,
{
"node": "d",
"type": "line-start",
"ref": "Q000268.82",
"n": "81",
"label": "81"}
,
{
"node": "l",
"id": "Q000268.l09ef4",
"ref": "Q000268.82.1",
"inst": "ki[place]",
"sig": "@dcclt%sux:ki=ki[place//place]N'N$ki/ki#~",
"f": {"lang": "sux",
"form": "ki",
"cf": "ki",
"gw": "place",
"sense": "place",
"norm0": "ki",
"pos": "N",
"epos": "N",
"base": "ki",
"morph": "~"}
}
,
{
"node": "l",
"id": "Q000268.l09ef5",
"ref": "Q000268.82.2",
"inst": "lagar[priest]",
"sig": "@dcclt%sux:lagar=lagar[priest//a priest]N'N$lagar/lagar#~",
"f": {"lang": "sux",
"form": "lagar",
"cf": "lagar",
"gw": "priest",
"sense": "a priest",
"norm0": "lagar",
"pos": "N",
"epos": "N",
"base": "lagar",
"morph": "~"}
}
,
{
"node": "d",
"type": "line-start",
"ref": "Q000268.83",
"n": "82",
"label": "82"}
,
{
"node": "l",
"id": "Q000268.l09ef6",
"ref": "Q000268.83.1",
"inst": "X",
"f": {"lang": "sux",
"form": "ušₓ(LAK672a)",
"pos": "X"}
}
,
{
"node": "l",
"id": "Q000268.l09ef7",
"ref": "Q000268.83.2",
"inst": "ki[place]",
"sig": "@dcclt%sux:ki=ki[place//place]N'N$ki/ki#~",
"f": {"lang": "sux",
"form": "ki",
"cf": "ki",
"gw": "place",
"sense": "place",
"norm0": "ki",
"pos": "N",
"epos": "N",
"base": "ki",
"morph": "~"}
}
,
{
"node": "d",
"type": "line-start",
"ref": "Q000268.84",
"n": "83",
"label": "83"}
,
{
"node": "l",
"id": "Q000268.l09ef8",
"ref": "Q000268.84.1",
"inst": "X",
"f": {"lang": "sux",
"form": "a₂-NE",
"pos": "X"}
}
,
{
"node": "d",
"type": "line-start",
"ref": "Q000268.85",
"n": "84",
"label": "84"}
,
{
"node": "l",
"id": "Q000268.l09ef9",
"ref": "Q000268.85.1",
"inst": "usar[neighbor]",
"sig": "@dcclt%sux:ušar₃=usar[neighbor//(female) neighbor]N'N$usar/ušar₃#~",
"f": {"lang": "sux",
"form": "ušar₃",
"cf": "usar",
"gw": "neighbor",
"sense": "(female) neighbor",
"norm0": "usar",
"pos": "N",
"epos": "N",
"base": "ušar₃",
"morph": "~"}
}
,
{
"node": "l",
"id": "Q000268.l09efa",
"ref": "Q000268.85.2",
"inst": "maš[border]",
"sig": "@dcclt%sux:maš=maš[border//border, boundary]N'N$maš/maš#~",
"f": {"lang": "sux",
"form": "maš",
"cf": "maš",
"gw": "border",
"sense": "border, boundary",
"norm0": "maš",
"pos": "N",
"epos": "N",
"base": "maš",
"morph": "~"}
}
,
{
"node": "d",
"type": "line-start",
"ref": "Q000268.86",
"n": "85",
"label": "85"}
,
{
"node": "l",
"id": "Q000268.l09efb",
"ref": "Q000268.86.1",
"inst": "maš[border]",
"sig": "@dcclt%sux:maš-ba=maš[border//border, boundary]N'N$maš,bi.ak/maš#~,bi.ak",
"f": {"lang": "sux",
"form": "maš-ba",
"cf": "maš",
"gw": "border",
"sense": "border, boundary",
"norm0": "maš,bi.ak",
"pos": "N",
"epos": "N",
"base": "maš",
"morph": "~,bi.ak"}
}
,
{
"node": "d",
"type": "line-start",
"ref": "Q000268.87",
"n": "86",
"label": "86"}
,
{
"node": "l",
"id": "Q000268.l09efc",
"ref": "Q000268.87.1",
"inst": "uru[flood]",
"sig": "@dcclt%sux:uru₂(|URU×UD|)=uru[flood//flood, deluge]N'N$uru/uru₂(|URU×UD|)#~",
"f": {"lang": "sux",
"form": "uru₂(|URU×UD|)",
"cf": "uru",
"gw": "flood",
"sense": "flood, deluge",
"norm0": "uru",
"pos": "N",
"epos": "N",
"base": "uru₂(|URU×UD|)",
"morph": "~"}
}
,
{
"node": "d",
"type": "line-start",
"ref": "Q000268.88",
"n": "87",
"label": "87"}
,
{
"node": "l",
"id": "Q000268.l09efd",
"ref": "Q000268.88.1",
"inst": "u",
"f": {"lang": "sux",
"form": "x-sul",
"pos": "u"}
}
,
{
"node": "d",
"type": "line-start",
"ref": "Q000268.89",
"n": "88",
"label": "88"}
,
{
"node": "l",
"id": "Q000268.l09efe",
"ref": "Q000268.89.1",
"inst": "u",
"f": {"lang": "sux",
"form": "x",
"pos": "u"}
}
,
{
"node": "d",
"type": "line-start",
"ref": "Q000268.90",
"n": "89",
"label": "89"}
,
{
"node": "l",
"id": "Q000268.l09eff",
"ref": "Q000268.90.1",
"inst": "u[land]",
"sig": "@dcclt%sux:u₅=u[land//a type of land]N'N$u/u₅#~",
"f": {"lang": "sux",
"form": "u₅",
"cf": "u",
"gw": "land",
"sense": "a type of land",
"norm0": "u",
"pos": "N",
"epos": "N",
"base": "u₅",
"morph": "~"}
}
,
{
"node": "l",
"id": "Q000268.l09f00",
"ref": "Q000268.90.2",
"inst": "zi[life]",
"sig": "@dcclt%sux:zi=zi[life//life]N'N$zi/zi#~",
"f": {"lang": "sux",
"form": "zi",
"cf": "zi",
"gw": "life",
"sense": "life",
"norm0": "zi",
"pos": "N",
"epos": "N",
"base": "zi",
"morph": "~"}
}
,
{
"node": "l",
"id": "Q000268.l09f01",
"ref": "Q000268.90.3",
"inst": "u",
"f": {"lang": "sux",
"form": "x",
"pos": "u"}
}
,
{
"node": "l",
"id": "Q000268.l09f02",
"ref": "Q000268.90.4",
"inst": "u",
"f": {"lang": "sux",
"form": "x",
"pos": "u"}
}
,
{
"node": "d",
"type": "line-start",
"ref": "Q000268.91",
"n": "90",
"label": "90"}
,
{
"node": "l",
"id": "Q000268.l09f03",
"ref": "Q000268.91.1",
"inst": "ildum[band]",
"sig": "@dcclt%sux:ildu₃=ildum[band//band]N'N$ildum/ildu₃#~",
"f": {"lang": "sux",
"form": "ildu₃",
"cf": "ildum",
"gw": "band",
"sense": "band",
"norm0": "ildum",
"pos": "N",
"epos": "N",
"base": "ildu₃",
"morph": "~"}
}
,
{
"node": "d",
"type": "line-start",
"ref": "Q000268.92",
"n": "91",
"label": "91"}
,
{
"node": "l",
"id": "Q000268.l09f04",
"ref": "Q000268.92.1",
"inst": "ildum[band]",
"sig": "@dcclt%sux:ildu₃=ildum[band//band]N'N$ildum/ildu₃#~",
"f": {"lang": "sux",
"form": "ildu₃",
"cf": "ildum",
"gw": "band",
"sense": "band",
"norm0": "ildum",
"pos": "N",
"epos": "N",
"base": "ildu₃",
"morph": "~"}
}
,
{
"node": "l",
"id": "Q000268.l09f05",
"ref": "Q000268.92.2",
"inst": "bar[outside]",
"sig": "@dcclt%sux:bar=bar[outside//outside]V/t'N$bar/bar#~",
"f": {"lang": "sux",
"form": "bar",
"cf": "bar",
"gw": "outside",
"sense": "outside",
"norm0": "bar",
"pos": "V/t",
"epos": "N",
"base": "bar",
"morph": "~"}
}
,
{
"node": "d",
"type": "line-start",
"ref": "Q000268.93",
"n": "92",
"label": "92"}
,
{
"node": "l",
"id": "Q000268.l09f06",
"ref": "Q000268.93.1",
"inst": "DN",
"f": {"lang": "sux",
"form": "en-zu",
"pos": "DN"}
}
,
{
"node": "d",
"type": "line-start",
"ref": "Q000268.94",
"n": "93",
"label": "93"}
,
{
"node": "l",
"id": "Q000268.l09f07",
"ref": "Q000268.94.1",
"inst": "DN",
"f": {"lang": "sux",
"form": "en-LU-zu",
"pos": "DN"}
}
,
{
"node": "d",
"type": "line-start",
"ref": "Q000268.95",
"n": "94",
"label": "94"}
,
{
"node": "l",
"id": "Q000268.l09f08",
"ref": "Q000268.95.1",
"inst": "u",
"f": {"lang": "sux",
"form": "e₂-du₁₀-uₓ(|EZEN×AN|)",
"pos": "u"}
}
,
{
"node": "d",
"type": "line-start",
"ref": "Q000268.96",
"n": "95",
"label": "95"}
,
{
"node": "l",
"id": "Q000268.l09f09",
"ref": "Q000268.96.1",
"inst": "Ebih[]GN",
"sig": "@dcclt%sux:ebih(|EN.TI|)=Ebih[1//1]GN'GN$Ebih/ebih(|EN.TI|)#~",
"f": {"lang": "sux",
"form": "ebih(|EN.TI|)",
"cf": "Ebih",
"gw": "1",
"sense": "1",
"norm0": "Ebih",
"pos": "GN",
"epos": "GN",
"base": "ebih(|EN.TI|)",
"morph": "~"}
}
,
{
"node": "d",
"type": "line-start",
"ref": "Q000268.97",
"n": "96",
"label": "96"}
,
{
"node": "l",
"id": "Q000268.l09f0a",
"ref": "Q000268.97.1",
"inst": "X",
"f": {"lang": "sux",
"form": "MUŠ₃-LAL₂",
"pos": "X"}
}
,
{
"node": "d",
"type": "line-start",
"ref": "Q000268.98",
"n": "97",
"label": "97"}
,
{
"node": "l",
"id": "Q000268.l09f0b",
"ref": "Q000268.98.1",
"inst": "X",
"f": {"lang": "sux",
"form": "|GAN₂@t&GAN₂@t|",
"pos": "X"}
}
,
{
"node": "d",
"type": "line-start",
"ref": "Q000268.99",
"n": "98",
"label": "98"}
,
{
"node": "l",
"id": "Q000268.l09f0c",
"ref": "Q000268.99.1",
"inst": "u[land]",
"sig": "@dcclt%sux:u₃=u[land//a type of land]N'N$u/u₃#~",
"f": {"lang": "sux",
"form": "u₃",
"cf": "u",
"gw": "land",
"sense": "a type of land",
"norm0": "u",
"pos": "N",
"epos": "N",
"base": "u₃",
"morph": "~"}
}
,
{
"node": "l",
"id": "Q000268.l09f0d",
"ref": "Q000268.99.2",
"inst": "X",
"f": {"lang": "sux",
"form": "|GAN₂@t&GAN₂@t|",
"pos": "X"}
}
,
{
"node": "d",
"type": "line-start",
"ref": "Q000268.100",
"n": "99",
"label": "99"}
,
{
"node": "l",
"id": "Q000268.l09f0e",
"ref": "Q000268.100.1",
"inst": "u[land]",
"sig": "@dcclt%sux:u₃=u[land//a type of land]N'N$u/u₃#~",
"f": {"lang": "sux",
"form": "u₃",
"cf": "u",
"gw": "land",
"sense": "a type of land",
"norm0": "u",
"pos": "N",
"epos": "N",
"base": "u₃",
"morph": "~"}
}
,
{
"node": "l",
"id": "Q000268.l09f0f",
"ref": "Q000268.100.2",
"inst": "X",
"f": {"lang": "sux",
"form": "|GAN₂@t&GAN₂@t|",
"pos": "X"}
}
,
{
"node": "l",
"id": "Q000268.l09f10",
"ref": "Q000268.100.3",
"inst": "gal[big]",
"sig": "@dcclt%sux:gal=gal[big//big]V/i'V/i$gal/gal#~",
"f": {"lang": "sux",
"form": "gal",
"cf": "gal",
"gw": "big",
"sense": "big",
"norm0": "gal",
"pos": "V/i",
"epos": "V/i",
"base": "gal",
"morph": "~"}
}
,
{
"node": "l",
"id": "Q000268.l09f11",
"ref": "Q000268.100.4",
"inst": "X",
"f": {"lang": "sux",
"form": "ŠID",
"pos": "X"}
}
,
{
"node": "d",
"type": "line-start",
"ref": "Q000268.101",
"n": "100",
"label": "100"}
,
{
"node": "l",
"id": "Q000268.l09f12",
"ref": "Q000268.101.1",
"inst": "X",
"f": {"lang": "sux",
"form": "AB-|GAN₂@t&GAN₂@t|",
"pos": "X"}
}
,
{
"node": "d",
"type": "line-start",
"ref": "Q000268.102",
"n": "101",
"label": "101"}
,
{
"node": "l",
"id": "Q000268.l09f13",
"ref": "Q000268.102.1",
"inst": "tir[forest]",
"sig": "@dcclt%sux:tir=tir[forest//forest]N'N$tir/tir#~",
"f": {"lang": "sux",
"form": "tir",
"cf": "tir",
"gw": "forest",
"sense": "forest",
"norm0": "tir",
"pos": "N",
"epos": "N",
"base": "tir",
"morph": "~"}
}
,
{
"node": "d",
"type": "line-start",
"ref": "Q000268.103",
"n": "102",
"label": "102"}
,
{
"node": "l",
"id": "Q000268.l09f14",
"ref": "Q000268.103.1",
"inst": "kud[sweet]",
"sig": "@dcclt%sux:ku₇=kud[sweet//(to be ) (honey-)sweet]V/i'V/i$kud/ku₇#~",
"f": {"lang": "sux",
"form": "ku₇",
"cf": "kud",
"gw": "sweet",
"sense": "(to be ) (honey-)sweet",
"norm0": "kud",
"pos": "V/i",
"epos": "V/i",
"base": "ku₇",
"morph": "~"}
}
,
{
"node": "l",
"id": "Q000268.l09f15",
"ref": "Q000268.103.2",
"inst": "tir[forest]",
"sig": "@dcclt%sux:tir=tir[forest//forest]N'N$tir/tir#~",
"f": {"lang": "sux",
"form": "tir",
"cf": "tir",
"gw": "forest",
"sense": "forest",
"norm0": "tir",
"pos": "N",
"epos": "N",
"base": "tir",
"morph": "~"}
}
,
{
"node": "d",
"type": "line-start",
"ref": "Q000268.104",
"n": "103",
"label": "103"}
,
{
"node": "l",
"id": "Q000268.l09f16",
"ref": "Q000268.104.1",
"inst": "X",
"f": {"lang": "sux",
"form": "da-te-EN",
"pos": "X"}
}
,
{
"node": "d",
"type": "line-start",
"ref": "Q000268.105",
"n": "104",
"label": "104"}
,
{
"node": "l",
"id": "Q000268.l09f17",
"ref": "Q000268.105.1",
"inst": "u",
"f": {"lang": "sux",
"form": "|EZEN×SU|",
"pos": "u"}
}
,
{
"node": "d",
"type": "line-start",
"ref": "Q000268.106",
"n": "105",
"label": "105"}
,
{
"node": "l",
"id": "Q000268.l09f18",
"ref": "Q000268.106.1",
"inst": "ulul[cultivation]",
"sig": "@dcclt%sux:|GIŠ×(GIŠ%GIŠ)|(LAK277)=ulul[cultivation//cultivation]N'N$ulul/|GIŠ×(GIŠ%GIŠ)|(LAK277)#~",
"f": {"lang": "sux",
"form": "|GIŠ×(GIŠ%GIŠ)|(LAK277)",
"cf": "ulul",
"gw": "cultivation",
"sense": "cultivation",
"norm0": "ulul",
"pos": "N",
"epos": "N",
"base": "|GIŠ×(GIŠ%GIŠ)|(LAK277)",
"morph": "~"}
}
,
{
"node": "d",
"type": "line-start",
"ref": "Q000268.107",
"n": "106",
"label": "106"}
,
{
"node": "l",
"id": "Q000268.l09f19",
"ref": "Q000268.107.1",
"inst": "X",
"f": {"lang": "sux",
"form": "zag-ka",
"pos": "X"}
}
,
{
"node": "d",
"type": "line-start",
"ref": "Q000268.108",
"n": "107",
"label": "107"}
,
{
"node": "l",
"id": "Q000268.l09f1a",
"ref": "Q000268.108.1",
"inst": "zag[side]",
"sig": "@dcclt%sux:zag=zag[side//side]N'N$zag/zag#~",
"f": {"lang": "sux",
"form": "zag",
"cf": "zag",
"gw": "side",
"sense": "side",
"norm0": "zag",
"pos": "N",
"epos": "N",
"base": "zag",
"morph": "~"}
}
,
{
"node": "l",
"id": "Q000268.l09f1b",
"ref": "Q000268.108.2",
"inst": "kud[cut]",
"sig": "@dcclt%sux:kud-da=kud[cut//cut]V/t'V/t$kud;a/kud+-da=d.a#~;a",
"f": {"lang": "sux",
"form": "kud-da",
"cf": "kud",
"gw": "cut",
"sense": "cut",
"norm0": "kud;a",
"pos": "V/t",
"epos": "V/t",
"base": "kud",
"cont": "-da=d.a",
"morph": "~;a"}
}
,
{
"node": "d",
"type": "line-start",
"ref": "Q000268.109",
"n": "108",
"label": "108"}
,
{
"node": "l",
"id": "Q000268.l09f1c",
"ref": "Q000268.109.1",
"inst": "u",
"f": {"lang": "sux",
"form": "x-ug",
"pos": "u"}
}
,
{
"node": "d",
"type": "line-start",
"ref": "Q000268.110",
"n": "109",
"label": "109"}
,
{
"node": "l",
"id": "Q000268.l09f1d",
"ref": "Q000268.110.1",
"inst": "saŋ[front]",
"sig": "@dcclt%sux:saŋ=saŋ[head//front]N'N$saŋ/saŋ#~",
"f": {"lang": "sux",
"form": "saŋ",
"cf": "saŋ",
"gw": "head",
"sense": "front",
"norm0": "saŋ",
"pos": "N",
"epos": "N",
"base": "saŋ",
"morph": "~"}
}
,
{
"node": "l",
"id": "Q000268.l09f1e",
"ref": "Q000268.110.2",
"inst": "egir[back]",
"sig": "@dcclt%sux:egir=egir[back//back]N'N$egir/egir#~",
"f": {"lang": "sux",
"form": "egir",
"cf": "egir",
"gw": "back",
"sense": "back",
"norm0": "egir",
"pos": "N",
"epos": "N",
"base": "egir",
"morph": "~"}
}
,
{
"node": "d",
"type": "line-start",
"ref": "Q000268.111",
"n": "110",
"label": "110"}
,
{
"node": "l",
"id": "Q000268.l09f1f",
"ref": "Q000268.111.1",
"inst": "X",
"f": {"lang": "sux",
"form": "ku₇-ug",
"pos": "X"}
}
,
{
"node": "d",
"type": "line-start",
"ref": "Q000268.112",
"n": "111",
"label": "111"}
,
{
"node": "l",
"id": "Q000268.l09f20",
"ref": "Q000268.112.1",
"inst": "saŋa[priest]",
"sig": "@dcclt%sux:sanga₂(LAK175)=saŋa[priest//priest]N'N$saŋa/sanga₂(LAK175)#~",
"f": {"lang": "sux",
"form": "sanga₂(LAK175)",
"cf": "saŋa",
"gw": "priest",
"sense": "priest",
"norm0": "saŋa",
"pos": "N",
"epos": "N",
"base": "sanga₂(LAK175)",
"morph": "~"}
}
,
{
"node": "l",
"id": "Q000268.l09f21",
"ref": "Q000268.112.2",
"inst": "nir[lordly]",
"sig": "@dcclt%sux:nir=nir[lordly//lordly]AJ'AJ$nir/nir#~",
"f": {"lang": "sux",
"form": "nir",
"cf": "nir",
"gw": "lordly",
"sense": "lordly",
"norm0": "nir",
"pos": "AJ",
"epos": "AJ",
"base": "nir",
"morph": "~"}
}
,
{
"node": "d",
"type": "line-start",
"ref": "Q000268.113",
"n": "112",
"label": "112"}
,
{
"node": "l",
"id": "Q000268.l09f22",
"ref": "Q000268.113.1",
"inst": "X",
"f": {"lang": "sux",
"form": "LAK339-a-tuku",
"pos": "X"}
}
,
{
"node": "d",
"type": "line-start",
"ref": "Q000268.114",
"n": "113",
"label": "113"}
,
{
"node": "l",
"id": "Q000268.l09f23",
"ref": "Q000268.114.1",
"inst": "giguna[terrace]",
"sig": "@dcclt%sux:gi-gun₄=giguna[terrace//terrace]N'N$giguna/gi-gun₄#~",
"f": {"lang": "sux",
"form": "gi-gun₄",
"cf": "giguna",
"gw": "terrace",
"sense": "terrace",
"norm0": "giguna",
"pos": "N",
"epos": "N",
"base": "gi-gun₄",
"morph": "~"}
}
,
{
"node": "d",
"type": "line-start",
"ref": "Q000268.115",
"n": "114",
"label": "114"}
,
{
"node": "l",
"id": "Q000268.l09f24",
"ref": "Q000268.115.1",
"inst": "ki[place]",
"sig": "@dcclt%sux:ki=ki[place//place]N'N$ki/ki#~",
"f": {"lang": "sux",
"form": "ki",
"cf": "ki",
"gw": "place",
"sense": "place",
"norm0": "ki",
"pos": "N",
"epos": "N",
"base": "ki",
"morph": "~"}
}
,
{
"node": "l",
"id": "Q000268.l09f25",
"ref": "Q000268.115.2",
"inst": "X",
"f": {"lang": "sux",
"form": "DUN₃@g@g-TAR",
"pos": "X"}
}
,
{
"node": "d",
"type": "line-start",
"ref": "Q000268.116",
"n": "115",
"label": "115"}
,
{
"node": "l",
"id": "Q000268.l09f26",
"ref": "Q000268.116.1",
"inst": "šakanka[market]",
"sig": "@dcclt%sux:šakanka(|KI.LAM|)=šakanka[market//market]N'N$šakanka/šakanka(|KI.LAM|)#~",
"f": {"lang": "sux",
"form": "šakanka(|KI.LAM|)",
"cf": "šakanka",
"gw": "market",
"sense": "market",
"norm0": "šakanka",
"pos": "N",
"epos": "N",
"base": "šakanka(|KI.LAM|)",
"morph": "~"}
}
,
{
"node": "d",
"type": "line-start",
"ref": "Q000268.117",
"n": "116",
"label": "116"}
,
{
"node": "l",
"id": "Q000268.l09f27",
"ref": "Q000268.117.1",
"inst": "ki[place]",
"sig": "@dcclt%sux:ki=ki[place//place]N'N$ki/ki#~",
"f": {"lang": "sux",
"form": "ki",
"cf": "ki",
"gw": "place",
"sense": "place",
"norm0": "ki",
"pos": "N",
"epos": "N",
"base": "ki",
"morph": "~"}
}
,
{
"node": "l",
"id": "Q000268.l09f28",
"ref": "Q000268.117.2",
"inst": "X",
"f": {"lang": "sux",
"form": "GUD-EŠ₂-si",
"pos": "X"}
}
,
{
"node": "d",
"type": "line-start",
"ref": "Q000268.118",
"n": "117",
"label": "117"}
,
{
"node": "c",
"type": "phrase",
"tag": "phr",
"id": "Q000268.U4",
"ref": "Q000268.ls00000",
"cdl": [
{
"node": "l",
"id": "Q000268.l09f29",
"ref": "Q000268.118.1",
"inst": "gu[neck]",
"sig": "@dcclt%sux:gu₂=gu[neck//neck]N'N$gu/gu₂#~",
"f": {"lang": "sux",
"form": "gu₂",
"cf": "gu",
"gw": "neck",
"sense": "neck",
"norm0": "gu",
"pos": "N",
"epos": "N",
"base": "gu₂",
"morph": "~"}
}
,
{
"node": "l",
"id": "Q000268.l09f2a",
"ref": "Q000268.118.2",
"inst": "si[fill]",
"sig": "@dcclt%sux:si=si[fill//fill]V/t'V/t$si/si#~",
"f": {"lang": "sux",
"form": "si",
"cf": "si",
"gw": "fill",
"sense": "fill",
"norm0": "si",
"pos": "V/t",
"epos": "V/t",
"base": "si",
"morph": "~"}
}
]}
,
{
"node": "l",
"id": "Q000268.l09f2b",
"ref": "Q000268.118.3",
"inst": "ki[place]",
"sig": "@dcclt%sux:ki=ki[place//place]N'N$ki/ki#~",
"f": {"lang": "sux",
"form": "ki",
"cf": "ki",
"gw": "place",
"sense": "place",
"norm0": "ki",
"pos": "N",
"epos": "N",
"base": "ki",
"morph": "~"}
}
,
{
"node": "d",
"type": "line-start",
"ref": "Q000268.119",
"n": "118",
"label": "118"}
,
{
"node": "l",
"id": "Q000268.l09f2c",
"ref": "Q000268.119.1",
"inst": "ki[place]",
"sig": "@dcclt%sux:ki=ki[place//place]N'N$ki/ki#~",
"f": {"lang": "sux",
"form": "ki",
"cf": "ki",
"gw": "place",
"sense": "place",
"norm0": "ki",
"pos": "N",
"epos": "N",
"base": "ki",
"morph": "~"}
}
,
{
"node": "l",
"id": "Q000268.l09f2d",
"ref": "Q000268.119.2",
"inst": "X",
"f": {"lang": "sux",
"form": "si-za-ag",
"pos": "X"}
}
,
{
"node": "d",
"type": "line-start",
"ref": "Q000268.120",
"n": "119",
"label": "119"}
,
{
"node": "l",
"id": "Q000268.l09f2e",
"ref": "Q000268.120.1",
"inst": "ki[place]",
"sig": "@dcclt%sux:ki=ki[place//place]N'N$ki/ki#~",
"f": {"lang": "sux",
"form": "ki",
"cf": "ki",
"gw": "place",
"sense": "place",
"norm0": "ki",
"pos": "N",
"epos": "N",
"base": "ki",
"morph": "~"}
}
,
{
"node": "l",
"id": "Q000268.l09f2f",
"ref": "Q000268.120.2",
"inst": "DN",
"f": {"lang": "sux",
"form": "en-sumun₂",
"pos": "DN"}
}
,
{
"node": "d",
"type": "line-start",
"ref": "Q000268.121",
"n": "120",
"label": "120"}
,
{
"node": "l",
"id": "Q000268.l09f30",
"ref": "Q000268.121.1",
"inst": "ki[place]",
"sig": "@dcclt%sux:ki=ki[place//place]N'N$ki/ki#~",
"f": {"lang": "sux",
"form": "ki",
"cf": "ki",
"gw": "place",
"sense": "place",
"norm0": "ki",
"pos": "N",
"epos": "N",
"base": "ki",
"morph": "~"}
}
,
{
"node": "l",
"id": "Q000268.l09f31",
"ref": "Q000268.121.2",
"inst": "lungak[brewer]",
"sig": "@dcclt%sux:lunga=lungak[brewer//brewer]N'N$lungak/lunga#~",
"f": {"lang": "sux",
"form": "lunga",
"cf": "lungak",
"gw": "brewer",
"sense": "brewer",
"norm0": "lungak",
"pos": "N",
"epos": "N",
"base": "lunga",
"morph": "~"}
}
,
{
"node": "d",
"type": "line-start",
"ref": "Q000268.122",
"n": "121",
"label": "121"}
,
{
"node": "l",
"id": "Q000268.l09f32",
"ref": "Q000268.122.1",
"inst": "ki[place]",
"sig": "@dcclt%sux:ki=ki[place//place]N'N$ki/ki#~",
"f": {"lang": "sux",
"form": "ki",
"cf": "ki",
"gw": "place",
"sense": "place",
"norm0": "ki",
"pos": "N",
"epos": "N",
"base": "ki",
"morph": "~"}
}
,
{
"node": "l",
"id": "Q000268.l09f33",
"ref": "Q000268.122.2",
"inst": "namdi[official]",
"sig": "@dcclt%sux:nam₂-di=namdi[official//an official]N'N$namdi/nam₂-di#~",
"f": {"lang": "sux",
"form": "nam₂-di",
"cf": "namdi",
"gw": "official",
"sense": "an official",
"norm0": "namdi",
"pos": "N",
"epos": "N",
"base": "nam₂-di",
"morph": "~"}
}
,
{
"node": "d",
"type": "line-start",
"ref": "Q000268.123",
"n": "122",
"label": "122"}
,
{
"node": "l",
"id": "Q000268.l09f34",
"ref": "Q000268.123.1",
"inst": "eššeb[landscape]",
"sig": "@dcclt%sux:eššeb(|KI.IB|)=eššeb[landscape//a deeply incised landscape]N'N$eššeb/eššeb(|KI.IB|)#~",
"f": {"lang": "sux",
"form": "eššeb(|KI.IB|)",
"cf": "eššeb",
"gw": "landscape",
"sense": "a deeply incised landscape",
"norm0": "eššeb",
"pos": "N",
"epos": "N",
"base": "eššeb(|KI.IB|)",
"morph": "~"}
}
,
{
"node": "d",
"type": "line-start",
"ref": "Q000268.124",
"n": "123",
"label": "123"}
,
{
"node": "l",
"id": "Q000268.l09f35",
"ref": "Q000268.124.1",
"inst": "eššeb[landscape]",
"sig": "@dcclt%sux:eššeb=eššeb[landscape//a deeply incised landscape]N'N$eššeb/eššeb#~",
"f": {"lang": "sux",
"form": "eššeb",
"cf": "eššeb",
"gw": "landscape",
"sense": "a deeply incised landscape",
"norm0": "eššeb",
"pos": "N",
"epos": "N",
"base": "eššeb",
"morph": "~"}
}
,
{
"node": "l",
"id": "Q000268.l09f36",
"ref": "Q000268.124.2",
"inst": "X",
"f": {"lang": "sux",
"form": "LAGAB",
"pos": "X"}
}
,
{
"node": "d",
"type": "line-start",
"ref": "Q000268.125",
"n": "124",
"label": "124"}
,
{
"node": "l",
"id": "Q000268.l09f37",
"ref": "Q000268.125.1",
"inst": "ki[place]",
"sig": "@dcclt%sux:ki=ki[place//place]N'N$ki/ki#~",
"f": {"lang": "sux",
"form": "ki",
"cf": "ki",
"gw": "place",
"sense": "place",
"norm0": "ki",
"pos": "N",
"epos": "N",
"base": "ki",
"morph": "~"}
}
,
{
"node": "l",
"id": "Q000268.l09f38",
"ref": "Q000268.125.2",
"inst": "X",
"f": {"lang": "sux",
"form": "ma-zu",
"pos": "X"}
}
,
{
"node": "d",
"type": "line-start",
"ref": "Q000268.126",
"n": "125",
"label": "125"}
,
{
"node": "l",
"id": "Q000268.l09f39",
"ref": "Q000268.126.1",
"inst": "ki[place]",
"sig": "@dcclt%sux:ki=ki[place//place]N'N$ki/ki#~",
"f": {"lang": "sux",
"form": "ki",
"cf": "ki",
"gw": "place",
"sense": "place",
"norm0": "ki",
"pos": "N",
"epos": "N",
"base": "ki",
"morph": "~"}
}
,
{
"node": "l",
"id": "Q000268.l09f3a",
"ref": "Q000268.126.2",
"inst": "X",
"f": {"lang": "sux",
"form": "li-li",
"pos": "X"}
}
,
{
"node": "d",
"type": "line-start",
"ref": "Q000268.127",
"n": "126",
"label": "126"}
,
{
"node": "l",
"id": "Q000268.l09f3b",
"ref": "Q000268.127.1",
"inst": "ki[place]",
"sig": "@dcclt%sux:ki=ki[place//place]N'N$ki/ki#~",
"f": {"lang": "sux",
"form": "ki",
"cf": "ki",
"gw": "place",
"sense": "place",
"norm0": "ki",
"pos": "N",
"epos": "N",
"base": "ki",
"morph": "~"}
}
,
{
"node": "l",
"id": "Q000268.l09f3c",
"ref": "Q000268.127.2",
"inst": "X",
"f": {"lang": "sux",
"form": "mes-ŠID",
"pos": "X"}
}
,
{
"node": "d",
"type": "line-start",
"ref": "Q000268.128",
"n": "127",
"label": "127"}
,
{
"node": "l",
"id": "Q000268.l09f3d",
"ref": "Q000268.128.1",
"inst": "ki[place]",
"sig": "@dcclt%sux:ki=ki[place//place]N'N$ki/ki#~",
"f": {"lang": "sux",
"form": "ki",
"cf": "ki",
"gw": "place",
"sense": "place",
"norm0": "ki",
"pos": "N",
"epos": "N",
"base": "ki",
"morph": "~"}
}
,
{
"node": "l",
"id": "Q000268.l09f3e",
"ref": "Q000268.128.2",
"inst": "saŋ.DUN₃[recorder]",
"sig": "@dcclt%sux:sa₁₂-du₅=saŋ.DUN₃[recorder//recorder]N'N$saŋ.DUN₃/saŋ-DUN₃#~",
"f": {"lang": "sux",
"form": "sa₁₂-du₅",
"cf": "saŋ.DUN₃",
"gw": "recorder",
"sense": "recorder",
"norm0": "saŋ.DUN₃",
"pos": "N",
"epos": "N",
"base": "saŋ-DUN₃",
"morph": "~"}
}
,
{
"node": "d",
"type": "line-start",
"ref": "Q000268.129",
"n": "128",
"label": "128"}
,
{
"node": "l",
"id": "Q000268.l09f3f",
"ref": "Q000268.129.1",
"inst": "ki[place]",
"sig": "@dcclt%sux:ki=ki[place//place]N'N$ki/ki#~",
"f": {"lang": "sux",
"form": "ki",
"cf": "ki",
"gw": "place",
"sense": "place",
"norm0": "ki",
"pos": "N",
"epos": "N",
"base": "ki",
"morph": "~"}
}
,
{
"node": "l",
"id": "Q000268.l09f40",
"ref": "Q000268.129.2",
"inst": "šuba[stone]",
"sig": "@dcclt%sux:šuba=šuba[stone//a precious stone]N'N$šuba/šuba#~",
"f": {"lang": "sux",
"form": "šuba",
"cf": "šuba",
"gw": "stone",
"sense": "a precious stone",
"norm0": "šuba",
"pos": "N",
"epos": "N",
"base": "šuba",
"morph": "~"}
}
,
{
"node": "d",
"type": "line-start",
"ref": "Q000268.130",
"n": "129",
"label": "129"}
,
{
"node": "l",
"id": "Q000268.l09f41",
"ref": "Q000268.130.1",
"inst": "ki[place]",
"sig": "@dcclt%sux:ki=ki[place//place]N'N$ki/ki#~",
"f": {"lang": "sux",
"form": "ki",
"cf": "ki",
"gw": "place",
"sense": "place",
"norm0": "ki",
"pos": "N",
"epos": "N",
"base": "ki",
"morph": "~"}
}
,
{
"node": "l",
"id": "Q000268.l09f42",
"ref": "Q000268.130.2",
"inst": "X",
"f": {"lang": "sux",
"form": "MUŠ₃-KUR",
"pos": "X"}
}
,
{
"node": "d",
"type": "line-start",
"ref": "Q000268.131",
"n": "130",
"label": "130"}
,
{
"node": "l",
"id": "Q000268.l09f43",
"ref": "Q000268.131.1",
"inst": "ki[place]",
"sig": "@dcclt%sux:ki=ki[place//place]N'N$ki/ki#~",
"f": {"lang": "sux",
"form": "ki",
"cf": "ki",
"gw": "place",
"sense": "place",
"norm0": "ki",
"pos": "N",
"epos": "N",
"base": "ki",
"morph": "~"}
}
,
{
"node": "l",
"id": "Q000268.l09f44",
"ref": "Q000268.131.2",
"inst": "tir[forest]",
"sig": "@dcclt%sux:tir=tir[forest//forest]N'N$tir/tir#~",
"f": {"lang": "sux",
"form": "tir",
"cf": "tir",
"gw": "forest",
"sense": "forest",
"norm0": "tir",
"pos": "N",
"epos": "N",
"base": "tir",
"morph": "~"}
}
,
{
"node": "l",
"id": "Q000268.l09f45",
"ref": "Q000268.131.3",
"inst": "u",
"f": {"lang": "sux",
"form": "x",
"pos": "u"}
}
,
{
"node": "d",
"type": "line-start",
"ref": "Q000268.132",
"n": "130a",
"label": "130a"}
,
{
"node": "l",
"id": "Q000268.l09f46",
"ref": "Q000268.132.1",
"inst": "ki[place]",
"sig": "@dcclt%sux:ki=ki[place//place]N'N$ki/ki#~",
"f": {"lang": "sux",
"form": "ki",
"cf": "ki",
"gw": "place",
"sense": "place",
"norm0": "ki",
"pos": "N",
"epos": "N",
"base": "ki",
"morph": "~"}
}
,
{
"node": "l",
"id": "Q000268.l09f47",
"ref": "Q000268.132.2",
"inst": "tir[forest]",
"sig": "@dcclt%sux:tir=tir[forest//forest]N'N$tir/tir#~",
"f": {"lang": "sux",
"form": "tir",
"cf": "tir",
"gw": "forest",
"sense": "forest",
"norm0": "tir",
"pos": "N",
"epos": "N",
"base": "tir",
"morph": "~"}
}
,
{
"node": "l",
"id": "Q000268.l09f48",
"ref": "Q000268.132.3",
"inst": "u",
"f": {"lang": "sux",
"form": "x",
"pos": "u"}
}
,
{
"node": "d",
"type": "line-start",
"ref": "Q000268.133",
"n": "131",
"label": "131"}
,
{
"node": "l",
"id": "Q000268.l09f49",
"ref": "Q000268.133.1",
"inst": "ki[place]",
"sig": "@dcclt%sux:ki=ki[place//place]N'N$ki/ki#~",
"f": {"lang": "sux",
"form": "ki",
"cf": "ki",
"gw": "place",
"sense": "place",
"norm0": "ki",
"pos": "N",
"epos": "N",
"base": "ki",
"morph": "~"}
}
,
{
"node": "l",
"id": "Q000268.l09f4a",
"ref": "Q000268.133.2",
"inst": "X",
"f": {"lang": "sux",
"form": "da-ab",
"pos": "X"}
}
,
{
"node": "d",
"type": "line-start",
"ref": "Q000268.134",
"n": "131a",
"label": "131a"}
,
{
"node": "l",
"id": "Q000268.l09f4b",
"ref": "Q000268.134.1",
"inst": "u",
"f": {"lang": "sux",
"form": "x",
"pos": "u"}
}
,
{
"node": "l",
"id": "Q000268.l09f4c",
"ref": "Q000268.134.2",
"inst": "sikil[pure]",
"sig": "@dcclt%sux:sikil=sikil[pure//pure]V/i'V/i$sikil/sikil#~",
"f": {"lang": "sux",
"form": "sikil",
"cf": "sikil",
"gw": "pure",
"sense": "pure",
"norm0": "sikil",
"pos": "V/i",
"epos": "V/i",
"base": "sikil",
"morph": "~"}
}
,
{
"node": "d",
"type": "line-start",
"ref": "Q000268.135",
"n": "132",
"label": "132"}
,
{
"node": "l",
"id": "Q000268.l09f4d",
"ref": "Q000268.135.1",
"inst": "ki[place]",
"sig": "@dcclt%sux:ki=ki[place//place]N'N$ki/ki#~",
"f": {"lang": "sux",
"form": "ki",
"cf": "ki",
"gw": "place",
"sense": "place",
"norm0": "ki",
"pos": "N",
"epos": "N",
"base": "ki",
"morph": "~"}
}
,
{
"node": "l",
"id": "Q000268.l09f4e",
"ref": "Q000268.135.2",
"inst": "Kulaba[]SN",
"sig": "@dcclt%sux:kul-aba₄=Kulaba[1//1]SN'SN$Kulaba/kul-aba₄#~",
"f": {"lang": "sux",
"form": "kul-aba₄",
"cf": "Kulaba",
"gw": "1",
"sense": "1",
"norm0": "Kulaba",
"pos": "SN",
"epos": "SN",
"base": "kul-aba₄",
"morph": "~"}
}
,
{
"node": "d",
"type": "line-start",
"ref": "Q000268.136",
"n": "133",
"label": "133"}
,
{
"node": "l",
"id": "Q000268.l09f4f",
"ref": "Q000268.136.1",
"inst": "ki[place]",
"sig": "@dcclt%sux:ki=ki[place//place]N'N$ki/ki#~",
"f": {"lang": "sux",
"form": "ki",
"cf": "ki",
"gw": "place",
"sense": "place",
"norm0": "ki",
"pos": "N",
"epos": "N",
"base": "ki",
"morph": "~"}
}
,
{
"node": "l",
"id": "Q000268.l09f50",
"ref": "Q000268.136.2",
"inst": "u",
"f": {"lang": "sux",
"form": "X",
"pos": "u"}
}
,
{
"node": "l",
"id": "Q000268.l09f51",
"ref": "Q000268.136.3",
"inst": "tur[small]",
"sig": "@dcclt%sux:tur=tur[small//small]V/i'V/i$tur/tur#~",
"f": {"lang": "sux",
"form": "tur",
"cf": "tur",
"gw": "small",
"sense": "small",
"norm0": "tur",
"pos": "V/i",
"epos": "V/i",
"base": "tur",
"morph": "~"}
}
,
{
"node": "d",
"type": "line-start",
"ref": "Q000268.137",
"n": "134",
"label": "134"}
,
{
"node": "l",
"id": "Q000268.l09f52",
"ref": "Q000268.137.1",
"inst": "ki[place]",
"sig": "@dcclt%sux:ki=ki[place//place]N'N$ki/ki#~",
"f": {"lang": "sux",
"form": "ki",
"cf": "ki",
"gw": "place",
"sense": "place",
"norm0": "ki",
"pos": "N",
"epos": "N",
"base": "ki",
"morph": "~"}
}
,
{
"node": "l",
"id": "Q000268.l09f53",
"ref": "Q000268.137.2",
"inst": "abgal[sage]",
"sig": "@dcclt%sux:abgal=abgal[sage//sage]N'N$abgal/abgal#~",
"f": {"lang": "sux",
"form": "abgal",
"cf": "abgal",
"gw": "sage",
"sense": "sage",
"norm0": "abgal",
"pos": "N",
"epos": "N",
"base": "abgal",
"morph": "~"}
}
,
{
"node": "d",
"type": "line-start",
"ref": "Q000268.138",
"n": "135",
"label": "135"}
,
{
"node": "l",
"id": "Q000268.l09f54",
"ref": "Q000268.138.1",
"inst": "abrig[functionary]",
"sig": "@dcclt%sux:abrig₂(|NUN.ME.AB₂.DU|)=abrig[functionary//a cultic functionary]N'N$abrig/abrig₂(|NUN.ME.AB₂.DU|)#~",
"f": {"lang": "sux",
"form": "abrig₂(|NUN.ME.AB₂.DU|)",
"cf": "abrig",
"gw": "functionary",
"sense": "a cultic functionary",
"norm0": "abrig",
"pos": "N",
"epos": "N",
"base": "abrig₂(|NUN.ME.AB₂.DU|)",
"morph": "~"}
}
,
{
"node": "l",
"id": "Q000268.l09f55",
"ref": "Q000268.138.2",
"inst": "ki[place]",
"sig": "@dcclt%sux:ki=ki[place//place]N'N$ki/ki#~",
"f": {"lang": "sux",
"form": "ki",
"cf": "ki",
"gw": "place",
"sense": "place",
"norm0": "ki",
"pos": "N",
"epos": "N",
"base": "ki",
"morph": "~"}
}
,
{
"node": "d",
"type": "line-start",
"ref": "Q000268.139",
"n": "136",
"label": "136"}
,
{
"node": "l",
"id": "Q000268.l09f56",
"ref": "Q000268.139.1",
"inst": "ki[place]",
"sig": "@dcclt%sux:ki=ki[place//place]N'N$ki/ki#~",
"f": {"lang": "sux",
"form": "ki",
"cf": "ki",
"gw": "place",
"sense": "place",
"norm0": "ki",
"pos": "N",
"epos": "N",
"base": "ki",
"morph": "~"}
}
,
{
"node": "l",
"id": "Q000268.l09f57",
"ref": "Q000268.139.2",
"inst": "DN",
"f": {"lang": "sux",
"form": "{d}men(LAK682)",
"pos": "DN"}
}
,
{
"node": "d",
"type": "line-start",
"ref": "Q000268.140",
"n": "137",
"label": "137"}
,
{
"node": "l",
"id": "Q000268.l09f58",
"ref": "Q000268.140.1",
"inst": "ki[place]",
"sig": "@dcclt%sux:ki=ki[place//place]N'N$ki/ki#~",
"f": {"lang": "sux",
"form": "ki",
"cf": "ki",
"gw": "place",
"sense": "place",
"norm0": "ki",
"pos": "N",
"epos": "N",
"base": "ki",
"morph": "~"}
}
,
{
"node": "l",
"id": "Q000268.l09f59",
"ref": "Q000268.140.2",
"inst": "ŋeštin[vine]",
"sig": "@dcclt%sux:ŋeštin=ŋeštin[vine//vine]N'N$ŋeštin/ŋeštin#~",
"f": {"lang": "sux",
"form": "ŋeštin",
"cf": "ŋeštin",
"gw": "vine",
"sense": "vine",
"norm0": "ŋeštin",
"pos": "N",
"epos": "N",
"base": "ŋeštin",
"morph": "~"}
}
,
{
"node": "l",
"id": "Q000268.l09f5a",
"ref": "Q000268.140.3",
"inst": "du[plant]",
"sig": "@dcclt%sux:du₃=du[plant//to plant]V/t'V/t$du/du₃#~",
"f": {"lang": "sux",
"form": "du₃",
"cf": "du",
"gw": "plant",
"sense": "to plant",
"norm0": "du",
"pos": "V/t",
"epos": "V/t",
"base": "du₃",
"morph": "~"}
}
,
{
"node": "d",
"type": "line-start",
"ref": "Q000268.141",
"n": "138",
"label": "138"}
,
{
"node": "l",
"id": "Q000268.l09f5b",
"ref": "Q000268.141.1",
"inst": "ki[place]",
"sig": "@dcclt%sux:ki=ki[place//place]N'N$ki/ki#~",
"f": {"lang": "sux",
"form": "ki",
"cf": "ki",
"gw": "place",
"sense": "place",
"norm0": "ki",
"pos": "N",
"epos": "N",
"base": "ki",
"morph": "~"}
}
,
{
"node": "l",
"id": "Q000268.l09f5c",
"ref": "Q000268.141.2",
"inst": "DN",
"f": {"lang": "sux",
"form": "en-zag",
"pos": "DN"}
}
]}
]}
]}
,
{
"linkbase": [{
"type": "linkset",
"xlink_title": "gu si[assemble//to assemble]V/t'V/t",
"id": "Q000268.ls00000",
"xlink_type": "extended",
"xlink_role": "psu",
"sig": "{gu₂ si = gu[neck]N si[fill]V/t += gu si[assemble//to assemble]V/t'V/t}::@dcclt%sux:gu₂=gu[neck//neck]N'N$gu/gu₂#~++@dcclt%sux:si=si[fill//to fill, load up]V/t'V/t$si/si#~",
"links": [
{
"type": "link",
"xlink_title": "gu",
"xlink_type": "locator",
"xlink_href": "#Q000268.l09f29",
"xlink_role": "elt"}
,
{
"type": "link",
"xlink_title": "si",
"xlink_type": "locator",
"xlink_href": "#Q000268.l09f2a",
"xlink_role": "elt"}
]}
]}
]}
