{
"type": "cdl",
  "source": "http://oracc.org/dcclt",
  "license": "This data is released under the CC0 license",
  "license-url": "https://creativecommons.org/publicdomain/zero/1.0/",
  "more-info": "http://oracc.org/doc/opendata/",
  "UTC-timestamp": "2017-05-19T18:28:53",
"project": "dcclt",
"textid": "Q000014",
"cdl": [
{
"node": "c",
"type": "text",
"id": "Q000014.U0",
"cdl": [
{
"node": "c",
"type": "discourse",
"subtype": "body",
"id": "Q000014.U1",
"cdl": [
{
"node": "c",
"type": "sentence",
"id": "Q000014.U2",
"label": "1 - 110",
"cdl": [
{
"node": "d",
"type": "line-start",
"ref": "Q000014.1",
"n": "1",
"label": "1"}
,
{
"node": "l",
"id": "Q000014.l05df9",
"ref": "Q000014.1.1",
"inst": "gubi[eel?]",
"sig": "@dcclt%sux:NE-SUHUR=gubi[eel?//eel?]N'N$gubi/NE-SUHUR#~",
"f": {"lang": "sux",
"form": "NE-SUHUR",
"cf": "gubi",
"gw": "eel?",
"sense": "eel?",
"norm0": "gubi",
"pos": "N",
"epos": "N",
"base": "NE-SUHUR",
"morph": "~"}
}
,
{
"node": "d",
"type": "line-start",
"ref": "Q000014.2",
"n": "2",
"label": "2"}
,
{
"node": "l",
"id": "Q000014.l05dfa",
"ref": "Q000014.2.1",
"inst": "suhur[carp]",
"sig": "@dcclt%sux:suhur{ku₆}=suhur[carp//carp]N'N$suhur/suhur{ku₆}#~",
"f": {"lang": "sux",
"form": "suhur{ku₆}",
"cf": "suhur",
"gw": "carp",
"sense": "carp",
"norm0": "suhur",
"pos": "N",
"epos": "N",
"base": "suhur{ku₆}",
"morph": "~"}
}
,
{
"node": "d",
"type": "line-start",
"ref": "Q000014.3",
"n": "3",
"label": "3"}
,
{
"node": "l",
"id": "Q000014.l05dfb",
"ref": "Q000014.3.1",
"inst": "HI.SUHUR[fish]",
"sig": "@dcclt%sux:HI-suhur{ku₆}=HI.SUHUR[fish//a fish]N'N$HI.SUHUR/HI-suhur{ku₆}#~",
"f": {"lang": "sux",
"form": "HI-suhur{ku₆}",
"cf": "HI.SUHUR",
"gw": "fish",
"sense": "a fish",
"norm0": "HI.SUHUR",
"pos": "N",
"epos": "N",
"base": "HI-suhur{ku₆}",
"morph": "~"}
}
,
{
"node": "d",
"type": "line-start",
"ref": "Q000014.4",
"n": "4",
"label": "4"}
,
{
"node": "l",
"id": "Q000014.l05dfc",
"ref": "Q000014.4.1",
"inst": "IGI.suhur[fish]",
"sig": "@dcclt%sux:IGI-suhur{ku₆}=IGI.suhur[fish//a fish]N'N$IGI.suhur/IGI-suhur{ku₆}#~",
"f": {"lang": "sux",
"form": "IGI-suhur{ku₆}",
"cf": "IGI.suhur",
"gw": "fish",
"sense": "a fish",
"norm0": "IGI.suhur",
"pos": "N",
"epos": "N",
"base": "IGI-suhur{ku₆}",
"morph": "~"}
}
,
{
"node": "d",
"type": "line-start",
"ref": "Q000014.5",
"n": "5",
"label": "5"}
,
{
"node": "l",
"id": "Q000014.l05dfd",
"ref": "Q000014.5.1",
"inst": "silazubud[fish]",
"sig": "@dcclt%sux:sila₃-zubud{ku₆}=silazubud[fish//a fish]N'N$silazubud/sila₃-zubud{ku₆}#~",
"f": {"lang": "sux",
"form": "sila₃-zubud{ku₆}",
"cf": "silazubud",
"gw": "fish",
"sense": "a fish",
"norm0": "silazubud",
"pos": "N",
"epos": "N",
"base": "sila₃-zubud{ku₆}",
"morph": "~"}
}
,
{
"node": "d",
"type": "line-start",
"ref": "Q000014.6",
"n": "6",
"label": "6"}
,
{
"node": "l",
"id": "Q000014.l05dfe",
"ref": "Q000014.6.1",
"inst": "zubud[fish]",
"sig": "@dcclt%sux:zubud{ku₆}=zubud[fish//a fish]N'N$zubud/zubud{ku₆}#~",
"f": {"lang": "sux",
"form": "zubud{ku₆}",
"cf": "zubud",
"gw": "fish",
"sense": "a fish",
"norm0": "zubud",
"pos": "N",
"epos": "N",
"base": "zubud{ku₆}",
"morph": "~"}
}
,
{
"node": "d",
"type": "line-start",
"ref": "Q000014.7",
"n": "7",
"label": "7"}
,
{
"node": "l",
"id": "Q000014.l05dff",
"ref": "Q000014.7.1",
"inst": "PAP.zubud[fish]",
"sig": "@dcclt%sux:PAP-zubud{ku₆}=PAP.zubud[fish//a fish]N'N$PAP.zubud/PAP-zubud{ku₆}#~",
"f": {"lang": "sux",
"form": "PAP-zubud{ku₆}",
"cf": "PAP.zubud",
"gw": "fish",
"sense": "a fish",
"norm0": "PAP.zubud",
"pos": "N",
"epos": "N",
"base": "PAP-zubud{ku₆}",
"morph": "~"}
}
,
{
"node": "d",
"type": "line-start",
"ref": "Q000014.8",
"n": "8",
"label": "8"}
,
{
"node": "l",
"id": "Q000014.l05e00",
"ref": "Q000014.8.1",
"inst": "gamgam[fish]",
"sig": "@dcclt%sux:gam-gam{ku₆}=gamgam[fish//a fish]N'N$gamgam/gam-gam{ku₆}#~",
"f": {"lang": "sux",
"form": "gam-gam{ku₆}",
"cf": "gamgam",
"gw": "fish",
"sense": "a fish",
"norm0": "gamgam",
"pos": "N",
"epos": "N",
"base": "gam-gam{ku₆}",
"morph": "~"}
}
,
{
"node": "d",
"type": "line-start",
"ref": "Q000014.9",
"n": "9",
"label": "9"}
,
{
"node": "l",
"id": "Q000014.l05e01",
"ref": "Q000014.9.1",
"inst": "LAK225[fish]",
"sig": "@dcclt%sux:LAK225{ku₆}=LAK225[fish//a fish]N'N$LAK225/LAK225{ku₆}#~",
"f": {"lang": "sux",
"form": "LAK225{ku₆}",
"cf": "LAK225",
"gw": "fish",
"sense": "a fish",
"norm0": "LAK225",
"pos": "N",
"epos": "N",
"base": "LAK225{ku₆}",
"morph": "~"}
}
,
{
"node": "d",
"type": "line-start",
"ref": "Q000014.10",
"n": "10",
"label": "10"}
,
{
"node": "l",
"id": "Q000014.l05e02",
"ref": "Q000014.10.1",
"inst": "utuwa[fish]",
"sig": "@dcclt%sux:utuwa(LAK777){ku₆}=utuwa[fish//a fish]N'N$utuwa/utuwa(LAK777){ku₆}#~",
"f": {"lang": "sux",
"form": "utuwa(LAK777){ku₆}",
"cf": "utuwa",
"gw": "fish",
"sense": "a fish",
"norm0": "utuwa",
"pos": "N",
"epos": "N",
"base": "utuwa(LAK777){ku₆}",
"morph": "~"}
}
,
{
"node": "d",
"type": "line-start",
"ref": "Q000014.11",
"n": "11",
"label": "11"}
,
{
"node": "l",
"id": "Q000014.l05e03",
"ref": "Q000014.11.1",
"inst": "UD[fish]",
"sig": "@dcclt%sux:UD{ku₆}=UD[fish//a fish]N'N$UD/UD{ku₆}#~",
"f": {"lang": "sux",
"form": "UD{ku₆}",
"cf": "UD",
"gw": "fish",
"sense": "a fish",
"norm0": "UD",
"pos": "N",
"epos": "N",
"base": "UD{ku₆}",
"morph": "~"}
}
,
{
"node": "d",
"type": "line-start",
"ref": "Q000014.12",
"n": "12",
"label": "12"}
,
{
"node": "l",
"id": "Q000014.l05e04",
"ref": "Q000014.12.1",
"inst": "ubi[fish]",
"sig": "@dcclt%sux:ubiₓ(|ŠE.SUHUR|){ku₆}=ubi[fish//a carp]N'N$ubi/ubiₓ(|ŠE.SUHUR|){ku₆}#~",
"f": {"lang": "sux",
"form": "ubiₓ(|ŠE.SUHUR|){ku₆}",
"cf": "ubi",
"gw": "fish",
"sense": "a carp",
"norm0": "ubi",
"pos": "N",
"epos": "N",
"base": "ubiₓ(|ŠE.SUHUR|){ku₆}",
"morph": "~"}
}
,
{
"node": "d",
"type": "line-start",
"ref": "Q000014.13",
"n": "13",
"label": "13"}
,
{
"node": "l",
"id": "Q000014.l05e05",
"ref": "Q000014.13.1",
"inst": "ubiʾabak[fish]",
"sig": "@dcclt%sux:AB-ubiₓ(|ŠE.SUHUR|){ku₆}=ubiʾabak[fish//a fish]N'N$ubiʾabak/AB-ubiₓ(|ŠE.SUHUR|){ku₆}#~",
"f": {"lang": "sux",
"form": "AB-ubiₓ(|ŠE.SUHUR|){ku₆}",
"cf": "ubiʾabak",
"gw": "fish",
"sense": "a fish",
"norm0": "ubiʾabak",
"pos": "N",
"epos": "N",
"base": "AB-ubiₓ(|ŠE.SUHUR|){ku₆}",
"morph": "~"}
}
,
{
"node": "d",
"type": "line-start",
"ref": "Q000014.14",
"n": "14",
"label": "14"}
,
{
"node": "l",
"id": "Q000014.l05e06",
"ref": "Q000014.14.1",
"inst": "izi[fish]",
"sig": "@dcclt%sux:izi{ku₆}=izi[fish//a fish]N'N$izi/izi{ku₆}#~",
"f": {"lang": "sux",
"form": "izi{ku₆}",
"cf": "izi",
"gw": "fish",
"sense": "a fish",
"norm0": "izi",
"pos": "N",
"epos": "N",
"base": "izi{ku₆}",
"morph": "~"}
}
,
{
"node": "d",
"type": "line-start",
"ref": "Q000014.15",
"n": "15",
"label": "15"}
,
{
"node": "l",
"id": "Q000014.l05e07",
"ref": "Q000014.15.1",
"inst": "šah[fish]",
"sig": "@dcclt%sux:zahₓ(DUN){ku₆}=šah[fish//a fish]N'N$šah/zahₓ(DUN){ku₆}#~",
"f": {"lang": "sux",
"form": "zahₓ(DUN){ku₆}",
"cf": "šah",
"gw": "fish",
"sense": "a fish",
"norm0": "šah",
"pos": "N",
"epos": "N",
"base": "zahₓ(DUN){ku₆}",
"morph": "~"}
}
,
{
"node": "d",
"type": "line-start",
"ref": "Q000014.16",
"n": "16",
"label": "16"}
,
{
"node": "l",
"id": "Q000014.l05e08",
"ref": "Q000014.16.1",
"inst": "uš[fish]",
"sig": "@dcclt%sux:uš{ku₆}=uš[fish//a fish]N'N$uš/uš{ku₆}#~",
"f": {"lang": "sux",
"form": "uš{ku₆}",
"cf": "uš",
"gw": "fish",
"sense": "a fish",
"norm0": "uš",
"pos": "N",
"epos": "N",
"base": "uš{ku₆}",
"morph": "~"}
}
,
{
"node": "d",
"type": "line-start",
"ref": "Q000014.17",
"n": "17",
"label": "17"}
,
{
"node": "l",
"id": "Q000014.l05e09",
"ref": "Q000014.17.1",
"inst": "LAK25[fish]",
"sig": "@dcclt%sux:LAK25{ku₆}=LAK25[fish//a fish]N'N$LAK25/LAK25{ku₆}#~",
"f": {"lang": "sux",
"form": "LAK25{ku₆}",
"cf": "LAK25",
"gw": "fish",
"sense": "a fish",
"norm0": "LAK25",
"pos": "N",
"epos": "N",
"base": "LAK25{ku₆}",
"morph": "~"}
}
,
{
"node": "d",
"type": "line-start",
"ref": "Q000014.18",
"n": "18",
"label": "18"}
,
{
"node": "l",
"id": "Q000014.l05e0a",
"ref": "Q000014.18.1",
"inst": "ab[fish~B]",
"sig": "@dcclt%sux:ab₂{ku₆}=ab[fish~B//a fish]N'N$ab/ab₂{ku₆}#~",
"f": {"lang": "sux",
"form": "ab₂{ku₆}",
"cf": "ab",
"gw": "fish~B",
"sense": "a fish",
"norm0": "ab",
"pos": "N",
"epos": "N",
"base": "ab₂{ku₆}",
"morph": "~"}
}
,
{
"node": "d",
"type": "line-start",
"ref": "Q000014.19",
"n": "19",
"label": "19"}
,
{
"node": "l",
"id": "Q000014.l05e0b",
"ref": "Q000014.19.1",
"inst": "HI[fish]",
"sig": "@dcclt%sux:HI{ku₆}=HI[fish//a sea fish]N'N$HI/HI{ku₆}#~",
"f": {"lang": "sux",
"form": "HI{ku₆}",
"cf": "HI",
"gw": "fish",
"sense": "a sea fish",
"norm0": "HI",
"pos": "N",
"epos": "N",
"base": "HI{ku₆}",
"morph": "~"}
}
,
{
"node": "d",
"type": "line-start",
"ref": "Q000014.20",
"n": "20",
"label": "20"}
,
{
"node": "l",
"id": "Q000014.l05e0c",
"ref": "Q000014.20.1",
"inst": "dili[fish]",
"sig": "@dcclt%sux:dili{ku₆}=dili[fish//a fish]N'N$dili/dili{ku₆}#~",
"f": {"lang": "sux",
"form": "dili{ku₆}",
"cf": "dili",
"gw": "fish",
"sense": "a fish",
"norm0": "dili",
"pos": "N",
"epos": "N",
"base": "dili{ku₆}",
"morph": "~"}
}
,
{
"node": "d",
"type": "line-start",
"ref": "Q000014.21",
"n": "21",
"label": "21"}
,
{
"node": "l",
"id": "Q000014.l05e0d",
"ref": "Q000014.21.1",
"inst": "didli[fish]",
"sig": "@dcclt%sux:didli{ku₆}=didli[fish//a fish]N'N$didli/didli{ku₆}#~",
"f": {"lang": "sux",
"form": "didli{ku₆}",
"cf": "didli",
"gw": "fish",
"sense": "a fish",
"norm0": "didli",
"pos": "N",
"epos": "N",
"base": "didli{ku₆}",
"morph": "~"}
}
,
{
"node": "d",
"type": "line-start",
"ref": "Q000014.22",
"n": "22",
"label": "22"}
,
{
"node": "l",
"id": "Q000014.l05e0e",
"ref": "Q000014.22.1",
"inst": "PU[fish]",
"sig": "@dcclt%sux:|LAGAB×U|{ku₆}=PU[fish//a fish]N'N$PU/PU₂{ku₆}#~",
"f": {"lang": "sux",
"form": "|LAGAB×U|{ku₆}",
"cf": "PU",
"gw": "fish",
"sense": "a fish",
"norm0": "PU",
"pos": "N",
"epos": "N",
"base": "PU₂{ku₆}",
"morph": "~"}
}
,
{
"node": "d",
"type": "line-start",
"ref": "Q000014.23",
"n": "23",
"label": "23"}
,
{
"node": "l",
"id": "Q000014.l05e0f",
"ref": "Q000014.23.1",
"inst": "sumaš[fish]",
"sig": "@dcclt%sux:sumaš{ku₆}=sumaš[fish//an oceanic fish]N'N$sumaš/sumaš{ku₆}#~",
"f": {"lang": "sux",
"form": "sumaš{ku₆}",
"cf": "sumaš",
"gw": "fish",
"sense": "an oceanic fish",
"norm0": "sumaš",
"pos": "N",
"epos": "N",
"base": "sumaš{ku₆}",
"morph": "~"}
}
,
{
"node": "d",
"type": "line-start",
"ref": "Q000014.24",
"n": "24",
"label": "24"}
,
{
"node": "l",
"id": "Q000014.l05e10",
"ref": "Q000014.24.1",
"inst": "agargara[fish]",
"sig": "@dcclt%sux:agargara{ku₆}=agargara[fish//a fish]N'N$agargara/agargara{ku₆}#~",
"f": {"lang": "sux",
"form": "agargara{ku₆}",
"cf": "agargara",
"gw": "fish",
"sense": "a fish",
"norm0": "agargara",
"pos": "N",
"epos": "N",
"base": "agargara{ku₆}",
"morph": "~"}
}
,
{
"node": "d",
"type": "line-start",
"ref": "Q000014.25",
"n": "25",
"label": "25"}
,
{
"node": "l",
"id": "Q000014.l05e11",
"ref": "Q000014.25.1",
"inst": "agargarasila[fish]",
"sig": "@dcclt%sux:agargara-sila₃{ku₆}=agargarasila[fish//a fish]N'N$agargarasila/agargara-sila₃{ku₆}#~",
"f": {"lang": "sux",
"form": "agargara-sila₃{ku₆}",
"cf": "agargarasila",
"gw": "fish",
"sense": "a fish",
"norm0": "agargarasila",
"pos": "N",
"epos": "N",
"base": "agargara-sila₃{ku₆}",
"morph": "~"}
}
,
{
"node": "d",
"type": "line-start",
"ref": "Q000014.26",
"n": "26",
"label": "26"}
,
{
"node": "l",
"id": "Q000014.l05e12",
"ref": "Q000014.26.1",
"inst": "ab[fish~A]",
"sig": "@dcclt%sux:AB{ku₆}=ab[fish~A//a fish]N'N$ab/AB{ku₆}#~",
"f": {"lang": "sux",
"form": "AB{ku₆}",
"cf": "ab",
"gw": "fish~A",
"sense": "a fish",
"norm0": "ab",
"pos": "N",
"epos": "N",
"base": "AB{ku₆}",
"morph": "~"}
}
,
{
"node": "d",
"type": "line-start",
"ref": "Q000014.27",
"n": "27",
"label": "27"}
,
{
"node": "l",
"id": "Q000014.l05e13",
"ref": "Q000014.27.1",
"inst": "gir[fish]",
"sig": "@dcclt%sux:gir=gir[fish//fish]N'N$gir/gir#~",
"f": {"lang": "sux",
"form": "gir",
"cf": "gir",
"gw": "fish",
"sense": "fish",
"norm0": "gir",
"pos": "N",
"epos": "N",
"base": "gir",
"morph": "~"}
}
,
{
"node": "d",
"type": "line-start",
"ref": "Q000014.28",
"n": "28",
"label": "28"}
,
{
"node": "l",
"id": "Q000014.l05e14",
"ref": "Q000014.28.1",
"inst": "kiŋ₂.GIR[fish]",
"sig": "@dcclt%sux:kiŋ₂-HA@g=kiŋ₂.GIR[fish//a fish]N'N$kiŋ₂.GIR/kiŋ₂-HA@g#~",
"f": {"lang": "sux",
"form": "kiŋ₂-HA@g",
"cf": "kiŋ₂.GIR",
"gw": "fish",
"sense": "a fish",
"norm0": "kiŋ₂.GIR",
"pos": "N",
"epos": "N",
"base": "kiŋ₂-HA@g",
"morph": "~"}
}
,
{
"node": "d",
"type": "line-start",
"ref": "Q000014.29",
"n": "29",
"label": "29"}
,
{
"node": "l",
"id": "Q000014.l05e15",
"ref": "Q000014.29.1",
"inst": "ŋir[fish]",
"sig": "@dcclt%sux:ŋir₂{ku₆}=ŋir[fish//a fish]N'N$ŋir/ŋir₂{ku₆}#~",
"f": {"lang": "sux",
"form": "ŋir₂{ku₆}",
"cf": "ŋir",
"gw": "fish",
"sense": "a fish",
"norm0": "ŋir",
"pos": "N",
"epos": "N",
"base": "ŋir₂{ku₆}",
"morph": "~"}
}
,
{
"node": "d",
"type": "line-start",
"ref": "Q000014.30",
"n": "30",
"label": "30"}
,
{
"node": "l",
"id": "Q000014.l05e16",
"ref": "Q000014.30.1",
"inst": "šum[fish]",
"sig": "@dcclt%sux:šum{ku₆}=šum[fish//a fish]N'N$šum/šum{ku₆}#~",
"f": {"lang": "sux",
"form": "šum{ku₆}",
"cf": "šum",
"gw": "fish",
"sense": "a fish",
"norm0": "šum",
"pos": "N",
"epos": "N",
"base": "šum{ku₆}",
"morph": "~"}
}
,
{
"node": "d",
"type": "line-start",
"ref": "Q000014.31",
"n": "31",
"label": "31"}
,
{
"node": "l",
"id": "Q000014.l05e17",
"ref": "Q000014.31.1",
"inst": "emekud[fish]",
"sig": "@dcclt%sux:me-du{ku₆}=emekud[fish//a fish]N'N$emekud/me-du{ku₆}#~",
"f": {"lang": "sux",
"form": "me-du{ku₆}",
"cf": "emekud",
"gw": "fish",
"sense": "a fish",
"norm0": "emekud",
"pos": "N",
"epos": "N",
"base": "me-du{ku₆}",
"morph": "~"}
}
,
{
"node": "d",
"type": "line-start",
"ref": "Q000014.32",
"n": "32",
"label": "32"}
,
{
"node": "l",
"id": "Q000014.l05e18",
"ref": "Q000014.32.1",
"inst": "PI.ur₄[fish]",
"sig": "@dcclt%sux:PI-ur₄{ku₆}=PI.ur₄[fish//a fish]N'N$PI.ur₄/PI-ur₄{ku₆}#~",
"f": {"lang": "sux",
"form": "PI-ur₄{ku₆}",
"cf": "PI.ur₄",
"gw": "fish",
"sense": "a fish",
"norm0": "PI.ur₄",
"pos": "N",
"epos": "N",
"base": "PI-ur₄{ku₆}",
"morph": "~"}
}
,
{
"node": "d",
"type": "line-start",
"ref": "Q000014.33",
"n": "33",
"label": "33"}
,
{
"node": "l",
"id": "Q000014.l05e19",
"ref": "Q000014.33.1",
"inst": "X",
"f": {"lang": "sux",
"form": "|3×AN|{ku₆}",
"pos": "X"}
}
,
{
"node": "d",
"type": "line-start",
"ref": "Q000014.34",
"n": "34",
"label": "34"}
,
{
"node": "l",
"id": "Q000014.l05e1a",
"ref": "Q000014.34.1",
"inst": "ab[fish]",
"sig": "@dcclt%sux:ab{ku₆}=ab[fish//a fish]N'N$ab/ab{ku₆}#~",
"f": {"lang": "sux",
"form": "ab{ku₆}",
"cf": "ab",
"gw": "fish",
"sense": "a fish",
"norm0": "ab",
"pos": "N",
"epos": "N",
"base": "ab{ku₆}",
"morph": "~"}
}
,
{
"node": "d",
"type": "line-start",
"ref": "Q000014.35",
"n": "35",
"label": "35"}
,
{
"node": "l",
"id": "Q000014.l05e1b",
"ref": "Q000014.35.1",
"inst": "absuhur[carp]",
"sig": "@dcclt%sux:ab-GIR=absuhur[carp//a carp]N'N$absuhur/ab-GIR#~",
"f": {"lang": "sux",
"form": "ab-GIR",
"cf": "absuhur",
"gw": "carp",
"sense": "a carp",
"norm0": "absuhur",
"pos": "N",
"epos": "N",
"base": "ab-GIR",
"morph": "~"}
}
,
{
"node": "d",
"type": "line-start",
"ref": "Q000014.36",
"n": "36",
"label": "36"}
,
{
"node": "l",
"id": "Q000014.l05e1c",
"ref": "Q000014.36.1",
"inst": "nindaʾabsuhur[fish]",
"sig": "@dcclt%sux:PAD{ku₆}=nindaʾabsuhur[fish//a fish]N'N$nindaʾabsuhur/PAD{ku₆}#~",
"f": {"lang": "sux",
"form": "PAD{ku₆}",
"cf": "nindaʾabsuhur",
"gw": "fish",
"sense": "a fish",
"norm0": "nindaʾabsuhur",
"pos": "N",
"epos": "N",
"base": "PAD{ku₆}",
"morph": "~"}
}
,
{
"node": "d",
"type": "line-start",
"ref": "Q000014.37",
"n": "37",
"label": "37"}
,
{
"node": "l",
"id": "Q000014.l05e1d",
"ref": "Q000014.37.1",
"inst": "esir[fish]",
"sig": "@dcclt%sux:esirₓ(LAK173){ku₆}=esir[fish//fish]N'N$esir/esirₓ(LAK173){ku₆}#~",
"f": {"lang": "sux",
"form": "esirₓ(LAK173){ku₆}",
"cf": "esir",
"gw": "fish",
"sense": "fish",
"norm0": "esir",
"pos": "N",
"epos": "N",
"base": "esirₓ(LAK173){ku₆}",
"morph": "~"}
}
,
{
"node": "d",
"type": "line-start",
"ref": "Q000014.38",
"n": "38",
"label": "38"}
,
{
"node": "l",
"id": "Q000014.l05e1e",
"ref": "Q000014.38.1",
"inst": "gur[fish]",
"sig": "@dcclt%sux:gur₇{ku₆}=gur[fish//a fish]N'N$gur/gur₇{ku₆}#~",
"f": {"lang": "sux",
"form": "gur₇{ku₆}",
"cf": "gur",
"gw": "fish",
"sense": "a fish",
"norm0": "gur",
"pos": "N",
"epos": "N",
"base": "gur₇{ku₆}",
"morph": "~"}
}
,
{
"node": "d",
"type": "line-start",
"ref": "Q000014.39",
"n": "39",
"label": "39"}
,
{
"node": "l",
"id": "Q000014.l05e1f",
"ref": "Q000014.39.1",
"inst": "muš[fish]",
"sig": "@dcclt%sux:muš{ku₆}=muš[fish//a fish]N'N$muš/muš{ku₆}#~",
"f": {"lang": "sux",
"form": "muš{ku₆}",
"cf": "muš",
"gw": "fish",
"sense": "a fish",
"norm0": "muš",
"pos": "N",
"epos": "N",
"base": "muš{ku₆}",
"morph": "~"}
}
,
{
"node": "d",
"type": "line-start",
"ref": "Q000014.40",
"n": "40",
"label": "40"}
,
{
"node": "l",
"id": "Q000014.l05e20",
"ref": "Q000014.40.1",
"inst": "du[fish]",
"sig": "@dcclt%sux:du₆{ku₆}=du[fish//a fish]N'N$du/du₆{ku₆}#~",
"f": {"lang": "sux",
"form": "du₆{ku₆}",
"cf": "du",
"gw": "fish",
"sense": "a fish",
"norm0": "du",
"pos": "N",
"epos": "N",
"base": "du₆{ku₆}",
"morph": "~"}
}
,
{
"node": "d",
"type": "line-start",
"ref": "Q000014.41",
"n": "41",
"label": "41"}
,
{
"node": "l",
"id": "Q000014.l05e21",
"ref": "Q000014.41.1",
"inst": "ur[fish]",
"sig": "@dcclt%sux:ur₄{ku₆}=ur[fish//a fish]N'N$ur/ur₄{ku₆}#~",
"f": {"lang": "sux",
"form": "ur₄{ku₆}",
"cf": "ur",
"gw": "fish",
"sense": "a fish",
"norm0": "ur",
"pos": "N",
"epos": "N",
"base": "ur₄{ku₆}",
"morph": "~"}
}
,
{
"node": "d",
"type": "line-start",
"ref": "Q000014.42",
"n": "42",
"label": "42"}
,
{
"node": "l",
"id": "Q000014.l05e22",
"ref": "Q000014.42.1",
"inst": "turti[fish]",
"sig": "@dcclt%sux:tur-ti{ku₆}=turti[fish//a fish]N'N$turti/tur-ti{ku₆}#~",
"f": {"lang": "sux",
"form": "tur-ti{ku₆}",
"cf": "turti",
"gw": "fish",
"sense": "a fish",
"norm0": "turti",
"pos": "N",
"epos": "N",
"base": "tur-ti{ku₆}",
"morph": "~"}
}
,
{
"node": "d",
"type": "line-start",
"ref": "Q000014.43",
"n": "43",
"label": "43"}
,
{
"node": "l",
"id": "Q000014.l05e23",
"ref": "Q000014.43.1",
"inst": "tu[fish]",
"sig": "@dcclt%sux:tu{ku₆}=tu[fish//a fish]N'N$tu/tu{ku₆}#~",
"f": {"lang": "sux",
"form": "tu{ku₆}",
"cf": "tu",
"gw": "fish",
"sense": "a fish",
"norm0": "tu",
"pos": "N",
"epos": "N",
"base": "tu{ku₆}",
"morph": "~"}
}
,
{
"node": "d",
"type": "line-start",
"ref": "Q000014.44",
"n": "44",
"label": "44"}
,
{
"node": "l",
"id": "Q000014.l05e24",
"ref": "Q000014.44.1",
"inst": "HA@t@g[fish]",
"sig": "@dcclt%sux:HA@t@g{ku₆}=HA@t@g[fish//a fish]N'N$HA@t@g/HA@t@g{ku₆}#~",
"f": {"lang": "sux",
"form": "HA@t@g{ku₆}",
"cf": "HA@t@g",
"gw": "fish",
"sense": "a fish",
"norm0": "HA@t@g",
"pos": "N",
"epos": "N",
"base": "HA@t@g{ku₆}",
"morph": "~"}
}
,
{
"node": "d",
"type": "line-start",
"ref": "Q000014.45",
"n": "45",
"label": "45"}
,
{
"node": "l",
"id": "Q000014.l05e25",
"ref": "Q000014.45.1",
"inst": "uga[fish]",
"sig": "@dcclt%sux:uga{mušen}{ku₆}=uga[fish//a fish]N'N$uga/uga{mušen}{ku₆}#~",
"f": {"lang": "sux",
"form": "uga{mušen}{ku₆}",
"cf": "uga",
"gw": "fish",
"sense": "a fish",
"norm0": "uga",
"pos": "N",
"epos": "N",
"base": "uga{mušen}{ku₆}",
"morph": "~"}
}
,
{
"node": "d",
"type": "line-start",
"ref": "Q000014.46",
"n": "46",
"label": "46"}
,
{
"node": "l",
"id": "Q000014.l05e26",
"ref": "Q000014.46.1",
"inst": "NAM[fish]",
"sig": "@dcclt%sux:NAM{ku₆}=NAM[fish//a fish]N'N$NAM/NAM{ku₆}#~",
"f": {"lang": "sux",
"form": "NAM{ku₆}",
"cf": "NAM",
"gw": "fish",
"sense": "a fish",
"norm0": "NAM",
"pos": "N",
"epos": "N",
"base": "NAM{ku₆}",
"morph": "~"}
}
,
{
"node": "d",
"type": "line-start",
"ref": "Q000014.47",
"n": "47",
"label": "47"}
,
{
"node": "l",
"id": "Q000014.l05e27",
"ref": "Q000014.47.1",
"inst": "gakkul[fish]",
"sig": "@dcclt%sux:gakkul₂{ku₆}=gakkul[fish//a fish]N'N$gakkul/gakkul₂{ku₆}#~",
"f": {"lang": "sux",
"form": "gakkul₂{ku₆}",
"cf": "gakkul",
"gw": "fish",
"sense": "a fish",
"norm0": "gakkul",
"pos": "N",
"epos": "N",
"base": "gakkul₂{ku₆}",
"morph": "~"}
}
,
{
"node": "d",
"type": "line-start",
"ref": "Q000014.48",
"n": "48",
"label": "48"}
,
{
"node": "l",
"id": "Q000014.l05e28",
"ref": "Q000014.48.1",
"inst": "kušu[creature]",
"sig": "@dcclt%sux:kušu₂(LAK304){ku₆}=kušu[creature//creature]N'N$kušu/kušu₂(LAK304){ku₆}#~",
"f": {"lang": "sux",
"form": "kušu₂(LAK304){ku₆}",
"cf": "kušu",
"gw": "creature",
"sense": "creature",
"norm0": "kušu",
"pos": "N",
"epos": "N",
"base": "kušu₂(LAK304){ku₆}",
"morph": "~"}
}
,
{
"node": "d",
"type": "line-start",
"ref": "Q000014.49",
"n": "49",
"label": "49"}
,
{
"node": "l",
"id": "Q000014.l05e29",
"ref": "Q000014.49.1",
"inst": "mu[fish]",
"sig": "@dcclt%sux:mu₁₁(|KA×SAR|){ku₆}=mu[fish//a fish]N'N$mu/mu₁₁(|KA×SAR|){ku₆}#~",
"f": {"lang": "sux",
"form": "mu₁₁(|KA×SAR|){ku₆}",
"cf": "mu",
"gw": "fish",
"sense": "a fish",
"norm0": "mu",
"pos": "N",
"epos": "N",
"base": "mu₁₁(|KA×SAR|){ku₆}",
"morph": "~"}
}
,
{
"node": "d",
"type": "line-start",
"ref": "Q000014.50",
"n": "50",
"label": "50"}
,
{
"node": "l",
"id": "Q000014.l05e2a",
"ref": "Q000014.50.1",
"inst": "lu[fish]",
"sig": "@dcclt%sux:lu₂{ku₆}=lu[fish//a fish]N'N$lu/lu₂{ku₆}#~",
"f": {"lang": "sux",
"form": "lu₂{ku₆}",
"cf": "lu",
"gw": "fish",
"sense": "a fish",
"norm0": "lu",
"pos": "N",
"epos": "N",
"base": "lu₂{ku₆}",
"morph": "~"}
}
,
{
"node": "d",
"type": "line-start",
"ref": "Q000014.51",
"n": "51",
"label": "51"}
,
{
"node": "l",
"id": "Q000014.l05e2b",
"ref": "Q000014.51.1",
"inst": "šeg[fish]",
"sig": "@dcclt%sux:šeg₉(LAK263){ku₆}=šeg[fish//a fish]N'N$šeg/šeg₉(LAK263){ku₆}#~",
"f": {"lang": "sux",
"form": "šeg₉(LAK263){ku₆}",
"cf": "šeg",
"gw": "fish",
"sense": "a fish",
"norm0": "šeg",
"pos": "N",
"epos": "N",
"base": "šeg₉(LAK263){ku₆}",
"morph": "~"}
}
,
{
"node": "d",
"type": "line-start",
"ref": "Q000014.52",
"n": "52",
"label": "52"}
,
{
"node": "l",
"id": "Q000014.l05e2c",
"ref": "Q000014.52.1",
"inst": "LAK262[fish]",
"sig": "@dcclt%sux:LAK262{ku₆}=LAK262[fish//a fish]N'N$LAK262/LAK262{ku₆}#~",
"f": {"lang": "sux",
"form": "LAK262{ku₆}",
"cf": "LAK262",
"gw": "fish",
"sense": "a fish",
"norm0": "LAK262",
"pos": "N",
"epos": "N",
"base": "LAK262{ku₆}",
"morph": "~"}
}
,
{
"node": "d",
"type": "line-start",
"ref": "Q000014.53",
"n": "53",
"label": "53"}
,
{
"node": "l",
"id": "Q000014.l05e2d",
"ref": "Q000014.53.1",
"inst": "dara[fish]",
"sig": "@dcclt%sux:dara₃(LAK264){ku₆}=dara[fish//a fish]N'N$dara/dara₃(LAK264){ku₆}#~",
"f": {"lang": "sux",
"form": "dara₃(LAK264){ku₆}",
"cf": "dara",
"gw": "fish",
"sense": "a fish",
"norm0": "dara",
"pos": "N",
"epos": "N",
"base": "dara₃(LAK264){ku₆}",
"morph": "~"}
}
,
{
"node": "d",
"type": "line-start",
"ref": "Q000014.54",
"n": "54",
"label": "54"}
,
{
"node": "l",
"id": "Q000014.l05e2e",
"ref": "Q000014.54.1",
"inst": "eštub[carp]",
"sig": "@dcclt%sux:eštub{ku₆}=eštub[carp//carp]N'N$eštub/eštub{ku₆}#~",
"f": {"lang": "sux",
"form": "eštub{ku₆}",
"cf": "eštub",
"gw": "carp",
"sense": "carp",
"norm0": "eštub",
"pos": "N",
"epos": "N",
"base": "eštub{ku₆}",
"morph": "~"}
}
,
{
"node": "d",
"type": "line-start",
"ref": "Q000014.55",
"n": "55",
"label": "55"}
,
{
"node": "l",
"id": "Q000014.l05e2f",
"ref": "Q000014.55.1",
"inst": "gizi[fish]",
"sig": "@dcclt%sux:gi-zi{ku₆}=gizi[fish//a fish]N'N$gizi/gi-zi{ku₆}#~",
"f": {"lang": "sux",
"form": "gi-zi{ku₆}",
"cf": "gizi",
"gw": "fish",
"sense": "a fish",
"norm0": "gizi",
"pos": "N",
"epos": "N",
"base": "gi-zi{ku₆}",
"morph": "~"}
}
,
{
"node": "d",
"type": "line-start",
"ref": "Q000014.56",
"n": "56",
"label": "56"}
,
{
"node": "l",
"id": "Q000014.l05e30",
"ref": "Q000014.56.1",
"inst": "lu₂.ulu₃.GA₂[fish]",
"sig": "@dcclt%sux:lu₂-ulu₃-GA₂{ku₆}=lu₂.ulu₃.GA₂[fish//a fish]N'N$lu₂.ulu₃.GA₂/lu₂-ulu₃-ŊA₂{ku₆}#~",
"f": {"lang": "sux",
"form": "lu₂-ulu₃-GA₂{ku₆}",
"cf": "lu₂.ulu₃.GA₂",
"gw": "fish",
"sense": "a fish",
"norm0": "lu₂.ulu₃.GA₂",
"pos": "N",
"epos": "N",
"base": "lu₂-ulu₃-ŊA₂{ku₆}",
"morph": "~"}
}
,
{
"node": "d",
"type": "line-start",
"ref": "Q000014.57",
"n": "57",
"label": "57"}
,
{
"node": "l",
"id": "Q000014.l05e31",
"ref": "Q000014.57.1",
"inst": "huš[fish]",
"sig": "@dcclt%sux:huš(LAK240){ku₆}=huš[fish//a fish]N'N$huš/huš(LAK240){ku₆}#~",
"f": {"lang": "sux",
"form": "huš(LAK240){ku₆}",
"cf": "huš",
"gw": "fish",
"sense": "a fish",
"norm0": "huš",
"pos": "N",
"epos": "N",
"base": "huš(LAK240){ku₆}",
"morph": "~"}
}
,
{
"node": "d",
"type": "line-start",
"ref": "Q000014.58",
"n": "58",
"label": "58"}
,
{
"node": "l",
"id": "Q000014.l05e32",
"ref": "Q000014.58.1",
"inst": "giriₓ.LAK322[fish]",
"sig": "@dcclt%sux:giriₓ(LAK085)-|KA×ŠE|(LAK322){ku₆}=giriₓ.LAK322[fish//a fish]N'N$giriₓ.LAK322/giriₓ(LAK085)-|KA×ŠE|(LAK322){ku₆}#~",
"f": {"lang": "sux",
"form": "giriₓ(LAK085)-|KA×ŠE|(LAK322){ku₆}",
"cf": "giriₓ.LAK322",
"gw": "fish",
"sense": "a fish",
"norm0": "giriₓ.LAK322",
"pos": "N",
"epos": "N",
"base": "giriₓ(LAK085)-|KA×ŠE|(LAK322){ku₆}",
"morph": "~"}
}
,
{
"node": "d",
"type": "line-start",
"ref": "Q000014.59",
"n": "59",
"label": "59"}
,
{
"node": "l",
"id": "Q000014.l05e33",
"ref": "Q000014.59.1",
"inst": "kisaŋgid[fish]",
"sig": "@dcclt%sux:ki-saŋ-gid₂{ku₆}=kisaŋgid[fish//a fish]N'N$kisaŋgid/ki-saŋ-gid₂{ku₆}#~",
"f": {"lang": "sux",
"form": "ki-saŋ-gid₂{ku₆}",
"cf": "kisaŋgid",
"gw": "fish",
"sense": "a fish",
"norm0": "kisaŋgid",
"pos": "N",
"epos": "N",
"base": "ki-saŋ-gid₂{ku₆}",
"morph": "~"}
}
,
{
"node": "d",
"type": "line-start",
"ref": "Q000014.60",
"n": "60",
"label": "60"}
,
{
"node": "l",
"id": "Q000014.l05e34",
"ref": "Q000014.60.1",
"inst": "gusura[fish]",
"sig": "@dcclt%sux:gu₃-sur{ku₆}=gusura[fish//a fish]N'N$gusura/gu₃-sur{ku₆}#~",
"f": {"lang": "sux",
"form": "gu₃-sur{ku₆}",
"cf": "gusura",
"gw": "fish",
"sense": "a fish",
"norm0": "gusura",
"pos": "N",
"epos": "N",
"base": "gu₃-sur{ku₆}",
"morph": "~"}
}
,
{
"node": "d",
"type": "line-start",
"ref": "Q000014.61",
"n": "61",
"label": "61"}
,
{
"node": "l",
"id": "Q000014.l05e35",
"ref": "Q000014.61.1",
"inst": "ninuš[fish]",
"sig": "@dcclt%sux:nin-uš{ku₆}=ninuš[fish//a fish]N'N$ninuš/nin-uš{ku₆}#~",
"f": {"lang": "sux",
"form": "nin-uš{ku₆}",
"cf": "ninuš",
"gw": "fish",
"sense": "a fish",
"norm0": "ninuš",
"pos": "N",
"epos": "N",
"base": "nin-uš{ku₆}",
"morph": "~"}
}
,
{
"node": "d",
"type": "line-start",
"ref": "Q000014.62",
"n": "62",
"label": "62"}
,
{
"node": "l",
"id": "Q000014.l05e36",
"ref": "Q000014.62.1",
"inst": "kaskas[fish]",
"sig": "@dcclt%sux:kas₄-kas₄{ku₆}=kaskas[fish//a fish]N'N$kaskas/kas₄-kas₄{ku₆}#~",
"f": {"lang": "sux",
"form": "kas₄-kas₄{ku₆}",
"cf": "kaskas",
"gw": "fish",
"sense": "a fish",
"norm0": "kaskas",
"pos": "N",
"epos": "N",
"base": "kas₄-kas₄{ku₆}",
"morph": "~"}
}
,
{
"node": "d",
"type": "line-start",
"ref": "Q000014.63",
"n": "63",
"label": "63"}
,
{
"node": "l",
"id": "Q000014.l05e37",
"ref": "Q000014.63.1",
"inst": "kardukas[fish]",
"sig": "@dcclt%sux:kar-du-kas₄{ku₆}=kardukas[fish//a fish]N'N$kardukas/kar-du-kas₄{ku₆}#~",
"f": {"lang": "sux",
"form": "kar-du-kas₄{ku₆}",
"cf": "kardukas",
"gw": "fish",
"sense": "a fish",
"norm0": "kardukas",
"pos": "N",
"epos": "N",
"base": "kar-du-kas₄{ku₆}",
"morph": "~"}
}
,
{
"node": "d",
"type": "line-start",
"ref": "Q000014.64",
"n": "64",
"label": "64"}
,
{
"node": "l",
"id": "Q000014.l05e38",
"ref": "Q000014.64.1",
"inst": "bizazagubalaŋdikargirzana[fish]",
"sig": "@dcclt%sux:bi₂-za-balaŋ-gir₅{ku₆}=bizazagubalaŋdikargirzana[fish//a fish]N'N$bizazagubalaŋdikargirzana/bi₂-za-balaŋ-gir₅{ku₆}#~",
"f": {"lang": "sux",
"form": "bi₂-za-balaŋ-gir₅{ku₆}",
"cf": "bizazagubalaŋdikargirzana",
"gw": "fish",
"sense": "a fish",
"norm0": "bizazagubalaŋdikargirzana",
"pos": "N",
"epos": "N",
"base": "bi₂-za-balaŋ-gir₅{ku₆}",
"morph": "~"}
}
,
{
"node": "d",
"type": "line-start",
"ref": "Q000014.65",
"n": "65",
"label": "65"}
,
{
"node": "l",
"id": "Q000014.l05e39",
"ref": "Q000014.65.1",
"inst": "SU[fish]",
"sig": "@dcclt%sux:SU{ku₆}=SU[fish//a fish]N'N$SU/SU{ku₆}#~",
"f": {"lang": "sux",
"form": "SU{ku₆}",
"cf": "SU",
"gw": "fish",
"sense": "a fish",
"norm0": "SU",
"pos": "N",
"epos": "N",
"base": "SU{ku₆}",
"morph": "~"}
}
,
{
"node": "d",
"type": "line-start",
"ref": "Q000014.66",
"n": "66",
"label": "66"}
,
{
"node": "l",
"id": "Q000014.l05e3a",
"ref": "Q000014.66.1",
"inst": "bahar[fish]",
"sig": "@dcclt%sux:bahar₂{ku₆}=bahar[fish//a fish]N'N$bahar/bahar₂{ku₆}#~",
"f": {"lang": "sux",
"form": "bahar₂{ku₆}",
"cf": "bahar",
"gw": "fish",
"sense": "a fish",
"norm0": "bahar",
"pos": "N",
"epos": "N",
"base": "bahar₂{ku₆}",
"morph": "~"}
}
,
{
"node": "d",
"type": "line-start",
"ref": "Q000014.67",
"n": "67",
"label": "67"}
,
{
"node": "l",
"id": "Q000014.l05e3b",
"ref": "Q000014.67.1",
"inst": "muš[fish]",
"sig": "@dcclt%sux:muš{ku₆}=muš[fish//a fish]N'N$muš/muš{ku₆}#~",
"f": {"lang": "sux",
"form": "muš{ku₆}",
"cf": "muš",
"gw": "fish",
"sense": "a fish",
"norm0": "muš",
"pos": "N",
"epos": "N",
"base": "muš{ku₆}",
"morph": "~"}
}
,
{
"node": "d",
"type": "line-start",
"ref": "Q000014.68",
"n": "68",
"label": "68"}
,
{
"node": "l",
"id": "Q000014.l05e3c",
"ref": "Q000014.68.1",
"inst": "engar[fish]",
"sig": "@dcclt%sux:engar{ku₆}=engar[fish//a fish]N'N$engar/engar{ku₆}#~",
"f": {"lang": "sux",
"form": "engar{ku₆}",
"cf": "engar",
"gw": "fish",
"sense": "a fish",
"norm0": "engar",
"pos": "N",
"epos": "N",
"base": "engar{ku₆}",
"morph": "~"}
}
,
{
"node": "d",
"type": "line-start",
"ref": "Q000014.69",
"n": "69",
"label": "69"}
,
{
"node": "l",
"id": "Q000014.l05e3d",
"ref": "Q000014.69.1",
"inst": "eren[fish]",
"sig": "@dcclt%sux:eren₂{ku₆}=eren[fish//a fish]N'N$eren/eren₂{ku₆}#~",
"f": {"lang": "sux",
"form": "eren₂{ku₆}",
"cf": "eren",
"gw": "fish",
"sense": "a fish",
"norm0": "eren",
"pos": "N",
"epos": "N",
"base": "eren₂{ku₆}",
"morph": "~"}
}
,
{
"node": "d",
"type": "line-start",
"ref": "Q000014.70",
"n": "70",
"label": "70"}
,
{
"node": "l",
"id": "Q000014.l05e3e",
"ref": "Q000014.70.1",
"inst": "kad[fish]",
"sig": "@dcclt%sux:kad₄{ku₆}=kad[fish//a fish]N'N$kad/kad₄{ku₆}#~",
"f": {"lang": "sux",
"form": "kad₄{ku₆}",
"cf": "kad",
"gw": "fish",
"sense": "a fish",
"norm0": "kad",
"pos": "N",
"epos": "N",
"base": "kad₄{ku₆}",
"morph": "~"}
}
,
{
"node": "d",
"type": "line-start",
"ref": "Q000014.71",
"n": "71",
"label": "71"}
,
{
"node": "l",
"id": "Q000014.l05e3f",
"ref": "Q000014.71.1",
"inst": "mur[fish]",
"sig": "@dcclt%sux:mur{ku₆}=mur[fish//fish]N'N$mur/mur{ku₆}#~",
"f": {"lang": "sux",
"form": "mur{ku₆}",
"cf": "mur",
"gw": "fish",
"sense": "fish",
"norm0": "mur",
"pos": "N",
"epos": "N",
"base": "mur{ku₆}",
"morph": "~"}
}
,
{
"node": "d",
"type": "line-start",
"ref": "Q000014.72",
"n": "72",
"label": "72"}
,
{
"node": "l",
"id": "Q000014.l05e40",
"ref": "Q000014.72.1",
"inst": "LAK397[fish]",
"sig": "@dcclt%sux:|ŠU₂+E₂|(LAK397){ku₆}=LAK397[fish//a fish]N'N$LAK397/|ŠU₂+E₂|(LAK397){ku₆}#~",
"f": {"lang": "sux",
"form": "|ŠU₂+E₂|(LAK397){ku₆}",
"cf": "LAK397",
"gw": "fish",
"sense": "a fish",
"norm0": "LAK397",
"pos": "N",
"epos": "N",
"base": "|ŠU₂+E₂|(LAK397){ku₆}",
"morph": "~"}
}
,
{
"node": "d",
"type": "line-start",
"ref": "Q000014.73",
"n": "73",
"label": "73"}
,
{
"node": "l",
"id": "Q000014.l05e41",
"ref": "Q000014.73.1",
"inst": "ŋušur[fish]",
"sig": "@dcclt%sux:ŋeš-ur₃{ku₆}=ŋušur[fish//a fish]N'N$ŋušur/ŋeš-ur₃{ku₆}#~",
"f": {"lang": "sux",
"form": "ŋeš-ur₃{ku₆}",
"cf": "ŋušur",
"gw": "fish",
"sense": "a fish",
"norm0": "ŋušur",
"pos": "N",
"epos": "N",
"base": "ŋeš-ur₃{ku₆}",
"morph": "~"}
}
,
{
"node": "d",
"type": "line-start",
"ref": "Q000014.74",
"n": "74",
"label": "74"}
,
{
"node": "l",
"id": "Q000014.l05e42",
"ref": "Q000014.74.1",
"inst": "dim[fish]",
"sig": "@dcclt%sux:dim{ku₆}=dim[fish//a fish]N'N$dim/dim{ku₆}#~",
"f": {"lang": "sux",
"form": "dim{ku₆}",
"cf": "dim",
"gw": "fish",
"sense": "a fish",
"norm0": "dim",
"pos": "N",
"epos": "N",
"base": "dim{ku₆}",
"morph": "~"}
}
,
{
"node": "d",
"type": "line-start",
"ref": "Q000014.75",
"n": "75",
"label": "75"}
,
{
"node": "l",
"id": "Q000014.l05e43",
"ref": "Q000014.75.1",
"inst": "ur[fish]",
"sig": "@dcclt%sux:ur{ku₆}=ur[fish//a fish]N'N$ur/ur{ku₆}#~",
"f": {"lang": "sux",
"form": "ur{ku₆}",
"cf": "ur",
"gw": "fish",
"sense": "a fish",
"norm0": "ur",
"pos": "N",
"epos": "N",
"base": "ur{ku₆}",
"morph": "~"}
}
,
{
"node": "d",
"type": "line-start",
"ref": "Q000014.76",
"n": "76",
"label": "76"}
,
{
"node": "l",
"id": "Q000014.l05e44",
"ref": "Q000014.76.1",
"inst": "ba[animal]",
"sig": "@dcclt%sux:ba{ku₆}=ba[animal//a marine creature?]N'N$ba/ba{ku₆}#~",
"f": {"lang": "sux",
"form": "ba{ku₆}",
"cf": "ba",
"gw": "animal",
"sense": "a marine creature?",
"norm0": "ba",
"pos": "N",
"epos": "N",
"base": "ba{ku₆}",
"morph": "~"}
}
,
{
"node": "d",
"type": "line-start",
"ref": "Q000014.77",
"n": "77",
"label": "77"}
,
{
"node": "l",
"id": "Q000014.l05e45",
"ref": "Q000014.77.1",
"inst": "lub[fish]",
"sig": "@dcclt%sux:lu-ub₂{ku₆}=lub[fish//a salt-water fish]N'N$lub/lu-ub₂{ku₆}#~",
"f": {"lang": "sux",
"form": "lu-ub₂{ku₆}",
"cf": "lub",
"gw": "fish",
"sense": "a salt-water fish",
"norm0": "lub",
"pos": "N",
"epos": "N",
"base": "lu-ub₂{ku₆}",
"morph": "~"}
}
,
{
"node": "d",
"type": "line-start",
"ref": "Q000014.78",
"n": "78",
"label": "78"}
,
{
"node": "l",
"id": "Q000014.l05e46",
"ref": "Q000014.78.1",
"inst": "NE.kug[fish]",
"sig": "@dcclt%sux:NE-kug{ku₆}=NE.kug[fish//a fish]N'N$NE.kug/NE-kug{ku₆}#~",
"f": {"lang": "sux",
"form": "NE-kug{ku₆}",
"cf": "NE.kug",
"gw": "fish",
"sense": "a fish",
"norm0": "NE.kug",
"pos": "N",
"epos": "N",
"base": "NE-kug{ku₆}",
"morph": "~"}
}
,
{
"node": "d",
"type": "line-start",
"ref": "Q000014.79",
"n": "79",
"label": "79"}
,
{
"node": "l",
"id": "Q000014.l05e47",
"ref": "Q000014.79.1",
"inst": "udbil[fish]",
"sig": "@dcclt%sux:ud-bil{ku₆}=udbil[fish//a fish]N'N$udbil/ud-bil{ku₆}#~",
"f": {"lang": "sux",
"form": "ud-bil{ku₆}",
"cf": "udbil",
"gw": "fish",
"sense": "a fish",
"norm0": "udbil",
"pos": "N",
"epos": "N",
"base": "ud-bil{ku₆}",
"morph": "~"}
}
,
{
"node": "d",
"type": "line-start",
"ref": "Q000014.80",
"n": "80",
"label": "80"}
,
{
"node": "l",
"id": "Q000014.l05e48",
"ref": "Q000014.80.1",
"inst": "bara[fish]",
"sig": "@dcclt%sux:barag{ku₆}=bara[fish//a fish]N'N$bara/bara₂{ku₆}#~",
"f": {"lang": "sux",
"form": "barag{ku₆}",
"cf": "bara",
"gw": "fish",
"sense": "a fish",
"norm0": "bara",
"pos": "N",
"epos": "N",
"base": "bara₂{ku₆}",
"morph": "~"}
}
,
{
"node": "d",
"type": "line-start",
"ref": "Q000014.81",
"n": "81",
"label": "81"}
,
{
"node": "l",
"id": "Q000014.l05e49",
"ref": "Q000014.81.1",
"inst": "LAK239[fish]",
"sig": "@dcclt%sux:LAK239{ku₆}=LAK239[fish//a fish]N'N$LAK239/LAK239{ku₆}#~",
"f": {"lang": "sux",
"form": "LAK239{ku₆}",
"cf": "LAK239",
"gw": "fish",
"sense": "a fish",
"norm0": "LAK239",
"pos": "N",
"epos": "N",
"base": "LAK239{ku₆}",
"morph": "~"}
}
,
{
"node": "d",
"type": "line-start",
"ref": "Q000014.82",
"n": "82",
"label": "82"}
,
{
"node": "l",
"id": "Q000014.l05e4a",
"ref": "Q000014.82.1",
"inst": "allub[crab]",
"sig": "@dcclt%sux:lul{ku₆}=allub[crab//crab]N'N$allub/lul{ku₆}#~",
"f": {"lang": "sux",
"form": "lul{ku₆}",
"cf": "allub",
"gw": "crab",
"sense": "crab",
"norm0": "allub",
"pos": "N",
"epos": "N",
"base": "lul{ku₆}",
"morph": "~"}
}
,
{
"node": "d",
"type": "line-start",
"ref": "Q000014.83",
"n": "83",
"label": "83"}
,
{
"node": "l",
"id": "Q000014.l05e4b",
"ref": "Q000014.83.1",
"inst": "e₂.sim.ma.DAR[fish]",
"sig": "@dcclt%sux:e₂-sim-ma-DAR{ku₆}=e₂.sim.ma.DAR[fish//a fish]N'N$e₂.sim.ma.DAR/e₂-sim-ma-DAR{ku₆}#~",
"f": {"lang": "sux",
"form": "e₂-sim-ma-DAR{ku₆}",
"cf": "e₂.sim.ma.DAR",
"gw": "fish",
"sense": "a fish",
"norm0": "e₂.sim.ma.DAR",
"pos": "N",
"epos": "N",
"base": "e₂-sim-ma-DAR{ku₆}",
"morph": "~"}
}
,
{
"node": "d",
"type": "line-start",
"ref": "Q000014.84",
"n": "84",
"label": "84"}
,
{
"node": "l",
"id": "Q000014.l05e4c",
"ref": "Q000014.84.1",
"inst": "niŋsaŋla[fish]",
"sig": "@dcclt%sux:niŋ₂-saŋ-la₂{ku₆}=niŋsaŋla[fish//a fish]N'N$niŋsaŋla/niŋ₂-saŋ-la₂{ku₆}#~",
"f": {"lang": "sux",
"form": "niŋ₂-saŋ-la₂{ku₆}",
"cf": "niŋsaŋla",
"gw": "fish",
"sense": "a fish",
"norm0": "niŋsaŋla",
"pos": "N",
"epos": "N",
"base": "niŋ₂-saŋ-la₂{ku₆}",
"morph": "~"}
}
,
{
"node": "d",
"type": "line-start",
"ref": "Q000014.85",
"n": "85",
"label": "85"}
,
{
"node": "l",
"id": "Q000014.l05e4d",
"ref": "Q000014.85.1",
"inst": "enamed[fish]",
"sig": "@dcclt%sux:e₂-nam-ed₂{ku₆}=enamed[fish//a fish]N'N$enamed/e₂-nam-ed₂{ku₆}#~",
"f": {"lang": "sux",
"form": "e₂-nam-ed₂{ku₆}",
"cf": "enamed",
"gw": "fish",
"sense": "a fish",
"norm0": "enamed",
"pos": "N",
"epos": "N",
"base": "e₂-nam-ed₂{ku₆}",
"morph": "~"}
}
,
{
"node": "d",
"type": "line-start",
"ref": "Q000014.86",
"n": "86",
"label": "86"}
,
{
"node": "l",
"id": "Q000014.l05e4e",
"ref": "Q000014.86.1",
"inst": "arina[fish]",
"sig": "@dcclt%sux:erinₓ(|MUŠ&MUŠ|)-na{ku₆}=arina[fish//a fish]N'N$arina/erinₓ(|MUŠ&MUŠ|)-na{ku₆}#~",
"f": {"lang": "sux",
"form": "erinₓ(|MUŠ&MUŠ|)-na{ku₆}",
"cf": "arina",
"gw": "fish",
"sense": "a fish",
"norm0": "arina",
"pos": "N",
"epos": "N",
"base": "erinₓ(|MUŠ&MUŠ|)-na{ku₆}",
"morph": "~"}
}
,
{
"node": "d",
"type": "line-start",
"ref": "Q000014.87",
"n": "87",
"label": "87"}
,
{
"node": "l",
"id": "Q000014.l05e4f",
"ref": "Q000014.87.1",
"inst": "bul[fish]",
"sig": "@dcclt%sux:bul₅{ku₆}=bul[fish//a fish]N'N$bul/bul₅{ku₆}#~",
"f": {"lang": "sux",
"form": "bul₅{ku₆}",
"cf": "bul",
"gw": "fish",
"sense": "a fish",
"norm0": "bul",
"pos": "N",
"epos": "N",
"base": "bul₅{ku₆}",
"morph": "~"}
}
,
{
"node": "d",
"type": "line-start",
"ref": "Q000014.88",
"n": "88",
"label": "88"}
,
{
"node": "l",
"id": "Q000014.l05e50",
"ref": "Q000014.88.1",
"inst": "simma[fish]",
"sig": "@dcclt%sux:sim-ma{ku₆}=simma[fish//a fish]N'N$simma/sim-ma{ku₆}#~",
"f": {"lang": "sux",
"form": "sim-ma{ku₆}",
"cf": "simma",
"gw": "fish",
"sense": "a fish",
"norm0": "simma",
"pos": "N",
"epos": "N",
"base": "sim-ma{ku₆}",
"morph": "~"}
}
,
{
"node": "d",
"type": "line-start",
"ref": "Q000014.89",
"n": "89",
"label": "89"}
,
{
"node": "l",
"id": "Q000014.l05e51",
"ref": "Q000014.89.1",
"inst": "mun[fish]",
"sig": "@dcclt%sux:mun{ku₆}=mun[fish//a fish]N'N$mun/mun{ku₆}#~",
"f": {"lang": "sux",
"form": "mun{ku₆}",
"cf": "mun",
"gw": "fish",
"sense": "a fish",
"norm0": "mun",
"pos": "N",
"epos": "N",
"base": "mun{ku₆}",
"morph": "~"}
}
,
{
"node": "d",
"type": "line-start",
"ref": "Q000014.90",
"n": "90",
"label": "90"}
,
{
"node": "l",
"id": "Q000014.l05e52",
"ref": "Q000014.90.1",
"inst": "šeš[fish]",
"sig": "@dcclt%sux:šeš{ku₆}=šeš[fish//fish]N'N$šeš/šeš{ku₆}#~",
"f": {"lang": "sux",
"form": "šeš{ku₆}",
"cf": "šeš",
"gw": "fish",
"sense": "fish",
"norm0": "šeš",
"pos": "N",
"epos": "N",
"base": "šeš{ku₆}",
"morph": "~"}
}
,
{
"node": "d",
"type": "line-start",
"ref": "Q000014.91",
"n": "91",
"label": "91"}
,
{
"node": "l",
"id": "Q000014.l05e53",
"ref": "Q000014.91.1",
"inst": "šagbar[fish]",
"sig": "@dcclt%sux:šag₄-bar{ku₆}=šagbar[fish//a fish]N'N$šagbar/šag₄-bar{ku₆}#~",
"f": {"lang": "sux",
"form": "šag₄-bar{ku₆}",
"cf": "šagbar",
"gw": "fish",
"sense": "a fish",
"norm0": "šagbar",
"pos": "N",
"epos": "N",
"base": "šag₄-bar{ku₆}",
"morph": "~"}
}
,
{
"node": "d",
"type": "line-start",
"ref": "Q000014.92",
"n": "92",
"label": "92"}
,
{
"node": "l",
"id": "Q000014.l05e54",
"ref": "Q000014.92.1",
"inst": "udtab[fish]",
"sig": "@dcclt%sux:ud-tab{ku₆}=udtab[fish//a fish]N'N$udtab/ud-tab{ku₆}#~",
"f": {"lang": "sux",
"form": "ud-tab{ku₆}",
"cf": "udtab",
"gw": "fish",
"sense": "a fish",
"norm0": "udtab",
"pos": "N",
"epos": "N",
"base": "ud-tab{ku₆}",
"morph": "~"}
}
,
{
"node": "d",
"type": "line-start",
"ref": "Q000014.93",
"n": "93",
"label": "93"}
,
{
"node": "l",
"id": "Q000014.l05e55",
"ref": "Q000014.93.1",
"inst": "ninda[fish]",
"sig": "@dcclt%sux:ninda₂{ku₆}=ninda[fish//a fish]N'N$ninda/ninda₂{ku₆}#~",
"f": {"lang": "sux",
"form": "ninda₂{ku₆}",
"cf": "ninda",
"gw": "fish",
"sense": "a fish",
"norm0": "ninda",
"pos": "N",
"epos": "N",
"base": "ninda₂{ku₆}",
"morph": "~"}
}
,
{
"node": "d",
"type": "line-start",
"ref": "Q000014.94",
"n": "94",
"label": "94"}
,
{
"node": "l",
"id": "Q000014.l05e56",
"ref": "Q000014.94.1",
"inst": "LAK097[fish]",
"sig": "@dcclt%sux:|NINDA₂×DIM@g|(LAK097){ku₆}=LAK097[fish//a fish]N'N$LAK097/LAK097{ku₆}#~",
"f": {"lang": "sux",
"form": "|NINDA₂×DIM@g|(LAK097){ku₆}",
"cf": "LAK097",
"gw": "fish",
"sense": "a fish",
"norm0": "LAK097",
"pos": "N",
"epos": "N",
"base": "LAK097{ku₆}",
"morph": "~"}
}
,
{
"node": "d",
"type": "line-start",
"ref": "Q000014.95",
"n": "95",
"label": "95"}
,
{
"node": "l",
"id": "Q000014.l05e57",
"ref": "Q000014.95.1",
"inst": "bisaŋ[fish]",
"sig": "@dcclt%sux:pisaŋ{ku₆}=bisaŋ[fish//a fish]N'N$bisaŋ/bisaŋ{ku₆}#~",
"f": {"lang": "sux",
"form": "pisaŋ{ku₆}",
"cf": "bisaŋ",
"gw": "fish",
"sense": "a fish",
"norm0": "bisaŋ",
"pos": "N",
"epos": "N",
"base": "bisaŋ{ku₆}",
"morph": "~"}
}
,
{
"node": "d",
"type": "line-start",
"ref": "Q000014.96",
"n": "96",
"label": "96"}
,
{
"node": "l",
"id": "Q000014.l05e58",
"ref": "Q000014.96.1",
"inst": "LAK688[fish]",
"sig": "@dcclt%sux:|GA₂×NE|(LAK688){ku₆}=LAK688[fish//a fish]N'N$LAK688/|GA₂×NE|(LAK688){ku₆}#~",
"f": {"lang": "sux",
"form": "|GA₂×NE|(LAK688){ku₆}",
"cf": "LAK688",
"gw": "fish",
"sense": "a fish",
"norm0": "LAK688",
"pos": "N",
"epos": "N",
"base": "|GA₂×NE|(LAK688){ku₆}",
"morph": "~"}
}
,
{
"node": "d",
"type": "line-start",
"ref": "Q000014.97"}
,
{
"node": "d",
"type": "line-start",
"ref": "Q000014.97l",
"n": "97",
"label": "97"}
,
{
"node": "l",
"id": "Q000014.l05e59",
"ref": "Q000014.97.1",
"inst": "ŋirniŋin[fish]",
"sig": "@dcclt%sux:ŋir₂-niŋin₂{ku₆}=ŋirniŋin[fish//a fish]N'N$ŋirniŋin/ŋir₂-niŋin₂{ku₆}#~",
"f": {"lang": "sux",
"form": "ŋir₂-niŋin₂{ku₆}",
"cf": "ŋirniŋin",
"gw": "fish",
"sense": "a fish",
"norm0": "ŋirniŋin",
"pos": "N",
"epos": "N",
"base": "ŋir₂-niŋin₂{ku₆}",
"morph": "~"}
}
,
{
"node": "d",
"type": "line-start",
"ref": ""}
,
{
"node": "d",
"type": "line-start",
"ref": "Q000014.98",
"n": "98",
"label": "98"}
,
{
"node": "l",
"id": "Q000014.l05e5a",
"ref": "Q000014.98.1",
"inst": "UD.PA[fish]",
"sig": "@dcclt%sux:UD-PA{ku₆}=UD.PA[fish//a fish]N'N$UD.PA/UD-PA{ku₆}#~",
"f": {"lang": "sux",
"form": "UD-PA{ku₆}",
"cf": "UD.PA",
"gw": "fish",
"sense": "a fish",
"norm0": "UD.PA",
"pos": "N",
"epos": "N",
"base": "UD-PA{ku₆}",
"morph": "~"}
}
,
{
"node": "d",
"type": "line-start",
"ref": "Q000014.99",
"n": "99",
"label": "99"}
,
{
"node": "l",
"id": "Q000014.l05e5b",
"ref": "Q000014.99.1",
"inst": "tum[fish]",
"sig": "@dcclt%sux:tum₁₂{mušen}{ku₆}=tum[fish//a fish]N'N$tum/tum₁₂{mušen}{ku₆}#~",
"f": {"lang": "sux",
"form": "tum₁₂{mušen}{ku₆}",
"cf": "tum",
"gw": "fish",
"sense": "a fish",
"norm0": "tum",
"pos": "N",
"epos": "N",
"base": "tum₁₂{mušen}{ku₆}",
"morph": "~"}
}
,
{
"node": "d",
"type": "line-start",
"ref": "Q000014.100",
"n": "100",
"label": "100"}
,
{
"node": "l",
"id": "Q000014.l05e5c",
"ref": "Q000014.100.1",
"inst": "PI.asar₂[fish]",
"sig": "@dcclt%sux:PI-asar₂{ku₆}=PI.asar₂[fish//a fish]N'N$PI.asar₂/PI-asar₂{ku₆}#~",
"f": {"lang": "sux",
"form": "PI-asar₂{ku₆}",
"cf": "PI.asar₂",
"gw": "fish",
"sense": "a fish",
"norm0": "PI.asar₂",
"pos": "N",
"epos": "N",
"base": "PI-asar₂{ku₆}",
"morph": "~"}
}
,
{
"node": "d",
"type": "line-start",
"ref": "Q000014.101",
"n": "101",
"label": "101"}
,
{
"node": "l",
"id": "Q000014.l05e5d",
"ref": "Q000014.101.1",
"inst": "AMAR.GIŠ.da[fish]",
"sig": "@dcclt%sux:|AMAR.GIŠ|-da{ku₆}=AMAR.GIŠ.da[fish//a fish]N'N$AMAR.GIŠ.da/|AMAR.GIŠ|-da{ku₆}#~",
"f": {"lang": "sux",
"form": "|AMAR.GIŠ|-da{ku₆}",
"cf": "AMAR.GIŠ.da",
"gw": "fish",
"sense": "a fish",
"norm0": "AMAR.GIŠ.da",
"pos": "N",
"epos": "N",
"base": "|AMAR.GIŠ|-da{ku₆}",
"morph": "~"}
}
,
{
"node": "d",
"type": "line-start",
"ref": "Q000014.102",
"n": "102",
"label": "102"}
,
{
"node": "l",
"id": "Q000014.l05e5e",
"ref": "Q000014.102.1",
"inst": "SAL.SAL[fish]",
"sig": "@dcclt%sux:SAL-SAL{ku₆}=SAL.SAL[fish//a fish]N'N$SAL.SAL/SAL-SAL{ku₆}#~",
"f": {"lang": "sux",
"form": "SAL-SAL{ku₆}",
"cf": "SAL.SAL",
"gw": "fish",
"sense": "a fish",
"norm0": "SAL.SAL",
"pos": "N",
"epos": "N",
"base": "SAL-SAL{ku₆}",
"morph": "~"}
}
,
{
"node": "d",
"type": "line-start",
"ref": "Q000014.103",
"n": "103",
"label": "103"}
,
{
"node": "l",
"id": "Q000014.l05e5f",
"ref": "Q000014.103.1",
"inst": "udusilamin[fish]",
"sig": "@dcclt%sux:sila₃-min₃{ku₆}=udusilamin[fish//fish]N'N$udusilamin/sila₃-min₃{ku₆}#~",
"f": {"lang": "sux",
"form": "sila₃-min₃{ku₆}",
"cf": "udusilamin",
"gw": "fish",
"sense": "fish",
"norm0": "udusilamin",
"pos": "N",
"epos": "N",
"base": "sila₃-min₃{ku₆}",
"morph": "~"}
}
,
{
"node": "d",
"type": "line-start",
"ref": "Q000014.104",
"n": "104",
"label": "104"}
,
{
"node": "l",
"id": "Q000014.l05e60",
"ref": "Q000014.104.1",
"inst": "LUM[fish]",
"sig": "@dcclt%sux:LUM{ku₆}=LUM[fish//a fish]N'N$LUM/LUM{ku₆}#~",
"f": {"lang": "sux",
"form": "LUM{ku₆}",
"cf": "LUM",
"gw": "fish",
"sense": "a fish",
"norm0": "LUM",
"pos": "N",
"epos": "N",
"base": "LUM{ku₆}",
"morph": "~"}
}
,
{
"node": "d",
"type": "line-start",
"ref": "Q000014.105",
"n": "105",
"label": "105"}
,
{
"node": "l",
"id": "Q000014.l05e61",
"ref": "Q000014.105.1",
"inst": "AB.gu₂.da[fish]",
"sig": "@dcclt%sux:AB-gu₂-da{ku₆}=AB.gu₂.da[fish//a fish]N'N$AB.gu₂.da/AB-gu₂-da{ku₆}#~",
"f": {"lang": "sux",
"form": "AB-gu₂-da{ku₆}",
"cf": "AB.gu₂.da",
"gw": "fish",
"sense": "a fish",
"norm0": "AB.gu₂.da",
"pos": "N",
"epos": "N",
"base": "AB-gu₂-da{ku₆}",
"morph": "~"}
}
,
{
"node": "d",
"type": "line-start",
"ref": "Q000014.106",
"n": "106",
"label": "106"}
,
{
"node": "l",
"id": "Q000014.l05e62",
"ref": "Q000014.106.1",
"inst": "niŋki[fish]",
"sig": "@dcclt%sux:niŋ₂-ki{ku₆}=niŋki[fish//a fish]N'N$niŋki/niŋ₂-ki{ku₆}#~",
"f": {"lang": "sux",
"form": "niŋ₂-ki{ku₆}",
"cf": "niŋki",
"gw": "fish",
"sense": "a fish",
"norm0": "niŋki",
"pos": "N",
"epos": "N",
"base": "niŋ₂-ki{ku₆}",
"morph": "~"}
}
,
{
"node": "d",
"type": "line-start",
"ref": "Q000014.107",
"n": "107",
"label": "107"}
,
{
"node": "l",
"id": "Q000014.l05e63",
"ref": "Q000014.107.1",
"inst": "nigugu[fish]",
"sig": "@dcclt%sux:ni₂-gu₇-gu₇{ku₆}=nigugu[fish//fish]N'N$nigugu/ni₂-gu₇-gu₇{ku₆}#~",
"f": {"lang": "sux",
"form": "ni₂-gu₇-gu₇{ku₆}",
"cf": "nigugu",
"gw": "fish",
"sense": "fish",
"norm0": "nigugu",
"pos": "N",
"epos": "N",
"base": "ni₂-gu₇-gu₇{ku₆}",
"morph": "~"}
}
,
{
"node": "d",
"type": "line-start",
"ref": "Q000014.108",
"n": "108",
"label": "108"}
,
{
"node": "l",
"id": "Q000014.l05e64",
"ref": "Q000014.108.1",
"inst": "ŋešbir[fish]",
"sig": "@dcclt%sux:ŋeš₃-bir₂{ku₆}=ŋešbir[fish//a fish]N'N$ŋešbir/ŋeš₃-bir₂{ku₆}#~",
"f": {"lang": "sux",
"form": "ŋeš₃-bir₂{ku₆}",
"cf": "ŋešbir",
"gw": "fish",
"sense": "a fish",
"norm0": "ŋešbir",
"pos": "N",
"epos": "N",
"base": "ŋeš₃-bir₂{ku₆}",
"morph": "~"}
}
,
{
"node": "d",
"type": "line-start",
"ref": "Q000014.109",
"n": "109",
"label": "109"}
,
{
"node": "l",
"id": "Q000014.l05e65",
"ref": "Q000014.109.1",
"inst": "ubisumaš[fish]",
"sig": "@dcclt%sux:ubi-sumaš{ku₆}=ubisumaš[fish//a fish]N'N$ubisumaš/ubi-sumaš{ku₆}#~",
"f": {"lang": "sux",
"form": "ubi-sumaš{ku₆}",
"cf": "ubisumaš",
"gw": "fish",
"sense": "a fish",
"norm0": "ubisumaš",
"pos": "N",
"epos": "N",
"base": "ubi-sumaš{ku₆}",
"morph": "~"}
}
,
{
"node": "d",
"type": "line-start",
"ref": "Q000014.110",
"n": "110",
"label": "110"}
,
{
"node": "l",
"id": "Q000014.l05e66",
"ref": "Q000014.110.1",
"inst": "u",
"f": {"lang": "sux",
"form": "x-x-si-x-x",
"pos": "u"}
}
]}
]}
]}
]}
