{
"type": "cdl",
  "source": "http://oracc.org/dcclt",
  "license": "This data is released under the CC0 license",
  "license-url": "https://creativecommons.org/publicdomain/zero/1.0/",
  "more-info": "http://oracc.org/doc/opendata/",
  "UTC-timestamp": "2017-05-19T18:28:53",
"project": "dcclt",
"textid": "Q000020",
"cdl": [
{
"node": "c",
"type": "text",
"id": "Q000020.U0",
"cdl": [
{
"node": "c",
"type": "discourse",
"subtype": "body",
"id": "Q000020.U1",
"cdl": [
{
"node": "c",
"type": "sentence",
"id": "Q000020.U2",
"label": "1 - 143",
"cdl": [
{
"node": "d",
"type": "line-start",
"ref": "Q000020.1",
"n": "1",
"label": "1"}
,
{
"node": "ll",
"id": "Q000020.l083f1",
"choices": [
{
"node": "l",
"ref": "Q000020.1.1",
"inst": "%sux:en=en[lord]",
"sig": "@dcclt%sux:en=en[lord//lord]N'N$en/en#~",
"f": {"lang": "sux",
"form": "en",
"cf": "en",
"gw": "lord",
"sense": "lord",
"norm0": "en",
"pos": "N",
"epos": "N",
"base": "en",
"morph": "~"}
}
,
{
"node": "l",
"ref": "Q000020.1.1",
"inst": "%sux:en=en[priest]",
"sig": "@dcclt%sux:en=en[priest//a priest]N'N$en/en#~",
"f": {"lang": "sux",
"form": "en",
"cf": "en",
"gw": "lord",
"sense": "lord",
"norm0": "en",
"pos": "N",
"epos": "N",
"base": "en",
"morph": "~"}
}
]}
,
{
"node": "l",
"id": "Q000020.l083f2",
"ref": "Q000020.1.2",
"inst": "gana[field]",
"sig": "@dcclt%sux:gana₂=gana[field//field]N'N$gana/gana₂#~",
"f": {"lang": "sux",
"form": "gana₂",
"cf": "gana",
"gw": "field",
"sense": "field",
"norm0": "gana",
"pos": "N",
"epos": "N",
"base": "gana₂",
"morph": "~"}
}
,
{
"node": "l",
"id": "Q000020.l083f3",
"ref": "Q000020.1.3",
"inst": "X",
"f": {"lang": "sux",
"form": "ad",
"pos": "X"}
}
,
{
"node": "d",
"type": "line-start",
"ref": "Q000020.2",
"n": "2",
"label": "2"}
,
{
"node": "l",
"id": "Q000020.l083f4",
"ref": "Q000020.2.1",
"inst": "X",
"f": {"lang": "sux",
"form": "ki-saŋ",
"pos": "X"}
}
,
{
"node": "d",
"type": "line-start",
"ref": "Q000020.3",
"n": "3",
"label": "3"}
,
{
"node": "l",
"id": "Q000020.l083f5",
"ref": "Q000020.3.1",
"inst": "anki[universe]",
"sig": "@dcclt%sux:an-ki=anki[universe//the universe, heaven and earth]N'N$anki/an-ki#~",
"f": {"lang": "sux",
"form": "an-ki",
"cf": "anki",
"gw": "universe",
"sense": "the universe, heaven and earth",
"norm0": "anki",
"pos": "N",
"epos": "N",
"base": "an-ki",
"morph": "~"}
}
,
{
"node": "d",
"type": "line-start",
"ref": "Q000020.4",
"n": "4",
"label": "4"}
,
{
"node": "l",
"id": "Q000020.l083f6",
"ref": "Q000020.4.1",
"inst": "X",
"f": {"lang": "sux",
"form": "|ŠE&ŠE|",
"pos": "X"}
}
,
{
"node": "l",
"id": "Q000020.l083f7",
"ref": "Q000020.4.2",
"inst": "X",
"f": {"lang": "sux",
"form": "A",
"pos": "X"}
}
,
{
"node": "d",
"type": "line-start",
"ref": "Q000020.5",
"n": "5",
"label": "5"}
,
{
"node": "l",
"id": "Q000020.l083f8",
"ref": "Q000020.5.1",
"inst": "zagin[lapis]",
"sig": "@dcclt%sux:za-gin₃=zagin[lapis//lapis lazuli]N'N$zagin/za-gin₃#~",
"f": {"lang": "sux",
"form": "za-gin₃",
"cf": "zagin",
"gw": "lapis",
"sense": "lapis lazuli",
"norm0": "zagin",
"pos": "N",
"epos": "N",
"base": "za-gin₃",
"morph": "~"}
}
,
{
"node": "l",
"id": "Q000020.l083f9",
"ref": "Q000020.5.2",
"inst": "duru[wet]",
"sig": "@dcclt%sux:duru₅=duru[wet//(to be) wet, irrigated, damp, fresh]V/i'V/i$duru/duru₅#~",
"f": {"lang": "sux",
"form": "duru₅",
"cf": "duru",
"gw": "wet",
"sense": "(to be) wet, irrigated, damp, fresh",
"norm0": "duru",
"pos": "V/i",
"epos": "V/i",
"base": "duru₅",
"morph": "~"}
}
,
{
"node": "d",
"type": "line-start",
"ref": "Q000020.6",
"n": "6",
"label": "6"}
,
{
"node": "l",
"id": "Q000020.l083fa",
"ref": "Q000020.6.1",
"inst": "sal[thin]",
"sig": "@dcclt%sux:sal=sal[thin//thin]V/i'V/i$sal/sal#~",
"f": {"lang": "sux",
"form": "sal",
"cf": "sal",
"gw": "thin",
"sense": "thin",
"norm0": "sal",
"pos": "V/i",
"epos": "V/i",
"base": "sal",
"morph": "~"}
}
,
{
"node": "d",
"type": "line-start",
"ref": "Q000020.7",
"n": "7",
"label": "7"}
,
{
"node": "l",
"id": "Q000020.l083fb",
"ref": "Q000020.7.1",
"inst": "X",
"f": {"lang": "sux",
"form": "ur-ur",
"pos": "X"}
}
,
{
"node": "d",
"type": "line-start",
"ref": "Q000020.8",
"n": "8",
"label": "8"}
,
{
"node": "l",
"id": "Q000020.l083fc",
"ref": "Q000020.8.1",
"inst": "X",
"f": {"lang": "sux",
"form": "|ŠE&ŠE|",
"pos": "X"}
}
,
{
"node": "l",
"id": "Q000020.l083fd",
"ref": "Q000020.8.2",
"inst": "X",
"f": {"lang": "sux",
"form": "A",
"pos": "X"}
}
,
{
"node": "l",
"id": "Q000020.l083fe",
"ref": "Q000020.8.3",
"inst": "X",
"f": {"lang": "sux",
"form": "HI",
"pos": "X"}
}
,
{
"node": "d",
"type": "line-start",
"ref": "Q000020.9",
"n": "9",
"label": "9"}
,
{
"node": "l",
"id": "Q000020.l083ff",
"ref": "Q000020.9.1",
"inst": "bad[open]",
"sig": "@dcclt%sux:bad=bad[open//to open, undo]V/t'V/t$bad/bad#~",
"f": {"lang": "sux",
"form": "bad",
"cf": "bad",
"gw": "open",
"sense": "to open, undo",
"norm0": "bad",
"pos": "V/t",
"epos": "V/t",
"base": "bad",
"morph": "~"}
}
,
{
"node": "l",
"id": "Q000020.l08400",
"ref": "Q000020.9.2",
"inst": "ambar[reed-bed]",
"sig": "@dcclt%sux:ambar=ambar[reed-bed//reed-bed, marsh]N'N$ambar/ambar#~",
"f": {"lang": "sux",
"form": "ambar",
"cf": "ambar",
"gw": "reed-bed",
"sense": "reed-bed, marsh",
"norm0": "ambar",
"pos": "N",
"epos": "N",
"base": "ambar",
"morph": "~"}
}
,
{
"node": "d",
"type": "line-start",
"ref": "Q000020.10",
"n": "10",
"label": "10"}
,
{
"node": "l",
"id": "Q000020.l08401",
"ref": "Q000020.10.1",
"inst": "sar[garden]",
"sig": "@dcclt%sux:sar=sar[garden//garden]N'N$sar/sar#~",
"f": {"lang": "sux",
"form": "sar",
"cf": "sar",
"gw": "garden",
"sense": "garden",
"norm0": "sar",
"pos": "N",
"epos": "N",
"base": "sar",
"morph": "~"}
}
,
{
"node": "l",
"id": "Q000020.l08402",
"ref": "Q000020.10.2",
"inst": "hirim[grass]",
"sig": "@dcclt%sux:hirinₓ(LAK175)=hirim[grass//a grass]N'N$hirim/hirinₓ(LAK175)#~",
"f": {"lang": "sux",
"form": "hirinₓ(LAK175)",
"cf": "hirim",
"gw": "grass",
"sense": "a grass",
"norm0": "hirim",
"pos": "N",
"epos": "N",
"base": "hirinₓ(LAK175)",
"morph": "~"}
}
,
{
"node": "d",
"type": "line-start",
"ref": "Q000020.11",
"n": "11",
"label": "11"}
,
{
"node": "l",
"id": "Q000020.l08403",
"ref": "Q000020.11.1",
"inst": "X",
"f": {"lang": "sux",
"form": "HI",
"pos": "X"}
}
,
{
"node": "l",
"id": "Q000020.l08404",
"ref": "Q000020.11.2",
"inst": "X",
"f": {"lang": "sux",
"form": "NI₂",
"pos": "X"}
}
,
{
"node": "d",
"type": "line-start",
"ref": "Q000020.12",
"n": "12",
"label": "12"}
,
{
"node": "l",
"id": "Q000020.l08405",
"ref": "Q000020.12.1",
"inst": "X",
"f": {"lang": "sux",
"form": "HI",
"pos": "X"}
}
,
{
"node": "l",
"id": "Q000020.l08406",
"ref": "Q000020.12.2",
"inst": "n",
"f": {"lang": "sux",
"form": "15(diš)",
"pos": "n"}
}
,
{
"node": "l",
"id": "Q000020.l08407",
"ref": "Q000020.12.3",
"inst": "X",
"f": {"lang": "sux",
"form": "NI₂",
"pos": "X"}
}
,
{
"node": "d",
"type": "line-start",
"ref": "Q000020.13",
"n": "13",
"label": "13"}
,
{
"node": "l",
"id": "Q000020.l08408",
"ref": "Q000020.13.1",
"inst": "ud[sun]",
"sig": "@dcclt%sux:ud=ud[sun//sun]N'N$ud/ud#~",
"f": {"lang": "sux",
"form": "ud",
"cf": "ud",
"gw": "sun",
"sense": "sun",
"norm0": "ud",
"pos": "N",
"epos": "N",
"base": "ud",
"morph": "~"}
}
,
{
"node": "l",
"id": "Q000020.l08409",
"ref": "Q000020.13.2",
"inst": "X",
"f": {"lang": "sux",
"form": "UD",
"pos": "X"}
}
,
{
"node": "l",
"id": "Q000020.l0840a",
"ref": "Q000020.13.3",
"inst": "X",
"f": {"lang": "sux",
"form": "NI₂",
"pos": "X"}
}
,
{
"node": "d",
"type": "line-start",
"ref": "Q000020.14",
"n": "14",
"label": "14"}
,
{
"node": "l",
"id": "Q000020.l0840b",
"ref": "Q000020.14.1",
"inst": "X",
"f": {"lang": "sux",
"form": "NI₂",
"pos": "X"}
}
,
{
"node": "l",
"id": "Q000020.l0840c",
"ref": "Q000020.14.2",
"inst": "X",
"f": {"lang": "sux",
"form": "KI",
"pos": "X"}
}
,
{
"node": "d",
"type": "line-start",
"ref": "Q000020.15",
"n": "15",
"label": "15"}
,
{
"node": "l",
"id": "Q000020.l0840d",
"ref": "Q000020.15.1",
"inst": "ud[sun]",
"sig": "@dcclt%sux:ud=ud[sun//sun]N'N$ud/ud#~",
"f": {"lang": "sux",
"form": "ud",
"cf": "ud",
"gw": "sun",
"sense": "sun",
"norm0": "ud",
"pos": "N",
"epos": "N",
"base": "ud",
"morph": "~"}
}
,
{
"node": "l",
"id": "Q000020.l0840e",
"ref": "Q000020.15.2",
"inst": "sig[weak]",
"sig": "@dcclt%sux:sig=sig[weak//weak]V/i'V/i$sig/sig#~",
"f": {"lang": "sux",
"form": "sig",
"cf": "sig",
"gw": "weak",
"sense": "weak",
"norm0": "sig",
"pos": "V/i",
"epos": "V/i",
"base": "sig",
"morph": "~"}
}
,
{
"node": "l",
"id": "Q000020.l0840f",
"ref": "Q000020.15.3",
"inst": "X",
"f": {"lang": "sux",
"form": "NI₂",
"pos": "X"}
}
,
{
"node": "d",
"type": "line-start",
"ref": "Q000020.16",
"n": "16",
"label": "16"}
,
{
"node": "l",
"id": "Q000020.l08410",
"ref": "Q000020.16.1",
"inst": "ŋi[night]",
"sig": "@dcclt%sux:ŋi₆=ŋi[night//night]N'N$ŋi/ŋi₆#~",
"f": {"lang": "sux",
"form": "ŋi₆",
"cf": "ŋi",
"gw": "night",
"sense": "night",
"norm0": "ŋi",
"pos": "N",
"epos": "N",
"base": "ŋi₆",
"morph": "~"}
}
,
{
"node": "l",
"id": "Q000020.l08411",
"ref": "Q000020.16.2",
"inst": "X",
"f": {"lang": "sux",
"form": "NI₂",
"pos": "X"}
}
,
{
"node": "l",
"id": "Q000020.l08412",
"ref": "Q000020.16.3",
"inst": "zal[pass]",
"sig": "@dcclt%sux:zal=zal[pass//pass]V/t'V/t$zal/zal#~",
"f": {"lang": "sux",
"form": "zal",
"cf": "zal",
"gw": "pass",
"sense": "pass",
"norm0": "zal",
"pos": "V/t",
"epos": "V/t",
"base": "zal",
"morph": "~"}
}
,
{
"node": "d",
"type": "line-start",
"ref": "Q000020.17",
"n": "17",
"label": "17"}
,
{
"node": "l",
"id": "Q000020.l08413",
"ref": "Q000020.17.1",
"inst": "ud[sun]",
"sig": "@dcclt%sux:ud=ud[sun//sun]N'N$ud/ud#~",
"f": {"lang": "sux",
"form": "ud",
"cf": "ud",
"gw": "sun",
"sense": "sun",
"norm0": "ud",
"pos": "N",
"epos": "N",
"base": "ud",
"morph": "~"}
}
,
{
"node": "l",
"id": "Q000020.l08414",
"ref": "Q000020.17.2",
"inst": "X",
"f": {"lang": "sux",
"form": "NI₂",
"pos": "X"}
}
,
{
"node": "l",
"id": "Q000020.l08415",
"ref": "Q000020.17.3",
"inst": "n",
"f": {"lang": "sux",
"form": "3(diš@c)",
"pos": "n"}
}
,
{
"node": "d",
"type": "line-start",
"ref": "Q000020.18",
"n": "18",
"label": "18"}
,
{
"node": "l",
"id": "Q000020.l08416",
"ref": "Q000020.18.1",
"inst": "ŋi[night]",
"sig": "@dcclt%sux:ŋi₆=ŋi[night//night]N'N$ŋi/ŋi₆#~",
"f": {"lang": "sux",
"form": "ŋi₆",
"cf": "ŋi",
"gw": "night",
"sense": "night",
"norm0": "ŋi",
"pos": "N",
"epos": "N",
"base": "ŋi₆",
"morph": "~"}
}
,
{
"node": "l",
"id": "Q000020.l08417",
"ref": "Q000020.18.2",
"inst": "X",
"f": {"lang": "sux",
"form": "NI₂",
"pos": "X"}
}
,
{
"node": "l",
"id": "Q000020.l08418",
"ref": "Q000020.18.3",
"inst": "n",
"f": {"lang": "sux",
"form": "3(diš@c)",
"pos": "n"}
}
,
{
"node": "d",
"type": "line-start",
"ref": "Q000020.19",
"n": "19",
"label": "19"}
,
{
"node": "l",
"id": "Q000020.l08419",
"ref": "Q000020.19.1",
"inst": "ud[sun]",
"sig": "@dcclt%sux:ud=ud[sun//sun]N'N$ud/ud#~",
"f": {"lang": "sux",
"form": "ud",
"cf": "ud",
"gw": "sun",
"sense": "sun",
"norm0": "ud",
"pos": "N",
"epos": "N",
"base": "ud",
"morph": "~"}
}
,
{
"node": "l",
"id": "Q000020.l0841a",
"ref": "Q000020.19.2",
"inst": "X",
"f": {"lang": "sux",
"form": "NI₂",
"pos": "X"}
}
,
{
"node": "l",
"id": "Q000020.l0841b",
"ref": "Q000020.19.3",
"inst": "ŋi[night]",
"sig": "@dcclt%sux:ŋi₆=ŋi[night//night]N'N$ŋi/ŋi₆#~",
"f": {"lang": "sux",
"form": "ŋi₆",
"cf": "ŋi",
"gw": "night",
"sense": "night",
"norm0": "ŋi",
"pos": "N",
"epos": "N",
"base": "ŋi₆",
"morph": "~"}
}
,
{
"node": "l",
"id": "Q000020.l0841c",
"ref": "Q000020.19.4",
"inst": "n",
"f": {"lang": "sux",
"form": "6(aš@c)",
"pos": "n"}
}
,
{
"node": "d",
"type": "line-start",
"ref": "Q000020.20",
"n": "20",
"label": "20"}
,
{
"node": "l",
"id": "Q000020.l0841d",
"ref": "Q000020.20.1",
"inst": "X",
"f": {"lang": "sux",
"form": "NI₂",
"pos": "X"}
}
,
{
"node": "d",
"type": "line-start",
"ref": "Q000020.21",
"n": "21",
"label": "21"}
,
{
"node": "l",
"id": "Q000020.l0841e",
"ref": "Q000020.21.1",
"inst": "gana[field]",
"sig": "@dcclt%sux:gana₂=gana[field//field]N'N$gana/gana₂#~",
"f": {"lang": "sux",
"form": "gana₂",
"cf": "gana",
"gw": "field",
"sense": "field",
"norm0": "gana",
"pos": "N",
"epos": "N",
"base": "gana₂",
"morph": "~"}
}
,
{
"node": "l",
"id": "Q000020.l0841f",
"ref": "Q000020.21.2",
"inst": "sug[empty]",
"sig": "@dcclt%sux:sug₆=sug[empty//empty]V/i'V/i$sug/sug₆#~",
"f": {"lang": "sux",
"form": "sug₆",
"cf": "sug",
"gw": "empty",
"sense": "empty",
"norm0": "sug",
"pos": "V/i",
"epos": "V/i",
"base": "sug₆",
"morph": "~"}
}
,
{
"node": "d",
"type": "line-start",
"ref": "Q000020.22",
"n": "22",
"label": "22"}
,
{
"node": "l",
"id": "Q000020.l08420",
"ref": "Q000020.22.1",
"inst": "absin[furrow]",
"sig": "@dcclt%sux:absin₃=absin[furrow//furrow]N'N$absin/absin₃#~",
"f": {"lang": "sux",
"form": "absin₃",
"cf": "absin",
"gw": "furrow",
"sense": "furrow",
"norm0": "absin",
"pos": "N",
"epos": "N",
"base": "absin₃",
"morph": "~"}
}
,
{
"node": "l",
"id": "Q000020.l08421",
"ref": "Q000020.22.2",
"inst": "gud[ox]",
"sig": "@dcclt%sux:gud=gud[ox//bull, ox]N'N$gud/gud#~",
"f": {"lang": "sux",
"form": "gud",
"cf": "gud",
"gw": "ox",
"sense": "bull, ox",
"norm0": "gud",
"pos": "N",
"epos": "N",
"base": "gud",
"morph": "~"}
}
,
{
"node": "l",
"id": "Q000020.l08422",
"ref": "Q000020.22.3",
"inst": "ak[do]",
"sig": "@dcclt%sux:ak-a=ak[do//do]V/t'V/t$ak;a/ak#~;a",
"f": {"lang": "sux",
"form": "ak-a",
"cf": "ak",
"gw": "do",
"sense": "do",
"norm0": "ak;a",
"pos": "V/t",
"epos": "V/t",
"base": "ak",
"morph": "~;a"}
}
,
{
"node": "d",
"type": "line-start",
"ref": "Q000020.23",
"n": "23",
"label": "23"}
,
{
"node": "l",
"id": "Q000020.l08423",
"ref": "Q000020.23.1",
"inst": "ŋeš[tree]",
"sig": "@dcclt%sux:ŋeš=ŋeš[tree//tree]N'N$ŋeš/ŋeš#~",
"f": {"lang": "sux",
"form": "ŋeš",
"cf": "ŋeš",
"gw": "tree",
"sense": "tree",
"norm0": "ŋeš",
"pos": "N",
"epos": "N",
"base": "ŋeš",
"morph": "~"}
}
,
{
"node": "l",
"id": "Q000020.l08424",
"ref": "Q000020.23.2",
"inst": "numun[seed]",
"sig": "@dcclt%sux:numun=numun[seed//seed]N'N$numun/numun#~",
"f": {"lang": "sux",
"form": "numun",
"cf": "numun",
"gw": "seed",
"sense": "seed",
"norm0": "numun",
"pos": "N",
"epos": "N",
"base": "numun",
"morph": "~"}
}
,
{
"node": "l",
"id": "Q000020.l08425",
"ref": "Q000020.23.3",
"inst": "igi[face]",
"sig": "@dcclt%sux:igi-ta=igi[face//face]N'N$igi,ta/igi#~,ta",
"f": {"lang": "sux",
"form": "igi-ta",
"cf": "igi",
"gw": "face",
"sense": "face",
"norm0": "igi,ta",
"pos": "N",
"epos": "N",
"base": "igi",
"morph": "~,ta"}
}
,
{
"node": "d",
"type": "line-start",
"ref": "Q000020.24",
"n": "24",
"label": "24"}
,
{
"node": "l",
"id": "Q000020.l08426",
"ref": "Q000020.24.1",
"inst": "ara[times]",
"sig": "@dcclt%sux:a-ra₂=ara[times//times (with numbers)]N'N$ara/a-ra₂#~",
"f": {"lang": "sux",
"form": "a-ra₂",
"cf": "ara",
"gw": "times",
"sense": "times (with numbers)",
"norm0": "ara",
"pos": "N",
"epos": "N",
"base": "a-ra₂",
"morph": "~"}
}
,
{
"node": "d",
"type": "line-start",
"ref": "Q000020.25",
"n": "25",
"label": "25"}
,
{
"node": "l",
"id": "Q000020.l08427",
"ref": "Q000020.25.1",
"inst": "tumu[wind]",
"sig": "@dcclt%sux:im=tumu[wind//wind]N'N$tumu/tumu#~",
"f": {"lang": "sux",
"form": "im",
"cf": "tumu",
"gw": "wind",
"sense": "wind",
"norm0": "tumu",
"pos": "N",
"epos": "N",
"base": "tumu",
"morph": "~"}
}
,
{
"node": "l",
"id": "Q000020.l08428",
"ref": "Q000020.25.2",
"inst": "u[south]",
"sig": "@dcclt%sux:u₅=u[south//south (wind)]N'N$u/u₅#~",
"f": {"lang": "sux",
"form": "u₅",
"cf": "u",
"gw": "south",
"sense": "south (wind)",
"norm0": "u",
"pos": "N",
"epos": "N",
"base": "u₅",
"morph": "~"}
}
,
{
"node": "d",
"type": "line-start",
"ref": "Q000020.26",
"n": "26",
"label": "26"}
,
{
"node": "l",
"id": "Q000020.l08429",
"ref": "Q000020.26.1",
"inst": "tumu[wind]",
"sig": "@dcclt%sux:im=tumu[wind//wind]N'N$tumu/tumu#~",
"f": {"lang": "sux",
"form": "im",
"cf": "tumu",
"gw": "wind",
"sense": "wind",
"norm0": "tumu",
"pos": "N",
"epos": "N",
"base": "tumu",
"morph": "~"}
}
,
{
"node": "l",
"id": "Q000020.l0842a",
"ref": "Q000020.26.2",
"inst": "mir[north]",
"sig": "@dcclt%sux:mir=mir[wind//north wind]N'N$mir/mir#~",
"f": {"lang": "sux",
"form": "mir",
"cf": "mir",
"gw": "wind",
"sense": "north wind",
"norm0": "mir",
"pos": "N",
"epos": "N",
"base": "mir",
"morph": "~"}
}
,
{
"node": "d",
"type": "line-start",
"ref": "Q000020.27",
"n": "27",
"label": "27"}
,
{
"node": "l",
"id": "Q000020.l0842b",
"ref": "Q000020.27.1",
"inst": "ana[upper]",
"sig": "@dcclt%sux:an-na=ana[upper//upper]AJ'AJ$ana/an-na#~",
"f": {"lang": "sux",
"form": "an-na",
"cf": "ana",
"gw": "upper",
"sense": "upper",
"norm0": "ana",
"pos": "AJ",
"epos": "AJ",
"base": "an-na",
"morph": "~"}
}
,
{
"node": "l",
"id": "Q000020.l0842c",
"ref": "Q000020.27.2",
"inst": "gi[turn]",
"sig": "@dcclt%sux:gi₄=gi[turn//turn]V/i'V/i$gi/gi₄#~",
"f": {"lang": "sux",
"form": "gi₄",
"cf": "gi",
"gw": "turn",
"sense": "turn",
"norm0": "gi",
"pos": "V/i",
"epos": "V/i",
"base": "gi₄",
"morph": "~"}
}
,
{
"node": "l",
"id": "Q000020.l0842d",
"ref": "Q000020.27.3",
"inst": "X",
"f": {"lang": "sux",
"form": "nu-mu-DI",
"pos": "X"}
}
,
{
"node": "d",
"type": "line-start",
"ref": "Q000020.28",
"n": "28",
"label": "28"}
,
{
"node": "l",
"id": "Q000020.l0842e",
"ref": "Q000020.28.1",
"inst": "X",
"f": {"lang": "sux",
"form": "MI",
"pos": "X"}
}
,
{
"node": "l",
"id": "Q000020.l0842f",
"ref": "Q000020.28.2",
"inst": "piriŋ[lion]",
"sig": "@dcclt%sux:piriŋ=piriŋ[lion//lion]N'N$piriŋ/piriŋ#~",
"f": {"lang": "sux",
"form": "piriŋ",
"cf": "piriŋ",
"gw": "lion",
"sense": "lion",
"norm0": "piriŋ",
"pos": "N",
"epos": "N",
"base": "piriŋ",
"morph": "~"}
}
,
{
"node": "l",
"id": "Q000020.l08430",
"ref": "Q000020.28.3",
"inst": "gal[big]",
"sig": "@dcclt%sux:gal=gal[big//big]V/i'V/i$gal/gal#~",
"f": {"lang": "sux",
"form": "gal",
"cf": "gal",
"gw": "big",
"sense": "big",
"norm0": "gal",
"pos": "V/i",
"epos": "V/i",
"base": "gal",
"morph": "~"}
}
,
{
"node": "d",
"type": "line-start",
"ref": "Q000020.29",
"n": "29",
"label": "29"}
,
{
"node": "l",
"id": "Q000020.l08431",
"ref": "Q000020.29.1",
"inst": "X",
"f": {"lang": "sux",
"form": "MI",
"pos": "X"}
}
,
{
"node": "l",
"id": "Q000020.l08432",
"ref": "Q000020.29.2",
"inst": "piriŋ[lion]",
"sig": "@dcclt%sux:piriŋ=piriŋ[lion//lion]N'N$piriŋ/piriŋ#~",
"f": {"lang": "sux",
"form": "piriŋ",
"cf": "piriŋ",
"gw": "lion",
"sense": "lion",
"norm0": "piriŋ",
"pos": "N",
"epos": "N",
"base": "piriŋ",
"morph": "~"}
}
,
{
"node": "l",
"id": "Q000020.l08433",
"ref": "Q000020.29.3",
"inst": "banda[junior]",
"sig": "@dcclt%sux:banda₃=banda[junior//(to be) junior]V/i'V/i$banda/banda₃#~",
"f": {"lang": "sux",
"form": "banda₃",
"cf": "banda",
"gw": "junior",
"sense": "(to be) junior",
"norm0": "banda",
"pos": "V/i",
"epos": "V/i",
"base": "banda₃",
"morph": "~"}
}
,
{
"node": "d",
"type": "line-start",
"ref": "Q000020.30",
"n": "30",
"label": "30"}
,
{
"node": "l",
"id": "Q000020.l08434",
"ref": "Q000020.30.1",
"inst": "X",
"f": {"lang": "sux",
"form": "MI",
"pos": "X"}
}
,
{
"node": "l",
"id": "Q000020.l08435",
"ref": "Q000020.30.2",
"inst": "piriŋ[lion]",
"sig": "@dcclt%sux:piriŋ=piriŋ[lion//lion]N'N$piriŋ/piriŋ#~",
"f": {"lang": "sux",
"form": "piriŋ",
"cf": "piriŋ",
"gw": "lion",
"sense": "lion",
"norm0": "piriŋ",
"pos": "N",
"epos": "N",
"base": "piriŋ",
"morph": "~"}
}
,
{
"node": "l",
"id": "Q000020.l08436",
"ref": "Q000020.30.3",
"inst": "šu[hand]",
"sig": "@dcclt%sux:šu=šu[hand//hand]N'N$šu/šu#~",
"f": {"lang": "sux",
"form": "šu",
"cf": "šu",
"gw": "hand",
"sense": "hand",
"norm0": "šu",
"pos": "N",
"epos": "N",
"base": "šu",
"morph": "~"}
}
,
{
"node": "l",
"id": "Q000020.l08437",
"ref": "Q000020.30.4",
"inst": "du[suitable]",
"sig": "@dcclt%sux:du₇=du[suitable//(to be) fitting, suitable]V/i'V/i$du/du₇#~",
"f": {"lang": "sux",
"form": "du₇",
"cf": "du",
"gw": "suitable",
"sense": "(to be) fitting, suitable",
"norm0": "du",
"pos": "V/i",
"epos": "V/i",
"base": "du₇",
"morph": "~"}
}
,
{
"node": "d",
"type": "line-start",
"ref": "Q000020.31",
"n": "31",
"label": "31"}
,
{
"node": "l",
"id": "Q000020.l08438",
"ref": "Q000020.31.1",
"inst": "X",
"f": {"lang": "sux",
"form": "MI",
"pos": "X"}
}
,
{
"node": "l",
"id": "Q000020.l08439",
"ref": "Q000020.31.2",
"inst": "piriŋ[lion]",
"sig": "@dcclt%sux:piriŋ=piriŋ[lion//lion]N'N$piriŋ/piriŋ#~",
"f": {"lang": "sux",
"form": "piriŋ",
"cf": "piriŋ",
"gw": "lion",
"sense": "lion",
"norm0": "piriŋ",
"pos": "N",
"epos": "N",
"base": "piriŋ",
"morph": "~"}
}
,
{
"node": "l",
"id": "Q000020.l0843a",
"ref": "Q000020.31.3",
"inst": "šu[hand]",
"sig": "@dcclt%sux:šu=šu[hand//hand]N'N$šu/šu#~",
"f": {"lang": "sux",
"form": "šu",
"cf": "šu",
"gw": "hand",
"sense": "hand",
"norm0": "šu",
"pos": "N",
"epos": "N",
"base": "šu",
"morph": "~"}
}
,
{
"node": "l",
"id": "Q000020.l0843b",
"ref": "Q000020.31.4",
"inst": "du[suitable]",
"sig": "@dcclt%sux:nu-du₇=du[suitable//(to be) fitting, suitable]V/i'V/i$nu:du/du₇#nu:~",
"f": {"lang": "sux",
"form": "nu-du₇",
"cf": "du",
"gw": "suitable",
"sense": "(to be) fitting, suitable",
"norm0": "nu:du",
"pos": "V/i",
"epos": "V/i",
"base": "du₇",
"morph": "nu:~"}
}
,
{
"node": "d",
"type": "line-start",
"ref": "Q000020.32",
"n": "32",
"label": "32"}
,
{
"node": "l",
"id": "Q000020.l0843c",
"ref": "Q000020.32.1",
"inst": "X",
"f": {"lang": "sux",
"form": "MI",
"pos": "X"}
}
,
{
"node": "l",
"id": "Q000020.l0843d",
"ref": "Q000020.32.2",
"inst": "piriŋ[lion]",
"sig": "@dcclt%sux:piriŋ=piriŋ[lion//lion]N'N$piriŋ/piriŋ#~",
"f": {"lang": "sux",
"form": "piriŋ",
"cf": "piriŋ",
"gw": "lion",
"sense": "lion",
"norm0": "piriŋ",
"pos": "N",
"epos": "N",
"base": "piriŋ",
"morph": "~"}
}
,
{
"node": "l",
"id": "Q000020.l0843e",
"ref": "Q000020.32.3",
"inst": "anki[universe]",
"sig": "@dcclt%sux:an-ki=anki[universe//the universe, heaven and earth]N'N$anki/an-ki#~",
"f": {"lang": "sux",
"form": "an-ki",
"cf": "anki",
"gw": "universe",
"sense": "the universe, heaven and earth",
"norm0": "anki",
"pos": "N",
"epos": "N",
"base": "an-ki",
"morph": "~"}
}
,
{
"node": "d",
"type": "line-start",
"ref": "Q000020.33",
"n": "33",
"label": "33"}
,
{
"node": "l",
"id": "Q000020.l0843f",
"ref": "Q000020.33.1",
"inst": "GN",
"f": {"lang": "sux",
"form": "ad-{d}aš₈-gi₄",
"pos": "GN"}
}
,
{
"node": "d",
"type": "line-start",
"ref": "Q000020.34",
"n": "34",
"label": "34"}
,
{
"node": "l",
"id": "Q000020.l08440",
"ref": "Q000020.34.1",
"inst": "GN",
"f": {"lang": "sux",
"form": "AN-{d}nin-tab-du₆",
"pos": "GN"}
}
,
{
"node": "d",
"type": "line-start",
"ref": "Q000020.35",
"n": "35",
"label": "35"}
,
{
"node": "l",
"id": "Q000020.l08441",
"ref": "Q000020.35.1",
"inst": "X",
"f": {"lang": "sux",
"form": "|ŠE&ŠE|",
"pos": "X"}
}
,
{
"node": "d",
"type": "line-start",
"ref": "Q000020.36",
"n": "36",
"label": "36"}
,
{
"node": "l",
"id": "Q000020.l08442",
"ref": "Q000020.36.1",
"inst": "X",
"f": {"lang": "sux",
"form": "|ŠE&ŠE|",
"pos": "X"}
}
,
{
"node": "l",
"id": "Q000020.l08443",
"ref": "Q000020.36.2",
"inst": "u",
"f": {"lang": "sux",
"form": "A",
"pos": "u"}
}
,
{
"node": "d",
"type": "line-start",
"ref": "Q000020.37",
"n": "37",
"label": "37"}
,
{
"node": "l",
"id": "Q000020.l08444",
"ref": "Q000020.37.1",
"inst": "ziz[emmer]",
"sig": "@dcclt%sux:ziz₂=ziz[emmer//emmer wheat]N'N$ziz/ziz₂#~",
"f": {"lang": "sux",
"form": "ziz₂",
"cf": "ziz",
"gw": "emmer",
"sense": "emmer wheat",
"norm0": "ziz",
"pos": "N",
"epos": "N",
"base": "ziz₂",
"morph": "~"}
}
,
{
"node": "l",
"id": "Q000020.l08445",
"ref": "Q000020.37.2",
"inst": "kalam[land]",
"sig": "@dcclt%sux:kalam=kalam[land//the Land (of Sumer)]N'N$kalam/kalam#~",
"f": {"lang": "sux",
"form": "kalam",
"cf": "kalam",
"gw": "land",
"sense": "the Land (of Sumer)",
"norm0": "kalam",
"pos": "N",
"epos": "N",
"base": "kalam",
"morph": "~"}
}
,
{
"node": "l",
"id": "Q000020.l08446",
"ref": "Q000020.37.3",
"inst": "mušen[bird]",
"sig": "@dcclt%sux:mušen=mušen[bird//bird]N'N$mušen/mušen#~",
"f": {"lang": "sux",
"form": "mušen",
"cf": "mušen",
"gw": "bird",
"sense": "bird",
"norm0": "mušen",
"pos": "N",
"epos": "N",
"base": "mušen",
"morph": "~"}
}
,
{
"node": "l",
"id": "Q000020.l08447",
"ref": "Q000020.37.4",
"inst": "X",
"f": {"lang": "sux",
"form": "X",
"pos": "X"}
}
,
{
"node": "d",
"type": "line-start",
"ref": "Q000020.38",
"n": "38",
"label": "38"}
,
{
"node": "l",
"id": "Q000020.l08448",
"ref": "Q000020.38.1",
"inst": "X",
"f": {"lang": "sux",
"form": "TUR-|ŠE&ŠE|",
"pos": "X"}
}
,
{
"node": "d",
"type": "line-start",
"ref": "Q000020.39",
"n": "39",
"label": "39"}
,
{
"node": "l",
"id": "Q000020.l08449",
"ref": "Q000020.39.1",
"inst": "X",
"f": {"lang": "sux",
"form": "TUR-|ŠE&ŠE|",
"pos": "X"}
}
,
{
"node": "d",
"type": "line-start",
"ref": "Q000020.40",
"n": "40",
"label": "40"}
,
{
"node": "l",
"id": "Q000020.l0844a",
"ref": "Q000020.40.1",
"inst": "e[house]",
"sig": "@dcclt%sux:e₂=e[house//house]N'N$e/e₂#~",
"f": {"lang": "sux",
"form": "e₂",
"cf": "e",
"gw": "house",
"sense": "house",
"norm0": "e",
"pos": "N",
"epos": "N",
"base": "e₂",
"morph": "~"}
}
,
{
"node": "l",
"id": "Q000020.l0844b",
"ref": "Q000020.40.2",
"inst": "lil[fool]",
"sig": "@dcclt%sux:{lu₂}lil=lil[fool//fool]N'N$lil/{lu₂}lil#~",
"f": {"lang": "sux",
"form": "{lu₂}lil",
"cf": "lil",
"gw": "fool",
"sense": "fool",
"norm0": "lil",
"pos": "N",
"epos": "N",
"base": "{lu₂}lil",
"morph": "~"}
}
,
{
"node": "l",
"id": "Q000020.l0844c",
"ref": "Q000020.40.3",
"inst": "sukkal[secretary]",
"sig": "@dcclt%sux:sukkal=sukkal[secretary//secretary]N'N$sukkal/sukkal#~",
"f": {"lang": "sux",
"form": "sukkal",
"cf": "sukkal",
"gw": "secretary",
"sense": "secretary",
"norm0": "sukkal",
"pos": "N",
"epos": "N",
"base": "sukkal",
"morph": "~"}
}
,
{
"node": "d",
"type": "line-start",
"ref": "Q000020.41",
"n": "41",
"label": "41"}
,
{
"node": "l",
"id": "Q000020.l0844d",
"ref": "Q000020.41.1",
"inst": "da[line]",
"sig": "@dcclt%sux:da=da[line//line, edge, side]N'N$da/da#~",
"f": {"lang": "sux",
"form": "da",
"cf": "da",
"gw": "line",
"sense": "line, edge, side",
"norm0": "da",
"pos": "N",
"epos": "N",
"base": "da",
"morph": "~"}
}
,
{
"node": "l",
"id": "Q000020.l0844e",
"ref": "Q000020.41.2",
"inst": "X",
"f": {"lang": "sux",
"form": "BAD",
"pos": "X"}
}
,
{
"node": "d",
"type": "line-start",
"ref": "Q000020.42",
"n": "42",
"label": "42"}
,
{
"node": "l",
"id": "Q000020.l0844f",
"ref": "Q000020.42.1",
"inst": "X",
"f": {"lang": "sux",
"form": "šu-nam",
"pos": "X"}
}
,
{
"node": "d",
"type": "line-start",
"ref": "Q000020.43",
"n": "43",
"label": "43"}
,
{
"node": "l",
"id": "Q000020.l08450",
"ref": "Q000020.43.1",
"inst": "X",
"f": {"lang": "sux",
"form": "šu-nam",
"pos": "X"}
}
,
{
"node": "d",
"type": "line-start",
"ref": "Q000020.44",
"n": "44",
"label": "44"}
,
{
"node": "l",
"id": "Q000020.l08451",
"ref": "Q000020.44.1",
"inst": "siki[hair]",
"sig": "@dcclt%sux:siki=siki[hair//hair]N'N$siki/siki#~",
"f": {"lang": "sux",
"form": "siki",
"cf": "siki",
"gw": "hair",
"sense": "hair",
"norm0": "siki",
"pos": "N",
"epos": "N",
"base": "siki",
"morph": "~"}
}
,
{
"node": "l",
"id": "Q000020.l08452",
"ref": "Q000020.44.2",
"inst": "maš[goat]",
"sig": "@dcclt%sux:maš₂=maš[goat//goat]N'N$maš/maš₂#~",
"f": {"lang": "sux",
"form": "maš₂",
"cf": "maš",
"gw": "goat",
"sense": "goat",
"norm0": "maš",
"pos": "N",
"epos": "N",
"base": "maš₂",
"morph": "~"}
}
,
{
"node": "d",
"type": "line-start",
"ref": "Q000020.45",
"n": "45",
"label": "45"}
,
{
"node": "l",
"id": "Q000020.l08453",
"ref": "Q000020.45.1",
"inst": "siki[hair]",
"sig": "@dcclt%sux:siki=siki[hair//hair]N'N$siki/siki#~",
"f": {"lang": "sux",
"form": "siki",
"cf": "siki",
"gw": "hair",
"sense": "hair",
"norm0": "siki",
"pos": "N",
"epos": "N",
"base": "siki",
"morph": "~"}
}
,
{
"node": "l",
"id": "Q000020.l08454",
"ref": "Q000020.45.2",
"inst": "šu[hand]",
"sig": "@dcclt%sux:šu=šu[hand//hand]N'N$šu/šu#~",
"f": {"lang": "sux",
"form": "šu",
"cf": "šu",
"gw": "hand",
"sense": "hand",
"norm0": "šu",
"pos": "N",
"epos": "N",
"base": "šu",
"morph": "~"}
}
,
{
"node": "l",
"id": "Q000020.l08455",
"ref": "Q000020.45.3",
"inst": "kad[tie]",
"sig": "@dcclt%sux:kad₄=kad[tie//to tie, gather]V/t'V/t$kad/kad₄#~",
"f": {"lang": "sux",
"form": "kad₄",
"cf": "kad",
"gw": "tie",
"sense": "to tie, gather",
"norm0": "kad",
"pos": "V/t",
"epos": "V/t",
"base": "kad₄",
"morph": "~"}
}
,
{
"node": "d",
"type": "line-start",
"ref": "Q000020.46",
"n": "46",
"label": "46"}
,
{
"node": "l",
"id": "Q000020.l08456",
"ref": "Q000020.46.1",
"inst": "u",
"f": {"lang": "sux",
"form": "HI",
"pos": "u"}
}
,
{
"node": "l",
"id": "Q000020.l08457",
"ref": "Q000020.46.2",
"inst": "X",
"f": {"lang": "sux",
"form": "|ŠE&ŠE|",
"pos": "X"}
}
,
{
"node": "d",
"type": "line-start",
"ref": "Q000020.47",
"n": "47",
"label": "47"}
,
{
"node": "l",
"id": "Q000020.l08458",
"ref": "Q000020.47.1",
"inst": "u",
"f": {"lang": "sux",
"form": "HI",
"pos": "u"}
}
,
{
"node": "l",
"id": "Q000020.l08459",
"ref": "Q000020.47.2",
"inst": "X",
"f": {"lang": "sux",
"form": "igi-a",
"pos": "X"}
}
,
{
"node": "l",
"id": "Q000020.l0845a",
"ref": "Q000020.47.3",
"inst": "X",
"f": {"lang": "sux",
"form": "|ŠE&ŠE|",
"pos": "X"}
}
,
{
"node": "d",
"type": "line-start",
"ref": "Q000020.48",
"n": "48",
"label": "48"}
,
{
"node": "l",
"id": "Q000020.l0845b",
"ref": "Q000020.48.1",
"inst": "X",
"f": {"lang": "sux",
"form": "HI",
"pos": "X"}
}
,
{
"node": "ll",
"id": "Q000020.l0845c",
"choices": [
{
"node": "l",
"ref": "Q000020.48.2",
"inst": "%sux:igi=igi[eye]",
"sig": "@dcclt%sux:igi=igi[eye//eye]N'N$igi/igi#~",
"f": {"lang": "sux",
"form": "igi",
"cf": "igi",
"gw": "eye",
"sense": "eye",
"norm0": "igi",
"pos": "N",
"epos": "N",
"base": "igi",
"morph": "~"}
}
,
{
"node": "l",
"ref": "Q000020.48.2",
"inst": "%sux:igi=igi[face]",
"sig": "@dcclt%sux:igi=igi[face//face]N'N$igi/igi#~",
"f": {"lang": "sux",
"form": "igi",
"cf": "igi",
"gw": "eye",
"sense": "eye",
"norm0": "igi",
"pos": "N",
"epos": "N",
"base": "igi",
"morph": "~"}
}
]}
,
{
"node": "l",
"id": "Q000020.l0845d",
"ref": "Q000020.48.3",
"inst": "X",
"f": {"lang": "sux",
"form": "|ŠE&ŠE|",
"pos": "X"}
}
,
{
"node": "d",
"type": "line-start",
"ref": "Q000020.49",
"n": "49",
"label": "49"}
,
{
"node": "l",
"id": "Q000020.l0845e",
"ref": "Q000020.49.1",
"inst": "X",
"f": {"lang": "sux",
"form": "ŋeš-numun",
"pos": "X"}
}
,
{
"node": "l",
"id": "Q000020.l0845f",
"ref": "Q000020.49.2",
"inst": "X",
"f": {"lang": "sux",
"form": "ak-si-ki",
"pos": "X"}
}
,
{
"node": "d",
"type": "line-start",
"ref": "Q000020.50",
"n": "50",
"label": "50"}
,
{
"node": "l",
"id": "Q000020.l08460",
"ref": "Q000020.50.1",
"inst": "gana[field]",
"sig": "@dcclt%sux:gana₂=gana[field//field]N'N$gana/gana₂#~",
"f": {"lang": "sux",
"form": "gana₂",
"cf": "gana",
"gw": "field",
"sense": "field",
"norm0": "gana",
"pos": "N",
"epos": "N",
"base": "gana₂",
"morph": "~"}
}
,
{
"node": "l",
"id": "Q000020.l08461",
"ref": "Q000020.50.2",
"inst": "X",
"f": {"lang": "sux",
"form": "LAK4",
"pos": "X"}
}
,
{
"node": "d",
"type": "line-start",
"ref": "Q000020.51",
"n": "51",
"label": "51"}
,
{
"node": "l",
"id": "Q000020.l08462",
"ref": "Q000020.51.1",
"inst": "X",
"f": {"lang": "sux",
"form": "me-te-kun",
"pos": "X"}
}
,
{
"node": "d",
"type": "line-start",
"ref": "Q000020.52",
"n": "52",
"label": "52"}
,
{
"node": "l",
"id": "Q000020.l08463",
"ref": "Q000020.52.1",
"inst": "sumur[furious]",
"sig": "@dcclt%sux:šur₂=sumur[angry//(to be) angry, furious]V/i'V/i$sumur/sumur#~",
"f": {"lang": "sux",
"form": "šur₂",
"cf": "sumur",
"gw": "angry",
"sense": "(to be) angry, furious",
"norm0": "sumur",
"pos": "V/i",
"epos": "V/i",
"base": "sumur",
"morph": "~"}
}
,
{
"node": "l",
"id": "Q000020.l08464",
"ref": "Q000020.52.2",
"inst": "en[lord]",
"sig": "@dcclt%sux:en=en[lord//lord]N'N$en/en#~",
"f": {"lang": "sux",
"form": "en",
"cf": "en",
"gw": "lord",
"sense": "lord",
"norm0": "en",
"pos": "N",
"epos": "N",
"base": "en",
"morph": "~"}
}
,
{
"node": "l",
"id": "Q000020.l08465",
"ref": "Q000020.52.3",
"inst": "lu[person]",
"sig": "@dcclt%sux:lu₂=lu[person//person]N'N$lu/lu₂#~",
"f": {"lang": "sux",
"form": "lu₂",
"cf": "lu",
"gw": "person",
"sense": "person",
"norm0": "lu",
"pos": "N",
"epos": "N",
"base": "lu₂",
"morph": "~"}
}
,
{
"node": "d",
"type": "line-start",
"ref": "Q000020.53",
"n": "53",
"label": "53"}
,
{
"node": "l",
"id": "Q000020.l08466",
"ref": "Q000020.53.1",
"inst": "maškimegi[messenger]",
"sig": "@dcclt%sux:maškim-e-gi₄=maškimegi[messenger//messenger]N'N$maškimegi/maškim-e-gi₄#~",
"f": {"lang": "sux",
"form": "maškim-e-gi₄",
"cf": "maškimegi",
"gw": "messenger",
"sense": "messenger",
"norm0": "maškimegi",
"pos": "N",
"epos": "N",
"base": "maškim-e-gi₄",
"morph": "~"}
}
,
{
"node": "d",
"type": "line-start",
"ref": "Q000020.54",
"n": "54",
"label": "54"}
,
{
"node": "l",
"id": "Q000020.l08467",
"ref": "Q000020.54.1",
"inst": "gud[ox]",
"sig": "@dcclt%sux:gud=gud[ox//bull, ox]N'N$gud/gud#~",
"f": {"lang": "sux",
"form": "gud",
"cf": "gud",
"gw": "ox",
"sense": "bull, ox",
"norm0": "gud",
"pos": "N",
"epos": "N",
"base": "gud",
"morph": "~"}
}
,
{
"node": "l",
"id": "Q000020.l08468",
"ref": "Q000020.54.2",
"inst": "en[lord]",
"sig": "@dcclt%sux:en=en[lord//lord]N'N$en/en#~",
"f": {"lang": "sux",
"form": "en",
"cf": "en",
"gw": "lord",
"sense": "lord",
"norm0": "en",
"pos": "N",
"epos": "N",
"base": "en",
"morph": "~"}
}
,
{
"node": "d",
"type": "line-start",
"ref": "Q000020.55",
"n": "55",
"label": "55"}
,
{
"node": "l",
"id": "Q000020.l08469",
"ref": "Q000020.55.1",
"inst": "ŋešla[battle]",
"sig": "@dcclt%sux:ŋeš-la₂=ŋešla[battle//battle]N'N$ŋešla/ŋeš-la₂#~",
"f": {"lang": "sux",
"form": "ŋeš-la₂",
"cf": "ŋešla",
"gw": "battle",
"sense": "battle",
"norm0": "ŋešla",
"pos": "N",
"epos": "N",
"base": "ŋeš-la₂",
"morph": "~"}
}
,
{
"node": "d",
"type": "line-start",
"ref": "Q000020.56",
"n": "56",
"label": "56"}
,
{
"node": "l",
"id": "Q000020.l0846a",
"ref": "Q000020.56.1",
"inst": "an[heaven]",
"sig": "@dcclt%sux:an-še₃=an[sky//sky, heaven]N'N$an,eše/an#~,eše",
"f": {"lang": "sux",
"form": "an-še₃",
"cf": "an",
"gw": "sky",
"sense": "sky, heaven",
"norm0": "an,eše",
"pos": "N",
"epos": "N",
"base": "an",
"morph": "~,eše"}
}
,
{
"node": "ll",
"id": "Q000020.l0846b",
"choices": [
{
"node": "l",
"ref": "Q000020.56.2",
"inst": "%sux:kar₂=kar[blow]",
"sig": "@dcclt%sux:kar₂=kar[blow//blow]V/t'V/t$kar/kar₂#~",
"f": {"lang": "sux",
"form": "kar₂",
"cf": "kar",
"gw": "blow",
"sense": "blow",
"norm0": "kar",
"pos": "V/t",
"epos": "V/t",
"base": "kar₂",
"morph": "~"}
}
,
{
"node": "l",
"ref": "Q000020.56.2",
"inst": "%sux:kar₂=kar[insult]",
"sig": "@dcclt%sux:kar₂=kar[insult//insult]V/t'V/t$kar/kar₂#~",
"f": {"lang": "sux",
"form": "kar₂",
"cf": "kar",
"gw": "blow",
"sense": "blow",
"norm0": "kar",
"pos": "V/t",
"epos": "V/t",
"base": "kar₂",
"morph": "~"}
}
]}
,
{
"node": "l",
"id": "Q000020.l0846c",
"ref": "Q000020.56.3",
"inst": "X",
"f": {"lang": "sux",
"form": "LAK4",
"pos": "X"}
}
,
{
"node": "l",
"id": "Q000020.l0846d",
"ref": "Q000020.56.4",
"inst": "ki[place]",
"sig": "@dcclt%sux:ki=ki[place//place]N'N$ki/ki#~",
"f": {"lang": "sux",
"form": "ki",
"cf": "ki",
"gw": "place",
"sense": "place",
"norm0": "ki",
"pos": "N",
"epos": "N",
"base": "ki",
"morph": "~"}
}
,
{
"node": "d",
"type": "line-start",
"ref": "Q000020.57",
"n": "57",
"label": "57"}
,
{
"node": "l",
"id": "Q000020.l0846e",
"ref": "Q000020.57.1",
"inst": "X",
"f": {"lang": "sux",
"form": "mu-BAD",
"pos": "X"}
}
,
{
"node": "d",
"type": "line-start",
"ref": "Q000020.58",
"n": "58",
"label": "58"}
,
{
"node": "l",
"id": "Q000020.l0846f",
"ref": "Q000020.58.1",
"inst": "ana[upper]",
"sig": "@dcclt%sux:an-na=ana[upper//upper]AJ'AJ$ana/an-na#~",
"f": {"lang": "sux",
"form": "an-na",
"cf": "ana",
"gw": "upper",
"sense": "upper",
"norm0": "ana",
"pos": "AJ",
"epos": "AJ",
"base": "an-na",
"morph": "~"}
}
,
{
"node": "d",
"type": "line-start",
"ref": "Q000020.59",
"n": "59",
"label": "59"}
,
{
"node": "l",
"id": "Q000020.l08470",
"ref": "Q000020.59.1",
"inst": "X",
"f": {"lang": "sux",
"form": "NI₂",
"pos": "X"}
}
,
{
"node": "d",
"type": "line-start",
"ref": "Q000020.60",
"n": "60",
"label": "60"}
,
{
"node": "l",
"id": "Q000020.l08471",
"ref": "Q000020.60.1",
"inst": "gana[field]",
"sig": "@dcclt%sux:gana₂=gana[field//field]N'N$gana/gana₂#~",
"f": {"lang": "sux",
"form": "gana₂",
"cf": "gana",
"gw": "field",
"sense": "field",
"norm0": "gana",
"pos": "N",
"epos": "N",
"base": "gana₂",
"morph": "~"}
}
,
{
"node": "l",
"id": "Q000020.l08472",
"ref": "Q000020.60.2",
"inst": "su[flesh]",
"sig": "@dcclt%sux:su-za=su[flesh//flesh]N'N$su,zu.ak/su#~,zu.ak",
"f": {"lang": "sux",
"form": "su-za",
"cf": "su",
"gw": "flesh",
"sense": "flesh",
"norm0": "su,zu.ak",
"pos": "N",
"epos": "N",
"base": "su",
"morph": "~,zu.ak"}
}
,
{
"node": "d",
"type": "line-start",
"ref": "Q000020.61",
"n": "61",
"label": "61"}
,
{
"node": "l",
"id": "Q000020.l08473",
"ref": "Q000020.61.1",
"inst": "X",
"f": {"lang": "sux",
"form": "AŠ",
"pos": "X"}
}
,
{
"node": "l",
"id": "Q000020.l08474",
"ref": "Q000020.61.2",
"inst": "mu[name]",
"sig": "@dcclt%sux:mu=mu[name//name]N'N$mu/mu#~",
"f": {"lang": "sux",
"form": "mu",
"cf": "mu",
"gw": "name",
"sense": "name",
"norm0": "mu",
"pos": "N",
"epos": "N",
"base": "mu",
"morph": "~"}
}
,
{
"node": "l",
"id": "Q000020.l08475",
"ref": "Q000020.61.3",
"inst": "X",
"f": {"lang": "sux",
"form": "AN",
"pos": "X"}
}
,
{
"node": "l",
"id": "Q000020.l08476",
"ref": "Q000020.61.4",
"inst": "X",
"f": {"lang": "sux",
"form": "AN",
"pos": "X"}
}
,
{
"node": "d",
"type": "line-start",
"ref": "Q000020.62",
"n": "62",
"label": "62"}
,
{
"node": "l",
"id": "Q000020.l08477",
"ref": "Q000020.62.1",
"inst": "X",
"f": {"lang": "sux",
"form": "an-hu",
"pos": "X"}
}
,
{
"node": "d",
"type": "line-start",
"ref": "Q000020.63",
"n": "63",
"label": "63"}
,
{
"node": "l",
"id": "Q000020.l08478",
"ref": "Q000020.63.1",
"inst": "da[side]",
"sig": "@dcclt%sux:da=da[line//side]N'N$da/da#~",
"f": {"lang": "sux",
"form": "da",
"cf": "da",
"gw": "line",
"sense": "side",
"norm0": "da",
"pos": "N",
"epos": "N",
"base": "da",
"morph": "~"}
}
,
{
"node": "l",
"id": "Q000020.l08479",
"ref": "Q000020.63.2",
"inst": "X",
"f": {"lang": "sux",
"form": "BAD",
"pos": "X"}
}
,
{
"node": "d",
"type": "line-start",
"ref": "Q000020.64",
"n": "64",
"label": "64"}
,
{
"node": "l",
"id": "Q000020.l0847a",
"ref": "Q000020.64.1",
"inst": "ubizagubalaŋdikargirzana[bird]",
"sig": "@dcclt%sux:|ZI&ZI.A|-li{mušen}=ubizagubalaŋdikargirzana[bird//a bird]N'N$ubizagubalaŋdikargirzana/|ZI&ZI.A|-li{mušen}#~",
"f": {"lang": "sux",
"form": "|ZI&ZI.A|-li{mušen}",
"cf": "ubizagubalaŋdikargirzana",
"gw": "bird",
"sense": "a bird",
"norm0": "ubizagubalaŋdikargirzana",
"pos": "N",
"epos": "N",
"base": "|ZI&ZI.A|-li{mušen}",
"morph": "~"}
}
,
{
"node": "d",
"type": "line-start",
"ref": "Q000020.65",
"n": "65",
"label": "65"}
,
{
"node": "l",
"id": "Q000020.l0847b",
"ref": "Q000020.65.1",
"inst": "u",
"f": {"lang": "sux",
"form": "LAM-SAG",
"pos": "u"}
}
,
{
"node": "l",
"id": "Q000020.l0847c",
"ref": "Q000020.65.2",
"inst": "amaš[sheepfold]",
"sig": "@dcclt%sux:amaš=amaš[sheepfold//sheepfold]N'N$amaš/amaš#~",
"f": {"lang": "sux",
"form": "amaš",
"cf": "amaš",
"gw": "sheepfold",
"sense": "sheepfold",
"norm0": "amaš",
"pos": "N",
"epos": "N",
"base": "amaš",
"morph": "~"}
}
,
{
"node": "l",
"id": "Q000020.l0847d",
"ref": "Q000020.65.3",
"inst": "tuš[sit]",
"sig": "@dcclt%sux:KU=tuš[sit//sit]V/i'V/i$tuš/tuš#~",
"f": {"lang": "sux",
"form": "KU",
"cf": "tuš",
"gw": "sit",
"sense": "sit",
"norm0": "tuš",
"pos": "V/i",
"epos": "V/i",
"base": "tuš",
"morph": "~"}
}
,
{
"node": "d",
"type": "nonw",
"ref": ""}
,
{
"node": "d",
"type": "line-start",
"ref": "Q000020.66",
"n": "66",
"label": "66"}
,
{
"node": "l",
"id": "Q000020.l0847e",
"ref": "Q000020.66.1",
"inst": "TAR[bird]",
"sig": "@dcclt%sux:TAR{mušen}=TAR[bird//a bird]N'N$TAR/TAR{mušen}#~",
"f": {"lang": "sux",
"form": "TAR{mušen}",
"cf": "TAR",
"gw": "bird",
"sense": "a bird",
"norm0": "TAR",
"pos": "N",
"epos": "N",
"base": "TAR{mušen}",
"morph": "~"}
}
,
{
"node": "d",
"type": "line-start",
"ref": "Q000020.67",
"n": "67",
"label": "67"}
,
{
"node": "l",
"id": "Q000020.l0847f",
"ref": "Q000020.67.1",
"inst": "gud[ox]",
"sig": "@dcclt%sux:gud=gud[ox//bull, ox]N'N$gud/gud#~",
"f": {"lang": "sux",
"form": "gud",
"cf": "gud",
"gw": "ox",
"sense": "bull, ox",
"norm0": "gud",
"pos": "N",
"epos": "N",
"base": "gud",
"morph": "~"}
}
,
{
"node": "l",
"id": "Q000020.l08480",
"ref": "Q000020.67.2",
"inst": "apin[plow]",
"sig": "@dcclt%sux:apin=apin[plow//(seed) plow]N'N$apin/apin#~",
"f": {"lang": "sux",
"form": "apin",
"cf": "apin",
"gw": "plow",
"sense": "(seed) plow",
"norm0": "apin",
"pos": "N",
"epos": "N",
"base": "apin",
"morph": "~"}
}
,
{
"node": "d",
"type": "line-start",
"ref": "Q000020.68",
"n": "68",
"label": "68"}
,
{
"node": "l",
"id": "Q000020.l08481",
"ref": "Q000020.68.1",
"inst": "addir[profession]",
"sig": "@dcclt%sux:addirₓ(|GISAL.PAD.SI|)=addir[profession//a profession]N'N$addir/addirₓ(|GISAL.PAD.SI|)#~",
"f": {"lang": "sux",
"form": "addirₓ(|GISAL.PAD.SI|)",
"cf": "addir",
"gw": "profession",
"sense": "a profession",
"norm0": "addir",
"pos": "N",
"epos": "N",
"base": "addirₓ(|GISAL.PAD.SI|)",
"morph": "~"}
}
,
{
"node": "l",
"id": "Q000020.l08482",
"ref": "Q000020.68.2",
"inst": "ak[do]",
"sig": "@dcclt%sux:ak=ak[do//do]V/t'V/t$ak/ak#~",
"f": {"lang": "sux",
"form": "ak",
"cf": "ak",
"gw": "do",
"sense": "do",
"norm0": "ak",
"pos": "V/t",
"epos": "V/t",
"base": "ak",
"morph": "~"}
}
,
{
"node": "d",
"type": "line-start",
"ref": "Q000020.69",
"n": "69",
"label": "69"}
,
{
"node": "l",
"id": "Q000020.l08483",
"ref": "Q000020.69.1",
"inst": "hiz[vegetable]",
"sig": "@dcclt%sux:HI{sar}=hiz[vegetable//vegetable]N'N$hiz/HI{sar}#~",
"f": {"lang": "sux",
"form": "HI{sar}",
"cf": "hiz",
"gw": "vegetable",
"sense": "vegetable",
"norm0": "hiz",
"pos": "N",
"epos": "N",
"base": "HI{sar}",
"morph": "~"}
}
,
{
"node": "d",
"type": "line-start",
"ref": "Q000020.70",
"n": "70",
"label": "70"}
,
{
"node": "l",
"id": "Q000020.l08484",
"ref": "Q000020.70.1",
"inst": "X",
"f": {"lang": "sux",
"form": "HI",
"pos": "X"}
}
,
{
"node": "l",
"id": "Q000020.l08485",
"ref": "Q000020.70.2",
"inst": "X",
"f": {"lang": "sux",
"form": "igi-a{sar}",
"pos": "X"}
}
,
{
"node": "d",
"type": "line-start",
"ref": "Q000020.71",
"n": "71",
"label": "71"}
,
{
"node": "l",
"id": "Q000020.l08486",
"ref": "Q000020.71.1",
"inst": "šum[garlic]",
"sig": "@dcclt%sux:šum₂=šum[garlic//garlic]N'N$šum/šum₂#~",
"f": {"lang": "sux",
"form": "šum₂",
"cf": "šum",
"gw": "garlic",
"sense": "garlic",
"norm0": "šum",
"pos": "N",
"epos": "N",
"base": "šum₂",
"morph": "~"}
}
,
{
"node": "l",
"id": "Q000020.l08487",
"ref": "Q000020.71.2",
"inst": "gidua[fence]",
"sig": "@dcclt%sux:gi-du₃=gidua[fence//reed fence]N'N$gidua/gi-du₃#~",
"f": {"lang": "sux",
"form": "gi-du₃",
"cf": "gidua",
"gw": "fence",
"sense": "reed fence",
"norm0": "gidua",
"pos": "N",
"epos": "N",
"base": "gi-du₃",
"morph": "~"}
}
,
{
"node": "d",
"type": "line-start",
"ref": "Q000020.72",
"n": "72",
"label": "72"}
,
{
"node": "l",
"id": "Q000020.l08488",
"ref": "Q000020.72.1",
"inst": "šum[garlic]",
"sig": "@dcclt%sux:šum₂=šum[garlic//garlic]N'N$šum/šum₂#~",
"f": {"lang": "sux",
"form": "šum₂",
"cf": "šum",
"gw": "garlic",
"sense": "garlic",
"norm0": "šum",
"pos": "N",
"epos": "N",
"base": "šum₂",
"morph": "~"}
}
,
{
"node": "l",
"id": "Q000020.l08489",
"ref": "Q000020.72.2",
"inst": "sikil[pure]",
"sig": "@dcclt%sux:sikil=sikil[pure//pure]V/i'V/i$sikil/sikil#~",
"f": {"lang": "sux",
"form": "sikil",
"cf": "sikil",
"gw": "pure",
"sense": "pure",
"norm0": "sikil",
"pos": "V/i",
"epos": "V/i",
"base": "sikil",
"morph": "~"}
}
,
{
"node": "l",
"id": "Q000020.l0848a",
"ref": "Q000020.72.3",
"inst": "šu[hand]",
"sig": "@dcclt%sux:šu=šu[hand//hand]N'N$šu/šu#~",
"f": {"lang": "sux",
"form": "šu",
"cf": "šu",
"gw": "hand",
"sense": "hand",
"norm0": "šu",
"pos": "N",
"epos": "N",
"base": "šu",
"morph": "~"}
}
,
{
"node": "l",
"id": "Q000020.l0848b",
"ref": "Q000020.72.4",
"inst": "min[two]",
"sig": "@dcclt%sux:2(diš@t)=min[two//two]NU'NU$min/2(diš@t)#~",
"f": {"lang": "sux",
"form": "2(diš@t)",
"cf": "min",
"gw": "two",
"sense": "two",
"norm0": "min",
"pos": "NU",
"epos": "NU",
"base": "2(diš@t)",
"morph": "~"}
}
,
{
"node": "l",
"id": "Q000020.l0848c",
"ref": "Q000020.72.5",
"inst": "gidua[fence]",
"sig": "@dcclt%sux:gi-du₃-ur₂=gidua[fence//reed fence]N'N$gidua,ra/gi-du₃#~,ra",
"f": {"lang": "sux",
"form": "gi-du₃-ur₂",
"cf": "gidua",
"gw": "fence",
"sense": "reed fence",
"norm0": "gidua,ra",
"pos": "N",
"epos": "N",
"base": "gi-du₃",
"morph": "~,ra"}
}
,
{
"node": "d",
"type": "line-start",
"ref": "Q000020.73",
"n": "72a",
"label": "72a"}
,
{
"node": "l",
"id": "Q000020.l0848d",
"ref": "Q000020.73.1",
"inst": "šum[garlic]",
"sig": "@dcclt%sux:šum₂=šum[garlic//garlic]N'N$šum/šum₂#~",
"f": {"lang": "sux",
"form": "šum₂",
"cf": "šum",
"gw": "garlic",
"sense": "garlic",
"norm0": "šum",
"pos": "N",
"epos": "N",
"base": "šum₂",
"morph": "~"}
}
,
{
"node": "l",
"id": "Q000020.l0848e",
"ref": "Q000020.73.2",
"inst": "gidua[fence]",
"sig": "@dcclt%sux:gi-du₃=gidua[fence//reed fence]N'N$gidua/gi-du₃#~",
"f": {"lang": "sux",
"form": "gi-du₃",
"cf": "gidua",
"gw": "fence",
"sense": "reed fence",
"norm0": "gidua",
"pos": "N",
"epos": "N",
"base": "gi-du₃",
"morph": "~"}
}
,
{
"node": "d",
"type": "line-start",
"ref": "Q000020.74",
"n": "73",
"label": "73"}
,
{
"node": "l",
"id": "Q000020.l0848f",
"ref": "Q000020.74.1",
"inst": "šum[garlic]",
"sig": "@dcclt%sux:šum₂=šum[garlic//garlic]N'N$šum/šum₂#~",
"f": {"lang": "sux",
"form": "šum₂",
"cf": "šum",
"gw": "garlic",
"sense": "garlic",
"norm0": "šum",
"pos": "N",
"epos": "N",
"base": "šum₂",
"morph": "~"}
}
,
{
"node": "l",
"id": "Q000020.l08490",
"ref": "Q000020.74.2",
"inst": "kakkala[~plant]",
"sig": "@dcclt%sux:kakkala(KU₇)=kakkala[~plant//a designation of plants]N'N$kakkala/kakkala(KU₇)#~",
"f": {"lang": "sux",
"form": "kakkala(KU₇)",
"cf": "kakkala",
"gw": "~plant",
"sense": "a designation of plants",
"norm0": "kakkala",
"pos": "N",
"epos": "N",
"base": "kakkala(KU₇)",
"morph": "~"}
}
,
{
"node": "d",
"type": "line-start",
"ref": "Q000020.75",
"n": "74",
"label": "74"}
,
{
"node": "l",
"id": "Q000020.l08491",
"ref": "Q000020.75.1",
"inst": "šum[garlic]",
"sig": "@dcclt%sux:šum₂=šum[garlic//garlic]N'N$šum/šum₂#~",
"f": {"lang": "sux",
"form": "šum₂",
"cf": "šum",
"gw": "garlic",
"sense": "garlic",
"norm0": "šum",
"pos": "N",
"epos": "N",
"base": "šum₂",
"morph": "~"}
}
,
{
"node": "l",
"id": "Q000020.l08492",
"ref": "Q000020.75.2",
"inst": "X",
"f": {"lang": "sux",
"form": "EŠ₂",
"pos": "X"}
}
,
{
"node": "l",
"id": "Q000020.l08493",
"ref": "Q000020.75.3",
"inst": "kakkala[~plant]",
"sig": "@dcclt%sux:kakkala(KU₇)=kakkala[~plant//a designation of plants]N'N$kakkala/kakkala(KU₇)#~",
"f": {"lang": "sux",
"form": "kakkala(KU₇)",
"cf": "kakkala",
"gw": "~plant",
"sense": "a designation of plants",
"norm0": "kakkala",
"pos": "N",
"epos": "N",
"base": "kakkala(KU₇)",
"morph": "~"}
}
,
{
"node": "d",
"type": "line-start",
"ref": "Q000020.76",
"n": "75",
"label": "75"}
,
{
"node": "l",
"id": "Q000020.l08494",
"ref": "Q000020.76.1",
"inst": "šum[garlic]",
"sig": "@dcclt%sux:šum₂=šum[garlic//garlic]N'N$šum/šum₂#~",
"f": {"lang": "sux",
"form": "šum₂",
"cf": "šum",
"gw": "garlic",
"sense": "garlic",
"norm0": "šum",
"pos": "N",
"epos": "N",
"base": "šum₂",
"morph": "~"}
}
,
{
"node": "l",
"id": "Q000020.l08495",
"ref": "Q000020.76.2",
"inst": "kakkala[~plant]",
"sig": "@dcclt%sux:kakkala(KU₇)=kakkala[~plant//a designation of plants]N'N$kakkala/kakkala(KU₇)#~",
"f": {"lang": "sux",
"form": "kakkala(KU₇)",
"cf": "kakkala",
"gw": "~plant",
"sense": "a designation of plants",
"norm0": "kakkala",
"pos": "N",
"epos": "N",
"base": "kakkala(KU₇)",
"morph": "~"}
}
,
{
"node": "l",
"id": "Q000020.l08496",
"ref": "Q000020.76.3",
"inst": "+Zubi[]WN/zubi(LAK459)#~",
"sig": "@dcclt%sux:zubi(LAK459)=Zubi[1//1]WN'WN$Zubi/zubi(LAK459)#~",
"f": {"lang": "sux",
"form": "zubi(LAK459)",
"cf": "Zubi",
"gw": "1",
"sense": "1",
"norm0": "Zubi",
"pos": "WN",
"epos": "WN",
"base": "zubi(LAK459)",
"morph": "~"}
}
,
{
"node": "d",
"type": "line-start",
"ref": "Q000020.77",
"n": "76",
"label": "76"}
,
{
"node": "l",
"id": "Q000020.l08497",
"ref": "Q000020.77.1",
"inst": "šum[garlic]",
"sig": "@dcclt%sux:šum₂=šum[garlic//garlic]N'N$šum/šum₂#~",
"f": {"lang": "sux",
"form": "šum₂",
"cf": "šum",
"gw": "garlic",
"sense": "garlic",
"norm0": "šum",
"pos": "N",
"epos": "N",
"base": "šum₂",
"morph": "~"}
}
,
{
"node": "l",
"id": "Q000020.l08498",
"ref": "Q000020.77.2",
"inst": "tukul[weapon]",
"sig": "@dcclt%sux:tukul=tukul[weapon//weapon]N'N$tukul/tukul#~",
"f": {"lang": "sux",
"form": "tukul",
"cf": "tukul",
"gw": "weapon",
"sense": "weapon",
"norm0": "tukul",
"pos": "N",
"epos": "N",
"base": "tukul",
"morph": "~"}
}
,
{
"node": "l",
"id": "Q000020.l08499",
"ref": "Q000020.77.3",
"inst": "mes[hero]",
"sig": "@dcclt%sux:mes=mes[hero//hero]N'N$mes/mes#~",
"f": {"lang": "sux",
"form": "mes",
"cf": "mes",
"gw": "hero",
"sense": "hero",
"norm0": "mes",
"pos": "N",
"epos": "N",
"base": "mes",
"morph": "~"}
}
,
{
"node": "d",
"type": "line-start",
"ref": "Q000020.78",
"n": "77",
"label": "77"}
,
{
"node": "l",
"id": "Q000020.l0849a",
"ref": "Q000020.78.1",
"inst": "gu[neck]",
"sig": "@dcclt%sux:gu₂=gu[neck//neck]N'N$gu/gu₂#~",
"f": {"lang": "sux",
"form": "gu₂",
"cf": "gu",
"gw": "neck",
"sense": "neck",
"norm0": "gu",
"pos": "N",
"epos": "N",
"base": "gu₂",
"morph": "~"}
}
,
{
"node": "c",
"type": "phrase",
"tag": "phr",
"id": "Q000020.U4",
"ref": "Q000020.ls00000",
"cdl": [
{
"node": "l",
"id": "Q000020.l0849b",
"ref": "Q000020.78.2",
"inst": "ki[ground]",
"sig": "@dcclt%sux:ki-še₃=ki[place//ground, earth, land]N'N$ki,eše/ki#~,eše",
"f": {"lang": "sux",
"form": "ki-še₃",
"cf": "ki",
"gw": "place",
"sense": "ground, earth, land",
"norm0": "ki,eše",
"pos": "N",
"epos": "N",
"base": "ki",
"morph": "~,eše"}
}
,
{
"node": "d",
"type": "line-start",
"ref": "Q000020.79",
"n": "78",
"label": "78"}
,
{
"node": "l",
"id": "Q000020.l0849c",
"ref": "Q000020.79.1",
"inst": "la[hang]",
"sig": "@dcclt%sux:an-la₂=la[hang//hang]V/t'V/t$V.n:la/la₂#V.n:~",
"f": {"lang": "sux",
"form": "an-la₂",
"cf": "la",
"gw": "hang",
"sense": "hang",
"norm0": "V.n:la",
"pos": "V/t",
"epos": "V/t",
"base": "la₂",
"morph": "V.n:~"}
}
]}
,
{
"node": "d",
"type": "line-start",
"ref": "Q000020.80",
"n": "79",
"label": "79"}
,
{
"node": "l",
"id": "Q000020.l0849d",
"ref": "Q000020.80.1",
"inst": "šum[garlic]",
"sig": "@dcclt%sux:šum₂=šum[garlic//garlic]N'N$šum/šum₂#~",
"f": {"lang": "sux",
"form": "šum₂",
"cf": "šum",
"gw": "garlic",
"sense": "garlic",
"norm0": "šum",
"pos": "N",
"epos": "N",
"base": "šum₂",
"morph": "~"}
}
,
{
"node": "l",
"id": "Q000020.l0849e",
"ref": "Q000020.80.2",
"inst": "la[hang]",
"sig": "@dcclt%sux:la₂=la[hang//hang]V/t'V/t$la/la₂#~",
"f": {"lang": "sux",
"form": "la₂",
"cf": "la",
"gw": "hang",
"sense": "hang",
"norm0": "la",
"pos": "V/t",
"epos": "V/t",
"base": "la₂",
"morph": "~"}
}
,
{
"node": "d",
"type": "line-start",
"ref": "Q000020.81",
"n": "80",
"label": "80"}
,
{
"node": "l",
"id": "Q000020.l0849f",
"ref": "Q000020.81.1",
"inst": "kinkin[miller]",
"sig": "@dcclt%sux:kinkin=kinkin[miller//miller]N'N$kinkin/kinkin#~",
"f": {"lang": "sux",
"form": "kinkin",
"cf": "kinkin",
"gw": "miller",
"sense": "miller",
"norm0": "kinkin",
"pos": "N",
"epos": "N",
"base": "kinkin",
"morph": "~"}
}
,
{
"node": "l",
"id": "Q000020.l084a0",
"ref": "Q000020.81.2",
"inst": "enun[room]",
"sig": "@dcclt%sux:e₂-nun=enun[room//innermost room]N'N$enun/e₂-nun#~",
"f": {"lang": "sux",
"form": "e₂-nun",
"cf": "enun",
"gw": "room",
"sense": "innermost room",
"norm0": "enun",
"pos": "N",
"epos": "N",
"base": "e₂-nun",
"morph": "~"}
}
,
{
"node": "d",
"type": "line-start",
"ref": "Q000020.82",
"n": "81",
"label": "81"}
,
{
"node": "l",
"id": "Q000020.l084a1",
"ref": "Q000020.82.1",
"inst": "dim[post]",
"sig": "@dcclt%sux:dim=dim[post//post]N'N$dim/dim#~",
"f": {"lang": "sux",
"form": "dim",
"cf": "dim",
"gw": "post",
"sense": "post",
"norm0": "dim",
"pos": "N",
"epos": "N",
"base": "dim",
"morph": "~"}
}
,
{
"node": "l",
"id": "Q000020.l084a2",
"ref": "Q000020.82.2",
"inst": "e[house]",
"sig": "@dcclt%sux:e₂=e[house//house]N'N$e/e₂#~",
"f": {"lang": "sux",
"form": "e₂",
"cf": "e",
"gw": "house",
"sense": "house",
"norm0": "e",
"pos": "N",
"epos": "N",
"base": "e₂",
"morph": "~"}
}
,
{
"node": "l",
"id": "Q000020.l084a3",
"ref": "Q000020.82.3",
"inst": "X",
"f": {"lang": "sux",
"form": "|URU×IGI|",
"pos": "X"}
}
,
{
"node": "d",
"type": "line-start",
"ref": "Q000020.83",
"n": "82",
"label": "82"}
,
{
"node": "l",
"id": "Q000020.l084a4",
"ref": "Q000020.83.1",
"inst": "šum[garlic]",
"sig": "@dcclt%sux:šum₂=šum[garlic//garlic]N'N$šum/šum₂#~",
"f": {"lang": "sux",
"form": "šum₂",
"cf": "šum",
"gw": "garlic",
"sense": "garlic",
"norm0": "šum",
"pos": "N",
"epos": "N",
"base": "šum₂",
"morph": "~"}
}
,
{
"node": "l",
"id": "Q000020.l084a5",
"ref": "Q000020.83.2",
"inst": "ŋešnimbar[palm]",
"sig": "@dcclt%sux:ŋešnimbar=ŋešnimbar[palm//date palm]N'N$ŋešnimbar/ŋešnimbar#~",
"f": {"lang": "sux",
"form": "ŋešnimbar",
"cf": "ŋešnimbar",
"gw": "palm",
"sense": "date palm",
"norm0": "ŋešnimbar",
"pos": "N",
"epos": "N",
"base": "ŋešnimbar",
"morph": "~"}
}
,
{
"node": "d",
"type": "line-start",
"ref": "Q000020.84",
"n": "83",
"label": "83"}
,
{
"node": "l",
"id": "Q000020.l084a6",
"ref": "Q000020.84.1",
"inst": "e[house]",
"sig": "@dcclt%sux:e₂=e[house//house]N'N$e/e₂#~",
"f": {"lang": "sux",
"form": "e₂",
"cf": "e",
"gw": "house",
"sense": "house",
"norm0": "e",
"pos": "N",
"epos": "N",
"base": "e₂",
"morph": "~"}
}
,
{
"node": "l",
"id": "Q000020.l084a7",
"ref": "Q000020.84.2",
"inst": "zid[right]",
"sig": "@dcclt%sux:zid=zid[right//right]V/i'V/i$zid/zid#~",
"f": {"lang": "sux",
"form": "zid",
"cf": "zid",
"gw": "right",
"sense": "right",
"norm0": "zid",
"pos": "V/i",
"epos": "V/i",
"base": "zid",
"morph": "~"}
}
,
{
"node": "d",
"type": "line-start",
"ref": "Q000020.85",
"n": "84",
"label": "84"}
,
{
"node": "l",
"id": "Q000020.l084a8",
"ref": "Q000020.85.1",
"inst": "sumur[roof]",
"sig": "@dcclt%sux:sumur=sumur[roof//roof]N'N$sumur/sumur#~",
"f": {"lang": "sux",
"form": "sumur",
"cf": "sumur",
"gw": "roof",
"sense": "roof",
"norm0": "sumur",
"pos": "N",
"epos": "N",
"base": "sumur",
"morph": "~"}
}
,
{
"node": "l",
"id": "Q000020.l084a9",
"ref": "Q000020.85.2",
"inst": "la[hang]",
"sig": "@dcclt%sux:an-la₂=la[hang//hang]V/t'V/t$V.n:la/la₂#V.n:~",
"f": {"lang": "sux",
"form": "an-la₂",
"cf": "la",
"gw": "hang",
"sense": "hang",
"norm0": "V.n:la",
"pos": "V/t",
"epos": "V/t",
"base": "la₂",
"morph": "V.n:~"}
}
,
{
"node": "d",
"type": "line-start",
"ref": "Q000020.86",
"n": "85",
"label": "85"}
,
{
"node": "l",
"id": "Q000020.l084aa",
"ref": "Q000020.86.1",
"inst": "šum[garlic]",
"sig": "@dcclt%sux:šum₂=šum[garlic//garlic]N'N$šum/šum₂#~",
"f": {"lang": "sux",
"form": "šum₂",
"cf": "šum",
"gw": "garlic",
"sense": "garlic",
"norm0": "šum",
"pos": "N",
"epos": "N",
"base": "šum₂",
"morph": "~"}
}
,
{
"node": "l",
"id": "Q000020.l084ab",
"ref": "Q000020.86.2",
"inst": "širdili[~garlic]",
"sig": "@dcclt%sux:šir-dili=širdili[~garlic//a qualifier of garlic]N'N$širdili/šir-dili#~",
"f": {"lang": "sux",
"form": "šir-dili",
"cf": "širdili",
"gw": "~garlic",
"sense": "a qualifier of garlic",
"norm0": "širdili",
"pos": "N",
"epos": "N",
"base": "šir-dili",
"morph": "~"}
}
,
{
"node": "d",
"type": "line-start",
"ref": "Q000020.87",
"n": "86",
"label": "86"}
,
{
"node": "l",
"id": "Q000020.l084ac",
"ref": "Q000020.87.1",
"inst": "mušen[bird]",
"sig": "@dcclt%sux:mušen=mušen[bird//bird]N'N$mušen/mušen#~",
"f": {"lang": "sux",
"form": "mušen",
"cf": "mušen",
"gw": "bird",
"sense": "bird",
"norm0": "mušen",
"pos": "N",
"epos": "N",
"base": "mušen",
"morph": "~"}
}
,
{
"node": "l",
"id": "Q000020.l084ad",
"ref": "Q000020.87.2",
"inst": "an[sky]",
"sig": "@dcclt%sux:an=an[sky//sky, heaven]N'N$an/an#~",
"f": {"lang": "sux",
"form": "an",
"cf": "an",
"gw": "sky",
"sense": "sky, heaven",
"norm0": "an",
"pos": "N",
"epos": "N",
"base": "an",
"morph": "~"}
}
,
{
"node": "l",
"id": "Q000020.l084ae",
"ref": "Q000020.87.3",
"inst": "šub[fall]",
"sig": "@dcclt%sux:mu-šub=šub[fall//fall]V/t'V/t$mu:šub/šub#mu:~",
"f": {"lang": "sux",
"form": "mu-šub",
"cf": "šub",
"gw": "fall",
"sense": "fall",
"norm0": "mu:šub",
"pos": "V/t",
"epos": "V/t",
"base": "šub",
"morph": "mu:~"}
}
,
{
"node": "d",
"type": "line-start",
"ref": "Q000020.88",
"n": "87",
"label": "87"}
,
{
"node": "l",
"id": "Q000020.l084af",
"ref": "Q000020.88.1",
"inst": "šum[garlic]",
"sig": "@dcclt%sux:šum₂=šum[garlic//garlic]N'N$šum/šum₂#~",
"f": {"lang": "sux",
"form": "šum₂",
"cf": "šum",
"gw": "garlic",
"sense": "garlic",
"norm0": "šum",
"pos": "N",
"epos": "N",
"base": "šum₂",
"morph": "~"}
}
,
{
"node": "l",
"id": "Q000020.l084b0",
"ref": "Q000020.88.2",
"inst": "Dilmun[]GN",
"sig": "@dcclt%sux:dilmun=Dilmun[1//1]GN'GN$Dilmun/dilmun#~",
"f": {"lang": "sux",
"form": "dilmun",
"cf": "Dilmun",
"gw": "1",
"sense": "1",
"norm0": "Dilmun",
"pos": "GN",
"epos": "GN",
"base": "dilmun",
"morph": "~"}
}
,
{
"node": "d",
"type": "line-start",
"ref": "Q000020.89",
"n": "88",
"label": "88"}
,
{
"node": "l",
"id": "Q000020.l084b1",
"ref": "Q000020.89.1",
"inst": "eme[tongue]",
"sig": "@dcclt%sux:eme=eme[tongue//tongue]N'N$eme/eme#~",
"f": {"lang": "sux",
"form": "eme",
"cf": "eme",
"gw": "tongue",
"sense": "tongue",
"norm0": "eme",
"pos": "N",
"epos": "N",
"base": "eme",
"morph": "~"}
}
,
{
"node": "l",
"id": "Q000020.l084b2",
"ref": "Q000020.89.2",
"inst": "ur[root]",
"sig": "@dcclt%sux:ur₂=ur[root//root]N'N$ur/ur₂#~",
"f": {"lang": "sux",
"form": "ur₂",
"cf": "ur",
"gw": "root",
"sense": "root",
"norm0": "ur",
"pos": "N",
"epos": "N",
"base": "ur₂",
"morph": "~"}
}
,
{
"node": "d",
"type": "line-start",
"ref": "Q000020.90",
"n": "89",
"label": "89"}
,
{
"node": "l",
"id": "Q000020.l084b3",
"ref": "Q000020.90.1",
"inst": "su[flesh]",
"sig": "@dcclt%sux:su=su[flesh//flesh]N'N$su/su#~",
"f": {"lang": "sux",
"form": "su",
"cf": "su",
"gw": "flesh",
"sense": "flesh",
"norm0": "su",
"pos": "N",
"epos": "N",
"base": "su",
"morph": "~"}
}
,
{
"node": "l",
"id": "Q000020.l084b4",
"ref": "Q000020.90.2",
"inst": "gunu[speckled]",
"sig": "@dcclt%sux:an-gun₃=gunu[speckled//(to be) speckled, multicolored]V/i'V/i$V.n:gunu/gun₃#V.n:~",
"f": {"lang": "sux",
"form": "an-gun₃",
"cf": "gunu",
"gw": "speckled",
"sense": "(to be) speckled, multicolored",
"norm0": "V.n:gunu",
"pos": "V/i",
"epos": "V/i",
"base": "gun₃",
"morph": "V.n:~"}
}
,
{
"node": "d",
"type": "line-start",
"ref": "Q000020.91",
"n": "90",
"label": "90"}
,
{
"node": "l",
"id": "Q000020.l084b5",
"ref": "Q000020.91.1",
"inst": "lub[turnip]",
"sig": "@dcclt%sux:lu{sar}=lub[turnip//turnip]N'N$lub/lu{sar}#~",
"f": {"lang": "sux",
"form": "lu{sar}",
"cf": "lub",
"gw": "turnip",
"sense": "turnip",
"norm0": "lub",
"pos": "N",
"epos": "N",
"base": "lu{sar}",
"morph": "~"}
}
,
{
"node": "d",
"type": "line-start",
"ref": "Q000020.92",
"n": "91",
"label": "91"}
,
{
"node": "l",
"id": "Q000020.l084b6",
"ref": "Q000020.92.1",
"inst": "aga[tiara]",
"sig": "@dcclt%sux:aga₃=aga[tiara//tiara, crown]N'N$aga/aga₃#~",
"f": {"lang": "sux",
"form": "aga₃",
"cf": "aga",
"gw": "tiara",
"sense": "tiara, crown",
"norm0": "aga",
"pos": "N",
"epos": "N",
"base": "aga₃",
"morph": "~"}
}
,
{
"node": "l",
"id": "Q000020.l084b7",
"ref": "Q000020.92.2",
"inst": "kud[cut]",
"sig": "@dcclt%sux:kud=kud[cut//cut]V/t'V/t$kud/kud#~",
"f": {"lang": "sux",
"form": "kud",
"cf": "kud",
"gw": "cut",
"sense": "cut",
"norm0": "kud",
"pos": "V/t",
"epos": "V/t",
"base": "kud",
"morph": "~"}
}
,
{
"node": "d",
"type": "line-start",
"ref": "Q000020.93",
"n": "92",
"label": "92"}
,
{
"node": "l",
"id": "Q000020.l084b8",
"ref": "Q000020.93.1",
"inst": "liligi[plant]",
"sig": "@dcclt%sux:{u₂}li-gu₂{sar}=liligi[plant//a cucumber-like plant]N'N$liligi/{u₂}li-gu₂{sar}#~",
"f": {"lang": "sux",
"form": "{u₂}li-gu₂{sar}",
"cf": "liligi",
"gw": "plant",
"sense": "a cucumber-like plant",
"norm0": "liligi",
"pos": "N",
"epos": "N",
"base": "{u₂}li-gu₂{sar}",
"morph": "~"}
}
,
{
"node": "d",
"type": "line-start",
"ref": "Q000020.94",
"n": "93",
"label": "93"}
,
{
"node": "l",
"id": "Q000020.l084b9",
"ref": "Q000020.94.1",
"inst": "sar[garden]",
"sig": "@dcclt%sux:sar=sar[garden//garden]N'N$sar/sar#~",
"f": {"lang": "sux",
"form": "sar",
"cf": "sar",
"gw": "garden",
"sense": "garden",
"norm0": "sar",
"pos": "N",
"epos": "N",
"base": "sar",
"morph": "~"}
}
,
{
"node": "c",
"type": "phrase",
"tag": "phr",
"id": "Q000020.U5",
"ref": "Q000020.ls00001",
"cdl": [
{
"node": "l",
"id": "Q000020.l084ba",
"ref": "Q000020.94.2",
"inst": "šu[hand]",
"sig": "@dcclt%sux:šu-še₃=šu[hand//hand]N'N$šu,eše/šu#~,eše",
"f": {"lang": "sux",
"form": "šu-še₃",
"cf": "šu",
"gw": "hand",
"sense": "hand",
"norm0": "šu,eše",
"pos": "N",
"epos": "N",
"base": "šu",
"morph": "~,eše"}
}
,
{
"node": "l",
"id": "Q000020.l084bb",
"ref": "Q000020.94.3",
"inst": "la[hang]",
"sig": "@dcclt%sux:la₂=la[hang//hang]V/t'V/t$la/la₂#~",
"f": {"lang": "sux",
"form": "la₂",
"cf": "la",
"gw": "hang",
"sense": "hang",
"norm0": "la",
"pos": "V/t",
"epos": "V/t",
"base": "la₂",
"morph": "~"}
}
]}
,
{
"node": "d",
"type": "line-start",
"ref": "Q000020.95",
"n": "94",
"label": "94"}
,
{
"node": "l",
"id": "Q000020.l084bc",
"ref": "Q000020.95.1",
"inst": "nagar[plant]",
"sig": "@dcclt%sux:nagar{sar}=nagar[plant//a plant]N'N$nagar/nagar{sar}#~",
"f": {"lang": "sux",
"form": "nagar{sar}",
"cf": "nagar",
"gw": "plant",
"sense": "a plant",
"norm0": "nagar",
"pos": "N",
"epos": "N",
"base": "nagar{sar}",
"morph": "~"}
}
,
{
"node": "d",
"type": "line-start",
"ref": "Q000020.96",
"n": "95",
"label": "95"}
,
{
"node": "l",
"id": "Q000020.l084bd",
"ref": "Q000020.96.1",
"inst": "inana[plant]",
"sig": "@dcclt%sux:{d}inana{sar}=inana[plant//a plant]N'N$inana/{d}inana{sar}#~",
"f": {"lang": "sux",
"form": "{d}inana{sar}",
"cf": "inana",
"gw": "plant",
"sense": "a plant",
"norm0": "inana",
"pos": "N",
"epos": "N",
"base": "{d}inana{sar}",
"morph": "~"}
}
,
{
"node": "d",
"type": "line-start",
"ref": "Q000020.97",
"n": "96",
"label": "96"}
,
{
"node": "l",
"id": "Q000020.l084be",
"ref": "Q000020.97.1",
"inst": "ŋešla[battle]",
"sig": "@dcclt%sux:ŋeš-la₂=ŋešla[battle//battle]N'N$ŋešla/ŋeš-la₂#~",
"f": {"lang": "sux",
"form": "ŋeš-la₂",
"cf": "ŋešla",
"gw": "battle",
"sense": "battle",
"norm0": "ŋešla",
"pos": "N",
"epos": "N",
"base": "ŋeš-la₂",
"morph": "~"}
}
,
{
"node": "l",
"id": "Q000020.l084bf",
"ref": "Q000020.97.2",
"inst": "X",
"f": {"lang": "sux",
"form": "DU",
"pos": "X"}
}
,
{
"node": "d",
"type": "line-start",
"ref": "Q000020.98",
"n": "97",
"label": "97"}
,
{
"node": "l",
"id": "Q000020.l084c0",
"ref": "Q000020.98.1",
"inst": "X",
"f": {"lang": "sux",
"form": "|ZU&ZU|{sar}",
"pos": "X"}
}
,
{
"node": "d",
"type": "line-start",
"ref": "Q000020.99",
"n": "98",
"label": "98"}
,
{
"node": "l",
"id": "Q000020.l084c1",
"ref": "Q000020.99.1",
"inst": "sumundar[beetroot]N",
"sig": "@dcclt%sux:|ŠE+SAR.ZU&ZU|{sar}=sumundar[beetroot//beetroot]N'N$sumundar/|ŠE+SAR.ZU&ZU|{sar}#~",
"f": {"lang": "sux",
"form": "|ŠE+SAR.ZU&ZU|{sar}",
"cf": "sumundar",
"gw": "beetroot",
"sense": "beetroot",
"norm0": "sumundar",
"pos": "N",
"epos": "N",
"base": "|ŠE+SAR.ZU&ZU|{sar}",
"morph": "~"}
}
,
{
"node": "d",
"type": "nonw",
"ref": ""}
,
{
"node": "d",
"type": "line-start",
"ref": "Q000020.100",
"n": "99",
"label": "99"}
,
{
"node": "l",
"id": "Q000020.l084c2",
"ref": "Q000020.100.1",
"inst": "ingi[plant]",
"sig": "@dcclt%sux:in-gi₄{sar}=ingi[plant//a plant]N'N$ingi/in-gi₄{sar}#~",
"f": {"lang": "sux",
"form": "in-gi₄{sar}",
"cf": "ingi",
"gw": "plant",
"sense": "a plant",
"norm0": "ingi",
"pos": "N",
"epos": "N",
"base": "in-gi₄{sar}",
"morph": "~"}
}
,
{
"node": "d",
"type": "line-start",
"ref": "Q000020.101",
"n": "100",
"label": "100"}
,
{
"node": "l",
"id": "Q000020.l084c3",
"ref": "Q000020.101.1",
"inst": "ingi[plant]",
"sig": "@dcclt%sux:in-gi₄=ingi[plant//a plant]N'N$ingi/in-gi₄#~",
"f": {"lang": "sux",
"form": "in-gi₄",
"cf": "ingi",
"gw": "plant",
"sense": "a plant",
"norm0": "ingi",
"pos": "N",
"epos": "N",
"base": "in-gi₄",
"morph": "~"}
}
,
{
"node": "l",
"id": "Q000020.l084c4",
"ref": "Q000020.101.2",
"inst": "WN",
"f": {"lang": "sux",
"form": "zubi(LAK459){sar}",
"pos": "WN"}
}
,
{
"node": "d",
"type": "line-start",
"ref": "Q000020.102",
"n": "101",
"label": "101"}
,
{
"node": "l",
"id": "Q000020.l084c5",
"ref": "Q000020.102.1",
"inst": "šum[garlic]",
"sig": "@dcclt%sux:šum₂=šum[garlic//garlic]N'N$šum/šum₂#~",
"f": {"lang": "sux",
"form": "šum₂",
"cf": "šum",
"gw": "garlic",
"sense": "garlic",
"norm0": "šum",
"pos": "N",
"epos": "N",
"base": "šum₂",
"morph": "~"}
}
,
{
"node": "l",
"id": "Q000020.l084c6",
"ref": "Q000020.102.2",
"inst": "saŋ[head]",
"sig": "@dcclt%sux:saŋ=saŋ[head//head]N'N$saŋ/saŋ#~",
"f": {"lang": "sux",
"form": "saŋ",
"cf": "saŋ",
"gw": "head",
"sense": "head",
"norm0": "saŋ",
"pos": "N",
"epos": "N",
"base": "saŋ",
"morph": "~"}
}
,
{
"node": "d",
"type": "line-start",
"ref": "Q000020.103",
"n": "102",
"label": "102"}
,
{
"node": "l",
"id": "Q000020.l084c7",
"ref": "Q000020.103.1",
"inst": "šum[garlic]",
"sig": "@dcclt%sux:šum₂=šum[garlic//garlic]N'N$šum/šum₂#~",
"f": {"lang": "sux",
"form": "šum₂",
"cf": "šum",
"gw": "garlic",
"sense": "garlic",
"norm0": "šum",
"pos": "N",
"epos": "N",
"base": "šum₂",
"morph": "~"}
}
,
{
"node": "l",
"id": "Q000020.l084c8",
"ref": "Q000020.103.2",
"inst": "gaz[grind]",
"sig": "@dcclt%sux:gaz₂=gaz[kill//to grind, grate]V/t'V/t$gaz/gaz₂#~",
"f": {"lang": "sux",
"form": "gaz₂",
"cf": "gaz",
"gw": "kill",
"sense": "to grind, grate",
"norm0": "gaz",
"pos": "V/t",
"epos": "V/t",
"base": "gaz₂",
"morph": "~"}
}
,
{
"node": "d",
"type": "line-start",
"ref": "Q000020.104",
"n": "103",
"label": "103"}
,
{
"node": "l",
"id": "Q000020.l084c9",
"ref": "Q000020.104.1",
"inst": "šum[garlic]",
"sig": "@dcclt%sux:šum₂=šum[garlic//garlic]N'N$šum/šum₂#~",
"f": {"lang": "sux",
"form": "šum₂",
"cf": "šum",
"gw": "garlic",
"sense": "garlic",
"norm0": "šum",
"pos": "N",
"epos": "N",
"base": "šum₂",
"morph": "~"}
}
,
{
"node": "l",
"id": "Q000020.l084ca",
"ref": "Q000020.104.2",
"inst": "tulu[slacken]",
"sig": "@dcclt%sux:TU=tulu[slacken//to slacken]V/t'V/t$tulu/TU#~",
"f": {"lang": "sux",
"form": "TU",
"cf": "tulu",
"gw": "slacken",
"sense": "to slacken",
"norm0": "tulu",
"pos": "V/t",
"epos": "V/t",
"base": "TU",
"morph": "~"}
}
,
{
"node": "d",
"type": "nonw",
"ref": ""}
,
{
"node": "d",
"type": "line-start",
"ref": "Q000020.105",
"n": "104",
"label": "104"}
,
{
"node": "l",
"id": "Q000020.l084cb",
"ref": "Q000020.105.1",
"inst": "šum[garlic]",
"sig": "@dcclt%sux:šum₂=šum[garlic//garlic]N'N$šum/šum₂#~",
"f": {"lang": "sux",
"form": "šum₂",
"cf": "šum",
"gw": "garlic",
"sense": "garlic",
"norm0": "šum",
"pos": "N",
"epos": "N",
"base": "šum₂",
"morph": "~"}
}
,
{
"node": "l",
"id": "Q000020.l084cc",
"ref": "Q000020.105.2",
"inst": "kud[sweet]",
"sig": "@dcclt%sux:KU₇=kud[sweet//(to be ) (honey-)sweet]V/i'V/i$kud/ku₇#~",
"f": {"lang": "sux",
"form": "KU₇",
"cf": "kud",
"gw": "sweet",
"sense": "(to be ) (honey-)sweet",
"norm0": "kud",
"pos": "V/i",
"epos": "V/i",
"base": "ku₇",
"morph": "~"}
}
,
{
"node": "d",
"type": "line-start",
"ref": "Q000020.106",
"n": "105",
"label": "105"}
,
{
"node": "l",
"id": "Q000020.l084cd",
"ref": "Q000020.106.1",
"inst": "šum[garlic]",
"sig": "@dcclt%sux:šum₂=šum[garlic//garlic]N'N$šum/šum₂#~",
"f": {"lang": "sux",
"form": "šum₂",
"cf": "šum",
"gw": "garlic",
"sense": "garlic",
"norm0": "šum",
"pos": "N",
"epos": "N",
"base": "šum₂",
"morph": "~"}
}
,
{
"node": "l",
"id": "Q000020.l084ce",
"ref": "Q000020.106.2",
"inst": "sikil[pure]",
"sig": "@dcclt%sux:sikil=sikil[pure//pure]V/i'V/i$sikil/sikil#~",
"f": {"lang": "sux",
"form": "sikil",
"cf": "sikil",
"gw": "pure",
"sense": "pure",
"norm0": "sikil",
"pos": "V/i",
"epos": "V/i",
"base": "sikil",
"morph": "~"}
}
,
{
"node": "l",
"id": "Q000020.l084cf",
"ref": "Q000020.106.3",
"inst": "kud[sweet]",
"sig": "@dcclt%sux:KU₇=kud[sweet//(to be ) (honey-)sweet]V/i'V/i$kud/ku₇#~",
"f": {"lang": "sux",
"form": "KU₇",
"cf": "kud",
"gw": "sweet",
"sense": "(to be ) (honey-)sweet",
"norm0": "kud",
"pos": "V/i",
"epos": "V/i",
"base": "ku₇",
"morph": "~"}
}
,
{
"node": "d",
"type": "line-start",
"ref": "Q000020.107",
"n": "106",
"label": "106"}
,
{
"node": "l",
"id": "Q000020.l084d0",
"ref": "Q000020.107.1",
"inst": "šum[garlic]",
"sig": "@dcclt%sux:šum₂=šum[garlic//garlic]N'N$šum/šum₂#~",
"f": {"lang": "sux",
"form": "šum₂",
"cf": "šum",
"gw": "garlic",
"sense": "garlic",
"norm0": "šum",
"pos": "N",
"epos": "N",
"base": "šum₂",
"morph": "~"}
}
,
{
"node": "l",
"id": "Q000020.l084d1",
"ref": "Q000020.107.2",
"inst": "sikil[pure]",
"sig": "@dcclt%sux:sikil=sikil[pure//pure]V/i'V/i$sikil/sikil#~",
"f": {"lang": "sux",
"form": "sikil",
"cf": "sikil",
"gw": "pure",
"sense": "pure",
"norm0": "sikil",
"pos": "V/i",
"epos": "V/i",
"base": "sikil",
"morph": "~"}
}
,
{
"node": "l",
"id": "Q000020.l084d2",
"ref": "Q000020.107.3",
"inst": "kud[sweet]",
"sig": "@dcclt%sux:KU₇=kud[sweet//(to be ) (honey-)sweet]V/i'V/i$kud/ku₇#~",
"f": {"lang": "sux",
"form": "KU₇",
"cf": "kud",
"gw": "sweet",
"sense": "(to be ) (honey-)sweet",
"norm0": "kud",
"pos": "V/i",
"epos": "V/i",
"base": "ku₇",
"morph": "~"}
}
,
{
"node": "l",
"id": "Q000020.l084d3",
"ref": "Q000020.107.4",
"inst": "ses[bitter]",
"sig": "@dcclt%sux:sis=ses[bitter//(to be) bitter, brackish]V/i'V/i$ses/ses#~",
"f": {"lang": "sux",
"form": "sis",
"cf": "ses",
"gw": "bitter",
"sense": "(to be) bitter, brackish",
"norm0": "ses",
"pos": "V/i",
"epos": "V/i",
"base": "ses",
"morph": "~"}
}
,
{
"node": "d",
"type": "line-start",
"ref": "Q000020.108",
"n": "107",
"label": "107"}
,
{
"node": "l",
"id": "Q000020.l084d4",
"ref": "Q000020.108.1",
"inst": "šum[garlic]",
"sig": "@dcclt%sux:šum₂=šum[garlic//garlic]N'N$šum/šum₂#~",
"f": {"lang": "sux",
"form": "šum₂",
"cf": "šum",
"gw": "garlic",
"sense": "garlic",
"norm0": "šum",
"pos": "N",
"epos": "N",
"base": "šum₂",
"morph": "~"}
}
,
{
"node": "l",
"id": "Q000020.l084d5",
"ref": "Q000020.108.2",
"inst": "X",
"f": {"lang": "sux",
"form": "ti",
"pos": "X"}
}
,
{
"node": "d",
"type": "nonw",
"ref": ""}
,
{
"node": "d",
"type": "line-start",
"ref": "Q000020.109",
"n": "108",
"label": "108"}
,
{
"node": "l",
"id": "Q000020.l084d6",
"ref": "Q000020.109.1",
"inst": "šum[garlic]",
"sig": "@dcclt%sux:šum₂=šum[garlic//garlic]N'N$šum/šum₂#~",
"f": {"lang": "sux",
"form": "šum₂",
"cf": "šum",
"gw": "garlic",
"sense": "garlic",
"norm0": "šum",
"pos": "N",
"epos": "N",
"base": "šum₂",
"morph": "~"}
}
,
{
"node": "l",
"id": "Q000020.l084d7",
"ref": "Q000020.109.2",
"inst": "kur[mountain]",
"sig": "@dcclt%sux:kur=kur[mountain//mountain]N'N$kur/kur#~",
"f": {"lang": "sux",
"form": "kur",
"cf": "kur",
"gw": "mountain",
"sense": "mountain",
"norm0": "kur",
"pos": "N",
"epos": "N",
"base": "kur",
"morph": "~"}
}
,
{
"node": "d",
"type": "line-start",
"ref": "Q000020.110",
"n": "109",
"label": "109"}
,
{
"node": "l",
"id": "Q000020.l084d8",
"ref": "Q000020.110.1",
"inst": "X",
"f": {"lang": "sux",
"form": "|SAG×HA|{sar}",
"pos": "X"}
}
,
{
"node": "d",
"type": "line-start",
"ref": "Q000020.111",
"n": "110",
"label": "110"}
,
{
"node": "l",
"id": "Q000020.l084d9",
"ref": "Q000020.111.1",
"inst": "teme[plant]",
"sig": "@dcclt%sux:teme₂(NAGA@180){sar}=teme[plant//a plant]N'N$teme/teme₂(NAGA@180){sar}#~",
"f": {"lang": "sux",
"form": "teme₂(NAGA@180){sar}",
"cf": "teme",
"gw": "plant",
"sense": "a plant",
"norm0": "teme",
"pos": "N",
"epos": "N",
"base": "teme₂(NAGA@180){sar}",
"morph": "~"}
}
,
{
"node": "d",
"type": "line-start",
"ref": "Q000020.112",
"n": "111",
"label": "111"}
,
{
"node": "l",
"id": "Q000020.l084da",
"ref": "Q000020.112.1",
"inst": "garaš[leek]",
"sig": "@dcclt%sux:ga-raš{sar}=garaš[leek//leek]N'N$garaš/ga-raš{sar}#~",
"f": {"lang": "sux",
"form": "ga-raš{sar}",
"cf": "garaš",
"gw": "leek",
"sense": "leek",
"norm0": "garaš",
"pos": "N",
"epos": "N",
"base": "ga-raš{sar}",
"morph": "~"}
}
,
{
"node": "d",
"type": "line-start",
"ref": "Q000020.113",
"n": "112",
"label": "112"}
,
{
"node": "l",
"id": "Q000020.l084db",
"ref": "Q000020.113.1",
"inst": "abušu[plant]",
"sig": "@dcclt%sux:ama-maš{sar}=abušu[plant//a plant]N'N$abušu/ama-maš{sar}#~",
"f": {"lang": "sux",
"form": "ama-maš{sar}",
"cf": "abušu",
"gw": "plant",
"sense": "a plant",
"norm0": "abušu",
"pos": "N",
"epos": "N",
"base": "ama-maš{sar}",
"morph": "~"}
}
,
{
"node": "d",
"type": "line-start",
"ref": "Q000020.114",
"n": "113",
"label": "113"}
,
{
"node": "l",
"id": "Q000020.l084dc",
"ref": "Q000020.114.1",
"inst": "abušu[plant]",
"sig": "@dcclt%sux:ama-maš=abušu[plant//a plant]N'N$abušu/ama-maš#~",
"f": {"lang": "sux",
"form": "ama-maš",
"cf": "abušu",
"gw": "plant",
"sense": "a plant",
"norm0": "abušu",
"pos": "N",
"epos": "N",
"base": "ama-maš",
"morph": "~"}
}
,
{
"node": "l",
"id": "Q000020.l084dd",
"ref": "Q000020.114.2",
"inst": "tur[small]",
"sig": "@dcclt%sux:TUR{sar}=tur[small//small]V/i'V/i$tur/TUR{sar}#~",
"f": {"lang": "sux",
"form": "TUR{sar}",
"cf": "tur",
"gw": "small",
"sense": "small",
"norm0": "tur",
"pos": "V/i",
"epos": "V/i",
"base": "TUR{sar}",
"morph": "~"}
}
,
{
"node": "d",
"type": "line-start",
"ref": "Q000020.115",
"n": "114",
"label": "114"}
,
{
"node": "l",
"id": "Q000020.l084de",
"ref": "Q000020.115.1",
"inst": "babbarhi[plant]",
"sig": "@dcclt%sux:babbar-hi{sar}=babbarhi[plant//plant]N'N$babbarhi/babbar-hi{sar}#~",
"f": {"lang": "sux",
"form": "babbar-hi{sar}",
"cf": "babbarhi",
"gw": "plant",
"sense": "plant",
"norm0": "babbarhi",
"pos": "N",
"epos": "N",
"base": "babbar-hi{sar}",
"morph": "~"}
}
,
{
"node": "d",
"type": "line-start",
"ref": "Q000020.116",
"n": "115",
"label": "115"}
,
{
"node": "l",
"id": "Q000020.l084df",
"ref": "Q000020.116.1",
"inst": "hiz[vegetable]",
"sig": "@dcclt%sux:hi{sar}=hiz[vegetable//vegetable]N'N$hiz/HI{sar}#~",
"f": {"lang": "sux",
"form": "hi{sar}",
"cf": "hiz",
"gw": "vegetable",
"sense": "vegetable",
"norm0": "hiz",
"pos": "N",
"epos": "N",
"base": "HI{sar}",
"morph": "~"}
}
,
{
"node": "d",
"type": "line-start",
"ref": "Q000020.117",
"n": "116",
"label": "116"}
,
{
"node": "l",
"id": "Q000020.l084e0",
"ref": "Q000020.117.1",
"inst": "abdu[vegetable]",
"sig": "@dcclt%sux:ab-du₈{sar}=abdu[~vegetable//a part of a vegetable]N'N$abdu/ab-du₈{sar}#~",
"f": {"lang": "sux",
"form": "ab-du₈{sar}",
"cf": "abdu",
"gw": "~vegetable",
"sense": "a part of a vegetable",
"norm0": "abdu",
"pos": "N",
"epos": "N",
"base": "ab-du₈{sar}",
"morph": "~"}
}
,
{
"node": "d",
"type": "line-start",
"ref": "Q000020.118",
"n": "117",
"label": "117"}
,
{
"node": "l",
"id": "Q000020.l084e1",
"ref": "Q000020.118.1",
"inst": "numundu[plant]",
"sig": "@dcclt%sux:numun-du₆{sar}=numundu[plant//a plant]N'N$numundu/numun-du₆{sar}#~",
"f": {"lang": "sux",
"form": "numun-du₆{sar}",
"cf": "numundu",
"gw": "plant",
"sense": "a plant",
"norm0": "numundu",
"pos": "N",
"epos": "N",
"base": "numun-du₆{sar}",
"morph": "~"}
}
,
{
"node": "d",
"type": "line-start",
"ref": "Q000020.119",
"n": "118",
"label": "118"}
,
{
"node": "l",
"id": "Q000020.l084e2",
"ref": "Q000020.119.1",
"inst": "šakira[plant]",
"sig": "@dcclt%sux:šakir₃(|LAK648×GA|){sar}=šakira[plant//plant]N'N$šakira/šakir₃(|LAK648×GA|){sar}#~",
"f": {"lang": "sux",
"form": "šakir₃(|LAK648×GA|){sar}",
"cf": "šakira",
"gw": "plant",
"sense": "plant",
"norm0": "šakira",
"pos": "N",
"epos": "N",
"base": "šakir₃(|LAK648×GA|){sar}",
"morph": "~"}
}
,
{
"node": "d",
"type": "line-start",
"ref": "Q000020.120",
"n": "119",
"label": "119"}
,
{
"node": "l",
"id": "Q000020.l084e3",
"ref": "Q000020.120.1",
"inst": "ur₂.NE.NE[plant]",
"sig": "@dcclt%sux:ur₂-NE-NE{sar}=ur₂.NE.NE[plant//a plant]N'N$ur₂.NE.NE/ur₂-NE-NE{sar}#~",
"f": {"lang": "sux",
"form": "ur₂-NE-NE{sar}",
"cf": "ur₂.NE.NE",
"gw": "plant",
"sense": "a plant",
"norm0": "ur₂.NE.NE",
"pos": "N",
"epos": "N",
"base": "ur₂-NE-NE{sar}",
"morph": "~"}
}
,
{
"node": "d",
"type": "line-start",
"ref": "Q000020.121",
"n": "120",
"label": "120"}
,
{
"node": "l",
"id": "Q000020.l084e4",
"ref": "Q000020.121.1",
"inst": "urur[plant]",
"sig": "@dcclt%sux:ur-ur{sar}=urur[plant//a plant]N'N$urur/ur-ur{sar}#~",
"f": {"lang": "sux",
"form": "ur-ur{sar}",
"cf": "urur",
"gw": "plant",
"sense": "a plant",
"norm0": "urur",
"pos": "N",
"epos": "N",
"base": "ur-ur{sar}",
"morph": "~"}
}
,
{
"node": "d",
"type": "line-start",
"ref": "Q000020.122",
"n": "121",
"label": "121"}
,
{
"node": "l",
"id": "Q000020.l084e5",
"ref": "Q000020.122.1",
"inst": "emeʾurgirak[plant]",
"sig": "@dcclt%sux:eme-ur{sar}=emeʾurgirak[plant//plant]N'N$emeʾurgirak/eme-ur{sar}#~",
"f": {"lang": "sux",
"form": "eme-ur{sar}",
"cf": "emeʾurgirak",
"gw": "plant",
"sense": "plant",
"norm0": "emeʾurgirak",
"pos": "N",
"epos": "N",
"base": "eme-ur{sar}",
"morph": "~"}
}
,
{
"node": "d",
"type": "line-start",
"ref": "Q000020.123",
"n": "122",
"label": "122"}
,
{
"node": "l",
"id": "Q000020.l084e6",
"ref": "Q000020.123.1",
"inst": "dimgi[plant]",
"sig": "@dcclt%sux:dim₄-gu₂{sar}=dimgi[plant//a plant]N'N$dimgi/dim₄-gu₂{sar}#~",
"f": {"lang": "sux",
"form": "dim₄-gu₂{sar}",
"cf": "dimgi",
"gw": "plant",
"sense": "a plant",
"norm0": "dimgi",
"pos": "N",
"epos": "N",
"base": "dim₄-gu₂{sar}",
"morph": "~"}
}
,
{
"node": "d",
"type": "line-start",
"ref": "Q000020.124",
"n": "123",
"label": "123"}
,
{
"node": "l",
"id": "Q000020.l084e7",
"ref": "Q000020.124.1",
"inst": "zahili[plant]",
"sig": "@dcclt%sux:ša₃-hi-li{sar}=zahili[plant//plant]N'N$zahili/ša₃-hi-li{sar}#~",
"f": {"lang": "sux",
"form": "ša₃-hi-li{sar}",
"cf": "zahili",
"gw": "plant",
"sense": "plant",
"norm0": "zahili",
"pos": "N",
"epos": "N",
"base": "ša₃-hi-li{sar}",
"morph": "~"}
}
,
{
"node": "d",
"type": "line-start",
"ref": "Q000020.125",
"n": "124",
"label": "124"}
,
{
"node": "l",
"id": "Q000020.l084e8",
"ref": "Q000020.125.1",
"inst": "aštaltal[plant]",
"sig": "@dcclt%sux:{ŋeš}tal₂-tal₂{sar}=aštaltal[plant//plant]N'N$aštaltal/{ŋeš}tal₂-tal₂{sar}#~",
"f": {"lang": "sux",
"form": "{ŋeš}tal₂-tal₂{sar}",
"cf": "aštaltal",
"gw": "plant",
"sense": "plant",
"norm0": "aštaltal",
"pos": "N",
"epos": "N",
"base": "{ŋeš}tal₂-tal₂{sar}",
"morph": "~"}
}
,
{
"node": "d",
"type": "line-start",
"ref": "Q000020.126",
"n": "125",
"label": "125"}
,
{
"node": "l",
"id": "Q000020.l084e9",
"ref": "Q000020.126.1",
"inst": "arina[madder]",
"sig": "@dcclt%sux:a-rin₅(LAK349)-na{sar}=arina[madder//madder]N'N$arina/a-rin₅(LAK349)-na{sar}#~",
"f": {"lang": "sux",
"form": "a-rin₅(LAK349)-na{sar}",
"cf": "arina",
"gw": "madder",
"sense": "madder",
"norm0": "arina",
"pos": "N",
"epos": "N",
"base": "a-rin₅(LAK349)-na{sar}",
"morph": "~"}
}
,
{
"node": "d",
"type": "line-start",
"ref": "Q000020.127",
"n": "126",
"label": "126"}
,
{
"node": "l",
"id": "Q000020.l084ea",
"ref": "Q000020.127.1",
"inst": "hušmesmes[plant]",
"sig": "@dcclt%sux:huš-mes-mes{sar}=hušmesmes[plant//a plant]N'N$hušmesmes/huš-mes-mes{sar}#~",
"f": {"lang": "sux",
"form": "huš-mes-mes{sar}",
"cf": "hušmesmes",
"gw": "plant",
"sense": "a plant",
"norm0": "hušmesmes",
"pos": "N",
"epos": "N",
"base": "huš-mes-mes{sar}",
"morph": "~"}
}
,
{
"node": "d",
"type": "line-start",
"ref": "Q000020.128",
"n": "127",
"label": "127"}
,
{
"node": "l",
"id": "Q000020.l084eb",
"ref": "Q000020.128.1",
"inst": "masar[fish-storage]",
"sig": "@dcclt%sux:ma-sar=masar[fish-storage//fish-storage]N'N$masar/ma-sar#~",
"f": {"lang": "sux",
"form": "ma-sar",
"cf": "masar",
"gw": "fish-storage",
"sense": "fish-storage",
"norm0": "masar",
"pos": "N",
"epos": "N",
"base": "ma-sar",
"morph": "~"}
}
,
{
"node": "d",
"type": "line-start",
"ref": "Q000020.129",
"n": "128",
"label": "128"}
,
{
"node": "l",
"id": "Q000020.l084ec",
"ref": "Q000020.129.1",
"inst": "masar[fish-storage]",
"sig": "@dcclt%sux:ma-sar=masar[fish-storage//fish-storage]N'N$masar/ma-sar#~",
"f": {"lang": "sux",
"form": "ma-sar",
"cf": "masar",
"gw": "fish-storage",
"sense": "fish-storage",
"norm0": "masar",
"pos": "N",
"epos": "N",
"base": "ma-sar",
"morph": "~"}
}
,
{
"node": "l",
"id": "Q000020.l084ed",
"ref": "Q000020.129.2",
"inst": "ŋeš[wood]",
"sig": "@dcclt%sux:ŋeš=ŋeš[tree//wood]N'N$ŋeš/ŋeš#~",
"f": {"lang": "sux",
"form": "ŋeš",
"cf": "ŋeš",
"gw": "tree",
"sense": "wood",
"norm0": "ŋeš",
"pos": "N",
"epos": "N",
"base": "ŋeš",
"morph": "~"}
}
,
{
"node": "l",
"id": "Q000020.l084ee",
"ref": "Q000020.129.3",
"inst": "de[bring]",
"sig": "@dcclt%sux:DU=de[bring//bring]V/t'V/t$de/de₆#~",
"f": {"lang": "sux",
"form": "DU",
"cf": "de",
"gw": "bring",
"sense": "bring",
"norm0": "de",
"pos": "V/t",
"epos": "V/t",
"base": "de₆",
"morph": "~"}
}
,
{
"node": "d",
"type": "line-start",
"ref": "Q000020.130",
"n": "129",
"label": "129"}
,
{
"node": "l",
"id": "Q000020.l084ef",
"ref": "Q000020.130.1",
"inst": "masar[fish-storage]",
"sig": "@dcclt%sux:ma-sar=masar[fish-storage//fish-storage]N'N$masar/ma-sar#~",
"f": {"lang": "sux",
"form": "ma-sar",
"cf": "masar",
"gw": "fish-storage",
"sense": "fish-storage",
"norm0": "masar",
"pos": "N",
"epos": "N",
"base": "ma-sar",
"morph": "~"}
}
,
{
"node": "l",
"id": "Q000020.l084f0",
"ref": "Q000020.130.2",
"inst": "lu₂.ulu₃.GA₂[fish]",
"sig": "@dcclt%sux:lu-lu₇{ku₆}=lu₂.ulu₃.GA₂[fish//a fish]N'N$lu₂.ulu₃.GA₂/lu-lu₇{ku₆}#~",
"f": {"lang": "sux",
"form": "lu-lu₇{ku₆}",
"cf": "lu₂.ulu₃.GA₂",
"gw": "fish",
"sense": "a fish",
"norm0": "lu₂.ulu₃.GA₂",
"pos": "N",
"epos": "N",
"base": "lu-lu₇{ku₆}",
"morph": "~"}
}
,
{
"node": "d",
"type": "line-start",
"ref": "Q000020.131",
"n": "130",
"label": "130"}
,
{
"node": "l",
"id": "Q000020.l084f1",
"ref": "Q000020.131.1",
"inst": "IGI.gi₄[plant]",
"sig": "@dcclt%sux:IGI-gi₄{sar}=IGI.gi₄[plant//a plant]N'N$IGI.gi₄/IGI-gi₄{sar}#~",
"f": {"lang": "sux",
"form": "IGI-gi₄{sar}",
"cf": "IGI.gi₄",
"gw": "plant",
"sense": "a plant",
"norm0": "IGI.gi₄",
"pos": "N",
"epos": "N",
"base": "IGI-gi₄{sar}",
"morph": "~"}
}
,
{
"node": "d",
"type": "line-start",
"ref": "Q000020.132",
"n": "131",
"label": "131"}
,
{
"node": "l",
"id": "Q000020.l084f2",
"ref": "Q000020.132.1",
"inst": "IGI.gi₄[plant]",
"sig": "@dcclt%sux:IGI-gi₄=IGI.gi₄[plant//a plant]N'N$IGI.gi₄/IGI-gi₄#~",
"f": {"lang": "sux",
"form": "IGI-gi₄",
"cf": "IGI.gi₄",
"gw": "plant",
"sense": "a plant",
"norm0": "IGI.gi₄",
"pos": "N",
"epos": "N",
"base": "IGI-gi₄",
"morph": "~"}
}
,
{
"node": "l",
"id": "Q000020.l084f3",
"ref": "Q000020.132.2",
"inst": "mun[salt]",
"sig": "@dcclt%sux:mun{sar}=mun[salt//salt]V/i'V/i$mun/mun{sar}#~",
"f": {"lang": "sux",
"form": "mun{sar}",
"cf": "mun",
"gw": "salt",
"sense": "salt",
"norm0": "mun",
"pos": "V/i",
"epos": "V/i",
"base": "mun{sar}",
"morph": "~"}
}
,
{
"node": "d",
"type": "line-start",
"ref": "Q000020.133",
"n": "132",
"label": "132"}
,
{
"node": "l",
"id": "Q000020.l084f4",
"ref": "Q000020.133.1",
"inst": "IGI.gi₄[plant]",
"sig": "@dcclt%sux:IGI-gi₄=IGI.gi₄[plant//a plant]N'N$IGI.gi₄/IGI-gi₄#~",
"f": {"lang": "sux",
"form": "IGI-gi₄",
"cf": "IGI.gi₄",
"gw": "plant",
"sense": "a plant",
"norm0": "IGI.gi₄",
"pos": "N",
"epos": "N",
"base": "IGI-gi₄",
"morph": "~"}
}
,
{
"node": "l",
"id": "Q000020.l084f5",
"ref": "Q000020.133.2",
"inst": "ir[scent]",
"sig": "@dcclt%sux:ir{sar}=ir[scent//smell, scent]N'N$ir/ir{sar}#~",
"f": {"lang": "sux",
"form": "ir{sar}",
"cf": "ir",
"gw": "scent",
"sense": "smell, scent",
"norm0": "ir",
"pos": "N",
"epos": "N",
"base": "ir{sar}",
"morph": "~"}
}
,
{
"node": "d",
"type": "line-start",
"ref": "Q000020.134",
"n": "133",
"label": "133"}
,
{
"node": "l",
"id": "Q000020.l084f6",
"ref": "Q000020.134.1",
"inst": "ugun[plant]",
"sig": "@dcclt%sux:u₃-gun₃{sar}=ugun[plant//a plant]N'N$ugun/u₃-gun₃{sar}#~",
"f": {"lang": "sux",
"form": "u₃-gun₃{sar}",
"cf": "ugun",
"gw": "plant",
"sense": "a plant",
"norm0": "ugun",
"pos": "N",
"epos": "N",
"base": "u₃-gun₃{sar}",
"morph": "~"}
}
,
{
"node": "d",
"type": "line-start",
"ref": "Q000020.135",
"n": "134",
"label": "134"}
,
{
"node": "l",
"id": "Q000020.l084f7",
"ref": "Q000020.135.1",
"inst": "uliʾa[plant]",
"sig": "@dcclt%sux:u₂-li-a{sar}=uliʾa[plant//plant]N'N$uliʾa/u₂-li-a{sar}#~",
"f": {"lang": "sux",
"form": "u₂-li-a{sar}",
"cf": "uliʾa",
"gw": "plant",
"sense": "plant",
"norm0": "uliʾa",
"pos": "N",
"epos": "N",
"base": "u₂-li-a{sar}",
"morph": "~"}
}
,
{
"node": "d",
"type": "line-start",
"ref": "Q000020.136",
"n": "135",
"label": "135"}
,
{
"node": "l",
"id": "Q000020.l084f8",
"ref": "Q000020.136.1",
"inst": "NI.a[plant]",
"sig": "@dcclt%sux:NI-a{sar}=NI.a[plant//a plant]N'N$NI.a/NI-a{sar}#~",
"f": {"lang": "sux",
"form": "NI-a{sar}",
"cf": "NI.a",
"gw": "plant",
"sense": "a plant",
"norm0": "NI.a",
"pos": "N",
"epos": "N",
"base": "NI-a{sar}",
"morph": "~"}
}
,
{
"node": "d",
"type": "line-start",
"ref": "Q000020.137",
"n": "136",
"label": "136"}
,
{
"node": "l",
"id": "Q000020.l084f9",
"ref": "Q000020.137.1",
"inst": "u[plant]",
"sig": "@dcclt%sux:u₆{sar}=u[plant//a plant]N'N$u/u₆{sar}#~",
"f": {"lang": "sux",
"form": "u₆{sar}",
"cf": "u",
"gw": "plant",
"sense": "a plant",
"norm0": "u",
"pos": "N",
"epos": "N",
"base": "u₆{sar}",
"morph": "~"}
}
,
{
"node": "d",
"type": "line-start",
"ref": "Q000020.138",
"n": "137",
"label": "137"}
,
{
"node": "l",
"id": "Q000020.l084fa",
"ref": "Q000020.138.1",
"inst": "še[plant]",
"sig": "@dcclt%sux:še{sar}=še[plant//a plant]N'N$še/še{sar}#~",
"f": {"lang": "sux",
"form": "še{sar}",
"cf": "še",
"gw": "plant",
"sense": "a plant",
"norm0": "še",
"pos": "N",
"epos": "N",
"base": "še{sar}",
"morph": "~"}
}
,
{
"node": "d",
"type": "line-start",
"ref": "Q000020.139",
"n": "138",
"label": "138"}
,
{
"node": "l",
"id": "Q000020.l084fb",
"ref": "Q000020.139.1",
"inst": "KUŠ₂.gi₄[plant]",
"sig": "@dcclt%sux:SAG@g-gi₄{sar}=KUŠ₂.gi₄[plant//a plant]N'N$KUŠ₂.gi₄/SAG@g-gi₄{sar}#~",
"f": {"lang": "sux",
"form": "SAG@g-gi₄{sar}",
"cf": "KUŠ₂.gi₄",
"gw": "plant",
"sense": "a plant",
"norm0": "KUŠ₂.gi₄",
"pos": "N",
"epos": "N",
"base": "SAG@g-gi₄{sar}",
"morph": "~"}
}
,
{
"node": "d",
"type": "line-start",
"ref": "Q000020.140",
"n": "139",
"label": "139"}
,
{
"node": "l",
"id": "Q000020.l084fc",
"ref": "Q000020.140.1",
"inst": "X",
"f": {"lang": "sux",
"form": "e₂-il-il{sar}",
"pos": "X"}
}
,
{
"node": "d",
"type": "line-start",
"ref": "Q000020.141",
"n": "140",
"label": "140"}
,
{
"node": "l",
"id": "Q000020.l084fd",
"ref": "Q000020.141.1",
"inst": "X",
"f": {"lang": "sux",
"form": "|ZU&ZU.SAR|",
"pos": "X"}
}
,
{
"node": "d",
"type": "line-start",
"ref": "Q000020.142",
"n": "141",
"label": "141"}
,
{
"node": "l",
"id": "Q000020.l084fe",
"ref": "Q000020.142.1",
"inst": "X",
"f": {"lang": "sux",
"form": "|ŠE+SAR|",
"pos": "X"}
}
,
{
"node": "l",
"id": "Q000020.l084ff",
"ref": "Q000020.142.2",
"inst": "X",
"f": {"lang": "sux",
"form": "|ZU&ZU.SAR|",
"pos": "X"}
}
,
{
"node": "d",
"type": "line-start",
"ref": "Q000020.143",
"n": "142",
"label": "142"}
,
{
"node": "l",
"id": "Q000020.l08500",
"ref": "Q000020.143.1",
"inst": "X",
"f": {"lang": "sux",
"form": "|ŠE+SAR|",
"pos": "X"}
}
,
{
"node": "l",
"id": "Q000020.l08501",
"ref": "Q000020.143.2",
"inst": "X",
"f": {"lang": "sux",
"form": "HI",
"pos": "X"}
}
,
{
"node": "l",
"id": "Q000020.l08502",
"ref": "Q000020.143.3",
"inst": "X",
"f": {"lang": "sux",
"form": "|ZU&ZU.SAR|",
"pos": "X"}
}
,
{
"node": "d",
"type": "line-start",
"ref": "Q000020.144",
"n": "143",
"label": "143"}
,
{
"node": "l",
"id": "Q000020.l08503",
"ref": "Q000020.144.1",
"inst": "ŋisalen[plant]",
"sig": "@dcclt%sux:ŋisal-en{sar}=ŋisalen[plant//a plant]N'N$ŋisalen/ŋisal-en{sar}#~",
"f": {"lang": "sux",
"form": "ŋisal-en{sar}",
"cf": "ŋisalen",
"gw": "plant",
"sense": "a plant",
"norm0": "ŋisalen",
"pos": "N",
"epos": "N",
"base": "ŋisal-en{sar}",
"morph": "~"}
}
]}
]}
]}
,
{
"linkbase": [{
"type": "linkset",
"xlink_title": "ki la[dig//to dig]V/t'V/t",
"id": "Q000020.ls00000",
"xlink_type": "extended",
"xlink_role": "psu",
"sig": "{ki-še₃ an-la₂ = ki[place]N la[hang]V/t += ki la[dig//to dig]V/t'V/t}::@dcclt%sux:ki-še₃=ki[place//place]N'N$ki,eše/ki#~,eše++@dcclt%sux:an-la₂=la[hang//hang]V/t'V/t$V.n:la/la₂#V.n:~",
"links": [
{
"type": "link",
"xlink_title": "ki",
"xlink_type": "locator",
"xlink_href": "#Q000020.l0849b",
"xlink_role": "elt"}
,
{
"type": "link",
"xlink_title": "la",
"xlink_type": "locator",
"xlink_href": "#Q000020.l0849c",
"xlink_role": "elt"}
]}
,
{
"type": "linkset",
"xlink_title": "šu la[defile//to defile]V/t'V/t",
"id": "Q000020.ls00001",
"xlink_type": "extended",
"xlink_role": "psu",
"sig": "{šu-še₃ la₂ = šu[hand]N la[hang]V/t += šu la[defile//to defile]V/t'V/t}::@dcclt%sux:šu-še₃=šu[hand//hand]N'N$šu,eše/šu#~,eše++@dcclt%sux:la₂=la[hang//hang]V/t'V/t$la/la₂#~",
"links": [
{
"type": "link",
"xlink_title": "šu",
"xlink_type": "locator",
"xlink_href": "#Q000020.l084ba",
"xlink_role": "elt"}
,
{
"type": "link",
"xlink_title": "la",
"xlink_type": "locator",
"xlink_href": "#Q000020.l084bb",
"xlink_role": "elt"}
]}
]}
]}
