{
"type": "cdl",
  "source": "http://oracc.org/dcclt",
  "license": "This data is released under the CC0 license",
  "license-url": "https://creativecommons.org/publicdomain/zero/1.0/",
  "more-info": "http://oracc.org/doc/opendata/",
  "UTC-timestamp": "2017-05-19T18:29:07",
"project": "dcclt",
"textid": "Q000299",
"cdl": [
{
"node": "c",
"type": "text",
"id": "Q000299.U0",
"cdl": [
{
"node": "d",
"type": "nonx",
"ref": "Q000299.1",
"strict": "0",
"extent": "147-167",
"state": "other"}
,
{
"node": "c",
"type": "discourse",
"subtype": "body",
"id": "Q000299.U1",
"cdl": [
{
"node": "c",
"type": "sentence",
"id": "Q000299.U2",
"label": "1 - 147",
"cdl": [
{
"node": "d",
"type": "line-start",
"ref": "Q000299.2",
"n": "1",
"label": "1"}
,
{
"node": "l",
"id": "Q000299.l05686",
"ref": "Q000299.2.1",
"inst": "am[bull]",
"sig": "@dcclt%sux:am=am[bull//wild bull]N'N$am/am#~",
"f": {"lang": "sux",
"form": "am",
"cf": "am",
"gw": "bull",
"sense": "wild bull",
"norm0": "am",
"pos": "N",
"epos": "N",
"base": "am",
"morph": "~"}
}
,
{
"node": "d",
"type": "line-start",
"ref": "Q000299.3",
"n": "2",
"label": "2"}
,
{
"node": "l",
"id": "Q000299.l05687",
"ref": "Q000299.3.1",
"inst": "gud[ox]",
"sig": "@dcclt%sux:gud=gud[ox//bull, ox]N'N$gud/gud#~",
"f": {"lang": "sux",
"form": "gud",
"cf": "gud",
"gw": "ox",
"sense": "bull, ox",
"norm0": "gud",
"pos": "N",
"epos": "N",
"base": "gud",
"morph": "~"}
}
,
{
"node": "d",
"type": "line-start",
"ref": "Q000299.4",
"n": "3",
"label": "3"}
,
{
"node": "l",
"id": "Q000299.l05688",
"ref": "Q000299.4.1",
"inst": "e[leather]",
"sig": "@dcclt%sux:e=e[leather//leather bearing]N'N$e/e#~",
"f": {"lang": "sux",
"form": "e",
"cf": "e",
"gw": "leather",
"sense": "leather bearing",
"norm0": "e",
"pos": "N",
"epos": "N",
"base": "e",
"morph": "~"}
}
,
{
"node": "l",
"id": "Q000299.l05689",
"ref": "Q000299.4.2",
"inst": "gud[ox]",
"sig": "@dcclt%sux:gud=gud[ox//bull, ox]N'N$gud/gud#~",
"f": {"lang": "sux",
"form": "gud",
"cf": "gud",
"gw": "ox",
"sense": "bull, ox",
"norm0": "gud",
"pos": "N",
"epos": "N",
"base": "gud",
"morph": "~"}
}
,
{
"node": "d",
"type": "line-start",
"ref": "Q000299.5",
"n": "4",
"label": "4"}
,
{
"node": "l",
"id": "Q000299.l0568a",
"ref": "Q000299.5.1",
"inst": "gud[ox]",
"sig": "@dcclt%sux:gud=gud[ox//bull, ox]N'N$gud/gud#~",
"f": {"lang": "sux",
"form": "gud",
"cf": "gud",
"gw": "ox",
"sense": "bull, ox",
"norm0": "gud",
"pos": "N",
"epos": "N",
"base": "gud",
"morph": "~"}
}
,
{
"node": "l",
"id": "Q000299.l0568b",
"ref": "Q000299.5.2",
"inst": "X",
"f": {"lang": "sux",
"form": "x",
"pos": "X"}
}
,
{
"node": "d",
"type": "line-start",
"ref": "Q000299.6",
"n": "5",
"label": "5"}
,
{
"node": "l",
"id": "Q000299.l0568c",
"ref": "Q000299.6.1",
"inst": "gud[ox]",
"sig": "@dcclt%sux:gud=gud[ox//bull, ox]N'N$gud/gud#~",
"f": {"lang": "sux",
"form": "gud",
"cf": "gud",
"gw": "ox",
"sense": "bull, ox",
"norm0": "gud",
"pos": "N",
"epos": "N",
"base": "gud",
"morph": "~"}
}
,
{
"node": "l",
"id": "Q000299.l0568d",
"ref": "Q000299.6.2",
"inst": "Zubi[]WN",
"sig": "@dcclt%sux:zubi(LAK459)=Zubi[1//1]WN'WN$Zubi/zubi(LAK459)#~",
"f": {"lang": "sux",
"form": "zubi(LAK459)",
"cf": "Zubi",
"gw": "1",
"sense": "1",
"norm0": "Zubi",
"pos": "WN",
"epos": "WN",
"base": "zubi(LAK459)",
"morph": "~"}
}
,
{
"node": "d",
"type": "line-start",
"ref": "Q000299.7",
"n": "6",
"label": "6"}
,
{
"node": "l",
"id": "Q000299.l0568e",
"ref": "Q000299.7.1",
"inst": "gud[ox]",
"sig": "@dcclt%sux:gud=gud[ox//bull, ox]N'N$gud/gud#~",
"f": {"lang": "sux",
"form": "gud",
"cf": "gud",
"gw": "ox",
"sense": "bull, ox",
"norm0": "gud",
"pos": "N",
"epos": "N",
"base": "gud",
"morph": "~"}
}
,
{
"node": "l",
"id": "Q000299.l0568f",
"ref": "Q000299.7.2",
"inst": "du[push]",
"sig": "@dcclt%sux:du₇=du[push//to push, thrust, gore]V/t'V/t$du/du₇#~",
"f": {"lang": "sux",
"form": "du₇",
"cf": "du",
"gw": "push",
"sense": "to push, thrust, gore",
"norm0": "du",
"pos": "V/t",
"epos": "V/t",
"base": "du₇",
"morph": "~"}
}
,
{
"node": "d",
"type": "line-start",
"ref": "Q000299.8",
"n": "7",
"label": "7"}
,
{
"node": "l",
"id": "Q000299.l05690",
"ref": "Q000299.8.1",
"inst": "gud[ox]",
"sig": "@dcclt%sux:gud=gud[ox//bull, ox]N'N$gud/gud#~",
"f": {"lang": "sux",
"form": "gud",
"cf": "gud",
"gw": "ox",
"sense": "bull, ox",
"norm0": "gud",
"pos": "N",
"epos": "N",
"base": "gud",
"morph": "~"}
}
,
{
"node": "l",
"id": "Q000299.l05691",
"ref": "Q000299.8.2",
"inst": "sumun[cow]",
"sig": "@dcclt%sux:sumun₂=sumun[cow//wild cow]N'N$sumun/sumun₂#~",
"f": {"lang": "sux",
"form": "sumun₂",
"cf": "sumun",
"gw": "cow",
"sense": "wild cow",
"norm0": "sumun",
"pos": "N",
"epos": "N",
"base": "sumun₂",
"morph": "~"}
}
,
{
"node": "d",
"type": "line-start",
"ref": "Q000299.9",
"n": "8",
"label": "8"}
,
{
"node": "l",
"id": "Q000299.l05692",
"ref": "Q000299.9.1",
"inst": "ab[cow]",
"sig": "@dcclt%sux:ab₂=ab[cow//cow]N'N$ab/ab₂#~",
"f": {"lang": "sux",
"form": "ab₂",
"cf": "ab",
"gw": "cow",
"sense": "cow",
"norm0": "ab",
"pos": "N",
"epos": "N",
"base": "ab₂",
"morph": "~"}
}
,
{
"node": "l",
"id": "Q000299.l05693",
"ref": "Q000299.9.2",
"inst": "sumun[cow]",
"sig": "@dcclt%sux:sumun₂=sumun[cow//wild cow]N'N$sumun/sumun₂#~",
"f": {"lang": "sux",
"form": "sumun₂",
"cf": "sumun",
"gw": "cow",
"sense": "wild cow",
"norm0": "sumun",
"pos": "N",
"epos": "N",
"base": "sumun₂",
"morph": "~"}
}
,
{
"node": "d",
"type": "line-start",
"ref": "Q000299.10",
"n": "9",
"label": "9"}
,
{
"node": "l",
"id": "Q000299.l05694",
"ref": "Q000299.10.1",
"inst": "ab[cow]",
"sig": "@dcclt%sux:ab₂=ab[cow//cow]N'N$ab/ab₂#~",
"f": {"lang": "sux",
"form": "ab₂",
"cf": "ab",
"gw": "cow",
"sense": "cow",
"norm0": "ab",
"pos": "N",
"epos": "N",
"base": "ab₂",
"morph": "~"}
}
,
{
"node": "l",
"id": "Q000299.l05695",
"ref": "Q000299.10.2",
"inst": "ga[milk]",
"sig": "@dcclt%sux:ga=ga[milk//milk]N'N$ga/ga#~",
"f": {"lang": "sux",
"form": "ga",
"cf": "ga",
"gw": "milk",
"sense": "milk",
"norm0": "ga",
"pos": "N",
"epos": "N",
"base": "ga",
"morph": "~"}
}
,
{
"node": "d",
"type": "line-start",
"ref": "Q000299.11",
"n": "10",
"label": "10"}
,
{
"node": "l",
"id": "Q000299.l05696",
"ref": "Q000299.11.1",
"inst": "ab[cow]",
"sig": "@dcclt%sux:ab₂=ab[cow//cow]N'N$ab/ab₂#~",
"f": {"lang": "sux",
"form": "ab₂",
"cf": "ab",
"gw": "cow",
"sense": "cow",
"norm0": "ab",
"pos": "N",
"epos": "N",
"base": "ab₂",
"morph": "~"}
}
,
{
"node": "d",
"type": "line-start",
"ref": "Q000299.12",
"n": "11",
"label": "11"}
,
{
"node": "l",
"id": "Q000299.l05697",
"ref": "Q000299.12.1",
"inst": "ab[cow]",
"sig": "@dcclt%sux:ab₂=ab[cow//cow]N'N$ab/ab₂#~",
"f": {"lang": "sux",
"form": "ab₂",
"cf": "ab",
"gw": "cow",
"sense": "cow",
"norm0": "ab",
"pos": "N",
"epos": "N",
"base": "ab₂",
"morph": "~"}
}
,
{
"node": "l",
"id": "Q000299.l05698",
"ref": "Q000299.12.2",
"inst": "GAR.UD[~cow]N/UD-GAR#~",
"sig": "@dcclt%sux:UD-GAR=GAR.UD[~cow//a qualification of cows]N'N$GAR.UD/UD-GAR#~",
"f": {"lang": "sux",
"form": "UD-GAR",
"cf": "GAR.UD",
"gw": "~cow",
"sense": "a qualification of cows",
"norm0": "GAR.UD",
"pos": "N",
"epos": "N",
"base": "UD-GAR",
"morph": "~"}
}
,
{
"node": "d",
"type": "line-start",
"ref": "Q000299.13",
"n": "12",
"label": "12"}
,
{
"node": "l",
"id": "Q000299.l05699",
"ref": "Q000299.13.1",
"inst": "ab[cow]",
"sig": "@dcclt%sux:ab₂=ab[cow//cow]N'N$ab/ab₂#~",
"f": {"lang": "sux",
"form": "ab₂",
"cf": "ab",
"gw": "cow",
"sense": "cow",
"norm0": "ab",
"pos": "N",
"epos": "N",
"base": "ab₂",
"morph": "~"}
}
,
{
"node": "l",
"id": "Q000299.l0569a",
"ref": "Q000299.13.2",
"inst": "peš[pregnant]",
"sig": "@dcclt%sux:pešₓ(|ŠA₃×SAL|)=peš[thick//(to be) pregnant]V/i'V/i$peš/pešₓ(|ŠA₃×SAL|)#~",
"f": {"lang": "sux",
"form": "pešₓ(|ŠA₃×SAL|)",
"cf": "peš",
"gw": "thick",
"sense": "(to be) pregnant",
"norm0": "peš",
"pos": "V/i",
"epos": "V/i",
"base": "pešₓ(|ŠA₃×SAL|)",
"morph": "~"}
}
,
{
"node": "d",
"type": "line-start",
"ref": "Q000299.14",
"n": "13",
"label": "13"}
,
{
"node": "l",
"id": "Q000299.l0569b",
"ref": "Q000299.14.1",
"inst": "ab[cow]",
"sig": "@dcclt%sux:ab₂=ab[cow//cow]N'N$ab/ab₂#~",
"f": {"lang": "sux",
"form": "ab₂",
"cf": "ab",
"gw": "cow",
"sense": "cow",
"norm0": "ab",
"pos": "N",
"epos": "N",
"base": "ab₂",
"morph": "~"}
}
,
{
"node": "l",
"id": "Q000299.l0569c",
"ref": "Q000299.14.2",
"inst": "amar[young]",
"sig": "@dcclt%sux:amar=amar[young//young, youngster, chick]N'N$amar/amar#~",
"f": {"lang": "sux",
"form": "amar",
"cf": "amar",
"gw": "young",
"sense": "young, youngster, chick",
"norm0": "amar",
"pos": "N",
"epos": "N",
"base": "amar",
"morph": "~"}
}
,
{
"node": "l",
"id": "Q000299.l0569d",
"ref": "Q000299.14.3",
"inst": "gaba[chest]",
"sig": "@dcclt%sux:gaba=gaba[chest//chest]N'N$gaba/gaba#~",
"f": {"lang": "sux",
"form": "gaba",
"cf": "gaba",
"gw": "chest",
"sense": "chest",
"norm0": "gaba",
"pos": "N",
"epos": "N",
"base": "gaba",
"morph": "~"}
}
,
{
"node": "d",
"type": "line-start",
"ref": "Q000299.15",
"n": "14",
"label": "14"}
,
{
"node": "l",
"id": "Q000299.l0569e",
"ref": "Q000299.15.1",
"inst": "ab[cow]",
"sig": "@dcclt%sux:ab₂=ab[cow//cow]N'N$ab/ab₂#~",
"f": {"lang": "sux",
"form": "ab₂",
"cf": "ab",
"gw": "cow",
"sense": "cow",
"norm0": "ab",
"pos": "N",
"epos": "N",
"base": "ab₂",
"morph": "~"}
}
,
{
"node": "l",
"id": "Q000299.l0569f",
"ref": "Q000299.15.2",
"inst": "peš[thick]",
"sig": "@dcclt%sux:peš=peš[thick//(to be) thick]V/i'V/i$peš/peš#~",
"f": {"lang": "sux",
"form": "peš",
"cf": "peš",
"gw": "thick",
"sense": "(to be) thick",
"norm0": "peš",
"pos": "V/i",
"epos": "V/i",
"base": "peš",
"morph": "~"}
}
,
{
"node": "d",
"type": "line-start",
"ref": "Q000299.16",
"n": "15",
"label": "15"}
,
{
"node": "l",
"id": "Q000299.l056a0",
"ref": "Q000299.16.1",
"inst": "gud[ox]",
"sig": "@dcclt%sux:gud=gud[ox//bull, ox]N'N$gud/gud#~",
"f": {"lang": "sux",
"form": "gud",
"cf": "gud",
"gw": "ox",
"sense": "bull, ox",
"norm0": "gud",
"pos": "N",
"epos": "N",
"base": "gud",
"morph": "~"}
}
,
{
"node": "l",
"id": "Q000299.l056a1",
"ref": "Q000299.16.2",
"inst": "X",
"f": {"lang": "sux",
"form": "E₂.GAR",
"pos": "X"}
}
,
{
"node": "d",
"type": "line-start",
"ref": "Q000299.17",
"n": "16",
"label": "16"}
,
{
"node": "l",
"id": "Q000299.l056a2",
"ref": "Q000299.17.1",
"inst": "gud[ox]",
"sig": "@dcclt%sux:gud=gud[ox//bull, ox]N'N$gud/gud#~",
"f": {"lang": "sux",
"form": "gud",
"cf": "gud",
"gw": "ox",
"sense": "bull, ox",
"norm0": "gud",
"pos": "N",
"epos": "N",
"base": "gud",
"morph": "~"}
}
,
{
"node": "l",
"id": "Q000299.l056a3",
"ref": "Q000299.17.2",
"inst": "X",
"f": {"lang": "sux",
"form": "niŋ₂-zum",
"pos": "X"}
}
,
{
"node": "d",
"type": "line-start",
"ref": "Q000299.18",
"n": "17",
"label": "17"}
,
{
"node": "l",
"id": "Q000299.l056a4",
"ref": "Q000299.18.1",
"inst": "gud[ox]",
"sig": "@dcclt%sux:gud=gud[ox//bull, ox]N'N$gud/gud#~",
"f": {"lang": "sux",
"form": "gud",
"cf": "gud",
"gw": "ox",
"sense": "bull, ox",
"norm0": "gud",
"pos": "N",
"epos": "N",
"base": "gud",
"morph": "~"}
}
,
{
"node": "l",
"id": "Q000299.l056a5",
"ref": "Q000299.18.2",
"inst": "niga[fattened]",
"sig": "@dcclt%sux:niga=niga[fattened//fattened]V/i'V/i$niga/niga#~",
"f": {"lang": "sux",
"form": "niga",
"cf": "niga",
"gw": "fattened",
"sense": "fattened",
"norm0": "niga",
"pos": "V/i",
"epos": "V/i",
"base": "niga",
"morph": "~"}
}
,
{
"node": "d",
"type": "line-start",
"ref": "Q000299.19",
"n": "18",
"label": "18"}
,
{
"node": "l",
"id": "Q000299.l056a6",
"ref": "Q000299.19.1",
"inst": "n",
"f": {"lang": "sux",
"form": "2(diš)",
"pos": "n"}
}
,
{
"node": "l",
"id": "Q000299.l056a7",
"ref": "Q000299.19.2",
"inst": "gud[ox]",
"sig": "@dcclt%sux:gud=gud[ox//bull, ox]N'N$gud/gud#~",
"f": {"lang": "sux",
"form": "gud",
"cf": "gud",
"gw": "ox",
"sense": "bull, ox",
"norm0": "gud",
"pos": "N",
"epos": "N",
"base": "gud",
"morph": "~"}
}
,
{
"node": "d",
"type": "line-start",
"ref": "Q000299.20",
"n": "19",
"label": "19"}
,
{
"node": "l",
"id": "Q000299.l056a8",
"ref": "Q000299.20.1",
"inst": "n",
"f": {"lang": "sux",
"form": "1(diš)",
"pos": "n"}
}
,
{
"node": "l",
"id": "Q000299.l056a9",
"ref": "Q000299.20.2",
"inst": "amar[young]",
"sig": "@dcclt%sux:amar=amar[young//young, youngster, chick]N'N$amar/amar#~",
"f": {"lang": "sux",
"form": "amar",
"cf": "amar",
"gw": "young",
"sense": "young, youngster, chick",
"norm0": "amar",
"pos": "N",
"epos": "N",
"base": "amar",
"morph": "~"}
}
,
{
"node": "d",
"type": "line-start",
"ref": "Q000299.21",
"n": "20",
"label": "20"}
,
{
"node": "l",
"id": "Q000299.l056aa",
"ref": "Q000299.21.1",
"inst": "amar[young]",
"sig": "@dcclt%sux:amar=amar[young//young, youngster, chick]N'N$amar/amar#~",
"f": {"lang": "sux",
"form": "amar",
"cf": "amar",
"gw": "young",
"sense": "young, youngster, chick",
"norm0": "amar",
"pos": "N",
"epos": "N",
"base": "amar",
"morph": "~"}
}
,
{
"node": "l",
"id": "Q000299.l056ab",
"ref": "Q000299.21.2",
"inst": "munus[woman]",
"sig": "@dcclt%sux:munus=munus[woman//woman]N'N$munus/munus#~",
"f": {"lang": "sux",
"form": "munus",
"cf": "munus",
"gw": "woman",
"sense": "woman",
"norm0": "munus",
"pos": "N",
"epos": "N",
"base": "munus",
"morph": "~"}
}
,
{
"node": "d",
"type": "line-start",
"ref": "Q000299.22",
"n": "21",
"label": "21"}
,
{
"node": "l",
"id": "Q000299.l056ac",
"ref": "Q000299.22.1",
"inst": "adda[corpse]",
"sig": "@dcclt%sux:addaₓ(|GUD×BAD|)=adda[corpse//corpse]N'N$adda/addaₓ(|GUD×BAD|)#~",
"f": {"lang": "sux",
"form": "addaₓ(|GUD×BAD|)",
"cf": "adda",
"gw": "corpse",
"sense": "corpse",
"norm0": "adda",
"pos": "N",
"epos": "N",
"base": "addaₓ(|GUD×BAD|)",
"morph": "~"}
}
,
{
"node": "d",
"type": "line-start",
"ref": "Q000299.23",
"n": "22",
"label": "22"}
,
{
"node": "l",
"id": "Q000299.l056ad",
"ref": "Q000299.23.1",
"inst": "udu[sheep]",
"sig": "@dcclt%sux:udu=udu[sheep//sheep]N'N$udu/udu#~",
"f": {"lang": "sux",
"form": "udu",
"cf": "udu",
"gw": "sheep",
"sense": "sheep",
"norm0": "udu",
"pos": "N",
"epos": "N",
"base": "udu",
"morph": "~"}
}
,
{
"node": "l",
"id": "Q000299.l056ae",
"ref": "Q000299.23.2",
"inst": "nita[male]",
"sig": "@dcclt%sux:nita=nita[male//male]N'N$nita/nita#~",
"f": {"lang": "sux",
"form": "nita",
"cf": "nita",
"gw": "male",
"sense": "male",
"norm0": "nita",
"pos": "N",
"epos": "N",
"base": "nita",
"morph": "~"}
}
,
{
"node": "d",
"type": "line-start",
"ref": "Q000299.24",
"n": "23",
"label": "23"}
,
{
"node": "l",
"id": "Q000299.l056af",
"ref": "Q000299.24.1",
"inst": "utuwa[stud]",
"sig": "@dcclt%sux:utuwa=utuwa[stud//stud]N'N$utuwa/utuwa#~",
"f": {"lang": "sux",
"form": "utuwa",
"cf": "utuwa",
"gw": "stud",
"sense": "stud",
"norm0": "utuwa",
"pos": "N",
"epos": "N",
"base": "utuwa",
"morph": "~"}
}
,
{
"node": "d",
"type": "line-start",
"ref": "Q000299.25",
"n": "24",
"label": "24"}
,
{
"node": "l",
"id": "Q000299.l056b0",
"ref": "Q000299.25.1",
"inst": "u[ewe]",
"sig": "@dcclt%sux:u₈=u[ewe//sheep, ewe]N'N$u/u₈#~",
"f": {"lang": "sux",
"form": "u₈",
"cf": "u",
"gw": "ewe",
"sense": "sheep, ewe",
"norm0": "u",
"pos": "N",
"epos": "N",
"base": "u₈",
"morph": "~"}
}
,
{
"node": "d",
"type": "line-start",
"ref": "Q000299.26",
"n": "25",
"label": "25"}
,
{
"node": "l",
"id": "Q000299.l056b1",
"ref": "Q000299.26.1",
"inst": "u[ewe]",
"sig": "@dcclt%sux:u₈=u[ewe//sheep, ewe]N'N$u/u₈#~",
"f": {"lang": "sux",
"form": "u₈",
"cf": "u",
"gw": "ewe",
"sense": "sheep, ewe",
"norm0": "u",
"pos": "N",
"epos": "N",
"base": "u₈",
"morph": "~"}
}
,
{
"node": "l",
"id": "Q000299.l056b2",
"ref": "Q000299.26.2",
"inst": "peš[pregnant]",
"sig": "@dcclt%sux:pešₓ(|ŠA₃×SAL|)=peš[thick//(to be) pregnant]V/i'V/i$peš/pešₓ(|ŠA₃×SAL|)#~",
"f": {"lang": "sux",
"form": "pešₓ(|ŠA₃×SAL|)",
"cf": "peš",
"gw": "thick",
"sense": "(to be) pregnant",
"norm0": "peš",
"pos": "V/i",
"epos": "V/i",
"base": "pešₓ(|ŠA₃×SAL|)",
"morph": "~"}
}
,
{
"node": "d",
"type": "line-start",
"ref": "Q000299.27",
"n": "26",
"label": "26"}
,
{
"node": "l",
"id": "Q000299.l056b3",
"ref": "Q000299.27.1",
"inst": "u[ewe]",
"sig": "@dcclt%sux:u₈=u[ewe//sheep, ewe]N'N$u/u₈#~",
"f": {"lang": "sux",
"form": "u₈",
"cf": "u",
"gw": "ewe",
"sense": "sheep, ewe",
"norm0": "u",
"pos": "N",
"epos": "N",
"base": "u₈",
"morph": "~"}
}
,
{
"node": "l",
"id": "Q000299.l056b4",
"ref": "Q000299.27.2",
"inst": "sila[lamb]",
"sig": "@dcclt%sux:sila₄=sila[lamb//lamb]N'N$sila/sila₄#~",
"f": {"lang": "sux",
"form": "sila₄",
"cf": "sila",
"gw": "lamb",
"sense": "lamb",
"norm0": "sila",
"pos": "N",
"epos": "N",
"base": "sila₄",
"morph": "~"}
}
,
{
"node": "l",
"id": "Q000299.l056b5",
"ref": "Q000299.27.3",
"inst": "gaba[chest]",
"sig": "@dcclt%sux:gaba=gaba[chest//chest]N'N$gaba/gaba#~",
"f": {"lang": "sux",
"form": "gaba",
"cf": "gaba",
"gw": "chest",
"sense": "chest",
"norm0": "gaba",
"pos": "N",
"epos": "N",
"base": "gaba",
"morph": "~"}
}
,
{
"node": "d",
"type": "line-start",
"ref": "Q000299.28",
"n": "27",
"label": "27"}
,
{
"node": "l",
"id": "Q000299.l056b6",
"ref": "Q000299.28.1",
"inst": "+kir[lamb]N/kirₓ(|MUNUS.U₈|)#~",
"sig": "@dcclt%sux:kirₓ(|MUNUS.U₈|)=kir[lamb//lamb]N'N$kir/kirₓ(|MUNUS.U₈|)#~",
"f": {"lang": "sux",
"form": "kirₓ(|MUNUS.U₈|)",
"cf": "kir",
"gw": "lamb",
"sense": "lamb",
"norm0": "kir",
"pos": "N",
"epos": "N",
"base": "kirₓ(|MUNUS.U₈|)",
"morph": "~"}
}
,
{
"node": "d",
"type": "nonw",
"ref": ""}
,
{
"node": "d",
"type": "line-start",
"ref": "Q000299.29",
"n": "28",
"label": "28"}
,
{
"node": "l",
"id": "Q000299.l056b7",
"ref": "Q000299.29.1",
"inst": "sila[lamb]",
"sig": "@dcclt%sux:sila₄=sila[lamb//lamb]N'N$sila/sila₄#~",
"f": {"lang": "sux",
"form": "sila₄",
"cf": "sila",
"gw": "lamb",
"sense": "lamb",
"norm0": "sila",
"pos": "N",
"epos": "N",
"base": "sila₄",
"morph": "~"}
}
,
{
"node": "d",
"type": "line-start",
"ref": "Q000299.30",
"n": "29",
"label": "29"}
,
{
"node": "l",
"id": "Q000299.l056b8",
"ref": "Q000299.30.1",
"inst": "sila[lamb]",
"sig": "@dcclt%sux:sila₄=sila[lamb//lamb]N'N$sila/sila₄#~",
"f": {"lang": "sux",
"form": "sila₄",
"cf": "sila",
"gw": "lamb",
"sense": "lamb",
"norm0": "sila",
"pos": "N",
"epos": "N",
"base": "sila₄",
"morph": "~"}
}
,
{
"node": "l",
"id": "Q000299.l056b9",
"ref": "Q000299.30.2",
"inst": "nim[early]",
"sig": "@dcclt%sux:nim=nim[high//(to be) early]V/i'V/i$nim/nim#~",
"f": {"lang": "sux",
"form": "nim",
"cf": "nim",
"gw": "high",
"sense": "(to be) early",
"norm0": "nim",
"pos": "V/i",
"epos": "V/i",
"base": "nim",
"morph": "~"}
}
,
{
"node": "d",
"type": "line-start",
"ref": "Q000299.31",
"n": "30",
"label": "30"}
,
{
"node": "l",
"id": "Q000299.l056ba",
"ref": "Q000299.31.1",
"inst": "sila[lamb]",
"sig": "@dcclt%sux:sila₄=sila[lamb//lamb]N'N$sila/sila₄#~",
"f": {"lang": "sux",
"form": "sila₄",
"cf": "sila",
"gw": "lamb",
"sense": "lamb",
"norm0": "sila",
"pos": "N",
"epos": "N",
"base": "sila₄",
"morph": "~"}
}
,
{
"node": "l",
"id": "Q000299.l056bb",
"ref": "Q000299.31.2",
"inst": "sig[late]",
"sig": "@dcclt%sux:sig=sig[weak//(to be) late]V/i'V/i$sig/sig#~",
"f": {"lang": "sux",
"form": "sig",
"cf": "sig",
"gw": "weak",
"sense": "(to be) late",
"norm0": "sig",
"pos": "V/i",
"epos": "V/i",
"base": "sig",
"morph": "~"}
}
,
{
"node": "d",
"type": "line-start",
"ref": "Q000299.32",
"n": "31",
"label": "31"}
,
{
"node": "l",
"id": "Q000299.l056bc",
"ref": "Q000299.32.1",
"inst": "sila[lamb]",
"sig": "@dcclt%sux:sila₄=sila[lamb//lamb]N'N$sila/sila₄#~",
"f": {"lang": "sux",
"form": "sila₄",
"cf": "sila",
"gw": "lamb",
"sense": "lamb",
"norm0": "sila",
"pos": "N",
"epos": "N",
"base": "sila₄",
"morph": "~"}
}
,
{
"node": "l",
"id": "Q000299.l056bd",
"ref": "Q000299.32.2",
"inst": "+ṣillu[shade]N$ṣilli",
"sig": "@dcclt%akk-x-earakk:ṣi₂-li=ṣillu[shade//shade]N'N$ṣilli",
"f": {"lang": "akk-x-earakk",
"form": "ṣi₂-li",
"cf": "ṣillu",
"gw": "shade",
"sense": "shade",
"norm": "ṣilli",
"pos": "N",
"epos": "N"}
}
,
{
"node": "d",
"type": "nonw",
"ref": ""}
,
{
"node": "d",
"type": "line-start",
"ref": "Q000299.33",
"n": "32",
"label": "32"}
,
{
"node": "l",
"id": "Q000299.l056be",
"ref": "Q000299.33.1",
"inst": "sila[lamb]",
"sig": "@dcclt%sux:sila₄=sila[lamb//lamb]N'N$sila/sila₄#~",
"f": {"lang": "sux",
"form": "sila₄",
"cf": "sila",
"gw": "lamb",
"sense": "lamb",
"norm0": "sila",
"pos": "N",
"epos": "N",
"base": "sila₄",
"morph": "~"}
}
,
{
"node": "l",
"id": "Q000299.l056bf",
"ref": "Q000299.33.2",
"inst": "u",
"f": {"lang": "sux",
"form": "ma-DIB-DIB",
"pos": "u"}
}
,
{
"node": "d",
"type": "line-start",
"ref": "Q000299.34",
"n": "33",
"label": "33"}
,
{
"node": "l",
"id": "Q000299.l056c0",
"ref": "Q000299.34.1",
"inst": "uzud[goat]",
"sig": "@dcclt%sux:uzud=uzud[goat//(female) goat]N'N$uzud/uzud#~",
"f": {"lang": "sux",
"form": "uzud",
"cf": "uzud",
"gw": "goat",
"sense": "(female) goat",
"norm0": "uzud",
"pos": "N",
"epos": "N",
"base": "uzud",
"morph": "~"}
}
,
{
"node": "d",
"type": "line-start",
"ref": "Q000299.35",
"n": "34",
"label": "34"}
,
{
"node": "l",
"id": "Q000299.l056c1",
"ref": "Q000299.35.1",
"inst": "uzud[goat]",
"sig": "@dcclt%sux:uzud=uzud[goat//(female) goat]N'N$uzud/uzud#~",
"f": {"lang": "sux",
"form": "uzud",
"cf": "uzud",
"gw": "goat",
"sense": "(female) goat",
"norm0": "uzud",
"pos": "N",
"epos": "N",
"base": "uzud",
"morph": "~"}
}
,
{
"node": "l",
"id": "Q000299.l056c2",
"ref": "Q000299.35.2",
"inst": "peš[pregnant]",
"sig": "@dcclt%sux:pešₓ(|ŠA₃×SAL|)=peš[thick//(to be) pregnant]V/i'V/i$peš/pešₓ(|ŠA₃×SAL|)#~",
"f": {"lang": "sux",
"form": "pešₓ(|ŠA₃×SAL|)",
"cf": "peš",
"gw": "thick",
"sense": "(to be) pregnant",
"norm0": "peš",
"pos": "V/i",
"epos": "V/i",
"base": "pešₓ(|ŠA₃×SAL|)",
"morph": "~"}
}
,
{
"node": "d",
"type": "line-start",
"ref": "Q000299.36",
"n": "35",
"label": "35"}
,
{
"node": "l",
"id": "Q000299.l056c3",
"ref": "Q000299.36.1",
"inst": "uzud[goat]",
"sig": "@dcclt%sux:uzud=uzud[goat//(female) goat]N'N$uzud/uzud#~",
"f": {"lang": "sux",
"form": "uzud",
"cf": "uzud",
"gw": "goat",
"sense": "(female) goat",
"norm0": "uzud",
"pos": "N",
"epos": "N",
"base": "uzud",
"morph": "~"}
}
,
{
"node": "l",
"id": "Q000299.l056c4",
"ref": "Q000299.36.2",
"inst": "maš[goat]",
"sig": "@dcclt%sux:maš₂=maš[goat//goat]N'N$maš/maš₂#~",
"f": {"lang": "sux",
"form": "maš₂",
"cf": "maš",
"gw": "goat",
"sense": "goat",
"norm0": "maš",
"pos": "N",
"epos": "N",
"base": "maš₂",
"morph": "~"}
}
,
{
"node": "l",
"id": "Q000299.l056c5",
"ref": "Q000299.36.3",
"inst": "gaba[chest]",
"sig": "@dcclt%sux:gaba=gaba[chest//chest]N'N$gaba/gaba#~",
"f": {"lang": "sux",
"form": "gaba",
"cf": "gaba",
"gw": "chest",
"sense": "chest",
"norm0": "gaba",
"pos": "N",
"epos": "N",
"base": "gaba",
"morph": "~"}
}
,
{
"node": "d",
"type": "line-start",
"ref": "Q000299.37",
"n": "36",
"label": "36"}
,
{
"node": "l",
"id": "Q000299.l056c6",
"ref": "Q000299.37.1",
"inst": "uzud[goat]",
"sig": "@dcclt%sux:uzud=uzud[goat//(female) goat]N'N$uzud/uzud#~",
"f": {"lang": "sux",
"form": "uzud",
"cf": "uzud",
"gw": "goat",
"sense": "(female) goat",
"norm0": "uzud",
"pos": "N",
"epos": "N",
"base": "uzud",
"morph": "~"}
}
,
{
"node": "l",
"id": "Q000299.l056c7",
"ref": "Q000299.37.2",
"inst": "gan[bear]",
"sig": "@dcclt%sux:gan=gan[bear//to bear young]V/t'V/t$gan/gan#~",
"f": {"lang": "sux",
"form": "gan",
"cf": "gan",
"gw": "bear",
"sense": "to bear young",
"norm0": "gan",
"pos": "V/t",
"epos": "V/t",
"base": "gan",
"morph": "~"}
}
,
{
"node": "d",
"type": "line-start",
"ref": "Q000299.38",
"n": "37",
"label": "37"}
,
{
"node": "l",
"id": "Q000299.l056c8",
"ref": "Q000299.38.1",
"inst": "ašgar[kid]",
"sig": "@dcclt%sux:aš₂-gar₃=ašgar[kid//female kid]N'N$ašgar/aš₂-gar₃#~",
"f": {"lang": "sux",
"form": "aš₂-gar₃",
"cf": "ašgar",
"gw": "kid",
"sense": "female kid",
"norm0": "ašgar",
"pos": "N",
"epos": "N",
"base": "aš₂-gar₃",
"morph": "~"}
}
,
{
"node": "d",
"type": "line-start",
"ref": "Q000299.39",
"n": "38",
"label": "38"}
,
{
"node": "l",
"id": "Q000299.l056c9",
"ref": "Q000299.39.1",
"inst": "LAK20[goat]",
"sig": "@dcclt%sux:LAK20=LAK20[goat//male goat]N'N$LAK20/LAK20#~",
"f": {"lang": "sux",
"form": "LAK20",
"cf": "LAK20",
"gw": "goat",
"sense": "male goat",
"norm0": "LAK20",
"pos": "N",
"epos": "N",
"base": "LAK20",
"morph": "~"}
}
,
{
"node": "d",
"type": "nonw",
"ref": ""}
,
{
"node": "d",
"type": "line-start",
"ref": "Q000299.40",
"n": "39",
"label": "39"}
,
{
"node": "l",
"id": "Q000299.l056ca",
"ref": "Q000299.40.1",
"inst": "maš[goat]",
"sig": "@dcclt%sux:maš₂=maš[goat//goat]N'N$maš/maš₂#~",
"f": {"lang": "sux",
"form": "maš₂",
"cf": "maš",
"gw": "goat",
"sense": "goat",
"norm0": "maš",
"pos": "N",
"epos": "N",
"base": "maš₂",
"morph": "~"}
}
,
{
"node": "d",
"type": "line-start",
"ref": "Q000299.41",
"n": "40",
"label": "40"}
,
{
"node": "l",
"id": "Q000299.l056cb",
"ref": "Q000299.41.1",
"inst": "maš[goat]",
"sig": "@dcclt%sux:maš₂=maš[goat//goat]N'N$maš/maš₂#~",
"f": {"lang": "sux",
"form": "maš₂",
"cf": "maš",
"gw": "goat",
"sense": "goat",
"norm0": "maš",
"pos": "N",
"epos": "N",
"base": "maš₂",
"morph": "~"}
}
,
{
"node": "l",
"id": "Q000299.l056cc",
"ref": "Q000299.41.2",
"inst": "nim[early]",
"sig": "@dcclt%sux:nim=nim[high//(to be) early]V/i'V/i$nim/nim#~",
"f": {"lang": "sux",
"form": "nim",
"cf": "nim",
"gw": "high",
"sense": "(to be) early",
"norm0": "nim",
"pos": "V/i",
"epos": "V/i",
"base": "nim",
"morph": "~"}
}
,
{
"node": "d",
"type": "line-start",
"ref": "Q000299.42",
"n": "41",
"label": "41"}
,
{
"node": "l",
"id": "Q000299.l056cd",
"ref": "Q000299.42.1",
"inst": "maš[goat]",
"sig": "@dcclt%sux:maš₂=maš[goat//goat]N'N$maš/maš₂#~",
"f": {"lang": "sux",
"form": "maš₂",
"cf": "maš",
"gw": "goat",
"sense": "goat",
"norm0": "maš",
"pos": "N",
"epos": "N",
"base": "maš₂",
"morph": "~"}
}
,
{
"node": "l",
"id": "Q000299.l056ce",
"ref": "Q000299.42.2",
"inst": "sig[late]",
"sig": "@dcclt%sux:sig=sig[weak//(to be) late]V/i'V/i$sig/sig#~",
"f": {"lang": "sux",
"form": "sig",
"cf": "sig",
"gw": "weak",
"sense": "(to be) late",
"norm0": "sig",
"pos": "V/i",
"epos": "V/i",
"base": "sig",
"morph": "~"}
}
,
{
"node": "d",
"type": "line-start",
"ref": "Q000299.43",
"n": "42",
"label": "42"}
,
{
"node": "l",
"id": "Q000299.l056cf",
"ref": "Q000299.43.1",
"inst": "udu[sheep]",
"sig": "@dcclt%sux:udu=udu[sheep//sheep]N'N$udu/udu#~",
"f": {"lang": "sux",
"form": "udu",
"cf": "udu",
"gw": "sheep",
"sense": "sheep",
"norm0": "udu",
"pos": "N",
"epos": "N",
"base": "udu",
"morph": "~"}
}
,
{
"node": "l",
"id": "Q000299.l056d0",
"ref": "Q000299.43.2",
"inst": "X",
"f": {"lang": "sux",
"form": "šu-kud",
"pos": "X"}
}
,
{
"node": "d",
"type": "line-start",
"ref": "Q000299.44",
"n": "43",
"label": "43"}
,
{
"node": "l",
"id": "Q000299.l056d1",
"ref": "Q000299.44.1",
"inst": "udu[sheep]",
"sig": "@dcclt%sux:udu=udu[sheep//sheep]N'N$udu/udu#~",
"f": {"lang": "sux",
"form": "udu",
"cf": "udu",
"gw": "sheep",
"sense": "sheep",
"norm0": "udu",
"pos": "N",
"epos": "N",
"base": "udu",
"morph": "~"}
}
,
{
"node": "l",
"id": "Q000299.l056d2",
"ref": "Q000299.44.2",
"inst": "niŋ[thing]",
"sig": "@dcclt%sux:niŋ₂=niŋ[thing//thing]N'N$niŋ/niŋ₂#~",
"f": {"lang": "sux",
"form": "niŋ₂",
"cf": "niŋ",
"gw": "thing",
"sense": "thing",
"norm0": "niŋ",
"pos": "N",
"epos": "N",
"base": "niŋ₂",
"morph": "~"}
}
,
{
"node": "c",
"type": "phrase",
"tag": "phr",
"id": "Q000299.U4",
"ref": "Q000299.ls00000",
"cdl": [
{
"node": "l",
"id": "Q000299.l056d3",
"ref": "Q000299.44.3",
"inst": "ki[earth]",
"sig": "@dcclt%sux:ki=ki[place//ground, earth, land]N'N$ki/ki#~",
"f": {"lang": "sux",
"form": "ki",
"cf": "ki",
"gw": "place",
"sense": "ground, earth, land",
"norm0": "ki",
"pos": "N",
"epos": "N",
"base": "ki",
"morph": "~"}
}
,
{
"node": "l",
"id": "Q000299.l056d4",
"ref": "Q000299.44.4",
"inst": "za[cvve]",
"sig": "@dcclt%sux:za=za[cvve//(compound verb verbal element)]V/t'V/t$za/za#~",
"f": {"lang": "sux",
"form": "za",
"cf": "za",
"gw": "cvve",
"sense": "(compound verb verbal element)",
"norm0": "za",
"pos": "V/t",
"epos": "V/t",
"base": "za",
"morph": "~"}
}
]}
,
{
"node": "d",
"type": "line-start",
"ref": "Q000299.45",
"n": "44",
"label": "44"}
,
{
"node": "l",
"id": "Q000299.l056d5",
"ref": "Q000299.45.1",
"inst": "udu[sheep]",
"sig": "@dcclt%sux:udu=udu[sheep//sheep]N'N$udu/udu#~",
"f": {"lang": "sux",
"form": "udu",
"cf": "udu",
"gw": "sheep",
"sense": "sheep",
"norm0": "udu",
"pos": "N",
"epos": "N",
"base": "udu",
"morph": "~"}
}
,
{
"node": "l",
"id": "Q000299.l056d6",
"ref": "Q000299.45.2",
"inst": "X",
"f": {"lang": "sux",
"form": "KU₇",
"pos": "X"}
}
,
{
"node": "d",
"type": "line-start",
"ref": "Q000299.46",
"n": "45",
"label": "45"}
,
{
"node": "l",
"id": "Q000299.l056d7",
"ref": "Q000299.46.1",
"inst": "kunga[equid]N",
"sig": "@dcclt%sux:{anše}kunga₂(|BAR.AN|)=kunga[equid//an equid, probably a donkey-onager cross]N'N$kunga/{anše}kunga₂(|BAR.AN|)#~",
"f": {"lang": "sux",
"form": "{anše}kunga₂(|BAR.AN|)",
"cf": "kunga",
"gw": "equid",
"sense": "an equid, probably a donkey-onager cross",
"norm0": "kunga",
"pos": "N",
"epos": "N",
"base": "{anše}kunga₂(|BAR.AN|)",
"morph": "~"}
}
,
{
"node": "d",
"type": "line-start",
"ref": "Q000299.47",
"n": "46",
"label": "46"}
,
{
"node": "l",
"id": "Q000299.l056d8",
"ref": "Q000299.47.1",
"inst": "kunga[equid]",
"sig": "@dcclt%sux:{anše}kunga₂(|BAR.AN|)=kunga[equid//an equid, probably a donkey-onager cross]N'N$kunga/{anše}kunga₂(|BAR.AN|)#~",
"f": {"lang": "sux",
"form": "{anše}kunga₂(|BAR.AN|)",
"cf": "kunga",
"gw": "equid",
"sense": "an equid, probably a donkey-onager cross",
"norm0": "kunga",
"pos": "N",
"epos": "N",
"base": "{anše}kunga₂(|BAR.AN|)",
"morph": "~"}
}
,
{
"node": "l",
"id": "Q000299.l056d9",
"ref": "Q000299.47.2",
"inst": "munus[woman]",
"sig": "@dcclt%sux:munus=munus[woman//woman]N'N$munus/munus#~",
"f": {"lang": "sux",
"form": "munus",
"cf": "munus",
"gw": "woman",
"sense": "woman",
"norm0": "munus",
"pos": "N",
"epos": "N",
"base": "munus",
"morph": "~"}
}
,
{
"node": "d",
"type": "line-start",
"ref": "Q000299.48",
"n": "47",
"label": "47"}
,
{
"node": "l",
"id": "Q000299.l056da",
"ref": "Q000299.48.1",
"inst": "+dusu[equid]N/dusuₓ(IGI)#~",
"sig": "@dcclt%sux:dusuₓ(IGI)=dusu[equid//equid]N'N$dusu/dusuₓ(IGI)#~",
"f": {"lang": "sux",
"form": "dusuₓ(IGI)",
"cf": "dusu",
"gw": "equid",
"sense": "equid",
"norm0": "dusu",
"pos": "N",
"epos": "N",
"base": "dusuₓ(IGI)",
"morph": "~"}
}
,
{
"node": "l",
"id": "Q000299.l056db",
"ref": "Q000299.48.2",
"inst": "nita[male]",
"sig": "@dcclt%sux:nita=nita[male//male]N'N$nita/nita#~",
"f": {"lang": "sux",
"form": "nita",
"cf": "nita",
"gw": "male",
"sense": "male",
"norm0": "nita",
"pos": "N",
"epos": "N",
"base": "nita",
"morph": "~"}
}
,
{
"node": "d",
"type": "line-start",
"ref": "Q000299.49",
"n": "48",
"label": "48"}
,
{
"node": "l",
"id": "Q000299.l056dc",
"ref": "Q000299.49.1",
"inst": "dusu[equid]",
"sig": "@dcclt%sux:dusuₓ(IGI)=dusu[equid//equid]N'N$dusu/dusuₓ(IGI)#~",
"f": {"lang": "sux",
"form": "dusuₓ(IGI)",
"cf": "dusu",
"gw": "equid",
"sense": "equid",
"norm0": "dusu",
"pos": "N",
"epos": "N",
"base": "dusuₓ(IGI)",
"morph": "~"}
}
,
{
"node": "l",
"id": "Q000299.l056dd",
"ref": "Q000299.49.2",
"inst": "munus[female]",
"sig": "@dcclt%sux:munus=munus[woman//female]N'N$munus/munus#~",
"f": {"lang": "sux",
"form": "munus",
"cf": "munus",
"gw": "woman",
"sense": "female",
"norm0": "munus",
"pos": "N",
"epos": "N",
"base": "munus",
"morph": "~"}
}
,
{
"node": "d",
"type": "line-start",
"ref": "Q000299.50",
"n": "49",
"label": "49"}
,
{
"node": "l",
"id": "Q000299.l056de",
"ref": "Q000299.50.1",
"inst": "+šakkan[equid]N/šagganₓ(AMA){+ga-gan}#~",
"sig": "@dcclt%sux:šagganₓ(AMA){+ga-gan}=šakkan[equid//equid]N'N$šakkan/šagganₓ(AMA){+ga-gan}#~",
"f": {"lang": "sux",
"form": "šagganₓ(AMA){+ga-gan}",
"cf": "šakkan",
"gw": "equid",
"sense": "equid",
"norm0": "šakkan",
"pos": "N",
"epos": "N",
"base": "šagganₓ(AMA){+ga-gan}",
"morph": "~"}
}
,
{
"node": "d",
"type": "line-start",
"ref": "Q000299.51",
"n": "50",
"label": "50"}
,
{
"node": "l",
"id": "Q000299.l056df",
"ref": "Q000299.51.1",
"inst": "šakkan[equid]",
"sig": "@dcclt%sux:šagganₓ(AMA){+ga-gan}=šakkan[equid//equid]N'N$šakkan/šagganₓ(AMA){+ga-gan}#~",
"f": {"lang": "sux",
"form": "šagganₓ(AMA){+ga-gan}",
"cf": "šakkan",
"gw": "equid",
"sense": "equid",
"norm0": "šakkan",
"pos": "N",
"epos": "N",
"base": "šagganₓ(AMA){+ga-gan}",
"morph": "~"}
}
,
{
"node": "l",
"id": "Q000299.l056e0",
"ref": "Q000299.51.2",
"inst": "munus[female]",
"sig": "@dcclt%sux:munus=munus[woman//female]N'N$munus/munus#~",
"f": {"lang": "sux",
"form": "munus",
"cf": "munus",
"gw": "woman",
"sense": "female",
"norm0": "munus",
"pos": "N",
"epos": "N",
"base": "munus",
"morph": "~"}
}
,
{
"node": "d",
"type": "line-start",
"ref": "Q000299.52",
"n": "51",
"label": "51"}
,
{
"node": "l",
"id": "Q000299.l056e1",
"ref": "Q000299.52.1",
"inst": "dur[donkey]",
"sig": "@dcclt%sux:durₓ(|ANŠE.UŠ|)=dur[donkey//young male donkey]N'N$dur/durₓ(|ANŠE.UŠ|)#~",
"f": {"lang": "sux",
"form": "durₓ(|ANŠE.UŠ|)",
"cf": "dur",
"gw": "donkey",
"sense": "young male donkey",
"norm0": "dur",
"pos": "N",
"epos": "N",
"base": "durₓ(|ANŠE.UŠ|)",
"morph": "~"}
}
,
{
"node": "d",
"type": "line-start",
"ref": "Q000299.53",
"n": "52",
"label": "52"}
,
{
"node": "l",
"id": "Q000299.l056e2",
"ref": "Q000299.53.1",
"inst": "gukkal[sheep]",
"sig": "@dcclt%sux:gukkal=gukkal[sheep//sheep]N'N$gukkal/gukkal#~",
"f": {"lang": "sux",
"form": "gukkal",
"cf": "gukkal",
"gw": "sheep",
"sense": "sheep",
"norm0": "gukkal",
"pos": "N",
"epos": "N",
"base": "gukkal",
"morph": "~"}
}
,
{
"node": "d",
"type": "line-start",
"ref": "Q000299.54",
"n": "53",
"label": "53"}
,
{
"node": "l",
"id": "Q000299.l056e3",
"ref": "Q000299.54.1",
"inst": "aslum[sheep]",
"sig": "@dcclt%sux:a-lum=aslum[sheep//a sheep]N'N$aslum/aslumₓ(|A.LUM|)#~",
"f": {"lang": "sux",
"form": "a-lum",
"cf": "aslum",
"gw": "sheep",
"sense": "a sheep",
"norm0": "aslum",
"pos": "N",
"epos": "N",
"base": "aslumₓ(|A.LUM|)",
"morph": "~"}
}
,
{
"node": "d",
"type": "line-start",
"ref": "Q000299.55",
"n": "54",
"label": "54"}
,
{
"node": "l",
"id": "Q000299.l056e4",
"ref": "Q000299.55.1",
"inst": "udu[sheep]",
"sig": "@dcclt%sux:udu=udu[sheep//sheep]N'N$udu/udu#~",
"f": {"lang": "sux",
"form": "udu",
"cf": "udu",
"gw": "sheep",
"sense": "sheep",
"norm0": "udu",
"pos": "N",
"epos": "N",
"base": "udu",
"morph": "~"}
}
,
{
"node": "l",
"id": "Q000299.l056e5",
"ref": "Q000299.55.2",
"inst": "kur[mountain]",
"sig": "@dcclt%sux:kur=kur[mountain//mountain]N'N$kur/kur#~",
"f": {"lang": "sux",
"form": "kur",
"cf": "kur",
"gw": "mountain",
"sense": "mountain",
"norm0": "kur",
"pos": "N",
"epos": "N",
"base": "kur",
"morph": "~"}
}
,
{
"node": "d",
"type": "line-start",
"ref": "Q000299.56",
"n": "55",
"label": "55"}
,
{
"node": "l",
"id": "Q000299.l056e6",
"ref": "Q000299.56.1",
"inst": "bilam[animal]",
"sig": "@dcclt%sux:bi₂-lam{+lum}=bilam[animal//elephant]N'N$bilam/bi₂-lam{+lum}#~",
"f": {"lang": "sux",
"form": "bi₂-lam{+lum}",
"cf": "bilam",
"gw": "animal",
"sense": "elephant",
"norm0": "bilam",
"pos": "N",
"epos": "N",
"base": "bi₂-lam{+lum}",
"morph": "~"}
}
,
{
"node": "d",
"type": "line-start",
"ref": "Q000299.57",
"n": "56",
"label": "56"}
,
{
"node": "l",
"id": "Q000299.l056e7",
"ref": "Q000299.57.1",
"inst": "maš[goat]",
"sig": "@dcclt%sux:maš=maš[goat//goat]N'N$maš/maš#~",
"f": {"lang": "sux",
"form": "maš",
"cf": "maš",
"gw": "goat",
"sense": "goat",
"norm0": "maš",
"pos": "N",
"epos": "N",
"base": "maš",
"morph": "~"}
}
,
{
"node": "l",
"id": "Q000299.l056e8",
"ref": "Q000299.57.2",
"inst": "si[horn]",
"sig": "@dcclt%sux:si=si[horn//horn]N'N$si/si#~",
"f": {"lang": "sux",
"form": "si",
"cf": "si",
"gw": "horn",
"sense": "horn",
"norm0": "si",
"pos": "N",
"epos": "N",
"base": "si",
"morph": "~"}
}
,
{
"node": "l",
"id": "Q000299.l056e9",
"ref": "Q000299.57.3",
"inst": "du[erect]",
"sig": "@dcclt%sux:du₃=du[plant//to fix upright, erect]V/t'V/t$du/du₃#~",
"f": {"lang": "sux",
"form": "du₃",
"cf": "du",
"gw": "plant",
"sense": "to fix upright, erect",
"norm0": "du",
"pos": "V/t",
"epos": "V/t",
"base": "du₃",
"morph": "~"}
}
,
{
"node": "d",
"type": "line-start",
"ref": "Q000299.58",
"n": "57",
"label": "57"}
,
{
"node": "l",
"id": "Q000299.l056ea",
"ref": "Q000299.58.1",
"inst": "lulim[stag]",
"sig": "@dcclt%sux:lulim=lulim[stag//stag]N'N$lulim/lulim#~",
"f": {"lang": "sux",
"form": "lulim",
"cf": "lulim",
"gw": "stag",
"sense": "stag",
"norm0": "lulim",
"pos": "N",
"epos": "N",
"base": "lulim",
"morph": "~"}
}
,
{
"node": "d",
"type": "line-start",
"ref": "Q000299.59",
"n": "58",
"label": "58"}
,
{
"node": "l",
"id": "Q000299.l056eb",
"ref": "Q000299.59.1",
"inst": "šeŋbar[animal]",
"sig": "@dcclt%sux:šeg₉-bar=šeŋbar[animal//animal]N'N$šeŋbar/šeŋ₉-bar#~",
"f": {"lang": "sux",
"form": "šeg₉-bar",
"cf": "šeŋbar",
"gw": "animal",
"sense": "animal",
"norm0": "šeŋbar",
"pos": "N",
"epos": "N",
"base": "šeŋ₉-bar",
"morph": "~"}
}
,
{
"node": "d",
"type": "line-start",
"ref": "Q000299.60",
"n": "59",
"label": "59"}
,
{
"node": "l",
"id": "Q000299.l056ec",
"ref": "Q000299.60.1",
"inst": "alim[bison]",
"sig": "@dcclt%sux:alim=alim[bison//bison]N'N$alim/alim#~",
"f": {"lang": "sux",
"form": "alim",
"cf": "alim",
"gw": "bison",
"sense": "bison",
"norm0": "alim",
"pos": "N",
"epos": "N",
"base": "alim",
"morph": "~"}
}
,
{
"node": "d",
"type": "line-start",
"ref": "Q000299.61",
"n": "60",
"label": "60"}
,
{
"node": "l",
"id": "Q000299.l056ed",
"ref": "Q000299.61.1",
"inst": "alim[bison]",
"sig": "@dcclt%sux:alim=alim[bison//bison]N'N$alim/alim#~",
"f": {"lang": "sux",
"form": "alim",
"cf": "alim",
"gw": "bison",
"sense": "bison",
"norm0": "alim",
"pos": "N",
"epos": "N",
"base": "alim",
"morph": "~"}
}
,
{
"node": "l",
"id": "Q000299.l056ee",
"ref": "Q000299.61.2",
"inst": "suhub[~oxen]",
"sig": "@dcclt%sux:suhubₓ(|BAR×AN|)=suhub[~oxen//a description of oxen]N'N$suhub/suhubₓ(|BAR×AN|)#~",
"f": {"lang": "sux",
"form": "suhubₓ(|BAR×AN|)",
"cf": "suhub",
"gw": "~oxen",
"sense": "a description of oxen",
"norm0": "suhub",
"pos": "N",
"epos": "N",
"base": "suhubₓ(|BAR×AN|)",
"morph": "~"}
}
,
{
"node": "d",
"type": "line-start",
"ref": "Q000299.62",
"n": "61",
"label": "61"}
,
{
"node": "l",
"id": "Q000299.l056ef",
"ref": "Q000299.62.1",
"inst": "durah[goat]",
"sig": "@dcclt%sux:durah=durah[goat//figurine of a goat]N'N$durah/durah#~",
"f": {"lang": "sux",
"form": "durah",
"cf": "durah",
"gw": "goat",
"sense": "figurine of a goat",
"norm0": "durah",
"pos": "N",
"epos": "N",
"base": "durah",
"morph": "~"}
}
,
{
"node": "l",
"id": "Q000299.l056f0",
"ref": "Q000299.62.2",
"inst": "mašda[gazelle]",
"sig": "@dcclt%sux:maš-da₃=mašda[gazelle//gazelle]N'N$mašda/maš-da₃#~",
"f": {"lang": "sux",
"form": "maš-da₃",
"cf": "mašda",
"gw": "gazelle",
"sense": "gazelle",
"norm0": "mašda",
"pos": "N",
"epos": "N",
"base": "maš-da₃",
"morph": "~"}
}
,
{
"node": "d",
"type": "line-start",
"ref": "Q000299.63",
"n": "62",
"label": "62"}
,
{
"node": "l",
"id": "Q000299.l056f1",
"ref": "Q000299.63.1",
"inst": "+ditānu[bison]N$",
"sig": "@dcclt%akk-x-earakk:ditanₓ(ELLES160)=ditānu[bison//bison]N'N$ditānu",
"f": {"lang": "akk-x-earakk",
"form": "ditanₓ(ELLES160)",
"cf": "ditānu",
"gw": "bison",
"sense": "bison",
"norm": "ditānu",
"pos": "N",
"epos": "N"}
}
,
{
"node": "d",
"type": "nonw",
"ref": ""}
,
{
"node": "d",
"type": "line-start",
"ref": "Q000299.64",
"n": "63",
"label": "63"}
,
{
"node": "l",
"id": "Q000299.l056f2",
"ref": "Q000299.64.1",
"inst": "ušumgal[lion]",
"sig": "@dcclt%sux:ušumgal=ušumgal[dragon//lion, King of the Beasts]N'N$ušumgal/ušumgal#~",
"f": {"lang": "sux",
"form": "ušumgal",
"cf": "ušumgal",
"gw": "dragon",
"sense": "lion, King of the Beasts",
"norm0": "ušumgal",
"pos": "N",
"epos": "N",
"base": "ušumgal",
"morph": "~"}
}
,
{
"node": "d",
"type": "line-start",
"ref": "Q000299.65",
"n": "64",
"label": "64"}
,
{
"node": "l",
"id": "Q000299.l056f3",
"ref": "Q000299.65.1",
"inst": "ug[lion]",
"sig": "@dcclt%sux:ug(|ZU.PIRIG|)=ug[lion//lion]N'N$ug/ug(|ZU.PIRIG|)#~",
"f": {"lang": "sux",
"form": "ug(|ZU.PIRIG|)",
"cf": "ug",
"gw": "lion",
"sense": "lion",
"norm0": "ug",
"pos": "N",
"epos": "N",
"base": "ug(|ZU.PIRIG|)",
"morph": "~"}
}
,
{
"node": "d",
"type": "line-start",
"ref": "Q000299.66",
"n": "65",
"label": "65"}
,
{
"node": "l",
"id": "Q000299.l056f4",
"ref": "Q000299.66.1",
"inst": "nemur[leopard]",
"sig": "@dcclt%sux:nemurₓ(|PIRIG.TUR|)=nemur[leopard//leopard]N'N$nemur/nemurₓ(|PIRIG.TUR|)#~",
"f": {"lang": "sux",
"form": "nemurₓ(|PIRIG.TUR|)",
"cf": "nemur",
"gw": "leopard",
"sense": "leopard",
"norm0": "nemur",
"pos": "N",
"epos": "N",
"base": "nemurₓ(|PIRIG.TUR|)",
"morph": "~"}
}
,
{
"node": "d",
"type": "nonw",
"ref": ""}
,
{
"node": "d",
"type": "line-start",
"ref": "Q000299.67",
"n": "66",
"label": "66"}
,
{
"node": "l",
"id": "Q000299.l056f5",
"ref": "Q000299.67.1",
"inst": "urbara[wolf]",
"sig": "@dcclt%sux:ur-bar=urbara[wolf//wolf]N'N$urbara/ur-bar#~",
"f": {"lang": "sux",
"form": "ur-bar",
"cf": "urbara",
"gw": "wolf",
"sense": "wolf",
"norm0": "urbara",
"pos": "N",
"epos": "N",
"base": "ur-bar",
"morph": "~"}
}
,
{
"node": "d",
"type": "line-start",
"ref": "Q000299.68",
"n": "67",
"label": "67"}
,
{
"node": "l",
"id": "Q000299.l056f6",
"ref": "Q000299.68.1",
"inst": "az[bear]",
"sig": "@dcclt%sux:az=az[bear//bear]N'N$az/az#~",
"f": {"lang": "sux",
"form": "az",
"cf": "az",
"gw": "bear",
"sense": "bear",
"norm0": "az",
"pos": "N",
"epos": "N",
"base": "az",
"morph": "~"}
}
,
{
"node": "d",
"type": "line-start",
"ref": "Q000299.69",
"n": "68",
"label": "68"}
,
{
"node": "l",
"id": "Q000299.l056f7",
"ref": "Q000299.69.1",
"inst": "kir[hyena]",
"sig": "@dcclt%sux:kiri₃-ma=kir[hyena//hyena]N'N$kir,x/kiri₃#~,x",
"f": {"lang": "sux",
"form": "kiri₃-ma",
"cf": "kir",
"gw": "hyena",
"sense": "hyena",
"norm0": "kir,x",
"pos": "N",
"epos": "N",
"base": "kiri₃",
"morph": "~,x"}
}
,
{
"node": "d",
"type": "line-start",
"ref": "Q000299.70",
"n": "69",
"label": "69"}
,
{
"node": "l",
"id": "Q000299.l056f8",
"ref": "Q000299.70.1",
"inst": "ur[dog]",
"sig": "@dcclt%sux:ur=ur[dog//dog]N'N$ur/ur#~",
"f": {"lang": "sux",
"form": "ur",
"cf": "ur",
"gw": "dog",
"sense": "dog",
"norm0": "ur",
"pos": "N",
"epos": "N",
"base": "ur",
"morph": "~"}
}
,
{
"node": "d",
"type": "line-start",
"ref": "Q000299.71",
"n": "70",
"label": "70"}
,
{
"node": "l",
"id": "Q000299.l056f9",
"ref": "Q000299.71.1",
"inst": "piriŋ[lion]",
"sig": "@dcclt%sux:piriŋ=piriŋ[lion//lion]N'N$piriŋ/piriŋ#~",
"f": {"lang": "sux",
"form": "piriŋ",
"cf": "piriŋ",
"gw": "lion",
"sense": "lion",
"norm0": "piriŋ",
"pos": "N",
"epos": "N",
"base": "piriŋ",
"morph": "~"}
}
,
{
"node": "l",
"id": "Q000299.l056fa",
"ref": "Q000299.71.2",
"inst": "X",
"f": {"lang": "sux",
"form": "bar-da₃",
"pos": "X"}
}
,
{
"node": "d",
"type": "line-start",
"ref": "Q000299.72",
"n": "71",
"label": "71"}
,
{
"node": "l",
"id": "Q000299.l056fb",
"ref": "Q000299.72.1",
"inst": "+mindinu[tiger]N$mundinum",
"sig": "@dcclt%akk-x-earakk:mun-di₃-num₂=mindinu[tiger//tiger]N'N$mundinum",
"f": {"lang": "akk-x-earakk",
"form": "mun-di₃-num₂",
"cf": "mindinu",
"gw": "tiger",
"sense": "tiger",
"norm": "mundinum",
"pos": "N",
"epos": "N"}
}
,
{
"node": "d",
"type": "line-start",
"ref": "Q000299.73",
"n": "72",
"label": "72"}
,
{
"node": "l",
"id": "Q000299.l056fc",
"ref": "Q000299.73.1",
"inst": "šah[pig]",
"sig": "@dcclt%sux:šah₂=šah[pig//pig]N'N$šah/šah₂#~",
"f": {"lang": "sux",
"form": "šah₂",
"cf": "šah",
"gw": "pig",
"sense": "pig",
"norm0": "šah",
"pos": "N",
"epos": "N",
"base": "šah₂",
"morph": "~"}
}
,
{
"node": "d",
"type": "line-start",
"ref": "Q000299.74",
"n": "73",
"label": "73"}
,
{
"node": "c",
"type": "phrase",
"tag": "phr",
"id": "Q000299.U5",
"ref": "Q000299.ls00001",
"cdl": [
{
"node": "l",
"id": "Q000299.l056fd",
"ref": "Q000299.74.1",
"inst": "šah[pig]",
"sig": "@dcclt%sux:šah₂=šah[pig//pig]N'N$šah/šah₂#~",
"f": {"lang": "sux",
"form": "šah₂",
"cf": "šah",
"gw": "pig",
"sense": "pig",
"norm0": "šah",
"pos": "N",
"epos": "N",
"base": "šah₂",
"morph": "~"}
}
,
{
"node": "l",
"id": "Q000299.l056fe",
"ref": "Q000299.74.2",
"inst": "gi[thicket]",
"sig": "@dcclt%sux:{ŋeš}gi=gi[thicket//reed thicket]N'N$gi/{ŋeš}gi#~",
"f": {"lang": "sux",
"form": "{ŋeš}gi",
"cf": "gi",
"gw": "thicket",
"sense": "reed thicket",
"norm0": "gi",
"pos": "N",
"epos": "N",
"base": "{ŋeš}gi",
"morph": "~"}
}
]}
,
{
"node": "d",
"type": "line-start",
"ref": "Q000299.75",
"n": "74",
"label": "74"}
,
{
"node": "l",
"id": "Q000299.l056ff",
"ref": "Q000299.75.1",
"inst": "X",
"f": {"lang": "sux",
"form": "ZU",
"pos": "X"}
}
,
{
"node": "l",
"id": "Q000299.l05700",
"ref": "Q000299.75.2",
"inst": "piriŋ[lion]",
"sig": "@dcclt%sux:piriŋ=piriŋ[lion//lion]N'N$piriŋ/piriŋ#~",
"f": {"lang": "sux",
"form": "piriŋ",
"cf": "piriŋ",
"gw": "lion",
"sense": "lion",
"norm0": "piriŋ",
"pos": "N",
"epos": "N",
"base": "piriŋ",
"morph": "~"}
}
,
{
"node": "d",
"type": "nonw",
"ref": ""}
,
{
"node": "d",
"type": "line-start",
"ref": "Q000299.76",
"n": "75",
"label": "75"}
,
{
"node": "l",
"id": "Q000299.l05701",
"ref": "Q000299.76.1",
"inst": "X",
"f": {"lang": "sux",
"form": "SU",
"pos": "X"}
}
,
{
"node": "l",
"id": "Q000299.l05702",
"ref": "Q000299.76.2",
"inst": "kir[hyena]",
"sig": "@dcclt%sux:kir₄=kir[hyena//hyena]N'N$kir/kir₄#~",
"f": {"lang": "sux",
"form": "kir₄",
"cf": "kir",
"gw": "hyena",
"sense": "hyena",
"norm0": "kir",
"pos": "N",
"epos": "N",
"base": "kir₄",
"morph": "~"}
}
,
{
"node": "d",
"type": "line-start",
"ref": "Q000299.77",
"n": "76",
"label": "76"}
,
{
"node": "l",
"id": "Q000299.l05703",
"ref": "Q000299.77.1",
"inst": "X",
"f": {"lang": "sux",
"form": "ZU",
"pos": "X"}
}
,
{
"node": "l",
"id": "Q000299.l05704",
"ref": "Q000299.77.2",
"inst": "anše[donkey]",
"sig": "@dcclt%sux:anše=anše[equid//equid, donkey]N'N$anše/anše#~",
"f": {"lang": "sux",
"form": "anše",
"cf": "anše",
"gw": "equid",
"sense": "equid, donkey",
"norm0": "anše",
"pos": "N",
"epos": "N",
"base": "anše",
"morph": "~"}
}
,
{
"node": "d",
"type": "line-start",
"ref": "Q000299.78",
"n": "77",
"label": "77"}
,
{
"node": "l",
"id": "Q000299.l05705",
"ref": "Q000299.78.1",
"inst": "X",
"f": {"lang": "sux",
"form": "ZU",
"pos": "X"}
}
,
{
"node": "l",
"id": "Q000299.l05706",
"ref": "Q000299.78.2",
"inst": "X",
"f": {"lang": "sux",
"form": "RI",
"pos": "X"}
}
,
{
"node": "d",
"type": "line-start",
"ref": "Q000299.79",
"n": "78",
"label": "78"}
,
{
"node": "l",
"id": "Q000299.l05707",
"ref": "Q000299.79.1",
"inst": "kuda[animal]",
"sig": "@dcclt%sux:kud-da=kuda[animal//an animal]N'N$kuda/kud-da#~",
"f": {"lang": "sux",
"form": "kud-da",
"cf": "kuda",
"gw": "animal",
"sense": "an animal",
"norm0": "kuda",
"pos": "N",
"epos": "N",
"base": "kud-da",
"morph": "~"}
}
,
{
"node": "d",
"type": "line-start",
"ref": "Q000299.80",
"n": "79",
"label": "79"}
,
{
"node": "l",
"id": "Q000299.l05708",
"ref": "Q000299.80.1",
"inst": "X",
"f": {"lang": "sux",
"form": "ŋuruš-TAR",
"pos": "X"}
}
,
{
"node": "d",
"type": "line-start",
"ref": "Q000299.81",
"n": "80",
"label": "80"}
,
{
"node": "l",
"id": "Q000299.l05709",
"ref": "Q000299.81.1",
"inst": "u",
"f": {"lang": "sux",
"form": "TUR-du₆",
"pos": "u"}
}
,
{
"node": "d",
"type": "line-start",
"ref": "Q000299.82",
"n": "81",
"label": "81"}
,
{
"node": "l",
"id": "Q000299.l0570a",
"ref": "Q000299.82.1",
"inst": "u",
"f": {"lang": "sux",
"form": "x",
"pos": "u"}
}
,
{
"node": "d",
"type": "line-start",
"ref": "Q000299.83",
"n": "82",
"label": "82"}
,
{
"node": "l",
"id": "Q000299.l0570b",
"ref": "Q000299.83.1",
"inst": "u",
"f": {"lang": "sux",
"form": "x-x",
"pos": "u"}
}
,
{
"node": "d",
"type": "line-start",
"ref": "Q000299.84",
"n": "83",
"label": "83"}
,
{
"node": "l",
"id": "Q000299.l0570c",
"ref": "Q000299.84.1",
"inst": "u",
"f": {"lang": "sux",
"form": "x",
"pos": "u"}
}
,
{
"node": "d",
"type": "line-start",
"ref": "Q000299.85",
"n": "84",
"label": "84"}
,
{
"node": "l",
"id": "Q000299.l0570d",
"ref": "Q000299.85.1",
"inst": "peš[mouse]",
"sig": "@dcclt%sux:peš₂=peš[mouse//a large mouse]N'N$peš/peš₂#~",
"f": {"lang": "sux",
"form": "peš₂",
"cf": "peš",
"gw": "mouse",
"sense": "a large mouse",
"norm0": "peš",
"pos": "N",
"epos": "N",
"base": "peš₂",
"morph": "~"}
}
,
{
"node": "d",
"type": "line-start",
"ref": "Q000299.86",
"n": "85",
"label": "85"}
,
{
"node": "l",
"id": "Q000299.l0570e",
"ref": "Q000299.86.1",
"inst": "peš[mouse]",
"sig": "@dcclt%sux:peš₂=peš[mouse//a large mouse]N'N$peš/peš₂#~",
"f": {"lang": "sux",
"form": "peš₂",
"cf": "peš",
"gw": "mouse",
"sense": "a large mouse",
"norm0": "peš",
"pos": "N",
"epos": "N",
"base": "peš₂",
"morph": "~"}
}
,
{
"node": "l",
"id": "Q000299.l0570f",
"ref": "Q000299.86.2",
"inst": "kur[mountain]",
"sig": "@dcclt%sux:kur=kur[mountain//mountain]N'N$kur/kur#~",
"f": {"lang": "sux",
"form": "kur",
"cf": "kur",
"gw": "mountain",
"sense": "mountain",
"norm0": "kur",
"pos": "N",
"epos": "N",
"base": "kur",
"morph": "~"}
}
,
{
"node": "d",
"type": "line-start",
"ref": "Q000299.87",
"n": "86",
"label": "86"}
,
{
"node": "l",
"id": "Q000299.l05710",
"ref": "Q000299.87.1",
"inst": "peš[mouse]",
"sig": "@dcclt%sux:peš₂=peš[mouse//a large mouse]N'N$peš/peš₂#~",
"f": {"lang": "sux",
"form": "peš₂",
"cf": "peš",
"gw": "mouse",
"sense": "a large mouse",
"norm0": "peš",
"pos": "N",
"epos": "N",
"base": "peš₂",
"morph": "~"}
}
,
{
"node": "l",
"id": "Q000299.l05711",
"ref": "Q000299.87.2",
"inst": "u",
"f": {"lang": "sux",
"form": "za",
"pos": "u"}
}
,
{
"node": "d",
"type": "line-start",
"ref": "Q000299.88",
"n": "87",
"label": "87"}
,
{
"node": "l",
"id": "Q000299.l05712",
"ref": "Q000299.88.1",
"inst": "u",
"f": {"lang": "sux",
"form": "za-bar-HU",
"pos": "u"}
}
,
{
"node": "d",
"type": "line-start",
"ref": "Q000299.89",
"n": "88",
"label": "88"}
,
{
"node": "l",
"id": "Q000299.l05713",
"ref": "Q000299.89.1",
"inst": "u",
"f": {"lang": "sux",
"form": "PEŠ₂(LAK247)",
"pos": "u"}
}
,
{
"node": "d",
"type": "line-start",
"ref": "Q000299.90",
"n": "89",
"label": "89"}
,
{
"node": "l",
"id": "Q000299.l05714",
"ref": "Q000299.90.1",
"inst": "u",
"f": {"lang": "sux",
"form": "{NIN}PEŠ₂(LAK247)-sal₄",
"pos": "u"}
}
,
{
"node": "d",
"type": "line-start",
"ref": "Q000299.91",
"n": "90",
"label": "90"}
,
{
"node": "l",
"id": "Q000299.l05715",
"ref": "Q000299.91.1",
"inst": "X",
"f": {"lang": "sux",
"form": "ze₂-PEŠ₂-keš₂",
"pos": "X"}
}
,
{
"node": "d",
"type": "line-start",
"ref": "Q000299.92",
"n": "91",
"label": "91"}
,
{
"node": "l",
"id": "Q000299.l05716",
"ref": "Q000299.92.1",
"inst": "+humṣīru[(large) mouse]N$hamunṣīrum",
"sig": "@dcclt%akk-x-earakk:ha-mun-ṣi₂-lum=humṣīru[(large) mouse//(large) mouse]N'N$hamunṣīrum",
"f": {"lang": "akk-x-earakk",
"form": "ha-mun-ṣi₂-lum",
"cf": "humṣīru",
"gw": "(large) mouse",
"sense": "(large) mouse",
"norm": "hamunṣīrum",
"pos": "N",
"epos": "N"}
}
,
{
"node": "d",
"type": "line-start",
"ref": "Q000299.93",
"n": "92",
"label": "92"}
,
{
"node": "l",
"id": "Q000299.l05717",
"ref": "Q000299.93.1",
"inst": "X",
"f": {"lang": "sux",
"form": "ŋuruš-keš₂",
"pos": "X"}
}
,
{
"node": "d",
"type": "line-start",
"ref": "Q000299.94",
"n": "93",
"label": "93"}
,
{
"node": "l",
"id": "Q000299.l05718",
"ref": "Q000299.94.1",
"inst": "ninka[mongoose]",
"sig": "@dcclt%sux:nin-ka₆=ninka[mongoose//mongoose]N'N$ninka/nin-ka₆#~",
"f": {"lang": "sux",
"form": "nin-ka₆",
"cf": "ninka",
"gw": "mongoose",
"sense": "mongoose",
"norm0": "ninka",
"pos": "N",
"epos": "N",
"base": "nin-ka₆",
"morph": "~"}
}
,
{
"node": "d",
"type": "line-start",
"ref": "Q000299.95",
"n": "94",
"label": "94"}
,
{
"node": "l",
"id": "Q000299.l05719",
"ref": "Q000299.95.1",
"inst": "ninkilim[mongoose]",
"sig": "@dcclt%sux:nin-kilim{+gi-li₂}=ninkilim[mongoose//mongoose]N'N$ninkilim/nin-kilim{+gi-li₂}#~",
"f": {"lang": "sux",
"form": "nin-kilim{+gi-li₂}",
"cf": "ninkilim",
"gw": "mongoose",
"sense": "mongoose",
"norm0": "ninkilim",
"pos": "N",
"epos": "N",
"base": "nin-kilim{+gi-li₂}",
"morph": "~"}
}
,
{
"node": "d",
"type": "line-start",
"ref": "Q000299.96",
"n": "95",
"label": "95"}
,
{
"node": "l",
"id": "Q000299.l0571a",
"ref": "Q000299.96.1",
"inst": "X",
"f": {"lang": "sux",
"form": "nin-PEŠ₂{+sa-ra}",
"pos": "X"}
}
,
{
"node": "d",
"type": "line-start",
"ref": "Q000299.97",
"n": "96",
"label": "96"}
,
{
"node": "l",
"id": "Q000299.l0571b",
"ref": "Q000299.97.1",
"inst": "%sux:nin-PEŠ₂=",
"f": {"lang": "sux",
"form": "nin-PEŠ₂"}
}
,
{
"node": "l",
"id": "Q000299.l0571c",
"ref": "Q000299.97.2",
"inst": "%sux:DU=",
"f": {"lang": "sux",
"form": "DU"}
}
,
{
"node": "d",
"type": "line-start",
"ref": "Q000299.98",
"n": "97",
"label": "97"}
,
{
"node": "l",
"id": "Q000299.l0571d",
"ref": "Q000299.98.1",
"inst": "niŋbuna[turtle]",
"sig": "@dcclt%sux:niŋ₂-u₉-na=niŋbuna[turtle//turtle]N'N$niŋbuna/niŋ₂-u₉-na#~",
"f": {"lang": "sux",
"form": "niŋ₂-u₉-na",
"cf": "niŋbuna",
"gw": "turtle",
"sense": "turtle",
"norm0": "niŋbuna",
"pos": "N",
"epos": "N",
"base": "niŋ₂-u₉-na",
"morph": "~"}
}
,
{
"node": "d",
"type": "line-start",
"ref": "Q000299.99",
"n": "98",
"label": "98"}
,
{
"node": "l",
"id": "Q000299.l0571e",
"ref": "Q000299.99.1",
"inst": "X",
"f": {"lang": "sux",
"form": "NI-PEŠ₂",
"pos": "X"}
}
,
{
"node": "d",
"type": "nonw",
"ref": ""}
,
{
"node": "d",
"type": "line-start",
"ref": "Q000299.100",
"n": "99",
"label": "99"}
,
{
"node": "l",
"id": "Q000299.l0571f",
"ref": "Q000299.100.1",
"inst": "gud[ox]",
"sig": "@dcclt%sux:gud=gud[ox//bull, ox]N'N$gud/gud#~",
"f": {"lang": "sux",
"form": "gud",
"cf": "gud",
"gw": "ox",
"sense": "bull, ox",
"norm0": "gud",
"pos": "N",
"epos": "N",
"base": "gud",
"morph": "~"}
}
,
{
"node": "l",
"id": "Q000299.l05720",
"ref": "Q000299.100.2",
"inst": "a[water]",
"sig": "@dcclt%sux:a=a[water//water]N'N$a/a#~",
"f": {"lang": "sux",
"form": "a",
"cf": "a",
"gw": "water",
"sense": "water",
"norm0": "a",
"pos": "N",
"epos": "N",
"base": "a",
"morph": "~"}
}
,
{
"node": "d",
"type": "nonw",
"ref": ""}
,
{
"node": "d",
"type": "line-start",
"ref": "Q000299.101",
"n": "100",
"label": "100"}
,
{
"node": "l",
"id": "Q000299.l05721",
"ref": "Q000299.101.1",
"inst": "+kun[tail//lizard]N'N/kun#~",
"sig": "@dcclt%sux:kun=kun[tail//lizard]N'N$kun/kun#~",
"f": {"lang": "sux",
"form": "kun",
"cf": "kun",
"gw": "tail",
"sense": "lizard",
"norm0": "kun",
"pos": "N",
"epos": "N",
"base": "kun",
"morph": "~"}
}
,
{
"node": "d",
"type": "line-start",
"ref": "Q000299.102",
"n": "101",
"label": "101"}
,
{
"node": "l",
"id": "Q000299.l05722",
"ref": "Q000299.102.1",
"inst": "u",
"f": {"lang": "sux",
"form": "LAK672-ga-X",
"pos": "u"}
}
,
{
"node": "d",
"type": "line-start",
"ref": "Q000299.103",
"n": "102",
"label": "102"}
,
{
"node": "l",
"id": "Q000299.l05723",
"ref": "Q000299.103.1",
"inst": "%sux:x=",
"f": {"lang": "sux",
"form": "x"}
}
,
{
"node": "d",
"type": "line-start",
"ref": "Q000299.104",
"n": "103",
"label": "103"}
,
{
"node": "l",
"id": "Q000299.l05724",
"ref": "Q000299.104.1",
"inst": "%sux:x=",
"f": {"lang": "sux",
"form": "x"}
}
,
{
"node": "d",
"type": "line-start",
"ref": "Q000299.105",
"n": "104",
"label": "104"}
,
{
"node": "l",
"id": "Q000299.l05725",
"ref": "Q000299.105.1",
"inst": "muš[snake]",
"sig": "@dcclt%sux:muš=muš[snake//snake]N'N$muš/muš#~",
"f": {"lang": "sux",
"form": "muš",
"cf": "muš",
"gw": "snake",
"sense": "snake",
"norm0": "muš",
"pos": "N",
"epos": "N",
"base": "muš",
"morph": "~"}
}
,
{
"node": "d",
"type": "line-start",
"ref": "Q000299.106",
"n": "105",
"label": "105"}
,
{
"node": "l",
"id": "Q000299.l05726",
"ref": "Q000299.106.1",
"inst": "muš[snake]",
"sig": "@dcclt%sux:muš=muš[snake//snake]N'N$muš/muš#~",
"f": {"lang": "sux",
"form": "muš",
"cf": "muš",
"gw": "snake",
"sense": "snake",
"norm0": "muš",
"pos": "N",
"epos": "N",
"base": "muš",
"morph": "~"}
}
,
{
"node": "l",
"id": "Q000299.l05727",
"ref": "Q000299.106.2",
"inst": "min[two]",
"sig": "@dcclt%sux:min=min[two//two]NU'NU$min/min#~",
"f": {"lang": "sux",
"form": "min",
"cf": "min",
"gw": "two",
"sense": "two",
"norm0": "min",
"pos": "NU",
"epos": "NU",
"base": "min",
"morph": "~"}
}
,
{
"node": "l",
"id": "Q000299.l05728",
"ref": "Q000299.106.3",
"inst": "saŋ[head]",
"sig": "@dcclt%sux:saŋ=saŋ[head//head]N'N$saŋ/saŋ#~",
"f": {"lang": "sux",
"form": "saŋ",
"cf": "saŋ",
"gw": "head",
"sense": "head",
"norm0": "saŋ",
"pos": "N",
"epos": "N",
"base": "saŋ",
"morph": "~"}
}
,
{
"node": "d",
"type": "line-start",
"ref": "Q000299.107",
"n": "106",
"label": "106"}
,
{
"node": "l",
"id": "Q000299.l05729",
"ref": "Q000299.107.1",
"inst": "muš[snake]",
"sig": "@dcclt%sux:muš=muš[snake//snake]N'N$muš/muš#~",
"f": {"lang": "sux",
"form": "muš",
"cf": "muš",
"gw": "snake",
"sense": "snake",
"norm0": "muš",
"pos": "N",
"epos": "N",
"base": "muš",
"morph": "~"}
}
,
{
"node": "l",
"id": "Q000299.l0572a",
"ref": "Q000299.107.2",
"inst": "+ŋušur[beam]N/ur₃#~",
"sig": "@dcclt%sux:ur₃=ŋušur[beam//beam]N'N$ŋušur/ur₃#~",
"f": {"lang": "sux",
"form": "ur₃",
"cf": "ŋušur",
"gw": "beam",
"sense": "beam",
"norm0": "ŋušur",
"pos": "N",
"epos": "N",
"base": "ur₃",
"morph": "~"}
}
,
{
"node": "d",
"type": "line-start",
"ref": "Q000299.108",
"n": "107",
"label": "107"}
,
{
"node": "l",
"id": "Q000299.l0572b",
"ref": "Q000299.108.1",
"inst": "muš[snake]",
"sig": "@dcclt%sux:muš=muš[snake//snake]N'N$muš/muš#~",
"f": {"lang": "sux",
"form": "muš",
"cf": "muš",
"gw": "snake",
"sense": "snake",
"norm0": "muš",
"pos": "N",
"epos": "N",
"base": "muš",
"morph": "~"}
}
,
{
"node": "l",
"id": "Q000299.l0572c",
"ref": "Q000299.108.2",
"inst": "X",
"f": {"lang": "sux",
"form": "ba-dur",
"pos": "X"}
}
,
{
"node": "d",
"type": "line-start",
"ref": "Q000299.109",
"n": "108",
"label": "108"}
,
{
"node": "l",
"id": "Q000299.l0572d",
"ref": "Q000299.109.1",
"inst": "mušmah[creature]",
"sig": "@dcclt%sux:muš-mah=mušmah[creature//a mythical creature]N'N$mušmah/muš-mah#~",
"f": {"lang": "sux",
"form": "muš-mah",
"cf": "mušmah",
"gw": "creature",
"sense": "a mythical creature",
"norm0": "mušmah",
"pos": "N",
"epos": "N",
"base": "muš-mah",
"morph": "~"}
}
,
{
"node": "d",
"type": "line-start",
"ref": "Q000299.110",
"n": "109",
"label": "109"}
,
{
"node": "l",
"id": "Q000299.l0572e",
"ref": "Q000299.110.1",
"inst": "muš[snake]",
"sig": "@dcclt%sux:muš=muš[snake//snake]N'N$muš/muš#~",
"f": {"lang": "sux",
"form": "muš",
"cf": "muš",
"gw": "snake",
"sense": "snake",
"norm0": "muš",
"pos": "N",
"epos": "N",
"base": "muš",
"morph": "~"}
}
,
{
"node": "l",
"id": "Q000299.l0572f",
"ref": "Q000299.110.2",
"inst": "+Nirah[]DN/nirah#~",
"sig": "@dcclt%sux:nirah=Nirah[1//1]DN'DN$Nirah/nirah#~",
"f": {"lang": "sux",
"form": "nirah",
"cf": "Nirah",
"gw": "1",
"sense": "1",
"norm0": "Nirah",
"pos": "DN",
"epos": "DN",
"base": "nirah",
"morph": "~"}
}
,
{
"node": "d",
"type": "line-start",
"ref": "Q000299.111",
"n": "110",
"label": "110"}
,
{
"node": "l",
"id": "Q000299.l05730",
"ref": "Q000299.111.1",
"inst": "muš[snake]",
"sig": "@dcclt%sux:muš=muš[snake//snake]N'N$muš/muš#~",
"f": {"lang": "sux",
"form": "muš",
"cf": "muš",
"gw": "snake",
"sense": "snake",
"norm0": "muš",
"pos": "N",
"epos": "N",
"base": "muš",
"morph": "~"}
}
,
{
"node": "l",
"id": "Q000299.l05731",
"ref": "Q000299.111.2",
"inst": "X",
"f": {"lang": "sux",
"form": "URUDA",
"pos": "X"}
}
,
{
"node": "d",
"type": "line-start",
"ref": "Q000299.112",
"n": "111",
"label": "111"}
,
{
"node": "l",
"id": "Q000299.l05732",
"ref": "Q000299.112.1",
"inst": "muš[snake]",
"sig": "@dcclt%sux:muš=muš[snake//snake]N'N$muš/muš#~",
"f": {"lang": "sux",
"form": "muš",
"cf": "muš",
"gw": "snake",
"sense": "snake",
"norm0": "muš",
"pos": "N",
"epos": "N",
"base": "muš",
"morph": "~"}
}
,
{
"node": "l",
"id": "Q000299.l05733",
"ref": "Q000299.112.2",
"inst": "ŋeštin[vine]",
"sig": "@dcclt%sux:ŋeštin=ŋeštin[vine//vine]N'N$ŋeštin/ŋeštin#~",
"f": {"lang": "sux",
"form": "ŋeštin",
"cf": "ŋeštin",
"gw": "vine",
"sense": "vine",
"norm0": "ŋeštin",
"pos": "N",
"epos": "N",
"base": "ŋeštin",
"morph": "~"}
}
,
{
"node": "d",
"type": "line-start",
"ref": "Q000299.113",
"n": "112",
"label": "112"}
,
{
"node": "l",
"id": "Q000299.l05734",
"ref": "Q000299.113.1",
"inst": "muš[snake]",
"sig": "@dcclt%sux:muš=muš[snake//snake]N'N$muš/muš#~",
"f": {"lang": "sux",
"form": "muš",
"cf": "muš",
"gw": "snake",
"sense": "snake",
"norm0": "muš",
"pos": "N",
"epos": "N",
"base": "muš",
"morph": "~"}
}
,
{
"node": "l",
"id": "Q000299.l05735",
"ref": "Q000299.113.2",
"inst": "X",
"f": {"lang": "sux",
"form": "za-tum",
"pos": "X"}
}
,
{
"node": "d",
"type": "line-start",
"ref": "Q000299.114",
"n": "113",
"label": "113"}
,
{
"node": "l",
"id": "Q000299.l05736",
"ref": "Q000299.114.1",
"inst": "muš[snake]",
"sig": "@dcclt%sux:muš=muš[snake//snake]N'N$muš/muš#~",
"f": {"lang": "sux",
"form": "muš",
"cf": "muš",
"gw": "snake",
"sense": "snake",
"norm0": "muš",
"pos": "N",
"epos": "N",
"base": "muš",
"morph": "~"}
}
,
{
"node": "l",
"id": "Q000299.l05737",
"ref": "Q000299.114.2",
"inst": "a[water]",
"sig": "@dcclt%sux:a=a[water//water]N'N$a/a#~",
"f": {"lang": "sux",
"form": "a",
"cf": "a",
"gw": "water",
"sense": "water",
"norm0": "a",
"pos": "N",
"epos": "N",
"base": "a",
"morph": "~"}
}
,
{
"node": "d",
"type": "line-start",
"ref": "Q000299.115",
"n": "114",
"label": "114"}
,
{
"node": "l",
"id": "Q000299.l05738",
"ref": "Q000299.115.1",
"inst": "u",
"f": {"lang": "sux",
"form": "GIDIM",
"pos": "u"}
}
,
{
"node": "l",
"id": "Q000299.l05739",
"ref": "Q000299.115.2",
"inst": "u",
"f": {"lang": "sux",
"form": "x",
"pos": "u"}
}
,
{
"node": "d",
"type": "line-start",
"ref": "Q000299.116",
"n": "115",
"label": "115"}
,
{
"node": "l",
"id": "Q000299.l0573a",
"ref": "Q000299.116.1",
"inst": "X",
"f": {"lang": "sux",
"form": "niŋ₂-|(PAP.PAP)&(PAP.PAP)|-na",
"pos": "X"}
}
,
{
"node": "d",
"type": "line-start",
"ref": "Q000299.117",
"n": "116",
"label": "116"}
,
{
"node": "l",
"id": "Q000299.l0573b",
"ref": "Q000299.117.1",
"inst": "muš[snake]",
"sig": "@dcclt%sux:muš=muš[snake//snake]N'N$muš/muš#~",
"f": {"lang": "sux",
"form": "muš",
"cf": "muš",
"gw": "snake",
"sense": "snake",
"norm0": "muš",
"pos": "N",
"epos": "N",
"base": "muš",
"morph": "~"}
}
,
{
"node": "l",
"id": "Q000299.l0573c",
"ref": "Q000299.117.2",
"inst": "u",
"f": {"lang": "sux",
"form": "x",
"pos": "u"}
}
,
{
"node": "d",
"type": "line-start",
"ref": "Q000299.118",
"n": "117",
"label": "117"}
,
{
"node": "l",
"id": "Q000299.l0573d",
"ref": "Q000299.118.1",
"inst": "uman[insect]",
"sig": "@dcclt%sux:umanₓ(|HI×AŠ₂|)=uman[insect//insect(s), bug(s)]N'N$uman/umanₓ(|HI×AŠ₂|)#~",
"f": {"lang": "sux",
"form": "umanₓ(|HI×AŠ₂|)",
"cf": "uman",
"gw": "insect",
"sense": "insect(s), bug(s)",
"norm0": "uman",
"pos": "N",
"epos": "N",
"base": "umanₓ(|HI×AŠ₂|)",
"morph": "~"}
}
,
{
"node": "d",
"type": "line-start",
"ref": "Q000299.119",
"n": "118",
"label": "118"}
,
{
"node": "l",
"id": "Q000299.l0573e",
"ref": "Q000299.119.1",
"inst": "eh[insect]",
"sig": "@dcclt%sux:eh-eh=eh[insect//insect]N'N$eh/eh-eh#~",
"f": {"lang": "sux",
"form": "eh-eh",
"cf": "eh",
"gw": "insect",
"sense": "insect",
"norm0": "eh",
"pos": "N",
"epos": "N",
"base": "eh-eh",
"morph": "~"}
}
,
{
"node": "d",
"type": "line-start",
"ref": "Q000299.120",
"n": "119",
"label": "119"}
,
{
"node": "l",
"id": "Q000299.l0573f",
"ref": "Q000299.120.1",
"inst": "eh[insect]",
"sig": "@dcclt%sux:eh=eh[insect//insect]N'N$eh/eh#~",
"f": {"lang": "sux",
"form": "eh",
"cf": "eh",
"gw": "insect",
"sense": "insect",
"norm0": "eh",
"pos": "N",
"epos": "N",
"base": "eh",
"morph": "~"}
}
,
{
"node": "l",
"id": "Q000299.l05740",
"ref": "Q000299.120.2",
"inst": "še[barley]",
"sig": "@dcclt%sux:še=še[barley//barley]N'N$še/še#~",
"f": {"lang": "sux",
"form": "še",
"cf": "še",
"gw": "barley",
"sense": "barley",
"norm0": "še",
"pos": "N",
"epos": "N",
"base": "še",
"morph": "~"}
}
,
{
"node": "d",
"type": "line-start",
"ref": "Q000299.121",
"n": "120",
"label": "120"}
,
{
"node": "l",
"id": "Q000299.l05741",
"ref": "Q000299.121.1",
"inst": "+giriš[butterfly]N/girišₓ(|HI×AŠ₂|)#~",
"sig": "@dcclt%sux:girišₓ(|HI×AŠ₂|)=giriš[butterfly//butterfly]N'N$giriš/girišₓ(|HI×AŠ₂|)#~",
"f": {"lang": "sux",
"form": "girišₓ(|HI×AŠ₂|)",
"cf": "giriš",
"gw": "butterfly",
"sense": "butterfly",
"norm0": "giriš",
"pos": "N",
"epos": "N",
"base": "girišₓ(|HI×AŠ₂|)",
"morph": "~"}
}
,
{
"node": "d",
"type": "line-start",
"ref": "Q000299.122",
"n": "121",
"label": "121"}
,
{
"node": "l",
"id": "Q000299.l05742",
"ref": "Q000299.122.1",
"inst": "uman[insect]",
"sig": "@dcclt%sux:umanₓ(|HI×AŠ₂|)=uman[insect//insect(s), bug(s)]N'N$uman/umanₓ(|HI×AŠ₂|)#~",
"f": {"lang": "sux",
"form": "umanₓ(|HI×AŠ₂|)",
"cf": "uman",
"gw": "insect",
"sense": "insect(s), bug(s)",
"norm0": "uman",
"pos": "N",
"epos": "N",
"base": "umanₓ(|HI×AŠ₂|)",
"morph": "~"}
}
,
{
"node": "l",
"id": "Q000299.l05743",
"ref": "Q000299.122.2",
"inst": "u",
"f": {"lang": "sux",
"form": "x",
"pos": "u"}
}
,
{
"node": "d",
"type": "line-start",
"ref": "Q000299.123",
"n": "122",
"label": "122"}
,
{
"node": "l",
"id": "Q000299.l05744",
"ref": "Q000299.123.1",
"inst": "u",
"f": {"lang": "sux",
"form": "x",
"pos": "u"}
}
,
{
"node": "d",
"type": "line-start",
"ref": "Q000299.124",
"n": "123",
"label": "123"}
,
{
"node": "l",
"id": "Q000299.l05745",
"ref": "Q000299.124.1",
"inst": "u",
"f": {"lang": "sux",
"form": "x",
"pos": "u"}
}
,
{
"node": "d",
"type": "line-start",
"ref": "Q000299.125",
"n": "124",
"label": "124"}
,
{
"node": "l",
"id": "Q000299.l05746",
"ref": "Q000299.125.1",
"inst": "u",
"f": {"lang": "sux",
"form": "x",
"pos": "u"}
}
,
{
"node": "d",
"type": "line-start",
"ref": "Q000299.126",
"n": "125",
"label": "125"}
,
{
"node": "l",
"id": "Q000299.l05747",
"ref": "Q000299.126.1",
"inst": "bir[locust]",
"sig": "@dcclt%sux:bir₅=bir[locust//locust]N'N$bir/bir₅#~",
"f": {"lang": "sux",
"form": "bir₅",
"cf": "bir",
"gw": "locust",
"sense": "locust",
"norm0": "bir",
"pos": "N",
"epos": "N",
"base": "bir₅",
"morph": "~"}
}
,
{
"node": "l",
"id": "Q000299.l05748",
"ref": "Q000299.126.2",
"inst": "u",
"f": {"lang": "sux",
"form": "x",
"pos": "u"}
}
,
{
"node": "d",
"type": "line-start",
"ref": "Q000299.127",
"n": "126",
"label": "126"}
,
{
"node": "l",
"id": "Q000299.l05749",
"ref": "Q000299.127.1",
"inst": "+bir[locust]N/bir₅-bir₅#~",
"sig": "@dcclt%sux:bir₅-bir₅=bir[locust//locust]N'N$bir/bir₅-bir₅#~",
"f": {"lang": "sux",
"form": "bir₅-bir₅",
"cf": "bir",
"gw": "locust",
"sense": "locust",
"norm0": "bir",
"pos": "N",
"epos": "N",
"base": "bir₅-bir₅",
"morph": "~"}
}
,
{
"node": "d",
"type": "line-start",
"ref": "Q000299.128",
"n": "127",
"label": "127"}
,
{
"node": "l",
"id": "Q000299.l0574a",
"ref": "Q000299.128.1",
"inst": "bir[locust]",
"sig": "@dcclt%sux:bir₅=bir[locust//locust]N'N$bir/bir₅#~",
"f": {"lang": "sux",
"form": "bir₅",
"cf": "bir",
"gw": "locust",
"sense": "locust",
"norm0": "bir",
"pos": "N",
"epos": "N",
"base": "bir₅",
"morph": "~"}
}
,
{
"node": "l",
"id": "Q000299.l0574b",
"ref": "Q000299.128.2",
"inst": "u",
"f": {"lang": "sux",
"form": "x",
"pos": "u"}
}
,
{
"node": "d",
"type": "line-start",
"ref": "Q000299.129",
"n": "128",
"label": "128"}
,
{
"node": "l",
"id": "Q000299.l0574c",
"ref": "Q000299.129.1",
"inst": "+niŋki[herd//vermin]N'N/niŋ-ki-ma#~",
"sig": "@dcclt%sux:niŋ₂-ki-ma=niŋki[herd//vermin]N'N$niŋki/niŋ-ki-ma#~",
"f": {"lang": "sux",
"form": "niŋ₂-ki-ma",
"cf": "niŋki",
"gw": "herd",
"sense": "vermin",
"norm0": "niŋki",
"pos": "N",
"epos": "N",
"base": "niŋ-ki-ma",
"morph": "~"}
}
,
{
"node": "d",
"type": "nonw",
"ref": ""}
,
{
"node": "d",
"type": "line-start",
"ref": "Q000299.130",
"n": "129",
"label": "129"}
,
{
"node": "l",
"id": "Q000299.l0574d",
"ref": "Q000299.130.1",
"inst": "+mul[insect]N/{d}mul#~",
"sig": "@dcclt%sux:{d}mul=mul[insect//insect]N'N$mul/{d}mul#~",
"f": {"lang": "sux",
"form": "{d}mul",
"cf": "mul",
"gw": "insect",
"sense": "insect",
"norm0": "mul",
"pos": "N",
"epos": "N",
"base": "{d}mul",
"morph": "~"}
}
,
{
"node": "d",
"type": "line-start",
"ref": "Q000299.131",
"n": "130",
"label": "130"}
,
{
"node": "l",
"id": "Q000299.l0574e",
"ref": "Q000299.131.1",
"inst": "%sux:nubₓ(NAB)-nab=",
"f": {"lang": "sux",
"form": "nubₓ(NAB)-nab"}
}
,
{
"node": "d",
"type": "nonw",
"ref": ""}
,
{
"node": "d",
"type": "line-start",
"ref": "Q000299.132",
"n": "131",
"label": "131"}
,
{
"node": "l",
"id": "Q000299.l0574f",
"ref": "Q000299.132.1",
"inst": "%sux:teš₂-teš₂-IGI=",
"f": {"lang": "sux",
"form": "teš₂-teš₂-IGI"}
}
,
{
"node": "d",
"type": "nonw",
"ref": ""}
,
{
"node": "d",
"type": "line-start",
"ref": "Q000299.133",
"n": "132",
"label": "132"}
,
{
"node": "l",
"id": "Q000299.l05750",
"ref": "Q000299.133.1",
"inst": "%sux:na-zi=",
"f": {"lang": "sux",
"form": "na-zi"}
}
,
{
"node": "d",
"type": "line-start",
"ref": "Q000299.134",
"n": "133",
"label": "133"}
,
{
"node": "l",
"id": "Q000299.l05751",
"ref": "Q000299.134.1",
"inst": "%sux:hurinₓ(BALAG)-DU=",
"f": {"lang": "sux",
"form": "hurinₓ(BALAG)-DU"}
}
,
{
"node": "d",
"type": "nonx",
"ref": "Q000299.135",
"strict": "1",
"extent": "13",
"scope": "line",
"state": "missing"}
,
{
"node": "d",
"type": "line-start",
"ref": "Q000299.136",
"n": "146",
"label": "146"}
,
{
"node": "l",
"id": "Q000299.l05752",
"ref": "Q000299.136.1",
"inst": "%sux:x-x=",
"f": {"lang": "sux",
"form": "x-x"}
}
,
{
"node": "d",
"type": "line-start",
"ref": "Q000299.137",
"n": "147",
"label": "147"}
,
{
"node": "l",
"id": "Q000299.l05753",
"ref": "Q000299.137.1",
"inst": "%sux:U₂-GAN-KU-X=",
"f": {"lang": "sux",
"form": "U₂-GAN-KU-X"}
}
]}
]}
]}
,
{
"linkbase": [{
"type": "linkset",
"xlink_title": "ki za[bow down//to bow down]V/t'V/t",
"id": "Q000299.ls00000",
"xlink_type": "extended",
"xlink_role": "psu",
"sig": "{ki za = ki[place]N za[cvve]V/t += ki za[bow down//to bow down]V/t'V/t}::@dcclt%sux:ki=ki[place//place]N'N$ki/ki#~++@dcclt%sux:za=za[cvve//(compound verb verbal element)]V/t'V/t$za/za#~",
"links": [
{
"type": "link",
"xlink_title": "ki",
"xlink_type": "locator",
"xlink_href": "#Q000299.l056d3",
"xlink_role": "elt"}
,
{
"type": "link",
"xlink_title": "za",
"xlink_type": "locator",
"xlink_href": "#Q000299.l056d4",
"xlink_role": "elt"}
]}
,
{
"type": "linkset",
"xlink_title": "šah gi[pig//a wild pig]N'N",
"id": "Q000299.ls00001",
"xlink_type": "extended",
"xlink_role": "psu",
"sig": "{šah₂ {ŋeš}gi = šah[pig]N gi[thicket]N += šah gi[pig//a wild pig]N'N}::@dcclt%sux:šah₂=šah[pig//pig]N'N$šah/šah₂#~++@dcclt%sux:{ŋeš}gi=gi[thicket//reed thicket]N'N$gi/{ŋeš}gi#~",
"links": [
{
"type": "link",
"xlink_title": "šah",
"xlink_type": "locator",
"xlink_href": "#Q000299.l056fd",
"xlink_role": "elt"}
,
{
"type": "link",
"xlink_title": "gi",
"xlink_type": "locator",
"xlink_href": "#Q000299.l056fe",
"xlink_role": "elt"}
]}
]}
]}
