{
"type": "cdl",
  "source": "http://oracc.org/dcclt",
  "license": "This data is released under the CC0 license",
  "license-url": "https://creativecommons.org/publicdomain/zero/1.0/",
  "more-info": "http://oracc.org/doc/opendata/",
  "UTC-timestamp": "2017-05-19T18:29:09",
"project": "dcclt",
"textid": "X000182",
"cdl": [
{
"node": "c",
"type": "text",
"id": "X000182.U0",
"cdl": [
{
"node": "d",
"type": "object",
"ref": ""}
,
{
"node": "d",
"subtype": "obverse",
"type": "surface",
"ref": "X000182.o.1",
"type": "obverse",
"label": "o"}
,
{
"node": "d",
"subtype": "column 1o '",
"type": "column",
"ref": "X000182.o.i_.2",
"n": "1",
"label": "o i'"}
,
{
"node": "d",
"type": "nonx",
"ref": "X000182.3",
"strict": "1",
"extent": "beginning",
"scope": "column",
"state": "missing"}
,
{
"node": "c",
"type": "discourse",
"subtype": "body",
"id": "X000182.U1",
"cdl": [
{
"node": "c",
"type": "sentence",
"id": "X000182.U2",
"label": "o i' 1' - r i 14",
"cdl": [
{
"node": "d",
"type": "line-start",
"ref": "X000182.4",
"n": "1'",
"label": "o i' 1'"}
,
{
"node": "d",
"type": "cell-start"}
,
{
"node": "d",
"type": "field-start",
"subtype": "wp"}
,
{
"node": "l",
"frag": "[mul]",
"id": "X000182.l40aa9",
"ref": "X000182.4.1",
"inst": "mul[star]N",
"sig": "@dcclt%sux:mul=mul[star//star]N'N$mul/mul#~",
"f": {"lang": "sux",
"form": "mul",
"cf": "mul",
"gw": "star",
"sense": "star",
"norm0": "mul",
"pos": "N",
"epos": "N",
"base": "mul",
"morph": "~"}
}
,
{
"node": "d",
"type": "field-end",
"subtype": "wp"}
,
{
"node": "d",
"type": "cell-end"}
,
{
"node": "d",
"type": "cell-start"}
,
{
"node": "d",
"type": "field-start",
"subtype": "eq"}
,
{
"node": "l",
"frag": "[ka-ak-ka-bu]",
"id": "X000182.l40aaa",
"ref": "X000182.4.2",
"inst": "+kakkabu[star]N$",
"sig": "@dcclt%akk:ka-ak-ka-bu=kakkabu[star//star]N'N$kakkabu",
"f": {"lang": "akk",
"form": "ka-ak-ka-bu",
"cf": "kakkabu",
"gw": "star",
"sense": "star",
"norm": "kakkabu",
"pos": "N",
"epos": "N"}
}
,
{
"node": "d",
"type": "field-end",
"subtype": "eq"}
,
{
"node": "d",
"type": "cell-end"}
,
{
"node": "d",
"type": "line-start",
"ref": "X000182.5",
"n": "2'",
"label": "o i' 2'"}
,
{
"node": "d",
"type": "cell-start"}
,
{
"node": "d",
"type": "field-start",
"subtype": "wp"}
,
{
"node": "l",
"frag": "⸢mul₄⸣",
"id": "X000182.l40aab",
"ref": "X000182.5.1",
"inst": "mul[star]",
"sig": "@dcclt%sux:mul₄=mul[star//star]N'N$mul/mul₄#~",
"f": {"lang": "sux",
"form": "mul₄",
"cf": "mul",
"gw": "star",
"sense": "star",
"norm0": "mul",
"pos": "N",
"epos": "N",
"base": "mul₄",
"morph": "~"}
}
,
{
"node": "d",
"type": "field-end",
"subtype": "wp"}
,
{
"node": "d",
"type": "cell-end"}
,
{
"node": "d",
"type": "cell-start"}
,
{
"node": "d",
"type": "field-start",
"subtype": "eq"}
,
{
"node": "d",
"type": "nonw",
"ref": "X000182.5.2",
"lang": "akk",
"type": "surro"}
,
{
"node": "l",
"id": "X000182.l40aac",
"ref": "X000182.5.3",
"inst": "kakkabu[star]N",
"sig": "@dcclt%akk:ka-ak-ka-bu=kakkabu[star//star]N'N$kakkabu",
"f": {"lang": "akk",
"form": "ka-ak-ka-bu",
"cf": "kakkabu",
"gw": "star",
"sense": "star",
"norm": "kakkabu",
"pos": "N",
"epos": "N"}
}
,
{
"node": "d",
"type": "field-end",
"subtype": "eq"}
,
{
"node": "d",
"type": "cell-end"}
,
{
"node": "d",
"type": "line-start",
"ref": "X000182.6",
"n": "3'",
"label": "o i' 3'"}
,
{
"node": "d",
"type": "cell-start"}
,
{
"node": "d",
"type": "field-start",
"subtype": "wp"}
,
{
"node": "l",
"frag": "mul₂",
"id": "X000182.l40aad",
"ref": "X000182.6.1",
"inst": "mul[star]",
"sig": "@dcclt%sux:mul₂=mul[star//star]N'N$mul/mul₂#~",
"f": {"lang": "sux",
"form": "mul₂",
"cf": "mul",
"gw": "star",
"sense": "star",
"norm0": "mul",
"pos": "N",
"epos": "N",
"base": "mul₂",
"morph": "~"}
}
,
{
"node": "d",
"type": "field-end",
"subtype": "wp"}
,
{
"node": "d",
"type": "cell-end"}
,
{
"node": "d",
"type": "cell-start"}
,
{
"node": "d",
"type": "field-start",
"subtype": "eq"}
,
{
"node": "d",
"type": "nonw",
"ref": "X000182.6.2",
"lang": "akk",
"type": "surro"}
,
{
"node": "l",
"id": "X000182.l40aae",
"ref": "X000182.6.3",
"inst": "kakkabu[star]N",
"sig": "@dcclt%akk:ka-ak-ka-bu=kakkabu[star//star]N'N$kakkabu",
"f": {"lang": "akk",
"form": "ka-ak-ka-bu",
"cf": "kakkabu",
"gw": "star",
"sense": "star",
"norm": "kakkabu",
"pos": "N",
"epos": "N"}
}
,
{
"node": "d",
"type": "field-end",
"subtype": "eq"}
,
{
"node": "d",
"type": "cell-end"}
,
{
"node": "d",
"type": "line-start",
"ref": "X000182.7",
"n": "4'",
"label": "o i' 4'"}
,
{
"node": "d",
"type": "cell-start"}
,
{
"node": "d",
"type": "field-start",
"subtype": "wp"}
,
{
"node": "l",
"frag": "mulu₄",
"id": "X000182.l40aaf",
"ref": "X000182.7.1",
"inst": "mul[star]",
"sig": "@dcclt%sux:mulu₄=mul[star//star]N'N$mul/mulu₄#~",
"f": {"lang": "sux",
"form": "mulu₄",
"cf": "mul",
"gw": "star",
"sense": "star",
"norm0": "mul",
"pos": "N",
"epos": "N",
"base": "mulu₄",
"morph": "~"}
}
,
{
"node": "d",
"type": "field-end",
"subtype": "wp"}
,
{
"node": "d",
"type": "cell-end"}
,
{
"node": "d",
"type": "cell-start"}
,
{
"node": "d",
"type": "field-start",
"subtype": "eq"}
,
{
"node": "d",
"type": "nonw",
"ref": "X000182.7.2",
"lang": "akk",
"type": "surro"}
,
{
"node": "l",
"id": "X000182.l40ab0",
"ref": "X000182.7.3",
"inst": "kakkabu[star]N",
"sig": "@dcclt%akk:ka-ak-ka-bu=kakkabu[star//star]N'N$kakkabu",
"f": {"lang": "akk",
"form": "ka-ak-ka-bu",
"cf": "kakkabu",
"gw": "star",
"sense": "star",
"norm": "kakkabu",
"pos": "N",
"epos": "N"}
}
,
{
"node": "d",
"type": "field-end",
"subtype": "eq"}
,
{
"node": "d",
"type": "cell-end"}
,
{
"node": "d",
"type": "line-start",
"ref": "X000182.8",
"n": "5'",
"label": "o i' 5'"}
,
{
"node": "d",
"type": "cell-start"}
,
{
"node": "d",
"type": "field-start",
"subtype": "wp"}
,
{
"node": "l",
"frag": "[mul]-mul",
"id": "X000182.l40ab1",
"ref": "X000182.8.1",
"inst": "mul[star]N",
"sig": "@dcclt%sux:mul-mul=mul[star//star]N'N$mul/mul-mul#~",
"f": {"lang": "sux",
"form": "mul-mul",
"cf": "mul",
"gw": "star",
"sense": "star",
"norm0": "mul",
"pos": "N",
"epos": "N",
"base": "mul-mul",
"morph": "~"}
}
,
{
"node": "d",
"type": "field-end",
"subtype": "wp"}
,
{
"node": "d",
"type": "cell-end"}
,
{
"node": "d",
"type": "cell-start"}
,
{
"node": "d",
"type": "field-start",
"subtype": "eq"}
,
{
"node": "l",
"frag": "ka-li-⸢tum⸣",
"id": "X000182.l40ab2",
"ref": "X000182.8.2",
"inst": "+Kalitu[Kidney]CN$kalītum",
"sig": "@dcclt%akk:ka-li-tum=Kalitu[Kidney//Kidney]CN'CN$kalītum",
"f": {"lang": "akk",
"form": "ka-li-tum",
"cf": "Kalitu",
"gw": "Kidney",
"sense": "Kidney",
"norm": "kalītum",
"pos": "CN",
"epos": "CN"}
}
,
{
"node": "d",
"type": "field-end",
"subtype": "eq"}
,
{
"node": "d",
"type": "cell-end"}
,
{
"node": "d",
"type": "line-start",
"ref": "X000182.9",
"n": "6'",
"label": "o i' 6'"}
,
{
"node": "d",
"type": "cell-start"}
,
{
"node": "d",
"type": "field-start",
"subtype": "wp"}
,
{
"node": "l",
"frag": "[mul]-mul",
"id": "X000182.l40ab3",
"ref": "X000182.9.1",
"inst": "mul[star]N",
"sig": "@dcclt%sux:mul-mul=mul[star//star]N'N$mul/mul-mul#~",
"f": {"lang": "sux",
"form": "mul-mul",
"cf": "mul",
"gw": "star",
"sense": "star",
"norm0": "mul",
"pos": "N",
"epos": "N",
"base": "mul-mul",
"morph": "~"}
}
,
{
"node": "d",
"type": "field-end",
"subtype": "wp"}
,
{
"node": "d",
"type": "cell-end"}
,
{
"node": "d",
"type": "cell-start"}
,
{
"node": "d",
"type": "field-start",
"subtype": "eq"}
,
{
"node": "l",
"frag": "zap-pu",
"id": "X000182.l40ab4",
"ref": "X000182.9.2",
"inst": "+Zappu[Bristle]CN$zappu",
"sig": "@dcclt%akk:zap-pu=Zappu[Bristle//Bristle]CN'CN$zappu",
"f": {"lang": "akk",
"form": "zap-pu",
"cf": "Zappu",
"gw": "Bristle",
"sense": "Bristle",
"norm": "zappu",
"pos": "CN",
"epos": "CN"}
}
,
{
"node": "d",
"type": "field-end",
"subtype": "eq"}
,
{
"node": "d",
"type": "cell-end"}
,
{
"node": "d",
"type": "line-start",
"ref": "X000182.10",
"n": "7'",
"label": "o i' 7'"}
,
{
"node": "d",
"type": "cell-start"}
,
{
"node": "d",
"type": "field-start",
"subtype": "wp"}
,
{
"node": "l",
"frag": "{mul}suhub",
"id": "X000182.l40ab5",
"ref": "X000182.10.1",
"inst": "X",
"f": {"lang": "sux",
"form": "{mul}suhub",
"pos": "X"}
}
,
{
"node": "d",
"type": "field-end",
"subtype": "wp"}
,
{
"node": "d",
"type": "cell-end"}
,
{
"node": "d",
"type": "cell-start"}
,
{
"node": "d",
"type": "field-start",
"subtype": "eq"}
,
{
"node": "d",
"type": "nonw",
"ref": "X000182.10.2",
"lang": "akk",
"type": "surro"}
,
{
"node": "l",
"id": "X000182.l40ab6",
"ref": "X000182.10.3",
"inst": "zappu[Bristle]CN",
"sig": "@dcclt%akk:zap-pu=Zappu[Bristle//Bristle]CN'CN$zappu",
"f": {"lang": "akk",
"form": "zap-pu",
"cf": "Zappu",
"gw": "Bristle",
"sense": "Bristle",
"norm": "zappu",
"pos": "CN",
"epos": "CN"}
}
,
{
"node": "d",
"type": "field-end",
"subtype": "eq"}
,
{
"node": "d",
"type": "cell-end"}
,
{
"node": "d",
"type": "line-start",
"ref": "X000182.11",
"n": "8'",
"label": "o i' 8'"}
,
{
"node": "d",
"type": "cell-start"}
,
{
"node": "d",
"type": "field-start",
"subtype": "wp"}
,
{
"node": "l",
"frag": "{[mul]}ikuₓ(|AŠ.GAN₂|)",
"id": "X000182.l40ab7",
"ref": "X000182.11.1",
"inst": "Iku[Field]CN/{mul}ikuₓ(|AŠ.GAN₂|)",
"sig": "@dcclt%sux:{mul}ikuₓ(|AŠ.GAN₂|)=Iku[Field//Field]CN'CN$Iku/{mul}ikuₓ(|AŠ.GAN₂|)#~",
"f": {"lang": "sux",
"form": "{mul}ikuₓ(|AŠ.GAN₂|)",
"cf": "Iku",
"gw": "Field",
"sense": "Field",
"norm0": "Iku",
"pos": "CN",
"epos": "CN",
"base": "{mul}ikuₓ(|AŠ.GAN₂|)",
"morph": "~"}
}
,
{
"node": "d",
"type": "field-end",
"subtype": "wp"}
,
{
"node": "d",
"type": "cell-end"}
,
{
"node": "d",
"type": "cell-start"}
,
{
"node": "d",
"type": "field-start",
"subtype": "eq"}
,
{
"node": "l",
"frag": "i-ku-u",
"id": "X000182.l40ab8",
"ref": "X000182.11.2",
"inst": "+Iku[Field]CN$ikû",
"sig": "@dcclt%akk:i-ku-u=Iku[Field//Field]CN'CN$ikû",
"f": {"lang": "akk",
"form": "i-ku-u",
"cf": "Iku",
"gw": "Field",
"sense": "Field",
"norm": "ikû",
"pos": "CN",
"epos": "CN"}
}
,
{
"node": "d",
"type": "field-end",
"subtype": "eq"}
,
{
"node": "d",
"type": "cell-end"}
,
{
"node": "d",
"type": "line-start",
"ref": "X000182.12",
"n": "9'",
"label": "o i' 9'"}
,
{
"node": "d",
"type": "cell-start"}
,
{
"node": "d",
"type": "field-start",
"subtype": "wp"}
,
{
"node": "l",
"frag": "{[mul]}⸢gud⸣-an-na",
"id": "X000182.l40ab9",
"ref": "X000182.12.1",
"inst": "Gud-anak[Bull of Heaven]CN",
"sig": "@dcclt%sux:{mul}gud-an-na=Gud-anak[Bull of Heaven//Bull of Heaven]CN'CN$Gud-anak/{mul}gud-an-na#~",
"f": {"lang": "sux",
"form": "{mul}gud-an-na",
"cf": "Gud-anak",
"gw": "Bull of Heaven",
"sense": "Bull of Heaven",
"norm0": "Gud-anak",
"pos": "CN",
"epos": "CN",
"base": "{mul}gud-an-na",
"morph": "~"}
}
,
{
"node": "d",
"type": "field-end",
"subtype": "wp"}
,
{
"node": "d",
"type": "cell-end"}
,
{
"node": "d",
"type": "cell-start"}
,
{
"node": "d",
"type": "field-start",
"subtype": "eq"}
,
{
"node": "l",
"frag": "is",
"id": "X000182.l40aba",
"ref": "X000182.12.2",
"inst": "+isu[jaw]N$is",
"sig": "@dcclt%akk:is=isu[jaw//jaw]N'N$is",
"f": {"lang": "akk",
"form": "is",
"cf": "isu",
"gw": "jaw",
"sense": "jaw",
"norm": "is",
"pos": "N",
"epos": "N"}
}
,
{
"node": "l",
"frag": "le-e",
"id": "X000182.l40abb",
"ref": "X000182.12.3",
"inst": "lê[bull]N",
"sig": "@dcclt%akk:le-e=līʾu[bull//bull]N'N$lê",
"f": {"lang": "akk",
"form": "le-e",
"cf": "līʾu",
"gw": "bull",
"sense": "bull",
"norm": "lê",
"pos": "N",
"epos": "N"}
}
,
{
"node": "d",
"type": "field-end",
"subtype": "eq"}
,
{
"node": "d",
"type": "cell-end"}
,
{
"node": "d",
"type": "line-start",
"ref": "X000182.13",
"n": "10'",
"label": "o i' 10'"}
,
{
"node": "d",
"type": "cell-start"}
,
{
"node": "d",
"type": "field-start",
"subtype": "wp"}
,
{
"node": "l",
"frag": "{[mul]}⸢sipad⸣-zid-an-na",
"id": "X000182.l40abc",
"ref": "X000182.13.1",
"inst": "Sipadzid-anak[True Shepherd of An]CN",
"sig": "@dcclt%sux:{mul}sipad-zid-an-na=Sipadzid-anak[True Shepherd of An//True Shepherd of An]CN'CN$Sipadzid-anak/{mul}sipad-zid-an-na#~",
"f": {"lang": "sux",
"form": "{mul}sipad-zid-an-na",
"cf": "Sipadzid-anak",
"gw": "True Shepherd of An",
"sense": "True Shepherd of An",
"norm0": "Sipadzid-anak",
"pos": "CN",
"epos": "CN",
"base": "{mul}sipad-zid-an-na",
"morph": "~"}
}
,
{
"node": "d",
"type": "field-end",
"subtype": "wp"}
,
{
"node": "d",
"type": "cell-end"}
,
{
"node": "d",
"type": "cell-start"}
,
{
"node": "d",
"type": "field-start",
"subtype": "eq"}
,
{
"node": "l",
"frag": "ši-⸢ta-da⸣-rum",
"id": "X000182.l40abd",
"ref": "X000182.13.2",
"inst": "+Šitaddaru[Orion]CN$šitaddarum",
"sig": "@dcclt%akk:ši-ta-da-rum=Šitaddaru[Orion//Orion]CN'CN$šitaddarum",
"f": {"lang": "akk",
"form": "ši-ta-da-rum",
"cf": "Šitaddaru",
"gw": "Orion",
"sense": "Orion",
"norm": "šitaddarum",
"pos": "CN",
"epos": "CN"}
}
,
{
"node": "d",
"type": "field-end",
"subtype": "eq"}
,
{
"node": "d",
"type": "cell-end"}
,
{
"node": "d",
"type": "line-start",
"ref": "X000182.14",
"n": "11'",
"label": "o i' 11'"}
,
{
"node": "d",
"type": "cell-start"}
,
{
"node": "d",
"type": "field-start",
"subtype": "wp"}
,
{
"node": "l",
"frag": "{[mul]}gag-si-sa₂",
"id": "X000182.l40abe",
"ref": "X000182.14.1",
"inst": "Gagsisa[Arrow]CN",
"sig": "@dcclt%sux:{mul}gag-si-sa₂=Gagsisa[Arrow//Arrow]CN'CN$Gagsisa/{mul}gag-si-sa₂#~",
"f": {"lang": "sux",
"form": "{mul}gag-si-sa₂",
"cf": "Gagsisa",
"gw": "Arrow",
"sense": "Arrow",
"norm0": "Gagsisa",
"pos": "CN",
"epos": "CN",
"base": "{mul}gag-si-sa₂",
"morph": "~"}
}
,
{
"node": "d",
"type": "field-end",
"subtype": "wp"}
,
{
"node": "d",
"type": "cell-end"}
,
{
"node": "d",
"type": "cell-start"}
,
{
"node": "d",
"type": "field-start",
"subtype": "eq"}
,
{
"node": "l",
"frag": "šu-⸢ku-du⸣",
"id": "X000182.l40abf",
"ref": "X000182.14.2",
"inst": "Šukudu[Arrow]CN",
"sig": "@dcclt%akk:šu-ku-du=Šukudu[Arrow//Arrow]CN'CN$Šukudu",
"f": {"lang": "akk",
"form": "šu-ku-du",
"cf": "Šukudu",
"gw": "Arrow",
"sense": "Arrow",
"norm": "Šukudu",
"pos": "CN",
"epos": "CN"}
}
,
{
"node": "d",
"type": "field-end",
"subtype": "eq"}
,
{
"node": "d",
"type": "cell-end"}
,
{
"node": "d",
"type": "line-start",
"ref": "X000182.15",
"n": "12'",
"label": "o i' 12'"}
,
{
"node": "d",
"type": "cell-start"}
,
{
"node": "d",
"type": "field-start",
"subtype": "wp"}
,
{
"node": "l",
"frag": "{[mul]}{ŋeš}pana",
"id": "X000182.l40ac0",
"ref": "X000182.15.1",
"inst": "Pana[The Bow]CN",
"sig": "@dcclt%sux:{mul}{ŋeš}pana=Pana[Bow//The Bow]CN'CN$Pana/{mul}{ŋeš}pana#~",
"f": {"lang": "sux",
"form": "{mul}{ŋeš}pana",
"cf": "Pana",
"gw": "Bow",
"sense": "The Bow",
"norm0": "Pana",
"pos": "CN",
"epos": "CN",
"base": "{mul}{ŋeš}pana",
"morph": "~"}
}
,
{
"node": "d",
"type": "field-end",
"subtype": "wp"}
,
{
"node": "d",
"type": "cell-end"}
,
{
"node": "d",
"type": "cell-start"}
,
{
"node": "d",
"type": "field-start",
"subtype": "eq"}
,
{
"node": "l",
"frag": "qa-⸢aš⸣-[tum]",
"id": "X000182.l40ac1",
"ref": "X000182.15.2",
"inst": "+Qaštu[Bow]CN$qaštum",
"sig": "@dcclt%akk:qa-aš-tum=Qaštu[Bow//Bow]CN'CN$qaštum",
"f": {"lang": "akk",
"form": "qa-aš-tum",
"cf": "Qaštu",
"gw": "Bow",
"sense": "Bow",
"norm": "qaštum",
"pos": "CN",
"epos": "CN"}
}
,
{
"node": "d",
"type": "field-end",
"subtype": "eq"}
,
{
"node": "d",
"type": "cell-end"}
,
{
"node": "d",
"type": "line-start",
"ref": "X000182.16",
"n": "13'",
"label": "o i' 13'"}
,
{
"node": "d",
"type": "cell-start"}
,
{
"node": "d",
"type": "field-start",
"subtype": "wp"}
,
{
"node": "l",
"frag": "{⸢mul⸣}eridu{ki}",
"id": "X000182.l40ac2",
"ref": "X000182.16.1",
"inst": "Eridu[]CN",
"sig": "@dcclt%sux:{mul}eridu{ki}=Eridu[1//1]CN'CN$Eridu/{mul}eridu{ki}#~",
"f": {"lang": "sux",
"form": "{mul}eridu{ki}",
"cf": "Eridu",
"gw": "1",
"sense": "1",
"norm0": "Eridu",
"pos": "CN",
"epos": "CN",
"base": "{mul}eridu{ki}",
"morph": "~"}
}
,
{
"node": "d",
"type": "field-end",
"subtype": "wp"}
,
{
"node": "d",
"type": "cell-end"}
,
{
"node": "d",
"type": "cell-start"}
,
{
"node": "d",
"type": "field-start",
"subtype": "eq"}
,
{
"node": "d",
"type": "nonw",
"ref": "X000182.16.2",
"lang": "akk",
"type": "surro"}
,
{
"node": "l",
"id": "X000182.l40ac3",
"ref": "X000182.16.3",
"inst": "+Eridu[]CN$eridu",
"sig": "@dcclt%akk:eridu=Eridu[1//1]CN'CN$eridu",
"f": {"lang": "akk",
"form": "eridu",
"cf": "Eridu",
"gw": "1",
"sense": "1",
"norm": "eridu",
"pos": "CN",
"epos": "CN"}
}
,
{
"node": "d",
"type": "field-end",
"subtype": "eq"}
,
{
"node": "d",
"type": "cell-end"}
,
{
"node": "d",
"type": "line-start",
"ref": "X000182.17",
"n": "14'",
"label": "o i' 14'"}
,
{
"node": "d",
"type": "cell-start"}
,
{
"node": "d",
"type": "field-start",
"subtype": "wp"}
,
{
"node": "l",
"frag": "{⸢mul⸣}{d}nin-tu",
"id": "X000182.l40ac4",
"ref": "X000182.17.1",
"inst": "Nintur[]CN",
"sig": "@dcclt%sux:{mul}{d}nin-tu=Nintur[1//1]DN'CN$Nintur/{mul}{d}nin-tu#~",
"f": {"lang": "sux",
"form": "{mul}{d}nin-tu",
"cf": "Nintur",
"gw": "1",
"sense": "1",
"norm0": "Nintur",
"pos": "DN",
"epos": "CN",
"base": "{mul}{d}nin-tu",
"morph": "~"}
}
,
{
"node": "d",
"type": "field-end",
"subtype": "wp"}
,
{
"node": "d",
"type": "cell-end"}
,
{
"node": "d",
"type": "cell-start"}
,
{
"node": "d",
"type": "field-start",
"subtype": "eq"}
,
{
"node": "l",
"frag": "be-let",
"id": "X000182.l40ac5",
"ref": "X000182.17.2",
"inst": "bēlet[lady]N",
"sig": "@dcclt%akk:be-let=bēltu[lady//lady]N'N$bēlet",
"f": {"lang": "akk",
"form": "be-let",
"cf": "bēltu",
"gw": "lady",
"sense": "lady",
"norm": "bēlet",
"pos": "N",
"epos": "N"}
}
,
{
"node": "l",
"frag": "DINGIR-[MEŠ]",
"id": "X000182.l40ac6",
"ref": "X000182.17.3",
"inst": "ilāni[god]N",
"sig": "@dcclt%akk:DINGIR-MEŠ=ilu[god//god]N'N$ilāni",
"f": {"lang": "akk",
"form": "DINGIR-MEŠ",
"cf": "ilu",
"gw": "god",
"sense": "god",
"norm": "ilāni",
"pos": "N",
"epos": "N"}
}
,
{
"node": "d",
"type": "field-end",
"subtype": "eq"}
,
{
"node": "d",
"type": "cell-end"}
,
{
"node": "d",
"type": "line-start",
"ref": "X000182.18",
"n": "15'",
"label": "o i' 15'"}
,
{
"node": "d",
"type": "cell-start"}
,
{
"node": "d",
"type": "field-start",
"subtype": "wp"}
,
{
"node": "l",
"frag": "{⸢mul⸣}udu-til",
"id": "X000182.l40ac7",
"ref": "X000182.18.1",
"inst": "udutil[planet]N",
"sig": "@dcclt%sux:{mul}udu-til=udutil[sheep//planet]N'N$udutil/{mul}udu-til#~",
"f": {"lang": "sux",
"form": "{mul}udu-til",
"cf": "udutil",
"gw": "sheep",
"sense": "planet",
"norm0": "udutil",
"pos": "N",
"epos": "N",
"base": "{mul}udu-til",
"morph": "~"}
}
,
{
"node": "d",
"type": "field-end",
"subtype": "wp"}
,
{
"node": "d",
"type": "cell-end"}
,
{
"node": "d",
"type": "cell-start"}
,
{
"node": "d",
"type": "field-start",
"subtype": "eq"}
,
{
"node": "l",
"frag": "bi-⸢ib⸣-bu",
"id": "X000182.l40ac8",
"ref": "X000182.18.2",
"inst": "bibbu[planet]N",
"sig": "@dcclt%akk:bi-ib-bu=bibbu[planet//planet]N'N$bibbu",
"f": {"lang": "akk",
"form": "bi-ib-bu",
"cf": "bibbu",
"gw": "planet",
"sense": "planet",
"norm": "bibbu",
"pos": "N",
"epos": "N"}
}
,
{
"node": "d",
"type": "field-end",
"subtype": "eq"}
,
{
"node": "d",
"type": "cell-end"}
,
{
"node": "d",
"type": "line-start",
"ref": "X000182.19",
"n": "16'",
"label": "o i' 16'"}
,
{
"node": "d",
"type": "cell-start"}
,
{
"node": "d",
"type": "field-start",
"subtype": "wp"}
,
{
"node": "l",
"frag": "{[mul]}{d}nin-si₄-an-na",
"id": "X000182.l40ac9",
"ref": "X000182.19.1",
"inst": "Ninsiʾana[1]'CN",
"sig": "@dcclt%sux:{mul}{d}nin-si₄-an-na=Ninsiʾana[1//1]DN'CN$Ninsiʾana/{mul}{d}nin-si₄-an-na#~",
"f": {"lang": "sux",
"form": "{mul}{d}nin-si₄-an-na",
"cf": "Ninsiʾana",
"gw": "1",
"sense": "1",
"norm0": "Ninsiʾana",
"pos": "DN",
"epos": "CN",
"base": "{mul}{d}nin-si₄-an-na",
"morph": "~"}
}
,
{
"node": "d",
"type": "field-end",
"subtype": "wp"}
,
{
"node": "d",
"type": "cell-end"}
,
{
"node": "d",
"type": "cell-start"}
,
{
"node": "d",
"type": "field-start",
"subtype": "eq"}
,
{
"node": "l",
"frag": "{d}iš-tar",
"id": "X000182.l40aca",
"ref": "X000182.19.2",
"inst": "Ištar[1]DN",
"sig": "@dcclt%akk:{d}iš-tar=Ištar[1//1]DN'DN$Ištar",
"f": {"lang": "akk",
"form": "{d}iš-tar",
"cf": "Ištar",
"gw": "1",
"sense": "1",
"norm": "Ištar",
"pos": "DN",
"epos": "DN"}
}
,
{
"node": "l",
"frag": "MUL-⸢MEŠ⸣",
"id": "X000182.l40acb",
"ref": "X000182.19.3",
"inst": "kakkabī[star]N",
"sig": "@dcclt%akk:MUL-MEŠ=kakkabu[star//star]N'N$kakkabī",
"f": {"lang": "akk",
"form": "MUL-MEŠ",
"cf": "kakkabu",
"gw": "star",
"sense": "star",
"norm": "kakkabī",
"pos": "N",
"epos": "N"}
}
,
{
"node": "d",
"type": "field-end",
"subtype": "eq"}
,
{
"node": "d",
"type": "cell-end"}
,
{
"node": "d",
"type": "line-start",
"ref": "X000182.20",
"n": "17'",
"label": "o i' 17'"}
,
{
"node": "d",
"type": "cell-start"}
,
{
"node": "d",
"type": "field-start",
"subtype": "wp"}
,
{
"node": "l",
"frag": "{⸢mul⸣}tir-an-na",
"id": "X000182.l40acc",
"ref": "X000182.20.1",
"inst": "Tir-ana[The Rainbow]CN",
"sig": "@dcclt%sux:{mul}tir-an-na=Tir-ana[Rainbow//The Rainbow]CN'CN$Tir-ana/{mul}tir-an-na#~",
"f": {"lang": "sux",
"form": "{mul}tir-an-na",
"cf": "Tir-ana",
"gw": "Rainbow",
"sense": "The Rainbow",
"norm0": "Tir-ana",
"pos": "CN",
"epos": "CN",
"base": "{mul}tir-an-na",
"morph": "~"}
}
,
{
"node": "d",
"type": "field-end",
"subtype": "wp"}
,
{
"node": "d",
"type": "cell-end"}
,
{
"node": "d",
"type": "cell-start"}
,
{
"node": "d",
"type": "field-start",
"subtype": "eq"}
,
{
"node": "l",
"frag": "man-za-⸢tum⸣",
"id": "X000182.l40acd",
"ref": "X000182.20.2",
"inst": "+Manziat[rainbow//The Rainbow]N'CN$manzâtum",
"sig": "@dcclt%akk:man-za-tum=Manziat[rainbow//The Rainbow]N'CN$manzâtum",
"f": {"lang": "akk",
"form": "man-za-tum",
"cf": "Manziat",
"gw": "rainbow",
"sense": "The Rainbow",
"norm": "manzâtum",
"pos": "N",
"epos": "CN"}
}
,
{
"node": "d",
"type": "field-end",
"subtype": "eq"}
,
{
"node": "d",
"type": "cell-end"}
,
{
"node": "d",
"type": "line-start",
"ref": "X000182.21",
"n": "18'",
"label": "o i' 18'"}
,
{
"node": "d",
"type": "cell-start"}
,
{
"node": "d",
"type": "field-start",
"subtype": "wp"}
,
{
"node": "l",
"frag": "{[mul]}sukkal-an-na",
"id": "X000182.l40ace",
"ref": "X000182.21.1",
"inst": "Sukkal-annak[Minister of An]CN/{mul}sukkal-an-na",
"sig": "@dcclt%sux:{mul}sukkal-an-na=Sukkal-annak[Minister of An//Minister of An]CN'CN$Sukkal-annak/{mul}sukkal-an-na#~",
"f": {"lang": "sux",
"form": "{mul}sukkal-an-na",
"cf": "Sukkal-annak",
"gw": "Minister of An",
"sense": "Minister of An",
"norm0": "Sukkal-annak",
"pos": "CN",
"epos": "CN",
"base": "{mul}sukkal-an-na",
"morph": "~"}
}
,
{
"node": "d",
"type": "field-end",
"subtype": "wp"}
,
{
"node": "d",
"type": "cell-end"}
,
{
"node": "d",
"type": "cell-start"}
,
{
"node": "d",
"type": "field-start",
"subtype": "eq"}
,
{
"node": "l",
"frag": "{d}ŠUL.PA.E₃.A",
"id": "X000182.l40acf",
"ref": "X000182.21.2",
"inst": "Šulpae[1]DN'CN",
"sig": "@dcclt%akk:{d}ŠUL.PA.E₃.A=Šulpae[1//1]DN'CN$Šulpae",
"f": {"lang": "akk",
"form": "{d}ŠUL.PA.E₃.A",
"cf": "Šulpae",
"gw": "1",
"sense": "1",
"norm": "Šulpae",
"pos": "DN",
"epos": "CN"}
}
,
{
"node": "d",
"type": "field-end",
"subtype": "eq"}
,
{
"node": "d",
"type": "cell-end"}
,
{
"node": "d",
"type": "line-start",
"ref": "X000182.22",
"n": "19'",
"label": "o i' 19'"}
,
{
"node": "d",
"type": "cell-start"}
,
{
"node": "d",
"type": "field-start",
"subtype": "wp"}
,
{
"node": "l",
"frag": "{[mul}in]-um-an-na",
"id": "X000182.l40ad0",
"ref": "X000182.22.1",
"inst": "X",
"f": {"lang": "sux",
"form": "{mul}in-um-an-na",
"pos": "X"}
}
,
{
"node": "d",
"type": "field-end",
"subtype": "wp"}
,
{
"node": "d",
"type": "cell-end"}
,
{
"node": "d",
"type": "cell-start"}
,
{
"node": "d",
"type": "field-start",
"subtype": "eq"}
,
{
"node": "l",
"frag": "mi-ših",
"id": "X000182.l40ad1",
"ref": "X000182.22.2",
"inst": "+mišhu[flash]N$miših",
"sig": "@dcclt%akk:mi-ših=mišhu[flash//flash]N'N$miših",
"f": {"lang": "akk",
"form": "mi-ših",
"cf": "mišhu",
"gw": "flash",
"sense": "flash",
"norm": "miših",
"pos": "N",
"epos": "N"}
}
,
{
"node": "l",
"frag": "{d}PA.BIL.SAG",
"id": "X000182.l40ad2",
"ref": "X000182.22.3",
"inst": "Pabilsag[1]'DN",
"sig": "@dcclt%akk:{d}PA.BIL.SAG=Pabilsag[1//1]CN'DN$Pabilsag",
"f": {"lang": "akk",
"form": "{d}PA.BIL.SAG",
"cf": "Pabilsag",
"gw": "1",
"sense": "1",
"norm": "Pabilsag",
"pos": "CN",
"epos": "DN"}
}
,
{
"node": "d",
"type": "field-end",
"subtype": "eq"}
,
{
"node": "d",
"type": "cell-end"}
,
{
"node": "d",
"type": "line-start",
"ref": "X000182.23",
"n": "20'",
"label": "o i' 20'"}
,
{
"node": "d",
"type": "cell-start"}
,
{
"node": "d",
"type": "field-start",
"subtype": "wp"}
,
{
"node": "l",
"frag": "{[mul}e-tu]-⸢ra⸣-am-me",
"id": "X000182.l40ad3",
"ref": "X000182.23.1",
"inst": "X",
"f": {"lang": "sux",
"form": "{mul}e-tu-ra-am-me",
"pos": "X"}
}
,
{
"node": "d",
"type": "field-end",
"subtype": "wp"}
,
{
"node": "d",
"type": "cell-end"}
,
{
"node": "d",
"type": "cell-start"}
,
{
"node": "d",
"type": "field-start",
"subtype": "eq"}
,
{
"node": "l",
"frag": "SUKKAL",
"id": "X000182.l40ad4",
"ref": "X000182.23.2",
"inst": "šukkal[minister]N",
"sig": "@dcclt%akk:SUKKAL=šukkallu[(a court official)//minister]N'N$šukkal",
"f": {"lang": "akk",
"form": "SUKKAL",
"cf": "šukkallu",
"gw": "(a court official)",
"sense": "minister",
"norm": "šukkal",
"pos": "N",
"epos": "N"}
}
,
{
"node": "l",
"frag": "{d}a-nu-ni-tum",
"id": "X000182.l40ad5",
"ref": "X000182.23.3",
"inst": "anunitum[1]'CN",
"sig": "@dcclt%akk:{d}a-nu-ni-tum=Anunitu[1//1]DN'CN$anunitum",
"f": {"lang": "akk",
"form": "{d}a-nu-ni-tum",
"cf": "Anunitu",
"gw": "1",
"sense": "1",
"norm": "anunitum",
"pos": "DN",
"epos": "CN"}
}
,
{
"node": "d",
"type": "field-end",
"subtype": "eq"}
,
{
"node": "d",
"type": "cell-end"}
,
{
"node": "d",
"type": "line-start",
"ref": "X000182.24",
"n": "21'",
"label": "o i' 21'"}
,
{
"node": "d",
"type": "cell-start"}
,
{
"node": "d",
"type": "field-start",
"subtype": "wp"}
,
{
"node": "l",
"frag": "{[mul}e-tu]-⸢ra⸣-am-me",
"id": "X000182.l40ad6",
"ref": "X000182.24.1",
"inst": "X",
"f": {"lang": "sux",
"form": "{mul}e-tu-ra-am-me",
"pos": "X"}
}
,
{
"node": "d",
"type": "field-end",
"subtype": "wp"}
,
{
"node": "d",
"type": "cell-end"}
,
{
"node": "d",
"type": "cell-start"}
,
{
"node": "d",
"type": "field-start",
"subtype": "eq"}
,
{
"node": "l",
"frag": "{mul}UR.GU.LA",
"id": "X000182.l40ad7",
"ref": "X000182.24.2",
"inst": "Urgulu[Lion]CN",
"sig": "@dcclt%akk:{mul}UR.GU.LA=Urgulu[Lion//Lion]CN'CN$Urgulu",
"f": {"lang": "akk",
"form": "{mul}UR.GU.LA",
"cf": "Urgulu",
"gw": "Lion",
"sense": "Lion",
"norm": "Urgulu",
"pos": "CN",
"epos": "CN"}
}
,
{
"node": "d",
"type": "field-end",
"subtype": "eq"}
,
{
"node": "d",
"type": "cell-end"}
,
{
"node": "d",
"type": "line-start",
"ref": "X000182.25",
"n": "22'",
"label": "o i' 22'"}
,
{
"node": "d",
"type": "cell-start"}
,
{
"node": "d",
"type": "field-start",
"subtype": "wp"}
,
{
"node": "l",
"frag": "{[mul}te₈]{⸢mušen⸣}",
"id": "X000182.l40ad8",
"ref": "X000182.25.1",
"inst": "Te[Eagle]CN",
"sig": "@dcclt%sux:{mul}te₈{mušen}=Te[Eagle//Eagle]CN'CN$Te/{mul}te₈{mušen}#~",
"f": {"lang": "sux",
"form": "{mul}te₈{mušen}",
"cf": "Te",
"gw": "Eagle",
"sense": "Eagle",
"norm0": "Te",
"pos": "CN",
"epos": "CN",
"base": "{mul}te₈{mušen}",
"morph": "~"}
}
,
{
"node": "d",
"type": "field-end",
"subtype": "wp"}
,
{
"node": "d",
"type": "cell-end"}
,
{
"node": "d",
"type": "cell-start"}
,
{
"node": "d",
"type": "field-start",
"subtype": "eq"}
,
{
"node": "l",
"frag": "a-ru-u",
"id": "X000182.l40ad9",
"ref": "X000182.25.2",
"inst": "+Eru[Eagle]CN$arû",
"sig": "@dcclt%akk:a-ru-u=Eru[Eagle//Eagle]CN'CN$arû",
"f": {"lang": "akk",
"form": "a-ru-u",
"cf": "Eru",
"gw": "Eagle",
"sense": "Eagle",
"norm": "arû",
"pos": "CN",
"epos": "CN"}
}
,
{
"node": "d",
"type": "field-end",
"subtype": "eq"}
,
{
"node": "d",
"type": "cell-end"}
,
{
"node": "d",
"type": "line-start",
"ref": "X000182.26",
"n": "23'",
"label": "o i' 23'"}
,
{
"node": "d",
"type": "cell-start"}
,
{
"node": "d",
"type": "field-start",
"subtype": "wp"}
,
{
"node": "l",
"frag": "{[mul}{lu₂}sa-gaz]",
"id": "X000182.l40ada",
"ref": "X000182.26.1",
"inst": "Sagaz[Plunderer]CN",
"sig": "@dcclt%sux:{mul}{lu₂}sa-gaz=Sagaz[Plunderer//Plunderer]CN'CN$Sagaz/{mul}{lu₂}sa-gaz#~",
"f": {"lang": "sux",
"form": "{mul}{lu₂}sa-gaz",
"cf": "Sagaz",
"gw": "Plunderer",
"sense": "Plunderer",
"norm0": "Sagaz",
"pos": "CN",
"epos": "CN",
"base": "{mul}{lu₂}sa-gaz",
"morph": "~"}
}
,
{
"node": "d",
"type": "field-end",
"subtype": "wp"}
,
{
"node": "d",
"type": "cell-end"}
,
{
"node": "d",
"type": "cell-start"}
,
{
"node": "d",
"type": "field-start",
"subtype": "eq"}
,
{
"node": "l",
"frag": "hab-ba-tum",
"id": "X000182.l40adb",
"ref": "X000182.26.2",
"inst": "habbātum[Plunderer]CN",
"sig": "@dcclt%akk:hab-ba-tum=Habbatu[Plunderer//Plunderer]CN'CN$habbātum",
"f": {"lang": "akk",
"form": "hab-ba-tum",
"cf": "Habbatu",
"gw": "Plunderer",
"sense": "Plunderer",
"norm": "habbātum",
"pos": "CN",
"epos": "CN"}
}
,
{
"node": "d",
"type": "field-end",
"subtype": "eq"}
,
{
"node": "d",
"type": "cell-end"}
,
{
"node": "d",
"subtype": "reverse",
"type": "surface",
"ref": "X000182.r.27",
"type": "reverse",
"label": "r"}
,
{
"node": "d",
"subtype": "column 1r",
"type": "column",
"ref": "X000182.r.i.28",
"n": "1",
"label": "r i"}
,
{
"node": "d",
"type": "line-start",
"ref": "X000182.29",
"n": "1",
"label": "r i 1"}
,
{
"node": "d",
"type": "cell-start"}
,
{
"node": "d",
"type": "field-start",
"subtype": "wp"}
,
{
"node": "l",
"frag": "{[mul]}{⸢lu₂⸣}huŋ-ŋa₂",
"id": "X000182.l40adc",
"ref": "X000182.29.1",
"inst": "X",
"f": {"lang": "sux",
"form": "{mul}{lu₂}huŋ-ŋa₂",
"pos": "X"}
}
,
{
"node": "d",
"type": "field-end",
"subtype": "wp"}
,
{
"node": "d",
"type": "cell-end"}
,
{
"node": "d",
"type": "cell-start"}
,
{
"node": "d",
"type": "field-start",
"subtype": "eq"}
,
{
"node": "l",
"frag": "⸢ag⸣-rum",
"id": "X000182.l40add",
"ref": "X000182.29.2",
"inst": "+Agru[Hireling]CN$agrum",
"sig": "@dcclt%akk:ag-rum=Agru[Hireling//Hireling]CN'CN$agrum",
"f": {"lang": "akk",
"form": "ag-rum",
"cf": "Agru",
"gw": "Hireling",
"sense": "Hireling",
"norm": "agrum",
"pos": "CN",
"epos": "CN"}
}
,
{
"node": "d",
"type": "field-end",
"subtype": "eq"}
,
{
"node": "d",
"type": "cell-end"}
,
{
"node": "d",
"type": "line-start",
"ref": "X000182.30",
"n": "2",
"label": "r i 2"}
,
{
"node": "d",
"type": "cell-start"}
,
{
"node": "d",
"type": "field-start",
"subtype": "wp"}
,
{
"node": "l",
"frag": "{⸢mul⸣}sim-mah",
"id": "X000182.l40ade",
"ref": "X000182.30.1",
"inst": "X",
"f": {"lang": "sux",
"form": "{mul}sim-mah",
"pos": "X"}
}
,
{
"node": "d",
"type": "field-end",
"subtype": "wp"}
,
{
"node": "d",
"type": "cell-end"}
,
{
"node": "d",
"type": "cell-start"}
,
{
"node": "d",
"type": "field-start",
"subtype": "eq"}
,
{
"node": "l",
"frag": "si-nun-tum",
"id": "X000182.l40adf",
"ref": "X000182.30.2",
"inst": "sinuntum[Swallow]CN",
"sig": "@dcclt%akk:si-nun-tum=Sinuntu[Swallow//Swallow]CN'CN$sinuntum",
"f": {"lang": "akk",
"form": "si-nun-tum",
"cf": "Sinuntu",
"gw": "Swallow",
"sense": "Swallow",
"norm": "sinuntum",
"pos": "CN",
"epos": "CN"}
}
,
{
"node": "d",
"type": "field-end",
"subtype": "eq"}
,
{
"node": "d",
"type": "cell-end"}
,
{
"node": "d",
"type": "nonx",
"ref": "X000182.31",
"strict": "1",
"extent": "2",
"scope": "line",
"state": "ruling"}
,
{
"node": "d",
"type": "line-start",
"ref": "X000182.32",
"n": "3",
"label": "r i 3"}
,
{
"node": "d",
"type": "cell-start"}
,
{
"node": "d",
"type": "field-start",
"subtype": "wp"}
,
{
"node": "l",
"frag": "a",
"id": "X000182.l40ae0",
"ref": "X000182.32.1",
"inst": "a[water]N",
"sig": "@dcclt%sux:a=a[water//water]N'N$a/a#~",
"f": {"lang": "sux",
"form": "a",
"cf": "a",
"gw": "water",
"sense": "water",
"norm0": "a",
"pos": "N",
"epos": "N",
"base": "a",
"morph": "~"}
}
,
{
"node": "d",
"type": "field-end",
"subtype": "wp"}
,
{
"node": "d",
"type": "cell-end"}
,
{
"node": "d",
"type": "cell-start"}
,
{
"node": "d",
"type": "field-start",
"subtype": "eq"}
,
{
"node": "l",
"frag": "mu-u₂",
"id": "X000182.l40ae1",
"ref": "X000182.32.2",
"inst": "mû[water]N",
"sig": "@dcclt%akk:mu-u₂=mû[water//water]N'N$mû",
"f": {"lang": "akk",
"form": "mu-u₂",
"cf": "mû",
"gw": "water",
"sense": "water",
"norm": "mû",
"pos": "N",
"epos": "N"}
}
,
{
"node": "d",
"type": "field-end",
"subtype": "eq"}
,
{
"node": "d",
"type": "cell-end"}
,
{
"node": "d",
"type": "line-start",
"ref": "X000182.33",
"n": "4",
"label": "r i 4"}
,
{
"node": "d",
"type": "cell-start"}
,
{
"node": "d",
"type": "field-start",
"subtype": "wp"}
,
{
"node": "l",
"frag": "ninda",
"id": "X000182.l40ae2",
"ref": "X000182.33.1",
"inst": "ninda[bread]N",
"sig": "@dcclt%sux:ninda=ninda[bread//bread]N'N$ninda/ninda#~",
"f": {"lang": "sux",
"form": "ninda",
"cf": "ninda",
"gw": "bread",
"sense": "bread",
"norm0": "ninda",
"pos": "N",
"epos": "N",
"base": "ninda",
"morph": "~"}
}
,
{
"node": "d",
"type": "field-end",
"subtype": "wp"}
,
{
"node": "d",
"type": "cell-end"}
,
{
"node": "d",
"type": "cell-start"}
,
{
"node": "d",
"type": "field-start",
"subtype": "eq"}
,
{
"node": "l",
"frag": "a-ka-lu",
"id": "X000182.l40ae3",
"ref": "X000182.33.2",
"inst": "akalu[bread]N",
"sig": "@dcclt%akk:a-ka-lu=akalu[food//bread]N'N$akalu",
"f": {"lang": "akk",
"form": "a-ka-lu",
"cf": "akalu",
"gw": "food",
"sense": "bread",
"norm": "akalu",
"pos": "N",
"epos": "N"}
}
,
{
"node": "d",
"type": "field-end",
"subtype": "eq"}
,
{
"node": "d",
"type": "cell-end"}
,
{
"node": "d",
"type": "line-start",
"ref": "X000182.34",
"n": "5",
"label": "r i 5"}
,
{
"node": "d",
"type": "cell-start"}
,
{
"node": "d",
"type": "field-start",
"subtype": "wp"}
,
{
"node": "l",
"frag": "u₂",
"id": "X000182.l40ae4",
"ref": "X000182.34.1",
"inst": "u[plant(s)]N",
"sig": "@dcclt%sux:u₂=u[grass//plant(s)]N'N$u/u₂#~",
"f": {"lang": "sux",
"form": "u₂",
"cf": "u",
"gw": "grass",
"sense": "plant(s)",
"norm0": "u",
"pos": "N",
"epos": "N",
"base": "u₂",
"morph": "~"}
}
,
{
"node": "d",
"type": "field-end",
"subtype": "wp"}
,
{
"node": "d",
"type": "cell-end"}
,
{
"node": "d",
"type": "cell-start"}
,
{
"node": "d",
"type": "field-start",
"subtype": "eq"}
,
{
"node": "d",
"type": "nonw",
"ref": "X000182.34.2",
"lang": "akk",
"type": "surro"}
,
{
"node": "l",
"id": "X000182.l40ae5",
"ref": "X000182.34.3",
"inst": "akalu[bread]N",
"sig": "@dcclt%akk:a-ka-lu=akalu[food//bread]N'N$akalu",
"f": {"lang": "akk",
"form": "a-ka-lu",
"cf": "akalu",
"gw": "food",
"sense": "bread",
"norm": "akalu",
"pos": "N",
"epos": "N"}
}
,
{
"node": "d",
"type": "field-end",
"subtype": "eq"}
,
{
"node": "d",
"type": "cell-end"}
,
{
"node": "d",
"type": "line-start",
"ref": "X000182.35",
"n": "6",
"label": "r i 6"}
,
{
"node": "d",
"type": "cell-start"}
,
{
"node": "d",
"type": "field-start",
"subtype": "wp"}
,
{
"node": "l",
"frag": "ninda",
"id": "X000182.l40ae6",
"ref": "X000182.35.1",
"inst": "ninda[bread]N",
"sig": "@dcclt%sux:ninda=ninda[bread//bread]N'N$ninda/ninda#~",
"f": {"lang": "sux",
"form": "ninda",
"cf": "ninda",
"gw": "bread",
"sense": "bread",
"norm0": "ninda",
"pos": "N",
"epos": "N",
"base": "ninda",
"morph": "~"}
}
,
{
"node": "l",
"frag": "zid₂",
"id": "X000182.l40ae7",
"ref": "X000182.35.2",
"inst": "zid[flour]",
"sig": "@dcclt%sux:zid₂=zid[flour//flour]N'N$zid/zid₂#~",
"f": {"lang": "sux",
"form": "zid₂",
"cf": "zid",
"gw": "flour",
"sense": "flour",
"norm0": "zid",
"pos": "N",
"epos": "N",
"base": "zid₂",
"morph": "~"}
}
,
{
"node": "l",
"frag": "saŋ",
"id": "X000182.l40ae8",
"ref": "X000182.35.3",
"inst": "saŋ[head]",
"sig": "@dcclt%sux:saŋ=saŋ[head//head]N'N$saŋ/saŋ#~",
"f": {"lang": "sux",
"form": "saŋ",
"cf": "saŋ",
"gw": "head",
"sense": "head",
"norm0": "saŋ",
"pos": "N",
"epos": "N",
"base": "saŋ",
"morph": "~"}
}
,
{
"node": "d",
"type": "field-end",
"subtype": "wp"}
,
{
"node": "d",
"type": "cell-end"}
,
{
"node": "d",
"type": "cell-start"}
,
{
"node": "d",
"type": "field-start",
"subtype": "eq"}
,
{
"node": "l",
"frag": "tak-ka-su-u₂",
"id": "X000182.l40ae9",
"ref": "X000182.35.4",
"inst": "takkasû[(a bakemeat for cult)?]N",
"sig": "@dcclt%akk:tak-ka-su-u₂=takkasû[(a bakemeat for cult)?//(a bakemeat for cult)?]N'N$takkasû",
"f": {"lang": "akk",
"form": "tak-ka-su-u₂",
"cf": "takkasû",
"gw": "(a bakemeat for cult)?",
"sense": "(a bakemeat for cult)?",
"norm": "takkasû",
"pos": "N",
"epos": "N"}
}
,
{
"node": "d",
"type": "field-end",
"subtype": "eq"}
,
{
"node": "d",
"type": "cell-end"}
,
{
"node": "d",
"type": "line-start",
"ref": "X000182.36",
"n": "7",
"label": "r i 7"}
,
{
"node": "d",
"type": "cell-start"}
,
{
"node": "d",
"type": "field-start",
"subtype": "wp"}
,
{
"node": "l",
"frag": "[ninda]",
"id": "X000182.l40aea",
"ref": "X000182.36.1",
"inst": "ninda[bread]N",
"sig": "@dcclt%sux:ninda=ninda[bread//bread]N'N$ninda/ninda#~",
"f": {"lang": "sux",
"form": "ninda",
"cf": "ninda",
"gw": "bread",
"sense": "bread",
"norm0": "ninda",
"pos": "N",
"epos": "N",
"base": "ninda",
"morph": "~"}
}
,
{
"node": "l",
"frag": "⸢zid₂⸣",
"id": "X000182.l40aeb",
"ref": "X000182.36.2",
"inst": "zid[flour]N",
"sig": "@dcclt%sux:zid₂=zid[flour//flour]N'N$zid/zid₂#~",
"f": {"lang": "sux",
"form": "zid₂",
"cf": "zid",
"gw": "flour",
"sense": "flour",
"norm0": "zid",
"pos": "N",
"epos": "N",
"base": "zid₂",
"morph": "~"}
}
,
{
"node": "l",
"frag": "gal",
"id": "X000182.l40aec",
"ref": "X000182.36.3",
"inst": "gal[(to be) big, great]V/i",
"sig": "@dcclt%sux:gal=gal[big//(to be) big, great]V/i'V/i$gal/gal#~",
"f": {"lang": "sux",
"form": "gal",
"cf": "gal",
"gw": "big",
"sense": "(to be) big, great",
"norm0": "gal",
"pos": "V/i",
"epos": "V/i",
"base": "gal",
"morph": "~"}
}
,
{
"node": "d",
"type": "field-end",
"subtype": "wp"}
,
{
"node": "d",
"type": "cell-end"}
,
{
"node": "d",
"type": "cell-start"}
,
{
"node": "d",
"type": "field-start",
"subtype": "eq"}
,
{
"node": "l",
"frag": "rab-bu-u₂",
"id": "X000182.l40aed",
"ref": "X000182.36.4",
"inst": "rabbû[very big]AJ",
"sig": "@dcclt%akk:rab-bu-u₂=rabbû[very big//very big]AJ'AJ$rabbû",
"f": {"lang": "akk",
"form": "rab-bu-u₂",
"cf": "rabbû",
"gw": "very big",
"sense": "very big",
"norm": "rabbû",
"pos": "AJ",
"epos": "AJ"}
}
,
{
"node": "d",
"type": "field-end",
"subtype": "eq"}
,
{
"node": "d",
"type": "cell-end"}
,
{
"node": "d",
"type": "line-start",
"ref": "X000182.37",
"n": "8",
"label": "r i 8"}
,
{
"node": "d",
"type": "cell-start"}
,
{
"node": "d",
"type": "field-start",
"subtype": "wp"}
,
{
"node": "l",
"frag": "[ninda]",
"id": "X000182.l40aee",
"ref": "X000182.37.1",
"inst": "ninda[bread]N",
"sig": "@dcclt%sux:ninda=ninda[bread//bread]N'N$ninda/ninda#~",
"f": {"lang": "sux",
"form": "ninda",
"cf": "ninda",
"gw": "bread",
"sense": "bread",
"norm0": "ninda",
"pos": "N",
"epos": "N",
"base": "ninda",
"morph": "~"}
}
,
{
"node": "l",
"frag": "⸢zid₂⸣",
"id": "X000182.l40aef",
"ref": "X000182.37.2",
"inst": "zid[flour]N",
"sig": "@dcclt%sux:zid₂=zid[flour//flour]N'N$zid/zid₂#~",
"f": {"lang": "sux",
"form": "zid₂",
"cf": "zid",
"gw": "flour",
"sense": "flour",
"norm0": "zid",
"pos": "N",
"epos": "N",
"base": "zid₂",
"morph": "~"}
}
,
{
"node": "l",
"frag": "tur",
"id": "X000182.l40af0",
"ref": "X000182.37.3",
"inst": "tur[small]V/i",
"sig": "@dcclt%sux:tur=tur[small//small]V/i'V/i$tur/tur#~",
"f": {"lang": "sux",
"form": "tur",
"cf": "tur",
"gw": "small",
"sense": "small",
"norm0": "tur",
"pos": "V/i",
"epos": "V/i",
"base": "tur",
"morph": "~"}
}
,
{
"node": "d",
"type": "field-end",
"subtype": "wp"}
,
{
"node": "d",
"type": "cell-end"}
,
{
"node": "d",
"type": "cell-start"}
,
{
"node": "d",
"type": "field-start",
"subtype": "eq"}
,
{
"node": "l",
"frag": "tak-ka-su-u₂",
"id": "X000182.l40af1",
"ref": "X000182.37.4",
"inst": "takkasû[(a bakemeat for cult)?]N",
"sig": "@dcclt%akk:tak-ka-su-u₂=takkasû[(a bakemeat for cult)?//(a bakemeat for cult)?]N'N$takkasû",
"f": {"lang": "akk",
"form": "tak-ka-su-u₂",
"cf": "takkasû",
"gw": "(a bakemeat for cult)?",
"sense": "(a bakemeat for cult)?",
"norm": "takkasû",
"pos": "N",
"epos": "N"}
}
,
{
"node": "d",
"type": "field-end",
"subtype": "eq"}
,
{
"node": "d",
"type": "cell-end"}
,
{
"node": "d",
"type": "line-start",
"ref": "X000182.38",
"n": "9",
"label": "r i 9"}
,
{
"node": "d",
"type": "cell-start"}
,
{
"node": "d",
"type": "field-start",
"subtype": "wp"}
,
{
"node": "l",
"frag": "[ninda]",
"id": "X000182.l40af2",
"ref": "X000182.38.1",
"inst": "ninda[bread]N",
"sig": "@dcclt%sux:ninda=ninda[bread//bread]N'N$ninda/ninda#~",
"f": {"lang": "sux",
"form": "ninda",
"cf": "ninda",
"gw": "bread",
"sense": "bread",
"norm0": "ninda",
"pos": "N",
"epos": "N",
"base": "ninda",
"morph": "~"}
}
,
{
"node": "l",
"frag": "zid₂-gu",
"id": "X000182.l40af3",
"ref": "X000182.38.2",
"inst": "zidgu[flour]",
"sig": "@dcclt%sux:zid₂-gu=zidgu[flour//flour]N'N$zidgu/zid₂-gu#~",
"f": {"lang": "sux",
"form": "zid₂-gu",
"cf": "zidgu",
"gw": "flour",
"sense": "flour",
"norm0": "zidgu",
"pos": "N",
"epos": "N",
"base": "zid₂-gu",
"morph": "~"}
}
,
{
"node": "d",
"type": "field-end",
"subtype": "wp"}
,
{
"node": "d",
"type": "cell-end"}
,
{
"node": "d",
"type": "cell-start"}
,
{
"node": "d",
"type": "field-start",
"subtype": "eq"}
,
{
"node": "l",
"frag": "a-kal",
"id": "X000182.l40af4",
"ref": "X000182.38.3",
"inst": "akal[bread]N",
"sig": "@dcclt%akk:a-kal=akalu[bread//bread]N'N$akal",
"f": {"lang": "akk",
"form": "a-kal",
"cf": "akalu",
"gw": "bread",
"sense": "bread",
"norm": "akal",
"pos": "N",
"epos": "N"}
}
,
{
"node": "l",
"frag": "is-qu-uq-qi₂",
"id": "X000182.l40af5",
"ref": "X000182.38.4",
"inst": "X",
"f": {"lang": "akk",
"form": "is-qu-uq-qi₂",
"pos": "X"}
}
,
{
"node": "d",
"type": "field-end",
"subtype": "eq"}
,
{
"node": "d",
"type": "cell-end"}
,
{
"node": "d",
"type": "line-start",
"ref": "X000182.39",
"n": "10",
"label": "r i 10"}
,
{
"node": "d",
"type": "cell-start"}
,
{
"node": "d",
"type": "field-start",
"subtype": "wp"}
,
{
"node": "l",
"frag": "[ninda]",
"id": "X000182.l40af6",
"ref": "X000182.39.1",
"inst": "ninda[bread]N",
"sig": "@dcclt%sux:ninda=ninda[bread//bread]N'N$ninda/ninda#~",
"f": {"lang": "sux",
"form": "ninda",
"cf": "ninda",
"gw": "bread",
"sense": "bread",
"norm0": "ninda",
"pos": "N",
"epos": "N",
"base": "ninda",
"morph": "~"}
}
,
{
"node": "l",
"frag": "zid₂-kum₄",
"id": "X000182.l40af7",
"ref": "X000182.39.2",
"inst": "zidgu[flour]",
"sig": "@dcclt%sux:zid₂-kum₄=zidgu[flour//flour]N'N$zidgu/zid₂-kum₄#~",
"f": {"lang": "sux",
"form": "zid₂-kum₄",
"cf": "zidgu",
"gw": "flour",
"sense": "flour",
"norm0": "zidgu",
"pos": "N",
"epos": "N",
"base": "zid₂-kum₄",
"morph": "~"}
}
,
{
"node": "d",
"type": "field-end",
"subtype": "wp"}
,
{
"node": "d",
"type": "cell-end"}
,
{
"node": "d",
"type": "cell-start"}
,
{
"node": "d",
"type": "field-start",
"subtype": "eq"}
,
{
"node": "l",
"frag": "<(a-kal",
"id": "X000182.l40af8",
"ref": "X000182.39.3",
"inst": "akal[bread]N",
"sig": "@dcclt%akk:a-kal=akalu[bread//bread]N'N$akal",
"f": {"lang": "akk",
"form": "a-kal",
"cf": "akalu",
"gw": "bread",
"sense": "bread",
"norm": "akal",
"pos": "N",
"epos": "N"}
}
,
{
"node": "l",
"frag": "is-qu-uq-qi₂)>",
"id": "X000182.l40af9",
"ref": "X000182.39.4",
"inst": "X",
"f": {"lang": "akk",
"form": "is-qu-uq-qi₂",
"pos": "X"}
}
,
{
"node": "d",
"type": "field-end",
"subtype": "eq"}
,
{
"node": "d",
"type": "cell-end"}
,
{
"node": "d",
"type": "line-start",
"ref": "X000182.40",
"n": "11",
"label": "r i 11"}
,
{
"node": "d",
"type": "cell-start"}
,
{
"node": "d",
"type": "field-start",
"subtype": "wp"}
,
{
"node": "l",
"frag": "[ninda]",
"id": "X000182.l40afa",
"ref": "X000182.40.1",
"inst": "ninda[bread]N",
"sig": "@dcclt%sux:ninda=ninda[bread//bread]N'N$ninda/ninda#~",
"f": {"lang": "sux",
"form": "ninda",
"cf": "ninda",
"gw": "bread",
"sense": "bread",
"norm0": "ninda",
"pos": "N",
"epos": "N",
"base": "ninda",
"morph": "~"}
}
,
{
"node": "l",
"frag": "i₃",
"id": "X000182.l40afb",
"ref": "X000182.40.2",
"inst": "i[oil]",
"sig": "@dcclt%sux:i₃=i[oil//oil]N'N$i/i₃#~",
"f": {"lang": "sux",
"form": "i₃",
"cf": "i",
"gw": "oil",
"sense": "oil",
"norm0": "i",
"pos": "N",
"epos": "N",
"base": "i₃",
"morph": "~"}
}
,
{
"node": "l",
"frag": "de₂-a",
"id": "X000182.l40afc",
"ref": "X000182.40.3",
"inst": "de[to pour]V/t",
"sig": "@dcclt%sux:de₂-a=de[pour//to pour]V/t'V/t$de;a/de₂#~;a",
"f": {"lang": "sux",
"form": "de₂-a",
"cf": "de",
"gw": "pour",
"sense": "to pour",
"norm0": "de;a",
"pos": "V/t",
"epos": "V/t",
"base": "de₂",
"morph": "~;a"}
}
,
{
"node": "d",
"type": "field-end",
"subtype": "wp"}
,
{
"node": "d",
"type": "cell-end"}
,
{
"node": "d",
"type": "cell-start"}
,
{
"node": "d",
"type": "field-start",
"subtype": "eq"}
,
{
"node": "l",
"frag": "mer-su",
"id": "X000182.l40afd",
"ref": "X000182.40.4",
"inst": "+mersu[(a cake)]N$",
"sig": "@dcclt%akk:mer-su=mersu[(a cake)//(a cake)]N'N$mersu",
"f": {"lang": "akk",
"form": "mer-su",
"cf": "mersu",
"gw": "(a cake)",
"sense": "(a cake)",
"norm": "mersu",
"pos": "N",
"epos": "N"}
}
,
{
"node": "d",
"type": "field-end",
"subtype": "eq"}
,
{
"node": "d",
"type": "cell-end"}
,
{
"node": "d",
"type": "line-start",
"ref": "X000182.41",
"n": "12",
"label": "r i 12"}
,
{
"node": "d",
"type": "cell-start"}
,
{
"node": "d",
"type": "field-start",
"subtype": "wp"}
,
{
"node": "l",
"frag": "[ninda]",
"id": "X000182.l40afe",
"ref": "X000182.41.1",
"inst": "ninda[bread]N",
"sig": "@dcclt%sux:ninda=ninda[bread//bread]N'N$ninda/ninda#~",
"f": {"lang": "sux",
"form": "ninda",
"cf": "ninda",
"gw": "bread",
"sense": "bread",
"norm0": "ninda",
"pos": "N",
"epos": "N",
"base": "ninda",
"morph": "~"}
}
,
{
"node": "l",
"frag": "x-KI",
"id": "X000182.l40aff",
"ref": "X000182.41.2",
"inst": "u",
"f": {"lang": "sux",
"form": "x-KI",
"pos": "u"}
}
,
{
"node": "d",
"type": "field-end",
"subtype": "wp"}
,
{
"node": "d",
"type": "cell-end"}
,
{
"node": "d",
"type": "cell-start"}
,
{
"node": "d",
"type": "field-start",
"subtype": "eq"}
,
{
"node": "l",
"frag": "kap-pa-a-rum",
"id": "X000182.l40b00",
"ref": "X000182.41.3",
"inst": "+kaparru[shepherd-boy]N$kapparum",
"sig": "@dcclt%akk:kap-pa-a-rum=kaparru[shepherd-boy//shepherd-boy]N'N$kapparum",
"f": {"lang": "akk",
"form": "kap-pa-a-rum",
"cf": "kaparru",
"gw": "shepherd-boy",
"sense": "shepherd-boy",
"norm": "kapparum",
"pos": "N",
"epos": "N"}
}
,
{
"node": "d",
"type": "field-end",
"subtype": "eq"}
,
{
"node": "d",
"type": "cell-end"}
,
{
"node": "d",
"type": "line-start",
"ref": "X000182.42",
"n": "13",
"label": "r i 13"}
,
{
"node": "d",
"type": "cell-start"}
,
{
"node": "d",
"type": "field-start",
"subtype": "wp"}
,
{
"node": "l",
"frag": "[ninda",
"id": "X000182.l40b01",
"ref": "X000182.42.1",
"inst": "ninda[bread]N",
"sig": "@dcclt%sux:ninda=ninda[bread//bread]N'N$ninda/ninda#~",
"f": {"lang": "sux",
"form": "ninda",
"cf": "ninda",
"gw": "bread",
"sense": "bread",
"norm0": "ninda",
"pos": "N",
"epos": "N",
"base": "ninda",
"morph": "~"}
}
,
{
"node": "l",
"frag": "ku₇]-ku₇",
"id": "X000182.l40b02",
"ref": "X000182.42.2",
"inst": "kud[(to be ) (honey-)sweet]V/i",
"sig": "@dcclt%sux:ku₇-ku₇=kud[sweet//(to be ) (honey-)sweet]V/i'V/i$kud/ku₇-ku₇#~",
"f": {"lang": "sux",
"form": "ku₇-ku₇",
"cf": "kud",
"gw": "sweet",
"sense": "(to be ) (honey-)sweet",
"norm0": "kud",
"pos": "V/i",
"epos": "V/i",
"base": "ku₇-ku₇",
"morph": "~"}
}
,
{
"node": "d",
"type": "field-end",
"subtype": "wp"}
,
{
"node": "d",
"type": "cell-end"}
,
{
"node": "d",
"type": "cell-start"}
,
{
"node": "d",
"type": "field-start",
"subtype": "eq"}
,
{
"node": "l",
"frag": "mut-ta-a-qu",
"id": "X000182.l40b03",
"ref": "X000182.42.3",
"inst": "+mutāqu[confectionary]N$muttāqu",
"sig": "@dcclt%akk:mut-ta-a-qu=mutāqu[confectionary//confectionary]N'N$muttāqu",
"f": {"lang": "akk",
"form": "mut-ta-a-qu",
"cf": "mutāqu",
"gw": "confectionary",
"sense": "confectionary",
"norm": "muttāqu",
"pos": "N",
"epos": "N"}
}
,
{
"node": "d",
"type": "field-end",
"subtype": "eq"}
,
{
"node": "d",
"type": "cell-end"}
,
{
"node": "d",
"type": "line-start",
"ref": "X000182.43",
"n": "14",
"label": "r i 14"}
,
{
"node": "d",
"type": "cell-start"}
,
{
"node": "d",
"type": "field-start",
"subtype": "wp"}
,
{
"node": "l",
"frag": "[ninda",
"id": "X000182.l40b04",
"ref": "X000182.43.1",
"inst": "ninda[bread]N",
"sig": "@dcclt%sux:ninda=ninda[bread//bread]N'N$ninda/ninda#~",
"f": {"lang": "sux",
"form": "ninda",
"cf": "ninda",
"gw": "bread",
"sense": "bread",
"norm0": "ninda",
"pos": "N",
"epos": "N",
"base": "ninda",
"morph": "~"}
}
,
{
"node": "l",
"frag": "...]-x",
"id": "X000182.l40b05",
"ref": "X000182.43.2",
"inst": "u",
"f": {"lang": "sux",
"form": "x-x",
"pos": "u"}
}
,
{
"node": "d",
"type": "field-end",
"subtype": "wp"}
,
{
"node": "d",
"type": "cell-end"}
,
{
"node": "d",
"type": "cell-start"}
,
{
"node": "d",
"type": "field-start",
"subtype": "eq"}
,
{
"node": "l",
"frag": "a-kal",
"id": "X000182.l40b06",
"ref": "X000182.43.3",
"inst": "akal[bread]N",
"sig": "@dcclt%akk:a-kal=akalu[bread//bread]N'N$akal",
"f": {"lang": "akk",
"form": "a-kal",
"cf": "akalu",
"gw": "bread",
"sense": "bread",
"norm": "akal",
"pos": "N",
"epos": "N"}
}
,
{
"node": "l",
"frag": "a-x-[...]",
"id": "X000182.l40b07",
"ref": "X000182.43.4",
"inst": "u",
"f": {"lang": "akk",
"form": "a-x-x",
"pos": "u"}
}
,
{
"node": "d",
"type": "field-end",
"subtype": "eq"}
,
{
"node": "d",
"type": "cell-end"}
,
{
"node": "d",
"type": "nonx",
"ref": "X000182.44",
"strict": "1",
"extent": "rest",
"scope": "column",
"state": "missing"}
,
{
"node": "d",
"subtype": "column 2r",
"type": "column",
"ref": "X000182.r.ii.45",
"n": "2",
"label": "r ii"}
,
{
"node": "d",
"type": "nonx",
"ref": "X000182.46",
"strict": "1",
"extent": "n",
"scope": "line",
"state": "missing"}
]}
]}
]}
]}
