{
"type": "cdl",
  "source": "http://oracc.org/dcclt",
  "license": "This data is released under the CC0 license",
  "license-url": "https://creativecommons.org/publicdomain/zero/1.0/",
  "more-info": "http://oracc.org/doc/opendata/",
  "UTC-timestamp": "2017-05-19T18:29:12",
"project": "dcclt",
"textid": "X499118",
"cdl": [
{
"node": "c",
"type": "text",
"id": "X499118.U0",
"cdl": [
{
"node": "d",
"type": "object",
"ref": ""}
,
{
"node": "d",
"subtype": "obverse",
"type": "surface",
"ref": "X499118.o.1",
"type": "obverse",
"label": "o"}
,
{
"node": "c",
"type": "discourse",
"subtype": "body",
"id": "X499118.U1",
"cdl": [
{
"node": "c",
"type": "sentence",
"id": "X499118.U2",
"label": "o 1' - o 10'",
"cdl": [
{
"node": "d",
"type": "line-start",
"ref": "X499118.2",
"n": "1'",
"label": "o 1'"}
,
{
"node": "d",
"type": "cell-start"}
,
{
"node": "d",
"type": "field-start",
"subtype": "wp"}
,
{
"node": "l",
"frag": "[muš]",
"id": "X499118.l537f0",
"ref": "X499118.2.1",
"inst": "muš[snake]N",
"sig": "@dcclt%sux:muš=muš[snake//snake]N'N$muš/muš#~",
"f": {"lang": "sux",
"form": "muš",
"cf": "muš",
"gw": "snake",
"sense": "snake",
"norm0": "muš",
"pos": "N",
"epos": "N",
"base": "muš",
"morph": "~"}
}
,
{
"node": "l",
"frag": "⸢IDIM⸣",
"id": "X499118.l537f1",
"ref": "X499118.2.2",
"inst": "u",
"f": {"lang": "sux",
"form": "IDIM",
"pos": "u"}
}
,
{
"node": "d",
"type": "field-end",
"subtype": "wp"}
,
{
"node": "d",
"type": "cell-end"}
,
{
"node": "d",
"type": "cell-start"}
,
{
"node": "d",
"type": "field-start",
"subtype": "eq"}
,
{
"node": "l",
"frag": "kur-ṣi-[in-du]",
"id": "X499118.l537f2",
"ref": "X499118.2.3",
"inst": "+kursimtu[scale//a snake]N'N$kurṣindu",
"sig": "@dcclt%akk:kur-ṣi-in-du=kursimtu[scale//a snake]N'N$kurṣindu",
"f": {"lang": "akk",
"form": "kur-ṣi-in-du",
"cf": "kursimtu",
"gw": "scale",
"sense": "a snake",
"norm": "kurṣindu",
"pos": "N",
"epos": "N"}
}
,
{
"node": "d",
"type": "field-end",
"subtype": "eq"}
,
{
"node": "d",
"type": "cell-end"}
,
{
"node": "d",
"type": "cell-start"}
,
{
"node": "d",
"type": "field-start",
"subtype": "eq"}
,
{
"node": "l",
"frag": "[...]",
"id": "X499118.l537f3",
"ref": "X499118.2.4",
"inst": "u",
"f": {"lang": "akk",
"form": "x",
"pos": "u"}
}
,
{
"node": "d",
"type": "field-end",
"subtype": "eq"}
,
{
"node": "d",
"type": "cell-end"}
,
{
"node": "d",
"type": "line-start",
"ref": "X499118.3",
"n": "2'",
"label": "o 2'"}
,
{
"node": "d",
"type": "cell-start"}
,
{
"node": "d",
"type": "field-start",
"subtype": "wp"}
,
{
"node": "l",
"frag": "[muš",
"id": "X499118.l537f4",
"ref": "X499118.3.1",
"inst": "muš[snake]N",
"sig": "@dcclt%sux:muš=muš[snake//snake]N'N$muš/muš#~",
"f": {"lang": "sux",
"form": "muš",
"cf": "muš",
"gw": "snake",
"sense": "snake",
"norm0": "muš",
"pos": "N",
"epos": "N",
"base": "muš",
"morph": "~"}
}
,
{
"node": "l",
"frag": "ma-an]-sim₂",
"id": "X499118.l537f5",
"ref": "X499118.3.2",
"inst": "+mansim[sieve]N/ma-an-sim₂#~",
"sig": "@dcclt%sux:ma-an-sim₂=mansim[sieve//sieve]N'N$mansim/ma-an-sim₂#~",
"f": {"lang": "sux",
"form": "ma-an-sim₂",
"cf": "mansim",
"gw": "sieve",
"sense": "sieve",
"norm0": "mansim",
"pos": "N",
"epos": "N",
"base": "ma-an-sim₂",
"morph": "~"}
}
,
{
"node": "d",
"type": "field-end",
"subtype": "wp"}
,
{
"node": "d",
"type": "cell-end"}
,
{
"node": "d",
"type": "cell-start"}
,
{
"node": "d",
"type": "field-start",
"subtype": "eq"}
,
{
"node": "l",
"frag": "na-pi-[tum]",
"id": "X499118.l537f6",
"ref": "X499118.3.3",
"inst": "+napû[sieved]",
"sig": "@dcclt%akk:na-pi-tum=napû[sieved//sieved]N'N$napû",
"f": {"lang": "akk",
"form": "na-pi-tum",
"cf": "napû",
"gw": "sieved",
"sense": "sieved",
"norm": "napû",
"pos": "N",
"epos": "N"}
}
,
{
"node": "d",
"type": "field-end",
"subtype": "eq"}
,
{
"node": "d",
"type": "cell-end"}
,
{
"node": "d",
"type": "cell-start"}
,
{
"node": "d",
"type": "field-start",
"subtype": "eq"}
,
{
"node": "l",
"frag": "[...]",
"id": "X499118.l537f7",
"ref": "X499118.3.4",
"inst": "u",
"f": {"lang": "akk",
"form": "x",
"pos": "u"}
}
,
{
"node": "d",
"type": "field-end",
"subtype": "eq"}
,
{
"node": "d",
"type": "cell-end"}
,
{
"node": "d",
"type": "line-start",
"ref": "X499118.4",
"n": "3'",
"label": "o 3'"}
,
{
"node": "d",
"type": "cell-start"}
,
{
"node": "d",
"type": "field-start",
"subtype": "wp"}
,
{
"node": "l",
"frag": "[muš",
"id": "X499118.l537f8",
"ref": "X499118.4.1",
"inst": "muš[snake]N",
"sig": "@dcclt%sux:muš=muš[snake//snake]N'N$muš/muš#~",
"f": {"lang": "sux",
"form": "muš",
"cf": "muš",
"gw": "snake",
"sense": "snake",
"norm0": "muš",
"pos": "N",
"epos": "N",
"base": "muš",
"morph": "~"}
}
,
{
"node": "l",
"frag": "ki]-⸢uš⸣",
"id": "X499118.l537f9",
"ref": "X499118.4.2",
"inst": "kiʾuš[waste]N",
"sig": "@dcclt%sux:ki-uš=kiʾuš[waste//waste ground]N'N$kiʾuš/ki-uš#~",
"f": {"lang": "sux",
"form": "ki-uš",
"cf": "kiʾuš",
"gw": "waste",
"sense": "waste ground",
"norm0": "kiʾuš",
"pos": "N",
"epos": "N",
"base": "ki-uš",
"morph": "~"}
}
,
{
"node": "d",
"type": "field-end",
"subtype": "wp"}
,
{
"node": "d",
"type": "cell-end"}
,
{
"node": "d",
"type": "cell-start"}
,
{
"node": "d",
"type": "field-start",
"subtype": "eq"}
,
{
"node": "l",
"frag": "ṣe-er",
"id": "X499118.l537fa",
"ref": "X499118.4.3",
"inst": "ṣer[snake]N",
"sig": "@dcclt%akk:ṣe-er=ṣerru[snake//snake]N'N$ṣer",
"f": {"lang": "akk",
"form": "ṣe-er",
"cf": "ṣerru",
"gw": "snake",
"sense": "snake",
"norm": "ṣer",
"pos": "N",
"epos": "N"}
}
,
{
"node": "l",
"frag": "ba-li-tum",
"id": "X499118.l537fb",
"ref": "X499118.4.4",
"inst": "+baliltu[rubbish tip//waste land]N'N$balītum",
"sig": "@dcclt%akk:ba-li-tum=baliltu[rubbish tip//waste land]N'N$balītum",
"f": {"lang": "akk",
"form": "ba-li-tum",
"cf": "baliltu",
"gw": "rubbish tip",
"sense": "waste land",
"norm": "balītum",
"pos": "N",
"epos": "N"}
}
,
{
"node": "d",
"type": "field-end",
"subtype": "eq"}
,
{
"node": "d",
"type": "cell-end"}
,
{
"node": "d",
"type": "cell-start"}
,
{
"node": "d",
"type": "field-start",
"subtype": "eq"}
,
{
"node": "l",
"frag": "[...]",
"id": "X499118.l537fc",
"ref": "X499118.4.5",
"inst": "u",
"f": {"lang": "akk",
"form": "x",
"pos": "u"}
}
,
{
"node": "d",
"type": "field-end",
"subtype": "eq"}
,
{
"node": "d",
"type": "cell-end"}
,
{
"node": "d",
"type": "line-start",
"ref": "X499118.5",
"n": "4'",
"label": "o 4'"}
,
{
"node": "d",
"type": "cell-start"}
,
{
"node": "d",
"type": "field-start",
"subtype": "wp"}
,
{
"node": "l",
"frag": "[muš",
"id": "X499118.l537fd",
"ref": "X499118.5.1",
"inst": "muš[snake]N",
"sig": "@dcclt%sux:muš=muš[snake//snake]N'N$muš/muš#~",
"f": {"lang": "sux",
"form": "muš",
"cf": "muš",
"gw": "snake",
"sense": "snake",
"norm0": "muš",
"pos": "N",
"epos": "N",
"base": "muš",
"morph": "~"}
}
,
{
"node": "l",
"frag": "ki]-duru₅",
"id": "X499118.l537fe",
"ref": "X499118.5.2",
"inst": "kiduru[damp ground, irrigable land]N",
"sig": "@dcclt%sux:ki-duru₅=kiduru[land//damp ground, irrigable land]N'N$kiduru/ki-duru₅#~",
"f": {"lang": "sux",
"form": "ki-duru₅",
"cf": "kiduru",
"gw": "land",
"sense": "damp ground, irrigable land",
"norm0": "kiduru",
"pos": "N",
"epos": "N",
"base": "ki-duru₅",
"morph": "~"}
}
,
{
"node": "d",
"type": "field-end",
"subtype": "wp"}
,
{
"node": "d",
"type": "cell-end"}
,
{
"node": "d",
"type": "cell-start"}
,
{
"node": "d",
"type": "field-start",
"subtype": "eq"}
,
{
"node": "d",
"type": "nonw",
"ref": "X499118.5.3",
"lang": "akk",
"type": "surro"}
,
{
"node": "l",
"id": "X499118.l537ff",
"ref": "X499118.5.4",
"inst": "ṣer[snake]N",
"sig": "@dcclt%akk:ṣe-er=ṣerru[snake//snake]N'N$ṣer",
"f": {"lang": "akk",
"form": "ṣe-er",
"cf": "ṣerru",
"gw": "snake",
"sense": "snake",
"norm": "ṣer",
"pos": "N",
"epos": "N"}
}
,
{
"node": "l",
"frag": "ru-ṭib-tum",
"id": "X499118.l53800",
"ref": "X499118.5.5",
"inst": "+ruṭibtu[dampness//damp ground]N'N$ruṭibtum",
"sig": "@dcclt%akk:ru-ṭib-tum=ruṭibtu[dampness//damp ground]N'N$ruṭibtum",
"f": {"lang": "akk",
"form": "ru-ṭib-tum",
"cf": "ruṭibtu",
"gw": "dampness",
"sense": "damp ground",
"norm": "ruṭibtum",
"pos": "N",
"epos": "N"}
}
,
{
"node": "d",
"type": "field-end",
"subtype": "eq"}
,
{
"node": "d",
"type": "cell-end"}
,
{
"node": "d",
"type": "cell-start"}
,
{
"node": "d",
"type": "field-start",
"subtype": "eq"}
,
{
"node": "d",
"type": "nonw",
"ref": "X499118.5.6",
"lang": "akk",
"type": "surro"}
,
{
"node": "l",
"id": "X499118.l53801",
"ref": "X499118.5.7",
"inst": "ṣerri[snake]N",
"sig": "@dcclt%akk:MUŠ=ṣerru[snake//snake]N'N$ṣerri",
"f": {"lang": "akk",
"form": "MUŠ",
"cf": "ṣerru",
"gw": "snake",
"sense": "snake",
"norm": "ṣerri",
"pos": "N",
"epos": "N"}
}
,
{
"node": "l",
"frag": "[...]",
"id": "X499118.l53802",
"ref": "X499118.5.8",
"inst": "u",
"f": {"lang": "akk",
"form": "x",
"pos": "u"}
}
,
{
"node": "d",
"type": "field-end",
"subtype": "eq"}
,
{
"node": "d",
"type": "cell-end"}
,
{
"node": "d",
"type": "line-start",
"ref": "X499118.6",
"n": "5'",
"label": "o 5'"}
,
{
"node": "d",
"type": "cell-start"}
,
{
"node": "d",
"type": "field-start",
"subtype": "wp"}
,
{
"node": "l",
"frag": "[muš",
"id": "X499118.l53803",
"ref": "X499118.6.1",
"inst": "muš[snake]N",
"sig": "@dcclt%sux:muš=muš[snake//snake]N'N$muš/muš#~",
"f": {"lang": "sux",
"form": "muš",
"cf": "muš",
"gw": "snake",
"sense": "snake",
"norm0": "muš",
"pos": "N",
"epos": "N",
"base": "muš",
"morph": "~"}
}
,
{
"node": "l",
"frag": "u₂",
"id": "X499118.l53804",
"ref": "X499118.6.2",
"inst": "u[plant(s)]N",
"sig": "@dcclt%sux:u₂=u[grass//plant(s)]N'N$u/u₂#~",
"f": {"lang": "sux",
"form": "u₂",
"cf": "u",
"gw": "grass",
"sense": "plant(s)",
"norm0": "u",
"pos": "N",
"epos": "N",
"base": "u₂",
"morph": "~"}
}
,
{
"node": "l",
"frag": "nu]-mu₂-a",
"id": "X499118.l53805",
"ref": "X499118.6.3",
"inst": "mu[grow]V/t",
"sig": "@dcclt%sux:nu-mu₂-a=mu[grow//grow]V/t'V/t$nu:mu;a/mu₂#nu:~;a",
"f": {"lang": "sux",
"form": "nu-mu₂-a",
"cf": "mu",
"gw": "grow",
"sense": "grow",
"norm0": "nu:mu;a",
"pos": "V/t",
"epos": "V/t",
"base": "mu₂",
"morph": "nu:~;a"}
}
,
{
"node": "d",
"type": "field-end",
"subtype": "wp"}
,
{
"node": "d",
"type": "cell-end"}
,
{
"node": "d",
"type": "cell-start"}
,
{
"node": "d",
"type": "field-start",
"subtype": "eq"}
,
{
"node": "l",
"frag": "<(ṣe-er)>",
"id": "X499118.l53806",
"ref": "X499118.6.4",
"inst": "ṣer[snake]N",
"sig": "@dcclt%akk:ṣe-er=ṣerru[snake//snake]N'N$ṣer",
"f": {"lang": "akk",
"form": "ṣe-er",
"cf": "ṣerru",
"gw": "snake",
"sense": "snake",
"norm": "ṣer",
"pos": "N",
"epos": "N"}
}
,
{
"node": "l",
"frag": "kas₃-si-i-ba-nu-u₂",
"id": "X499118.l53807",
"ref": "X499118.6.5",
"inst": "+kusīpu[(a plant)//(a snake)]N'N$kassibānû",
"sig": "@dcclt%akk:kas₃-si-i-ba-nu-u₂=kusīpu[(a plant)//(a snake)]N'N$kassibānû",
"f": {"lang": "akk",
"form": "kas₃-si-i-ba-nu-u₂",
"cf": "kusīpu",
"gw": "(a plant)",
"sense": "(a snake)",
"norm": "kassibānû",
"pos": "N",
"epos": "N"}
}
,
{
"node": "d",
"type": "field-end",
"subtype": "eq"}
,
{
"node": "d",
"type": "cell-end"}
,
{
"node": "d",
"type": "cell-start"}
,
{
"node": "d",
"type": "field-start",
"subtype": "eq"}
,
{
"node": "d",
"type": "nonw",
"ref": "X499118.6.6",
"lang": "akk",
"type": "surro"}
,
{
"node": "l",
"id": "X499118.l53808",
"ref": "X499118.6.7",
"inst": "ṣerri[snake]N",
"sig": "@dcclt%akk:MUŠ=ṣerru[snake//snake]N'N$ṣerri",
"f": {"lang": "akk",
"form": "MUŠ",
"cf": "ṣerru",
"gw": "snake",
"sense": "snake",
"norm": "ṣerri",
"pos": "N",
"epos": "N"}
}
,
{
"node": "l",
"frag": "[...]",
"id": "X499118.l53809",
"ref": "X499118.6.8",
"inst": "u",
"f": {"lang": "akk",
"form": "x",
"pos": "u"}
}
,
{
"node": "d",
"type": "field-end",
"subtype": "eq"}
,
{
"node": "d",
"type": "cell-end"}
,
{
"node": "d",
"type": "line-start",
"ref": "X499118.7",
"n": "6'",
"label": "o 6'"}
,
{
"node": "d",
"type": "cell-start"}
,
{
"node": "d",
"type": "field-start",
"subtype": "wp"}
,
{
"node": "l",
"frag": "[muš",
"id": "X499118.l5380a",
"ref": "X499118.7.1",
"inst": "muš[snake]N",
"sig": "@dcclt%sux:muš=muš[snake//snake]N'N$muš/muš#~",
"f": {"lang": "sux",
"form": "muš",
"cf": "muš",
"gw": "snake",
"sense": "snake",
"norm0": "muš",
"pos": "N",
"epos": "N",
"base": "muš",
"morph": "~"}
}
,
{
"node": "l",
"frag": "DU]-⸢DU⸣-me",
"id": "X499118.l5380b",
"ref": "X499118.7.2",
"inst": "X",
"f": {"lang": "sux",
"form": "DU-DU-me",
"pos": "X"}
}
,
{
"node": "d",
"type": "field-end",
"subtype": "wp"}
,
{
"node": "d",
"type": "cell-end"}
,
{
"node": "d",
"type": "cell-start"}
,
{
"node": "d",
"type": "field-start",
"subtype": "eq"}
,
{
"node": "l",
"frag": "as-qu-du",
"id": "X499118.l5380c",
"ref": "X499118.7.3",
"inst": "asqūdu[(a rodent)]N",
"sig": "@dcclt%akk:as-qu-du=asqūdu[(a rodent)//(a rodent)]N'N$asqūdu",
"f": {"lang": "akk",
"form": "as-qu-du",
"cf": "asqūdu",
"gw": "(a rodent)",
"sense": "(a rodent)",
"norm": "asqūdu",
"pos": "N",
"epos": "N"}
}
,
{
"node": "d",
"type": "field-end",
"subtype": "eq"}
,
{
"node": "d",
"type": "cell-end"}
,
{
"node": "d",
"type": "cell-start"}
,
{
"node": "d",
"type": "field-start",
"subtype": "eq"}
,
{
"node": "d",
"type": "nonw",
"ref": "X499118.7.4",
"lang": "akk",
"type": "surro"}
,
{
"node": "l",
"id": "X499118.l5380d",
"ref": "X499118.7.5",
"inst": "ṣerri[snake]N",
"sig": "@dcclt%akk:MUŠ=ṣerru[snake//snake]N'N$ṣerri",
"f": {"lang": "akk",
"form": "MUŠ",
"cf": "ṣerru",
"gw": "snake",
"sense": "snake",
"norm": "ṣerri",
"pos": "N",
"epos": "N"}
}
,
{
"node": "l",
"frag": "gu-uṣ-ṣu",
"id": "X499118.l5380e",
"ref": "X499118.7.6",
"inst": "+guṣṣu[meaning unknown//(designation of a snake)]N'N$",
"sig": "@dcclt%akk:gu-uṣ-ṣu=guṣṣu[meaning unknown//(designation of a snake)]N'N$guṣṣu",
"f": {"lang": "akk",
"form": "gu-uṣ-ṣu",
"cf": "guṣṣu",
"gw": "meaning unknown",
"sense": "(designation of a snake)",
"norm": "guṣṣu",
"pos": "N",
"epos": "N"}
}
,
{
"node": "d",
"type": "field-end",
"subtype": "eq"}
,
{
"node": "d",
"type": "cell-end"}
,
{
"node": "d",
"type": "nonx",
"ref": "X499118.8",
"strict": "1",
"extent": "1",
"scope": "line",
"state": "ruling"}
,
{
"node": "d",
"type": "line-start",
"ref": "X499118.9",
"n": "7'",
"label": "o 7'"}
,
{
"node": "d",
"type": "cell-start"}
,
{
"node": "d",
"type": "field-start",
"subtype": "wp"}
,
{
"node": "l",
"frag": "[muš",
"id": "X499118.l5380f",
"ref": "X499118.9.1",
"inst": "muš[snake]N",
"sig": "@dcclt%sux:muš=muš[snake//snake]N'N$muš/muš#~",
"f": {"lang": "sux",
"form": "muš",
"cf": "muš",
"gw": "snake",
"sense": "snake",
"norm0": "muš",
"pos": "N",
"epos": "N",
"base": "muš",
"morph": "~"}
}
,
{
"node": "l",
"frag": "a]",
"id": "X499118.l53810",
"ref": "X499118.9.2",
"inst": "a[water]N",
"sig": "@dcclt%sux:a=a[water//water]N'N$a/a#~",
"f": {"lang": "sux",
"form": "a",
"cf": "a",
"gw": "water",
"sense": "water",
"norm0": "a",
"pos": "N",
"epos": "N",
"base": "a",
"morph": "~"}
}
,
{
"node": "d",
"type": "field-end",
"subtype": "wp"}
,
{
"node": "d",
"type": "cell-end"}
,
{
"node": "d",
"type": "cell-start"}
,
{
"node": "d",
"type": "field-start",
"subtype": "eq"}
,
{
"node": "l",
"frag": "⸢ṣe⸣-er",
"id": "X499118.l53811",
"ref": "X499118.9.3",
"inst": "ṣer[snake]N",
"sig": "@dcclt%akk:ṣe-er=ṣerru[snake//snake]N'N$ṣer",
"f": {"lang": "akk",
"form": "ṣe-er",
"cf": "ṣerru",
"gw": "snake",
"sense": "snake",
"norm": "ṣer",
"pos": "N",
"epos": "N"}
}
,
{
"node": "l",
"frag": "A-MEŠ",
"id": "X499118.l53812",
"ref": "X499118.9.4",
"inst": "mê[water]N",
"sig": "@dcclt%akk:A-MEŠ=mû[water//water]N'N$mê",
"f": {"lang": "akk",
"form": "A-MEŠ",
"cf": "mû",
"gw": "water",
"sense": "water",
"norm": "mê",
"pos": "N",
"epos": "N"}
}
,
{
"node": "d",
"type": "field-end",
"subtype": "eq"}
,
{
"node": "d",
"type": "cell-end"}
,
{
"node": "d",
"type": "cell-start"}
,
{
"node": "d",
"type": "field-start",
"subtype": "eq"}
,
{
"node": "l",
"frag": "še-lep-pu-u₂",
"id": "X499118.l53813",
"ref": "X499118.9.5",
"inst": "šeleppû[turtle]N",
"sig": "@dcclt%akk:še-lep-pu-u₂=šeleppû[turtle//turtle]N'N$šeleppû",
"f": {"lang": "akk",
"form": "še-lep-pu-u₂",
"cf": "šeleppû",
"gw": "turtle",
"sense": "turtle",
"norm": "šeleppû",
"pos": "N",
"epos": "N"}
}
,
{
"node": "d",
"type": "field-end",
"subtype": "eq"}
,
{
"node": "d",
"type": "cell-end"}
,
{
"node": "d",
"type": "line-start",
"ref": "X499118.10",
"n": "8'",
"label": "o 8'"}
,
{
"node": "d",
"type": "cell-start"}
,
{
"node": "d",
"type": "field-start",
"subtype": "wp"}
,
{
"node": "l",
"frag": "[muš",
"id": "X499118.l53814",
"ref": "X499118.10.1",
"inst": "muš[snake]N",
"sig": "@dcclt%sux:muš=muš[snake//snake]N'N$muš/muš#~",
"f": {"lang": "sux",
"form": "muš",
"cf": "muš",
"gw": "snake",
"sense": "snake",
"norm0": "muš",
"pos": "N",
"epos": "N",
"base": "muš",
"morph": "~"}
}
,
{
"node": "l",
"frag": "na₄]",
"id": "X499118.l53815",
"ref": "X499118.10.2",
"inst": "na[stone]N",
"sig": "@dcclt%sux:na₄=na[stone//stone]N'N$na/na₄#~",
"f": {"lang": "sux",
"form": "na₄",
"cf": "na",
"gw": "stone",
"sense": "stone",
"norm0": "na",
"pos": "N",
"epos": "N",
"base": "na₄",
"morph": "~"}
}
,
{
"node": "d",
"type": "field-end",
"subtype": "wp"}
,
{
"node": "d",
"type": "cell-end"}
,
{
"node": "d",
"type": "cell-start"}
,
{
"node": "d",
"type": "field-start",
"subtype": "eq"}
,
{
"node": "d",
"type": "nonw",
"ref": "X499118.10.3",
"lang": "akk",
"type": "surro"}
,
{
"node": "l",
"id": "X499118.l53816",
"ref": "X499118.10.4",
"inst": "ṣer[snake]N",
"sig": "@dcclt%akk:ṣe-er=ṣerru[snake//snake]N'N$ṣer",
"f": {"lang": "akk",
"form": "ṣe-er",
"cf": "ṣerru",
"gw": "snake",
"sense": "snake",
"norm": "ṣer",
"pos": "N",
"epos": "N"}
}
,
{
"node": "l",
"frag": "⸢ab⸣-nu",
"id": "X499118.l53817",
"ref": "X499118.10.5",
"inst": "abnu[stone]N",
"sig": "@dcclt%akk:ab-nu=abnu[stone//stone]N'N$abnu",
"f": {"lang": "akk",
"form": "ab-nu",
"cf": "abnu",
"gw": "stone",
"sense": "stone",
"norm": "abnu",
"pos": "N",
"epos": "N"}
}
,
{
"node": "d",
"type": "field-end",
"subtype": "eq"}
,
{
"node": "d",
"type": "cell-end"}
,
{
"node": "d",
"type": "cell-start"}
,
{
"node": "d",
"type": "field-start",
"subtype": "eq"}
,
{
"node": "l",
"frag": "ur-ša₂-šil-lum",
"id": "X499118.l53818",
"ref": "X499118.10.6",
"inst": "+uršašillu[(a small viper)]N$uršašillum",
"sig": "@dcclt%akk:ur-ša₂-šil-lum=uršašillu[(a small viper)//(a small viper)]N'N$uršašillum",
"f": {"lang": "akk",
"form": "ur-ša₂-šil-lum",
"cf": "uršašillu",
"gw": "(a small viper)",
"sense": "(a small viper)",
"norm": "uršašillum",
"pos": "N",
"epos": "N"}
}
,
{
"node": "d",
"type": "field-end",
"subtype": "eq"}
,
{
"node": "d",
"type": "cell-end"}
,
{
"node": "d",
"type": "nonx",
"ref": "X499118.11",
"strict": "1",
"extent": "1",
"scope": "line",
"state": "ruling"}
,
{
"node": "d",
"type": "line-start",
"ref": "X499118.12",
"n": "9'",
"label": "o 9'"}
,
{
"node": "d",
"type": "cell-start"}
,
{
"node": "d",
"type": "field-start",
"subtype": "wp"}
,
{
"node": "l",
"frag": "[eme-ŠID]",
"id": "X499118.l53819",
"ref": "X499118.12.1",
"inst": "eme.ŠID[lizard]N",
"sig": "@dcclt%sux:eme-ŠID=eme.ŠID[lizard//lizard]N'N$eme.ŠID/eme-ŠID#~",
"f": {"lang": "sux",
"form": "eme-ŠID",
"cf": "eme.ŠID",
"gw": "lizard",
"sense": "lizard",
"norm0": "eme.ŠID",
"pos": "N",
"epos": "N",
"base": "eme-ŠID",
"morph": "~"}
}
,
{
"node": "d",
"type": "field-end",
"subtype": "wp"}
,
{
"node": "d",
"type": "cell-end"}
,
{
"node": "d",
"type": "cell-start"}
,
{
"node": "d",
"type": "field-start",
"subtype": "eq"}
,
{
"node": "l",
"frag": "[ṣu-ra-ru-u₂]",
"id": "X499118.l5381a",
"ref": "X499118.12.2",
"inst": "ṣurārû[lizard]N",
"sig": "@dcclt%akk:ṣu-ra-ru-u₂=ṣurārû[lizard//lizard]N'N$ṣurārû",
"f": {"lang": "akk",
"form": "ṣu-ra-ru-u₂",
"cf": "ṣurārû",
"gw": "lizard",
"sense": "lizard",
"norm": "ṣurārû",
"pos": "N",
"epos": "N"}
}
,
{
"node": "d",
"type": "field-end",
"subtype": "eq"}
,
{
"node": "d",
"type": "cell-end"}
,
{
"node": "d",
"type": "cell-start"}
,
{
"node": "d",
"type": "field-start",
"subtype": "eq"}
,
{
"node": "l",
"frag": "[eṣ]-⸢ṣu⸣-u₂",
"id": "X499118.l5381b",
"ref": "X499118.12.3",
"inst": "+eṣṣû[(small) gecko]N$",
"sig": "@dcclt%akk:eṣ-ṣu-u₂=eṣṣû[(small) gecko//(small) gecko]N'N$eṣṣû",
"f": {"lang": "akk",
"form": "eṣ-ṣu-u₂",
"cf": "eṣṣû",
"gw": "(small) gecko",
"sense": "(small) gecko",
"norm": "eṣṣû",
"pos": "N",
"epos": "N"}
}
,
{
"node": "d",
"type": "field-end",
"subtype": "eq"}
,
{
"node": "d",
"type": "cell-end"}
,
{
"node": "d",
"type": "line-start",
"ref": "X499118.13",
"n": "10'",
"label": "o 10'"}
,
{
"node": "d",
"type": "cell-start"}
,
{
"node": "d",
"type": "field-start",
"subtype": "wp"}
,
{
"node": "l",
"frag": "[...]",
"id": "X499118.l5381c",
"ref": "X499118.13.1",
"inst": "u",
"f": {"lang": "sux",
"form": "x",
"pos": "u"}
}
,
{
"node": "d",
"type": "field-end",
"subtype": "wp"}
,
{
"node": "d",
"type": "cell-end"}
,
{
"node": "d",
"type": "cell-start"}
,
{
"node": "d",
"type": "field-start",
"subtype": "eq"}
,
{
"node": "l",
"frag": "[...]",
"id": "X499118.l5381d",
"ref": "X499118.13.2",
"inst": "u",
"f": {"lang": "akk",
"form": "x",
"pos": "u"}
}
,
{
"node": "d",
"type": "field-end",
"subtype": "eq"}
,
{
"node": "d",
"type": "cell-end"}
,
{
"node": "d",
"type": "cell-start"}
,
{
"node": "d",
"type": "field-start",
"subtype": "eq"}
,
{
"node": "l",
"frag": "[...]-u₂",
"id": "X499118.l5381e",
"ref": "X499118.13.3",
"inst": "u",
"f": {"lang": "akk",
"form": "x-u₂",
"pos": "u"}
}
,
{
"node": "d",
"type": "field-end",
"subtype": "eq"}
,
{
"node": "d",
"type": "cell-end"}
]}
]}
]}
]}
