"","doc1","doc2","num_shared_entries","similarity","distance"
"1805","Q000039","Q000039",708,1,0
"925","P273880","P273880",507,1,0
"1761","Q000001","Q000001",457,1,0
"661","P271301","P271301",384,1,0
"793","P271911","P271911",337,1,0
"1233","P388265","P388265",298,1,0
"945","P273880","Q000039",287,0.566074950690335,0.433925049309665
"1785","Q000039","P273880",287,0.566074950690335,0.433925049309665
"177","P247864","P247864",254,1,0
"1013","P332934","P332934",245,1,0
"687","P271301","Q000039",228,0.59375,0.40625
"1779","Q000039","P271301",228,0.59375,0.40625
"397","P250736","P250736",226,1,0
"1246","P388265","Q000039",201,0.674496644295302,0.325503355704698
"1792","Q000039","P388265",201,0.674496644295302,0.325503355704698
"214","P247864","Q000039",156,0.614173228346457,0.385826771653543
"1497","P447996","P447996",156,1,0
"1768","Q000039","P247864",156,0.614173228346457,0.385826771653543
"669","P271301","P332934",141,0.575510204081633,0.424489795918367
"1005","P332934","P271301",141,0.575510204081633,0.424489795918367
"816","P271911","Q000039",138,0.409495548961424,0.590504451038576
"1782","Q000039","P271911",138,0.409495548961424,0.590504451038576
"1541","P459216","P459216",130,1,0
"1321","P429503","P429503",125,1,0
"1145","P347814","P347814",124,1,0
"932","P273880","P388265",122,0.409395973154362,0.590604026845638
"1226","P388265","P273880",122,0.409395973154362,0.590604026845638
"1101","P346714","P346714",119,1,0
"1189","P370399","P370399",116,1,0
"749","P271771","P271771",111,1,0
"1031","P332934","Q000039",108,0.440816326530612,0.559183673469388
"1787","Q000039","P332934",108,0.440816326530612,0.559183673469388
"796","P271911","P273880",107,0.317507418397626,0.682492581602374
"922","P273880","P271911",107,0.317507418397626,0.682492581602374
"667","P271301","P273880",106,0.276041666666667,0.723958333333333
"919","P273880","P271301",106,0.276041666666667,0.723958333333333
"1585","P459217","P459217",106,1,0
"674","P271301","P388265",105,0.352348993288591,0.647651006711409
"1220","P388265","P271301",105,0.352348993288591,0.647651006711409
"1547","P459216","Q000039",90,0.692307692307692,0.307692307692308
"1799","Q000039","P459216",90,0.692307692307692,0.307692307692308
"617","P253866","P253866",88,1,0
"194","P247864","P273880",87,0.34251968503937,0.65748031496063
"201","P247864","P388265",87,0.34251968503937,0.65748031496063
"908","P273880","P247864",87,0.34251968503937,0.65748031496063
"1209","P388265","P247864",87,0.34251968503937,0.65748031496063
"1590","P459217","Q000039",86,0.811320754716981,0.188679245283019
"1800","Q000039","P459217",86,0.811320754716981,0.188679245283019
"676","P271301","P429503",83,0.664,0.336
"1203","P370399","Q000039",83,0.71551724137931,0.28448275862069
"1306","P429503","P271301",83,0.664,0.336
"1453","P437074","P437074",83,1,0
"1791","Q000039","P370399",83,0.71551724137931,0.28448275862069
"663","P271301","P271771",82,0.738738738738739,0.261261261261261
"747","P271771","P271301",82,0.738738738738739,0.261261261261261
"188","P247864","P271301",81,0.318897637795276,0.681102362204724
"650","P271301","P247864",81,0.318897637795276,0.681102362204724
"680","P271301","P447996",81,0.519230769230769,0.480769230769231
"1160","P347814","Q000039",81,0.653225806451613,0.346774193548387
"1478","P447996","P271301",81,0.519230769230769,0.480769230769231
"1790","Q000039","P347814",81,0.653225806451613,0.346774193548387
"133","P235262","P235262",80,1,0
"681","P271301","P459216",78,0.6,0.4
"1521","P459216","P271301",78,0.6,0.4
"1629","P459218","P459218",78,1,0
"1020","P332934","P429503",77,0.616,0.384
"1314","P429503","P332934",77,0.616,0.384
"1504","P447996","Q000039",76,0.487179487179487,0.512820512820513
"1798","Q000039","P447996",76,0.487179487179487,0.512820512820513
"309","P250364","P250364",74,1,0
"644","P253866","Q000039",72,0.818181818181818,0.181818181818182
"1332","P429503","Q000039",72,0.576,0.424
"1778","Q000039","P253866",72,0.818181818181818,0.181818181818182
"1794","Q000039","P429503",72,0.576,0.424
"1025","P332934","P459216",71,0.546153846153846,0.453846153846154
"1529","P459216","P332934",71,0.546153846153846,0.453846153846154
"682","P271301","P459217",70,0.660377358490566,0.339622641509434
"1564","P459217","P271301",70,0.660377358490566,0.339622641509434
"1024","P332934","P447996",69,0.442307692307692,0.557692307692308
"1486","P447996","P332934",69,0.442307692307692,0.557692307692308
"930","P273880","P347814",68,0.548387096774194,0.451612903225806
"1140","P347814","P273880",68,0.548387096774194,0.451612903225806
"1117","P346714","Q000039",67,0.563025210084034,0.436974789915966
"1789","Q000039","P346714",67,0.563025210084034,0.436974789915966
"931","P273880","P370399",65,0.560344827586207,0.439655172413793
"1026","P332934","P459217",65,0.613207547169811,0.386792452830189
"1183","P370399","P273880",65,0.560344827586207,0.439655172413793
"1572","P459217","P332934",65,0.613207547169811,0.386792452830189
"801","P271911","P347814",63,0.508064516129032,0.491935483870968
"1137","P347814","P271911",63,0.508064516129032,0.491935483870968
"773","P271771","Q000039",62,0.558558558558559,0.441441441441441
"1542","P459216","P459217",62,0.584905660377358,0.415094339622642
"1584","P459217","P459216",62,0.584905660377358,0.415094339622642
"1781","Q000039","P271771",62,0.558558558558559,0.441441441441441
"1633","P459218","Q000039",61,0.782051282051282,0.217948717948718
"1801","Q000039","P459218",61,0.782051282051282,0.217948717948718
"1018","P332934","P388265",59,0.240816326530612,0.759183673469388
"1228","P388265","P332934",59,0.240816326530612,0.759183673469388
"1499","P447996","P459217",59,0.556603773584906,0.443396226415094
"1583","P459217","P447996",59,0.556603773584906,0.443396226415094
"1240","P388265","P459216",57,0.438461538461538,0.561538461538462
"1534","P459216","P388265",57,0.438461538461538,0.561538461538462
"171","P235262","Q000039",54,0.675,0.325
"755","P271771","P332934",54,0.486486486486487,0.513513513513513
"1007","P332934","P271771",54,0.486486486486487,0.513513513513513
"1767","Q000039","P235262",54,0.675,0.325
"800","P271911","P346714",52,0.436974789915966,0.563025210084034
"1094","P346714","P271911",52,0.436974789915966,0.563025210084034
"1461","P437074","Q000039",52,0.626506024096386,0.373493975903614
"1797","Q000039","P437074",52,0.626506024096386,0.373493975903614
"673","P271301","P370399",51,0.439655172413793,0.560344827586207
"929","P273880","P346714",51,0.428571428571429,0.571428571428571
"1097","P346714","P273880",51,0.428571428571429,0.571428571428571
"1177","P370399","P271301",51,0.439655172413793,0.560344827586207
"624","P253866","P273880",49,0.556818181818182,0.443181818181818
"918","P273880","P253866",49,0.556818181818182,0.443181818181818
"441","P253228","P253228",48,1,0
"1241","P388265","P459217",48,0.452830188679245,0.547169811320755
"1577","P459217","P388265",48,0.452830188679245,0.547169811320755
"485","P253233","P253233",47,1,0
"679","P271301","P437074",47,0.566265060240964,0.433734939759036
"1190","P370399","P388265",47,0.405172413793103,0.594827586206897
"1232","P388265","P370399",47,0.405172413793103,0.594827586206897
"1435","P437074","P271301",47,0.566265060240964,0.433734939759036
"145","P235262","P271301",46,0.575,0.425
"649","P271301","P235262",46,0.575,0.425
"1498","P447996","P459216",46,0.353846153846154,0.646153846153846
"1540","P459216","P447996",46,0.353846153846154,0.646153846153846
"196","P247864","P332934",45,0.183673469387755,0.816326530612245
"938","P273880","P447996",45,0.288461538461538,0.711538461538462
"994","P332934","P247864",45,0.183673469387755,0.816326530612245
"1104","P346714","P388265",45,0.378151260504202,0.621848739495798
"1230","P388265","P346714",45,0.378151260504202,0.621848739495798
"1484","P447996","P273880",45,0.288461538461538,0.711538461538462
"209","P247864","P459217",44,0.415094339622642,0.584905660377358
"803","P271911","P388265",44,0.147651006711409,0.852348993288591
"1223","P388265","P271911",44,0.147651006711409,0.852348993288591
"1553","P459217","P247864",44,0.415094339622642,0.584905660377358
"343","P250364","Q000039",43,0.581081081081081,0.418918918918919
"812","P271911","P459218",43,0.551282051282051,0.448717948717949
"1610","P459218","P271911",43,0.551282051282051,0.448717948717949
"1771","Q000039","P250364",43,0.581081081081081,0.418918918918919
"151","P235262","P273880",42,0.525,0.475
"618","P253866","P271301",42,0.477272727272727,0.522727272727273
"660","P271301","P253866",42,0.477272727272727,0.522727272727273
"705","P271320","P271320",42,1,0
"907","P273880","P235262",42,0.525,0.475
"1057","P332939","P332939",42,1,0
"927","P273880","P332934",41,0.16734693877551,0.83265306122449
"941","P273880","P459218",41,0.525641025641026,0.474358974358974
"1011","P332934","P273880",41,0.16734693877551,0.83265306122449
"1613","P459218","P273880",41,0.525641025641026,0.474358974358974
"934","P273880","P429503",40,0.32,0.68
"939","P273880","P459216",40,0.307692307692308,0.692307692307692
"1147","P347814","P388265",40,0.32258064516129,0.67741935483871
"1231","P388265","P347814",40,0.32258064516129,0.67741935483871
"1312","P429503","P273880",40,0.32,0.68
"1527","P459216","P273880",40,0.307692307692308,0.692307692307692
"208","P247864","P459216",39,0.3,0.7
"1510","P459216","P247864",39,0.3,0.7
"515","P253233","Q000039",38,0.808510638297872,0.191489361702128
"760","P271771","P388265",38,0.342342342342342,0.657657657657658
"1222","P388265","P271771",38,0.342342342342342,0.657657657657658
"1235","P388265","P429503",38,0.304,0.696
"1239","P388265","P447996",38,0.243589743589744,0.756410256410256
"1319","P429503","P388265",38,0.304,0.696
"1491","P447996","P388265",38,0.243589743589744,0.756410256410256
"1775","Q000039","P253233",38,0.808510638297872,0.191489361702128
"1849","X100003","X100003",38,1,0
"191","P247864","P271911",37,0.145669291338583,0.854330708661417
"779","P271911","P247864",37,0.145669291338583,0.854330708661417
"1032","P332934","X100003",37,0.973684210526316,0.0263157894736842
"1326","P429503","P459216",37,0.296,0.704
"1536","P459216","P429503",37,0.296,0.704
"1830","X100003","P332934",37,0.973684210526316,0.0263157894736842
"768","P271771","P459217",36,0.339622641509434,0.660377358490566
"1566","P459217","P271771",36,0.339622641509434,0.660377358490566
"200","P247864","P370399",35,0.301724137931034,0.698275862068966
"207","P247864","P447996",35,0.224358974358974,0.775641025641026
"472","P253228","Q000039",35,0.729166666666667,0.270833333333333
"502","P253233","P388265",35,0.74468085106383,0.25531914893617
"529","P253238","P253238",35,1,0
"1166","P370399","P247864",35,0.301724137931034,0.698275862068966
"1216","P388265","P253233",35,0.74468085106383,0.25531914893617
"1467","P447996","P247864",35,0.224358974358974,0.775641025641026
"1774","Q000039","P253228",35,0.729166666666667,0.270833333333333
"165","P235262","P459216",34,0.425,0.575
"203","P247864","P429503",34,0.272,0.728
"631","P253866","P388265",34,0.386363636363636,0.613636363636364
"1113","P346714","P459218",34,0.435897435897436,0.564102564102564
"1219","P388265","P253866",34,0.386363636363636,0.613636363636364
"1295","P429503","P247864",34,0.272,0.728
"1509","P459216","P235262",34,0.425,0.575
"1617","P459218","P346714",34,0.435897435897436,0.564102564102564
"1102","P346714","P347814",33,0.277310924369748,0.722689075630252
"1144","P347814","P346714",33,0.277310924369748,0.722689075630252
"323","P250364","P273880",32,0.432432432432432,0.567567567567568
"442","P253228","P253233",32,0.680851063829787,0.319148936170213
"484","P253233","P253228",32,0.680851063829787,0.319148936170213
"558","P253238","Q000039",32,0.914285714285714,0.0857142857142857
"911","P273880","P250364",32,0.432432432432432,0.567567567567568
"1776","Q000039","P253238",32,0.914285714285714,0.0857142857142857
"198","P247864","P346714",31,0.260504201680672,0.739495798319328
"497","P253233","P332934",31,0.659574468085106,0.340425531914894
"1001","P332934","P253233",31,0.659574468085106,0.340425531914894
"1080","P346714","P247864",31,0.260504201680672,0.739495798319328
"190","P247864","P271771",30,0.27027027027027,0.72972972972973
"489","P253233","P271301",30,0.638297872340426,0.361702127659574
"657","P271301","P253233",30,0.638297872340426,0.361702127659574
"688","P271301","X100003",30,0.789473684210526,0.210526315789474
"736","P271771","P247864",30,0.27027027027027,0.72972972972973
"940","P273880","P459217",30,0.283018867924528,0.716981132075472
"1570","P459217","P273880",30,0.283018867924528,0.716981132075472
"1822","X100003","P271301",30,0.789473684210526,0.210526315789474
"1238","P388265","P437074",29,0.349397590361446,0.650602409638554
"1448","P437074","P388265",29,0.349397590361446,0.650602409638554
"158","P235262","P388265",28,0.35,0.65
"1156","P347814","P459218",28,0.358974358974359,0.641025641025641
"1208","P388265","P235262",28,0.35,0.65
"1618","P459218","P347814",28,0.358974358974359,0.641025641025641
"459","P253228","P388265",27,0.5625,0.4375
"510","P253233","P459217",27,0.574468085106383,0.425531914893617
"1074","P332939","Q000039",27,0.642857142857143,0.357142857142857
"1215","P388265","P253228",27,0.5625,0.4375
"1560","P459217","P253233",27,0.574468085106383,0.425531914893617
"1788","Q000039","P332939",27,0.642857142857143,0.357142857142857
"160","P235262","P429503",26,0.325,0.675
"969","P332930","P332930",26,1,0
"1294","P429503","P235262",26,0.325,0.675
"1325","P429503","P447996",26,0.208,0.792
"1333","P429503","X100003",26,0.684210526315789,0.315789473684211
"1493","P447996","P429503",26,0.208,0.792
"1837","X100003","P429503",26,0.684210526315789,0.315789473684211
"187","P247864","P253866",25,0.284090909090909,0.715909090909091
"467","P253228","P459217",25,0.520833333333333,0.479166666666667
"607","P253866","P247864",25,0.284090909090909,0.715909090909091
"766","P271771","P447996",25,0.225225225225225,0.774774774774775
"1063","P332939","P429503",25,0.595238095238095,0.404761904761905
"1315","P429503","P332939",25,0.595238095238095,0.404761904761905
"1480","P447996","P271771",25,0.225225225225225,0.774774774774775
"1559","P459217","P253228",25,0.520833333333333,0.479166666666667
"446","P253228","P271301",24,0.5,0.5
"454","P253228","P332934",24,0.5,0.5
"553","P253238","P459217",24,0.685714285714286,0.314285714285714
"656","P271301","P253228",24,0.5,0.5
"937","P273880","P437074",24,0.289156626506024,0.710843373493976
"1000","P332934","P253228",24,0.5,0.5
"1327","P429503","P459217",24,0.226415094339623,0.773584905660377
"1365","P429504","P429504",24,1,0
"1441","P437074","P273880",24,0.289156626506024,0.710843373493976
"1561","P459217","P253238",24,0.685714285714286,0.314285714285714
"1579","P459217","P429503",24,0.226415094339623,0.773584905660377
"184","P247864","P253233",23,0.48936170212766,0.51063829787234
"320","P250364","P271911",23,0.310810810810811,0.689189189189189
"478","P253233","P247864",23,0.48936170212766,0.51063829787234
"551","P253238","P447996",23,0.657142857142857,0.342857142857143
"767","P271771","P459216",23,0.207207207207207,0.792792792792793
"782","P271911","P250364",23,0.310810810810811,0.689189189189189
"1014","P332934","P332939",23,0.547619047619048,0.452380952380952
"1056","P332939","P332934",23,0.547619047619048,0.452380952380952
"1242","P388265","P459218",23,0.294871794871795,0.705128205128205
"1475","P447996","P253238",23,0.657142857142857,0.342857142857143
"1523","P459216","P271771",23,0.207207207207207,0.792792792792793
"1620","P459218","P388265",23,0.294871794871795,0.705128205128205
"183","P247864","P253228",22,0.458333333333333,0.541666666666667
"199","P247864","P347814",22,0.17741935483871,0.82258064516129
"435","P253228","P247864",22,0.458333333333333,0.541666666666667
"545","P253238","P388265",22,0.628571428571429,0.371428571428571
"1123","P347814","P247864",22,0.17741935483871,0.82258064516129
"1217","P388265","P253238",22,0.628571428571429,0.371428571428571
"134","P235262","P247864",21,0.2625,0.7375
"176","P247864","P235262",21,0.2625,0.7375
"206","P247864","P437074",21,0.253012048192771,0.746987951807229
"509","P253233","P459216",21,0.446808510638298,0.553191489361702
"630","P253866","P370399",21,0.238636363636364,0.761363636363636
"636","P253866","P437074",21,0.253012048192771,0.746987951807229
"1176","P370399","P253866",21,0.238636363636364,0.761363636363636
"1197","P370399","P459216",21,0.181034482758621,0.818965517241379
"1424","P437074","P247864",21,0.253012048192771,0.746987951807229
"1434","P437074","P253866",21,0.253012048192771,0.746987951807229
"1517","P459216","P253233",21,0.446808510638298,0.553191489361702
"1533","P459216","P370399",21,0.181034482758621,0.818965517241379
"153","P235262","P332934",20,0.25,0.75
"157","P235262","P370399",20,0.25,0.75
"330","P250364","P388265",20,0.27027027027027,0.72972972972973
"670","P271301","P332939",20,0.476190476190476,0.523809523809524
"993","P332934","P235262",20,0.25,0.75
"1048","P332939","P271301",20,0.476190476190476,0.523809523809524
"1165","P370399","P235262",20,0.25,0.75
"1212","P388265","P250364",20,0.27027027027027,0.72972972972973
"210","P247864","P459218",19,0.243589743589744,0.756410256410256
"466","P253228","P459216",19,0.395833333333333,0.604166666666667
"508","P253233","P447996",19,0.404255319148936,0.595744680851064
"532","P253238","P271301",19,0.542857142857143,0.457142857142857
"573","P253245","P253245",19,1,0
"658","P271301","P253238",19,0.542857142857143,0.457142857142857
"662","P271301","P271320",19,0.452380952380952,0.547619047619048
"704","P271320","P271301",19,0.452380952380952,0.547619047619048
"730","P271320","Q000039",19,0.452380952380952,0.547619047619048
"881","P273712","P273712",19,1,0
"1195","P370399","P437074",19,0.228915662650602,0.771084337349398
"1447","P437074","P370399",19,0.228915662650602,0.771084337349398
"1474","P447996","P253233",19,0.404255319148936,0.595744680851064
"1516","P459216","P253228",19,0.395833333333333,0.604166666666667
"1596","P459218","P247864",19,0.243589743589744,0.756410256410256
"1780","Q000039","P271320",19,0.452380952380952,0.547619047619048
"185","P247864","P253238",18,0.514285714285714,0.485714285714286
"465","P253228","P447996",18,0.375,0.625
"521","P253238","P247864",18,0.514285714285714,0.485714285714286
"668","P271301","P332930",18,0.692307692307692,0.307692307692308
"962","P332930","P271301",18,0.692307692307692,0.307692307692308
"1068","P332939","P459216",18,0.428571428571429,0.571428571428571
"1473","P447996","P253228",18,0.375,0.625
"1530","P459216","P332939",18,0.428571428571429,0.571428571428571
"89","P229426","P229426",17,1,0
"461","P253228","P429503",17,0.354166666666667,0.645833333333333
"504","P253233","P429503",17,0.361702127659574,0.638297872340426
"753","P271771","P273880",17,0.153153153153153,0.846846846846847
"921","P273880","P271771",17,0.153153153153153,0.846846846846847
"1061","P332939","P388265",17,0.404761904761905,0.595238095238095
"1229","P388265","P332939",17,0.404761904761905,0.595238095238095
"1301","P429503","P253228",17,0.354166666666667,0.645833333333333
"1302","P429503","P253233",17,0.361702127659574,0.638297872340426
"1","P228096","P228096",16,1,0
"197","P247864","P332939",16,0.380952380952381,0.619047619047619
"540","P253238","P332934",16,0.457142857142857,0.542857142857143
"547","P253238","P429503",16,0.457142857142857,0.542857142857143
"678","P271301","P432448",16,1,0
"795","P271911","P273712",16,0.842105263157895,0.157894736842105
"837","P272243","P272243",16,1,0
"879","P273712","P271911",16,0.842105263157895,0.157894736842105
"1002","P332934","P253238",16,0.457142857142857,0.542857142857143
"1022","P332934","P432448",16,1,0
"1037","P332939","P247864",16,0.380952380952381,0.619047619047619
"1303","P429503","P253238",16,0.457142857142857,0.542857142857143
"1323","P429503","P432448",16,1,0
"1392","P432448","P271301",16,1,0
"1400","P432448","P332934",16,1,0
"1407","P432448","P429503",16,1,0
"1409","P432448","P432448",16,1,0
"1419","P432448","X100003",16,1,0
"1839","X100003","P432448",16,1,0
"491","P253233","P271771",15,0.319148936170213,0.680851063829787
"743","P271771","P253233",15,0.319148936170213,0.680851063829787
"887","P273712","P347814",15,0.789473684210526,0.210526315789474
"902","P273712","Q000039",15,0.789473684210526,0.210526315789474
"928","P273880","P332939",15,0.357142857142857,0.642857142857143
"1054","P332939","P273880",15,0.357142857142857,0.642857142857143
"1139","P347814","P273712",15,0.789473684210526,0.210526315789474
"1784","Q000039","P273712",15,0.789473684210526,0.210526315789474
"45","P228196","P228196",14,1,0
"221","P250361","P250361",14,1,0
"665","P271301","P272243",14,0.875,0.125
"833","P272243","P271301",14,0.875,0.125
"882","P273712","P273880",14,0.736842105263158,0.263157894736842
"924","P273880","P273712",14,0.736842105263158,0.263157894736842
"1103","P346714","P370399",14,0.120689655172414,0.879310344827586
"1187","P370399","P346714",14,0.120689655172414,0.879310344827586
"1505","P447996","X100003",14,0.368421052631579,0.631578947368421
"1548","P459216","X100003",14,0.368421052631579,0.631578947368421
"1717","P492330","P492330",14,1,0
"1841","X100003","P447996",14,0.368421052631579,0.631578947368421
"1842","X100003","P459216",14,0.368421052631579,0.631578947368421
"328","P250364","P347814",13,0.175675675675676,0.824324324324324
"353","P250371","P250371",13,1,0
"762","P271771","P429503",13,0.117117117117117,0.882882882882883
"898","P273712","P459218",13,0.684210526315789,0.315789473684211
"1075","P332939","X100003",13,0.342105263157895,0.657894736842105
"1126","P347814","P250364",13,0.175675675675676,0.824324324324324
"1192","P370399","P429503",13,0.112068965517241,0.887931034482759
"1277","P389511","P389511",13,1,0
"1308","P429503","P271771",13,0.117117117117117,0.882882882882883
"1318","P429503","P370399",13,0.112068965517241,0.887931034482759
"1612","P459218","P273712",13,0.684210526315789,0.315789473684211
"1673","P459226","P459226",13,1,0
"1806","Q000039","X100003",13,0.342105263157895,0.657894736842105
"1831","X100003","P332939",13,0.342105263157895,0.657894736842105
"1848","X100003","Q000039",13,0.342105263157895,0.657894736842105
"310","P250364","P250371",12,0.923076923076923,0.0769230769230769
"352","P250371","P250364",12,0.923076923076923,0.0769230769230769
"621","P253866","P271911",12,0.136363636363636,0.863636363636364
"628","P253866","P346714",12,0.136363636363636,0.863636363636364
"677","P271301","P429504",12,0.5,0.5
"710","P271320","P273880",12,0.285714285714286,0.714285714285714
"789","P271911","P253866",12,0.136363636363636,0.863636363636364
"802","P271911","P370399",12,0.103448275862069,0.896551724137931
"886","P273712","P346714",12,0.631578947368421,0.368421052631579
"920","P273880","P271320",12,0.285714285714286,0.714285714285714
"988","P332930","Q000039",12,0.461538461538462,0.538461538461538
"1065","P332939","P432448",12,0.75,0.25
"1090","P346714","P253866",12,0.136363636363636,0.863636363636364
"1096","P346714","P273712",12,0.631578947368421,0.368421052631579
"1180","P370399","P271911",12,0.103448275862069,0.896551724137931
"1349","P429504","P271301",12,0.5,0.5
"1401","P432448","P332939",12,0.75,0.25
"1412","P432448","P459216",12,0.75,0.25
"1418","P432448","Q000039",12,0.75,0.25
"1456","P437074","P459217",12,0.144578313253012,0.855421686746988
"1538","P459216","P432448",12,0.75,0.25
"1582","P459217","P437074",12,0.144578313253012,0.855421686746988
"1786","Q000039","P332930",12,0.461538461538462,0.538461538461538
"1796","Q000039","P432448",12,0.75,0.25
"42","P228096","Q000039",11,0.6875,0.3125
"128","P229426","Q000039",11,0.647058823529412,0.352941176470588
"180","P247864","P250364",11,0.148648648648649,0.851351351351351
"189","P247864","P271320",11,0.261904761904762,0.738095238095238
"265","P250363","P250363",11,1,0
"306","P250364","P247864",11,0.148648648648649,0.851351351351351
"486","P253233","P253238",11,0.314285714285714,0.685714285714286
"528","P253238","P253233",11,0.314285714285714,0.685714285714286
"552","P253238","P459216",11,0.314285714285714,0.685714285714286
"633","P253866","P429503",11,0.125,0.875
"684","P271301","P459226",11,0.846153846153846,0.153846153846154
"693","P271320","P247864",11,0.261904761904762,0.738095238095238
"712","P271320","P332934",11,0.261904761904762,0.738095238095238
"717","P271320","P388265",11,0.261904761904762,0.738095238095238
"926","P273880","P332930",11,0.423076923076923,0.576923076923077
"968","P332930","P273880",11,0.423076923076923,0.576923076923077
"1006","P332934","P271320",11,0.261904761904762,0.738095238095238
"1021","P332934","P429504",11,0.458333333333333,0.541666666666667
"1028","P332934","P459226",11,0.846153846153846,0.153846153846154
"1221","P388265","P271320",11,0.261904761904762,0.738095238095238
"1305","P429503","P253866",11,0.125,0.875
"1357","P429504","P332934",11,0.458333333333333,0.541666666666667
"1375","P429504","Q000039",11,0.458333333333333,0.541666666666667
"1518","P459216","P253238",11,0.314285714285714,0.685714285714286
"1650","P459226","P271301",11,0.846153846153846,0.153846153846154
"1658","P459226","P332934",11,0.846153846153846,0.153846153846154
"1764","Q000039","P228096",11,0.6875,0.3125
"1766","Q000039","P229426",11,0.647058823529412,0.352941176470588
"1795","Q000039","P429504",11,0.458333333333333,0.541666666666667
"102","P229426","P271301",10,0.588235294117647,0.411764705882353
"154","P235262","P332939",10,0.238095238095238,0.761904761904762
"166","P235262","P459217",10,0.125,0.875
"257","P250361","Q000039",10,0.714285714285714,0.285714285714286
"300","P250363","Q000039",10,0.909090909090909,0.0909090909090909
"318","P250364","P271320",10,0.238095238095238,0.761904761904762
"327","P250364","P346714",10,0.135135135135135,0.864864864864865
"339","P250364","P459218",10,0.135135135135135,0.864864864864865
"443","P253228","P253238",10,0.285714285714286,0.714285714285714
"448","P253228","P271771",10,0.208333333333333,0.791666666666667
"455","P253228","P332939",10,0.238095238095238,0.761904761904762
"498","P253233","P332939",10,0.238095238095238,0.761904761904762
"527","P253238","P253228",10,0.285714285714286,0.714285714285714
"581","P253245","P273880",10,0.526315789473684,0.473684210526316
"648","P271301","P229426",10,0.588235294117647,0.411764705882353
"696","P271320","P250364",10,0.238095238095238,0.761904761904762
"742","P271771","P253228",10,0.208333333333333,0.791666666666667
"889","P273712","P388265",10,0.526315789473684,0.473684210526316
"917","P273880","P253245",10,0.526315789473684,0.473684210526316
"1023","P332934","P437074",10,0.120481927710843,0.879518072289157
"1036","P332939","P235262",10,0.238095238095238,0.761904761904762
"1043","P332939","P253228",10,0.238095238095238,0.761904761904762
"1044","P332939","P253233",10,0.238095238095238,0.761904761904762
"1083","P346714","P250364",10,0.135135135135135,0.864864864864865
"1225","P388265","P273712",10,0.526315789473684,0.473684210526316
"1234","P388265","P389511",10,0.769230769230769,0.230769230769231
"1276","P389511","P388265",10,0.769230769230769,0.230769230769231
"1289","P389511","Q000039",10,0.769230769230769,0.230769230769231
"1443","P437074","P332934",10,0.120481927710843,0.879518072289157
"1552","P459217","P235262",10,0.125,0.875
"1599","P459218","P250364",10,0.135135135135135,0.864864864864865
"1769","Q000039","P250361",10,0.714285714285714,0.285714285714286
"1770","Q000039","P250363",10,0.909090909090909,0.0909090909090909
"1793","Q000039","P389511",10,0.769230769230769,0.230769230769231
"5","P228096","P247864",9,0.5625,0.4375
"108","P229426","P273880",9,0.529411764705882,0.470588235294118
"109","P229426","P332930",9,0.529411764705882,0.470588235294118
"144","P235262","P253866",9,0.1125,0.8875
"173","P247864","P228096",9,0.5625,0.4375
"325","P250364","P332934",9,0.121621621621622,0.878378378378378
"329","P250364","P370399",9,0.121621621621622,0.878378378378378
"386","P250371","Q000039",9,0.692307692307692,0.307692307692308
"452","P253228","P273880",9,0.1875,0.8125
"495","P253233","P273880",9,0.191489361702128,0.808510638297872
"534","P253238","P271771",9,0.257142857142857,0.742857142857143
"601","P253245","Q000039",9,0.473684210526316,0.526315789473684
"606","P253866","P235262",9,0.1125,0.8875
"675","P271301","P389511",9,0.692307692307692,0.307692307692308
"713","P271320","P332939",9,0.214285714285714,0.785714285714286
"744","P271771","P253238",9,0.257142857142857,0.742857142857143
"852","P272243","P447996",9,0.5625,0.4375
"906","P273880","P229426",9,0.529411764705882,0.470588235294118
"914","P273880","P253228",9,0.1875,0.8125
"915","P273880","P253233",9,0.191489361702128,0.808510638297872
"949","P332930","P229426",9,0.529411764705882,0.470588235294118
"997","P332934","P250364",9,0.121621621621622,0.878378378378378
"1049","P332939","P271320",9,0.214285714285714,0.785714285714286
"1169","P370399","P250364",9,0.121621621621622,0.878378378378378
"1199","P370399","P459218",9,0.115384615384615,0.884615384615385
"1247","P388265","X100003",9,0.236842105263158,0.763157894736842
"1263","P389511","P271301",9,0.692307692307692,0.307692307692308
"1482","P447996","P272243",9,0.5625,0.4375
"1544","P459216","P459226",9,0.692307692307692,0.307692307692308
"1619","P459218","P370399",9,0.115384615384615,0.884615384615385
"1670","P459226","P459216",9,0.692307692307692,0.307692307692308
"1676","P459226","Q000039",9,0.692307692307692,0.307692307692308
"1772","Q000039","P250371",9,0.692307692307692,0.307692307692308
"1777","Q000039","P253245",9,0.473684210526316,0.526315789473684
"1802","Q000039","P459226",9,0.692307692307692,0.307692307692308
"1835","X100003","P388265",9,0.236842105263158,0.763157894736842
"19","P228096","P271911",8,0.5,0.5
"22","P228096","P273880",8,0.5,0.5
"137","P235262","P250364",8,0.108108108108108,0.891891891891892
"140","P235262","P253228",8,0.166666666666667,0.833333333333333
"152","P235262","P332930",8,0.307692307692308,0.692307692307692
"163","P235262","P437074",8,0.1,0.9
"234","P250361","P271911",8,0.571428571428571,0.428571428571429
"244","P250361","P388265",8,0.571428571428571,0.428571428571429
"305","P250364","P235262",8,0.108108108108108,0.891891891891892
"317","P250364","P271301",8,0.108108108108108,0.891891891891892
"434","P253228","P235262",8,0.166666666666667,0.833333333333333
"538","P253238","P273880",8,0.228571428571429,0.771428571428571
"653","P271301","P250364",8,0.108108108108108,0.891891891891892
"716","P271320","P370399",8,0.19047619047619,0.80952380952381
"775","P271911","P228096",8,0.5,0.5
"780","P271911","P250361",8,0.571428571428571,0.428571428571429
"859","P272243","Q000039",8,0.5,0.5
"904","P273880","P228096",8,0.5,0.5
"916","P273880","P253238",8,0.228571428571429,0.771428571428571
"950","P332930","P235262",8,0.307692307692308,0.692307692307692
"1069","P332939","P459217",8,0.19047619047619,0.80952380952381
"1146","P347814","P370399",8,0.0689655172413793,0.931034482758621
"1178","P370399","P271320",8,0.19047619047619,0.80952380952381
"1188","P370399","P347814",8,0.0689655172413793,0.931034482758621
"1210","P388265","P250361",8,0.571428571428571,0.428571428571429
"1237","P388265","P432448",8,0.5,0.5
"1405","P432448","P388265",8,0.5,0.5
"1423","P437074","P235262",8,0.1,0.9
"1573","P459217","P332939",8,0.19047619047619,0.80952380952381
"1677","P459226","X100003",8,0.615384615384615,0.384615384615385
"1783","Q000039","P272243",8,0.5,0.5
"1845","X100003","P459226",8,0.615384615384615,0.384615384615385
"141","P235262","P253233",7,0.148936170212766,0.851063829787234
"164","P235262","P447996",7,0.0875,0.9125
"178","P247864","P250361",7,0.5,0.5
"211","P247864","P459226",7,0.538461538461538,0.461538461538462
"220","P250361","P247864",7,0.5,0.5
"241","P250361","P346714",7,0.5,0.5
"280","P250363","P273880",7,0.636363636363636,0.363636363636364
"322","P250364","P273712",7,0.368421052631579,0.631578947368421
"326","P250364","P332939",7,0.166666666666667,0.833333333333333
"473","P253228","X100003",7,0.184210526315789,0.815789473684211
"477","P253233","P235262",7,0.148936170212766,0.851063829787234
"516","P253233","X100003",7,0.184210526315789,0.815789473684211
"574","P253245","P253866",7,0.368421052631579,0.631578947368421
"575","P253245","P271301",7,0.368421052631579,0.631578947368421
"616","P253866","P253245",7,0.368421052631579,0.631578947368421
"659","P271301","P253245",7,0.368421052631579,0.631578947368421
"719","P271320","P429503",7,0.166666666666667,0.833333333333333
"868","P273712","P250364",7,0.368421052631579,0.631578947368421
"910","P273880","P250363",7,0.636363636363636,0.363636363636364
"936","P273880","P432448",7,0.4375,0.5625
"946","P273880","X100003",7,0.184210526315789,0.815789473684211
"970","P332930","P332934",7,0.269230769230769,0.730769230769231
"1012","P332934","P332930",7,0.269230769230769,0.730769230769231
"1017","P332934","P370399",7,0.0603448275862069,0.939655172413793
"1019","P332934","P389511",7,0.538461538461538,0.461538461538462
"1040","P332939","P250364",7,0.166666666666667,0.833333333333333
"1081","P346714","P250361",7,0.5,0.5
"1185","P370399","P332934",7,0.0603448275862069,0.939655172413793
"1198","P370399","P459217",7,0.0660377358490566,0.933962264150943
"1271","P389511","P332934",7,0.538461538461538,0.461538461538462
"1283","P389511","P459216",7,0.538461538461538,0.461538461538462
"1284","P389511","P459217",7,0.538461538461538,0.461538461538462
"1307","P429503","P271320",7,0.166666666666667,0.833333333333333
"1329","P429503","P459226",7,0.538461538461538,0.461538461538462
"1398","P432448","P273880",7,0.4375,0.5625
"1466","P447996","P235262",7,0.0875,0.9125
"1501","P447996","P459226",7,0.538461538461538,0.461538461538462
"1535","P459216","P389511",7,0.538461538461538,0.461538461538462
"1576","P459217","P370399",7,0.0660377358490566,0.933962264150943
"1578","P459217","P389511",7,0.538461538461538,0.461538461538462
"1639","P459226","P247864",7,0.538461538461538,0.461538461538462
"1665","P459226","P429503",7,0.538461538461538,0.461538461538462
"1669","P459226","P447996",7,0.538461538461538,0.461538461538462
"1817","X100003","P253228",7,0.184210526315789,0.815789473684211
"1818","X100003","P253233",7,0.184210526315789,0.815789473684211
"1828","X100003","P273880",7,0.184210526315789,0.815789473684211
"85","P228196","Q000039",6,0.428571428571429,0.571428571428571
"90","P229426","P235262",6,0.352941176470588,0.647058823529412
"132","P235262","P229426",6,0.352941176470588,0.647058823529412
"143","P235262","P253245",6,0.315789473684211,0.684210526315789
"312","P250364","P253228",6,0.125,0.875
"372","P250371","P370399",6,0.461538461538462,0.538461538461538
"438","P253228","P250364",6,0.125,0.875
"463","P253228","P432448",6,0.375,0.625
"506","P253233","P432448",6,0.375,0.625
"563","P253245","P235262",6,0.315789473684211,0.684210526315789
"619","P253866","P271320",6,0.142857142857143,0.857142857142857
"640","P253866","P459218",6,0.0769230769230769,0.923076923076923
"703","P271320","P253866",6,0.142857142857143,0.857142857142857
"722","P271320","P437074",6,0.142857142857143,0.857142857142857
"839","P272243","P273880",6,0.375,0.625
"923","P273880","P272243",6,0.375,0.625
"1067","P332939","P447996",6,0.142857142857143,0.857142857142857
"1170","P370399","P250371",6,0.461538461538462,0.538461538461538
"1243","P388265","P459226",6,0.461538461538462,0.538461538461538
"1324","P429503","P437074",6,0.072289156626506,0.927710843373494
"1387","P432448","P253228",6,0.375,0.625
"1388","P432448","P253233",6,0.375,0.625
"1411","P432448","P447996",6,0.375,0.625
"1436","P437074","P271320",6,0.142857142857143,0.857142857142857
"1450","P437074","P429503",6,0.072289156626506,0.927710843373494
"1455","P437074","P459216",6,0.072289156626506,0.927710843373494
"1487","P447996","P332939",6,0.142857142857143,0.857142857142857
"1495","P447996","P432448",6,0.375,0.625
"1539","P459216","P437074",6,0.072289156626506,0.927710843373494
"1591","P459217","X100003",6,0.157894736842105,0.842105263157895
"1606","P459218","P253866",6,0.0769230769230769,0.923076923076923
"1663","P459226","P388265",6,0.461538461538462,0.538461538461538
"1765","Q000039","P228196",6,0.428571428571429,0.571428571428571
"1843","X100003","P459217",6,0.157894736842105,0.842105263157895
"28","P228096","P370399",5,0.3125,0.6875
"155","P235262","P346714",5,0.0625,0.9375
"172","P235262","X100003",5,0.131578947368421,0.868421052631579
"179","P247864","P250363",5,0.454545454545455,0.545454545454545
"215","P247864","X100003",5,0.131578947368421,0.868421052631579
"237","P250361","P273880",5,0.357142857142857,0.642857142857143
"263","P250363","P247864",5,0.454545454545455,0.545454545454545
"277","P250363","P271911",5,0.454545454545455,0.545454545454545
"287","P250363","P388265",5,0.454545454545455,0.545454545454545
"366","P250371","P273880",5,0.384615384615385,0.615384615384615
"368","P250371","P332934",5,0.384615384615385,0.615384615384615
"671","P271301","P346714",5,0.0420168067226891,0.957983193277311
"683","P271301","P459218",5,0.0641025641025641,0.935897435897436
"781","P271911","P250363",5,0.454545454545455,0.545454545454545
"841","P272243","P332934",5,0.3125,0.6875
"909","P273880","P250361",5,0.357142857142857,0.642857142857143
"912","P273880","P250371",5,0.384615384615385,0.615384615384615
"981","P332930","P447996",5,0.192307692307692,0.807692307692308
"998","P332934","P250371",5,0.384615384615385,0.615384615384615
"1009","P332934","P272243",5,0.3125,0.6875
"1071","P332939","P459226",5,0.384615384615385,0.615384615384615
"1079","P346714","P235262",5,0.0625,0.9375
"1091","P346714","P271301",5,0.0420168067226891,0.957983193277311
"1162","P370399","P228096",5,0.3125,0.6875
"1196","P370399","P447996",5,0.0431034482758621,0.956896551724138
"1211","P388265","P250363",5,0.454545454545455,0.545454545454545
"1278","P389511","P429503",5,0.384615384615385,0.615384615384615
"1320","P429503","P389511",5,0.384615384615385,0.615384615384615
"1367","P429504","P437074",5,0.208333333333333,0.791666666666667
"1415","P432448","P459226",5,0.384615384615385,0.615384615384615
"1451","P437074","P429504",5,0.208333333333333,0.791666666666667
"1485","P447996","P332930",5,0.192307692307692,0.807692307692308
"1490","P447996","P370399",5,0.0431034482758621,0.956896551724138
"1607","P459218","P271301",5,0.0641025641025641,0.935897435897436
"1659","P459226","P332939",5,0.384615384615385,0.615384615384615
"1667","P459226","P432448",5,0.384615384615385,0.615384615384615
"1810","X100003","P235262",5,0.131578947368421,0.868421052631579
"1811","X100003","P247864",5,0.131578947368421,0.868421052631579
"38","P228096","P459218",4,0.25,0.75
"146","P235262","P271320",4,0.0952380952380952,0.904761904761905
"205","P247864","P432448",4,0.25,0.75
"361","P250371","P271320",4,0.307692307692308,0.692307692307692
"429","P250736","Q000039",4,0.0176991150442478,0.982300884955752
"449","P253228","P271911",4,0.0833333333333333,0.916666666666667
"451","P253228","P273712",4,0.210526315789474,0.789473684210526
"457","P253228","P347814",4,0.0833333333333333,0.916666666666667
"468","P253228","P459218",4,0.0833333333333333,0.916666666666667
"469","P253228","P459226",4,0.307692307692308,0.692307692307692
"507","P253233","P437074",4,0.0851063829787234,0.914893617021277
"512","P253233","P459226",4,0.307692307692308,0.692307692307692
"541","P253238","P332939",4,0.114285714285714,0.885714285714286
"546","P253238","P389511",4,0.307692307692308,0.692307692307692
"586","P253245","P347814",4,0.210526315789474,0.789473684210526
"587","P253245","P370399",4,0.210526315789474,0.789473684210526
"593","P253245","P437074",4,0.210526315789474,0.789473684210526
"637","P253866","P447996",4,0.0454545454545455,0.954545454545455
"692","P271320","P235262",4,0.0952380952380952,0.904761904761905
"697","P271320","P250371",4,0.307692307692308,0.692307692307692
"756","P271771","P332939",4,0.0952380952380952,0.904761904761905
"785","P271911","P253228",4,0.0833333333333333,0.916666666666667
"871","P273712","P253228",4,0.210526315789474,0.789473684210526
"1015","P332934","P346714",4,0.0336134453781513,0.966386554621849
"1045","P332939","P253238",4,0.114285714285714,0.885714285714286
"1050","P332939","P271771",4,0.0952380952380952,0.904761904761905
"1099","P346714","P332934",4,0.0336134453781513,0.966386554621849
"1129","P347814","P253228",4,0.0833333333333333,0.916666666666667
"1132","P347814","P253245",4,0.210526315789474,0.789473684210526
"1175","P370399","P253245",4,0.210526315789474,0.789473684210526
"1260","P389511","P253238",4,0.307692307692308,0.692307692307692
"1370","P429504","P459217",4,0.166666666666667,0.833333333333333
"1381","P432448","P247864",4,0.25,0.75
"1413","P432448","P459217",4,0.25,0.75
"1431","P437074","P253233",4,0.0851063829787234,0.914893617021277
"1433","P437074","P253245",4,0.210526315789474,0.789473684210526
"1454","P437074","P447996",4,0.0481927710843374,0.951807228915663
"1477","P447996","P253866",4,0.0454545454545455,0.954545454545455
"1496","P447996","P437074",4,0.0481927710843374,0.951807228915663
"1580","P459217","P429504",4,0.166666666666667,0.833333333333333
"1581","P459217","P432448",4,0.25,0.75
"1587","P459217","P459226",4,0.307692307692308,0.692307692307692
"1592","P459218","P228096",4,0.25,0.75
"1602","P459218","P253228",4,0.0833333333333333,0.916666666666667
"1645","P459226","P253228",4,0.307692307692308,0.692307692307692
"1646","P459226","P253233",4,0.307692307692308,0.692307692307692
"1671","P459226","P459217",4,0.307692307692308,0.692307692307692
"1762","Q000001","Q000039",4,0.0087527352297593,0.991247264770241
"1773","Q000039","P250736",4,0.0176991150442478,0.982300884955752
"1804","Q000039","Q000001",4,0.0087527352297593,0.991247264770241
"48","P228196","P247864",3,0.214285714285714,0.785714285714286
"70","P228196","P347814",3,0.214285714285714,0.785714285714286
"91","P229426","P247864",3,0.176470588235294,0.823529411764706
"101","P229426","P253866",3,0.176470588235294,0.823529411764706
"121","P229426","P447996",3,0.176470588235294,0.823529411764706
"147","P235262","P271771",3,0.0375,0.9625
"162","P235262","P432448",3,0.1875,0.8125
"168","P235262","P459226",3,0.230769230769231,0.769230769230769
"174","P247864","P228196",3,0.214285714285714,0.785714285714286
"175","P247864","P229426",3,0.176470588235294,0.823529411764706
"181","P247864","P250371",3,0.230769230769231,0.769230769230769
"182","P247864","P250736",3,0.0132743362831858,0.986725663716814
"193","P247864","P273712",3,0.157894736842105,0.842105263157895
"195","P247864","P332930",3,0.115384615384615,0.884615384615385
"202","P247864","P389511",3,0.230769230769231,0.769230769230769
"204","P247864","P429504",3,0.125,0.875
"230","P250361","P253866",3,0.214285714285714,0.785714285714286
"296","P250363","P459218",3,0.272727272727273,0.727272727272727
"349","P250371","P247864",3,0.230769230769231,0.769230769230769
"392","P250736","P247864",3,0.0132743362831858,0.986725663716814
"462","P253228","P429504",3,0.125,0.875
"464","P253228","P437074",3,0.0625,0.9375
"503","P253233","P389511",3,0.230769230769231,0.769230769230769
"505","P253233","P429504",3,0.125,0.875
"584","P253245","P332939",3,0.157894736842105,0.842105263157895
"588","P253245","P388265",3,0.157894736842105,0.842105263157895
"590","P253245","P429503",3,0.157894736842105,0.842105263157895
"605","P253866","P229426",3,0.176470588235294,0.823529411764706
"608","P253866","P250361",3,0.214285714285714,0.785714285714286
"625","P253866","P332930",3,0.115384615384615,0.884615384615385
"627","P253866","P332939",3,0.0714285714285714,0.928571428571429
"629","P253866","P347814",3,0.0340909090909091,0.965909090909091
"638","P253866","P459216",3,0.0340909090909091,0.965909090909091
"639","P253866","P459217",3,0.0340909090909091,0.965909090909091
"735","P271771","P235262",3,0.0375,0.9625
"751","P271771","P272243",3,0.1875,0.8125
"759","P271771","P370399",3,0.027027027027027,0.972972972972973
"761","P271771","P389511",3,0.230769230769231,0.769230769230769
"765","P271771","P437074",3,0.036144578313253,0.963855421686747
"835","P272243","P271771",3,0.1875,0.8125
"846","P272243","P388265",3,0.1875,0.8125
"865","P273712","P247864",3,0.157894736842105,0.842105263157895
"942","P273880","P459226",3,0.230769230769231,0.769230769230769
"951","P332930","P247864",3,0.115384615384615,0.884615384615385
"961","P332930","P253866",3,0.115384615384615,0.884615384615385
"1046","P332939","P253245",3,0.157894736842105,0.842105263157895
"1047","P332939","P253866",3,0.0714285714285714,0.928571428571429
"1106","P346714","P429503",3,0.0252100840336134,0.974789915966387
"1111","P346714","P459216",3,0.0252100840336134,0.974789915966387
"1120","P347814","P228196",3,0.214285714285714,0.785714285714286
"1133","P347814","P253866",3,0.0340909090909091,0.965909090909091
"1179","P370399","P271771",3,0.027027027027027,0.972972972972973
"1218","P388265","P253245",3,0.157894736842105,0.842105263157895
"1224","P388265","P272243",3,0.1875,0.8125
"1252","P389511","P247864",3,0.230769230769231,0.769230769230769
"1259","P389511","P253233",3,0.230769230769231,0.769230769230769
"1265","P389511","P271771",3,0.230769230769231,0.769230769230769
"1304","P429503","P253245",3,0.157894736842105,0.842105263157895
"1316","P429503","P346714",3,0.0252100840336134,0.974789915966387
"1338","P429504","P247864",3,0.125,0.875
"1344","P429504","P253228",3,0.125,0.875
"1345","P429504","P253233",3,0.125,0.875
"1380","P432448","P235262",3,0.1875,0.8125
"1430","P437074","P253228",3,0.0625,0.9375
"1437","P437074","P271771",3,0.036144578313253,0.963855421686747
"1465","P447996","P229426",3,0.176470588235294,0.823529411764706
"1520","P459216","P253866",3,0.0340909090909091,0.965909090909091
"1531","P459216","P346714",3,0.0252100840336134,0.974789915966387
"1563","P459217","P253866",3,0.0340909090909091,0.965909090909091
"1598","P459218","P250363",3,0.272727272727273,0.727272727272727
"1638","P459226","P235262",3,0.230769230769231,0.769230769230769
"1656","P459226","P273880",3,0.230769230769231,0.769230769230769
"8","P228096","P250364",2,0.125,0.875
"26","P228096","P346714",2,0.125,0.875
"37","P228096","P459217",2,0.125,0.875
"62","P228196","P271911",2,0.142857142857143,0.857142857142857
"65","P228196","P273880",2,0.142857142857143,0.857142857142857
"114","P229426","P370399",2,0.117647058823529,0.882352941176471
"138","P235262","P250371",2,0.153846153846154,0.846153846153846
"167","P235262","P459218",2,0.0256410256410256,0.974358974358974
"231","P250361","P271301",2,0.142857142857143,0.857142857142857
"243","P250361","P370399",2,0.142857142857143,0.857142857142857
"247","P250361","P429504",2,0.142857142857143,0.857142857142857
"249","P250361","P437074",2,0.142857142857143,0.857142857142857
"253","P250361","P459218",2,0.142857142857143,0.857142857142857
"285","P250363","P347814",2,0.181818181818182,0.818181818181818
"302","P250364","P228096",2,0.125,0.875
"314","P250364","P253238",2,0.0571428571428571,0.942857142857143
"332","P250364","P429503",2,0.027027027027027,0.972972972972973
"336","P250364","P447996",2,0.027027027027027,0.972972972972973
"337","P250364","P459216",2,0.027027027027027,0.972972972972973
"338","P250364","P459217",2,0.027027027027027,0.972972972972973
"348","P250371","P235262",2,0.153846153846154,0.846153846153846
"360","P250371","P271301",2,0.153846153846154,0.846153846153846
"406","P250736","P271911",2,0.00884955752212389,0.991150442477876
"416","P250736","P388265",2,0.00884955752212389,0.991150442477876
"456","P253228","P346714",2,0.0416666666666667,0.958333333333333
"460","P253228","P389511",2,0.153846153846154,0.846153846153846
"524","P253238","P250364",2,0.0571428571428571,0.942857142857143
"542","P253238","P346714",2,0.0571428571428571,0.942857142857143
"578","P253245","P271911",2,0.105263157894737,0.894736842105263
"595","P253245","P459216",2,0.105263157894737,0.894736842105263
"620","P253866","P271771",2,0.0227272727272727,0.977272727272727
"651","P271301","P250361",2,0.142857142857143,0.857142857142857
"654","P271301","P250371",2,0.153846153846154,0.846153846153846
"672","P271301","P347814",2,0.0161290322580645,0.983870967741935
"720","P271320","P429504",2,0.0833333333333333,0.916666666666667
"746","P271771","P253866",2,0.0227272727272727,0.977272727272727
"776","P271911","P228196",2,0.142857142857143,0.857142857142857
"784","P271911","P250736",2,0.00884955752212389,0.991150442477876
"788","P271911","P253245",2,0.105263157894737,0.894736842105263
"815","P271911","Q000001",2,0.00593471810089021,0.99406528189911
"905","P273880","P228196",2,0.142857142857143,0.857142857142857
"1076","P346714","P228096",2,0.125,0.875
"1086","P346714","P253228",2,0.0416666666666667,0.958333333333333
"1088","P346714","P253238",2,0.0571428571428571,0.942857142857143
"1110","P346714","P447996",2,0.0168067226890756,0.983193277310924
"1112","P346714","P459217",2,0.0188679245283019,0.981132075471698
"1125","P347814","P250363",2,0.181818181818182,0.818181818181818
"1134","P347814","P271301",2,0.0161290322580645,0.983870967741935
"1152","P347814","P437074",2,0.0240963855421687,0.975903614457831
"1164","P370399","P229426",2,0.117647058823529,0.882352941176471
"1167","P370399","P250361",2,0.142857142857143,0.857142857142857
"1214","P388265","P250736",2,0.00884955752212389,0.991150442477876
"1236","P388265","P429504",2,0.0833333333333333,0.916666666666667
"1258","P389511","P253228",2,0.153846153846154,0.846153846153846
"1298","P429503","P250364",2,0.027027027027027,0.972972972972973
"1339","P429504","P250361",2,0.142857142857143,0.857142857142857
"1350","P429504","P271320",2,0.0833333333333333,0.916666666666667
"1362","P429504","P388265",2,0.0833333333333333,0.916666666666667
"1425","P437074","P250361",2,0.142857142857143,0.857142857142857
"1446","P437074","P347814",2,0.0240963855421687,0.975903614457831
"1470","P447996","P250364",2,0.027027027027027,0.972972972972973
"1488","P447996","P346714",2,0.0168067226890756,0.983193277310924
"1513","P459216","P250364",2,0.027027027027027,0.972972972972973
"1519","P459216","P253245",2,0.105263157894737,0.894736842105263
"1549","P459217","P228096",2,0.125,0.875
"1556","P459217","P250364",2,0.027027027027027,0.972972972972973
"1574","P459217","P346714",2,0.0188679245283019,0.981132075471698
"1595","P459218","P235262",2,0.0256410256410256,0.974358974358974
"1597","P459218","P250361",2,0.142857142857143,0.857142857142857
"1719","P492330","Q000039",2,0.142857142857143,0.857142857142857
"1739","Q000001","P271911",2,0.00593471810089021,0.99406528189911
"1803","Q000039","P492330",2,0.142857142857143,0.857142857142857
"29","P228096","P388265",1,0.0625,0.9375
"58","P228196","P253866",1,0.0714285714285714,0.928571428571429
"59","P228196","P271301",1,0.0714285714285714,0.928571428571429
"71","P228196","P370399",1,0.0714285714285714,0.928571428571429
"78","P228196","P447996",1,0.0714285714285714,0.928571428571429
"122","P229426","P459216",1,0.0588235294117647,0.941176470588235
"186","P247864","P253245",1,0.0526315789473684,0.947368421052632
"286","P250363","P370399",1,0.0909090909090909,0.909090909090909
"315","P250364","P253245",1,0.0526315789473684,0.947368421052632
"370","P250371","P346714",1,0.0769230769230769,0.923076923076923
"403","P250736","P271301",1,0.00442477876106195,0.995575221238938
"405","P250736","P271771",1,0.00900900900900901,0.990990990990991
"444","P253228","P253245",1,0.0526315789473684,0.947368421052632
"492","P253233","P271911",1,0.0212765957446809,0.978723404255319
"501","P253233","P370399",1,0.0212765957446809,0.978723404255319
"555","P253238","P459226",1,0.0769230769230769,0.923076923076923
"564","P253245","P247864",1,0.0526315789473684,0.947368421052632
"567","P253245","P250364",1,0.0526315789473684,0.947368421052632
"570","P253245","P253228",1,0.0526315789473684,0.947368421052632
"580","P253245","P273712",1,0.0526315789473684,0.947368421052632
"585","P253245","P346714",1,0.0526315789473684,0.947368421052632
"597","P253245","P459218",1,0.0526315789473684,0.947368421052632
"604","P253866","P228196",1,0.0714285714285714,0.928571428571429
"626","P253866","P332934",1,0.0113636363636364,0.988636363636364
"634","P253866","P429504",1,0.0416666666666667,0.958333333333333
"647","P271301","P228196",1,0.0714285714285714,0.928571428571429
"655","P271301","P250736",1,0.00442477876106195,0.995575221238938
"664","P271301","P271911",1,0.0029673590504451,0.997032640949555
"714","P271320","P346714",1,0.0238095238095238,0.976190476190476
"724","P271320","P459216",1,0.0238095238095238,0.976190476190476
"725","P271320","P459217",1,0.0238095238095238,0.976190476190476
"741","P271771","P250736",1,0.00900900900900901,0.990990990990991
"786","P271911","P253233",1,0.0212765957446809,0.978723404255319
"790","P271911","P271301",1,0.0029673590504451,0.997032640949555
"798","P271911","P332934",1,0.00408163265306122,0.995918367346939
"799","P271911","P332939",1,0.0238095238095238,0.976190476190476
"805","P271911","P429503",1,0.008,0.992
"811","P271911","P459217",1,0.00943396226415094,0.990566037735849
"874","P273712","P253245",1,0.0526315789473684,0.947368421052632
"974","P332930","P370399",1,0.0384615384615385,0.961538461538462
"982","P332930","P459216",1,0.0384615384615385,0.961538461538462
"1004","P332934","P253866",1,0.0113636363636364,0.988636363636364
"1008","P332934","P271911",1,0.00408163265306122,0.995918367346939
"1051","P332939","P271911",1,0.0238095238095238,0.976190476190476
"1060","P332939","P370399",1,0.0238095238095238,0.976190476190476
"1062","P332939","P389511",1,0.0769230769230769,0.923076923076923
"1084","P346714","P250371",1,0.0769230769230769,0.923076923076923
"1089","P346714","P253245",1,0.0526315789473684,0.947368421052632
"1092","P346714","P271320",1,0.0238095238095238,0.976190476190476
"1163","P370399","P228196",1,0.0714285714285714,0.928571428571429
"1168","P370399","P250363",1,0.0909090909090909,0.909090909090909
"1173","P370399","P253233",1,0.0212765957446809,0.978723404255319
"1184","P370399","P332930",1,0.0384615384615385,0.961538461538462
"1186","P370399","P332939",1,0.0238095238095238,0.976190476190476
"1205","P388265","P228096",1,0.0625,0.9375
"1272","P389511","P332939",1,0.0769230769230769,0.923076923076923
"1280","P389511","P432448",1,0.0769230769230769,0.923076923076923
"1282","P389511","P447996",1,0.0769230769230769,0.923076923076923
"1286","P389511","P459226",1,0.0769230769230769,0.923076923076923
"1290","P389511","X100003",1,0.0769230769230769,0.923076923076923
"1309","P429503","P271911",1,0.008,0.992
"1348","P429504","P253866",1,0.0416666666666667,0.958333333333333
"1406","P432448","P389511",1,0.0769230769230769,0.923076923076923
"1464","P447996","P228196",1,0.0714285714285714,0.928571428571429
"1492","P447996","P389511",1,0.0769230769230769,0.923076923076923
"1508","P459216","P229426",1,0.0588235294117647,0.941176470588235
"1522","P459216","P271320",1,0.0238095238095238,0.976190476190476
"1528","P459216","P332930",1,0.0384615384615385,0.961538461538462
"1565","P459217","P271320",1,0.0238095238095238,0.976190476190476
"1567","P459217","P271911",1,0.00943396226415094,0.990566037735849
"1605","P459218","P253245",1,0.0526315789473684,0.947368421052632
"1647","P459226","P253238",1,0.0769230769230769,0.923076923076923
"1664","P459226","P389511",1,0.0769230769230769,0.923076923076923
"1836","X100003","P389511",1,0.0769230769230769,0.923076923076923
"2","P228096","P228196",0,0,1
"3","P228096","P229426",0,0,1
"4","P228096","P235262",0,0,1
"6","P228096","P250361",0,0,1
"7","P228096","P250363",0,0,1
"9","P228096","P250371",0,0,1
"10","P228096","P250736",0,0,1
"11","P228096","P253228",0,0,1
"12","P228096","P253233",0,0,1
"13","P228096","P253238",0,0,1
"14","P228096","P253245",0,0,1
"15","P228096","P253866",0,0,1
"16","P228096","P271301",0,0,1
"17","P228096","P271320",0,0,1
"18","P228096","P271771",0,0,1
"20","P228096","P272243",0,0,1
"21","P228096","P273712",0,0,1
"23","P228096","P332930",0,0,1
"24","P228096","P332934",0,0,1
"25","P228096","P332939",0,0,1
"27","P228096","P347814",0,0,1
"30","P228096","P389511",0,0,1
"31","P228096","P429503",0,0,1
"32","P228096","P429504",0,0,1
"33","P228096","P432448",0,0,1
"34","P228096","P437074",0,0,1
"35","P228096","P447996",0,0,1
"36","P228096","P459216",0,0,1
"39","P228096","P459226",0,0,1
"40","P228096","P492330",0,0,1
"41","P228096","Q000001",0,0,1
"43","P228096","X100003",0,0,1
"44","P228196","P228096",0,0,1
"46","P228196","P229426",0,0,1
"47","P228196","P235262",0,0,1
"49","P228196","P250361",0,0,1
"50","P228196","P250363",0,0,1
"51","P228196","P250364",0,0,1
"52","P228196","P250371",0,0,1
"53","P228196","P250736",0,0,1
"54","P228196","P253228",0,0,1
"55","P228196","P253233",0,0,1
"56","P228196","P253238",0,0,1
"57","P228196","P253245",0,0,1
"60","P228196","P271320",0,0,1
"61","P228196","P271771",0,0,1
"63","P228196","P272243",0,0,1
"64","P228196","P273712",0,0,1
"66","P228196","P332930",0,0,1
"67","P228196","P332934",0,0,1
"68","P228196","P332939",0,0,1
"69","P228196","P346714",0,0,1
"72","P228196","P388265",0,0,1
"73","P228196","P389511",0,0,1
"74","P228196","P429503",0,0,1
"75","P228196","P429504",0,0,1
"76","P228196","P432448",0,0,1
"77","P228196","P437074",0,0,1
"79","P228196","P459216",0,0,1
"80","P228196","P459217",0,0,1
"81","P228196","P459218",0,0,1
"82","P228196","P459226",0,0,1
"83","P228196","P492330",0,0,1
"84","P228196","Q000001",0,0,1
"86","P228196","X100003",0,0,1
"87","P229426","P228096",0,0,1
"88","P229426","P228196",0,0,1
"92","P229426","P250361",0,0,1
"93","P229426","P250363",0,0,1
"94","P229426","P250364",0,0,1
"95","P229426","P250371",0,0,1
"96","P229426","P250736",0,0,1
"97","P229426","P253228",0,0,1
"98","P229426","P253233",0,0,1
"99","P229426","P253238",0,0,1
"100","P229426","P253245",0,0,1
"103","P229426","P271320",0,0,1
"104","P229426","P271771",0,0,1
"105","P229426","P271911",0,0,1
"106","P229426","P272243",0,0,1
"107","P229426","P273712",0,0,1
"110","P229426","P332934",0,0,1
"111","P229426","P332939",0,0,1
"112","P229426","P346714",0,0,1
"113","P229426","P347814",0,0,1
"115","P229426","P388265",0,0,1
"116","P229426","P389511",0,0,1
"117","P229426","P429503",0,0,1
"118","P229426","P429504",0,0,1
"119","P229426","P432448",0,0,1
"120","P229426","P437074",0,0,1
"123","P229426","P459217",0,0,1
"124","P229426","P459218",0,0,1
"125","P229426","P459226",0,0,1
"126","P229426","P492330",0,0,1
"127","P229426","Q000001",0,0,1
"129","P229426","X100003",0,0,1
"130","P235262","P228096",0,0,1
"131","P235262","P228196",0,0,1
"135","P235262","P250361",0,0,1
"136","P235262","P250363",0,0,1
"139","P235262","P250736",0,0,1
"142","P235262","P253238",0,0,1
"148","P235262","P271911",0,0,1
"149","P235262","P272243",0,0,1
"150","P235262","P273712",0,0,1
"156","P235262","P347814",0,0,1
"159","P235262","P389511",0,0,1
"161","P235262","P429504",0,0,1
"169","P235262","P492330",0,0,1
"170","P235262","Q000001",0,0,1
"192","P247864","P272243",0,0,1
"212","P247864","P492330",0,0,1
"213","P247864","Q000001",0,0,1
"216","P250361","P228096",0,0,1
"217","P250361","P228196",0,0,1
"218","P250361","P229426",0,0,1
"219","P250361","P235262",0,0,1
"222","P250361","P250363",0,0,1
"223","P250361","P250364",0,0,1
"224","P250361","P250371",0,0,1
"225","P250361","P250736",0,0,1
"226","P250361","P253228",0,0,1
"227","P250361","P253233",0,0,1
"228","P250361","P253238",0,0,1
"229","P250361","P253245",0,0,1
"232","P250361","P271320",0,0,1
"233","P250361","P271771",0,0,1
"235","P250361","P272243",0,0,1
"236","P250361","P273712",0,0,1
"238","P250361","P332930",0,0,1
"239","P250361","P332934",0,0,1
"240","P250361","P332939",0,0,1
"242","P250361","P347814",0,0,1
"245","P250361","P389511",0,0,1
"246","P250361","P429503",0,0,1
"248","P250361","P432448",0,0,1
"250","P250361","P447996",0,0,1
"251","P250361","P459216",0,0,1
"252","P250361","P459217",0,0,1
"254","P250361","P459226",0,0,1
"255","P250361","P492330",0,0,1
"256","P250361","Q000001",0,0,1
"258","P250361","X100003",0,0,1
"259","P250363","P228096",0,0,1
"260","P250363","P228196",0,0,1
"261","P250363","P229426",0,0,1
"262","P250363","P235262",0,0,1
"264","P250363","P250361",0,0,1
"266","P250363","P250364",0,0,1
"267","P250363","P250371",0,0,1
"268","P250363","P250736",0,0,1
"269","P250363","P253228",0,0,1
"270","P250363","P253233",0,0,1
"271","P250363","P253238",0,0,1
"272","P250363","P253245",0,0,1
"273","P250363","P253866",0,0,1
"274","P250363","P271301",0,0,1
"275","P250363","P271320",0,0,1
"276","P250363","P271771",0,0,1
"278","P250363","P272243",0,0,1
"279","P250363","P273712",0,0,1
"281","P250363","P332930",0,0,1
"282","P250363","P332934",0,0,1
"283","P250363","P332939",0,0,1
"284","P250363","P346714",0,0,1
"288","P250363","P389511",0,0,1
"289","P250363","P429503",0,0,1
"290","P250363","P429504",0,0,1
"291","P250363","P432448",0,0,1
"292","P250363","P437074",0,0,1
"293","P250363","P447996",0,0,1
"294","P250363","P459216",0,0,1
"295","P250363","P459217",0,0,1
"297","P250363","P459226",0,0,1
"298","P250363","P492330",0,0,1
"299","P250363","Q000001",0,0,1
"301","P250363","X100003",0,0,1
"303","P250364","P228196",0,0,1
"304","P250364","P229426",0,0,1
"307","P250364","P250361",0,0,1
"308","P250364","P250363",0,0,1
"311","P250364","P250736",0,0,1
"313","P250364","P253233",0,0,1
"316","P250364","P253866",0,0,1
"319","P250364","P271771",0,0,1
"321","P250364","P272243",0,0,1
"324","P250364","P332930",0,0,1
"331","P250364","P389511",0,0,1
"333","P250364","P429504",0,0,1
"334","P250364","P432448",0,0,1
"335","P250364","P437074",0,0,1
"340","P250364","P459226",0,0,1
"341","P250364","P492330",0,0,1
"342","P250364","Q000001",0,0,1
"344","P250364","X100003",0,0,1
"345","P250371","P228096",0,0,1
"346","P250371","P228196",0,0,1
"347","P250371","P229426",0,0,1
"350","P250371","P250361",0,0,1
"351","P250371","P250363",0,0,1
"354","P250371","P250736",0,0,1
"355","P250371","P253228",0,0,1
"356","P250371","P253233",0,0,1
"357","P250371","P253238",0,0,1
"358","P250371","P253245",0,0,1
"359","P250371","P253866",0,0,1
"362","P250371","P271771",0,0,1
"363","P250371","P271911",0,0,1
"364","P250371","P272243",0,0,1
"365","P250371","P273712",0,0,1
"367","P250371","P332930",0,0,1
"369","P250371","P332939",0,0,1
"371","P250371","P347814",0,0,1
"373","P250371","P388265",0,0,1
"374","P250371","P389511",0,0,1
"375","P250371","P429503",0,0,1
"376","P250371","P429504",0,0,1
"377","P250371","P432448",0,0,1
"378","P250371","P437074",0,0,1
"379","P250371","P447996",0,0,1
"380","P250371","P459216",0,0,1
"381","P250371","P459217",0,0,1
"382","P250371","P459218",0,0,1
"383","P250371","P459226",0,0,1
"384","P250371","P492330",0,0,1
"385","P250371","Q000001",0,0,1
"387","P250371","X100003",0,0,1
"388","P250736","P228096",0,0,1
"389","P250736","P228196",0,0,1
"390","P250736","P229426",0,0,1
"391","P250736","P235262",0,0,1
"393","P250736","P250361",0,0,1
"394","P250736","P250363",0,0,1
"395","P250736","P250364",0,0,1
"396","P250736","P250371",0,0,1
"398","P250736","P253228",0,0,1
"399","P250736","P253233",0,0,1
"400","P250736","P253238",0,0,1
"401","P250736","P253245",0,0,1
"402","P250736","P253866",0,0,1
"404","P250736","P271320",0,0,1
"407","P250736","P272243",0,0,1
"408","P250736","P273712",0,0,1
"409","P250736","P273880",0,0,1
"410","P250736","P332930",0,0,1
"411","P250736","P332934",0,0,1
"412","P250736","P332939",0,0,1
"413","P250736","P346714",0,0,1
"414","P250736","P347814",0,0,1
"415","P250736","P370399",0,0,1
"417","P250736","P389511",0,0,1
"418","P250736","P429503",0,0,1
"419","P250736","P429504",0,0,1
"420","P250736","P432448",0,0,1
"421","P250736","P437074",0,0,1
"422","P250736","P447996",0,0,1
"423","P250736","P459216",0,0,1
"424","P250736","P459217",0,0,1
"425","P250736","P459218",0,0,1
"426","P250736","P459226",0,0,1
"427","P250736","P492330",0,0,1
"428","P250736","Q000001",0,0,1
"430","P250736","X100003",0,0,1
"431","P253228","P228096",0,0,1
"432","P253228","P228196",0,0,1
"433","P253228","P229426",0,0,1
"436","P253228","P250361",0,0,1
"437","P253228","P250363",0,0,1
"439","P253228","P250371",0,0,1
"440","P253228","P250736",0,0,1
"445","P253228","P253866",0,0,1
"447","P253228","P271320",0,0,1
"450","P253228","P272243",0,0,1
"453","P253228","P332930",0,0,1
"458","P253228","P370399",0,0,1
"470","P253228","P492330",0,0,1
"471","P253228","Q000001",0,0,1
"474","P253233","P228096",0,0,1
"475","P253233","P228196",0,0,1
"476","P253233","P229426",0,0,1
"479","P253233","P250361",0,0,1
"480","P253233","P250363",0,0,1
"481","P253233","P250364",0,0,1
"482","P253233","P250371",0,0,1
"483","P253233","P250736",0,0,1
"487","P253233","P253245",0,0,1
"488","P253233","P253866",0,0,1
"490","P253233","P271320",0,0,1
"493","P253233","P272243",0,0,1
"494","P253233","P273712",0,0,1
"496","P253233","P332930",0,0,1
"499","P253233","P346714",0,0,1
"500","P253233","P347814",0,0,1
"511","P253233","P459218",0,0,1
"513","P253233","P492330",0,0,1
"514","P253233","Q000001",0,0,1
"517","P253238","P228096",0,0,1
"518","P253238","P228196",0,0,1
"519","P253238","P229426",0,0,1
"520","P253238","P235262",0,0,1
"522","P253238","P250361",0,0,1
"523","P253238","P250363",0,0,1
"525","P253238","P250371",0,0,1
"526","P253238","P250736",0,0,1
"530","P253238","P253245",0,0,1
"531","P253238","P253866",0,0,1
"533","P253238","P271320",0,0,1
"535","P253238","P271911",0,0,1
"536","P253238","P272243",0,0,1
"537","P253238","P273712",0,0,1
"539","P253238","P332930",0,0,1
"543","P253238","P347814",0,0,1
"544","P253238","P370399",0,0,1
"548","P253238","P429504",0,0,1
"549","P253238","P432448",0,0,1
"550","P253238","P437074",0,0,1
"554","P253238","P459218",0,0,1
"556","P253238","P492330",0,0,1
"557","P253238","Q000001",0,0,1
"559","P253238","X100003",0,0,1
"560","P253245","P228096",0,0,1
"561","P253245","P228196",0,0,1
"562","P253245","P229426",0,0,1
"565","P253245","P250361",0,0,1
"566","P253245","P250363",0,0,1
"568","P253245","P250371",0,0,1
"569","P253245","P250736",0,0,1
"571","P253245","P253233",0,0,1
"572","P253245","P253238",0,0,1
"576","P253245","P271320",0,0,1
"577","P253245","P271771",0,0,1
"579","P253245","P272243",0,0,1
"582","P253245","P332930",0,0,1
"583","P253245","P332934",0,0,1
"589","P253245","P389511",0,0,1
"591","P253245","P429504",0,0,1
"592","P253245","P432448",0,0,1
"594","P253245","P447996",0,0,1
"596","P253245","P459217",0,0,1
"598","P253245","P459226",0,0,1
"599","P253245","P492330",0,0,1
"600","P253245","Q000001",0,0,1
"602","P253245","X100003",0,0,1
"603","P253866","P228096",0,0,1
"609","P253866","P250363",0,0,1
"610","P253866","P250364",0,0,1
"611","P253866","P250371",0,0,1
"612","P253866","P250736",0,0,1
"613","P253866","P253228",0,0,1
"614","P253866","P253233",0,0,1
"615","P253866","P253238",0,0,1
"622","P253866","P272243",0,0,1
"623","P253866","P273712",0,0,1
"632","P253866","P389511",0,0,1
"635","P253866","P432448",0,0,1
"641","P253866","P459226",0,0,1
"642","P253866","P492330",0,0,1
"643","P253866","Q000001",0,0,1
"645","P253866","X100003",0,0,1
"646","P271301","P228096",0,0,1
"652","P271301","P250363",0,0,1
"666","P271301","P273712",0,0,1
"685","P271301","P492330",0,0,1
"686","P271301","Q000001",0,0,1
"689","P271320","P228096",0,0,1
"690","P271320","P228196",0,0,1
"691","P271320","P229426",0,0,1
"694","P271320","P250361",0,0,1
"695","P271320","P250363",0,0,1
"698","P271320","P250736",0,0,1
"699","P271320","P253228",0,0,1
"700","P271320","P253233",0,0,1
"701","P271320","P253238",0,0,1
"702","P271320","P253245",0,0,1
"706","P271320","P271771",0,0,1
"707","P271320","P271911",0,0,1
"708","P271320","P272243",0,0,1
"709","P271320","P273712",0,0,1
"711","P271320","P332930",0,0,1
"715","P271320","P347814",0,0,1
"718","P271320","P389511",0,0,1
"721","P271320","P432448",0,0,1
"723","P271320","P447996",0,0,1
"726","P271320","P459218",0,0,1
"727","P271320","P459226",0,0,1
"728","P271320","P492330",0,0,1
"729","P271320","Q000001",0,0,1
"731","P271320","X100003",0,0,1
"732","P271771","P228096",0,0,1
"733","P271771","P228196",0,0,1
"734","P271771","P229426",0,0,1
"737","P271771","P250361",0,0,1
"738","P271771","P250363",0,0,1
"739","P271771","P250364",0,0,1
"740","P271771","P250371",0,0,1
"745","P271771","P253245",0,0,1
"748","P271771","P271320",0,0,1
"750","P271771","P271911",0,0,1
"752","P271771","P273712",0,0,1
"754","P271771","P332930",0,0,1
"757","P271771","P346714",0,0,1
"758","P271771","P347814",0,0,1
"763","P271771","P429504",0,0,1
"764","P271771","P432448",0,0,1
"769","P271771","P459218",0,0,1
"770","P271771","P459226",0,0,1
"771","P271771","P492330",0,0,1
"772","P271771","Q000001",0,0,1
"774","P271771","X100003",0,0,1
"777","P271911","P229426",0,0,1
"778","P271911","P235262",0,0,1
"783","P271911","P250371",0,0,1
"787","P271911","P253238",0,0,1
"791","P271911","P271320",0,0,1
"792","P271911","P271771",0,0,1
"794","P271911","P272243",0,0,1
"797","P271911","P332930",0,0,1
"804","P271911","P389511",0,0,1
"806","P271911","P429504",0,0,1
"807","P271911","P432448",0,0,1
"808","P271911","P437074",0,0,1
"809","P271911","P447996",0,0,1
"810","P271911","P459216",0,0,1
"813","P271911","P459226",0,0,1
"814","P271911","P492330",0,0,1
"817","P271911","X100003",0,0,1
"818","P272243","P228096",0,0,1
"819","P272243","P228196",0,0,1
"820","P272243","P229426",0,0,1
"821","P272243","P235262",0,0,1
"822","P272243","P247864",0,0,1
"823","P272243","P250361",0,0,1
"824","P272243","P250363",0,0,1
"825","P272243","P250364",0,0,1
"826","P272243","P250371",0,0,1
"827","P272243","P250736",0,0,1
"828","P272243","P253228",0,0,1
"829","P272243","P253233",0,0,1
"830","P272243","P253238",0,0,1
"831","P272243","P253245",0,0,1
"832","P272243","P253866",0,0,1
"834","P272243","P271320",0,0,1
"836","P272243","P271911",0,0,1
"838","P272243","P273712",0,0,1
"840","P272243","P332930",0,0,1
"842","P272243","P332939",0,0,1
"843","P272243","P346714",0,0,1
"844","P272243","P347814",0,0,1
"845","P272243","P370399",0,0,1
"847","P272243","P389511",0,0,1
"848","P272243","P429503",0,0,1
"849","P272243","P429504",0,0,1
"850","P272243","P432448",0,0,1
"851","P272243","P437074",0,0,1
"853","P272243","P459216",0,0,1
"854","P272243","P459217",0,0,1
"855","P272243","P459218",0,0,1
"856","P272243","P459226",0,0,1
"857","P272243","P492330",0,0,1
"858","P272243","Q000001",0,0,1
"860","P272243","X100003",0,0,1
"861","P273712","P228096",0,0,1
"862","P273712","P228196",0,0,1
"863","P273712","P229426",0,0,1
"864","P273712","P235262",0,0,1
"866","P273712","P250361",0,0,1
"867","P273712","P250363",0,0,1
"869","P273712","P250371",0,0,1
"870","P273712","P250736",0,0,1
"872","P273712","P253233",0,0,1
"873","P273712","P253238",0,0,1
"875","P273712","P253866",0,0,1
"876","P273712","P271301",0,0,1
"877","P273712","P271320",0,0,1
"878","P273712","P271771",0,0,1
"880","P273712","P272243",0,0,1
"883","P273712","P332930",0,0,1
"884","P273712","P332934",0,0,1
"885","P273712","P332939",0,0,1
"888","P273712","P370399",0,0,1
"890","P273712","P389511",0,0,1
"891","P273712","P429503",0,0,1
"892","P273712","P429504",0,0,1
"893","P273712","P432448",0,0,1
"894","P273712","P437074",0,0,1
"895","P273712","P447996",0,0,1
"896","P273712","P459216",0,0,1
"897","P273712","P459217",0,0,1
"899","P273712","P459226",0,0,1
"900","P273712","P492330",0,0,1
"901","P273712","Q000001",0,0,1
"903","P273712","X100003",0,0,1
"913","P273880","P250736",0,0,1
"933","P273880","P389511",0,0,1
"935","P273880","P429504",0,0,1
"943","P273880","P492330",0,0,1
"944","P273880","Q000001",0,0,1
"947","P332930","P228096",0,0,1
"948","P332930","P228196",0,0,1
"952","P332930","P250361",0,0,1
"953","P332930","P250363",0,0,1
"954","P332930","P250364",0,0,1
"955","P332930","P250371",0,0,1
"956","P332930","P250736",0,0,1
"957","P332930","P253228",0,0,1
"958","P332930","P253233",0,0,1
"959","P332930","P253238",0,0,1
"960","P332930","P253245",0,0,1
"963","P332930","P271320",0,0,1
"964","P332930","P271771",0,0,1
"965","P332930","P271911",0,0,1
"966","P332930","P272243",0,0,1
"967","P332930","P273712",0,0,1
"971","P332930","P332939",0,0,1
"972","P332930","P346714",0,0,1
"973","P332930","P347814",0,0,1
"975","P332930","P388265",0,0,1
"976","P332930","P389511",0,0,1
"977","P332930","P429503",0,0,1
"978","P332930","P429504",0,0,1
"979","P332930","P432448",0,0,1
"980","P332930","P437074",0,0,1
"983","P332930","P459217",0,0,1
"984","P332930","P459218",0,0,1
"985","P332930","P459226",0,0,1
"986","P332930","P492330",0,0,1
"987","P332930","Q000001",0,0,1
"989","P332930","X100003",0,0,1
"990","P332934","P228096",0,0,1
"991","P332934","P228196",0,0,1
"992","P332934","P229426",0,0,1
"995","P332934","P250361",0,0,1
"996","P332934","P250363",0,0,1
"999","P332934","P250736",0,0,1
"1003","P332934","P253245",0,0,1
"1010","P332934","P273712",0,0,1
"1016","P332934","P347814",0,0,1
"1027","P332934","P459218",0,0,1
"1029","P332934","P492330",0,0,1
"1030","P332934","Q000001",0,0,1
"1033","P332939","P228096",0,0,1
"1034","P332939","P228196",0,0,1
"1035","P332939","P229426",0,0,1
"1038","P332939","P250361",0,0,1
"1039","P332939","P250363",0,0,1
"1041","P332939","P250371",0,0,1
"1042","P332939","P250736",0,0,1
"1052","P332939","P272243",0,0,1
"1053","P332939","P273712",0,0,1
"1055","P332939","P332930",0,0,1
"1058","P332939","P346714",0,0,1
"1059","P332939","P347814",0,0,1
"1064","P332939","P429504",0,0,1
"1066","P332939","P437074",0,0,1
"1070","P332939","P459218",0,0,1
"1072","P332939","P492330",0,0,1
"1073","P332939","Q000001",0,0,1
"1077","P346714","P228196",0,0,1
"1078","P346714","P229426",0,0,1
"1082","P346714","P250363",0,0,1
"1085","P346714","P250736",0,0,1
"1087","P346714","P253233",0,0,1
"1093","P346714","P271771",0,0,1
"1095","P346714","P272243",0,0,1
"1098","P346714","P332930",0,0,1
"1100","P346714","P332939",0,0,1
"1105","P346714","P389511",0,0,1
"1107","P346714","P429504",0,0,1
"1108","P346714","P432448",0,0,1
"1109","P346714","P437074",0,0,1
"1114","P346714","P459226",0,0,1
"1115","P346714","P492330",0,0,1
"1116","P346714","Q000001",0,0,1
"1118","P346714","X100003",0,0,1
"1119","P347814","P228096",0,0,1
"1121","P347814","P229426",0,0,1
"1122","P347814","P235262",0,0,1
"1124","P347814","P250361",0,0,1
"1127","P347814","P250371",0,0,1
"1128","P347814","P250736",0,0,1
"1130","P347814","P253233",0,0,1
"1131","P347814","P253238",0,0,1
"1135","P347814","P271320",0,0,1
"1136","P347814","P271771",0,0,1
"1138","P347814","P272243",0,0,1
"1141","P347814","P332930",0,0,1
"1142","P347814","P332934",0,0,1
"1143","P347814","P332939",0,0,1
"1148","P347814","P389511",0,0,1
"1149","P347814","P429503",0,0,1
"1150","P347814","P429504",0,0,1
"1151","P347814","P432448",0,0,1
"1153","P347814","P447996",0,0,1
"1154","P347814","P459216",0,0,1
"1155","P347814","P459217",0,0,1
"1157","P347814","P459226",0,0,1
"1158","P347814","P492330",0,0,1
"1159","P347814","Q000001",0,0,1
"1161","P347814","X100003",0,0,1
"1171","P370399","P250736",0,0,1
"1172","P370399","P253228",0,0,1
"1174","P370399","P253238",0,0,1
"1181","P370399","P272243",0,0,1
"1182","P370399","P273712",0,0,1
"1191","P370399","P389511",0,0,1
"1193","P370399","P429504",0,0,1
"1194","P370399","P432448",0,0,1
"1200","P370399","P459226",0,0,1
"1201","P370399","P492330",0,0,1
"1202","P370399","Q000001",0,0,1
"1204","P370399","X100003",0,0,1
"1206","P388265","P228196",0,0,1
"1207","P388265","P229426",0,0,1
"1213","P388265","P250371",0,0,1
"1227","P388265","P332930",0,0,1
"1244","P388265","P492330",0,0,1
"1245","P388265","Q000001",0,0,1
"1248","P389511","P228096",0,0,1
"1249","P389511","P228196",0,0,1
"1250","P389511","P229426",0,0,1
"1251","P389511","P235262",0,0,1
"1253","P389511","P250361",0,0,1
"1254","P389511","P250363",0,0,1
"1255","P389511","P250364",0,0,1
"1256","P389511","P250371",0,0,1
"1257","P389511","P250736",0,0,1
"1261","P389511","P253245",0,0,1
"1262","P389511","P253866",0,0,1
"1264","P389511","P271320",0,0,1
"1266","P389511","P271911",0,0,1
"1267","P389511","P272243",0,0,1
"1268","P389511","P273712",0,0,1
"1269","P389511","P273880",0,0,1
"1270","P389511","P332930",0,0,1
"1273","P389511","P346714",0,0,1
"1274","P389511","P347814",0,0,1
"1275","P389511","P370399",0,0,1
"1279","P389511","P429504",0,0,1
"1281","P389511","P437074",0,0,1
"1285","P389511","P459218",0,0,1
"1287","P389511","P492330",0,0,1
"1288","P389511","Q000001",0,0,1
"1291","P429503","P228096",0,0,1
"1292","P429503","P228196",0,0,1
"1293","P429503","P229426",0,0,1
"1296","P429503","P250361",0,0,1
"1297","P429503","P250363",0,0,1
"1299","P429503","P250371",0,0,1
"1300","P429503","P250736",0,0,1
"1310","P429503","P272243",0,0,1
"1311","P429503","P273712",0,0,1
"1313","P429503","P332930",0,0,1
"1317","P429503","P347814",0,0,1
"1322","P429503","P429504",0,0,1
"1328","P429503","P459218",0,0,1
"1330","P429503","P492330",0,0,1
"1331","P429503","Q000001",0,0,1
"1334","P429504","P228096",0,0,1
"1335","P429504","P228196",0,0,1
"1336","P429504","P229426",0,0,1
"1337","P429504","P235262",0,0,1
"1340","P429504","P250363",0,0,1
"1341","P429504","P250364",0,0,1
"1342","P429504","P250371",0,0,1
"1343","P429504","P250736",0,0,1
"1346","P429504","P253238",0,0,1
"1347","P429504","P253245",0,0,1
"1351","P429504","P271771",0,0,1
"1352","P429504","P271911",0,0,1
"1353","P429504","P272243",0,0,1
"1354","P429504","P273712",0,0,1
"1355","P429504","P273880",0,0,1
"1356","P429504","P332930",0,0,1
"1358","P429504","P332939",0,0,1
"1359","P429504","P346714",0,0,1
"1360","P429504","P347814",0,0,1
"1361","P429504","P370399",0,0,1
"1363","P429504","P389511",0,0,1
"1364","P429504","P429503",0,0,1
"1366","P429504","P432448",0,0,1
"1368","P429504","P447996",0,0,1
"1369","P429504","P459216",0,0,1
"1371","P429504","P459218",0,0,1
"1372","P429504","P459226",0,0,1
"1373","P429504","P492330",0,0,1
"1374","P429504","Q000001",0,0,1
"1376","P429504","X100003",0,0,1
"1377","P432448","P228096",0,0,1
"1378","P432448","P228196",0,0,1
"1379","P432448","P229426",0,0,1
"1382","P432448","P250361",0,0,1
"1383","P432448","P250363",0,0,1
"1384","P432448","P250364",0,0,1
"1385","P432448","P250371",0,0,1
"1386","P432448","P250736",0,0,1
"1389","P432448","P253238",0,0,1
"1390","P432448","P253245",0,0,1
"1391","P432448","P253866",0,0,1
"1393","P432448","P271320",0,0,1
"1394","P432448","P271771",0,0,1
"1395","P432448","P271911",0,0,1
"1396","P432448","P272243",0,0,1
"1397","P432448","P273712",0,0,1
"1399","P432448","P332930",0,0,1
"1402","P432448","P346714",0,0,1
"1403","P432448","P347814",0,0,1
"1404","P432448","P370399",0,0,1
"1408","P432448","P429504",0,0,1
"1410","P432448","P437074",0,0,1
"1414","P432448","P459218",0,0,1
"1416","P432448","P492330",0,0,1
"1417","P432448","Q000001",0,0,1
"1420","P437074","P228096",0,0,1
"1421","P437074","P228196",0,0,1
"1422","P437074","P229426",0,0,1
"1426","P437074","P250363",0,0,1
"1427","P437074","P250364",0,0,1
"1428","P437074","P250371",0,0,1
"1429","P437074","P250736",0,0,1
"1432","P437074","P253238",0,0,1
"1438","P437074","P271911",0,0,1
"1439","P437074","P272243",0,0,1
"1440","P437074","P273712",0,0,1
"1442","P437074","P332930",0,0,1
"1444","P437074","P332939",0,0,1
"1445","P437074","P346714",0,0,1
"1449","P437074","P389511",0,0,1
"1452","P437074","P432448",0,0,1
"1457","P437074","P459218",0,0,1
"1458","P437074","P459226",0,0,1
"1459","P437074","P492330",0,0,1
"1460","P437074","Q000001",0,0,1
"1462","P437074","X100003",0,0,1
"1463","P447996","P228096",0,0,1
"1468","P447996","P250361",0,0,1
"1469","P447996","P250363",0,0,1
"1471","P447996","P250371",0,0,1
"1472","P447996","P250736",0,0,1
"1476","P447996","P253245",0,0,1
"1479","P447996","P271320",0,0,1
"1481","P447996","P271911",0,0,1
"1483","P447996","P273712",0,0,1
"1489","P447996","P347814",0,0,1
"1494","P447996","P429504",0,0,1
"1500","P447996","P459218",0,0,1
"1502","P447996","P492330",0,0,1
"1503","P447996","Q000001",0,0,1
"1506","P459216","P228096",0,0,1
"1507","P459216","P228196",0,0,1
"1511","P459216","P250361",0,0,1
"1512","P459216","P250363",0,0,1
"1514","P459216","P250371",0,0,1
"1515","P459216","P250736",0,0,1
"1524","P459216","P271911",0,0,1
"1525","P459216","P272243",0,0,1
"1526","P459216","P273712",0,0,1
"1532","P459216","P347814",0,0,1
"1537","P459216","P429504",0,0,1
"1543","P459216","P459218",0,0,1
"1545","P459216","P492330",0,0,1
"1546","P459216","Q000001",0,0,1
"1550","P459217","P228196",0,0,1
"1551","P459217","P229426",0,0,1
"1554","P459217","P250361",0,0,1
"1555","P459217","P250363",0,0,1
"1557","P459217","P250371",0,0,1
"1558","P459217","P250736",0,0,1
"1562","P459217","P253245",0,0,1
"1568","P459217","P272243",0,0,1
"1569","P459217","P273712",0,0,1
"1571","P459217","P332930",0,0,1
"1575","P459217","P347814",0,0,1
"1586","P459217","P459218",0,0,1
"1588","P459217","P492330",0,0,1
"1589","P459217","Q000001",0,0,1
"1593","P459218","P228196",0,0,1
"1594","P459218","P229426",0,0,1
"1600","P459218","P250371",0,0,1
"1601","P459218","P250736",0,0,1
"1603","P459218","P253233",0,0,1
"1604","P459218","P253238",0,0,1
"1608","P459218","P271320",0,0,1
"1609","P459218","P271771",0,0,1
"1611","P459218","P272243",0,0,1
"1614","P459218","P332930",0,0,1
"1615","P459218","P332934",0,0,1
"1616","P459218","P332939",0,0,1
"1621","P459218","P389511",0,0,1
"1622","P459218","P429503",0,0,1
"1623","P459218","P429504",0,0,1
"1624","P459218","P432448",0,0,1
"1625","P459218","P437074",0,0,1
"1626","P459218","P447996",0,0,1
"1627","P459218","P459216",0,0,1
"1628","P459218","P459217",0,0,1
"1630","P459218","P459226",0,0,1
"1631","P459218","P492330",0,0,1
"1632","P459218","Q000001",0,0,1
"1634","P459218","X100003",0,0,1
"1635","P459226","P228096",0,0,1
"1636","P459226","P228196",0,0,1
"1637","P459226","P229426",0,0,1
"1640","P459226","P250361",0,0,1
"1641","P459226","P250363",0,0,1
"1642","P459226","P250364",0,0,1
"1643","P459226","P250371",0,0,1
"1644","P459226","P250736",0,0,1
"1648","P459226","P253245",0,0,1
"1649","P459226","P253866",0,0,1
"1651","P459226","P271320",0,0,1
"1652","P459226","P271771",0,0,1
"1653","P459226","P271911",0,0,1
"1654","P459226","P272243",0,0,1
"1655","P459226","P273712",0,0,1
"1657","P459226","P332930",0,0,1
"1660","P459226","P346714",0,0,1
"1661","P459226","P347814",0,0,1
"1662","P459226","P370399",0,0,1
"1666","P459226","P429504",0,0,1
"1668","P459226","P437074",0,0,1
"1672","P459226","P459218",0,0,1
"1674","P459226","P492330",0,0,1
"1675","P459226","Q000001",0,0,1
"1678","P492330","P228096",0,0,1
"1679","P492330","P228196",0,0,1
"1680","P492330","P229426",0,0,1
"1681","P492330","P235262",0,0,1
"1682","P492330","P247864",0,0,1
"1683","P492330","P250361",0,0,1
"1684","P492330","P250363",0,0,1
"1685","P492330","P250364",0,0,1
"1686","P492330","P250371",0,0,1
"1687","P492330","P250736",0,0,1
"1688","P492330","P253228",0,0,1
"1689","P492330","P253233",0,0,1
"1690","P492330","P253238",0,0,1
"1691","P492330","P253245",0,0,1
"1692","P492330","P253866",0,0,1
"1693","P492330","P271301",0,0,1
"1694","P492330","P271320",0,0,1
"1695","P492330","P271771",0,0,1
"1696","P492330","P271911",0,0,1
"1697","P492330","P272243",0,0,1
"1698","P492330","P273712",0,0,1
"1699","P492330","P273880",0,0,1
"1700","P492330","P332930",0,0,1
"1701","P492330","P332934",0,0,1
"1702","P492330","P332939",0,0,1
"1703","P492330","P346714",0,0,1
"1704","P492330","P347814",0,0,1
"1705","P492330","P370399",0,0,1
"1706","P492330","P388265",0,0,1
"1707","P492330","P389511",0,0,1
"1708","P492330","P429503",0,0,1
"1709","P492330","P429504",0,0,1
"1710","P492330","P432448",0,0,1
"1711","P492330","P437074",0,0,1
"1712","P492330","P447996",0,0,1
"1713","P492330","P459216",0,0,1
"1714","P492330","P459217",0,0,1
"1715","P492330","P459218",0,0,1
"1716","P492330","P459226",0,0,1
"1718","P492330","Q000001",0,0,1
"1720","P492330","X100003",0,0,1
"1721","Q000001","P228096",0,0,1
"1722","Q000001","P228196",0,0,1
"1723","Q000001","P229426",0,0,1
"1724","Q000001","P235262",0,0,1
"1725","Q000001","P247864",0,0,1
"1726","Q000001","P250361",0,0,1
"1727","Q000001","P250363",0,0,1
"1728","Q000001","P250364",0,0,1
"1729","Q000001","P250371",0,0,1
"1730","Q000001","P250736",0,0,1
"1731","Q000001","P253228",0,0,1
"1732","Q000001","P253233",0,0,1
"1733","Q000001","P253238",0,0,1
"1734","Q000001","P253245",0,0,1
"1735","Q000001","P253866",0,0,1
"1736","Q000001","P271301",0,0,1
"1737","Q000001","P271320",0,0,1
"1738","Q000001","P271771",0,0,1
"1740","Q000001","P272243",0,0,1
"1741","Q000001","P273712",0,0,1
"1742","Q000001","P273880",0,0,1
"1743","Q000001","P332930",0,0,1
"1744","Q000001","P332934",0,0,1
"1745","Q000001","P332939",0,0,1
"1746","Q000001","P346714",0,0,1
"1747","Q000001","P347814",0,0,1
"1748","Q000001","P370399",0,0,1
"1749","Q000001","P388265",0,0,1
"1750","Q000001","P389511",0,0,1
"1751","Q000001","P429503",0,0,1
"1752","Q000001","P429504",0,0,1
"1753","Q000001","P432448",0,0,1
"1754","Q000001","P437074",0,0,1
"1755","Q000001","P447996",0,0,1
"1756","Q000001","P459216",0,0,1
"1757","Q000001","P459217",0,0,1
"1758","Q000001","P459218",0,0,1
"1759","Q000001","P459226",0,0,1
"1760","Q000001","P492330",0,0,1
"1763","Q000001","X100003",0,0,1
"1807","X100003","P228096",0,0,1
"1808","X100003","P228196",0,0,1
"1809","X100003","P229426",0,0,1
"1812","X100003","P250361",0,0,1
"1813","X100003","P250363",0,0,1
"1814","X100003","P250364",0,0,1
"1815","X100003","P250371",0,0,1
"1816","X100003","P250736",0,0,1
"1819","X100003","P253238",0,0,1
"1820","X100003","P253245",0,0,1
"1821","X100003","P253866",0,0,1
"1823","X100003","P271320",0,0,1
"1824","X100003","P271771",0,0,1
"1825","X100003","P271911",0,0,1
"1826","X100003","P272243",0,0,1
"1827","X100003","P273712",0,0,1
"1829","X100003","P332930",0,0,1
"1832","X100003","P346714",0,0,1
"1833","X100003","P347814",0,0,1
"1834","X100003","P370399",0,0,1
"1838","X100003","P429504",0,0,1
"1840","X100003","P437074",0,0,1
"1844","X100003","P459218",0,0,1
"1846","X100003","P492330",0,0,1
"1847","X100003","Q000001",0,0,1
